BKDUR,BKID,BKPMIN,BPOGV,BPOGX,BPOGY,CS,CX,CY,FPOGD,FPOGID,FPOGS,FPOGV,FPOGX,FPOGY,LEYEX,LEYEY,LEYEZ,LPCX,LPCY,LPD,LPOGV,LPOGX,LPOGY,LPS,LPUPILD,LPUPILV,LPV,REYEX,REYEY,REYEZ,RPCX,RPCY,RPD,RPOGV,RPOGX,RPOGY,RPS,RPUPILD,RPUPILV,RPV,participant_id,question_id,part,is_valid,AOI,randomness_label,randomness_label_num
0.0,0,37,1,0.94717,0.81669,3,0.95938,0.85648,0.38867,8052,3420.09888,1,0.96139,0.84325,0.00556,0.00504,0.62281,0.53029,0.47065,14.90247,1,0.92485,0.8041,1.30115,0.00347,1,1,0.06784,-0.00218,0.61844,0.79343,0.5086,18.90292,1,0.96948,0.82928,1.30115,0.00387,1,1,participant_9,question_14,Timer-Correct,True,Submit,NOT_RANDOM,0
0.0,0,37,1,0.83493,0.50265,0,0.95938,0.85648,0.57617,8052,3420.09888,0,0.89677,0.65252,0.00599,0.00551,0.64409,0.52961,0.46658,14.12306,1,0.84525,0.49998,1.33099,0.00341,1,1,0.06732,-0.00198,0.61331,0.79147,0.50387,17.37279,1,0.82462,0.50532,1.32283,0.00395,1,1,participant_9,question_14,Timer-Correct,True,Other,NOT_RANDOM,0
0.0,0,37,1,0.83133,0.50979,0,0.95938,0.85648,0.57617,8052,3420.09888,0,0.87496,0.60494,0.00563,0.00592,0.63647,0.52822,0.46292,14.80799,1,0.84058,0.50939,1.31276,0.00343,1,1,0.06793,-0.00131,0.62439,0.78948,0.5002,17.88642,1,0.82209,0.51018,1.31276,0.0038,1,1,participant_9,question_14,Timer-Correct,True,Other,NOT_RANDOM,0
0.0,0,37,1,0.76645,0.27261,0,0.95938,0.85648,0.57617,8052,3420.09888,0,0.81091,0.42835,0.00563,0.00592,0.63647,0.52739,0.4622,14.15568,1,0.76955,0.28784,1.31276,0.00359,1,1,0.06793,-0.00131,0.62439,0.78806,0.4988,18.2137,1,0.76336,0.25738,1.32091,0.00392,1,1,participant_9,question_14,Timer-Correct,True,Other,NOT_RANDOM,0
0.0,0,37,1,0.70766,0.24281,0,0.95938,0.85648,0.57617,8052,3420.09888,0,0.75928,0.33558,0.00563,0.00592,0.63647,0.52681,0.46169,13.85231,1,0.69532,0.28801,1.32091,0.0036,1,1,0.06793,-0.00131,0.62439,0.78759,0.49798,18.9285,1,0.71999,0.1976,1.32906,0.00392,1,1,participant_9,question_14,Timer-Correct,True,Question,NOT_RANDOM,0
0.0,0,37,1,0.70967,0.23387,0,0.95938,0.85648,0.57617,8052,3420.09888,0,0.74274,0.30168,0.00563,0.00592,0.63647,0.52608,0.45715,14.32193,1,0.69652,0.28249,1.32906,0.0028,1,1,0.06925,-0.00091,0.64052,0.78607,0.4958,18.06626,1,0.72282,0.18525,1.34627,0.00422,1,1,participant_9,question_14,Timer-Correct,True,Question,NOT_RANDOM,0
0.0,0,37,1,0.70241,0.08543,0,0.95938,0.85648,0.57617,8052,3420.09888,0,0.70658,0.18737,0.00563,0.00592,0.63647,0.52559,0.45632,13.90097,1,0.72258,0.07052,1.34627,0.00288,1,1,0.06925,-0.00091,0.64052,0.78538,0.49419,17.77188,1,0.68225,0.10034,1.35532,0.00439,1,1,participant_9,question_14,Timer-Correct,True,Question,NOT_RANDOM,0
0.0,0,37,1,0.67422,0.0529,0,0.95938,0.85648,0.57617,8052,3420.09888,0,0.6904,0.12014,0.00563,0.00592,0.63647,0.52541,0.45616,13.84319,1,0.70435,0.03946,1.35532,0.00282,1,1,0.06925,-0.00091,0.64052,0.78502,0.49406,17.85282,1,0.64408,0.06635,1.36438,0.00395,1,1,participant_9,question_14,Timer-Correct,True,Question,NOT_RANDOM,0
0.0,0,37,1,0.67373,0.05646,0,0.95938,0.85648,0.57617,8052,3420.09888,0,0.68484,0.09891,0.00563,0.00592,0.63647,0.52439,0.45463,13.9906,1,0.70436,0.03942,1.35536,0.00288,1,1,0.06759,-0.00061,0.62728,0.78428,0.49309,17.59883,1,0.64311,0.07349,1.35536,0.00409,1,1,participant_9,question_14,Timer-Correct,True,Question,NOT_RANDOM,0
0.0,0,37,1,0.66784,0.02626,0,0.95938,0.85648,0.57617,8052,3420.09888,0,0.67193,0.04521,0.00563,0.00592,0.63647,0.52414,0.45449,14.1746,1,0.6995,0.00248,1.34635,0.00283,1,1,0.06759,-0.00061,0.62728,0.78397,0.49272,17.91687,1,0.63619,0.05004,1.33729,0.00449,1,1,participant_9,question_14,Timer-Correct,True,Question,NOT_RANDOM,0
0.0,0,37,1,0.66738,0.03053,0,0.95938,0.85648,0.57617,8052,3420.09888,0,0.66966,0.03787,0.00563,0.00592,0.63647,0.52406,0.4545,13.98941,1,0.69825,0.00446,1.32828,0.00288,1,1,0.06759,-0.00061,0.62728,0.78387,0.49312,17.86198,1,0.63652,0.05659,1.31922,0.00444,1,1,participant_9,question_14,Timer-Correct,True,Question,NOT_RANDOM,0
0.0,0,37,1,0.66673,0.03457,0,0.95938,0.85648,0.57617,8052,3420.09888,0,0.66868,0.03677,0.00486,0.00663,0.63588,0.52355,0.45446,14.34913,1,0.69694,0.01255,1.31922,0.00285,1,1,0.06902,-0.00062,0.64101,0.78387,0.49312,17.86198,1,0.63652,0.05659,1.31922,0.00443,1,1,participant_9,question_14,Timer-Correct,True,Question,NOT_RANDOM,0
0.0,0,37,1,0.6733,0.02715,0,0.95938,0.85648,0.02051,8053,3420.74121,1,0.66984,0.03436,0.00486,0.00663,0.63588,0.52334,0.4544,14.4128,1,0.68288,0.00642,1.32824,0.00282,1,1,0.06902,-0.00062,0.64101,0.78378,0.49306,18.1455,1,0.66373,0.04787,1.33729,0.0042,1,1,participant_9,question_14,Timer-Correct,True,Question,NOT_RANDOM,0
0.0,0,37,1,0.68209,0.00032,0,0.95938,0.85648,0.02759,8053,3420.74121,1,0.67229,0.02755,0.00486,0.00663,0.63588,0.52331,0.45443,14.25887,1,0.69749,-0.01812,1.34631,0.00284,1,1,0.06902,-0.00062,0.64101,0.78374,0.49309,17.98408,1,0.66669,0.01876,1.35536,0.00419,1,1,participant_9,question_14,Timer-Correct,True,Other,NOT_RANDOM,0
0.0,0,37,1,0.68328,-0.00754,0,0.95938,0.85648,0.03442,8053,3420.74121,1,0.67412,0.0217,0.00459,0.0065,0.61869,0.52303,0.45427,14.10417,1,0.69878,-0.02626,1.35536,0.00283,1,1,0.06902,-0.00062,0.64101,0.78374,0.49309,17.98408,1,0.66778,0.01117,1.36442,0.00418,1,1,participant_9,question_14,Timer-Correct,True,Other,NOT_RANDOM,0
0.0,0,37,1,0.67209,0.00805,0,0.95938,0.85648,0.04102,8053,3420.74121,1,0.67383,0.01975,0.00459,0.0065,0.61869,0.52281,0.45417,14.10239,1,0.69586,0.01289,1.3554,0.00282,1,1,0.06902,-0.00062,0.64101,0.78388,0.49247,17.9199,1,0.64833,0.00322,1.3554,0.00436,1,1,participant_9,question_14,Timer-Correct,True,Other,NOT_RANDOM,0
0.0,0,37,1,0.66828,0.03439,0,0.95938,0.85648,0.04761,8053,3420.74121,1,0.67313,0.02158,0.00459,0.0065,0.61869,0.5228,0.45418,14.12862,1,0.69267,0.01254,1.34639,0.00282,1,1,0.06902,-0.00062,0.64101,0.78372,0.49284,17.98297,1,0.64389,0.05623,1.34639,0.00418,1,1,participant_9,question_14,Timer-Correct,True,Question,NOT_RANDOM,0
0.0,0,37,1,0.66716,0.04198,0,0.95938,0.85648,0.0542,8053,3420.74121,1,0.67247,0.02385,0.00455,0.00657,0.62555,0.5225,0.45404,14.16885,1,0.69142,0.02042,1.33737,0.00282,1,1,0.0687,-0.00058,0.63893,0.78335,0.49252,17.415,1,0.6429,0.06354,1.33737,0.00424,1,1,participant_9,question_14,Timer-Correct,True,Question,NOT_RANDOM,0
0.0,0,37,1,0.6603,0.0599,0,0.95938,0.85648,0.06104,8053,3420.74121,1,0.67125,0.02745,0.00455,0.00657,0.62555,0.52235,0.45396,14.10281,1,0.68752,0.0142,1.33737,0.00284,1,1,0.0687,-0.00058,0.63893,0.78319,0.49261,18.10503,1,0.63309,0.10559,1.33737,0.00411,1,1,participant_9,question_14,Timer-Correct,True,Question,NOT_RANDOM,0
0.0,0,37,1,0.66499,0.04131,0,0.95938,0.85648,0.06787,8053,3420.74121,1,0.67069,0.02871,0.00455,0.00657,0.62555,0.52232,0.45395,14.05333,1,0.70217,-0.00684,1.33737,0.00286,1,1,0.0687,-0.00058,0.63893,0.78322,0.49244,17.91342,1,0.62782,0.08945,1.33737,0.00416,1,1,participant_9,question_14,Timer-Correct,True,Question,NOT_RANDOM,0
0.0,0,37,1,0.66565,0.03729,0,0.95938,0.85648,0.07471,8053,3420.74121,1,0.67027,0.02943,0.00454,0.00677,0.64473,0.52197,0.4538,14.4128,1,0.70349,-0.01491,1.34639,0.00281,1,1,0.06667,-0.00056,0.62052,0.78306,0.49242,17.67304,1,0.62782,0.08949,1.33733,0.00409,1,1,participant_9,question_14,Timer-Correct,True,Question,NOT_RANDOM,0
0.0,0,37,1,0.66143,0.0573,0,0.95938,0.85648,0.0813,8053,3420.74121,1,0.66959,0.03157,0.00454,0.00677,0.64473,0.52185,0.45385,14.22946,1,0.68459,0.03273,1.34635,0.00285,1,1,0.06667,-0.00056,0.62052,0.78308,0.49254,17.55021,1,0.63827,0.08186,1.33729,0.0041,1,1,participant_9,question_14,Timer-Correct,True,Question,NOT_RANDOM,0
0.0,0,37,1,0.66783,0.04646,0,0.95938,0.85648,0.08862,8053,3420.74121,1,0.66946,0.03264,0.00454,0.00677,0.64473,0.52172,0.4539,14.05313,1,0.67822,0.01964,1.34631,0.00281,1,1,0.06667,-0.00056,0.62052,0.7831,0.49239,17.6988,1,0.65745,0.07329,1.33725,0.00401,1,1,participant_9,question_14,Timer-Correct,True,Question,NOT_RANDOM,0
0.0,0,37,1,0.66624,0.05717,0,0.95938,0.85648,0.09619,8053,3420.74121,1,0.66925,0.03427,0.00421,0.0065,0.60995,0.52156,0.45375,14.02201,1,0.676,0.03453,1.32914,0.00282,1,1,0.06781,-0.00057,0.63156,0.78282,0.49248,18.6154,1,0.65648,0.07981,1.32914,0.00403,1,1,participant_9,question_14,Timer-Correct,True,Question,NOT_RANDOM,0
0.0,0,37,1,0.66712,0.04392,0,0.95938,0.85648,0.10254,8053,3420.74121,1,0.66911,0.03487,0.00421,0.0065,0.60995,0.52139,0.45377,14.09492,1,0.69947,0.02215,1.31201,0.00282,1,1,0.06781,-0.00057,0.63156,0.78278,0.4925,18.13838,1,0.63476,0.0657,1.32106,0.00411,1,1,participant_9,question_14,Timer-Correct,True,Question,NOT_RANDOM,0
0.0,0,37,1,0.66021,0.05323,0,0.95938,0.85648,0.11011,8053,3420.74121,1,0.66859,0.03595,0.00421,0.0065,0.60995,0.52127,0.45367,13.97822,1,0.69227,0.0447,1.30393,0.00288,1,1,0.06781,-0.00057,0.63156,0.78304,0.49237,18.1415,1,0.62816,0.06176,1.31299,0.00416,1,1,participant_9,question_14,Timer-Correct,True,Question,NOT_RANDOM,0
0.0,0,37,1,0.66132,0.04552,0,0.95938,0.85648,0.11475,8053,3420.74121,1,0.66819,0.03649,0.00429,0.00681,0.63519,0.52095,0.45347,14.25031,1,0.69357,0.03675,1.31299,0.00283,1,1,0.06781,-0.00047,0.63243,0.7828,0.49212,17.49131,1,0.62908,0.05429,1.32205,0.00422,1,1,participant_9,question_14,Timer-Correct,True,Question,NOT_RANDOM,0
0.0,0,37,1,0.65848,0.01797,0,0.95938,0.85648,0.12158,8053,3420.74121,1,0.66767,0.03551,0.00429,0.00681,0.63519,0.521,0.45347,14.2753,1,0.6786,0.00705,1.33918,0.00281,1,1,0.06781,-0.00047,0.63243,0.78262,0.49173,17.43272,1,0.63836,0.02888,1.33918,0.00403,1,1,participant_9,question_14,Timer-Correct,True,Other,NOT_RANDOM,0
0.0,0,37,1,0.66856,-0.00405,0,0.95938,0.85648,0.12817,8053,3420.74121,1,0.66772,0.03353,0.00429,0.00681,0.63519,0.52099,0.4535,14.13148,1,0.69643,-0.02385,1.35631,0.00283,1,1,0.06781,-0.00047,0.63243,0.78232,0.49214,17.38246,1,0.64068,0.01575,1.35631,0.00422,1,1,participant_9,question_14,Timer-Correct,True,Other,NOT_RANDOM,0
0.0,0,37,1,0.66908,-0.00729,0,0.95938,0.85648,0.13501,8053,3420.74121,1,0.66778,0.03159,0.00383,0.00634,0.58668,0.5207,0.4534,14.02089,1,0.69757,-0.03112,1.36442,0.00277,1,1,0.06829,-0.00043,0.6374,0.78228,0.49189,17.81158,1,0.64058,0.01654,1.35536,0.00428,1,1,participant_9,question_14,Timer-Correct,True,Other,NOT_RANDOM,0
0.0,0,37,1,0.66365,0.02723,0,0.95938,0.85648,0.1416,8053,3420.74121,1,0.6676,0.03139,0.00383,0.00634,0.58668,0.52062,0.45336,13.92452,1,0.7014,0.02799,1.34635,0.00282,1,1,0.06829,-0.00043,0.6374,0.78244,0.49136,17.39658,1,0.6259,0.02647,1.33729,0.00437,1,1,participant_9,question_14,Timer-Correct,True,Question,NOT_RANDOM,0
0.0,0,37,1,0.66646,0.05627,0,0.95938,0.85648,0.14844,8053,3420.74121,1,0.66755,0.03247,0.00383,0.00634,0.58668,0.52049,0.45335,14.04057,1,0.69138,0.04166,1.32828,0.00282,1,1,0.06829,-0.00043,0.6374,0.78243,0.49129,17.14148,1,0.64154,0.07088,1.31922,0.00445,1,1,participant_9,question_14,Timer-Correct,True,Question,NOT_RANDOM,0
0.0,0,37,1,0.6647,0.06774,0,0.95938,0.85648,0.15479,8053,3420.74121,1,0.66743,0.03394,0.00398,0.00675,0.62494,0.52021,0.4532,13.87531,1,0.68885,0.05726,1.3102,0.00283,1,1,0.0688,-0.00039,0.64261,0.78221,0.49079,17.56024,1,0.64055,0.07823,1.3102,0.00448,1,1,participant_9,question_14,Timer-Correct,True,Question,NOT_RANDOM,0
0.0,0,37,1,0.66325,0.07307,0,0.95938,0.85648,0.16138,8053,3420.74121,1,0.66726,0.03551,0.00398,0.00675,0.62494,0.52019,0.45329,14.18124,1,0.69444,0.04163,1.3102,0.00278,1,1,0.0688,-0.00039,0.64261,0.78173,0.49131,17.19235,1,0.63206,0.1045,1.31926,0.00418,1,1,participant_9,question_14,Timer-Correct,True,Question,NOT_RANDOM,0
0.0,0,37,1,0.66128,0.07304,0,0.95938,0.85648,0.16846,8053,3420.74121,1,0.66703,0.03695,0.00398,0.00675,0.62494,0.52011,0.45319,14.31577,1,0.69049,0.04304,1.31926,0.00281,1,1,0.0688,-0.00039,0.64261,0.78168,0.49154,17.23678,1,0.63207,0.10304,1.32832,0.00408,1,1,participant_9,question_14,Timer-Correct,True,Question,NOT_RANDOM,0
0.0,0,37,1,0.66192,0.06911,0,0.95938,0.85648,0.17505,8053,3420.74121,1,0.66684,0.03814,0.00398,0.00675,0.62494,0.52019,0.45306,13.96003,1,0.69176,0.03517,1.32832,0.0028,1,1,0.06638,-0.00037,0.62041,0.78188,0.49123,17.57608,1,0.63207,0.10304,1.32832,0.00413,1,1,participant_9,question_14,Timer-Correct,True,Question,NOT_RANDOM,0
0.0,0,37,1,0.71515,0.01999,0,0.95938,0.85648,0.18188,8053,3420.74121,1,0.66857,0.03749,0.00398,0.00675,0.62494,0.5209,0.45298,14.11795,1,0.71813,-0.01727,1.32832,0.00277,1,1,0.06638,-0.00037,0.62041,0.78317,0.4901,17.1126,1,0.71218,0.05725,1.31926,0.00351,1,1,participant_9,question_14,Timer-Correct,True,Other,NOT_RANDOM,0
0.0,0,37,1,0.74996,0.00678,0,0.95938,0.85648,0.18848,8053,3420.74121,1,0.67137,0.03643,0.00398,0.00675,0.62494,0.5213,0.45297,13.56347,1,0.76118,-0.02021,1.31926,0.00279,1,1,0.06638,-0.00037,0.62041,0.78373,0.48989,16.77645,1,0.73873,0.03376,1.3102,0.00366,1,1,participant_9,question_14,Timer-Correct,True,Other,NOT_RANDOM,0
0.0,0,37,1,0.74995,0.00681,0,0.95938,0.85648,0.19507,8053,3420.74121,1,0.67399,0.03545,0.00467,0.00687,0.63615,0.52412,0.45291,13.91088,1,0.76118,-0.02017,1.31922,0.00276,1,1,0.06728,-0.00033,0.62615,0.78562,0.48962,16.5732,1,0.73873,0.0338,1.31016,0.00354,1,1,participant_9,question_14,Timer-Correct,True,Other,NOT_RANDOM,0
0.0,0,37,1,0.83924,-0.00309,0,0.95938,0.85648,0.20264,8053,3420.74121,1,0.67932,0.0342,0.00467,0.00687,0.63615,0.52566,0.45281,13.8717,1,0.863,-0.02782,1.31918,0.00278,1,1,0.06728,-0.00033,0.62615,0.78715,0.48952,16.54288,1,0.81549,0.02164,1.31918,0.00367,1,1,participant_9,question_14,Timer-Correct,True,Other,NOT_RANDOM,0
0.0,0,37,1,0.87,-0.03567,0,0.95938,0.85648,0.20264,8053,3420.74121,0,0.71455,0.0295,0.00467,0.00687,0.63615,0.52586,0.45282,13.49398,1,0.87829,-0.02768,1.3282,0.00272,1,1,0.06728,-0.00033,0.62615,0.78758,0.48959,16.29849,1,0.8617,-0.04366,1.3282,0.00359,1,1,participant_9,question_14,Timer-Correct,True,Other,NOT_RANDOM,0
0.0,0,37,1,0.86521,-0.01782,0,0.95938,0.85648,0.20264,8053,3420.74121,0,0.78988,0.00584,0.0048,0.0066,0.61578,0.52758,0.45278,14.0947,1,0.87609,-0.0201,1.32008,0.00284,1,1,0.06202,-0.00039,0.57525,0.78864,0.48949,16.24819,1,0.85433,-0.01554,1.29785,0.00356,1,1,participant_9,question_14,Timer-Correct,True,Other,NOT_RANDOM,0
0.0,0,37,1,0.8667,0.01761,0,0.95938,0.85648,0.20264,8053,3420.74121,0,0.81549,0.00976,0.0048,0.0066,0.61578,0.52766,0.45282,13.86666,1,0.87513,0.01176,1.28072,0.00286,1,1,0.06202,-0.00039,0.57525,0.78899,0.48961,16.20842,1,0.85826,0.02346,1.25849,0.00354,1,1,participant_9,question_14,Timer-Correct,True,Other,NOT_RANDOM,0
0.0,0,37,1,0.86485,0.0463,0,0.95938,0.85648,0.20264,8053,3420.74121,0,0.86558,0.01537,0.0048,0.0066,0.61578,0.52753,0.45259,14.10358,1,0.87818,0.03506,1.24136,0.00284,1,1,0.06202,-0.00039,0.57525,0.78903,0.48961,16.10907,1,0.85152,0.05754,1.21914,0.00355,1,1,participant_9,question_14,Timer-Correct,True,Other,NOT_RANDOM,0
0.0,0,37,1,0.85387,0.08297,0,0.95938,0.85648,0.20264,8053,3420.74121,0,0.85973,0.04917,0.0048,0.00665,0.61578,0.52746,0.45264,14.30779,1,0.86667,0.07226,1.20201,0.00284,1,1,0.06202,-0.00039,0.57525,0.789,0.48962,16.20253,1,0.84108,0.09367,1.17978,0.00354,1,1,participant_9,question_14,Timer-Correct,True,Timer,NOT_RANDOM,0
0.0,0,37,1,0.85386,0.11548,0,0.95938,0.85648,0.20264,8053,3420.74121,0,0.85777,0.07127,0.0048,0.00665,0.61578,0.52731,0.45282,13.66779,1,0.87304,0.1401,1.17978,0.00283,1,1,0.06202,-0.00039,0.57525,0.78903,0.48961,16.10907,1,0.83468,0.09086,1.17978,0.00355,1,1,participant_9,question_14,Timer-Correct,True,Timer,NOT_RANDOM,0
0.0,0,37,1,0.85103,0.1031,0,0.95938,0.85648,0.01953,8054,3420.96997,1,0.85609,0.07923,0.0048,0.00665,0.61578,0.52711,0.45266,13.67602,1,0.87175,0.1316,1.17978,0.00286,1,1,0.06202,-0.00039,0.57525,0.78895,0.48953,16.17301,1,0.83031,0.0746,1.17978,0.00359,1,1,participant_9,question_14,Timer-Correct,True,Timer,NOT_RANDOM,0
0.0,0,37,1,0.85103,0.1031,0,0.95938,0.85648,0.02637,8054,3420.96997,1,0.85507,0.084,0.00458,0.0066,0.61082,0.52712,0.45275,13.84749,1,0.87175,0.1316,1.17978,0.00285,1,1,0.06202,-0.00039,0.57525,0.78884,0.48942,16.23129,1,0.83031,0.0746,1.17978,0.00351,1,1,participant_9,question_14,Timer-Correct,True,Timer,NOT_RANDOM,0
0.0,0,37,1,0.84989,0.10654,0,0.95938,0.85648,0.03296,8054,3420.96997,1,0.85421,0.08776,0.00458,0.0066,0.61082,0.52706,0.4526,13.75903,1,0.86689,0.12548,1.17978,0.00276,1,1,0.06202,-0.00039,0.57525,0.78884,0.48942,16.23129,1,0.8329,0.0876,1.17978,0.00351,1,1,participant_9,question_14,Timer-Correct,True,Timer,NOT_RANDOM,0
0.0,0,37,1,0.84477,0.09799,0,0.95938,0.85648,0.03979,8054,3420.96997,1,0.85286,0.08922,0.00458,0.0066,0.61082,0.52706,0.45259,13.79071,1,0.85761,0.12372,1.17978,0.00276,1,1,0.06202,-0.00039,0.57525,0.78875,0.4893,16.19224,1,0.83193,0.07227,1.17978,0.00354,1,1,participant_9,question_14,Timer-Correct,True,Timer,NOT_RANDOM,0
0.0,0,37,1,0.84564,0.09486,0,0.95938,0.85648,0.0481,8054,3420.96997,1,0.85196,0.08993,0.00458,0.0066,0.61082,0.52691,0.45259,13.62457,1,0.85761,0.12372,1.17978,0.00283,1,1,0.06402,-0.00031,0.59422,0.78872,0.48927,15.96235,1,0.83367,0.066,1.18648,0.00355,1,1,participant_9,question_14,Timer-Correct,True,Timer,NOT_RANDOM,0
0.0,0,37,1,0.84635,0.09576,0,0.95938,0.85648,0.05396,8054,3420.96997,1,0.85134,0.09058,0.00458,0.0066,0.61082,0.52684,0.45252,13.60443,1,0.8525,0.10772,1.18648,0.00286,1,1,0.06402,-0.00031,0.59422,0.78871,0.48931,16.0235,1,0.84019,0.08381,1.19319,0.00353,1,1,participant_9,question_14,Timer-Correct,True,Timer,NOT_RANDOM,0
0.0,0,37,1,0.84865,0.08905,0,0.95938,0.85648,0.0603,8054,3420.96997,1,0.85107,0.09042,0.00458,0.0066,0.61082,0.52687,0.45255,13.62051,1,0.86731,0.10161,1.19319,0.00285,1,1,0.06402,-0.00031,0.59422,0.78865,0.48925,15.83575,1,0.82998,0.0765,1.19989,0.00348,1,1,participant_9,question_14,Timer-Correct,True,Timer,NOT_RANDOM,0
0.0,0,37,1,0.85049,0.08288,0,0.95938,0.85648,0.06689,8054,3420.96997,1,0.85101,0.08974,0.00459,0.00666,0.61222,0.52662,0.45242,13.73551,1,0.8693,0.0954,1.19989,0.00276,1,1,0.06218,-0.00026,0.57716,0.78858,0.48918,16.00256,1,0.83168,0.07036,1.20659,0.00346,1,1,participant_9,question_14,Timer-Correct,True,Timer,NOT_RANDOM,0
0.0,0,37,1,0.85358,0.0685,0,0.95938,0.85648,0.07349,8054,3420.96997,1,0.85123,0.08797,0.00459,0.00666,0.61222,0.52655,0.45237,13.65475,1,0.88257,0.07694,1.20659,0.00282,1,1,0.06218,-0.00026,0.57716,0.78854,0.48909,15.97158,1,0.82458,0.06006,1.20659,0.00347,1,1,participant_9,question_14,Timer-Correct,True,Timer,NOT_RANDOM,0
0.0,0,37,1,0.84626,0.05585,0,0.95938,0.85648,0.08032,8054,3420.96997,1,0.85085,0.0855,0.00459,0.00666,0.61222,0.52642,0.45234,13.47392,1,0.8737,0.07071,1.20659,0.00282,1,1,0.06218,-0.00026,0.57716,0.78844,0.48896,15.7959,1,0.81882,0.04099,1.20659,0.00351,1,1,participant_9,question_14,Timer-Correct,True,Timer,NOT_RANDOM,0
0.0,0,37,1,0.84715,0.05238,0,0.95938,0.85648,0.08691,8054,3420.96997,1,0.85058,0.08313,0.00459,0.00666,0.61222,0.52626,0.45218,13.81131,1,0.8737,0.07071,1.20659,0.00276,1,1,0.06497,-0.00023,0.60342,0.78835,0.48884,15.85939,1,0.8206,0.03405,1.21397,0.00345,1,1,participant_9,question_14,Timer-Correct,True,Timer,NOT_RANDOM,0
0.0,0,37,1,0.85273,0.06127,0,0.95938,0.85648,0.09351,8054,3420.96997,1,0.85073,0.08168,0.00459,0.00666,0.61222,0.52627,0.45213,13.53133,1,0.8642,0.05857,1.21397,0.00279,1,1,0.06497,-0.00023,0.60342,0.78834,0.48868,16.07868,1,0.84126,0.06398,1.22134,0.00349,1,1,participant_9,question_14,Timer-Correct,True,Timer,NOT_RANDOM,0
0.0,0,37,1,0.8684,0.05024,0,0.95938,0.85648,0.10034,8054,3420.96997,1,0.85183,0.07971,0.00459,0.00666,0.61222,0.52614,0.45199,13.57182,1,0.88181,0.07297,1.22134,0.00281,1,1,0.06497,-0.00023,0.60342,0.78827,0.48855,16.08206,1,0.85498,0.0275,1.22872,0.00344,1,1,participant_9,question_14,Timer-Correct,True,Timer,NOT_RANDOM,0
0.0,0,37,1,0.86863,0.04996,0,0.95938,0.85648,0.10693,8054,3420.96997,1,0.85282,0.07796,0.0,0.0,0.0,0.52597,0.45188,13.61665,1,0.88402,0.06612,1.22872,0.00281,0,1,0.06238,-9e-05,0.58026,0.78816,0.48823,15.90768,1,0.85323,0.0338,1.22201,0.00349,1,1,participant_9,question_14,Timer-Correct,True,Other,NOT_RANDOM,0
0.0,0,37,1,0.85959,0.17837,0,0.95938,0.85648,0.11377,8054,3420.96997,1,0.85319,0.08354,0.0,0.0,0.0,0.52564,0.45212,11.94261,1,0.86925,0.17946,1.22201,0.00276,0,1,0.06238,-9e-05,0.58026,0.78795,0.48847,14.52745,1,0.84992,0.17727,1.20793,0.00334,1,1,participant_9,question_14,Timer-Correct,True,Other,NOT_RANDOM,0
0.0,0,37,1,0.84195,0.33244,0,0.95938,0.85648,0.12061,8054,3420.96997,1,0.8526,0.09664,0.0,0.0,0.0,0.52535,0.45363,7.05499,1,0.84195,0.33244,1.20793,0.00224,0,1,0.06238,-9e-05,0.58026,0.7875,0.4651,7.4878,0,0.84992,0.17727,1.19386,0.0022,1,1,participant_9,question_14,Timer-Correct,True,Other,NOT_RANDOM,0
0.0,0,37,0,0.84195,0.33244,0,0.95938,0.85648,0.12817,8054,3420.96997,1,0.8526,0.09664,0.0,0.0,0.0,0.52535,0.45363,7.05499,0,0.84195,0.33244,1.19386,0.00224,0,0,0.06238,-9e-05,0.58026,0.78744,0.4904,7.95257,0,0.84992,0.17727,1.18648,0.00262,1,1,participant_9,question_14,Timer-Correct,False,Other,NOT_RANDOM,0
0.0,0,37,0,0.84195,0.33244,0,0.95938,0.85648,0.13379,8054,3420.96997,1,0.8526,0.09664,0.0,0.0,0.0,0.52535,0.45363,7.05499,0,0.84195,0.33244,1.18648,0.00224,0,0,0.06238,-9e-05,0.58026,0.78744,0.4904,7.95257,0,0.84992,0.17727,1.19319,0.00262,1,0,participant_9,question_14,Timer-Correct,False,Other,NOT_RANDOM,0
0.0,0,37,0,0.84195,0.33244,0,0.95938,0.85648,0.14209,8054,3420.96997,1,0.8526,0.09664,0.0,0.0,0.0,0.52535,0.45363,7.05499,0,0.84195,0.33244,1.19319,0.00224,0,0,0.06238,-9e-05,0.58026,0.78744,0.4904,7.95257,0,0.84992,0.17727,1.19989,0.00262,1,0,participant_9,question_14,Timer-Correct,False,Other,NOT_RANDOM,0
0.0,0,37,0,0.84195,0.33244,0,0.95938,0.85648,0.14209,8054,3420.96997,0,0.85245,0.10096,0.0,0.0,0.0,0.52535,0.45363,7.05499,0,0.84195,0.33244,1.19989,0.00224,0,0,0.06238,-9e-05,0.58026,0.78744,0.4904,7.95257,0,0.84992,0.17727,1.20659,0.00262,1,0,participant_9,question_14,Timer-Correct,False,Other,NOT_RANDOM,0
0.0,0,37,0,0.84195,0.33244,0,0.95938,0.85648,0.14209,8054,3420.96997,0,0.85245,0.10096,0.0,0.0,0.0,0.52535,0.45363,7.05499,0,0.84195,0.33244,1.20659,0.00224,0,0,0.06238,-9e-05,0.58026,0.78744,0.4904,7.95257,0,0.84992,0.17727,1.20659,0.00262,1,0,participant_9,question_14,Timer-Correct,False,Other,NOT_RANDOM,0
0.0,0,37,0,0.84195,0.33244,0,0.95938,0.85648,0.14209,8054,3420.96997,0,0.85245,0.10096,0.0,0.0,0.0,0.52535,0.45363,7.05499,0,0.84195,0.33244,1.20659,0.00224,0,0,0.06238,-9e-05,0.58026,0.78744,0.4904,7.95257,0,0.84992,0.17727,1.20659,0.00262,1,0,participant_9,question_14,Timer-Correct,False,Other,NOT_RANDOM,0
0.0,29,37,0,0.84195,0.33244,0,0.95938,0.85648,0.14209,8054,3420.96997,0,0.0,0.0,0.0,0.0,0.0,0.52535,0.45363,7.05499,0,0.84195,0.33244,1.20659,0.00224,0,0,0.06238,-9e-05,0.58026,0.78744,0.4904,7.95257,0,0.84992,0.17727,1.20659,0.00262,1,0,participant_9,question_14,Timer-Correct,True,Other,NOT_RANDOM,0
0.0,29,37,0,0.84195,0.33244,0,0.95938,0.85648,0.14209,8054,3420.96997,0,0.0,0.0,0.0,0.0,0.0,0.52535,0.45363,7.05499,0,0.84195,0.33244,1.20659,0.00224,0,0,0.06238,-9e-05,0.58026,0.78744,0.4904,7.95257,0,0.84992,0.17727,1.20659,0.00262,1,0,participant_9,question_14,Timer-Correct,True,Other,NOT_RANDOM,0
0.0,29,37,0,0.84195,0.33244,0,0.95938,0.85648,0.14209,8054,3420.96997,0,0.0,0.0,0.0,0.0,0.0,0.52535,0.45363,7.05499,0,0.84195,0.33244,1.20659,0.00224,0,0,0.06238,-9e-05,0.58026,0.78744,0.4904,7.95257,0,0.84992,0.17727,1.20659,0.00262,1,0,participant_9,question_14,Timer-Correct,True,Other,NOT_RANDOM,0
0.0,29,37,0,0.84195,0.33244,0,0.95938,0.85648,0.14209,8054,3420.96997,0,0.0,0.0,0.0,0.0,0.0,0.52535,0.45363,7.05499,0,0.84195,0.33244,1.20659,0.00224,0,0,0.06238,-9e-05,0.58026,0.78744,0.4904,7.95257,0,0.84992,0.17727,1.20659,0.00262,1,0,participant_9,question_14,Timer-Correct,True,Other,NOT_RANDOM,0
0.0,29,37,0,0.84195,0.33244,0,0.95938,0.85648,0.14209,8054,3420.96997,0,0.0,0.0,0.0,0.0,0.0,0.52535,0.45363,7.05499,0,0.84195,0.33244,1.20659,0.00224,0,0,0.06238,-9e-05,0.58026,0.78744,0.4904,7.95257,0,0.84992,0.17727,1.20659,0.00262,1,0,participant_9,question_14,Timer-Correct,True,Other,NOT_RANDOM,0
0.0,29,37,0,0.84195,0.33244,0,0.95938,0.85648,0.14209,8054,3420.96997,0,0.0,0.0,0.0,0.0,0.0,0.52535,0.45363,7.05499,0,0.84195,0.33244,1.20659,0.00224,0,0,0.06238,-9e-05,0.58026,0.78744,0.4904,7.95257,0,0.84992,0.17727,1.20659,0.00262,1,0,participant_9,question_14,Timer-Correct,True,Other,NOT_RANDOM,0
0.0,29,37,0,0.84195,0.33244,0,0.95938,0.85648,0.14209,8054,3420.96997,0,0.0,0.0,0.0,0.0,0.0,0.52535,0.45363,7.05499,0,0.84195,0.33244,1.20659,0.00224,0,0,0.06238,-9e-05,0.58026,0.78744,0.4904,7.95257,0,0.84992,0.17727,1.20659,0.00262,1,0,participant_9,question_14,Timer-Correct,True,Other,NOT_RANDOM,0
0.0,29,37,0,0.84195,0.33244,0,0.95938,0.85648,0.14209,8054,3420.96997,0,0.0,0.0,0.0,0.0,0.0,0.52535,0.45363,7.05499,0,0.84195,0.33244,1.20659,0.00224,0,0,0.06238,-9e-05,0.58026,0.78744,0.4904,7.95257,0,0.84992,0.17727,1.20659,0.00262,1,0,participant_9,question_14,Timer-Correct,True,Other,NOT_RANDOM,0
0.0,29,37,0,0.84195,0.33244,0,0.95938,0.85648,0.14209,8054,3420.96997,0,0.0,0.0,0.0,0.0,0.0,0.52535,0.45363,7.05499,0,0.84195,0.33244,1.20659,0.00224,0,0,0.06238,-9e-05,0.58026,0.78744,0.4904,7.95257,0,0.84992,0.17727,1.20659,0.00262,1,0,participant_9,question_14,Timer-Correct,True,Other,NOT_RANDOM,0
0.0,29,37,0,0.84195,0.33244,0,0.95938,0.85648,0.14209,8054,3420.96997,0,0.0,0.0,0.0,0.0,0.0,0.52535,0.45363,7.05499,0,0.84195,0.33244,1.20659,0.00224,0,0,0.06238,-9e-05,0.58026,0.78744,0.4904,7.95257,0,0.84992,0.17727,1.20659,0.00262,1,0,participant_9,question_14,Timer-Correct,True,Other,NOT_RANDOM,0
0.0,29,37,0,0.84195,0.33244,0,0.95938,0.85648,0.14209,8054,3420.96997,0,0.0,0.0,0.0,0.0,0.0,0.52535,0.45363,7.05499,0,0.84195,0.33244,1.20659,0.00224,0,0,0.06238,-9e-05,0.58026,0.78744,0.4904,7.95257,0,0.84992,0.17727,1.20659,0.00262,1,0,participant_9,question_14,Timer-Correct,True,Other,NOT_RANDOM,0
0.0,29,37,0,0.84195,0.33244,0,0.95938,0.85648,0.14209,8054,3420.96997,0,0.0,0.0,0.0,0.0,0.0,0.52535,0.45363,7.05499,0,0.84195,0.33244,1.20659,0.00224,0,0,0.06238,-9e-05,0.58026,0.78744,0.4904,7.95257,0,0.84992,0.17727,1.20659,0.00262,1,0,participant_9,question_14,Timer-Correct,True,Other,NOT_RANDOM,0
0.0,29,37,0,0.84195,0.33244,0,0.95938,0.85648,0.14209,8054,3420.96997,0,0.0,0.0,0.0,0.0,0.0,0.52535,0.45363,7.05499,0,0.84195,0.33244,1.20659,0.00224,0,0,0.06238,-9e-05,0.58026,0.78744,0.4904,7.95257,0,0.84992,0.17727,1.20659,0.00262,1,0,participant_9,question_14,Timer-Correct,True,Other,NOT_RANDOM,0
0.0,29,37,0,0.84195,0.33244,0,0.95938,0.85648,0.14209,8054,3420.96997,0,0.0,0.0,0.0,0.0,0.0,0.52535,0.45363,7.05499,0,0.84195,0.33244,1.20659,0.00224,0,0,0.06238,-9e-05,0.58026,0.78744,0.4904,7.95257,0,0.84992,0.17727,1.20659,0.00262,1,0,participant_9,question_14,Timer-Correct,True,Other,NOT_RANDOM,0
0.0,29,37,0,0.84195,0.33244,0,0.95938,0.85648,0.14209,8054,3420.96997,0,0.0,0.0,0.0,0.0,0.0,0.52535,0.45363,7.05499,0,0.84195,0.33244,1.20659,0.00224,0,0,0.06238,-9e-05,0.58026,0.78744,0.4904,7.95257,0,0.84992,0.17727,1.20659,0.00262,1,0,participant_9,question_14,Timer-Correct,True,Other,NOT_RANDOM,0
0.0,29,37,0,0.84195,0.33244,0,0.95938,0.85648,0.14209,8054,3420.96997,0,0.0,0.0,0.0,0.0,0.0,0.52535,0.45363,7.05499,0,0.84195,0.33244,1.20659,0.00224,0,0,0.06238,-9e-05,0.58026,0.78744,0.4904,7.95257,0,0.84992,0.17727,1.20659,0.00262,1,0,participant_9,question_14,Timer-Correct,True,Other,NOT_RANDOM,0
0.0,29,37,0,0.84195,0.33244,0,0.95938,0.85648,0.14209,8054,3420.96997,0,0.0,0.0,0.0,0.0,0.0,0.52535,0.45363,7.05499,0,0.84195,0.33244,1.20659,0.00224,0,0,0.06238,-9e-05,0.58026,0.78744,0.4904,7.95257,0,0.84992,0.17727,1.20659,0.00262,1,0,participant_9,question_14,Timer-Correct,True,Other,NOT_RANDOM,0
0.11338,0,38,1,0.84158,0.3334,0,0.95938,0.85648,0.14209,8054,3420.96997,0,0.42079,0.1667,0.00072,0.00742,0.60314,0.49962,0.44654,13.25876,1,0.84158,0.3334,1.20659,0.00277,1,1,0.06238,-9e-05,0.58026,0.76179,0.48526,16.64667,0,0.84992,0.17727,1.22212,0.00339,1,1,participant_9,question_14,Timer-Correct,True,Other,NOT_RANDOM,0
0.0,0,38,1,0.24176,0.05332,0,0.95938,0.85648,0.14209,8054,3420.96997,0,0.54167,0.19336,0.00072,0.00742,0.60314,0.49962,0.44659,13.21198,1,0.25941,0.02388,1.22212,0.00273,1,1,0.06238,-9e-05,0.58026,0.76179,0.48526,16.64667,1,0.22411,0.08276,1.23764,0.00339,1,1,participant_9,question_14,Timer-Correct,True,Question,NOT_RANDOM,0
0.0,0,38,1,0.25521,0.04504,0,0.95938,0.85648,0.14209,8054,3420.96997,0,0.39844,0.1192,0.00072,0.00742,0.60314,0.49962,0.44658,13.33061,1,0.29254,0.01721,1.23764,0.00277,1,1,0.06238,-9e-05,0.58026,0.76177,0.48535,16.92695,1,0.21788,0.07287,1.25317,0.00335,1,1,participant_9,question_14,Timer-Correct,True,Question,NOT_RANDOM,0
0.0,0,38,1,0.2493,0.0135,0,0.95938,0.85648,0.14209,8054,3420.96997,0,0.34873,0.08397,0.00068,0.00793,0.64471,0.49911,0.44664,12.83525,1,0.2876,-0.0124,1.2703,0.00273,1,1,0.06534,0.00029,0.64266,0.7616,0.48533,16.48927,1,0.21101,0.03941,1.29488,0.00335,1,1,participant_9,question_14,Timer-Correct,True,Other,NOT_RANDOM,0
0.0,0,38,1,0.18071,-0.0356,0,0.95938,0.85648,0.14209,8054,3420.96997,0,0.22841,0.00765,0.00068,0.00793,0.64471,0.49832,0.44693,13.23946,1,0.21776,-0.05465,1.31201,0.00282,1,1,0.06534,0.00029,0.64266,0.76064,0.48529,16.39919,1,0.14365,-0.01654,1.32106,0.00338,1,1,participant_9,question_14,Timer-Correct,True,Other,NOT_RANDOM,0
0.0,0,38,1,0.13386,-0.04086,0,0.95938,0.85648,0.14209,8054,3420.96997,0,0.18113,-0.0166,0.00068,0.00793,0.64471,0.49797,0.44687,12.89557,1,0.15653,-0.04855,1.33819,0.00278,1,1,0.06534,0.00029,0.64266,0.7599,0.48539,15.81832,1,0.11118,-0.03317,1.34725,0.0035,1,1,participant_9,question_14,Timer-Correct,True,Other,NOT_RANDOM,0
0.0,0,38,1,0.13098,-0.05163,0,0.95938,0.85648,0.14209,8054,3420.96997,0,0.16441,-0.02828,0.00025,0.00792,0.65565,0.49567,0.44725,12.72657,1,0.15252,-0.06353,1.35536,0.00284,1,1,0.06262,0.00028,0.62191,0.75768,0.48555,16.3043,1,0.10944,-0.03973,1.35536,0.0034,1,1,participant_9,question_14,Timer-Correct,True,Other,NOT_RANDOM,0
0.0,0,38,1,0.08326,-0.00612,0,0.95938,0.85648,0.14209,8054,3420.96997,0,0.11603,-0.03287,0.00025,0.00792,0.65565,0.49465,0.44743,12.66588,1,0.11428,-0.05576,1.34635,0.00279,1,1,0.06262,0.00028,0.62191,0.75636,0.4856,16.18708,1,0.05223,0.04353,1.33729,0.00345,1,1,participant_9,question_14,Timer-Correct,True,Other,NOT_RANDOM,0
0.0,0,38,1,0.0532,0.02485,0,0.95938,0.85648,0.14209,8054,3420.96997,0,0.08462,-0.00401,0.00025,0.00792,0.65565,0.4944,0.4475,12.89007,1,0.07281,-0.02371,1.32828,0.00272,1,1,0.06262,0.00028,0.62191,0.75601,0.48558,16.3753,1,0.0336,0.07341,1.31922,0.00343,1,1,participant_9,question_14,Timer-Correct,True,Other,NOT_RANDOM,0
0.0,0,38,1,0.05577,0.03206,0,0.95938,0.85648,0.14209,8054,3420.96997,0,0.075,0.00801,-0.0001,0.00772,0.6434,0.49321,0.44777,12.74138,1,0.07548,-0.01598,1.31922,0.00283,1,1,0.06267,0.00028,0.62513,0.75499,0.48567,16.75595,1,0.03606,0.0801,1.31016,0.00338,1,1,participant_9,question_14,Timer-Correct,True,Question,NOT_RANDOM,0
0.0,0,38,1,0.07095,0.02467,0,0.95938,0.85648,0.02026,8055,3421.30444,1,0.07399,0.01218,-0.0001,0.00772,0.6434,0.49314,0.44766,13.08213,1,0.09655,3e-05,1.31918,0.00286,1,1,0.06267,0.00028,0.62513,0.75515,0.48559,16.72951,1,0.04535,0.04931,1.31918,0.00343,1,1,participant_9,question_14,Timer-Correct,True,Other,NOT_RANDOM,0
0.0,0,38,1,0.06019,0.02542,0,0.95938,0.85648,0.0271,8055,3421.30444,1,0.07123,0.01483,-0.0001,0.00772,0.6434,0.49309,0.44779,12.92611,1,0.0833,0.00094,1.3282,0.00294,1,1,0.06267,0.00028,0.62513,0.75491,0.48548,16.49347,1,0.03709,0.0499,1.3282,0.00345,1,1,participant_9,question_14,Timer-Correct,True,Question,NOT_RANDOM,0
0.0,0,38,1,0.06354,0.03492,0,0.95938,0.85648,0.03369,8055,3421.30444,1,0.06995,0.01818,-0.00018,0.00722,0.60538,0.49263,0.44795,12.95008,1,0.08563,0.00773,1.32008,0.00288,1,1,0.06213,0.00037,0.6202,0.7549,0.48543,16.42621,1,0.04144,0.06212,1.31193,0.00341,1,1,participant_9,question_14,Timer-Correct,True,Question,NOT_RANDOM,0
0.0,0,38,1,0.06499,0.025,0,0.95938,0.85648,0.04053,8055,3421.30444,1,0.06924,0.01915,-0.00018,0.00722,0.60538,0.49255,0.44803,13.24846,1,0.07814,-0.00219,1.2948,0.00287,1,1,0.06213,0.00037,0.6202,0.75485,0.48535,16.70484,1,0.05184,0.0522,1.28665,0.0034,1,1,participant_9,question_14,Timer-Correct,True,Question,NOT_RANDOM,0
0.0,0,38,1,0.09687,0.03782,0,0.95938,0.85648,0.04688,8055,3421.30444,1,0.07269,0.02148,-0.00018,0.00722,0.60538,0.49254,0.44799,13.17088,1,0.12177,0.01519,1.26952,0.00287,1,1,0.06213,0.00037,0.6202,0.7547,0.48526,16.707,1,0.07196,0.06045,1.26137,0.00339,1,1,participant_9,question_14,Timer-Correct,True,Question,NOT_RANDOM,0
0.0,0,38,1,0.10137,0.05198,0,0.95938,0.85648,0.05371,8055,3421.30444,1,0.07588,0.02487,-0.00036,0.00712,0.60092,0.49217,0.44818,13.00984,1,0.12868,0.03715,1.24424,0.00285,1,1,0.06368,0.00048,0.63669,0.75454,0.48506,16.31372,1,0.07405,0.06681,1.2533,0.00343,1,1,participant_9,question_14,Timer-Correct,True,Question,NOT_RANDOM,0
0.0,0,38,1,0.07109,0.04378,0,0.95938,0.85648,0.06055,8055,3421.30444,1,0.0754,0.02676,-0.00036,0.00712,0.60092,0.49181,0.44824,12.89657,1,0.08845,0.00412,1.2533,0.00283,1,1,0.06368,0.00048,0.63669,0.75441,0.48484,16.39283,1,0.05373,0.08343,1.2705,0.00346,1,1,participant_9,question_14,Timer-Correct,True,Question,NOT_RANDOM,0
0.0,0,38,1,0.09537,0.03159,0,0.95938,0.85648,0.06714,8055,3421.30444,1,0.07722,0.0272,-0.00036,0.00712,0.60092,0.49174,0.44827,12.98516,1,0.12396,-0.02023,1.2705,0.00284,1,1,0.06368,0.00048,0.63669,0.75432,0.48478,16.44708,1,0.06678,0.08342,1.28771,0.0034,1,1,participant_9,question_14,Timer-Correct,True,Question,NOT_RANDOM,0
0.0,0,38,1,0.09305,0.0239,0,0.95938,0.85648,0.07397,8055,3421.30444,1,0.07853,0.02693,-0.00055,0.00715,0.60721,0.49131,0.44836,13.03164,1,0.11931,-0.03561,1.28771,0.00284,1,1,0.06097,0.0005,0.61049,0.75404,0.48459,16.63119,1,0.06678,0.08342,1.28771,0.00345,1,1,participant_9,question_14,Timer-Correct,True,Other,NOT_RANDOM,0
0.0,0,38,1,0.07429,0.03278,0,0.95938,0.85648,0.08081,8055,3421.30444,1,0.07821,0.02738,-0.00055,0.00715,0.60721,0.49106,0.44855,13.15206,1,0.08098,-0.00657,1.28771,0.00287,1,1,0.06097,0.0005,0.61049,0.75378,0.48437,16.79991,1,0.06759,0.07213,1.2705,0.0034,1,1,participant_9,question_14,Timer-Correct,True,Question,NOT_RANDOM,0
0.0,0,38,1,0.09029,0.05724,0,0.95938,0.85648,0.08862,8055,3421.30444,1,0.07907,0.02951,-0.00055,0.00715,0.60721,0.49104,0.44845,13.2747,1,0.12398,0.00036,1.2705,0.00284,1,1,0.06097,0.0005,0.61049,0.75373,0.4844,16.74392,1,0.05659,0.11413,1.2533,0.00343,1,1,participant_9,question_14,Timer-Correct,True,Question,NOT_RANDOM,0
0.0,0,38,1,0.09498,0.07127,0,0.95938,0.85648,0.09424,8055,3421.30444,1,0.08013,0.03229,-0.00072,0.00706,0.60314,0.49061,0.44871,13.12276,1,0.12865,0.01549,1.2533,0.00294,1,1,0.06063,0.00064,0.60889,0.75341,0.48407,16.54789,1,0.0613,0.12705,1.23609,0.00347,1,1,participant_9,question_14,Timer-Correct,True,Question,NOT_RANDOM,0
0.0,0,38,1,0.10156,0.07275,0,0.95938,0.85648,0.10083,8055,3421.30444,1,0.08147,0.03482,-0.00072,0.00706,0.60314,0.4901,0.44883,12.8161,1,0.12171,0.05575,1.23609,0.00292,1,1,0.06063,0.00064,0.60889,0.75309,0.48392,16.87543,1,0.08141,0.08976,1.23609,0.00342,1,1,participant_9,question_14,Timer-Correct,True,Question,NOT_RANDOM,0
0.0,0,38,1,0.09999,0.08388,0,0.95938,0.85648,0.10742,8055,3421.30444,1,0.08256,0.03771,-0.00072,0.00706,0.60314,0.49012,0.44873,13.14933,1,0.12167,0.06504,1.23609,0.00287,1,1,0.06063,0.00064,0.60889,0.75295,0.48383,16.73328,1,0.07831,0.10273,1.23609,0.00345,1,1,participant_9,question_14,Timer-Correct,True,Question,NOT_RANDOM,0
0.0,0,38,1,0.09999,0.08388,0,0.95938,0.85648,0.11426,8055,3421.30444,1,0.08353,0.04027,-0.00092,0.00719,0.61492,0.48953,0.44898,13.00331,1,0.12167,0.06504,1.23609,0.0029,1,1,0.0606,0.00069,0.6105,0.7525,0.48377,16.85227,1,0.07831,0.10273,1.23609,0.00349,1,1,participant_9,question_14,Timer-Correct,True,Question,NOT_RANDOM,0
0.0,0,38,1,0.10472,0.11116,0,0.95938,0.85648,0.12085,8055,3421.30444,1,0.08464,0.04401,-0.00092,0.00719,0.61492,0.48942,0.449,13.24846,1,0.13441,0.08409,1.23609,0.00287,1,1,0.0606,0.00069,0.6105,0.75234,0.48341,16.7443,1,0.07503,0.13823,1.23609,0.00347,1,1,participant_9,question_14,Timer-Correct,True,Question,NOT_RANDOM,0
0.0,0,38,1,0.09289,0.08514,0,0.95938,0.85648,0.12744,8055,3421.30444,1,0.08506,0.04606,-0.00092,0.00719,0.61492,0.48929,0.44907,13.2899,1,0.1066,0.05661,1.23609,0.00294,1,1,0.0606,0.00069,0.6105,0.75195,0.48342,17.23919,1,0.07918,0.11367,1.23609,0.00351,1,1,participant_9,question_14,Timer-Correct,True,Question,NOT_RANDOM,0
0.0,0,38,1,0.08957,0.07545,0,0.95938,0.85648,0.13428,8055,3421.30444,1,0.08527,0.04746,-0.00119,0.00732,0.63417,0.48862,0.44907,13.23881,1,0.10422,0.04965,1.2442,0.0029,1,1,0.06135,0.00084,0.62038,0.75164,0.483,16.67397,1,0.07493,0.10126,1.25235,0.00353,1,1,participant_9,question_14,Timer-Correct,True,Question,NOT_RANDOM,0
0.0,0,38,1,0.07707,0.07673,0,0.95938,0.85648,0.14087,8055,3421.30444,1,0.0849,0.04879,-0.00119,0.00732,0.63417,0.48828,0.44922,12.94896,1,0.10094,0.04381,1.26047,0.00292,1,1,0.06135,0.00084,0.62038,0.75127,0.48276,17.08139,1,0.05319,0.10964,1.26862,0.00351,1,1,participant_9,question_14,Timer-Correct,True,Question,NOT_RANDOM,0
0.0,0,38,1,0.07674,0.04272,0,0.95938,0.85648,0.14771,8055,3421.30444,1,0.08454,0.04853,-0.00119,0.00732,0.63417,0.48802,0.44934,13.25816,1,0.10331,0.01684,1.27673,0.00294,1,1,0.06135,0.00084,0.62038,0.7511,0.48267,16.78457,1,0.05016,0.0686,1.28488,0.0035,1,1,participant_9,question_14,Timer-Correct,True,Question,NOT_RANDOM,0
0.0,0,38,1,0.07327,0.03265,0,0.95938,0.85648,0.15454,8055,3421.30444,1,0.08407,0.04787,-0.00143,0.0069,0.59765,0.48762,0.44929,13.04327,1,0.10099,0.00983,1.28488,0.00295,1,1,0.0629,0.00105,0.63847,0.7507,0.48234,16.94673,1,0.04556,0.05546,1.30209,0.00347,1,1,participant_9,question_14,Timer-Correct,True,Question,NOT_RANDOM,0
0.0,0,38,1,0.06191,0.0368,0,0.95938,0.85648,0.16113,8055,3421.30444,1,0.08319,0.04742,-0.00143,0.0069,0.59765,0.48719,0.44937,13.40847,1,0.07136,0.01897,1.29398,0.00287,1,1,0.0629,0.00105,0.63847,0.75024,0.48208,17.11657,1,0.05246,0.05463,1.30303,0.00348,1,1,participant_9,question_14,Timer-Correct,True,Question,NOT_RANDOM,0
0.0,0,38,1,0.07346,0.04665,0,0.95938,0.85648,0.16797,8055,3421.30444,1,0.08281,0.04739,-0.00143,0.0069,0.59765,0.48695,0.44938,13.34299,1,0.09816,0.01624,1.29492,0.00288,1,1,0.0629,0.00105,0.63847,0.75006,0.48188,16.90633,1,0.04876,0.07706,1.30397,0.00355,1,1,participant_9,question_14,Timer-Correct,True,Question,NOT_RANDOM,0
0.0,0,38,1,0.0755,0.05232,0,0.95938,0.85648,0.17432,8055,3421.30444,1,0.08254,0.04758,-0.00169,0.00725,0.62783,0.48635,0.44935,13.30005,1,0.0979,0.01544,1.29586,0.00292,1,1,0.05904,0.00113,0.602,0.74955,0.48153,17.1623,1,0.05309,0.08921,1.28771,0.0035,1,1,participant_9,question_14,Timer-Correct,True,Question,NOT_RANDOM,0
0.0,0,38,1,0.0841,0.04707,0,0.95938,0.85648,0.18213,8055,3421.30444,1,0.0826,0.04756,-0.00169,0.00725,0.62783,0.48601,0.44934,13.19092,1,0.10664,0.01326,1.28771,0.00299,1,1,0.05904,0.00113,0.602,0.74915,0.4812,17.23189,1,0.06156,0.08087,1.2705,0.00348,1,1,participant_9,question_14,Timer-Correct,True,Question,NOT_RANDOM,0
0.0,0,38,1,0.09207,0.07238,0,0.95938,0.85648,0.18774,8055,3421.30444,1,0.08292,0.04841,-0.00169,0.00725,0.62783,0.48572,0.44928,13.21068,1,0.0971,0.03756,1.2705,0.00299,1,1,0.05904,0.00113,0.602,0.74888,0.481,17.13161,1,0.08704,0.1072,1.2533,0.00353,1,1,participant_9,question_14,Timer-Correct,True,Question,NOT_RANDOM,0
0.0,0,38,1,0.09458,0.07968,0,0.95938,0.85648,0.19458,8055,3421.30444,1,0.08331,0.04946,-0.00197,0.00689,0.59692,0.48517,0.4493,13.19859,1,0.10212,0.05216,1.2533,0.00298,1,1,0.06276,0.0014,0.64287,0.74835,0.48073,17.26693,1,0.08704,0.1072,1.2533,0.00354,1,1,participant_9,question_14,Timer-Correct,True,Question,NOT_RANDOM,0
0.0,0,38,1,0.10606,0.05088,0,0.95938,0.85648,0.20142,8055,3421.30444,1,0.08405,0.0495,-0.00197,0.00689,0.59692,0.48468,0.44924,13.46879,1,0.1277,0.0306,1.2533,0.00293,1,1,0.06276,0.0014,0.64287,0.74787,0.4802,17.23402,1,0.08443,0.07116,1.2705,0.00351,1,1,participant_9,question_14,Timer-Correct,True,Question,NOT_RANDOM,0
0.0,0,38,1,0.06913,0.04992,0,0.95938,0.85648,0.20801,8055,3421.30444,1,0.08358,0.04951,-0.00197,0.00689,0.59692,0.4845,0.44925,13.21266,1,0.08868,0.03035,1.2705,0.00294,1,1,0.06276,0.0014,0.64287,0.74765,0.47991,17.0088,1,0.04957,0.06948,1.28771,0.00351,1,1,participant_9,question_14,Timer-Correct,True,Question,NOT_RANDOM,0
0.0,0,38,1,0.06319,0.03295,0,0.95938,0.85648,0.21484,8055,3421.30444,1,0.08296,0.04901,-0.00238,0.0073,0.62367,0.48377,0.44914,13.3142,1,0.08117,0.00879,1.29582,0.00292,1,1,0.06022,0.00158,0.62025,0.74701,0.4794,17.10268,1,0.04522,0.0571,1.30397,0.00353,1,1,participant_9,question_14,Timer-Correct,True,Question,NOT_RANDOM,0
0.0,0,38,1,0.06332,0.03394,0,0.95938,0.85648,0.22144,8055,3421.30444,1,0.08239,0.04857,-0.00238,0.0073,0.62367,0.48333,0.44894,13.35406,1,0.09154,-0.00594,1.31209,0.00294,1,1,0.06022,0.00158,0.62025,0.74648,0.479,17.23867,1,0.03511,0.07382,1.30303,0.00354,1,1,participant_9,question_14,Timer-Correct,True,Question,NOT_RANDOM,0
0.0,0,38,1,0.06988,0.04064,0,0.95938,0.85648,0.22803,8055,3421.30444,1,0.08203,0.04834,-0.00238,0.0073,0.62367,0.48298,0.44899,13.58236,1,0.08933,0.0049,1.31115,0.00291,1,1,0.06022,0.00158,0.62025,0.74626,0.47872,17.27618,1,0.05044,0.07638,1.30209,0.00354,1,1,participant_9,question_14,Timer-Correct,True,Question,NOT_RANDOM,0
0.0,0,38,1,0.07239,0.04785,0,0.95938,0.85648,0.23438,8055,3421.30444,1,0.08176,0.04833,-0.00273,0.0071,0.60648,0.48229,0.44884,13.44957,1,0.09193,0.01255,1.30209,0.00307,1,1,0.06026,0.00183,0.62445,0.74561,0.47799,17.11706,1,0.05284,0.08316,1.29303,0.00354,1,1,participant_9,question_14,Timer-Correct,True,Question,NOT_RANDOM,0
0.0,0,38,1,0.07063,0.04372,0,0.95938,0.85648,0.24121,8055,3421.30444,1,0.08146,0.0482,-0.00273,0.0071,0.60648,0.48167,0.44874,13.66548,1,0.09047,0.007,1.28492,0.00293,1,1,0.06026,0.00183,0.62445,0.74494,0.47752,16.9978,1,0.0508,0.08043,1.28492,0.00355,1,1,participant_9,question_14,Timer-Correct,True,Question,NOT_RANDOM,0
0.0,0,38,1,0.07207,0.0289,0,0.95938,0.85648,0.2478,8055,3421.30444,1,0.08121,0.0477,-0.00273,0.0071,0.60648,0.48149,0.44864,13.28361,1,0.09283,-0.0037,1.27681,0.00298,1,1,0.06026,0.00183,0.62445,0.74465,0.47738,17.29919,1,0.0513,0.06151,1.27681,0.00353,1,1,participant_9,question_14,Timer-Correct,True,Question,NOT_RANDOM,0
0.0,0,38,1,0.07313,0.03209,0,0.95938,0.85648,0.25488,8055,3421.30444,1,0.081,0.0473,-0.00292,0.0068,0.57377,0.48065,0.44854,13.4888,1,0.0952,0.00339,1.26869,0.003,1,1,0.06068,0.00214,0.63325,0.74395,0.47666,17.29446,1,0.05105,0.06078,1.27775,0.00358,1,1,participant_9,question_14,Timer-Correct,True,Question,NOT_RANDOM,0
0.0,0,38,1,0.08843,0.0459,0,0.95938,0.85648,0.26147,8055,3421.30444,1,0.08119,0.04726,-0.00292,0.0068,0.57377,0.47996,0.44835,13.60814,1,0.10931,0.03219,1.27775,0.00297,1,1,0.06068,0.00214,0.63325,0.7433,0.47608,17.27692,1,0.06754,0.0596,1.2868,0.00353,1,1,participant_9,question_14,Timer-Correct,True,Question,NOT_RANDOM,0
0.0,0,38,1,0.07552,0.03774,0,0.95938,0.85648,0.26807,8055,3421.30444,1,0.08105,0.04703,-0.00292,0.0068,0.57377,0.47974,0.44834,13.27751,1,0.09729,0.00305,1.2868,0.00298,1,1,0.06068,0.00214,0.63325,0.74297,0.4759,17.43949,1,0.05375,0.07243,1.29586,0.00351,1,1,participant_9,question_14,Timer-Correct,True,Question,NOT_RANDOM,0
0.0,0,38,1,0.07303,0.03041,0,0.95938,0.85648,0.2749,8055,3421.30444,1,0.08086,0.04663,-0.00348,0.00733,0.61118,0.47894,0.44802,13.64851,1,0.09469,-0.00476,1.29586,0.003,1,1,0.0605,0.00243,0.63533,0.74208,0.47513,16.99787,1,0.05136,0.06559,1.30492,0.00354,1,1,participant_9,question_14,Timer-Correct,True,Question,NOT_RANDOM,0
0.0,0,38,1,0.07102,0.02808,0,0.95938,0.85648,0.28149,8055,3421.30444,1,0.08063,0.0462,-0.00348,0.00733,0.61118,0.47816,0.44802,13.64851,1,0.0919,-0.00118,1.30492,0.003,1,1,0.0605,0.00243,0.63533,0.7414,0.47472,17.32097,1,0.05015,0.05733,1.30492,0.00351,1,1,participant_9,question_14,Timer-Correct,True,Question,NOT_RANDOM,0
0.0,0,38,1,0.07282,0.03429,0,0.95938,0.85648,0.28809,8055,3421.30444,1,0.08045,0.04593,-0.00348,0.00733,0.61118,0.47775,0.44778,13.73269,1,0.09174,-0.00121,1.30492,0.00294,1,1,0.0605,0.00243,0.63533,0.74107,0.47436,17.27061,1,0.05389,0.06978,1.30492,0.00352,1,1,participant_9,question_14,Timer-Correct,True,Question,NOT_RANDOM,0
0.0,0,38,1,0.074,0.03769,0,0.95938,0.85648,0.29492,8055,3421.30444,1,0.08031,0.04575,-0.004,0.00727,0.60618,0.47679,0.44779,13.51098,1,0.09174,-0.00121,1.30492,0.00296,1,1,0.05854,0.0027,0.62011,0.74007,0.47349,16.94298,1,0.05626,0.07659,1.29586,0.00356,1,1,participant_9,question_14,Timer-Correct,True,Question,NOT_RANDOM,0
0.0,0,38,1,0.08918,0.04099,0,0.95938,0.85648,0.30151,8055,3421.30444,1,0.0805,0.04564,-0.004,0.00727,0.60618,0.47613,0.44755,13.37636,1,0.10698,0.02077,1.29586,0.00294,1,1,0.05854,0.0027,0.62011,0.73936,0.47279,17.18791,1,0.07138,0.0612,1.2868,0.00356,1,1,participant_9,question_14,Timer-Correct,True,Question,NOT_RANDOM,0
0.0,0,38,1,0.09402,0.025,0,0.95938,0.85648,0.30884,8055,3421.30444,1,0.08079,0.04521,-0.004,0.00727,0.60618,0.47588,0.44746,13.38927,1,0.12439,-0.00056,1.2868,0.00303,1,1,0.05854,0.0027,0.62011,0.7398,0.47424,18.27432,1,0.06365,0.05055,1.27775,0.00431,1,1,participant_9,question_14,Timer-Correct,True,Question,NOT_RANDOM,0
0.0,0,38,1,0.09523,0.02893,0,0.95938,0.85648,0.3147,8055,3421.30444,1,0.08109,0.04487,-0.00438,0.00749,0.60903,0.47552,0.44709,13.5188,1,0.12681,0.00731,1.27775,0.00297,1,1,0.0592,0.00313,0.63169,0.73876,0.47166,17.2353,1,0.06365,0.05055,1.27775,0.00356,1,1,participant_9,question_14,Timer-Correct,True,Question,NOT_RANDOM,0
0.0,0,38,1,0.1196,0.03612,0,0.95938,0.85648,0.32251,8055,3421.30444,1,0.08117,0.0463,-0.00438,0.00749,0.60903,0.4751,0.44697,13.90768,1,0.13932,0.01207,1.27775,0.00292,1,1,0.0592,0.00313,0.63169,0.73823,0.47102,17.43159,1,0.09989,0.06016,1.2868,0.00359,1,1,participant_9,question_14,Timer-Correct,True,Question,NOT_RANDOM,0
0.0,0,38,1,0.11108,0.03571,0,0.95938,0.85648,0.32983,8055,3421.30444,1,0.08237,0.04653,-0.00438,0.00749,0.60903,0.47482,0.44677,13.54323,1,0.12284,0.03506,1.2868,0.00298,1,1,0.0592,0.00313,0.63169,0.73843,0.47227,18.32547,1,0.09932,0.03637,1.29586,0.00424,1,1,participant_9,question_14,Timer-Correct,True,Question,NOT_RANDOM,0
0.0,0,38,1,0.10677,0.02173,0,0.95938,0.85648,0.33667,8055,3421.30444,1,0.08344,0.04631,-0.00499,0.00774,0.62164,0.47359,0.44655,13.58438,1,0.11823,0.02061,1.30397,0.00299,1,1,0.05973,0.00352,0.64351,0.73692,0.46983,17.29446,1,0.09531,0.02285,1.31303,0.00358,1,1,participant_9,question_14,Timer-Correct,True,Other,NOT_RANDOM,0
0.0,0,38,1,0.10728,0.00188,0,0.95938,0.85648,0.34204,8055,3421.30444,1,0.08419,0.04584,-0.00499,0.00774,0.62164,0.47268,0.44644,13.58893,1,0.13319,-0.03665,1.32115,0.00306,1,1,0.05973,0.00352,0.64351,0.73597,0.46911,17.42224,1,0.08137,0.0404,1.32115,0.00353,1,1,participant_9,question_14,Timer-Correct,True,Other,NOT_RANDOM,0
0.0,0,38,1,0.11638,-0.02657,0,0.95938,0.85648,0.34863,8055,3421.30444,1,0.08536,0.04476,-0.00499,0.00774,0.62164,0.47241,0.44628,13.4695,1,0.15267,-0.07817,1.32926,0.00294,1,1,0.05973,0.00352,0.64351,0.73598,0.47056,17.78949,1,0.08008,0.02503,1.32926,0.00429,1,1,participant_9,question_14,Timer-Correct,True,Other,NOT_RANDOM,0
0.0,0,38,1,0.11638,-0.02657,0,0.95938,0.85648,0.34863,8055,3421.30444,0,0.09781,0.01977,-0.00561,0.00786,0.62389,0.4711,0.44597,13.6992,1,0.15267,-0.07817,1.32926,0.00296,1,1,0.05964,0.00389,0.64884,0.7342,0.468,17.27743,1,0.08008,0.02503,1.32926,0.00358,1,1,participant_9,question_14,Timer-Correct,True,Other,NOT_RANDOM,0
0.0,0,38,1,0.11205,-0.00046,0,0.95938,0.85648,0.34863,8055,3421.30444,0,0.10493,0.00966,-0.00561,0.00786,0.62389,0.47024,0.44558,13.72055,1,0.13304,0.0002,1.32115,0.00295,1,1,0.05964,0.00389,0.64884,0.73331,0.46713,17.39864,1,0.09106,-0.00111,1.32115,0.00353,1,1,participant_9,question_14,Timer-Correct,True,Other,NOT_RANDOM,0
0.0,0,38,1,0.10682,0.01536,0,0.95938,0.85648,0.34863,8055,3421.30444,0,0.10556,0.01156,-0.00561,0.00786,0.62389,0.46979,0.44546,13.70008,1,0.13101,-0.00544,1.31303,0.00289,1,1,0.05964,0.00389,0.64884,0.73341,0.46868,18.23289,1,0.08263,0.03615,1.31303,0.00419,1,1,participant_9,question_14,Timer-Correct,True,Other,NOT_RANDOM,0
0.0,0,38,1,0.10665,0.01468,0,0.95938,0.85648,0.01978,8056,3421.65991,1,0.10583,0.01234,-0.00644,0.00826,0.64056,0.46846,0.44526,13.62946,1,0.12869,-0.01314,1.32205,0.00294,1,1,0.05478,0.00402,0.6029,0.7316,0.4659,17.08759,1,0.0846,0.0425,1.30484,0.00353,1,1,participant_9,question_14,Timer-Correct,True,Other,NOT_RANDOM,0
0.0,0,38,1,0.10839,0.02007,0,0.95938,0.85648,0.02637,8056,3421.65991,1,0.10634,0.01388,-0.00644,0.00826,0.64056,0.46761,0.44496,13.60024,1,0.12372,-0.0164,1.32197,0.00298,1,1,0.05478,0.00402,0.6029,0.73061,0.46525,17.16515,1,0.09305,0.05653,1.30476,0.00352,1,1,participant_9,question_14,Timer-Correct,True,Other,NOT_RANDOM,0
0.0,0,38,1,0.10301,0.02848,0,0.95938,0.85648,0.0332,8056,3421.65991,1,0.10579,0.01632,-0.00644,0.00826,0.64056,0.46727,0.44501,13.62103,1,0.11539,0.01483,1.32189,0.00296,1,1,0.05478,0.00402,0.6029,0.73062,0.46635,17.68798,1,0.09064,0.04213,1.30469,0.00432,1,1,participant_9,question_14,Timer-Correct,True,Question,NOT_RANDOM,0
0.0,0,38,1,0.10639,0.03918,0,0.95938,0.85648,0.03979,8056,3421.65991,1,0.10587,0.01958,-0.00674,0.00788,0.60761,0.46575,0.44466,13.62664,1,0.11998,0.02918,1.30469,0.00298,1,1,0.05578,0.00447,0.62149,0.72872,0.46411,17.18017,1,0.0928,0.04917,1.29563,0.00359,1,1,participant_9,question_14,Timer-Correct,True,Question,NOT_RANDOM,0
0.0,0,38,1,0.12242,0.02618,0,0.95938,0.85648,0.04614,8056,3421.65991,1,0.10794,0.02041,-0.00674,0.00788,0.60761,0.46479,0.44454,13.57015,1,0.14983,0.01857,1.2785,0.00301,1,1,0.05578,0.00447,0.62149,0.72778,0.46333,17.33914,1,0.09501,0.0338,1.28665,0.00351,1,1,participant_9,question_14,Timer-Correct,True,Question,NOT_RANDOM,0
0.0,0,38,1,0.12446,0.02902,0,0.95938,0.85648,0.05298,8056,3421.65991,1,0.10978,0.02136,-0.00674,0.00788,0.60761,0.46446,0.44447,13.59734,1,0.14607,-0.00415,1.26952,0.00285,1,1,0.05578,0.00447,0.62149,0.72756,0.46466,18.65597,1,0.10285,0.06219,1.27767,0.00414,1,1,participant_9,question_14,Timer-Correct,True,Question,NOT_RANDOM,0
0.0,0,38,1,0.1214,0.0187,0,0.95938,0.85648,0.05981,8056,3421.65991,1,0.11094,0.0211,-0.00778,0.00846,0.64063,0.46304,0.44404,13.36253,1,0.14399,-0.01137,1.27767,0.00294,1,1,0.05666,0.00499,0.63932,0.72589,0.46205,17.12539,1,0.0988,0.04877,1.29488,0.0035,1,1,participant_9,question_14,Timer-Correct,True,Other,NOT_RANDOM,0
0.0,0,38,1,0.09687,0.02298,0,0.95938,0.85648,0.06641,8056,3421.65991,1,0.10966,0.02127,-0.00778,0.00846,0.64063,0.46214,0.44387,13.71998,1,0.11664,0.03873,1.31201,0.00295,1,1,0.05666,0.00499,0.63932,0.72484,0.46143,17.15776,1,0.07711,0.00724,1.32106,0.00347,1,1,participant_9,question_14,Timer-Correct,True,Other,NOT_RANDOM,0
0.0,0,38,1,0.10664,0.00295,0,0.95938,0.85648,0.07275,8056,3421.65991,1,0.10941,0.01974,-0.00778,0.00846,0.64063,0.46173,0.44386,13.26503,1,0.12997,-0.00711,1.33819,0.00292,1,1,0.05666,0.00499,0.63932,0.72485,0.46232,17.71197,1,0.08331,0.01301,1.34725,0.00424,1,1,participant_9,question_14,Timer-Correct,True,Other,NOT_RANDOM,0
0.0,0,38,1,0.10645,0.00229,0,0.95938,0.85648,0.07959,8056,3421.65991,1,0.10918,0.0184,-0.00809,0.00814,0.61345,0.46017,0.44371,13.39568,1,0.12768,-0.01472,1.34725,0.00296,1,1,0.05298,0.00508,0.60505,0.72298,0.46018,16.7635,1,0.08522,0.0193,1.3391,0.00351,1,1,participant_9,question_14,Timer-Correct,True,Other,NOT_RANDOM,0
0.0,0,38,1,0.10953,0.01907,0,0.95938,0.85648,0.08643,8056,3421.65991,1,0.10921,0.01845,-0.00809,0.00814,0.61345,0.45929,0.44357,13.69631,1,0.13073,-0.00118,1.32197,0.00294,1,1,0.05298,0.00508,0.60505,0.72192,0.45966,17.20394,1,0.08832,0.03932,1.30476,0.00355,1,1,participant_9,question_14,Timer-Correct,True,Other,NOT_RANDOM,0
0.0,0,38,1,0.11056,0.0542,0,0.95938,0.83333,0.09277,8056,3421.65991,1,0.1093,0.02083,-0.00809,0.00814,0.61345,0.45889,0.44353,13.56401,1,0.13495,0.00413,1.28763,0.00292,1,1,0.05298,0.00508,0.60505,0.72201,0.46078,17.71717,1,0.08616,0.10427,1.27043,0.00416,1,1,participant_9,question_14,Timer-Correct,True,Question,NOT_RANDOM,0
0.0,0,38,1,0.11725,0.07542,0,0.95938,0.83333,0.09985,8056,3421.65991,1,0.10979,0.02424,-0.009,0.00843,0.62813,0.4573,0.44342,13.63287,1,0.14177,0.02684,1.26141,0.00294,1,1,0.05207,0.00543,0.60286,0.72004,0.45856,16.85659,1,0.09274,0.12399,1.2442,0.00357,1,1,participant_9,question_14,Timer-Correct,True,Question,NOT_RANDOM,0
0.0,0,38,1,0.12595,0.05827,0,0.95938,0.83333,0.10669,8056,3421.65991,1,0.11074,0.02624,-0.009,0.00843,0.62813,0.45651,0.44329,13.30977,1,0.12858,0.01939,1.25232,0.00297,1,1,0.05207,0.00543,0.60286,0.71899,0.45802,17.24606,1,0.12333,0.09714,1.25232,0.00355,1,1,participant_9,question_14,Timer-Correct,True,Question,NOT_RANDOM,0
0.0,0,38,1,0.14913,0.03779,0,0.95938,0.83333,0.11328,8056,3421.65991,1,0.11288,0.02689,-0.009,0.00843,0.62813,0.45621,0.44326,13.65876,1,0.16265,0.0165,1.26043,0.00295,1,1,0.05207,0.00543,0.60286,0.71911,0.45949,17.66434,1,0.13561,0.05907,1.26043,0.00436,1,1,participant_9,question_14,Timer-Correct,True,Question,NOT_RANDOM,0
0.0,0,38,1,0.14913,0.03779,0,0.95938,0.83333,0.11987,8056,3421.65991,1,0.11478,0.02746,-0.00929,0.0082,0.60711,0.45521,0.44313,13.56447,1,0.16265,0.0165,1.26043,0.00295,1,1,0.05144,0.00564,0.60186,0.71789,0.45691,17.1052,1,0.13561,0.05907,1.26043,0.0035,1,1,participant_9,question_14,Timer-Correct,True,Question,NOT_RANDOM,0
0.0,0,38,1,0.14935,0.05194,0,0.95312,0.77593,0.12671,8056,3421.65991,1,0.11651,0.02868,-0.00929,0.0082,0.60711,0.45476,0.44305,13.539,1,0.1578,0.05303,1.25232,0.003,1,1,0.05144,0.00564,0.60186,0.71693,0.45644,17.2357,1,0.1409,0.05085,1.25232,0.00351,1,1,participant_9,question_14,Timer-Correct,True,Question,NOT_RANDOM,0
0.0,0,38,1,0.1426,0.08833,0,0.95312,0.77593,0.13354,8056,3421.65991,1,0.11776,0.03152,-0.00929,0.0082,0.60711,0.45423,0.44299,13.49116,1,0.15034,0.07915,1.2442,0.0029,1,1,0.05144,0.00564,0.60186,0.71655,0.45618,17.05444,1,0.13487,0.09752,1.2442,0.00353,1,1,participant_9,question_14,Timer-Correct,True,Question,NOT_RANDOM,0
0.0,0,38,1,0.14264,0.0882,0,0.95312,0.77593,0.14014,8056,3421.65991,1,0.11889,0.0341,-0.00989,0.00824,0.6104,0.45295,0.44278,13.54183,1,0.15244,0.08596,1.23609,0.00301,1,1,0.05506,0.00646,0.65211,0.71525,0.45557,17.03106,1,0.13284,0.09044,1.2533,0.0036,1,1,participant_9,question_14,Timer-Correct,True,Question,NOT_RANDOM,0
0.0,0,38,1,0.14301,0.07958,0,0.95312,0.77593,0.14697,8056,3421.65991,1,0.11994,0.03608,-0.00989,0.00824,0.6104,0.45215,0.44275,13.59952,1,0.16871,0.06318,1.2533,0.00295,1,1,0.05506,0.00646,0.65211,0.71438,0.45503,17.23919,1,0.11732,0.09598,1.2705,0.00352,1,1,participant_9,question_14,Timer-Correct,True,Question,NOT_RANDOM,0
0.0,0,38,1,0.14882,0.02848,0,0.93854,0.72222,0.15356,8056,3421.65991,1,0.12114,0.03576,-0.00989,0.00824,0.6104,0.4518,0.44279,13.30219,1,0.19104,0.02329,1.2705,0.00292,1,1,0.05506,0.00646,0.65211,0.7144,0.45638,18.00886,1,0.1066,0.03367,1.28771,0.00429,1,1,participant_9,question_14,Timer-Correct,True,Question,NOT_RANDOM,0
0.0,0,38,1,0.14493,0.01417,0,0.93854,0.72222,0.1604,8056,3421.65991,1,0.12209,0.0349,-0.01046,0.0084,0.61192,0.45052,0.44254,13.26815,1,0.18722,0.00836,1.28771,0.00292,1,1,0.05319,0.0065,0.63681,0.7128,0.45407,17.27384,1,0.10264,0.01998,1.30492,0.00351,1,1,participant_9,question_14,Timer-Correct,True,Other,NOT_RANDOM,0
0.0,0,38,1,0.14402,-0.00155,0,0.93854,0.72222,0.16675,8056,3421.65991,1,0.12293,0.0335,-0.01046,0.0084,0.61192,0.44973,0.44233,13.6249,1,0.18193,-0.0191,1.30492,0.00295,1,1,0.05319,0.0065,0.63681,0.7119,0.45351,17.06522,1,0.10611,0.016,1.30492,0.00353,1,1,participant_9,question_14,Timer-Correct,True,Other,NOT_RANDOM,0
0.0,0,38,1,0.13038,0.03365,0,0.93854,0.72222,0.17383,8056,3421.65991,1,0.12321,0.0335,-0.01046,0.0084,0.61192,0.44947,0.44236,13.33609,1,0.15967,0.01858,1.30492,0.00292,1,1,0.05319,0.0065,0.63681,0.71175,0.45487,18.4747,1,0.10109,0.04872,1.30492,0.00425,1,1,participant_9,question_14,Timer-Correct,True,Question,NOT_RANDOM,0
0.0,0,38,1,0.13238,0.04031,0,0.93854,0.72222,0.18042,8056,3421.65991,1,0.12354,0.03374,-0.01101,0.00845,0.61201,0.4482,0.44215,13.35134,1,0.15967,0.01858,1.30492,0.0029,1,1,0.05045,0.00661,0.61176,0.71041,0.45249,17.01562,1,0.10509,0.06204,1.28771,0.00349,1,1,participant_9,question_14,Timer-Correct,True,Question,NOT_RANDOM,0
0.0,0,38,1,0.1364,0.05657,0,0.91615,0.65926,0.18726,8056,3421.65991,1,0.12398,0.03453,-0.01101,0.00845,0.61201,0.44739,0.44191,13.72167,1,0.16699,0.03736,1.28771,0.00293,1,1,0.05045,0.00661,0.61176,0.70943,0.45211,17.32439,1,0.1058,0.07579,1.2705,0.00356,1,1,participant_9,question_14,Timer-Correct,True,Question,NOT_RANDOM,0
0.0,0,38,1,0.13322,0.04168,0,0.91615,0.65926,0.19409,8056,3421.65991,1,0.12429,0.03477,-0.01101,0.00845,0.61201,0.44715,0.44183,13.38415,1,0.15511,0.03745,1.2705,0.0029,1,1,0.05045,0.00661,0.61176,0.70934,0.45296,17.59196,1,0.11132,0.04592,1.2533,0.00428,1,1,participant_9,question_14,Timer-Correct,True,Question,NOT_RANDOM,0
0.0,0,38,1,0.13122,0.03479,0,0.91615,0.65926,0.20044,8056,3421.65991,1,0.12451,0.03477,-0.01206,0.00897,0.64321,0.44596,0.44161,13.32713,1,0.15513,0.03751,1.27043,0.00299,1,1,0.05172,0.00707,0.63286,0.70806,0.45091,17.19036,1,0.10732,0.03207,1.27043,0.00354,1,1,participant_9,question_14,Timer-Correct,True,Question,NOT_RANDOM,0
0.0,0,38,1,0.12992,0.0023,0,0.91615,0.65926,0.20728,8056,3421.65991,1,0.12468,0.03376,-0.01206,0.00897,0.64321,0.44534,0.44142,13.33196,1,0.15565,0.01403,1.28756,0.003,1,1,0.05172,0.00707,0.63286,0.70719,0.45034,16.89629,1,0.10419,-0.00944,1.30476,0.00354,1,1,participant_9,question_14,Timer-Correct,True,Other,NOT_RANDOM,0
0.0,0,38,1,0.12272,-0.01172,0,0.91615,0.65926,0.21362,8056,3421.65991,1,0.12462,0.03238,-0.01206,0.00897,0.64321,0.44503,0.44148,13.47256,1,0.1524,-0.03545,1.32189,0.00282,1,1,0.05172,0.00707,0.63286,0.70679,0.45023,17.09068,1,0.09303,0.01201,1.3391,0.00352,1,1,participant_9,question_14,Timer-Correct,True,Other,NOT_RANDOM,0
0.0,0,38,1,0.11469,-0.04006,0,0.88385,0.58889,0.2207,8056,3421.65991,1,0.12433,0.03025,-0.01284,0.00922,0.65356,0.44395,0.44128,13.25851,1,0.14418,-0.06542,1.35623,0.00298,1,1,0.05186,0.00751,0.64164,0.70575,0.44946,16.85196,1,0.0852,-0.0147,1.37344,0.00351,1,1,participant_9,question_14,Timer-Correct,True,Other,NOT_RANDOM,0
0.0,0,38,1,0.11492,-0.00879,0,0.88385,0.58889,0.22729,8056,3421.65991,1,0.12406,0.02913,-0.01284,0.00922,0.65356,0.44321,0.4412,13.24899,1,0.13912,-0.00051,1.37344,0.00295,1,1,0.05186,0.00751,0.64164,0.70487,0.44886,17.05974,1,0.09073,-0.01706,1.37344,0.00349,1,1,participant_9,question_14,Timer-Correct,True,Other,NOT_RANDOM,0
0.0,0,38,1,0.12553,-0.03563,0,0.88385,0.58889,0.23413,8056,3421.65991,1,0.1241,0.02733,-0.01284,0.00922,0.65356,0.44285,0.44109,13.3016,1,0.15743,-0.01598,1.37344,0.00284,1,1,0.05186,0.00751,0.64164,0.70443,0.44864,17.06187,1,0.09363,-0.05528,1.37344,0.00352,1,1,participant_9,question_14,Timer-Correct,True,Other,NOT_RANDOM,0
0.0,0,38,1,0.12553,-0.03563,0,0.88385,0.58889,0.24097,8056,3421.65991,1,0.12414,0.02563,-0.01317,0.00904,0.64122,0.44175,0.44097,13.58586,1,0.15743,-0.01598,1.37344,0.00291,1,1,0.05038,0.00761,0.63034,0.70337,0.44798,16.77789,1,0.09363,-0.05528,1.37344,0.00349,1,1,participant_9,question_14,Timer-Correct,True,Other,NOT_RANDOM,0
0.0,0,38,1,0.08745,-0.02426,0,0.85312,0.53704,0.24756,8056,3421.65991,1,0.12317,0.02432,-0.01317,0.00904,0.64122,0.44064,0.44089,13.17477,1,0.11092,-0.01327,1.37344,0.00295,1,1,0.05038,0.00761,0.63034,0.70211,0.44754,16.90572,1,0.06399,-0.03525,1.37344,0.00346,1,1,participant_9,question_14,Timer-Correct,True,Other,NOT_RANDOM,0
0.0,0,38,1,0.06805,0.00284,0,0.85312,0.53704,0.25391,8056,3421.65991,1,0.12176,0.02377,-0.01317,0.00904,0.64122,0.44019,0.44108,12.71197,1,0.09063,-0.0215,1.37344,0.00281,1,1,0.05038,0.00761,0.63034,0.70139,0.44742,16.73582,1,0.04547,0.02719,1.37344,0.00359,1,1,participant_9,question_14,Timer-Correct,True,Other,NOT_RANDOM,0
0.0,0,38,1,0.07255,0.01628,0,0.85312,0.53704,0.26099,8056,3421.65991,1,0.12053,0.02358,-0.01313,0.00863,0.61212,0.43816,0.44087,12.93022,1,0.09531,-0.00737,1.35631,0.00297,1,1,0.05002,0.00801,0.63538,0.69961,0.44682,16.53806,1,0.04979,0.03992,1.35631,0.00354,1,1,participant_9,question_14,Timer-Correct,True,Other,NOT_RANDOM,0
0.0,0,38,1,0.07958,0.03867,0,0.85312,0.53704,0.26099,8056,3421.65991,0,0.10878,-0.00163,-0.01313,0.00863,0.61212,0.43741,0.44101,13.26183,1,0.09504,0.02426,1.33918,0.00288,1,1,0.05002,0.00801,0.63538,0.69888,0.4464,16.87635,1,0.06413,0.05307,1.33918,0.00351,1,1,participant_9,question_14,Timer-Correct,True,Question,NOT_RANDOM,0
0.0,0,38,1,0.08334,0.0228,0,0.85312,0.53704,0.26099,8056,3421.65991,0,0.09606,0.01059,-0.01313,0.00863,0.61212,0.43724,0.44091,12.75351,1,0.10531,0.01641,1.32205,0.00284,1,1,0.05002,0.00801,0.63538,0.6984,0.44623,16.91239,1,0.06137,0.02919,1.32205,0.00349,1,1,participant_9,question_14,Timer-Correct,True,Other,NOT_RANDOM,0
0.0,0,38,1,0.08686,0.03353,0,0.80104,0.46944,0.26099,8056,3421.65991,0,0.09299,0.01823,-0.01391,0.00885,0.62456,0.43612,0.44081,13.10334,1,0.10778,0.0239,1.31303,0.00284,1,1,0.04832,0.008,0.62023,0.69745,0.44583,16.84107,1,0.06594,0.04315,1.30397,0.00352,1,1,participant_9,question_14,Timer-Correct,True,Question,NOT_RANDOM,0
0.0,0,38,1,0.10777,0.03373,0,0.80104,0.46944,0.02051,8057,3421.92725,1,0.09669,0.02211,-0.01391,0.00885,0.62456,0.43555,0.44082,13.12875,1,0.12882,0.00618,1.31209,0.00288,1,1,0.04832,0.008,0.62023,0.6968,0.44525,16.76343,1,0.08673,0.06128,1.30303,0.00349,1,1,participant_9,question_14,Timer-Correct,True,Question,NOT_RANDOM,0
0.0,0,38,1,0.09555,0.02345,0,0.80104,0.46944,0.02686,8057,3421.92725,1,0.09646,0.02238,-0.01391,0.00885,0.62456,0.43532,0.44086,12.95442,1,0.11561,0.0152,1.31115,0.00291,1,1,0.04832,0.008,0.62023,0.6964,0.44508,16.70713,1,0.07548,0.03171,1.30209,0.00348,1,1,participant_9,question_14,Timer-Correct,True,Other,NOT_RANDOM,0
0.0,0,38,1,0.09447,0.0201,0,0.80104,0.46944,0.03369,8057,3421.92725,1,0.09613,0.022,-0.01466,0.0091,0.63892,0.43417,0.44083,12.73163,1,0.11344,0.00842,1.31922,0.0029,1,1,0.04832,0.00827,0.62687,0.69547,0.44453,16.72336,1,0.0755,0.03177,1.30201,0.00347,1,1,participant_9,question_14,Timer-Correct,True,Other,NOT_RANDOM,0
0.0,0,38,1,0.0877,0.03095,0,0.80104,0.46944,0.04004,8057,3421.92725,1,0.09493,0.02328,-0.01466,0.0091,0.63892,0.43376,0.44078,13.03266,1,0.11209,0.01339,1.31103,0.00285,1,1,0.04832,0.00827,0.62687,0.69478,0.44409,16.73412,1,0.06331,0.04852,1.30288,0.00351,1,1,participant_9,question_14,Timer-Correct,True,Question,NOT_RANDOM,0
0.0,0,38,1,0.10347,0.02375,0,0.77969,0.45093,0.04736,8057,3421.92725,1,0.09599,0.02333,-0.01466,0.0091,0.63892,0.43339,0.44083,12.73163,1,0.13163,0.02352,1.31189,0.00291,1,1,0.04832,0.00827,0.62687,0.69438,0.44391,16.77718,1,0.07531,0.02398,1.30374,0.00345,1,1,participant_9,question_14,Timer-Correct,True,Other,NOT_RANDOM,0
0.0,0,38,1,0.1034,0.02358,0,0.77969,0.45093,0.05371,8057,3421.92725,1,0.09682,0.02336,-0.01473,0.00894,0.62384,0.43246,0.44062,13.26816,1,0.13372,0.03032,1.30374,0.00289,1,1,0.04893,0.00865,0.64102,0.69357,0.4434,16.73526,1,0.07308,0.01684,1.3128,0.00348,1,1,participant_9,question_14,Timer-Correct,True,Other,NOT_RANDOM,0
0.0,0,38,1,0.08728,0.03116,0,0.77969,0.45093,0.06079,8057,3421.92725,1,0.09586,0.02414,-0.01473,0.00894,0.62384,0.43207,0.44056,13.13528,1,0.11256,0.02256,1.30378,0.0029,1,1,0.04893,0.00865,0.64102,0.69286,0.44311,16.71526,1,0.062,0.03976,1.32099,0.00348,1,1,participant_9,question_14,Timer-Correct,True,Question,NOT_RANDOM,0
0.0,0,38,1,0.08982,0.01021,0,0.77969,0.45093,0.06689,8057,3421.92725,1,0.09531,0.02288,-0.01473,0.00894,0.62384,0.43178,0.4407,12.91096,1,0.12353,0.00764,1.31197,0.0029,1,1,0.04893,0.00865,0.64102,0.69258,0.44295,16.66389,1,0.05611,0.01277,1.32918,0.00344,1,1,participant_9,question_14,Timer-Correct,True,Other,NOT_RANDOM,0
0.0,0,38,1,0.08771,0.00356,0,0.76302,0.43889,0.07397,8057,3421.92725,1,0.09468,0.02127,-0.01516,0.00897,0.62602,0.43102,0.44069,12.90754,1,0.12138,0.00072,1.32017,0.00291,1,1,0.04864,0.00886,0.64231,0.69187,0.44262,16.72951,1,0.05403,0.0064,1.33737,0.00347,1,1,participant_9,question_14,Timer-Correct,True,Other,NOT_RANDOM,0
0.0,0,38,1,0.0923,0.01506,0,0.76302,0.43889,0.08032,8057,3421.92725,1,0.0945,0.02079,-0.01516,0.00897,0.62602,0.43054,0.44054,13.18711,1,0.10552,-0.00532,1.33737,0.00288,1,1,0.04864,0.00886,0.64231,0.6911,0.44215,16.78028,1,0.07907,0.03543,1.33737,0.00348,1,1,participant_9,question_14,Timer-Correct,True,Other,NOT_RANDOM,0
0.0,0,38,1,0.08609,-0.00279,0,0.76302,0.43889,0.0874,8057,3421.92725,1,0.0939,0.0191,-0.01516,0.00897,0.62602,0.43031,0.44069,12.93454,1,0.12371,-0.01966,1.33737,0.00283,1,1,0.04864,0.00886,0.64231,0.69094,0.44206,16.56943,1,0.04847,0.01408,1.33737,0.00351,1,1,participant_9,question_14,Timer-Correct,True,Other,NOT_RANDOM,0
0.0,0,38,1,0.08378,-0.0101,0,0.76302,0.43889,0.09375,8057,3421.92725,1,0.09322,0.01716,-0.01568,0.00908,0.6339,0.42955,0.44063,12.98679,1,0.1214,-0.02732,1.34639,0.00284,1,1,0.04836,0.00908,0.64364,0.69023,0.44159,16.75584,1,0.04616,0.00712,1.34639,0.00351,1,1,participant_9,question_14,Timer-Correct,True,Other,NOT_RANDOM,0
0.0,0,38,1,0.0939,0.00363,0,0.76302,0.43889,0.10059,8057,3421.92725,1,0.09326,0.01631,-0.01568,0.00908,0.6339,0.42916,0.4406,12.88887,1,0.11479,-0.03101,1.3554,0.00284,1,1,0.04836,0.00908,0.64364,0.68969,0.44138,16.72235,1,0.073,0.03826,1.3554,0.00345,1,1,participant_9,question_14,Timer-Correct,True,Other,NOT_RANDOM,0
0.0,0,38,1,0.06907,-0.015,0,0.76042,0.43611,0.10718,8057,3421.92725,1,0.09184,0.01447,-0.01568,0.00908,0.6339,0.42901,0.44066,12.90476,1,0.08773,-0.04115,1.36442,0.00286,1,1,0.04836,0.00908,0.64364,0.68936,0.4411,16.8569,1,0.05041,0.01114,1.36442,0.0035,1,1,participant_9,question_14,Timer-Correct,True,Other,NOT_RANDOM,0
0.0,0,38,1,0.07123,-0.00847,0,0.76042,0.43611,0.11426,8057,3421.92725,1,0.09069,0.01319,-0.01571,0.00891,0.62182,0.42838,0.44059,12.88943,1,0.08773,-0.04115,1.36442,0.00284,1,1,0.04537,0.00861,0.6076,0.68871,0.44097,16.63646,1,0.05472,0.02422,1.34721,0.00345,1,1,participant_9,question_14,Timer-Correct,True,Other,NOT_RANDOM,0
0.0,0,38,1,0.07704,-0.00205,0,0.76042,0.43611,0.12061,8057,3421.92725,1,0.08998,0.01239,-0.01571,0.00891,0.62182,0.42791,0.44079,12.89022,1,0.09239,-0.01205,1.3382,0.00289,1,1,0.04537,0.00861,0.6076,0.68834,0.44079,16.76552,1,0.06169,0.00795,1.32099,0.0034,1,1,participant_9,question_14,Timer-Correct,True,Other,NOT_RANDOM,0
0.0,0,38,1,0.1074,0.00374,0,0.76042,0.43611,0.1272,8057,3421.92725,1,0.09085,0.01196,-0.01571,0.00891,0.62182,0.42771,0.44065,13.04299,1,0.12879,-0.01248,1.31197,0.00291,1,1,0.04537,0.00861,0.6076,0.68814,0.44065,16.35495,1,0.08602,0.01995,1.29477,0.00342,1,1,participant_9,question_14,Timer-Correct,True,Other,NOT_RANDOM,0
0.0,0,38,1,0.11189,0.01864,0,0.76042,0.43611,0.13403,8057,3421.92725,1,0.09185,0.01228,-0.01591,0.00891,0.62214,0.42731,0.44052,13.01234,1,0.13558,0.01012,1.28575,0.00291,1,1,0.04787,0.00929,0.64488,0.68764,0.44035,16.5926,1,0.0882,0.02716,1.28575,0.00342,1,1,participant_9,question_14,Timer-Correct,True,Other,NOT_RANDOM,0
0.0,0,38,1,0.10516,0.05257,0,0.76042,0.43611,0.14087,8057,3421.92725,1,0.09245,0.01411,-0.01591,0.00891,0.62214,0.42696,0.44065,13.2732,1,0.12394,0.04009,1.28575,0.0029,1,1,0.04787,0.00929,0.64488,0.68721,0.44024,16.51244,1,0.08638,0.06504,1.30296,0.00345,1,1,participant_9,question_14,Timer-Correct,True,Question,NOT_RANDOM,0
0.0,0,38,1,0.09533,0.03695,0,0.76042,0.43611,0.14722,8057,3421.92725,1,0.09258,0.0151,-0.01591,0.00891,0.62214,0.4268,0.44073,13.07568,1,0.12948,0.02657,1.30296,0.00281,1,1,0.04787,0.00929,0.64488,0.68707,0.44016,16.42984,1,0.06118,0.04733,1.32017,0.00352,1,1,participant_9,question_14,Timer-Correct,True,Question,NOT_RANDOM,0
0.0,0,38,1,0.09091,0.02321,0,0.76042,0.43611,0.1543,8057,3421.92725,1,0.09251,0.01544,-0.01642,0.00905,0.63483,0.42643,0.44075,12.66979,1,0.125,0.01215,1.32017,0.00299,1,1,0.04703,0.00926,0.63615,0.68672,0.43994,16.53862,1,0.05683,0.03426,1.33737,0.00345,1,1,participant_9,question_14,Timer-Correct,True,Other,NOT_RANDOM,0
0.0,0,38,1,0.12726,-0.00473,0,0.76042,0.43611,0.16064,8057,3421.92725,1,0.0939,0.01463,-0.01642,0.00905,0.63483,0.42673,0.44078,13.03266,1,0.15539,-0.01477,1.33737,0.00285,1,1,0.04703,0.00926,0.63615,0.68708,0.43988,16.57178,1,0.09914,0.0053,1.33737,0.00343,1,1,participant_9,question_14,Timer-Correct,True,Other,NOT_RANDOM,0
0.0,0,38,1,0.15537,-0.03114,0,0.76042,0.43611,0.16772,8057,3421.92725,1,0.09626,0.01287,-0.01642,0.00905,0.63483,0.42715,0.4406,12.98501,1,0.16955,-0.02909,1.33737,0.00283,1,1,0.04703,0.00926,0.63615,0.6874,0.43971,16.31615,1,0.14118,-0.03319,1.33737,0.0034,1,1,participant_9,question_14,Timer-Correct,True,Other,NOT_RANDOM,0
0.0,0,38,1,0.15517,-0.03167,0,0.76042,0.43611,0.17407,8057,3421.92725,1,0.09845,0.01122,-0.01635,0.00914,0.63777,0.42826,0.44059,13.24732,1,0.16752,-0.03685,1.34639,0.00285,1,1,0.04497,0.00892,0.60707,0.68842,0.43932,16.70705,1,0.14282,-0.02648,1.32918,0.00345,1,1,participant_9,question_14,Timer-Correct,True,Other,NOT_RANDOM,0
0.0,0,38,1,0.16529,-0.0359,0,0.76042,0.43611,0.18115,8057,3421.92725,1,0.10083,0.00954,-0.01635,0.00914,0.63777,0.42861,0.44055,13.14061,1,0.1939,-0.03818,1.3382,0.00287,1,1,0.04497,0.00892,0.60707,0.68847,0.43905,16.28412,1,0.13668,-0.03362,1.32099,0.00336,1,1,participant_9,question_14,Timer-Correct,True,Other,NOT_RANDOM,0
0.0,0,38,1,0.17596,-0.0313,0,0.76042,0.43611,0.1875,8057,3421.92725,1,0.10342,0.00813,-0.01635,0.00914,0.63777,0.42853,0.4405,12.92394,1,0.19072,-0.03779,1.33001,0.00286,1,1,0.04497,0.00892,0.60707,0.68842,0.43899,16.22346,1,0.16119,-0.02481,1.3128,0.00339,1,1,participant_9,question_14,Timer-Correct,True,Other,NOT_RANDOM,0
0.0,0,38,1,0.17942,-0.01685,0,0.76042,0.43611,0.19458,8057,3421.92725,1,0.10596,0.0073,-0.01558,0.00865,0.60416,0.42832,0.44048,13.13594,1,0.19609,-0.01565,1.30469,0.00284,1,1,0.04703,0.00935,0.63615,0.68822,0.43896,16.53026,1,0.16274,-0.01806,1.30469,0.00339,1,1,participant_9,question_14,Timer-Correct,True,Other,NOT_RANDOM,0
0.0,0,38,1,0.18095,0.00506,0,0.76042,0.43611,0.19458,8057,3421.92725,0,0.13751,-0.00095,-0.01558,0.00865,0.60416,0.42825,0.44047,13.21354,1,0.20829,0.00021,1.28756,0.00285,1,1,0.04703,0.00935,0.63615,0.68795,0.43876,16.32352,1,0.15361,0.00991,1.30476,0.00334,1,1,participant_9,question_14,Timer-Correct,True,Other,NOT_RANDOM,0
0.0,0,38,1,0.17197,0.00027,0,0.76042,0.43611,0.19458,8057,3421.92725,0,0.15474,-0.00034,-0.01558,0.00865,0.60416,0.42802,0.44056,13.04282,1,0.1968,-0.00189,1.28763,0.00289,1,1,0.04703,0.00935,0.63615,0.68786,0.43867,16.49611,1,0.14715,0.00243,1.30484,0.00336,1,1,participant_9,question_14,Timer-Correct,True,Other,NOT_RANDOM,0
0.0,0,38,1,0.17195,0.0002,0,0.76042,0.43611,0.19458,8057,3421.92725,0,0.16048,-0.00016,-0.01579,0.00872,0.6053,0.42769,0.44043,13.00357,1,0.19678,-0.00196,1.28771,0.00285,1,1,0.04708,0.00959,0.6394,0.68752,0.43856,16.25366,1,0.14713,0.00237,1.30492,0.00336,1,1,participant_9,question_14,Timer-Correct,True,Other,NOT_RANDOM,0
0.0,0,38,1,0.19409,-0.00258,0,0.76042,0.43611,0.02051,8058,3422.12817,1,0.16888,-0.00077,-0.01579,0.00872,0.6053,0.42756,0.44043,13.11468,1,0.22715,-0.02796,1.30492,0.00292,1,1,0.04708,0.00959,0.6394,0.68739,0.43836,16.31072,1,0.16102,0.0228,1.30492,0.00338,1,1,participant_9,question_14,Timer-Correct,True,Other,NOT_RANDOM,0
0.0,0,38,1,0.18573,-0.00569,0,0.76042,0.43611,0.02686,8058,3422.12817,1,0.17225,-0.00175,-0.01579,0.00872,0.6053,0.42743,0.44049,13.16752,1,0.22106,-0.02084,1.30492,0.00282,1,1,0.04708,0.00959,0.6394,0.68723,0.43819,16.27823,1,0.1504,0.00946,1.30492,0.00343,1,1,participant_9,question_14,Timer-Correct,True,Other,NOT_RANDOM,0
0.0,0,38,1,0.18504,-0.00888,0,0.76042,0.43611,0.03369,8058,3422.12817,1,0.17438,-0.00294,-0.01642,0.00898,0.62393,0.42719,0.44038,12.86845,1,0.21948,-0.02799,1.31303,0.00288,1,1,0.04529,0.00926,0.61702,0.68692,0.4381,16.15101,1,0.15059,0.01022,1.30397,0.00336,1,1,participant_9,question_14,Timer-Correct,True,Other,NOT_RANDOM,0
0.0,0,38,1,0.17734,-0.02936,0,0.76042,0.43611,0.04028,8058,3422.12817,1,0.1748,-0.00671,-0.01642,0.00898,0.62393,0.42686,0.44038,13.27695,1,0.19533,-0.04158,1.31209,0.0029,1,1,0.04529,0.00926,0.61702,0.68672,0.43802,16.52487,1,0.15936,-0.01715,1.30303,0.00338,1,1,participant_9,question_14,Timer-Correct,True,Other,NOT_RANDOM,0
0.0,0,38,1,0.17844,-0.02529,0,0.76042,0.43611,0.04736,8058,3422.12817,1,0.17526,-0.00904,-0.01642,0.00898,0.62393,0.42683,0.4403,13.25768,1,0.20696,-0.03731,1.31115,0.00284,1,1,0.04529,0.00926,0.61702,0.6867,0.43798,16.58498,1,0.14992,-0.01326,1.30209,0.00337,1,1,participant_9,question_14,Timer-Correct,True,Other,NOT_RANDOM,0
0.0,0,38,1,0.17944,-0.0211,0,0.76042,0.43611,0.05371,8058,3422.12817,1,0.17572,-0.01038,-0.01652,0.00899,0.62406,0.42676,0.44035,13.14666,1,0.20715,-0.03648,1.3102,0.00291,1,1,0.04382,0.00912,0.59881,0.68646,0.43781,16.33309,1,0.15174,-0.00573,1.293,0.00338,1,1,participant_9,question_14,Timer-Correct,True,Other,NOT_RANDOM,0
0.0,0,38,1,0.18599,-0.00786,0,0.76042,0.43611,0.06055,8058,3422.12817,1,0.17675,-0.01012,-0.01652,0.00899,0.62406,0.42648,0.44026,12.89508,1,0.21385,-0.03232,1.293,0.00287,1,1,0.04382,0.00912,0.59881,0.68622,0.43765,16.49013,1,0.15814,0.0166,1.28485,0.00339,1,1,participant_9,question_14,Timer-Correct,True,Other,NOT_RANDOM,0
0.0,0,38,1,0.17893,-0.01015,0,0.76042,0.43611,0.06665,8058,3422.12817,1,0.17695,-0.01013,-0.01652,0.00899,0.62406,0.42647,0.44017,12.91492,1,0.21024,-0.01968,1.28485,0.00289,1,1,0.04382,0.00912,0.59881,0.68612,0.43759,16.28803,1,0.14763,-0.00063,1.2767,0.0034,1,1,participant_9,question_14,Timer-Correct,True,Other,NOT_RANDOM,0
0.0,0,38,1,0.17884,-0.01029,0,0.76042,0.43611,0.07397,8058,3422.12817,1,0.17711,-0.01014,-0.01651,0.00893,0.62013,0.4263,0.44018,13.23088,1,0.21191,-0.01239,1.2767,0.00285,1,1,0.04704,0.00986,0.64417,0.68597,0.43736,16.54493,1,0.14577,-0.00818,1.28575,0.00335,1,1,participant_9,question_14,Timer-Correct,True,Other,NOT_RANDOM,0
0.0,0,38,1,0.18257,0.01478,0,0.76042,0.43611,0.08057,8058,3422.12817,1,0.17753,-0.00822,-0.01651,0.00893,0.62013,0.42613,0.44009,13.15524,1,0.21647,0.02774,1.28575,0.00283,1,1,0.04704,0.00986,0.64417,0.68584,0.43722,16.22705,1,0.14867,0.00183,1.30296,0.00339,1,1,participant_9,question_14,Timer-Correct,True,Other,NOT_RANDOM,0
0.0,0,38,1,0.18517,-0.00891,0,0.76042,0.43611,0.0874,8058,3422.12817,1,0.17807,-0.00827,-0.01651,0.00893,0.62013,0.42603,0.44027,13.22328,1,0.21172,-0.00799,1.30296,0.00286,1,1,0.04704,0.00986,0.64417,0.6858,0.4371,16.60614,1,0.15862,-0.00983,1.32017,0.00336,1,1,participant_9,question_14,Timer-Correct,True,Other,NOT_RANDOM,0
0.0,0,38,1,0.18344,-0.01641,0,0.76042,0.43611,0.09375,8058,3422.12817,1,0.17843,-0.00882,-0.01663,0.00895,0.62146,0.42597,0.44007,13.08532,1,0.20826,-0.023,1.32017,0.00285,1,1,0.04529,0.00951,0.62142,0.68554,0.43717,16.64479,1,0.15862,-0.00983,1.32017,0.00344,1,1,participant_9,question_14,Timer-Correct,True,Other,NOT_RANDOM,0
0.0,0,38,1,0.18384,-0.00122,0,0.76042,0.43611,0.10083,8058,3422.12817,1,0.17877,-0.00834,-0.01663,0.00895,0.62146,0.4257,0.44006,13.17755,1,0.21591,0.01935,1.32017,0.00291,1,1,0.04529,0.00951,0.62142,0.6855,0.43695,16.56718,1,0.15177,-0.0218,1.30296,0.00344,1,1,participant_9,question_14,Timer-Correct,True,Other,NOT_RANDOM,0
0.0,0,38,1,0.18203,0.02082,0,0.76042,0.43611,0.10718,8058,3422.12817,1,0.17896,-0.00663,-0.01663,0.00895,0.62146,0.42578,0.43994,13.19134,1,0.2123,0.02113,1.30296,0.00298,1,1,0.04529,0.00951,0.62142,0.68528,0.43684,16.68835,1,0.15175,0.0205,1.28575,0.00343,1,1,participant_9,question_14,Timer-Correct,True,Other,NOT_RANDOM,0
0.0,0,38,1,0.18194,0.02064,0,0.76042,0.43611,0.11401,8058,3422.12817,1,0.17913,-0.00511,-0.01731,0.00929,0.64503,0.42568,0.4399,12.95286,1,0.21395,0.0281,1.29477,0.00291,1,1,0.0462,0.00991,0.63517,0.68536,0.4366,16.21797,1,0.14994,0.01317,1.29477,0.00344,1,1,participant_9,question_14,Timer-Correct,True,Other,NOT_RANDOM,0
0.0,0,38,1,0.18659,0.00677,0,0.76042,0.43611,0.12061,8058,3422.12817,1,0.17952,-0.00449,-0.01731,0.00929,0.64503,0.42555,0.43975,12.85765,1,0.21379,0.00507,1.30378,0.00287,1,1,0.0462,0.00991,0.63517,0.6852,0.43641,16.81752,1,0.15939,0.00846,1.32099,0.00339,1,1,participant_9,question_14,Timer-Correct,True,Other,NOT_RANDOM,0
0.0,0,38,1,0.17313,-0.0188,0,0.76042,0.43611,0.12769,8058,3422.12817,1,0.1792,-0.0052,-0.01731,0.00929,0.64503,0.42554,0.43963,13.42687,1,0.20018,-0.0199,1.33001,0.00288,1,1,0.0462,0.00991,0.63517,0.68514,0.43639,16.77189,1,0.14607,-0.0177,1.34721,0.00336,1,1,participant_9,question_14,Timer-Correct,True,Other,NOT_RANDOM,0
0.0,0,38,1,0.16969,-0.03312,0,0.76042,0.43611,0.13403,8058,3422.12817,1,0.17875,-0.00653,-0.01675,0.00915,0.62234,0.42553,0.43961,13.22328,1,0.19665,-0.03473,1.34721,0.00286,1,1,0.0462,0.00991,0.63517,0.68512,0.43619,16.34715,1,0.14272,-0.0315,1.36442,0.00341,1,1,participant_9,question_14,Timer-Correct,True,Other,NOT_RANDOM,0
0.0,0,38,1,0.16626,-0.05319,0,0.76042,0.43611,0.14111,8058,3422.12817,1,0.17818,-0.00865,-0.01675,0.00915,0.62234,0.42548,0.43954,13.17372,1,0.19202,-0.05572,1.3554,0.00288,1,1,0.0462,0.00991,0.63517,0.6851,0.43619,16.78477,1,0.14049,-0.05066,1.3554,0.00341,1,1,participant_9,question_14,Timer-Correct,True,Other,NOT_RANDOM,0
0.0,0,38,1,0.17077,-0.04216,0,0.76042,0.43611,0.14746,8058,3422.12817,1,0.17786,-0.01011,-0.01675,0.00915,0.62234,0.42548,0.43957,13.14992,1,0.19728,-0.04925,1.34639,0.00287,1,1,0.0462,0.00991,0.63517,0.68513,0.43604,16.53612,1,0.14426,-0.03506,1.34639,0.00341,1,1,participant_9,question_14,Timer-Correct,True,Other,NOT_RANDOM,0
0.0,0,38,1,0.17258,-0.03455,0,0.76042,0.43611,0.15405,8058,3422.12817,1,0.17764,-0.01113,-0.01675,0.00915,0.62234,0.42542,0.43942,13.10657,1,0.19913,-0.04139,1.33737,0.00287,1,1,0.0462,0.00996,0.63517,0.68514,0.43593,16.63652,1,0.14603,-0.02771,1.33737,0.00342,1,1,participant_9,question_14,Timer-Correct,True,Other,NOT_RANDOM,0
0.0,0,37,1,0.17115,-0.0319,0,0.76042,0.43611,0.16064,8058,3422.12817,1,0.17738,-0.01196,-0.01675,0.00915,0.62234,0.42546,0.43941,13.10766,1,0.19362,-0.05057,1.33737,0.00285,1,1,0.0462,0.00996,0.63517,0.68507,0.43578,16.37494,1,0.14869,-0.01322,1.33737,0.00346,1,1,participant_9,question_14,Timer-Correct,True,Other,NOT_RANDOM,0
0.0,0,37,1,0.1717,-0.03941,0,0.76042,0.43611,0.16797,8058,3422.12817,1,0.17716,-0.01301,-0.01675,0.00915,0.62234,0.42543,0.43939,13.10004,1,0.195,-0.06042,1.33737,0.00286,1,1,0.0462,0.00996,0.63517,0.68512,0.43574,16.36293,1,0.14839,-0.0184,1.33737,0.00344,1,1,participant_9,question_14,Timer-Correct,True,Other,NOT_RANDOM,0
0.0,0,37,1,0.1717,-0.03941,0,0.76042,0.43611,0.17407,8058,3422.12817,1,0.17696,-0.01399,-0.01675,0.00915,0.62234,0.42562,0.43923,13.02952,1,0.195,-0.06042,1.33737,0.00284,1,1,0.0462,0.0101,0.63517,0.6852,0.43561,16.49023,1,0.14839,-0.0184,1.33737,0.0034,1,1,participant_9,question_14,Timer-Correct,True,Other,NOT_RANDOM,0
0.0,0,37,1,0.18868,-0.04222,0,0.76042,0.43611,0.18115,8058,3422.12817,1,0.17738,-0.015,-0.01675,0.00915,0.62234,0.42566,0.43917,13.0836,1,0.22495,-0.04978,1.33737,0.00288,1,1,0.0462,0.0101,0.63517,0.68538,0.43546,16.63813,1,0.15241,-0.03465,1.33737,0.00342,1,1,participant_9,question_14,Timer-Correct,True,Other,NOT_RANDOM,0
0.0,0,37,1,0.20794,-0.00224,0,0.76042,0.43611,0.1875,8058,3422.12817,1,0.17843,-0.01456,-0.01675,0.00915,0.62234,0.42609,0.43909,12.84858,1,0.23296,0.00061,1.33737,0.00283,1,1,0.0462,0.0101,0.63517,0.68568,0.43561,16.68931,1,0.18292,-0.00509,1.33737,0.00346,1,1,participant_9,question_14,Timer-Correct,True,Other,NOT_RANDOM,0
0.0,0,37,1,0.20873,0.0014,0,0.76042,0.43611,0.19458,8058,3422.12817,1,0.17944,-0.01403,-0.01651,0.00912,0.62013,0.42652,0.439,13.19746,1,0.23296,0.00061,1.33737,0.00282,1,1,0.04543,0.0099,0.6228,0.68608,0.43542,16.70705,1,0.18451,0.00219,1.32832,0.00345,1,1,participant_9,question_14,Timer-Correct,True,Other,NOT_RANDOM,0
0.0,0,37,1,0.19962,-0.00295,0,0.76042,0.43611,0.20093,8058,3422.12817,1,0.18009,-0.01367,-0.01651,0.00912,0.62013,0.42664,0.43894,13.1909,1,0.22649,-0.00669,1.32832,0.0028,1,1,0.04543,0.0099,0.6228,0.68629,0.43536,16.80954,1,0.17275,0.00079,1.31926,0.00349,1,1,participant_9,question_14,Timer-Correct,True,Other,NOT_RANDOM,0
0.0,0,37,1,0.19352,0.00222,0,0.76042,0.43611,0.20752,8058,3422.12817,1,0.18051,-0.01317,-0.01651,0.00912,0.62013,0.42664,0.43894,13.1909,1,0.22584,-0.00025,1.31926,0.0028,1,1,0.04543,0.0099,0.6228,0.68642,0.43526,16.73309,1,0.16119,0.00468,1.3102,0.00351,1,1,participant_9,question_14,Timer-Correct,True,Other,NOT_RANDOM,0
0.0,0,37,1,0.19266,-0.00142,0,0.76042,0.43611,0.21484,8058,3422.12817,1,0.18088,-0.01282,-0.01709,0.00956,0.64372,0.42684,0.43887,13.22014,1,0.22585,-0.00021,1.31922,0.0029,1,1,0.04704,0.01024,0.64417,0.68644,0.43522,16.70559,1,0.15946,-0.00262,1.31922,0.00347,1,1,participant_9,question_14,Timer-Correct,True,Other,NOT_RANDOM,0
0.0,0,37,1,0.19718,-0.0108,0,0.76042,0.43611,0.22144,8058,3422.12817,1,0.18136,-0.01276,-0.01709,0.00956,0.64372,0.42682,0.43871,13.04333,1,0.23286,-0.013,1.32824,0.00282,1,1,0.04704,0.01024,0.64417,0.68645,0.43523,16.68884,1,0.16149,-0.00859,1.33729,0.00347,1,1,participant_9,question_14,Timer-Correct,True,Other,NOT_RANDOM,0
0.0,0,37,1,0.19862,-0.04611,0,0.76042,0.43611,0.22778,8058,3422.12817,1,0.18185,-0.01371,-0.01709,0.00956,0.64372,0.42688,0.43883,13.31165,1,0.22982,-0.04274,1.34631,0.00281,1,1,0.04704,0.01024,0.64417,0.68652,0.43521,16.73311,1,0.16742,-0.04947,1.35536,0.0035,1,1,participant_9,question_14,Timer-Correct,True,Other,NOT_RANDOM,0
0.0,0,37,1,0.19779,-0.05005,0,0.76042,0.43611,0.23486,8058,3422.12817,1,0.18229,-0.01472,-0.01652,0.00932,0.62429,0.42696,0.4387,13.26692,1,0.22817,-0.05063,1.35536,0.00279,1,1,0.0514,0.01118,0.70309,0.68653,0.43513,16.75985,1,0.16742,-0.04947,1.35536,0.00349,1,1,participant_9,question_14,Timer-Correct,True,Other,NOT_RANDOM,0
0.0,0,37,1,0.20827,-0.03611,0,0.76042,0.43611,0.24121,8058,3422.12817,1,0.183,-0.0153,-0.01652,0.00932,0.62429,0.42705,0.43857,13.17738,1,0.24084,-0.0502,1.34635,0.00287,1,1,0.0514,0.01118,0.70309,0.68671,0.43512,16.78778,1,0.17569,-0.02203,1.33729,0.00346,1,1,participant_9,question_14,Timer-Correct,True,Other,NOT_RANDOM,0
0.0,0,37,1,0.21382,-0.01319,0,0.76042,0.43611,0.24805,8058,3422.12817,1,0.18381,-0.01524,-0.01652,0.00932,0.62429,0.42709,0.43863,13.22328,1,0.24483,-0.02029,1.32828,0.00286,1,1,0.0514,0.01118,0.70309,0.68681,0.43512,16.85793,1,0.18281,-0.00608,1.31922,0.00347,1,1,participant_9,question_14,Timer-Correct,True,Other,NOT_RANDOM,0
0.0,0,37,1,0.21843,0.00888,0,0.76562,0.43056,0.25464,8058,3422.12817,1,0.18469,-0.01462,-0.01582,0.00899,0.59958,0.42706,0.4386,13.34277,1,0.2494,0.00245,1.30209,0.00286,1,1,0.04588,0.00996,0.62636,0.68693,0.43506,16.75521,1,0.18746,0.01531,1.29303,0.00354,1,1,participant_9,question_14,Timer-Correct,True,Other,NOT_RANDOM,0
0.0,0,37,1,0.20887,0.01559,0,0.76562,0.43056,0.26172,8058,3422.12817,1,0.1853,-0.01387,-0.01582,0.00899,0.59958,0.42715,0.43866,13.22383,1,0.24147,0.01334,1.28492,0.0028,1,1,0.04588,0.00996,0.62636,0.68695,0.43508,16.85409,1,0.17627,0.01785,1.28492,0.00351,1,1,participant_9,question_14,Timer-Correct,True,Other,NOT_RANDOM,0
0.0,0,37,1,0.20215,0.01794,0,0.76562,0.43056,0.26807,8058,3422.12817,1,0.18571,-0.01309,-0.01582,0.00899,0.59958,0.42723,0.43857,13.21702,1,0.22391,0.00792,1.27681,0.00283,1,1,0.04588,0.00996,0.62636,0.68698,0.4351,17.04869,1,0.18039,0.02796,1.27681,0.00346,1,1,participant_9,question_14,Timer-Correct,True,Other,NOT_RANDOM,0
0.0,0,37,1,0.20131,0.01424,0,0.76562,0.43056,0.27515,8058,3422.12817,1,0.18608,-0.01244,-0.01642,0.00936,0.62393,0.42747,0.43855,13.16762,1,0.22391,0.00792,1.27681,0.00284,1,1,0.04715,0.01022,0.64299,0.68716,0.43518,16.80051,1,0.17871,0.02056,1.28586,0.00351,1,1,participant_9,question_14,Timer-Correct,True,Other,NOT_RANDOM,0
0.0,0,37,1,0.1959,-7e-05,0,0.76562,0.43056,0.28149,8058,3422.12817,1,0.18631,-0.01215,-0.01642,0.00936,0.62393,0.42745,0.43856,13.20848,1,0.22727,0.00044,1.29398,0.00283,1,1,0.04715,0.01022,0.64299,0.68722,0.43519,16.83832,1,0.16452,-0.00058,1.30303,0.00345,1,1,participant_9,question_14,Timer-Correct,True,Other,NOT_RANDOM,0
0.0,0,37,1,0.19852,-0.01705,0,0.77344,0.425,0.28833,8058,3422.12817,1,0.18659,-0.01227,-0.01642,0.00936,0.62393,0.42745,0.43859,13.12462,1,0.23233,-0.02969,1.31115,0.00283,1,1,0.04715,0.01022,0.64299,0.68725,0.43516,16.84668,1,0.16471,-0.00441,1.3202,0.00345,1,1,participant_9,question_14,Timer-Correct,True,Other,NOT_RANDOM,0
0.0,0,37,1,0.19364,-0.03925,0,0.77344,0.425,0.29468,8058,3422.12817,1,0.18674,-0.01286,-0.01688,0.00965,0.64332,0.42771,0.43837,13.10234,1,0.22748,-0.05285,1.33733,0.00288,1,1,0.04715,0.01022,0.64299,0.68732,0.43525,16.89251,1,0.1598,-0.02565,1.34639,0.00348,1,1,participant_9,question_14,Timer-Correct,True,Other,NOT_RANDOM,0
0.0,0,37,1,0.20356,-0.04349,0,0.77344,0.425,0.30176,8058,3422.12817,1,0.18711,-0.01353,-0.01688,0.00965,0.64332,0.42774,0.43847,12.89264,1,0.2351,-0.05665,1.3554,0.00288,1,1,0.04715,0.01022,0.64299,0.6875,0.43534,16.94947,1,0.17202,-0.03034,1.3554,0.00347,1,1,participant_9,question_14,Timer-Correct,True,Other,NOT_RANDOM,0
0.0,0,37,1,0.20509,-0.05762,0,0.77344,0.425,0.30811,8058,3422.12817,1,0.18749,-0.01447,-0.01688,0.00965,0.64332,0.4278,0.43848,12.98999,1,0.23427,-0.0612,1.36442,0.00285,1,1,0.04715,0.01022,0.64299,0.68758,0.43532,16.97538,1,0.17592,-0.05404,1.36442,0.00345,1,1,participant_9,question_14,Timer-Correct,True,Other,NOT_RANDOM,0
0.0,0,37,1,0.20588,-0.05389,0,0.77344,0.425,0.31519,8058,3422.12817,1,0.18788,-0.01529,-0.01668,0.00956,0.63729,0.42787,0.43864,13.21585,1,0.23427,-0.0612,1.36442,0.00286,1,1,0.04624,0.01,0.62864,0.68761,0.43537,16.79729,1,0.1775,-0.04659,1.35536,0.00346,1,1,participant_9,question_14,Timer-Correct,True,Other,NOT_RANDOM,0
0.0,0,37,1,0.19592,-0.04633,0,0.77604,0.42315,0.32153,8058,3422.12817,1,0.18909,-0.01624,-0.01668,0.00956,0.63729,0.42802,0.43859,13.16061,1,0.22868,-0.04864,1.34635,0.00282,1,1,0.04624,0.01,0.62864,0.68764,0.43544,16.99441,1,0.16317,-0.04403,1.33729,0.00346,1,1,participant_9,question_14,Timer-Correct,True,Other,NOT_RANDOM,0
0.0,0,37,1,0.19305,-0.0189,0,0.77604,0.42315,0.32861,8058,3422.12817,1,0.18953,-0.01663,-0.01668,0.00956,0.63729,0.42803,0.43861,13.08375,1,0.21305,-0.01819,1.32828,0.00282,1,1,0.04624,0.01,0.62864,0.68793,0.43554,17.02967,1,0.17305,-0.01961,1.31922,0.0035,1,1,participant_9,question_14,Timer-Correct,True,Other,NOT_RANDOM,0
0.0,0,37,1,0.19565,-0.00738,0,0.77604,0.42315,0.33496,8058,3422.12817,1,0.19002,-0.01679,-0.01613,0.00921,0.62013,0.42821,0.4386,13.21739,1,0.2166,-0.00259,1.3102,0.00289,1,1,0.04708,0.01017,0.6394,0.68793,0.43557,16.93747,1,0.1747,-0.01217,1.3102,0.00346,1,1,participant_9,question_14,Timer-Correct,True,Other,NOT_RANDOM,0
0.0,0,37,1,0.19177,-0.01332,0,0.77604,0.42315,0.34204,8058,3422.12817,1,0.18998,-0.01702,-0.01613,0.00921,0.62013,0.42823,0.43857,13.25179,1,0.22565,-0.00818,1.3102,0.00287,1,1,0.04708,0.01017,0.6394,0.68794,0.43539,17.24412,1,0.1579,-0.01845,1.31926,0.00352,1,1,participant_9,question_14,Timer-Correct,True,Other,NOT_RANDOM,0
0.0,0,37,1,0.1952,-0.01786,0,0.77604,0.42315,0.34839,8058,3422.12817,1,0.19017,-0.01727,-0.01613,0.00921,0.62013,0.42823,0.43857,13.25179,1,0.2272,-0.00797,1.31926,0.00287,1,1,0.04708,0.01017,0.6394,0.688,0.43557,16.74594,1,0.16319,-0.02775,1.32832,0.00353,1,1,participant_9,question_14,Timer-Correct,True,Other,NOT_RANDOM,0
0.0,0,37,1,0.19181,-0.0331,0,0.77604,0.42315,0.35547,8058,3422.12817,1,0.19032,-0.01777,-0.01655,0.00952,0.63792,0.42826,0.43865,13.43093,1,0.22381,-0.02357,1.33733,0.00286,1,1,0.04708,0.01017,0.6394,0.68808,0.43562,16.70033,1,0.15981,-0.04263,1.34639,0.00349,1,1,participant_9,question_14,Timer-Correct,True,Other,NOT_RANDOM,0
0.0,0,37,1,0.18995,-0.05432,0,0.77604,0.42315,0.36182,8058,3422.12817,1,0.19058,-0.01829,-0.01655,0.00952,0.63792,0.42837,0.4387,12.99543,1,0.22054,-0.05801,1.3554,0.00282,1,1,0.04708,0.01017,0.6394,0.68812,0.43557,16.86851,1,0.15936,-0.05062,1.3554,0.00349,1,1,participant_9,question_14,Timer-Correct,True,Other,NOT_RANDOM,0
0.0,0,37,1,0.19166,-0.05858,0,0.77604,0.42315,0.3689,8058,3422.12817,1,0.19085,-0.01899,-0.01655,0.00952,0.63792,0.42833,0.43862,13.06583,1,0.21759,-0.05181,1.36442,0.0028,1,1,0.04708,0.01017,0.6394,0.688,0.43537,17.30573,1,0.16573,-0.06535,1.36442,0.00346,1,1,participant_9,question_14,Timer-Correct,True,Other,NOT_RANDOM,0
0.0,0,37,1,0.19001,-0.06621,0,0.77604,0.42315,0.375,8058,3422.12817,1,0.19107,-0.01993,-0.01667,0.00964,0.6427,0.42835,0.43869,12.90291,1,0.21589,-0.0596,1.37344,0.00281,1,1,0.04708,0.01017,0.6394,0.68801,0.43546,17.05801,1,0.16412,-0.07282,1.37344,0.00347,1,1,participant_9,question_14,Timer-Correct,True,Other,NOT_RANDOM,0
0.0,0,37,1,0.18207,-0.0599,0,0.77604,0.42315,0.38208,8058,3422.12817,1,0.19099,-0.02101,-0.01667,0.00964,0.6427,0.42824,0.43875,12.91711,1,0.21203,-0.07608,1.37344,0.00288,1,1,0.04708,0.01017,0.6394,0.68806,0.43547,17.06766,1,0.1521,-0.04373,1.37344,0.00345,1,1,participant_9,question_14,Timer-Correct,True,Other,NOT_RANDOM,0
0.0,0,37,1,0.18454,-0.05513,0,0.77604,0.42315,0.38892,8058,3422.12817,1,0.19111,-0.02195,-0.01667,0.00964,0.6427,0.42824,0.43875,12.91711,1,0.21677,-0.06383,1.37344,0.00288,1,1,0.04708,0.01017,0.6394,0.68809,0.43536,16.93499,1,0.15231,-0.04644,1.37344,0.00344,1,1,participant_9,question_14,Timer-Correct,True,Other,NOT_RANDOM,0
0.0,0,37,1,0.18454,-0.05513,0,0.77604,0.42315,0.39551,8058,3422.12817,1,0.19123,-0.02288,-0.01667,0.00964,0.6427,0.42833,0.43861,12.93848,1,0.21677,-0.06383,1.37344,0.00285,1,1,0.04708,0.01017,0.6394,0.68805,0.43533,16.96685,1,0.15231,-0.04644,1.37344,0.00346,1,1,participant_9,question_14,Timer-Correct,True,Other,NOT_RANDOM,0
0.0,0,37,1,0.18133,-0.0534,0,0.77604,0.42315,0.40186,8058,3422.12817,1,0.1912,-0.0243,-0.01667,0.00964,0.6427,0.42825,0.43853,13.21661,1,0.21496,-0.06177,1.37344,0.00285,1,1,0.04708,0.01017,0.6394,0.68801,0.43525,16.75154,1,0.14771,-0.04502,1.37344,0.00346,1,1,participant_9,question_14,Timer-Correct,True,Other,NOT_RANDOM,0
0.0,0,37,1,0.18711,-0.06386,0,0.77604,0.42315,0.40894,8058,3422.12817,1,0.19124,-0.02545,-0.01667,0.00964,0.6427,0.42825,0.43853,13.21661,1,0.20771,-0.06553,1.37344,0.00285,1,1,0.04708,0.01017,0.6394,0.68792,0.43522,16.80471,1,0.16651,-0.0622,1.37344,0.0035,1,1,participant_9,question_14,Timer-Correct,True,Other,NOT_RANDOM,0
0.0,0,37,1,0.18879,-0.05625,0,0.77604,0.42315,0.41528,8058,3422.12817,1,0.19135,-0.02628,-0.01613,0.0093,0.62013,0.42825,0.43853,13.21661,1,0.20946,-0.0577,1.36442,0.00285,1,1,0.04708,0.01017,0.6394,0.68785,0.43512,16.97108,1,0.16811,-0.05479,1.36442,0.00351,1,1,participant_9,question_14,Timer-Correct,True,Other,NOT_RANDOM,0
0.0,0,37,1,0.18477,-0.04765,0,0.77604,0.42315,0.42236,8058,3422.12817,1,0.19137,-0.02725,-0.01613,0.0093,0.62013,0.42821,0.43865,13.12212,1,0.214,-0.05959,1.3554,0.00286,1,1,0.04708,0.01017,0.6394,0.68778,0.435,17.1025,1,0.15555,-0.03571,1.3554,0.00346,1,1,participant_9,question_14,Timer-Correct,True,Other,NOT_RANDOM,0
0.0,0,37,1,0.18252,-0.04311,0,0.77604,0.42315,0.42236,8058,3422.12817,0,0.18659,-0.05389,-0.01613,0.0093,0.62013,0.42818,0.43865,13.03054,1,0.20818,-0.05283,1.34639,0.00285,1,1,0.04708,0.01017,0.6394,0.68773,0.43505,17.0615,1,0.15686,-0.03339,1.34639,0.00349,1,1,participant_9,question_14,Timer-Correct,True,Other,NOT_RANDOM,0
0.0,0,37,1,0.18589,-0.02845,0,0.77604,0.42315,0.42236,8058,3422.12817,0,0.18624,-0.04117,-0.01613,0.0093,0.62013,0.42807,0.43857,13.25557,1,0.20996,-0.04493,1.33737,0.0029,1,1,0.04448,0.00963,0.60541,0.68772,0.435,16.79447,1,0.16182,-0.01198,1.32017,0.00351,1,1,participant_9,question_14,Timer-Correct,True,Other,NOT_RANDOM,0
0.0,0,37,1,0.19777,-0.00099,0,0.77604,0.42315,0.42236,8058,3422.12817,0,0.19008,-0.02778,-0.01613,0.0093,0.62013,0.42799,0.43859,13.18813,1,0.23318,-0.02841,1.32017,0.00285,1,1,0.04448,0.00963,0.60541,0.68763,0.43492,16.70666,1,0.16236,0.02643,1.30296,0.00356,1,1,participant_9,question_14,Timer-Correct,True,Other,NOT_RANDOM,0
0.0,0,37,1,0.20784,0.00681,0,0.77604,0.42315,0.02026,8059,3422.55713,1,0.19452,-0.01913,-0.01613,0.0093,0.62013,0.42785,0.4387,13.14943,1,0.23269,-0.00825,1.30296,0.00286,1,1,0.04448,0.00963,0.60541,0.68762,0.43488,16.60283,1,0.18299,0.02187,1.28575,0.00357,1,1,participant_9,question_14,Timer-Correct,True,Other,NOT_RANDOM,0
0.0,0,37,1,0.21102,0.02137,0,0.77604,0.42315,0.02686,8059,3422.55713,1,0.19782,-0.01103,-0.01668,0.00956,0.63729,0.42787,0.43866,13.19377,1,0.2359,0.00681,1.28575,0.00286,1,1,0.0442,0.0097,0.60157,0.68746,0.43476,16.89273,1,0.18614,0.03593,1.26855,0.00349,1,1,participant_9,question_14,Timer-Correct,True,Other,NOT_RANDOM,0
0.0,0,37,1,0.21018,0.02254,0,0.77604,0.42315,0.0332,8059,3422.55713,1,0.19988,-0.00543,-0.01668,0.00956,0.63729,0.42783,0.4386,13.14992,1,0.23637,0.01137,1.26855,0.00287,1,1,0.0442,0.0097,0.60157,0.68749,0.43471,17.07493,1,0.18399,0.03372,1.26855,0.00349,1,1,participant_9,question_14,Timer-Correct,True,Other,NOT_RANDOM,0
0.0,0,37,1,0.20607,0.02386,0,0.7776,0.4213,0.04028,8059,3422.55713,1,0.20077,-0.00125,-0.01668,0.00956,0.63729,0.42781,0.43864,13.09339,1,0.23155,0.01883,1.26855,0.00287,1,1,0.0442,0.0097,0.60157,0.68746,0.43473,17.17217,1,0.18058,0.02889,1.26855,0.00346,1,1,participant_9,question_14,Timer-Correct,True,Other,NOT_RANDOM,0
0.0,0,37,1,0.20531,0.02051,0,0.7776,0.4213,0.04663,8059,3422.55713,1,0.20133,0.00147,-0.01668,0.00956,0.63729,0.42783,0.43857,13.17738,1,0.23155,0.01883,1.26855,0.00287,1,1,0.04529,0.01,0.61702,0.68732,0.43471,17.01288,1,0.17906,0.02219,1.2767,0.00354,1,1,participant_9,question_14,Timer-Correct,True,Other,NOT_RANDOM,0
0.0,0,37,1,0.21439,0.01996,0,0.7776,0.4213,0.05347,8059,3422.55713,1,0.20278,0.00353,-0.01668,0.00956,0.63729,0.42786,0.4386,13.0858,1,0.25435,0.02478,1.2767,0.00287,1,1,0.04529,0.01,0.61702,0.68732,0.43471,17.01288,1,0.17443,0.01515,1.28485,0.00354,1,1,participant_9,question_14,Timer-Correct,True,Other,NOT_RANDOM,0
0.0,0,37,1,0.22486,0.00291,0,0.7776,0.4213,0.06006,8059,3422.55713,1,0.20499,0.00346,-0.01668,0.00956,0.63729,0.42786,0.4386,13.0858,1,0.25867,-0.00048,1.28485,0.00287,1,1,0.04529,0.01,0.61702,0.68739,0.4347,17.12709,1,0.19105,0.00629,1.293,0.00349,1,1,participant_9,question_14,Timer-Correct,True,Other,NOT_RANDOM,0
0.0,0,37,1,0.22266,-0.00779,0,0.77812,0.4213,0.06714,8059,3422.55713,1,0.2066,0.00244,-0.01668,0.00951,0.63729,0.42779,0.43871,13.22885,1,0.25728,-0.00768,1.293,0.00285,1,1,0.04715,0.01042,0.64299,0.6872,0.43469,16.61727,1,0.18803,-0.0079,1.3102,0.00355,1,1,participant_9,question_14,Timer-Correct,True,Other,NOT_RANDOM,0
0.0,0,37,1,0.20568,-0.00917,0,0.77812,0.4213,0.07349,8059,3422.55713,1,0.20652,0.00147,-0.01668,0.00951,0.63729,0.42777,0.43871,13.28286,1,0.24638,-0.01114,1.3102,0.00282,1,1,0.04715,0.01042,0.64299,0.68722,0.4347,16.60532,1,0.16499,-0.0072,1.31926,0.00355,1,1,participant_9,question_14,Timer-Correct,True,Other,NOT_RANDOM,0
0.0,0,37,1,0.20259,-0.01584,0,0.77812,0.4213,0.08057,8059,3422.55713,1,0.20622,0.00014,-0.01668,0.00951,0.63729,0.42773,0.43895,12.84612,1,0.25,-0.01161,1.31926,0.00289,1,1,0.04715,0.01042,0.64299,0.68726,0.43463,16.76155,1,0.15518,-0.02007,1.32832,0.00354,1,1,participant_9,question_14,Timer-Correct,True,Other,NOT_RANDOM,0
0.0,0,37,1,0.20094,-0.02347,0,0.77812,0.4213,0.08667,8059,3422.55713,1,0.20584,-0.00154,-0.01668,0.00942,0.63729,0.42773,0.43895,12.84612,1,0.24844,-0.01947,1.32832,0.00289,1,1,0.04715,0.01042,0.64299,0.68726,0.43463,16.76155,1,0.15344,-0.02747,1.33737,0.00354,1,1,participant_9,question_14,Timer-Correct,True,Other,NOT_RANDOM,0
0.0,0,37,1,0.21221,-0.01908,0,0.77812,0.4213,0.09399,8059,3422.55713,1,0.20627,-0.00271,-0.01668,0.00942,0.63729,0.42781,0.43884,12.84858,1,0.24035,-0.01127,1.33737,0.00283,1,1,0.04715,0.01042,0.64299,0.68729,0.43466,16.68855,1,0.18407,-0.02688,1.33737,0.00349,1,1,participant_9,question_14,Timer-Correct,True,Other,NOT_RANDOM,0
0.0,0,37,1,0.19515,-0.02364,0,0.77917,0.42037,0.10034,8059,3422.55713,1,0.20557,-0.00402,-0.01668,0.00942,0.63729,0.42803,0.43884,12.87431,1,0.22416,-0.02125,1.33737,0.00278,1,1,0.04715,0.01042,0.64299,0.68752,0.43467,17.05522,1,0.16613,-0.02602,1.33737,0.00351,1,1,participant_9,question_14,Timer-Correct,True,Other,NOT_RANDOM,0
0.0,0,37,1,0.19347,-0.0312,0,0.77917,0.42037,0.10718,8059,3422.55713,1,0.20486,-0.00562,-0.01667,0.00954,0.64271,0.42887,0.43887,12.93456,1,0.22247,-0.02901,1.34639,0.0028,1,1,0.04654,0.01019,0.63209,0.68814,0.4346,16.82961,1,0.16447,-0.03339,1.34639,0.00352,1,1,participant_9,question_14,Timer-Correct,True,Other,NOT_RANDOM,0
0.0,0,37,1,0.25121,-0.0633,0,0.77917,0.42037,0.11353,8059,3422.55713,1,0.20744,-0.00882,-0.01667,0.00954,0.64271,0.42978,0.43869,13.54139,1,0.28622,-0.05542,1.3554,0.00287,1,1,0.04654,0.01019,0.63209,0.6891,0.43461,17.29378,1,0.21621,-0.07117,1.3554,0.00363,1,1,participant_9,question_14,Timer-Correct,True,Other,NOT_RANDOM,0
0.0,0,37,1,0.2722,-0.07173,0,0.77917,0.42037,0.12061,8059,3422.55713,1,0.21084,-0.01214,-0.01667,0.00954,0.64271,0.42976,0.43887,13.21423,1,0.31452,-0.06477,1.36442,0.00291,1,1,0.04654,0.01019,0.63209,0.68936,0.4345,16.94967,1,0.22988,-0.07869,1.36442,0.00355,1,1,participant_9,question_14,Timer-Correct,True,Other,NOT_RANDOM,0
0.0,0,37,1,0.27343,-0.06443,0,0.77917,0.42037,0.1272,8059,3422.55713,1,0.21397,-0.01475,-0.01591,0.00929,0.62214,0.43052,0.43884,13.36853,1,0.31452,-0.06477,1.36442,0.00288,1,1,0.04438,0.00975,0.60159,0.68976,0.43452,17.37501,1,0.23233,-0.0641,1.34721,0.00355,1,1,participant_9,question_14,Timer-Correct,True,Other,NOT_RANDOM,0
0.0,0,37,1,0.26796,-0.04055,0,0.77917,0.42037,0.13403,8059,3422.55713,1,0.21654,-0.01598,-0.01591,0.00929,0.62214,0.43061,0.43879,13.59877,1,0.29362,-0.04547,1.3382,0.00288,1,1,0.04438,0.00975,0.60159,0.68976,0.43452,17.37501,1,0.2423,-0.03562,1.32099,0.00355,1,1,participant_9,question_14,Timer-Correct,True,Other,NOT_RANDOM,0
0.0,0,37,1,0.28242,-0.02522,0,0.77917,0.42037,0.14038,8059,3422.55713,1,0.21954,-0.0164,-0.01591,0.00929,0.62214,0.43072,0.43858,13.43965,1,0.31674,-0.02985,1.31197,0.00287,1,1,0.04438,0.00975,0.60159,0.68981,0.43449,17.25564,1,0.24811,-0.02058,1.29477,0.00353,1,1,participant_9,question_14,Timer-Correct,True,Other,NOT_RANDOM,0
0.0,0,37,1,0.28534,-0.0058,0,0.77917,0.42037,0.14746,8059,3422.55713,1,0.2224,-0.01594,-0.01602,0.0094,0.62661,0.43083,0.43853,13.38715,1,0.32003,-0.00641,1.28575,0.00295,1,1,0.04605,0.0101,0.62348,0.68985,0.4345,17.31941,1,0.25064,-0.00518,1.2767,0.00351,1,1,participant_9,question_14,Timer-Correct,True,Other,NOT_RANDOM,0
0.0,0,37,1,0.27848,-0.00325,0,0.77917,0.42037,0.15405,8059,3422.55713,1,0.22474,-0.01541,-0.01602,0.0094,0.62661,0.43084,0.43858,13.52111,1,0.30356,0.0125,1.2767,0.00294,1,1,0.04605,0.0101,0.62348,0.68996,0.43434,16.96917,1,0.25341,-0.019,1.28485,0.00353,1,1,participant_9,question_14,Timer-Correct,True,Other,NOT_RANDOM,0
0.0,0,37,1,0.28121,-0.01422,0,0.77917,0.42037,0.15405,8059,3422.55713,0,0.2495,-0.03216,-0.01602,0.0094,0.62661,0.43072,0.43859,13.53529,1,0.30813,-0.0091,1.28485,0.00287,1,1,0.04605,0.0101,0.62348,0.69004,0.43447,17.22175,1,0.25429,-0.01934,1.293,0.00354,1,1,participant_9,question_14,Timer-Correct,True,Other,NOT_RANDOM,0
0.0,0,37,1,0.27828,-0.03309,0,0.77917,0.42037,0.15405,8059,3422.55713,0,0.26389,-0.03262,-0.01637,0.00963,0.64211,0.43077,0.43856,13.60933,1,0.30583,-0.02447,1.30201,0.00283,1,1,0.04703,0.01031,0.63615,0.69005,0.43428,17.16096,1,0.25074,-0.0417,1.31922,0.00359,1,1,participant_9,question_14,Timer-Correct,True,Other,NOT_RANDOM,0
0.0,0,37,1,0.26511,-0.05426,0,0.78021,0.41944,0.15405,8059,3422.55713,0,0.2643,-0.03983,-0.01637,0.00963,0.64211,0.4308,0.43856,13.60831,1,0.27881,-0.04482,1.32824,0.00284,1,1,0.04703,0.01031,0.63615,0.69008,0.43441,17.16455,1,0.25141,-0.06369,1.33729,0.00353,1,1,participant_9,question_14,Timer-Correct,True,Other,NOT_RANDOM,0
0.0,0,37,1,0.26507,-0.06186,0,0.78021,0.41944,0.01978,8060,3422.71802,1,0.26449,-0.04534,-0.01637,0.00963,0.64211,0.43083,0.43861,13.45257,1,0.2734,-0.04214,1.34631,0.00286,1,1,0.04703,0.01031,0.63615,0.69012,0.43435,17.25746,1,0.25675,-0.08157,1.35536,0.00354,1,1,participant_9,question_14,Timer-Correct,True,Other,NOT_RANDOM,0
0.0,0,37,1,0.26439,-0.06582,0,0.78021,0.41944,0.02661,8060,3422.71802,1,0.26447,-0.04943,-0.01594,0.0094,0.62697,0.43085,0.43866,13.418,1,0.27202,-0.05007,1.35536,0.00283,1,1,0.0467,0.01022,0.63111,0.69014,0.4344,17.24753,1,0.25675,-0.08157,1.35536,0.00355,1,1,participant_9,question_14,Timer-Correct,True,Other,NOT_RANDOM,0
0.0,0,37,1,0.26041,-0.04802,0,0.78021,0.41944,0.03296,8060,3422.71802,1,0.26379,-0.0492,-0.01594,0.0094,0.62697,0.43085,0.43875,13.31579,1,0.28134,-0.03887,1.34635,0.00288,1,1,0.0467,0.01022,0.63111,0.69018,0.43445,17.09374,1,0.23947,-0.05716,1.33729,0.00356,1,1,participant_9,question_14,Timer-Correct,True,Other,NOT_RANDOM,0
0.0,0,37,1,0.25467,-0.0252,0,0.78021,0.41944,0.03979,8060,3422.71802,1,0.26249,-0.04577,-0.01594,0.0094,0.62697,0.43083,0.43876,13.37456,1,0.27996,-0.01163,1.32828,0.00286,1,1,0.0467,0.01022,0.63111,0.69021,0.43445,17.11946,1,0.22939,-0.03876,1.31922,0.00354,1,1,participant_9,question_14,Timer-Correct,True,Other,NOT_RANDOM,0
0.0,0,37,1,0.25663,-0.01399,0,0.78021,0.41944,0.04663,8060,3422.71802,1,0.26176,-0.0418,-0.01632,0.00952,0.64413,0.43089,0.43879,13.30029,1,0.28132,-0.00379,1.31922,0.00287,1,1,0.04497,0.00983,0.60707,0.69033,0.43447,17.13018,1,0.23194,-0.02418,1.30201,0.00357,1,1,participant_9,question_14,Timer-Correct,True,Other,NOT_RANDOM,0
0.0,0,37,1,0.26794,0.01371,0,0.78021,0.41944,0.05371,8060,3422.71802,1,0.26244,-0.03563,-0.01632,0.00952,0.64413,0.43097,0.43884,12.90598,1,0.29862,0.0276,1.31103,0.00286,1,1,0.04497,0.00983,0.60707,0.69042,0.43467,17.0123,1,0.23725,-0.00018,1.30288,0.00351,1,1,participant_9,question_14,Timer-Correct,True,Other,NOT_RANDOM,0
0.0,0,37,1,0.29016,0.21339,0,0.78073,0.41944,0.0603,8060,3422.71802,1,0.26522,-0.01073,-0.01632,0.00952,0.64413,0.43094,0.43991,9.47647,1,0.31187,0.16235,1.31189,0.00265,1,1,0.04497,0.00983,0.60707,0.69052,0.43579,13.098,1,0.26844,0.26443,1.30374,0.00332,1,1,participant_9,question_14,Timer-Correct,True,Question,NOT_RANDOM,0
0.0,0,37,1,0.26833,0.26388,0,0.78073,0.41944,0.06714,8060,3422.71802,1,0.2655,0.01424,-0.01632,0.00952,0.64413,0.43094,0.43991,9.47647,0,0.31187,0.16235,1.31276,0.00265,1,0,0.04497,0.00993,0.60707,0.69057,0.43654,10.66976,1,0.26833,0.26388,1.30461,0.00303,1,1,participant_9,question_14,Timer-Correct,True,Question,NOT_RANDOM,0
0.0,0,37,0,0.26833,0.26388,0,0.78073,0.41944,0.07324,8060,3422.71802,1,0.2655,0.01424,-0.01632,0.00952,0.64413,0.43094,0.43991,9.47647,0,0.31187,0.16235,1.30461,0.00265,1,0,0.04497,0.00993,0.60707,0.69057,0.43654,10.66976,0,0.26833,0.26388,1.30461,0.00303,1,0,participant_9,question_14,Timer-Correct,False,Question,NOT_RANDOM,0
0.0,0,37,0,0.26833,0.26388,0,0.78073,0.41944,0.08008,8060,3422.71802,1,0.2655,0.01424,-0.01632,0.00952,0.64413,0.43094,0.43991,9.47647,0,0.31187,0.16235,1.30461,0.00265,1,0,0.04497,0.00993,0.60707,0.69057,0.43654,10.66976,0,0.26833,0.26388,1.30461,0.00303,1,0,participant_9,question_14,Timer-Correct,False,Question,NOT_RANDOM,0
0.0,0,37,0,0.26833,0.26388,0,0.78073,0.41944,0.08765,8060,3422.71802,1,0.2655,0.01424,-0.01632,0.00952,0.64413,0.43094,0.43991,9.47647,0,0.31187,0.16235,1.30461,0.00265,1,0,0.04497,0.00993,0.60707,0.69057,0.43654,10.66976,0,0.26833,0.26388,1.30461,0.00303,1,0,participant_9,question_14,Timer-Correct,False,Question,NOT_RANDOM,0
0.0,0,37,0,0.26833,0.26388,0,0.78073,0.41944,0.08765,8060,3422.71802,0,0.2671,0.01888,-0.01632,0.00952,0.64413,0.43094,0.43991,9.47647,0,0.31187,0.16235,1.30461,0.00265,1,0,0.04497,0.00993,0.60707,0.69057,0.43654,10.66976,0,0.26833,0.26388,1.30461,0.00303,1,0,participant_9,question_14,Timer-Correct,False,Question,NOT_RANDOM,0
0.0,0,37,0,0.26833,0.26388,0,0.78073,0.41944,0.08765,8060,3422.71802,0,0.2671,0.01888,-0.01632,0.00952,0.64413,0.43094,0.43991,9.47647,0,0.31187,0.16235,1.30461,0.00265,1,0,0.04497,0.00993,0.60707,0.69057,0.43654,10.66976,0,0.26833,0.26388,1.30461,0.00303,1,0,participant_9,question_14,Timer-Correct,False,Question,NOT_RANDOM,0
0.0,0,37,0,0.26833,0.26388,0,0.78073,0.41852,0.08765,8060,3422.71802,0,0.2671,0.01888,-0.01632,0.00952,0.64413,0.43094,0.43991,9.47647,0,0.31187,0.16235,1.30461,0.00265,1,0,0.04497,0.00993,0.60707,0.69057,0.43654,10.66976,0,0.26833,0.26388,1.30461,0.00303,1,0,participant_9,question_14,Timer-Correct,False,Question,NOT_RANDOM,0
0.0,30,37,0,0.26833,0.26388,0,0.78073,0.41852,0.08765,8060,3422.71802,0,0.0,0.0,-0.01632,0.00952,0.64413,0.43094,0.43991,9.47647,0,0.31187,0.16235,1.30461,0.00265,1,0,0.04497,0.00993,0.60707,0.69057,0.43654,10.66976,0,0.26833,0.26388,1.30461,0.00303,1,0,participant_9,question_14,Timer-Correct,True,Question,NOT_RANDOM,0
0.0,30,37,0,0.26833,0.26388,0,0.78073,0.41852,0.08765,8060,3422.71802,0,0.0,0.0,-0.01632,0.00952,0.64413,0.43094,0.43991,9.47647,0,0.31187,0.16235,1.30461,0.00265,1,0,0.04497,0.00993,0.60707,0.69057,0.43654,10.66976,0,0.26833,0.26388,1.30461,0.00303,1,0,participant_9,question_14,Timer-Correct,True,Question,NOT_RANDOM,0
0.0,30,37,0,0.26833,0.26388,0,0.78073,0.41852,0.08765,8060,3422.71802,0,0.0,0.0,-0.01632,0.00952,0.64413,0.43094,0.43991,9.47647,0,0.31187,0.16235,1.30461,0.00265,1,0,0.04497,0.00993,0.60707,0.69057,0.43654,10.66976,0,0.26833,0.26388,1.30461,0.00303,1,0,participant_9,question_14,Timer-Correct,True,Question,NOT_RANDOM,0
0.0,30,37,0,0.26833,0.26388,0,0.78073,0.41852,0.08765,8060,3422.71802,0,0.0,0.0,-0.01632,0.00952,0.64413,0.43094,0.43991,9.47647,0,0.31187,0.16235,1.30461,0.00265,1,0,0.04497,0.00993,0.60707,0.69057,0.43654,10.66976,0,0.26833,0.26388,1.30461,0.00303,1,0,participant_9,question_14,Timer-Correct,True,Question,NOT_RANDOM,0
0.0,30,37,0,0.26833,0.26388,0,0.78073,0.41852,0.08765,8060,3422.71802,0,0.0,0.0,-0.01632,0.00952,0.64413,0.43094,0.43991,9.47647,0,0.31187,0.16235,1.30461,0.00265,1,0,0.04497,0.00993,0.60707,0.69057,0.43654,10.66976,0,0.26833,0.26388,1.30461,0.00303,1,0,participant_9,question_14,Timer-Correct,True,Question,NOT_RANDOM,0
0.0,30,37,0,0.26833,0.26388,0,0.78073,0.41852,0.08765,8060,3422.71802,0,0.0,0.0,-0.01632,0.00952,0.64413,0.43094,0.43991,9.47647,0,0.31187,0.16235,1.30461,0.00265,1,0,0.04497,0.00993,0.60707,0.69057,0.43654,10.66976,0,0.26833,0.26388,1.30461,0.00303,1,0,participant_9,question_14,Timer-Correct,True,Question,NOT_RANDOM,0
0.0,30,37,0,0.26833,0.26388,0,0.78073,0.41852,0.08765,8060,3422.71802,0,0.0,0.0,-0.01632,0.00952,0.64413,0.43094,0.43991,9.47647,0,0.31187,0.16235,1.30461,0.00265,1,0,0.04497,0.00993,0.60707,0.69057,0.43654,10.66976,0,0.26833,0.26388,1.30461,0.00303,1,0,participant_9,question_14,Timer-Correct,True,Question,NOT_RANDOM,0
0.0,30,37,0,0.26833,0.26388,0,0.78073,0.41852,0.08765,8060,3422.71802,0,0.0,0.0,-0.01632,0.00952,0.64413,0.43094,0.43991,9.47647,0,0.31187,0.16235,1.30461,0.00265,1,0,0.04497,0.00993,0.60707,0.69057,0.43654,10.66976,0,0.26833,0.26388,1.30461,0.00303,1,0,participant_9,question_14,Timer-Correct,True,Question,NOT_RANDOM,0
0.0,30,37,0,0.26833,0.26388,0,0.78073,0.41852,0.08765,8060,3422.71802,0,0.0,0.0,-0.01632,0.00952,0.64413,0.43094,0.43991,9.47647,0,0.31187,0.16235,1.30461,0.00265,1,0,0.04497,0.00993,0.60707,0.69057,0.43654,10.66976,0,0.26833,0.26388,1.30461,0.00303,1,0,participant_9,question_14,Timer-Correct,True,Question,NOT_RANDOM,0
0.0,30,37,0,0.26833,0.26388,0,0.78073,0.41852,0.08765,8060,3422.71802,0,0.0,0.0,-0.01632,0.00952,0.64413,0.43094,0.43991,9.47647,0,0.31187,0.16235,1.30461,0.00265,1,0,0.04497,0.00993,0.60707,0.69057,0.43654,10.66976,0,0.26833,0.26388,1.30461,0.00303,1,0,participant_9,question_14,Timer-Correct,True,Question,NOT_RANDOM,0
0.0,30,37,0,0.26833,0.26388,0,0.78073,0.41852,0.08765,8060,3422.71802,0,0.0,0.0,-0.01632,0.00952,0.64413,0.43094,0.43991,9.47647,0,0.31187,0.16235,1.30461,0.00265,1,0,0.04497,0.00993,0.60707,0.69057,0.43654,10.66976,0,0.26833,0.26388,1.30461,0.00303,1,0,participant_9,question_14,Timer-Correct,True,Question,NOT_RANDOM,0
0.0,30,37,0,0.26833,0.26388,0,0.78073,0.41852,0.08765,8060,3422.71802,0,0.0,0.0,-0.01632,0.00952,0.64413,0.43094,0.43991,9.47647,0,0.31187,0.16235,1.30461,0.00265,1,0,0.04497,0.00993,0.60707,0.69057,0.43654,10.66976,0,0.26833,0.26388,1.30461,0.00303,1,0,participant_9,question_14,Timer-Correct,True,Question,NOT_RANDOM,0
0.0,30,37,0,0.26833,0.26388,0,0.78073,0.41852,0.08765,8060,3422.71802,0,0.0,0.0,-0.01632,0.00952,0.64413,0.43094,0.43991,9.47647,0,0.31187,0.16235,1.30461,0.00265,1,0,0.04497,0.00993,0.60707,0.69057,0.43654,10.66976,0,0.26833,0.26388,1.30461,0.00303,1,0,participant_9,question_14,Timer-Correct,True,Question,NOT_RANDOM,0
0.08581,0,38,1,0.3208,0.01931,0,0.78073,0.41852,0.08765,8060,3422.71802,0,0.1604,0.00965,-0.01632,0.00952,0.64413,0.69205,0.43599,17.33143,1,0.3208,0.01931,1.30461,0.00359,1,1,0.04497,0.00993,0.60707,0.69057,0.43654,10.66976,0,0.26833,0.26388,1.30461,0.00303,1,0,participant_9,question_14,Timer-Correct,True,Other,NOT_RANDOM,0
0.0,0,38,1,0.32292,0.03407,0,0.78073,0.41852,0.08765,8060,3422.71802,0,0.21457,0.01779,0.04567,0.0095,0.60909,0.69243,0.43608,17.05651,1,0.32292,0.03407,1.28748,0.00362,1,1,0.04497,0.00993,0.60707,0.69057,0.43654,10.66976,0,0.26833,0.26388,1.28748,0.00303,1,0,participant_9,question_14,Timer-Correct,True,Question,NOT_RANDOM,0
0.0,0,38,1,0.26592,0.02703,0,0.78073,0.41852,0.08765,8060,3422.71802,0,0.30322,0.0268,0.04567,0.0095,0.60909,0.43323,0.44026,13.38346,1,0.30204,0.0257,1.27035,0.00285,1,1,0.04497,0.00993,0.60707,0.69246,0.43624,17.46638,1,0.22981,0.02836,1.27035,0.00354,1,1,participant_9,question_14,Timer-Correct,True,Question,NOT_RANDOM,0
0.0,0,38,1,0.28161,0.02575,0,0.78073,0.41852,0.08765,8060,3422.71802,0,0.29241,0.02628,0.04567,0.0095,0.60909,0.43335,0.44025,13.2749,1,0.31646,0.00282,1.25322,0.00286,1,1,0.04497,0.00993,0.60707,0.69254,0.43623,17.28839,1,0.24675,0.04869,1.25322,0.00354,1,1,participant_9,question_14,Timer-Correct,True,Question,NOT_RANDOM,0
0.0,0,38,1,0.2816,0.02647,0,0.78073,0.41852,0.08765,8060,3422.71802,0,0.28881,0.02634,-0.01465,0.00866,0.60126,0.43359,0.44044,13.44502,1,0.31765,0.01102,1.2442,0.00286,1,1,0.04836,0.01004,0.64364,0.6928,0.43634,17.13212,1,0.24556,0.04193,1.26141,0.00351,1,1,participant_9,question_14,Timer-Correct,True,Question,NOT_RANDOM,0
0.0,0,38,1,0.26622,-0.00581,0,0.78073,0.41852,0.01978,8061,3422.93213,1,0.28316,0.0183,-0.01465,0.00866,0.60126,0.43372,0.44044,13.27281,1,0.2779,-0.00054,1.26952,0.00285,1,1,0.04836,0.01004,0.64364,0.69308,0.43654,17.42582,1,0.25454,-0.01109,1.28673,0.00356,1,1,participant_9,question_14,Timer-Correct,True,Other,NOT_RANDOM,0
0.0,0,38,1,0.25093,-0.02012,0,0.78073,0.41852,0.02637,8061,3422.93213,1,0.27672,0.01062,-0.01465,0.00866,0.60126,0.43386,0.4404,13.18513,1,0.28782,-0.01445,1.29484,0.00286,1,1,0.04836,0.01004,0.64364,0.69297,0.43632,17.06865,1,0.21403,-0.0258,1.31205,0.0036,1,1,participant_9,question_14,Timer-Correct,True,Other,NOT_RANDOM,0
0.0,0,38,1,0.24704,-0.0426,0,0.78073,0.41852,0.03345,8061,3422.93213,1,0.27177,0.00175,-0.01556,0.00928,0.64438,0.43404,0.44046,13.46402,1,0.28275,-0.04501,1.32918,0.00286,1,1,0.04598,0.00953,0.61083,0.69347,0.43807,17.53518,1,0.21132,-0.04018,1.32918,0.00423,1,1,participant_9,question_14,Timer-Correct,True,Other,NOT_RANDOM,0
0.0,0,38,1,0.26553,-0.03839,0,0.78125,0.41852,0.04004,8061,3422.93213,1,0.27088,-0.00398,-0.01556,0.00928,0.64438,0.43419,0.44043,13.32269,1,0.29498,-0.05645,1.3382,0.00286,1,1,0.04598,0.00953,0.61083,0.69339,0.43678,17.69919,1,0.23608,-0.02033,1.32099,0.00351,1,1,participant_9,question_14,Timer-Correct,True,Other,NOT_RANDOM,0
0.0,0,38,1,0.27667,-0.03646,0,0.78125,0.41852,0.04663,8061,3422.93213,1,0.2716,-0.00804,-0.01556,0.00928,0.64438,0.43431,0.44055,13.40794,1,0.31431,-0.06008,1.33001,0.00289,1,1,0.04598,0.00953,0.61083,0.69347,0.43669,17.10923,1,0.23903,-0.01284,1.3128,0.00355,1,1,participant_9,question_14,Timer-Correct,True,Other,NOT_RANDOM,0
0.0,0,38,1,0.2784,-0.02491,0,0.78125,0.41852,0.05396,8061,3422.93213,1,0.27236,-0.00992,-0.01488,0.00896,0.62199,0.43448,0.44052,13.19311,1,0.31647,-0.04453,1.3128,0.00283,1,1,0.04688,0.00966,0.62211,0.69363,0.43675,17.02335,1,0.24033,-0.00529,1.30374,0.0035,1,1,participant_9,question_14,Timer-Correct,True,Other,NOT_RANDOM,0
0.0,0,38,1,0.26863,0.00075,0,0.78125,0.41852,0.0603,8061,3422.93213,1,0.27198,-0.00885,-0.01488,0.00896,0.62199,0.43474,0.44053,13.52111,1,0.28739,-0.01083,1.29473,0.00294,1,1,0.04688,0.00966,0.62211,0.694,0.43764,17.32862,1,0.24988,0.01232,1.30288,0.00429,1,1,participant_9,question_14,Timer-Correct,True,Other,NOT_RANDOM,0
0.0,0,38,1,0.26546,-0.00254,0,0.78125,0.41852,0.06714,8061,3422.93213,1,0.27139,-0.00828,-0.01488,0.00896,0.62199,0.43471,0.44051,13.60831,1,0.29251,-0.00831,1.29386,0.00284,1,1,0.04688,0.00966,0.62211,0.69387,0.43672,17.2206,1,0.23841,0.00323,1.30201,0.00355,1,1,participant_9,question_14,Timer-Correct,True,Other,NOT_RANDOM,0
0.0,0,38,1,0.26487,-0.00615,0,0.78125,0.41852,0.07349,8061,3422.93213,1,0.27085,-0.0081,-0.01551,0.00937,0.65066,0.43489,0.44053,13.40928,1,0.29133,-0.01554,1.30201,0.00285,1,1,0.04632,0.00952,0.6129,0.69401,0.43684,17.06094,1,0.23841,0.00323,1.30201,0.00352,1,1,participant_9,question_14,Timer-Correct,True,Other,NOT_RANDOM,0
0.0,0,38,1,0.26573,-0.00525,0,0.78125,0.41852,0.08057,8061,3422.93213,1,0.27045,-0.00788,-0.01551,0.00937,0.65066,0.435,0.44057,13.26392,1,0.30299,-0.02339,1.31103,0.00296,1,1,0.04632,0.00952,0.6129,0.69417,0.43684,17.11651,1,0.22846,0.01288,1.30288,0.00355,1,1,participant_9,question_14,Timer-Correct,True,Other,NOT_RANDOM,0
0.0,0,38,1,0.26398,-0.00822,0,0.78125,0.41852,0.08691,8061,3422.93213,1,0.26999,-0.00791,-0.01551,0.00937,0.65066,0.43512,0.44056,13.33004,1,0.29098,-0.0254,1.31189,0.00289,1,1,0.04632,0.00952,0.6129,0.69422,0.43683,17.16678,1,0.23698,0.00896,1.30374,0.00352,1,1,participant_9,question_14,Timer-Correct,True,Other,NOT_RANDOM,0
0.0,0,38,1,0.26457,-0.0046,0,0.78125,0.41852,0.09399,8061,3422.93213,1,0.26963,-0.00769,-0.01473,0.00894,0.62384,0.4353,0.44073,13.62166,1,0.29215,-0.01817,1.30374,0.00288,1,1,0.04891,0.00994,0.64644,0.69431,0.43686,17.08986,1,0.23698,0.00896,1.30374,0.00359,1,1,participant_9,question_14,Timer-Correct,True,Other,NOT_RANDOM,0
0.0,0,38,1,0.27008,0.00676,0,0.78125,0.41852,0.10034,8061,3422.93213,1,0.26966,-0.00678,-0.01473,0.00894,0.62384,0.4354,0.44069,13.55196,1,0.28851,-0.0213,1.29473,0.0029,1,1,0.04891,0.00994,0.64644,0.69455,0.43693,17.3187,1,0.25164,0.03482,1.30288,0.0035,1,1,participant_9,question_14,Timer-Correct,True,Other,NOT_RANDOM,0
0.0,0,38,1,0.26898,0.01379,0,0.78125,0.41852,0.10742,8061,3422.93213,1,0.26962,-0.00557,-0.01473,0.00894,0.62384,0.43553,0.44048,13.77208,1,0.29895,-0.00388,1.29386,0.00289,1,1,0.04891,0.00994,0.64644,0.69463,0.43695,17.14473,1,0.23901,0.03147,1.30201,0.00355,1,1,participant_9,question_14,Timer-Correct,True,Other,NOT_RANDOM,0
0.0,0,38,1,0.26841,0.01019,0,0.78125,0.41852,0.11377,8061,3422.93213,1,0.26955,-0.0047,-0.01509,0.00918,0.64094,0.43585,0.44062,13.73644,1,0.29781,-0.01109,1.30201,0.00292,1,1,0.04639,0.00935,0.61135,0.69482,0.43703,16.99647,1,0.23901,0.03147,1.30201,0.00358,1,1,participant_9,question_14,Timer-Correct,True,Other,NOT_RANDOM,0
0.0,0,38,1,0.25388,0.00606,0,0.78125,0.41852,0.12085,8061,3422.93213,1,0.26873,-0.00413,-0.01509,0.00918,0.64094,0.43572,0.44082,13.81194,1,0.29942,-0.02278,1.31103,0.0029,1,1,0.04639,0.00935,0.61135,0.69479,0.43702,16.96396,1,0.20834,0.03491,1.30288,0.00364,1,1,participant_9,question_14,Timer-Correct,True,Other,NOT_RANDOM,0
0.0,0,38,1,0.23243,0.02758,0,0.78125,0.41852,0.1272,8061,3422.93213,1,0.26691,-0.00255,-0.01509,0.00918,0.64094,0.43561,0.44077,13.15947,1,0.26888,0.01066,1.31189,0.00288,1,1,0.04639,0.00935,0.61135,0.69453,0.4371,17.10625,1,0.19598,0.0445,1.30374,0.00355,1,1,participant_9,question_14,Timer-Correct,True,Question,NOT_RANDOM,0
0.0,0,38,1,0.2308,0.02007,0,0.78177,0.41852,0.13403,8061,3422.93213,1,0.26519,-0.00147,-0.01505,0.00901,0.63917,0.43523,0.4408,13.17755,1,0.26874,0.00991,1.31276,0.00292,1,1,0.04864,0.00983,0.64231,0.69403,0.43711,17.06817,1,0.19287,0.03023,1.32181,0.00353,1,1,participant_9,question_14,Timer-Correct,True,Other,NOT_RANDOM,0
0.0,0,38,1,0.23366,-0.00383,0,0.78177,0.41852,0.14062,8061,3422.93213,1,0.26376,-0.00158,-0.01505,0.00901,0.63917,0.43504,0.44107,13.23946,1,0.26056,0.01759,1.32181,0.00288,1,1,0.04864,0.00983,0.64231,0.69392,0.43718,16.99839,1,0.20675,-0.02524,1.33902,0.00352,1,1,participant_9,question_14,Timer-Correct,True,Other,NOT_RANDOM,0
0.0,0,38,1,0.23818,-0.00998,0,0.78177,0.41852,0.14771,8061,3422.93213,1,0.26265,-0.00194,-0.01505,0.00901,0.63917,0.43504,0.44107,13.23946,1,0.26556,0.00923,1.33902,0.00287,1,1,0.04864,0.00983,0.64231,0.69411,0.43728,17.39675,1,0.21081,-0.02918,1.35623,0.00358,1,1,participant_9,question_14,Timer-Correct,True,Other,NOT_RANDOM,0
0.0,0,38,1,0.23823,-0.00975,0,0.78177,0.41852,0.15405,8061,3422.93213,1,0.26163,-0.00227,-0.01455,0.00874,0.62017,0.4354,0.44123,13.36751,1,0.26426,0.00233,1.34721,0.00289,1,1,0.04639,0.00935,0.61135,0.69404,0.4374,17.14689,1,0.21221,-0.02184,1.34721,0.00354,1,1,participant_9,question_14,Timer-Correct,True,Other,NOT_RANDOM,0
0.0,0,38,1,0.20889,-0.00187,0,0.78177,0.41852,0.16089,8061,3422.93213,1,0.25952,-0.00225,-0.01455,0.00874,0.62017,0.43543,0.44127,13.28235,1,0.22941,0.02677,1.3382,0.00287,1,1,0.04639,0.00935,0.61135,0.69424,0.43743,17.11079,1,0.18837,-0.0305,1.32099,0.00355,1,1,participant_9,question_14,Timer-Correct,True,Other,NOT_RANDOM,0
0.0,0,38,1,0.22476,0.00087,0,0.78177,0.41852,0.16748,8061,3422.93213,1,0.25818,-0.00213,-0.01455,0.00874,0.62017,0.43546,0.44126,13.32975,1,0.24688,0.00482,1.31197,0.00284,1,1,0.04639,0.00935,0.61135,0.69436,0.43742,17.15198,1,0.20265,-0.00308,1.29477,0.00351,1,1,participant_9,question_14,Timer-Correct,True,Other,NOT_RANDOM,0
0.0,0,38,1,0.22627,0.00827,0,0.78177,0.41852,0.17407,8061,3422.93213,1,0.257,-0.00174,-0.01519,0.00921,0.6534,0.43561,0.44135,13.23279,1,0.24989,0.01963,1.29477,0.00285,1,1,0.04976,0.01001,0.65454,0.69451,0.43754,17.03847,1,0.20265,-0.00308,1.29477,0.00356,1,1,participant_9,question_14,Timer-Correct,True,Other,NOT_RANDOM,0
0.0,0,38,1,0.23494,-0.02358,0,0.78177,0.41852,0.18066,8061,3422.93213,1,0.25621,-0.00252,-0.01519,0.00921,0.6534,0.43578,0.44141,13.23253,1,0.26179,-0.02726,1.30378,0.00287,1,1,0.04976,0.01001,0.65454,0.69464,0.43764,17.12539,1,0.20808,-0.0199,1.32099,0.00356,1,1,participant_9,question_14,Timer-Correct,True,Other,NOT_RANDOM,0
0.0,0,38,1,0.22839,-0.03903,0,0.78177,0.41852,0.18774,8061,3422.93213,1,0.25525,-0.00378,-0.01519,0.00921,0.6534,0.43589,0.44147,13.41051,1,0.26262,-0.04714,1.33001,0.00289,1,1,0.04976,0.01001,0.65454,0.69466,0.43766,17.14925,1,0.19416,-0.03091,1.34721,0.00357,1,1,participant_9,question_14,Timer-Correct,True,Other,NOT_RANDOM,0
0.0,0,38,1,0.227,-0.04667,0,0.78229,0.41759,0.19434,8061,3422.93213,1,0.25431,-0.00521,-0.01465,0.00887,0.63243,0.43599,0.44163,13.08504,1,0.25985,-0.06242,1.34721,0.00288,1,1,0.04637,0.00927,0.60869,0.69487,0.43764,17.25139,1,0.19416,-0.03091,1.34721,0.00351,1,1,participant_9,question_14,Timer-Correct,True,Other,NOT_RANDOM,0
0.0,0,38,1,0.20241,-0.00873,0,0.78229,0.41759,0.19434,8061,3422.93213,0,0.22716,-0.00722,-0.01465,0.00887,0.63243,0.43608,0.44172,13.59877,1,0.22472,-0.0337,1.3382,0.00288,1,1,0.04637,0.00927,0.60869,0.69501,0.43783,17.05005,1,0.1801,0.01623,1.32099,0.00356,1,1,participant_9,question_14,Timer-Correct,True,Other,NOT_RANDOM,0
0.0,0,38,1,0.21455,0.00665,0,0.78229,0.41759,0.19434,8061,3422.93213,0,0.22086,-0.00029,-0.01465,0.00887,0.63243,0.4361,0.44182,13.30939,1,0.23588,-0.02238,1.31197,0.00292,1,1,0.04637,0.00927,0.60869,0.69507,0.43783,17.13784,1,0.19323,0.03568,1.29477,0.00356,1,1,participant_9,question_14,Timer-Correct,True,Other,NOT_RANDOM,0
0.0,0,38,1,0.21692,0.01785,0,0.78229,0.41759,0.19434,8061,3422.93213,0,0.21955,0.00576,-0.01452,0.00887,0.63271,0.43625,0.44179,13.21327,1,0.23902,-0.00724,1.29477,0.00292,1,1,0.04686,0.00931,0.61456,0.69513,0.43803,17.36997,1,0.19482,0.04294,1.28571,0.00357,1,1,participant_9,question_14,Timer-Correct,True,Other,NOT_RANDOM,0
0.0,0,38,1,0.22717,0.02636,0,0.78229,0.41759,0.02026,8062,3423.1333,1,0.22145,0.01091,-0.01452,0.00887,0.63271,0.43636,0.44175,13.27172,1,0.25346,0.01502,1.29473,0.00286,1,1,0.04686,0.00931,0.61456,0.69529,0.43815,17.11844,1,0.20088,0.0377,1.30288,0.00356,1,1,participant_9,question_14,Timer-Correct,True,Question,NOT_RANDOM,0
0.0,0,38,1,0.23513,0.01129,0,0.78229,0.41759,0.0271,8062,3423.1333,1,0.22419,0.01099,-0.01452,0.00887,0.63271,0.43643,0.44187,13.65937,1,0.26352,0.03288,1.31189,0.00289,1,1,0.04686,0.00931,0.61456,0.69529,0.43812,17.20901,1,0.20673,-0.01031,1.32004,0.00355,1,1,participant_9,question_14,Timer-Correct,True,Other,NOT_RANDOM,0
0.0,0,38,1,0.2316,-0.0067,0,0.78229,0.41759,0.03345,8062,3423.1333,1,0.22542,0.00804,-0.01466,0.00882,0.63892,0.4365,0.44201,13.3197,1,0.26071,0.01845,1.32906,0.00291,1,1,0.04893,0.00962,0.64102,0.69544,0.4382,17.09465,1,0.20249,-0.03185,1.34627,0.00368,1,1,participant_9,question_14,Timer-Correct,True,Other,NOT_RANDOM,0
0.0,0,38,1,0.23235,-0.01034,0,0.78229,0.41759,0.04004,8062,3423.1333,1,0.22641,0.00541,-0.01466,0.00882,0.63892,0.43664,0.44204,13.2507,1,0.25493,0.00025,1.34627,0.00292,1,1,0.04893,0.00962,0.64102,0.69559,0.43839,17.43332,1,0.20977,-0.02094,1.35532,0.00356,1,1,participant_9,question_14,Timer-Correct,True,Other,NOT_RANDOM,0
0.0,0,38,1,0.22587,-0.03025,0,0.78229,0.41759,0.04663,8062,3423.1333,1,0.22634,0.00095,-0.01466,0.00882,0.63892,0.43665,0.44208,13.37828,1,0.26603,-0.00819,1.35532,0.00288,1,1,0.04893,0.00962,0.64102,0.69559,0.43848,17.29969,1,0.18571,-0.0523,1.36438,0.00357,1,1,participant_9,question_14,Timer-Correct,True,Other,NOT_RANDOM,0
0.0,0,38,1,0.22732,-0.0232,0,0.78229,0.41759,0.05322,8062,3423.1333,1,0.22645,-0.00173,-0.01428,0.00862,0.62459,0.43694,0.44227,13.29946,1,0.26602,-0.00822,1.35536,0.00291,1,1,0.04656,0.00913,0.60888,0.69572,0.4385,17.40373,1,0.18861,-0.03818,1.34721,0.00359,1,1,participant_9,question_14,Timer-Correct,True,Other,NOT_RANDOM,0
0.0,0,38,1,0.21869,-0.02731,0,0.78229,0.41759,0.0603,8062,3423.1333,1,0.22568,-0.00429,-0.01428,0.00862,0.62459,0.43694,0.4423,13.26735,1,0.25631,-0.05788,1.3382,0.00292,1,1,0.04656,0.00913,0.60888,0.69581,0.43859,17.51118,1,0.18106,0.00326,1.32099,0.00358,1,1,participant_9,question_14,Timer-Correct,True,Other,NOT_RANDOM,0
0.0,0,38,1,0.21233,-0.00175,0,0.78229,0.41759,0.06665,8062,3423.1333,1,0.22446,-0.00406,-0.01428,0.00862,0.62459,0.43693,0.44239,13.11468,1,0.23847,-0.02884,1.31197,0.00293,1,1,0.04656,0.00913,0.60888,0.69581,0.43869,17.07811,1,0.18618,0.02535,1.29477,0.0036,1,1,participant_9,question_14,Timer-Correct,True,Other,NOT_RANDOM,0
0.0,0,38,1,0.21633,0.01717,0,0.78229,0.41759,0.07349,8062,3423.1333,1,0.22378,-0.00229,-0.01429,0.00863,0.62892,0.43712,0.44242,13.47696,1,0.24322,-0.00563,1.28575,0.0029,1,1,0.0476,0.00923,0.62177,0.69586,0.43893,17.38675,1,0.18943,0.03997,1.2767,0.00358,1,1,participant_9,question_14,Timer-Correct,True,Other,NOT_RANDOM,0
0.0,0,38,1,0.22643,0.03549,0,0.78229,0.41759,0.08008,8062,3423.1333,1,0.22399,0.00062,-0.01429,0.00863,0.62892,0.43708,0.44249,13.54596,1,0.24966,0.01398,1.2767,0.00284,1,1,0.0476,0.00923,0.62177,0.69594,0.43896,17.45927,1,0.2032,0.057,1.28485,0.00359,1,1,participant_9,question_14,Timer-Correct,True,Question,NOT_RANDOM,0
0.0,0,38,1,0.22694,0.02579,0,0.78229,0.41759,0.08716,8062,3423.1333,1,0.2242,0.00242,-0.01429,0.00863,0.62892,0.43712,0.44256,13.53359,1,0.25054,0.00421,1.28485,0.00289,1,1,0.0476,0.00923,0.62177,0.69601,0.43899,17.25813,1,0.20333,0.04738,1.293,0.00365,1,1,participant_9,question_14,Timer-Correct,True,Question,NOT_RANDOM,0
0.0,0,38,1,0.22398,0.01142,0,0.78229,0.41759,0.09351,8062,3423.1333,1,0.22418,0.00302,-0.0141,0.00855,0.62293,0.43717,0.44266,13.23235,1,0.24752,-0.01088,1.30201,0.0029,1,1,0.0476,0.00914,0.62177,0.6961,0.43913,17.26647,1,0.20043,0.03372,1.31016,0.00361,1,1,participant_9,question_14,Timer-Correct,True,Other,NOT_RANDOM,0
0.0,0,38,1,0.20748,-0.00619,0,0.78229,0.41759,0.10034,8062,3423.1333,1,0.22314,0.00244,-0.0141,0.00855,0.62293,0.43694,0.44281,13.21735,1,0.2295,-0.02077,1.31918,0.00288,1,1,0.0476,0.00914,0.62177,0.6959,0.43935,17.39083,1,0.18546,0.00839,1.31918,0.00361,1,1,participant_9,question_14,Timer-Correct,True,Other,NOT_RANDOM,0
0.0,0,38,1,0.19614,-0.01194,0,0.78229,0.41759,0.10693,8062,3423.1333,1,0.22155,0.0016,-0.0141,0.00855,0.62293,0.43694,0.44277,13.32149,1,0.22133,0.003,1.32819,0.00288,1,1,0.0476,0.00914,0.62177,0.69578,0.43932,17.20908,1,0.17096,-0.02688,1.32819,0.00356,1,1,participant_9,question_14,Timer-Correct,True,Other,NOT_RANDOM,0
0.0,0,38,1,0.19841,-0.00179,0,0.78229,0.41759,0.11401,8062,3423.1333,1,0.22027,0.00141,-0.01398,0.00828,0.61355,0.4366,0.44302,13.23946,1,0.22288,0.00989,1.32008,0.00288,1,1,0.04656,0.00895,0.60888,0.69544,0.43961,17.14925,1,0.17394,-0.01347,1.31193,0.00357,1,1,participant_9,question_14,Timer-Correct,True,Other,NOT_RANDOM,0
0.0,0,38,1,0.19371,0.05536,0,0.78229,0.41759,0.12036,8062,3423.1333,1,0.21887,0.00425,-0.01398,0.00828,0.61355,0.43611,0.44316,13.33478,1,0.21993,0.06192,1.2948,0.0029,1,1,0.04656,0.00895,0.60888,0.69497,0.43971,16.89608,1,0.16748,0.04879,1.28665,0.00355,1,1,participant_9,question_14,Timer-Correct,True,Question,NOT_RANDOM,0
0.0,0,38,1,0.18394,0.05062,0,0.78229,0.41759,0.1272,8062,3423.1333,1,0.21712,0.00657,-0.01398,0.00828,0.61355,0.43603,0.4432,13.45121,1,0.20488,0.03733,1.26952,0.00295,1,1,0.04656,0.00895,0.60888,0.69479,0.43973,16.92195,1,0.163,0.06392,1.26137,0.00352,1,1,participant_9,question_14,Timer-Correct,True,Question,NOT_RANDOM,0
0.0,0,38,1,0.1839,0.05052,0,0.78229,0.41759,0.13354,8062,3423.1333,1,0.21554,0.00866,-0.01466,0.00863,0.63892,0.43558,0.44322,13.31922,1,0.20661,0.04434,1.26137,0.0029,1,1,0.04855,0.0093,0.63606,0.69439,0.43988,17.00737,1,0.16119,0.0567,1.27043,0.00353,1,1,participant_9,question_14,Timer-Correct,True,Question,NOT_RANDOM,0
0.0,0,38,1,0.18082,0.03678,0,0.78229,0.41759,0.14062,8062,3423.1333,1,0.21396,0.00994,-0.01466,0.00863,0.63892,0.43565,0.44329,13.53893,1,0.20598,0.04443,1.28756,0.00289,1,1,0.04855,0.0093,0.63606,0.69444,0.43988,17.02872,1,0.15566,0.02914,1.30476,0.00356,1,1,participant_9,question_14,Timer-Correct,True,Question,NOT_RANDOM,0
0.0,0,38,1,0.17514,-0.0218,0,0.78229,0.41759,0.14697,8062,3423.1333,1,0.21227,0.00856,-0.01466,0.00863,0.63892,0.43564,0.44339,13.36647,1,0.1992,-0.04155,1.32189,0.00286,1,1,0.04855,0.0093,0.63606,0.69455,0.43991,16.76255,1,0.15108,-0.00204,1.3391,0.00365,1,1,participant_9,question_14,Timer-Correct,True,Other,NOT_RANDOM,0
0.0,0,38,1,0.16828,-0.05061,0,0.78229,0.41759,0.15405,8062,3423.1333,1,0.21044,0.00609,-0.01466,0.00863,0.63892,0.4356,0.44344,13.41678,1,0.1921,-0.07185,1.35623,0.00287,1,1,0.04893,0.00933,0.64102,0.69449,0.44002,17.0484,1,0.14445,-0.02938,1.37343,0.00356,1,1,participant_9,question_14,Timer-Correct,True,Other,NOT_RANDOM,0
0.0,0,38,1,0.16152,-0.04317,0,0.78229,0.41759,0.1604,8062,3423.1333,1,0.20848,0.00412,-0.01466,0.00863,0.63892,0.43558,0.4434,13.27956,1,0.1867,-0.07023,1.37344,0.00288,1,1,0.04893,0.00933,0.64102,0.69451,0.44007,17.20901,1,0.13634,-0.01612,1.37344,0.00355,1,1,participant_9,question_14,Timer-Correct,True,Other,NOT_RANDOM,0
0.0,0,38,1,0.1353,-0.02676,0,0.78229,0.41759,0.16748,8062,3423.1333,1,0.20567,0.00293,-0.01466,0.00863,0.63892,0.4353,0.44347,13.09039,1,0.15724,-0.05419,1.37344,0.00298,1,1,0.04893,0.00933,0.64102,0.69437,0.44014,17.32544,1,0.11336,0.00067,1.37344,0.00351,1,1,participant_9,question_14,Timer-Correct,True,Other,NOT_RANDOM,0
0.0,0,38,1,0.1353,-0.02676,0,0.78229,0.41759,0.16748,8062,3423.1333,0,0.17666,0.00036,-0.01465,0.00846,0.63016,0.43477,0.44365,13.21094,1,0.15724,-0.05419,1.37344,0.00288,1,1,0.04976,0.00943,0.65454,0.69374,0.44022,17.13391,1,0.11336,0.00067,1.37344,0.00354,1,1,participant_9,question_14,Timer-Correct,True,Other,NOT_RANDOM,0
0.0,0,38,1,0.09911,-0.00773,0,0.78229,0.41759,0.16748,8062,3423.1333,0,0.13789,-0.00369,-0.01465,0.00846,0.63016,0.43392,0.44362,13.2152,1,0.1044,-0.04287,1.37344,0.00293,1,1,0.04976,0.00943,0.65454,0.69259,0.44033,17.30418,1,0.09383,0.02741,1.37344,0.00359,1,1,participant_9,question_14,Timer-Correct,True,Other,NOT_RANDOM,0
0.0,0,38,1,0.08176,-0.00757,0,0.78229,0.41759,0.16748,8062,3423.1333,0,0.11918,-0.00498,-0.01465,0.00846,0.63016,0.4337,0.44367,13.14959,1,0.11272,-0.05074,1.37344,0.00289,1,1,0.04976,0.00943,0.65454,0.69217,0.44031,16.96956,1,0.0508,0.03559,1.37344,0.00358,1,1,participant_9,question_14,Timer-Correct,True,Other,NOT_RANDOM,0
0.0,0,38,1,0.08391,-0.00122,0,0.78229,0.41759,0.02051,8063,3423.30713,1,0.11036,-0.00404,-0.0152,0.00857,0.64574,0.4327,0.44367,13.16766,1,0.11272,-0.05074,1.37344,0.003,1,1,0.04582,0.00873,0.60632,0.69138,0.44036,17.18437,1,0.0551,0.04829,1.35623,0.00357,1,1,participant_9,question_14,Timer-Correct,True,Other,NOT_RANDOM,0
0.0,0,38,1,0.09367,0.01591,0,0.78229,0.41759,0.02661,8063,3423.30713,1,0.10702,-5e-05,-0.0152,0.00857,0.64574,0.43251,0.44368,13.56457,1,0.09272,-0.01659,1.35623,0.00293,1,1,0.04582,0.00873,0.60632,0.69122,0.44033,17.02971,1,0.09461,0.04841,1.33902,0.00359,1,1,participant_9,question_14,Timer-Correct,True,Other,NOT_RANDOM,0
0.0,0,38,1,0.11606,0.02673,0,0.78229,0.41759,0.03369,8063,3423.30713,1,0.10853,0.00441,-0.0152,0.00857,0.64574,0.43248,0.44368,13.56353,1,0.14391,-0.00078,1.33902,0.0029,1,1,0.04582,0.00873,0.60632,0.69106,0.44042,17.1808,1,0.08821,0.05424,1.32181,0.0036,1,1,participant_9,question_14,Timer-Correct,True,Question,NOT_RANDOM,0
0.0,0,38,1,0.12032,0.04113,0,0.78229,0.41759,0.04004,8063,3423.30713,1,0.11021,0.00966,-0.0147,0.00821,0.61869,0.43228,0.44377,13.22747,1,0.15029,0.02118,1.3128,0.00288,1,1,0.04835,0.00923,0.64097,0.69099,0.44037,17.29102,1,0.09035,0.06108,1.3128,0.00357,1,1,participant_9,question_14,Timer-Correct,True,Question,NOT_RANDOM,0
0.0,0,38,1,0.10108,0.04782,0,0.78229,0.41759,0.04712,8063,3423.30713,1,0.10907,0.01443,-0.0147,0.00821,0.61869,0.43202,0.44387,13.19856,1,0.12855,0.03657,1.30378,0.00297,1,1,0.04835,0.00923,0.64097,0.69089,0.4404,17.16593,1,0.07361,0.05906,1.32099,0.00359,1,1,participant_9,question_14,Timer-Correct,True,Question,NOT_RANDOM,0
0.0,0,38,1,0.08838,0.04075,0,0.78229,0.41759,0.05371,8063,3423.30713,1,0.10677,0.01735,-0.0147,0.00821,0.61869,0.43203,0.44385,13.19134,1,0.10995,0.02907,1.31197,0.00299,1,1,0.04835,0.00923,0.64097,0.69081,0.44031,16.8927,1,0.06681,0.05243,1.32918,0.00364,1,1,participant_9,question_14,Timer-Correct,True,Question,NOT_RANDOM,0
0.0,0,38,1,0.08604,0.03363,0,0.78229,0.41759,0.0603,8063,3423.30713,1,0.1047,0.01898,-0.01551,0.00864,0.65066,0.43172,0.44368,13.56457,1,0.10526,0.01482,1.32918,0.00293,1,1,0.04598,0.0088,0.61083,0.69055,0.4402,17.28335,1,0.06681,0.05243,1.32918,0.00357,1,1,participant_9,question_14,Timer-Correct,True,Question,NOT_RANDOM,0
0.0,0,38,1,0.0957,0.02519,0,0.78229,0.41759,0.06714,8063,3423.30713,1,0.10388,0.01954,-0.01551,0.00864,0.65066,0.43167,0.44362,13.14435,1,0.11796,0.00611,1.3382,0.00294,1,1,0.04598,0.0088,0.61083,0.6905,0.44025,17.12796,1,0.07344,0.04427,1.32099,0.00359,1,1,participant_9,question_14,Timer-Correct,True,Question,NOT_RANDOM,0
0.0,0,38,1,0.11322,0.02843,0,0.78229,0.41759,0.07397,8063,3423.30713,1,0.10466,0.02028,-0.01551,0.00864,0.65066,0.4316,0.44373,13.27007,1,0.13243,0.00189,1.33001,0.0029,1,1,0.04598,0.0088,0.61083,0.69041,0.4402,17.14144,1,0.09402,0.05498,1.3128,0.00359,1,1,participant_9,question_14,Timer-Correct,True,Question,NOT_RANDOM,0
0.0,0,38,1,0.1154,0.03566,0,0.78229,0.41759,0.08032,8063,3423.30713,1,0.10549,0.02147,-0.01473,0.00812,0.61191,0.43139,0.44381,13.10283,1,0.13678,0.01634,1.3128,0.0029,1,1,0.04836,0.00936,0.64364,0.69026,0.44007,16.93863,1,0.09402,0.05498,1.3128,0.00362,1,1,participant_9,question_14,Timer-Correct,True,Question,NOT_RANDOM,0
0.0,0,38,1,0.10191,0.02492,0,0.78229,0.41759,0.08789,8063,3423.30713,1,0.10523,0.02171,-0.01473,0.00812,0.61191,0.43121,0.44375,13.39837,1,0.12344,0.01294,1.30378,0.00296,1,1,0.04836,0.00936,0.64364,0.69012,0.44003,17.16129,1,0.08038,0.03691,1.32099,0.00357,1,1,participant_9,question_14,Timer-Correct,True,Other,NOT_RANDOM,0
0.0,0,38,1,0.09224,0.01644,0,0.78229,0.41759,0.09399,8063,3423.30713,1,0.10436,0.02136,-0.01473,0.00812,0.61191,0.4312,0.44368,13.26594,1,0.11555,0.01169,1.31197,0.003,1,1,0.04836,0.00936,0.64364,0.69005,0.44002,17.12041,1,0.06893,0.0212,1.32918,0.00354,1,1,participant_9,question_14,Timer-Correct,True,Other,NOT_RANDOM,0
0.0,0,38,1,0.08782,0.00254,0,0.78229,0.41759,0.10083,8063,3423.30713,1,0.10333,0.02019,-0.01556,0.00865,0.64438,0.43099,0.44352,13.20728,1,0.11093,-0.00279,1.32918,0.003,1,1,0.04836,0.00936,0.64364,0.69002,0.43997,17.01695,1,0.06471,0.00787,1.34639,0.00354,1,1,participant_9,question_14,Timer-Correct,True,Other,NOT_RANDOM,0
0.0,0,38,1,0.0713,-0.00997,0,0.78229,0.41759,0.10767,8063,3423.30713,1,0.10145,0.01841,-0.01556,0.00865,0.64438,0.43091,0.44363,13.225,1,0.08973,-0.01953,1.3554,0.00292,1,1,0.04836,0.00936,0.64364,0.68989,0.43999,16.9415,1,0.05287,-0.0004,1.3554,0.00363,1,1,participant_9,question_14,Timer-Correct,True,Other,NOT_RANDOM,0
0.0,0,38,1,0.09052,-0.02516,0,0.78229,0.41759,0.11426,8063,3423.30713,1,0.10084,0.01599,-0.01556,0.00865,0.64438,0.43094,0.44363,13.18894,1,0.10941,-0.03595,1.36442,0.00292,1,1,0.04836,0.00936,0.64364,0.68976,0.43996,16.93946,1,0.07163,-0.01437,1.36442,0.00358,1,1,participant_9,question_14,Timer-Correct,True,Other,NOT_RANDOM,0
0.0,0,38,1,0.09256,-0.01845,0,0.78229,0.41759,0.12061,8063,3423.30713,1,0.1004,0.01418,-0.01465,0.00807,0.60126,0.43089,0.44356,13.39846,1,0.10941,-0.03595,1.36442,0.00292,1,1,0.04549,0.00887,0.60667,0.68968,0.43986,16.94009,1,0.07571,-0.00095,1.34721,0.00355,1,1,participant_9,question_14,Timer-Correct,True,Other,NOT_RANDOM,0
0.0,0,38,1,0.11105,-0.00454,0,0.78229,0.41759,0.12695,8063,3423.30713,1,0.10094,0.01324,-0.01465,0.00807,0.60126,0.43068,0.4435,13.25818,1,0.12753,-0.02865,1.3382,0.00294,1,1,0.04549,0.00887,0.60667,0.68966,0.43976,17.12019,1,0.09456,0.01957,1.32099,0.00355,1,1,participant_9,question_14,Timer-Correct,True,Other,NOT_RANDOM,0
0.0,0,38,1,0.11689,0.01597,0,0.78229,0.41759,0.13379,8063,3423.30713,1,0.1017,0.01337,-0.01465,0.00807,0.60126,0.43057,0.44345,13.20857,1,0.13354,-0.00837,1.31197,0.00291,1,1,0.04549,0.00887,0.60667,0.68957,0.43972,17.03878,1,0.10024,0.0403,1.29477,0.00356,1,1,participant_9,question_14,Timer-Correct,True,Other,NOT_RANDOM,0
0.0,0,38,1,0.11909,0.02336,0,0.78229,0.41759,0.14087,8063,3423.30713,1,0.10249,0.01383,-0.01579,0.00872,0.64583,0.43055,0.44344,13.1355,1,0.13793,0.00641,1.29477,0.00291,1,1,0.04791,0.00941,0.64029,0.68948,0.43969,16.85836,1,0.10024,0.0403,1.29477,0.00355,1,1,participant_9,question_14,Timer-Correct,True,Other,NOT_RANDOM,0
0.0,0,38,1,0.10372,0.00475,0,0.78229,0.41759,0.14697,8063,3423.30713,1,0.10254,0.01343,-0.01579,0.00872,0.64583,0.43041,0.44337,13.05754,1,0.12476,-0.00098,1.30378,0.00294,1,1,0.04791,0.00941,0.64029,0.68945,0.43961,16.9467,1,0.08268,0.01047,1.32099,0.00356,1,1,participant_9,question_14,Timer-Correct,True,Other,NOT_RANDOM,0
0.0,0,38,1,0.09093,-0.02167,0,0.78229,0.41759,0.1543,8063,3423.30713,1,0.10206,0.01197,-0.01579,0.00872,0.64583,0.43033,0.44337,13.1622,1,0.10533,-0.02893,1.33001,0.00296,1,1,0.04791,0.00941,0.64029,0.68942,0.43968,16.87169,1,0.07652,-0.01441,1.34721,0.00354,1,1,participant_9,question_14,Timer-Correct,True,Other,NOT_RANDOM,0
0.0,0,38,1,0.08656,-0.03585,0,0.78229,0.41759,0.16089,8063,3423.30713,1,0.10144,0.01006,-0.01522,0.00834,0.62088,0.43019,0.44342,13.37249,1,0.10066,-0.04369,1.34721,0.00299,1,1,0.04791,0.00941,0.64029,0.68938,0.4397,16.69081,1,0.07246,-0.028,1.36442,0.00361,1,1,participant_9,question_14,Timer-Correct,True,Other,NOT_RANDOM,0
0.0,0,38,1,0.0867,-0.01439,0,0.78229,0.41759,0.16772,8063,3423.30713,1,0.10087,0.00912,-0.01522,0.00834,0.62088,0.43013,0.44346,13.34058,1,0.11295,-0.05167,1.3554,0.00295,1,1,0.04791,0.00941,0.64029,0.68933,0.4396,17.23521,1,0.06046,0.0229,1.3554,0.00367,1,1,participant_9,question_14,Timer-Correct,True,Other,NOT_RANDOM,0
0.0,0,38,1,0.08371,-0.01719,0,0.78229,0.41759,0.17407,8063,3423.30713,1,0.10023,0.00814,-0.01522,0.00834,0.62088,0.43013,0.44336,13.08458,1,0.10619,-0.05257,1.34639,0.00288,1,1,0.04791,0.00941,0.64029,0.68932,0.43945,17.1739,1,0.06123,0.01819,1.34639,0.00364,1,1,participant_9,question_14,Timer-Correct,True,Other,NOT_RANDOM,0
0.0,0,38,1,0.08812,-0.00321,0,0.78229,0.41759,0.18115,8063,3423.30713,1,0.0998,0.00774,-0.01494,0.0082,0.60761,0.42998,0.44335,13.09212,1,0.11077,-0.03774,1.32926,0.00289,1,1,0.04791,0.00941,0.64029,0.68911,0.43951,17.02814,1,0.06547,0.03132,1.32926,0.00354,1,1,participant_9,question_14,Timer-Correct,True,Other,NOT_RANDOM,0
0.0,0,38,1,0.08761,0.04219,0,0.78229,0.41759,0.1875,8063,3423.30713,1,0.09938,0.00893,-0.01494,0.0082,0.60761,0.42991,0.44329,13.21068,1,0.11187,0.00828,1.32114,0.00305,1,1,0.04791,0.00941,0.64029,0.68909,0.43952,17.12369,1,0.06334,0.0761,1.32114,0.00352,1,1,participant_9,question_14,Timer-Correct,True,Question,NOT_RANDOM,0
0.0,0,38,1,0.08596,0.05391,0,0.78229,0.41759,0.19458,8063,3423.30713,1,0.09893,0.01042,-0.01494,0.0082,0.60761,0.42991,0.44329,13.21068,1,0.10897,0.02912,1.31303,0.00305,1,1,0.04791,0.00941,0.64029,0.68906,0.43965,17.2942,1,0.06295,0.07869,1.31303,0.00354,1,1,participant_9,question_14,Timer-Correct,True,Question,NOT_RANDOM,0
0.0,0,38,1,0.08816,0.0603,0,0.78229,0.41759,0.20093,8063,3423.30713,1,0.09859,0.01203,-0.01529,0.00837,0.61978,0.42994,0.44306,13.44996,1,0.10897,0.02912,1.31303,0.00297,1,1,0.04525,0.00891,0.60597,0.68906,0.43964,17.31417,1,0.06735,0.09147,1.29582,0.00354,1,1,participant_9,question_14,Timer-Correct,True,Question,NOT_RANDOM,0
0.0,0,38,1,0.10849,0.06431,0,0.78229,0.41759,0.20801,8063,3423.30713,1,0.0989,0.01367,-0.01529,0.00837,0.61978,0.4297,0.44292,13.17707,1,0.12919,0.03654,1.30394,0.00299,1,1,0.04525,0.00891,0.60597,0.68907,0.43942,16.87447,1,0.08779,0.09208,1.28673,0.00353,1,1,participant_9,question_14,Timer-Correct,True,Question,NOT_RANDOM,0
0.0,0,38,1,0.10484,0.06729,0,0.78229,0.41759,0.21436,8063,3423.30713,1,0.09908,0.01529,-0.01529,0.00837,0.61978,0.4297,0.44289,13.26503,1,0.10959,0.04013,1.29485,0.00297,1,1,0.04525,0.00891,0.60597,0.68876,0.43944,17.24816,1,0.10009,0.09444,1.27764,0.00363,1,1,participant_9,question_14,Timer-Correct,True,Question,NOT_RANDOM,0
0.0,0,38,1,0.10513,0.068,0,0.78229,0.41759,0.22119,8063,3423.30713,1,0.09925,0.01684,-0.01561,0.00849,0.62905,0.42921,0.4431,13.19338,1,0.11211,0.0477,1.28575,0.00291,1,1,0.04721,0.00931,0.63346,0.68868,0.43942,17.34952,1,0.09815,0.08831,1.28575,0.00357,1,1,participant_9,question_14,Timer-Correct,True,Question,NOT_RANDOM,0
0.0,0,38,1,0.0747,0.07477,0,0.78229,0.41759,0.22778,8063,3423.30713,1,0.09855,0.0185,-0.01561,0.00849,0.62905,0.42883,0.44292,13.23367,1,0.11438,0.06621,1.28575,0.00289,1,1,0.04721,0.00931,0.63346,0.68792,0.4395,17.16312,1,0.03502,0.08333,1.30296,0.00357,1,1,participant_9,question_14,Timer-Correct,True,Question,NOT_RANDOM,0
0.0,0,38,1,0.0788,0.05389,0,0.78229,0.41759,0.23462,8063,3423.30713,1,0.098,0.01948,-0.01561,0.00849,0.62905,0.42883,0.44292,13.23367,1,0.10278,0.04946,1.30296,0.00289,1,1,0.04721,0.00931,0.63346,0.68799,0.43933,17.11109,1,0.05482,0.05832,1.32017,0.0035,1,1,participant_9,question_14,Timer-Correct,True,Question,NOT_RANDOM,0
0.0,0,38,1,0.0764,0.04685,0,0.78229,0.41759,0.24121,8063,3423.30713,1,0.09742,0.02022,-0.01562,0.00849,0.62568,0.42851,0.44299,12.6584,1,0.09797,0.03538,1.32017,0.00296,1,1,0.04514,0.00897,0.6069,0.68775,0.43919,16.77529,1,0.05482,0.05832,1.32017,0.00353,1,1,participant_9,question_14,Timer-Correct,True,Question,NOT_RANDOM,0
0.0,0,38,1,0.07579,0.03717,0,0.78229,0.41759,0.24121,8063,3423.30713,0,0.08814,0.04569,-0.01562,0.00849,0.62568,0.4286,0.44263,13.14772,1,0.09777,0.02875,1.32017,0.00296,1,1,0.04514,0.00897,0.6069,0.68777,0.43915,16.82163,1,0.05381,0.04559,1.30296,0.00354,1,1,participant_9,question_14,Timer-Correct,True,Question,NOT_RANDOM,0
0.0,0,38,1,0.07723,0.06049,0,0.78229,0.41759,0.24121,8063,3423.30713,0,0.08268,0.05309,-0.01562,0.00849,0.62568,0.42854,0.44269,13.12814,1,0.09811,0.04591,1.30296,0.003,1,1,0.04514,0.00897,0.6069,0.68777,0.43915,16.82163,1,0.05634,0.07507,1.28575,0.00354,1,1,participant_9,question_14,Timer-Correct,True,Question,NOT_RANDOM,0
0.0,0,38,1,0.08086,0.071,0,0.78229,0.41759,0.24121,8063,3423.30713,0,0.08208,0.05906,-0.01562,0.00859,0.62568,0.42836,0.44276,13.01633,1,0.10299,0.06004,1.28575,0.00297,1,1,0.04588,0.00917,0.61754,0.68769,0.43904,16.88041,1,0.05874,0.08196,1.2767,0.00355,1,1,participant_9,question_14,Timer-Correct,True,Question,NOT_RANDOM,0
0.0,0,38,1,0.08858,0.05309,0,0.78229,0.41759,0.01953,8064,3423.55542,1,0.0837,0.05757,-0.01562,0.00859,0.62568,0.42831,0.44266,13.08227,1,0.1025,0.04318,1.2767,0.0029,1,1,0.04588,0.00917,0.61754,0.68765,0.43898,16.97416,1,0.07465,0.06299,1.28485,0.00353,1,1,participant_9,question_14,Timer-Correct,True,Question,NOT_RANDOM,0
0.0,0,38,1,0.07839,0.05072,0,0.78229,0.41759,0.02661,8064,3423.55542,1,0.08264,0.0562,-0.01562,0.00859,0.62568,0.42836,0.44259,13.078,1,0.0845,0.04641,1.28485,0.00294,1,1,0.04588,0.00917,0.61754,0.68756,0.43895,16.84378,1,0.07227,0.05502,1.293,0.0035,1,1,participant_9,question_14,Timer-Correct,True,Question,NOT_RANDOM,0
0.0,0,38,1,0.07615,0.04419,0,0.78229,0.41759,0.0332,8064,3423.55542,1,0.08156,0.0542,-0.01608,0.00879,0.64036,0.4281,0.44267,12.8687,1,0.08208,0.03965,1.293,0.00301,1,1,0.04588,0.00922,0.61754,0.68748,0.43893,16.69267,1,0.07022,0.04873,1.30115,0.00357,1,1,participant_9,question_14,Timer-Correct,True,Question,NOT_RANDOM,0
0.0,0,38,1,0.06387,0.03447,0,0.78229,0.41759,0.03979,8064,3423.55542,1,0.07903,0.05138,-0.01608,0.00879,0.64036,0.42797,0.44264,12.89421,1,0.06608,0.02419,1.30115,0.00296,1,1,0.04588,0.00922,0.61754,0.68742,0.43888,16.81157,1,0.06166,0.04475,1.30115,0.00354,1,1,participant_9,question_14,Timer-Correct,True,Question,NOT_RANDOM,0
0.0,0,38,1,0.07608,0.0329,0,0.78229,0.41759,0.04639,8064,3423.55542,1,0.07866,0.04907,-0.01608,0.00879,0.64036,0.42797,0.44264,12.89421,1,0.09459,0.02871,1.30115,0.00296,1,1,0.04588,0.00922,0.61754,0.68735,0.43892,16.74382,1,0.05756,0.03708,1.30115,0.00354,1,1,participant_9,question_14,Timer-Correct,True,Question,NOT_RANDOM,0
0.0,0,38,1,0.07491,0.02937,0,0.78229,0.41759,0.05347,8064,3423.55542,1,0.07825,0.04688,-0.01571,0.00853,0.62182,0.4278,0.44263,13.22957,1,0.09459,0.02871,1.30115,0.00293,1,1,0.04768,0.00959,0.64233,0.68729,0.43887,16.89961,1,0.05522,0.03004,1.3102,0.00352,1,1,participant_9,question_14,Timer-Correct,True,Question,NOT_RANDOM,0
0.0,0,38,1,0.07403,0.02102,0,0.78229,0.41759,0.05981,8064,3423.55542,1,0.07782,0.04429,-0.01571,0.00853,0.62182,0.42776,0.44266,13.1483,1,0.10533,0.00845,1.3102,0.00291,1,1,0.04768,0.00959,0.64233,0.68724,0.43884,17.05124,1,0.04272,0.0336,1.31926,0.0035,1,1,participant_9,question_14,Timer-Correct,True,Other,NOT_RANDOM,0
0.0,0,38,1,0.06642,0.01676,0,0.78229,0.41759,0.06665,8064,3423.55542,1,0.07679,0.04179,-0.01571,0.00853,0.62182,0.42778,0.44264,13.14263,1,0.0908,0.01301,1.31926,0.00292,1,1,0.04768,0.00959,0.64233,0.6872,0.4388,16.94526,1,0.04204,0.02051,1.32832,0.0035,1,1,participant_9,question_14,Timer-Correct,True,Other,NOT_RANDOM,0
0.0,0,38,1,0.06395,0.00949,0,0.78229,0.41759,0.07324,8064,3423.55542,1,0.07572,0.0391,-0.01571,0.00853,0.62182,0.42781,0.4426,13.27156,1,0.08823,0.00546,1.32832,0.00292,1,1,0.04768,0.00959,0.64233,0.68708,0.43877,17.07373,1,0.03966,0.01352,1.33737,0.00349,1,1,participant_9,question_14,Timer-Correct,True,Other,NOT_RANDOM,0
0.0,0,38,1,0.05632,0.00337,0,0.78229,0.41759,0.08032,8064,3423.55542,1,0.07422,0.03635,-0.01571,0.00853,0.62182,0.42764,0.44265,13.05843,1,0.09296,-0.01077,1.33737,0.00292,1,1,0.04768,0.00959,0.64233,0.68695,0.4388,16.864,1,0.01969,0.01751,1.33737,0.00354,1,1,participant_9,question_14,Timer-Correct,True,Other,NOT_RANDOM,0
0.0,0,38,1,0.05087,0.01103,0,0.78229,0.41759,0.08667,8064,3423.55542,1,0.07256,0.03454,-0.01571,0.00853,0.62182,0.42761,0.44269,13.02761,1,0.07854,0.00268,1.33737,0.00293,1,1,0.04768,0.00959,0.64233,0.68698,0.4388,16.85133,1,0.0232,0.01938,1.33737,0.00353,1,1,participant_9,question_14,Timer-Correct,True,Other,NOT_RANDOM,0
0.0,0,38,1,0.05322,0.01762,0,0.78229,0.41759,0.09375,8064,3423.55542,1,0.07127,0.03341,-0.01573,0.00849,0.6189,0.42745,0.44278,13.15138,1,0.07854,0.00268,1.33737,0.00289,1,1,0.04497,0.00906,0.60707,0.68694,0.43877,16.80337,1,0.02789,0.03255,1.32017,0.00353,1,1,participant_9,question_14,Timer-Correct,True,Other,NOT_RANDOM,0
0.0,0,38,1,0.07616,0.02594,0,0.78229,0.41759,0.10034,8064,3423.55542,1,0.07157,0.03295,-0.01573,0.00849,0.6189,0.42734,0.44286,12.9625,1,0.08133,0.01074,1.32017,0.00295,1,1,0.04497,0.00906,0.60707,0.68685,0.43879,16.78687,1,0.07099,0.04114,1.30296,0.00353,1,1,participant_9,question_14,Timer-Correct,True,Question,NOT_RANDOM,0
0.0,0,38,1,0.07612,0.03585,0,0.78229,0.41759,0.10693,8064,3423.55542,1,0.07184,0.03312,-0.01573,0.00849,0.6189,0.42735,0.4429,13.4954,1,0.07741,0.02799,1.30296,0.00294,1,1,0.04497,0.00906,0.60707,0.68685,0.43877,16.75919,1,0.07483,0.04371,1.28575,0.00353,1,1,participant_9,question_14,Timer-Correct,True,Question,NOT_RANDOM,0
0.0,0,38,1,0.07982,0.04656,0,0.78229,0.41759,0.11377,8064,3423.55542,1,0.07228,0.03386,-0.01573,0.00849,0.6189,0.42718,0.44271,12.80567,1,0.08254,0.04231,1.28575,0.00296,1,1,0.04548,0.00917,0.61452,0.68679,0.43872,16.71433,1,0.07711,0.05082,1.2767,0.00355,1,1,participant_9,question_14,Timer-Correct,True,Question,NOT_RANDOM,0
0.0,0,38,1,0.08686,0.05023,0,0.78229,0.41759,0.12061,8064,3423.55542,1,0.07305,0.03473,-0.01573,0.00849,0.6189,0.42714,0.44278,12.73163,1,0.101,0.05015,1.2767,0.00292,1,1,0.04548,0.00917,0.61452,0.68669,0.4389,16.96914,1,0.07272,0.05032,1.28485,0.00349,1,1,participant_9,question_14,Timer-Correct,True,Question,NOT_RANDOM,0
0.0,0,38,1,0.09138,0.04512,0,0.78229,0.41759,0.1272,8064,3423.55542,1,0.07397,0.03525,-0.01573,0.00849,0.6189,0.42714,0.44278,12.73163,1,0.11825,0.04271,1.28485,0.00292,1,1,0.04548,0.00917,0.61452,0.68669,0.4388,16.75199,1,0.06451,0.04753,1.293,0.00349,1,1,participant_9,question_14,Timer-Correct,True,Question,NOT_RANDOM,0
0.0,0,38,1,0.08807,0.03504,0,0.78229,0.41759,0.13379,8064,3423.55542,1,0.07464,0.03524,-0.01591,0.00854,0.62214,0.42714,0.44278,12.73163,1,0.11603,0.03589,1.293,0.00292,1,1,0.04703,0.00954,0.63615,0.68653,0.43874,16.78395,1,0.0601,0.03418,1.3102,0.00353,1,1,participant_9,question_14,Timer-Correct,True,Question,NOT_RANDOM,0
0.0,0,38,1,0.08159,0.0173,0,0.78229,0.41759,0.14062,8064,3423.55542,1,0.07496,0.03442,-0.01591,0.00854,0.62214,0.42704,0.44279,12.85462,1,0.11074,0.01611,1.3102,0.00294,1,1,0.04703,0.00954,0.63615,0.68652,0.4387,16.60002,1,0.05245,0.01848,1.31926,0.00347,1,1,participant_9,question_14,Timer-Correct,True,Other,NOT_RANDOM,0
0.0,0,38,1,0.07842,0.01309,0,0.78229,0.41759,0.14697,8064,3423.55542,1,0.07511,0.03349,-0.01591,0.00854,0.62214,0.42713,0.44278,12.74571,1,0.10618,0.01274,1.31926,0.0029,1,1,0.04703,0.00954,0.63615,0.68656,0.43859,16.59167,1,0.05067,0.01345,1.32832,0.00348,1,1,participant_9,question_14,Timer-Correct,True,Other,NOT_RANDOM,0
0.0,0,38,1,0.07602,0.00579,0,0.78229,0.41759,0.15405,8064,3423.55542,1,0.07514,0.03234,-0.01591,0.00845,0.62214,0.4271,0.44277,12.69595,1,0.1037,0.00517,1.32832,0.0029,1,1,0.04703,0.00954,0.63615,0.68647,0.43859,16.72752,1,0.04835,0.00641,1.33737,0.00351,1,1,participant_9,question_14,Timer-Correct,True,Other,NOT_RANDOM,0
0.0,0,38,1,0.06954,0.00619,0,0.78229,0.41759,0.1604,8064,3423.55542,1,0.07492,0.03129,-0.01591,0.00845,0.62214,0.42689,0.44265,13.24426,1,0.09678,0.00256,1.33737,0.00295,1,1,0.04703,0.00954,0.63615,0.6864,0.43874,16.75734,1,0.0423,0.00981,1.33737,0.00352,1,1,participant_9,question_14,Timer-Correct,True,Other,NOT_RANDOM,0
0.0,0,38,1,0.06863,0.02074,0,0.78229,0.41759,0.16724,8064,3423.55542,1,0.07468,0.03089,-0.01591,0.00845,0.62214,0.42703,0.44257,13.30081,1,0.09688,0.00335,1.33737,0.00293,1,1,0.04703,0.00954,0.63615,0.68639,0.43875,16.76589,1,0.04037,0.03813,1.33737,0.00351,1,1,participant_9,question_14,Timer-Correct,True,Other,NOT_RANDOM,0
0.0,0,38,1,0.06863,0.02074,0,0.78229,0.41759,0.17407,8064,3423.55542,1,0.07445,0.03051,-0.016,0.00854,0.62588,0.42703,0.44257,13.30081,1,0.09688,0.00335,1.33737,0.00293,1,1,0.04703,0.00954,0.63615,0.68634,0.43865,16.9147,1,0.04037,0.03813,1.33737,0.00357,1,1,participant_9,question_14,Timer-Correct,True,Other,NOT_RANDOM,0
0.0,0,38,1,0.06294,0.04257,0,0.78229,0.41759,0.18042,8064,3423.55542,1,0.07404,0.03094,-0.016,0.00854,0.62588,0.42687,0.44276,13.17856,1,0.08846,0.00607,1.33737,0.00295,1,1,0.04703,0.00954,0.63615,0.68634,0.43865,16.9147,1,0.03741,0.07907,1.33737,0.00357,1,1,participant_9,question_14,Timer-Correct,True,Question,NOT_RANDOM,0
0.0,0,38,1,0.06546,0.04976,0,0.78229,0.41759,0.1875,8064,3423.55542,1,0.07375,0.03159,-0.016,0.00854,0.62588,0.42705,0.44258,13.26414,1,0.0895,0.02182,1.33737,0.00293,1,1,0.04703,0.00954,0.63615,0.68646,0.43865,16.81013,1,0.04142,0.0777,1.33737,0.00357,1,1,participant_9,question_14,Timer-Correct,True,Question,NOT_RANDOM,0
0.0,0,38,1,0.06546,0.04976,0,0.78229,0.41759,0.19409,8064,3423.55542,1,0.07347,0.0322,-0.01591,0.00845,0.62214,0.42695,0.44277,13.12875,1,0.0895,0.02182,1.33737,0.0029,1,1,0.04703,0.00954,0.63615,0.68637,0.43863,16.88098,1,0.04142,0.0777,1.33737,0.0036,1,1,participant_9,question_14,Timer-Correct,True,Question,NOT_RANDOM,0
0.0,0,38,1,0.06999,0.02808,0,0.78229,0.41759,0.20068,8064,3423.55542,1,0.07336,0.03206,-0.01591,0.00845,0.62214,0.42686,0.4428,13.19207,1,0.10021,-0.01604,1.33737,0.00285,1,1,0.04703,0.00954,0.63615,0.68632,0.43864,16.93254,1,0.03977,0.07221,1.33737,0.00356,1,1,participant_9,question_14,Timer-Correct,True,Question,NOT_RANDOM,0
0.0,0,38,1,0.06451,0.0409,0,0.78229,0.41759,0.20728,8064,3423.55542,1,0.07308,0.03234,-0.01591,0.00845,0.62214,0.42694,0.44282,13.11013,1,0.09245,0.00801,1.33737,0.00291,1,1,0.04703,0.00954,0.63615,0.68633,0.43864,16.87062,1,0.03656,0.07379,1.33737,0.00357,1,1,participant_9,question_14,Timer-Correct,True,Question,NOT_RANDOM,0
0.0,0,38,1,0.06451,0.0409,0,0.78229,0.41759,0.21411,8064,3423.55542,1,0.07282,0.0326,-0.01591,0.00845,0.62214,0.42687,0.44296,12.82158,1,0.09245,0.00801,1.33737,0.00302,1,1,0.04703,0.00954,0.63615,0.68639,0.43853,16.83802,1,0.03656,0.07379,1.33737,0.00348,1,1,participant_9,question_14,Timer-Correct,True,Question,NOT_RANDOM,0
0.0,0,38,1,0.09231,0.03603,0,0.78229,0.41759,0.2207,8064,3423.55542,1,0.07339,0.0327,-0.01591,0.00845,0.62214,0.42712,0.44287,12.79147,1,0.11697,0.00839,1.33737,0.00287,1,1,0.04703,0.00954,0.63615,0.68668,0.43846,16.77918,1,0.06765,0.06366,1.33737,0.00352,1,1,participant_9,question_14,Timer-Correct,True,Question,NOT_RANDOM,0
0.0,0,38,1,0.08305,0.02584,0,0.78229,0.41759,0.22754,8064,3423.55542,1,0.07367,0.0325,-0.01591,0.00845,0.62214,0.42751,0.4428,13.09315,1,0.10786,-3e-05,1.33737,0.00292,1,1,0.04703,0.00954,0.63615,0.68706,0.43841,16.49073,1,0.05823,0.05171,1.33737,0.00352,1,1,participant_9,question_14,Timer-Correct,True,Question,NOT_RANDOM,0
0.0,0,38,1,0.0807,0.01872,0,0.78229,0.41759,0.23389,8064,3423.55542,1,0.07387,0.03212,-0.01632,0.00874,0.64413,0.42812,0.44287,13.19134,1,0.10544,-0.00754,1.34639,0.00298,1,1,0.04787,0.00967,0.64488,0.68764,0.43832,16.80735,1,0.05596,0.04497,1.34639,0.00345,1,1,participant_9,question_14,Timer-Correct,True,Other,NOT_RANDOM,0
0.0,0,38,1,0.11573,0.00382,0,0.78229,0.41759,0.24097,8064,3423.55542,1,0.075,0.03136,-0.01632,0.00874,0.64413,0.42846,0.44275,13.20325,1,0.1425,-0.02163,1.3554,0.00292,1,1,0.04787,0.00967,0.64488,0.68792,0.43839,16.90583,1,0.08895,0.02927,1.3554,0.00348,1,1,participant_9,question_14,Timer-Correct,True,Other,NOT_RANDOM,0
0.0,0,38,1,0.11095,-0.00876,0,0.78229,0.41759,0.24756,8064,3423.55542,1,0.07594,0.0303,-0.01632,0.00874,0.64413,0.42855,0.44261,13.2615,1,0.13603,-0.0432,1.36442,0.00296,1,1,0.04787,0.00967,0.64488,0.68796,0.43831,16.68676,1,0.08588,0.02568,1.36442,0.00351,1,1,participant_9,question_14,Timer-Correct,True,Other,NOT_RANDOM,0
0.0,0,38,1,0.11095,-0.00876,0,0.78229,0.41759,0.25439,8064,3423.55542,1,0.07684,0.0293,-0.01571,0.00844,0.62182,0.42858,0.44259,13.21681,1,0.13603,-0.0432,1.36442,0.0029,1,1,0.04787,0.00967,0.64488,0.68791,0.43839,17.16417,1,0.08588,0.02568,1.36442,0.0035,1,1,participant_9,question_14,Timer-Correct,True,Other,NOT_RANDOM,0
0.0,0,38,1,0.11343,0.01281,0,0.78229,0.41759,0.26074,8064,3423.55542,1,0.07776,0.02889,-0.01571,0.00844,0.62182,0.42852,0.44265,13.17288,1,0.13728,-0.01061,1.3554,0.00293,1,1,0.04787,0.00967,0.64488,0.68806,0.43846,16.93738,1,0.08958,0.03623,1.3554,0.00345,1,1,participant_9,question_14,Timer-Correct,True,Other,NOT_RANDOM,0
0.0,0,38,1,0.11913,0.02016,0,0.78229,0.41759,0.26782,8064,3423.55542,1,0.07876,0.02867,-0.01571,0.00844,0.62182,0.42855,0.44282,13.66046,1,0.14796,-0.00894,1.34639,0.00284,1,1,0.04787,0.00967,0.64488,0.68807,0.43845,16.91282,1,0.0903,0.04926,1.34639,0.00346,1,1,participant_9,question_14,Timer-Correct,True,Other,NOT_RANDOM,0
0.0,0,38,1,0.1223,0.0307,0,0.78229,0.41759,0.27417,8064,3423.55542,1,0.0798,0.02872,-0.01571,0.00839,0.62182,0.42857,0.44281,13.61871,1,0.15012,-0.00138,1.33737,0.00285,1,1,0.04588,0.00926,0.61754,0.68815,0.43849,16.75962,1,0.09449,0.06279,1.32832,0.00346,1,1,participant_9,question_14,Timer-Correct,True,Question,NOT_RANDOM,0
0.0,0,37,1,0.12141,0.02573,0,0.78229,0.41759,0.28101,8064,3423.55542,1,0.08077,0.02865,-0.01571,0.00839,0.62182,0.42875,0.44287,12.99958,1,0.1317,0.02019,1.32832,0.0029,1,1,0.04588,0.00926,0.61754,0.68818,0.43847,16.70983,1,0.11112,0.03127,1.31926,0.00349,1,1,participant_9,question_14,Timer-Correct,True,Question,NOT_RANDOM,0
0.0,0,37,1,0.12222,0.00443,0,0.78229,0.41759,0.28101,8064,3423.55542,0,0.10472,0.0168,-0.01571,0.00839,0.62182,0.4287,0.443,13.0718,1,0.13579,0.01304,1.31926,0.00288,1,1,0.04588,0.00926,0.61754,0.68821,0.43849,16.79205,1,0.10864,-0.00418,1.3102,0.00349,1,1,participant_9,question_14,Timer-Correct,True,Other,NOT_RANDOM,0
0.0,0,37,1,0.12314,0.00776,0,0.78229,0.41759,0.28101,8064,3423.55542,0,0.11393,0.01228,-0.01609,0.00862,0.63854,0.42869,0.44297,12.99344,1,0.1358,0.01307,1.31922,0.00288,1,1,0.04514,0.0091,0.6069,0.68828,0.43848,16.76187,1,0.11048,0.00245,1.30201,0.00354,1,1,participant_9,question_14,Timer-Correct,True,Other,NOT_RANDOM,0
0.0,0,37,1,0.12116,0.02224,0,0.78229,0.41759,0.28101,8064,3423.55542,0,0.11634,0.0156,-0.01609,0.00862,0.63854,0.4288,0.44295,13.21365,1,0.14109,0.03458,1.31103,0.00291,1,1,0.04514,0.0091,0.6069,0.68842,0.43862,16.98949,1,0.10122,0.0099,1.30288,0.00348,1,1,participant_9,question_14,Timer-Correct,True,Other,NOT_RANDOM,0
0.0,0,37,1,0.11195,0.03837,0,0.78229,0.41759,0.02026,8065,3423.84302,1,0.11524,0.02129,-0.01609,0.00862,0.63854,0.42883,0.44292,13.23367,1,0.14392,0.02836,1.31189,0.00289,1,1,0.04514,0.0091,0.6069,0.68844,0.43856,16.48767,1,0.07998,0.04837,1.30374,0.00348,1,1,participant_9,question_14,Timer-Correct,True,Question,NOT_RANDOM,0
0.0,0,37,1,0.10963,0.03104,0,0.78229,0.41759,0.02686,8065,3423.84302,1,0.11412,0.02324,-0.01592,0.00858,0.63557,0.42903,0.44282,13.02713,1,0.1437,0.02764,1.31276,0.00296,1,1,0.04721,0.0095,0.63346,0.68851,0.43866,16.7108,1,0.07557,0.03444,1.32181,0.00345,1,1,participant_9,question_14,Timer-Correct,True,Question,NOT_RANDOM,0
0.0,0,37,1,0.10869,-0.00129,0,0.78229,0.41759,0.03394,8065,3423.84302,1,0.11322,0.01915,-0.01592,0.00858,0.63557,0.42908,0.44278,13.08213,1,0.13312,0.01219,1.32182,0.00291,1,1,0.04721,0.0095,0.63346,0.68863,0.4387,16.76391,1,0.08425,-0.01477,1.33902,0.00356,1,1,participant_9,question_14,Timer-Correct,True,Other,NOT_RANDOM,0
0.0,0,37,1,0.11072,-0.00761,0,0.78229,0.41759,0.04004,8065,3423.84302,1,0.11286,0.01533,-0.01592,0.00858,0.63557,0.42915,0.44281,13.23372,1,0.13596,0.01656,1.33902,0.00292,1,1,0.04721,0.0095,0.63346,0.68864,0.43871,16.80051,1,0.08548,-0.03177,1.35623,0.00356,1,1,participant_9,question_14,Timer-Correct,True,Other,NOT_RANDOM,0
0.0,0,37,1,0.1098,-0.01063,0,0.78229,0.41759,0.04712,8065,3423.84302,1,0.11248,0.01209,-0.01562,0.00845,0.62568,0.42923,0.44291,13.42644,1,0.13392,0.00981,1.34721,0.0029,1,1,0.04663,0.00938,0.625,0.68878,0.43863,16.83626,1,0.08567,-0.03108,1.35536,0.00346,1,1,participant_9,question_14,Timer-Correct,True,Other,NOT_RANDOM,0
0.0,0,37,1,0.12533,-0.02306,0,0.78229,0.41759,0.05444,8065,3423.84302,1,0.1139,0.00818,-0.01562,0.00845,0.62568,0.4293,0.44299,13.00607,1,0.14876,-0.04166,1.34635,0.00289,1,1,0.04663,0.00938,0.625,0.68892,0.43861,16.70705,1,0.10191,-0.00445,1.33729,0.00345,1,1,participant_9,question_14,Timer-Correct,True,Other,NOT_RANDOM,0
0.0,0,37,1,0.11623,-0.00948,0,0.78229,0.41759,0.06104,8065,3423.84302,1,0.11414,0.00641,-0.01562,0.00845,0.62568,0.42924,0.44303,13.08532,1,0.1269,-0.02192,1.32828,0.00294,1,1,0.04663,0.00938,0.625,0.68894,0.43864,16.60206,1,0.10556,0.00297,1.31922,0.00345,1,1,participant_9,question_14,Timer-Correct,True,Other,NOT_RANDOM,0
0.0,0,37,1,0.12059,0.0055,0,0.78229,0.41759,0.06689,8065,3423.84302,1,0.11472,0.00633,-0.01562,0.00845,0.62568,0.42952,0.44293,13.10472,1,0.13155,-0.00642,1.3102,0.00288,1,1,0.0464,0.00931,0.62076,0.68917,0.43876,16.6407,1,0.10963,0.01741,1.30115,0.00349,1,1,participant_9,question_14,Timer-Correct,True,Other,NOT_RANDOM,0
0.0,0,37,1,0.11535,0.00791,0,0.78229,0.41759,0.07397,8065,3423.84302,1,0.11478,0.00646,-0.01562,0.00845,0.62568,0.42957,0.44302,13.23962,1,0.14877,-0.00415,1.30115,0.00286,1,1,0.0464,0.00931,0.62076,0.68921,0.43871,16.69692,1,0.08192,0.01996,1.30115,0.00348,1,1,participant_9,question_14,Timer-Correct,True,Other,NOT_RANDOM,0
0.0,0,37,1,0.11741,0.04421,0,0.78229,0.41759,0.08008,8065,3423.84302,1,0.11498,0.00937,-0.01562,0.00845,0.62568,0.4296,0.44297,13.26443,1,0.15135,0.05868,1.30115,0.0029,1,1,0.0464,0.00931,0.62076,0.68928,0.4387,16.86669,1,0.08347,0.02973,1.30115,0.00346,1,1,participant_9,question_14,Timer-Correct,True,Question,NOT_RANDOM,0
0.0,0,37,1,0.11412,0.03341,0,0.78229,0.41759,0.08716,8065,3423.84302,1,0.11492,0.01108,-0.01568,0.00856,0.6339,0.42973,0.44293,13.01586,1,0.14913,0.05131,1.31016,0.003,1,1,0.04854,0.00973,0.64867,0.68935,0.43875,16.87514,1,0.0791,0.01551,1.31922,0.00349,1,1,participant_9,question_14,Timer-Correct,True,Question,NOT_RANDOM,0
0.0,0,37,1,0.11751,0.0107,0,0.78229,0.41759,0.09375,8065,3423.84302,1,0.11509,0.01106,-0.01568,0.00856,0.6339,0.42995,0.44284,13.16115,1,0.13788,0.02017,1.32824,0.00293,1,1,0.04854,0.00973,0.64867,0.68951,0.43875,16.76589,1,0.09714,0.00124,1.33729,0.00351,1,1,participant_9,question_14,Timer-Correct,True,Other,NOT_RANDOM,0
0.0,0,37,1,0.1391,-0.01178,0,0.78229,0.41759,0.10059,8065,3423.84302,1,0.11659,0.00963,-0.01568,0.00856,0.6339,0.43008,0.44287,12.91871,1,0.16031,0.0002,1.34631,0.00284,1,1,0.04854,0.00973,0.64867,0.68985,0.43876,16.72974,1,0.11789,-0.02375,1.35536,0.00347,1,1,participant_9,question_14,Timer-Correct,True,Other,NOT_RANDOM,0
0.0,0,37,1,0.13806,-0.01555,0,0.78229,0.41759,0.10718,8065,3423.84302,1,0.11785,0.00815,-0.01527,0.00841,0.62263,0.43067,0.4428,12.99721,1,0.15822,-0.00734,1.35536,0.00286,1,1,0.04668,0.00933,0.62194,0.69038,0.43861,16.6459,1,0.11789,-0.02375,1.35536,0.00346,1,1,participant_9,question_14,Timer-Correct,True,Other,NOT_RANDOM,0
0.0,0,37,1,0.13466,-0.00231,0,0.78229,0.41759,0.11426,8065,3423.84302,1,0.11879,0.00757,-0.01527,0.00841,0.62263,0.43095,0.44272,13.64548,1,0.15438,0.00422,1.34635,0.00291,1,1,0.04668,0.00933,0.62194,0.6907,0.43876,16.79783,1,0.11495,-0.00883,1.33729,0.00343,1,1,participant_9,question_14,Timer-Correct,True,Other,NOT_RANDOM,0
0.0,0,37,1,0.14203,0.01309,0,0.78229,0.41759,0.12061,8065,3423.84302,1,0.12001,0.00786,-0.01527,0.00841,0.62263,0.43105,0.44292,13.31234,1,0.16012,0.0132,1.32828,0.00286,1,1,0.04668,0.00933,0.62194,0.69078,0.43875,16.67093,1,0.12393,0.01297,1.31922,0.00342,1,1,participant_9,question_14,Timer-Correct,True,Other,NOT_RANDOM,0
0.0,0,37,1,0.14493,0.02371,0,0.78229,0.41759,0.12769,8065,3423.84302,1,0.12126,0.00865,-0.01577,0.00876,0.64532,0.43136,0.44262,12.93345,1,0.16224,0.02077,1.31922,0.0029,1,1,0.04598,0.00916,0.61083,0.69095,0.43881,16.79222,1,0.12762,0.02665,1.30201,0.00344,1,1,participant_9,question_14,Timer-Correct,True,Other,NOT_RANDOM,0
0.0,0,37,1,0.15078,0.00752,0,0.78229,0.41759,0.13403,8065,3423.84302,1,0.12266,0.0086,-0.01577,0.00876,0.64532,0.43137,0.44276,13.14148,1,0.17692,0.00156,1.31103,0.00291,1,1,0.04598,0.00916,0.61083,0.69111,0.4387,16.58543,1,0.12463,0.01348,1.30288,0.00342,1,1,participant_9,question_14,Timer-Correct,True,Other,NOT_RANDOM,0
0.0,0,37,1,0.15069,-0.00223,0,0.78229,0.41759,0.14087,8065,3423.84302,1,0.12394,0.00811,-0.01577,0.00876,0.64532,0.43138,0.44271,12.84408,1,0.17698,-0.01307,1.31189,0.00289,1,1,0.04598,0.00916,0.61083,0.69119,0.43866,16.45753,1,0.1244,0.00861,1.30374,0.00349,1,1,participant_9,question_14,Timer-Correct,True,Other,NOT_RANDOM,0
0.0,0,37,1,0.15248,0.00459,0,0.78229,0.41759,0.14746,8065,3423.84302,1,0.12518,0.00795,-0.01465,0.00825,0.60126,0.43143,0.44276,13.10334,1,0.17881,-0.006,1.30374,0.00286,1,1,0.04545,0.00901,0.60381,0.69124,0.43868,16.37416,1,0.12616,0.01519,1.29559,0.00344,1,1,participant_9,question_14,Timer-Correct,True,Other,NOT_RANDOM,0
0.0,0,37,1,0.14447,0.02947,0,0.78229,0.41759,0.15454,8065,3423.84302,1,0.12598,0.00885,-0.01465,0.00825,0.60126,0.43147,0.44274,13.11163,1,0.17392,0.02005,1.28658,0.00284,1,1,0.04545,0.00901,0.60381,0.69133,0.43882,16.69303,1,0.11502,0.0389,1.28658,0.00342,1,1,participant_9,question_14,Timer-Correct,True,Question,NOT_RANDOM,0
0.0,0,37,1,0.15332,0.03156,0,0.78229,0.41759,0.16089,8065,3423.84302,1,0.12707,0.00976,-0.01465,0.00825,0.60126,0.43153,0.44263,13.11815,1,0.18516,0.0158,1.27756,0.00287,1,1,0.04545,0.00901,0.60381,0.6914,0.43882,16.6974,1,0.12148,0.04731,1.27756,0.00342,1,1,participant_9,question_14,Timer-Correct,True,Question,NOT_RANDOM,0
0.0,0,37,1,0.15342,0.03222,0,0.78229,0.41759,0.16772,8065,3423.84302,1,0.12809,0.01062,-0.01516,0.00859,0.62602,0.43171,0.44259,13.29093,1,0.18719,0.02364,1.26855,0.00293,1,1,0.04835,0.00952,0.64097,0.69144,0.43884,16.70811,1,0.11965,0.04081,1.28575,0.00344,1,1,participant_9,question_14,Timer-Correct,True,Question,NOT_RANDOM,0
0.0,0,37,1,0.14294,0.02476,0,0.78229,0.41759,0.17432,8065,3423.84302,1,0.12864,0.01115,-0.01516,0.00859,0.62602,0.43167,0.44259,13.25697,1,0.16134,0.02344,1.28575,0.00292,1,1,0.04835,0.00952,0.64097,0.69151,0.43885,16.66214,1,0.12454,0.02609,1.30296,0.00339,1,1,participant_9,question_14,Timer-Correct,True,Other,NOT_RANDOM,0
0.0,0,37,1,0.14194,0.02783,0,0.78229,0.41759,0.18115,8065,3423.84302,1,0.12911,0.01174,-0.01516,0.00859,0.62602,0.43162,0.44271,13.20815,1,0.16075,0.02951,1.30296,0.00288,1,1,0.04835,0.00952,0.64097,0.6915,0.43882,16.80626,1,0.12314,0.02615,1.32017,0.00339,1,1,participant_9,question_14,Timer-Correct,True,Question,NOT_RANDOM,0
0.0,0,37,1,0.13602,0.00656,0,0.78229,0.41759,0.1875,8065,3423.84302,1,0.12935,0.01156,-0.01556,0.00884,0.64438,0.43183,0.44266,12.96817,1,0.15451,0.00752,1.32918,0.00291,1,1,0.0489,0.00958,0.64836,0.6916,0.43887,16.69872,1,0.11753,0.00561,1.34639,0.0034,1,1,participant_9,question_14,Timer-Correct,True,Other,NOT_RANDOM,0
0.0,0,37,1,0.1312,-0.00142,0,0.78229,0.41759,0.19458,8065,3423.84302,1,0.12941,0.01113,-0.01556,0.00884,0.64438,0.43183,0.44266,12.96817,1,0.14789,-0.01866,1.3554,0.00291,1,1,0.0489,0.00958,0.64836,0.69182,0.43893,16.45219,1,0.11451,0.01583,1.3554,0.00344,1,1,participant_9,question_14,Timer-Correct,True,Other,NOT_RANDOM,0
0.0,0,37,1,0.13852,-0.01999,0,0.78229,0.41759,0.20093,8065,3423.84302,1,0.12971,0.01013,-0.01556,0.00884,0.64438,0.43183,0.44278,12.73163,1,0.1533,-0.03416,1.36442,0.00292,1,1,0.0489,0.00958,0.64836,0.69181,0.43889,16.35424,1,0.12375,-0.00582,1.36442,0.00344,1,1,participant_9,question_14,Timer-Correct,True,Other,NOT_RANDOM,0
0.0,0,37,1,0.13833,-0.0206,0,0.78229,0.41759,0.20801,8065,3423.84302,1,0.12998,0.00917,-0.01522,0.0086,0.63024,0.43195,0.44265,12.81353,1,0.15121,-0.04178,1.37344,0.00281,1,1,0.04632,0.00906,0.6129,0.69184,0.43892,16.48093,1,0.12544,0.00058,1.35623,0.00344,1,1,participant_9,question_14,Timer-Correct,True,Other,NOT_RANDOM,0
0.0,0,37,1,0.13811,-0.00848,0,0.78229,0.41759,0.21436,8065,3423.84302,1,0.13022,0.00863,-0.01522,0.0086,0.63024,0.43203,0.44259,12.823,1,0.16367,-0.03512,1.35623,0.00287,1,1,0.04632,0.00906,0.6129,0.69182,0.43895,16.4142,1,0.11255,0.01815,1.33902,0.00344,1,1,participant_9,question_14,Timer-Correct,True,Other,NOT_RANDOM,0
0.0,0,37,1,0.14148,0.00686,0,0.78229,0.41759,0.22144,8065,3423.84302,1,0.13055,0.00858,-0.01522,0.0086,0.63024,0.43206,0.44263,12.80281,1,0.16786,-0.02472,1.33902,0.00295,1,1,0.04632,0.00906,0.6129,0.69185,0.43896,16.36865,1,0.11509,0.03843,1.32182,0.00345,1,1,participant_9,question_14,Timer-Correct,True,Other,NOT_RANDOM,0
0.0,0,37,1,0.14532,0.02089,0,0.78229,0.41759,0.22778,8065,3423.84302,1,0.13098,0.00893,-0.01556,0.00875,0.64438,0.43216,0.44269,13.01603,1,0.17176,-0.00997,1.32182,0.00291,1,1,0.04582,0.00891,0.60632,0.69192,0.43901,16.61212,1,0.11888,0.05174,1.30461,0.0035,1,1,participant_9,question_14,Timer-Correct,True,Other,NOT_RANDOM,0
0.0,0,37,1,0.15417,0.0148,0,0.78229,0.41759,0.23486,8065,3423.84302,1,0.13162,0.00909,-0.01556,0.00875,0.64438,0.43218,0.44261,12.91512,1,0.18257,0.01727,1.30461,0.00289,1,1,0.04582,0.00891,0.60632,0.69201,0.43913,16.73163,1,0.12577,0.01232,1.30461,0.00341,1,1,participant_9,question_14,Timer-Correct,True,Other,NOT_RANDOM,0
0.0,0,37,1,0.14665,0.01624,0,0.78229,0.41759,0.24121,8065,3423.84302,1,0.13203,0.00929,-0.01556,0.00875,0.64438,0.43222,0.44271,13.02385,1,0.18421,0.01549,1.30461,0.00288,1,1,0.04582,0.00891,0.60632,0.69209,0.4392,16.49651,1,0.10909,0.01698,1.30461,0.00339,1,1,participant_9,question_14,Timer-Correct,True,Other,NOT_RANDOM,0
0.0,0,37,1,0.14573,0.01299,0,0.78229,0.41759,0.24829,8065,3423.84302,1,0.13239,0.00938,-0.01543,0.00863,0.63906,0.43222,0.44271,13.02385,1,0.18421,0.01549,1.30461,0.00287,1,1,0.04647,0.00903,0.61425,0.69212,0.43922,16.54432,1,0.10726,0.01048,1.31276,0.00339,1,1,participant_9,question_14,Timer-Correct,True,Other,NOT_RANDOM,0
0.0,0,37,1,0.14932,0.01187,0,0.78229,0.41759,0.25439,8065,3423.84302,1,0.13282,0.00945,-0.01543,0.00863,0.63906,0.43223,0.44274,13.09778,1,0.18628,0.0096,1.31276,0.00287,1,1,0.04647,0.00903,0.61425,0.69214,0.43923,16.35296,1,0.11236,0.01415,1.32091,0.00342,1,1,participant_9,question_14,Timer-Correct,True,Other,NOT_RANDOM,0
0.0,0,37,1,0.14227,0.01277,0,0.78229,0.41759,0.26147,8065,3423.84302,1,0.13306,0.00953,-0.01543,0.00863,0.63906,0.43223,0.44274,13.09778,1,0.17938,0.02496,1.32091,0.00287,1,1,0.04647,0.00903,0.61425,0.69213,0.43929,16.5555,1,0.10517,0.00057,1.32906,0.00339,1,1,participant_9,question_14,Timer-Correct,True,Other,NOT_RANDOM,0
0.0,0,37,1,0.14338,0.01671,0,0.78229,0.41759,0.26807,8065,3423.84302,1,0.13331,0.00971,-0.01515,0.0085,0.62937,0.43227,0.44288,12.73336,1,0.17957,0.02568,1.32004,0.00288,1,1,0.04582,0.00891,0.60632,0.69216,0.43932,16.50219,1,0.10719,0.00774,1.32004,0.00338,1,1,participant_9,question_14,Timer-Correct,True,Other,NOT_RANDOM,0
0.0,0,37,1,0.14652,0.03662,0,0.78229,0.41759,0.2749,8065,3423.84302,1,0.13362,0.01035,-0.01515,0.0085,0.62937,0.43242,0.44289,12.84612,1,0.16918,0.03731,1.31103,0.00288,1,1,0.04582,0.00891,0.60632,0.69225,0.43947,16.37143,1,0.12385,0.03593,1.30288,0.00336,1,1,participant_9,question_14,Timer-Correct,True,Question,NOT_RANDOM,0
0.0,0,37,1,0.16728,0.04879,0,0.78229,0.41759,0.28125,8065,3423.84302,1,0.13441,0.01124,-0.01515,0.0085,0.62937,0.43262,0.44301,13.1315,1,0.18728,0.05481,1.29386,0.00287,1,1,0.04582,0.00891,0.60632,0.69259,0.43943,16.37229,1,0.14729,0.04276,1.28571,0.00335,1,1,participant_9,question_14,Timer-Correct,True,Question,NOT_RANDOM,0
0.0,0,37,1,0.17095,0.06274,0,0.78229,0.41759,0.28833,8065,3423.84302,1,0.13524,0.01241,-0.01491,0.00847,0.62712,0.43327,0.44297,12.62685,1,0.19108,0.06904,1.2767,0.00283,1,1,0.04639,0.00899,0.61135,0.69333,0.43933,16.29343,1,0.15083,0.05643,1.26855,0.00337,1,1,participant_9,question_14,Timer-Correct,True,Question,NOT_RANDOM,0
0.0,0,37,1,0.18883,0.02568,0,0.78229,0.41759,0.29468,8065,3423.84302,1,0.13643,0.01271,-0.01491,0.00847,0.62712,0.43375,0.44288,12.42685,1,0.22298,-0.00214,1.26855,0.00285,1,1,0.04639,0.00899,0.61135,0.69375,0.43931,16.76325,1,0.15468,0.05349,1.26855,0.00337,1,1,participant_9,question_14,Timer-Correct,True,Question,NOT_RANDOM,0
0.0,0,37,1,0.20117,0.03659,0,0.78229,0.41759,0.30176,8065,3423.84302,1,0.13784,0.01323,-0.01491,0.00847,0.62712,0.43384,0.44295,12.7674,1,0.23662,0.01004,1.26855,0.00277,1,1,0.04639,0.00899,0.61135,0.69394,0.43938,16.57464,1,0.16572,0.06315,1.26855,0.00344,1,1,participant_9,question_14,Timer-Correct,True,Question,NOT_RANDOM,0
0.0,0,37,1,0.19948,0.02977,0,0.78229,0.41759,0.30176,8065,3423.84302,0,0.16298,0.02713,-0.01473,0.00842,0.62384,0.4341,0.44298,12.71279,1,0.23662,0.01004,1.26855,0.00283,1,1,0.04976,0.00962,0.65454,0.69425,0.4395,16.62839,1,0.16233,0.0495,1.28575,0.00345,1,1,participant_9,question_14,Timer-Correct,True,Question,NOT_RANDOM,0
0.0,0,37,1,0.20062,5e-05,0,0.78229,0.41759,0.30176,8065,3423.84302,0,0.1818,0.01359,-0.01473,0.00842,0.62384,0.43413,0.44295,12.67208,1,0.23522,0.00727,1.28575,0.00287,1,1,0.04976,0.00962,0.65454,0.69427,0.43953,16.707,1,0.16602,-0.00717,1.30296,0.00345,1,1,participant_9,question_14,Timer-Correct,True,Other,NOT_RANDOM,0
0.0,0,37,1,0.19505,-0.00932,0,0.78229,0.41759,0.30176,8065,3423.84302,0,0.18622,0.00595,-0.01473,0.00842,0.62384,0.43409,0.44319,13.06812,1,0.23103,0.00235,1.30296,0.00278,1,1,0.04976,0.00962,0.65454,0.69425,0.43953,16.72928,1,0.15908,-0.021,1.32017,0.00343,1,1,participant_9,question_14,Timer-Correct,True,Other,NOT_RANDOM,0
0.0,0,37,1,0.1901,-0.03147,0,0.78229,0.41759,0.02051,8066,3424.15112,1,0.18719,-0.0034,-0.01516,0.00864,0.63986,0.4341,0.44323,12.89052,1,0.22611,-0.02036,1.32918,0.0028,1,1,0.04976,0.00957,0.65454,0.69433,0.43956,16.71243,1,0.15409,-0.04257,1.34639,0.00341,1,1,participant_9,question_14,Timer-Correct,True,Other,NOT_RANDOM,0
0.0,0,37,1,0.1898,-0.05451,0,0.78229,0.41759,0.02686,8066,3424.15112,1,0.18771,-0.01362,-0.01516,0.00864,0.63986,0.43406,0.4432,12.78416,1,0.22437,-0.0694,1.3554,0.0028,1,1,0.04976,0.00957,0.65454,0.69433,0.43956,16.71243,1,0.15523,-0.03962,1.3554,0.00341,1,1,participant_9,question_14,Timer-Correct,True,Other,NOT_RANDOM,0
0.0,0,37,1,0.19057,-0.06604,0,0.78229,0.41759,0.03369,8066,3424.15112,1,0.18819,-0.02236,-0.01516,0.00864,0.63986,0.43407,0.44322,12.72372,1,0.22144,-0.05274,1.36442,0.00281,1,1,0.04976,0.00957,0.65454,0.69431,0.43974,16.26349,1,0.1597,-0.07934,1.36442,0.00341,1,1,participant_9,question_14,Timer-Correct,True,Other,NOT_RANDOM,0
0.0,0,37,1,0.19215,-0.05883,0,0.78229,0.41759,0.04004,8066,3424.15112,1,0.18875,-0.02757,-0.01473,0.00842,0.62384,0.43415,0.44329,12.85237,1,0.22144,-0.05274,1.36442,0.0028,1,1,0.04637,0.00881,0.60869,0.69432,0.43974,16.2465,1,0.16286,-0.06492,1.34721,0.00342,1,1,participant_9,question_14,Timer-Correct,True,Other,NOT_RANDOM,0
0.0,0,37,1,0.19629,-0.0375,0,0.78229,0.41759,0.04736,8066,3424.15112,1,0.1897,-0.02881,-0.01473,0.00842,0.62384,0.43408,0.44326,12.63204,1,0.22658,-0.03018,1.3382,0.0028,1,1,0.04637,0.00881,0.60869,0.69438,0.43973,16.34693,1,0.166,-0.04482,1.32099,0.00344,1,1,participant_9,question_14,Timer-Correct,True,Other,NOT_RANDOM,0
0.0,0,37,1,0.20589,-0.00334,0,0.78229,0.41759,0.05371,8066,3424.15112,1,0.1915,-0.02598,-0.01473,0.00842,0.62384,0.43418,0.44325,12.58998,1,0.23269,0.0057,1.31198,0.00278,1,1,0.04637,0.00881,0.60869,0.69444,0.43983,16.61922,1,0.1791,-0.01237,1.29477,0.00342,1,1,participant_9,question_14,Timer-Correct,True,Other,NOT_RANDOM,0
0.0,0,37,1,0.21073,0.01889,0,0.78229,0.41759,0.06055,8066,3424.15112,1,0.19342,-0.02149,-0.01473,0.00842,0.62384,0.43425,0.44332,12.71428,1,0.23755,0.02822,1.28575,0.00278,1,1,0.04608,0.00871,0.60492,0.69453,0.43987,16.6953,1,0.1839,0.00957,1.26855,0.00337,1,1,participant_9,question_14,Timer-Correct,True,Other,NOT_RANDOM,0
0.0,0,37,1,0.20488,0.02905,0,0.78229,0.41759,0.06665,8066,3424.15112,1,0.19446,-0.0169,-0.01473,0.00842,0.62384,0.4343,0.44329,12.62464,1,0.24299,0.03717,1.26855,0.00283,1,1,0.04608,0.00871,0.60492,0.69453,0.43989,16.60012,1,0.16678,0.02092,1.26855,0.00337,1,1,participant_9,question_14,Timer-Correct,True,Question,NOT_RANDOM,0
0.0,0,37,1,0.19407,0.03068,0,0.78229,0.41759,0.07397,8066,3424.15112,1,0.19443,-0.01293,-0.01473,0.00842,0.62384,0.43429,0.44332,12.75807,1,0.22138,0.03951,1.26855,0.00278,1,1,0.04608,0.00871,0.60492,0.69459,0.43988,16.65225,1,0.16676,0.02185,1.26855,0.00336,1,1,participant_9,question_14,Timer-Correct,True,Question,NOT_RANDOM,0
0.0,0,37,1,0.19328,0.02732,0,0.78229,0.41759,0.08057,8066,3424.15112,1,0.19434,-0.00984,-0.01473,0.00842,0.62384,0.43436,0.44326,12.79102,1,0.22138,0.03951,1.26855,0.00272,1,1,0.04686,0.00885,0.61456,0.69467,0.43995,16.44076,1,0.16517,0.01512,1.2767,0.00339,1,1,participant_9,question_14,Timer-Correct,True,Question,NOT_RANDOM,0
0.0,0,37,1,0.20552,0.01268,0,0.78229,0.41759,0.0874,8066,3424.15112,1,0.19514,-0.00823,-0.01473,0.00842,0.62384,0.43437,0.44323,12.66847,1,0.23357,-0.00032,1.2767,0.00286,1,1,0.04686,0.00885,0.61456,0.69469,0.44002,16.44735,1,0.17746,0.02568,1.28485,0.00338,1,1,participant_9,question_14,Timer-Correct,True,Other,NOT_RANDOM,0
0.0,0,37,1,0.19273,0.00901,0,0.78229,0.41759,0.09375,8066,3424.15112,1,0.19498,-0.00708,-0.01473,0.00842,0.62384,0.43447,0.44326,12.45239,1,0.2311,-0.00486,1.28485,0.0028,1,1,0.04686,0.00885,0.61456,0.6948,0.44008,16.43924,1,0.15436,0.02288,1.293,0.00338,1,1,participant_9,question_14,Timer-Correct,True,Other,NOT_RANDOM,0
0.0,0,37,1,0.19024,-0.00153,0,0.78229,0.41759,0.10059,8066,3424.15112,1,0.19468,-0.00673,-0.01455,0.00837,0.62016,0.43451,0.44338,12.70045,1,0.22955,-0.01206,1.293,0.00277,1,1,0.04893,0.00923,0.64102,0.69486,0.44014,16.35344,1,0.15093,0.009,1.3102,0.00336,1,1,participant_9,question_14,Timer-Correct,True,Other,NOT_RANDOM,0
0.0,0,37,1,0.19886,-0.00563,0,0.78229,0.41759,0.10718,8066,3424.15112,1,0.19493,-0.00667,-0.01455,0.00837,0.62016,0.43467,0.44343,12.78657,1,0.23609,-0.01868,1.3102,0.00279,1,1,0.04893,0.00923,0.64102,0.69495,0.44028,16.22938,1,0.16162,0.00742,1.31926,0.00341,1,1,participant_9,question_14,Timer-Correct,True,Other,NOT_RANDOM,0
0.0,0,37,1,0.19797,-0.01103,0,0.78229,0.41759,0.11426,8066,3424.15112,1,0.1951,-0.00691,-0.01455,0.00837,0.62016,0.43461,0.44347,12.78889,1,0.23752,-0.02511,1.31926,0.00278,1,1,0.04893,0.00923,0.64102,0.69495,0.44025,16.15184,1,0.15843,0.00305,1.32832,0.00342,1,1,participant_9,question_14,Timer-Correct,True,Other,NOT_RANDOM,0
0.0,0,37,1,0.19794,-0.01174,0,0.78229,0.41759,0.12061,8066,3424.15112,1,0.19525,-0.00716,-0.01455,0.00828,0.62017,0.43463,0.44351,12.92354,1,0.23588,-0.03305,1.32832,0.00277,1,1,0.04656,0.00877,0.60888,0.69509,0.44033,16.2762,1,0.15999,0.00957,1.32017,0.00337,1,1,participant_9,question_14,Timer-Correct,True,Other,NOT_RANDOM,0
0.0,0,37,1,0.19548,0.00269,0,0.78229,0.41759,0.12769,8066,3424.15112,1,0.19526,-0.00667,-0.01455,0.00828,0.62017,0.43463,0.44351,12.92354,1,0.21858,-0.0256,1.32017,0.00277,1,1,0.04656,0.00877,0.60888,0.69516,0.44043,16.53059,1,0.17238,0.03099,1.30296,0.00339,1,1,participant_9,question_14,Timer-Correct,True,Other,NOT_RANDOM,0
0.0,0,37,1,0.19245,0.00288,0,0.78229,0.41759,0.13403,8066,3424.15112,1,0.19512,-0.00622,-0.01455,0.00828,0.62017,0.43469,0.44348,12.84104,1,0.22422,-0.00741,1.30296,0.00283,1,1,0.04656,0.00877,0.60888,0.6952,0.4404,16.60401,1,0.16068,0.01318,1.28575,0.00334,1,1,participant_9,question_14,Timer-Correct,True,Other,NOT_RANDOM,0
0.0,0,37,1,0.19658,0.02099,0,0.78229,0.41759,0.14087,8066,3424.15112,1,0.19519,-0.00498,-0.01416,0.00813,0.60544,0.435,0.44357,12.44977,1,0.22911,0.01471,1.27764,0.00279,1,1,0.0476,0.00895,0.62177,0.69537,0.44049,16.4863,1,0.16405,0.02726,1.26858,0.00335,1,1,participant_9,question_14,Timer-Correct,True,Other,NOT_RANDOM,0
0.0,0,37,1,0.20472,0.03181,0,0.78229,0.41759,0.14722,8066,3424.15112,1,0.1956,-0.00338,-0.01416,0.00813,0.60544,0.43501,0.44367,12.71152,1,0.23075,0.03493,1.26047,0.00276,1,1,0.0476,0.00895,0.62177,0.69544,0.44053,16.31381,1,0.1787,0.02869,1.26862,0.00337,1,1,participant_9,question_14,Timer-Correct,True,Question,NOT_RANDOM,0
0.0,0,37,1,0.20666,0.03008,0,0.78229,0.41759,0.15405,8066,3424.15112,1,0.19607,-0.00199,-0.01416,0.00813,0.60544,0.43508,0.44359,12.67857,1,0.22793,0.03375,1.26051,0.00274,1,1,0.0476,0.00895,0.62177,0.69547,0.4406,16.54664,1,0.18539,0.02641,1.26866,0.00337,1,1,participant_9,question_14,Timer-Correct,True,Question,NOT_RANDOM,0
0.0,0,37,1,0.20258,0.0118,0,0.78229,0.41759,0.16089,8066,3424.15112,1,0.19633,-0.00143,-0.01519,0.00882,0.6534,0.43534,0.44348,12.80445,1,0.22456,0.0188,1.27767,0.00285,1,1,0.04961,0.00918,0.64743,0.69574,0.44065,16.44933,1,0.1806,0.0048,1.29488,0.00341,1,1,participant_9,question_14,Timer-Correct,True,Other,NOT_RANDOM,0
0.0,0,37,1,0.2128,-0.01631,0,0.78229,0.41759,0.16772,8066,3424.15112,1,0.19696,-0.00201,-0.01519,0.00882,0.6534,0.43542,0.44349,12.85219,1,0.24256,-0.02718,1.31201,0.00277,1,1,0.04961,0.00918,0.64743,0.6961,0.44067,16.45774,1,0.18305,-0.00545,1.32106,0.00336,1,1,participant_9,question_14,Timer-Correct,True,Other,NOT_RANDOM,0
0.0,0,37,1,0.19618,-0.00912,0,0.78229,0.41759,0.17407,8066,3424.15112,1,0.19693,-0.00227,-0.01519,0.00882,0.6534,0.43544,0.44348,12.88373,1,0.22505,0.00244,1.33819,0.00276,1,1,0.04961,0.00918,0.64743,0.69621,0.44075,16.75107,1,0.16731,-0.02067,1.34725,0.00337,1,1,participant_9,question_14,Timer-Correct,True,Other,NOT_RANDOM,0
0.0,0,36,1,0.1945,-0.01659,0,0.78229,0.41759,0.18115,8066,3424.15112,1,0.19684,-0.00278,-0.01411,0.00825,0.61124,0.43584,0.44334,12.79561,1,0.22335,-0.0052,1.34725,0.00278,1,1,0.04853,0.00899,0.63091,0.69642,0.44063,16.50649,1,0.16566,-0.02799,1.35631,0.00347,1,1,participant_9,question_14,Timer-Correct,True,Other,NOT_RANDOM,0
0.0,0,36,1,0.2098,-0.00889,0,0.78229,0.41759,0.1875,8066,3424.15112,1,0.19729,-0.00299,-0.01411,0.00825,0.61124,0.43587,0.44337,12.84229,1,0.23996,-0.01086,1.33918,0.00278,1,1,0.04853,0.00899,0.63091,0.69659,0.4407,16.48125,1,0.17965,-0.00693,1.33918,0.00336,1,1,participant_9,question_14,Timer-Correct,True,Other,NOT_RANDOM,0
0.0,0,36,1,0.21975,-0.00376,0,0.78229,0.41759,0.19458,8066,3424.15112,1,0.19804,-0.00302,-0.01411,0.00825,0.61124,0.4359,0.44335,12.57563,1,0.25032,-0.00532,1.32205,0.00284,1,1,0.04853,0.00899,0.63091,0.69663,0.44074,16.29832,1,0.18919,-0.00221,1.32205,0.00338,1,1,participant_9,question_14,Timer-Correct,True,Other,NOT_RANDOM,0
0.0,0,36,1,0.22131,0.00379,0,0.78229,0.41759,0.20093,8066,3424.15112,1,0.19879,-0.0028,-0.01432,0.0084,0.62227,0.4361,0.44328,12.57994,1,0.25186,0.00246,1.31303,0.00278,1,1,0.04853,0.00894,0.63091,0.69678,0.44075,16.70273,1,0.19075,0.00512,1.31303,0.00342,1,1,participant_9,question_14,Timer-Correct,True,Other,NOT_RANDOM,0
0.0,0,36,1,0.202,0.00411,0,0.78229,0.41759,0.20801,8066,3424.15112,1,0.19889,-0.00258,-0.01432,0.0084,0.62227,0.43618,0.44348,13.14789,1,0.22873,0.00607,1.32115,0.00277,1,1,0.04853,0.00894,0.63091,0.69687,0.44081,16.7637,1,0.17526,0.00215,1.32115,0.0034,1,1,participant_9,question_14,Timer-Correct,True,Other,NOT_RANDOM,0
0.0,0,36,1,0.20906,-0.0287,0,0.78229,0.41759,0.21436,8066,3424.15112,1,0.1992,-0.00337,-0.01432,0.0084,0.62227,0.43615,0.44331,12.46724,1,0.23456,-0.00912,1.32926,0.00277,1,1,0.04853,0.00894,0.63091,0.69697,0.44077,16.80626,1,0.18356,-0.04828,1.32926,0.00337,1,1,participant_9,question_14,Timer-Correct,True,Other,NOT_RANDOM,0
0.0,0,36,1,0.20751,-0.03601,0,0.78229,0.41759,0.22144,8066,3424.15112,1,0.19944,-0.00433,-0.01466,0.00863,0.63892,0.43635,0.44328,12.67025,1,0.23146,-0.02382,1.34639,0.00282,1,1,0.04832,0.00884,0.62687,0.69698,0.44083,16.73741,1,0.18357,-0.04821,1.32918,0.00338,1,1,participant_9,question_14,Timer-Correct,True,Other,NOT_RANDOM,0
0.0,0,36,1,0.203,-0.03612,0,0.78229,0.41759,0.22803,8066,3424.15112,1,0.19954,-0.00524,-0.01466,0.00863,0.63892,0.43636,0.44329,12.77107,1,0.24081,-0.05428,1.3382,0.00287,1,1,0.04832,0.00884,0.62687,0.69701,0.44084,16.74102,1,0.16519,-0.01796,1.32099,0.00337,1,1,participant_9,question_14,Timer-Correct,True,Other,NOT_RANDOM,0
0.0,0,36,1,0.20318,-0.03002,0,0.78229,0.41759,0.23462,8066,3424.15112,1,0.19965,-0.00593,-0.01466,0.00863,0.63892,0.43635,0.44331,12.8359,1,0.23773,-0.04427,1.33001,0.00287,1,1,0.04832,0.00884,0.62687,0.69721,0.44085,16.25486,1,0.16864,-0.01576,1.3128,0.00349,1,1,participant_9,question_14,Timer-Correct,True,Other,NOT_RANDOM,0
0.0,0,36,1,0.20472,-0.02241,0,0.78229,0.41759,0.24121,8066,3424.15112,1,0.19978,-0.00638,-0.01428,0.00843,0.62459,0.43641,0.44344,12.89148,1,0.24081,-0.02906,1.3128,0.00276,1,1,0.04917,0.00898,0.63664,0.69722,0.44096,16.44114,1,0.16864,-0.01576,1.3128,0.00347,1,1,participant_9,question_14,Timer-Correct,True,Other,NOT_RANDOM,0
0.0,0,36,1,0.20459,-0.01202,0,0.78229,0.41759,0.24805,8066,3424.15112,1,0.19991,-0.00652,-0.01428,0.00843,0.62459,0.43636,0.4433,13.06984,1,0.22637,-0.00918,1.30378,0.00278,1,1,0.04917,0.00898,0.63664,0.69733,0.44097,16.61848,1,0.1828,-0.01487,1.32099,0.00341,1,1,participant_9,question_14,Timer-Correct,True,Other,NOT_RANDOM,0
0.0,0,36,1,0.20238,-0.01295,0,0.78229,0.41759,0.25488,8066,3424.15112,1,0.19997,-0.00669,-0.01428,0.00843,0.62459,0.43639,0.44346,12.95403,1,0.22231,-0.00693,1.31198,0.00277,1,1,0.04917,0.00898,0.63664,0.6973,0.44101,16.56899,1,0.18246,-0.01897,1.32918,0.00342,1,1,participant_9,question_14,Timer-Correct,True,Other,NOT_RANDOM,0
0.0,0,36,1,0.20087,-0.01985,0,0.78229,0.41759,0.26147,8066,3424.15112,1,0.2,-0.00702,-0.01428,0.00843,0.62459,0.43637,0.44343,13.21758,1,0.22073,-0.01402,1.32017,0.00283,1,1,0.04917,0.00898,0.63664,0.69742,0.44108,16.60759,1,0.18102,-0.02568,1.33737,0.00341,1,1,participant_9,question_14,Timer-Correct,True,Other,NOT_RANDOM,0
0.0,0,36,1,0.20568,-0.01854,0,0.78229,0.41759,0.26807,8066,3424.15112,1,0.20013,-0.0073,-0.01428,0.00843,0.62459,0.43663,0.44347,13.07025,1,0.22204,-0.03215,1.33737,0.00279,1,1,0.04917,0.00898,0.63664,0.69747,0.44115,16.4518,1,0.18932,-0.00493,1.33737,0.00346,1,1,participant_9,question_14,Timer-Correct,True,Other,NOT_RANDOM,0
0.0,0,36,1,0.20457,-0.02462,0,0.78229,0.41759,0.2749,8066,3424.15112,1,0.20024,-0.00771,-0.01428,0.00843,0.62459,0.43662,0.44343,12.96732,1,0.23035,-0.04011,1.33737,0.00279,1,1,0.04917,0.00898,0.63664,0.69759,0.44118,16.38777,1,0.17879,-0.00912,1.33737,0.00339,1,1,participant_9,question_14,Timer-Correct,True,Other,NOT_RANDOM,0
0.0,0,36,1,0.20537,-0.02096,0,0.78229,0.41759,0.28125,8066,3424.15112,1,0.20036,-0.00802,-0.01429,0.00849,0.62892,0.43673,0.44376,12.69399,1,0.23035,-0.04011,1.33737,0.00278,1,1,0.04745,0.0087,0.61388,0.69768,0.44125,16.45739,1,0.1804,-0.00181,1.32832,0.00341,1,1,participant_9,question_14,Timer-Correct,True,Other,NOT_RANDOM,0
0.0,0,36,1,0.25226,0.21129,0,0.78229,0.41759,0.28809,8066,3424.15112,1,0.20154,-0.00304,-0.01429,0.00849,0.62892,0.43663,0.44492,8.48906,1,0.22939,0.1428,1.32832,0.00234,1,1,0.04745,0.0087,0.61388,0.69772,0.4427,11.78582,1,0.27512,0.27979,1.31926,0.00339,1,1,participant_9,question_14,Timer-Correct,True,Question,NOT_RANDOM,0
0.0,0,36,0,0.25226,0.21129,0,0.78229,0.41759,0.29468,8066,3424.15112,1,0.20154,-0.00304,-0.01429,0.00849,0.62892,0.43663,0.44492,8.48906,0,0.22939,0.1428,1.31926,0.00234,1,0,0.04745,0.0087,0.61388,0.69758,0.42134,7.48982,0,0.27512,0.27979,1.3102,0.00275,1,1,participant_9,question_14,Timer-Correct,False,Question,NOT_RANDOM,0
0.0,0,36,0,0.25226,0.21129,0,0.78229,0.41759,0.30176,8066,3424.15112,1,0.20154,-0.00304,-0.01429,0.00849,0.62892,0.43663,0.44492,8.48906,0,0.22939,0.1428,1.3102,0.00234,1,0,0.04745,0.0087,0.61388,0.69758,0.42134,7.48982,0,0.27512,0.27979,1.30115,0.00275,1,0,participant_9,question_14,Timer-Correct,False,Question,NOT_RANDOM,0
0.0,0,36,0,0.25226,0.21129,0,0.78229,0.41759,0.30811,8066,3424.15112,1,0.20154,-0.00304,-0.01429,0.00849,0.62892,0.43663,0.44492,8.48906,0,0.22939,0.1428,1.30115,0.00234,1,0,0.04745,0.0087,0.61388,0.69758,0.42134,7.48982,0,0.27512,0.27979,1.30115,0.00275,1,0,participant_9,question_14,Timer-Correct,False,Question,NOT_RANDOM,0
0.0,0,36,0,0.25226,0.21129,0,0.78229,0.41759,0.30811,8066,3424.15112,0,0.2086,-0.00424,-0.01429,0.00849,0.62892,0.43663,0.44492,8.48906,0,0.22939,0.1428,1.30115,0.00234,1,0,0.04745,0.0087,0.61388,0.69758,0.42134,7.48982,0,0.27512,0.27979,1.30115,0.00275,1,0,participant_9,question_14,Timer-Correct,False,Question,NOT_RANDOM,0
0.0,0,36,0,0.25226,0.21129,0,0.78229,0.41759,0.30811,8066,3424.15112,0,0.2086,-0.00424,-0.01429,0.00849,0.62892,0.43663,0.44492,8.48906,0,0.22939,0.1428,1.30115,0.00234,1,0,0.04745,0.0087,0.61388,0.69758,0.42134,7.48982,0,0.27512,0.27979,1.30115,0.00275,1,0,participant_9,question_14,Timer-Correct,False,Question,NOT_RANDOM,0
0.0,0,36,0,0.25226,0.21129,0,0.78229,0.41759,0.30811,8066,3424.15112,0,0.2086,-0.00424,-0.01429,0.00849,0.62892,0.43663,0.44492,8.48906,0,0.22939,0.1428,1.30115,0.00234,1,0,0.04745,0.0087,0.61388,0.69758,0.42134,7.48982,0,0.27512,0.27979,1.30115,0.00275,1,0,participant_9,question_14,Timer-Correct,False,Question,NOT_RANDOM,0
0.0,0,36,0,0.25226,0.21129,0,0.78229,0.41759,0.30811,8066,3424.15112,0,0.0,0.0,-0.01429,0.00849,0.62892,0.43663,0.44492,8.48906,0,0.22939,0.1428,1.30115,0.00234,1,0,0.04745,0.0087,0.61388,0.69758,0.42134,7.48982,0,0.27512,0.27979,1.30115,0.00275,1,0,participant_9,question_14,Timer-Correct,False,Question,NOT_RANDOM,0
0.0,31,36,0,0.25226,0.21129,0,0.78229,0.41759,0.30811,8066,3424.15112,0,0.0,0.0,-0.01429,0.00849,0.62892,0.43663,0.44492,8.48906,0,0.22939,0.1428,1.30115,0.00234,1,0,0.04745,0.0087,0.61388,0.69758,0.42134,7.48982,0,0.27512,0.27979,1.30115,0.00275,1,0,participant_9,question_14,Timer-Correct,True,Question,NOT_RANDOM,0
0.0,31,36,0,0.25226,0.21129,0,0.78229,0.41759,0.30811,8066,3424.15112,0,0.0,0.0,-0.01429,0.00849,0.62892,0.43663,0.44492,8.48906,0,0.22939,0.1428,1.30115,0.00234,1,0,0.04745,0.0087,0.61388,0.69758,0.42134,7.48982,0,0.27512,0.27979,1.30115,0.00275,1,0,participant_9,question_14,Timer-Correct,True,Question,NOT_RANDOM,0
0.0,31,36,0,0.25226,0.21129,0,0.78229,0.41759,0.30811,8066,3424.15112,0,0.0,0.0,-0.01429,0.00849,0.62892,0.43663,0.44492,8.48906,0,0.22939,0.1428,1.30115,0.00234,1,0,0.04745,0.0087,0.61388,0.69758,0.42134,7.48982,0,0.27512,0.27979,1.30115,0.00275,1,0,participant_9,question_14,Timer-Correct,True,Question,NOT_RANDOM,0
0.0,31,36,0,0.25226,0.21129,0,0.78229,0.41759,0.30811,8066,3424.15112,0,0.0,0.0,-0.01429,0.00849,0.62892,0.43663,0.44492,8.48906,0,0.22939,0.1428,1.30115,0.00234,1,0,0.04745,0.0087,0.61388,0.69758,0.42134,7.48982,0,0.27512,0.27979,1.30115,0.00275,1,0,participant_9,question_14,Timer-Correct,True,Question,NOT_RANDOM,0
0.0,31,36,0,0.25226,0.21129,0,0.78229,0.41759,0.30811,8066,3424.15112,0,0.0,0.0,-0.01429,0.00849,0.62892,0.43663,0.44492,8.48906,0,0.22939,0.1428,1.30115,0.00234,1,0,0.04745,0.0087,0.61388,0.69758,0.42134,7.48982,0,0.27512,0.27979,1.30115,0.00275,1,0,participant_9,question_14,Timer-Correct,True,Question,NOT_RANDOM,0
0.0,31,36,0,0.25226,0.21129,0,0.78229,0.41759,0.30811,8066,3424.15112,0,0.0,0.0,-0.01429,0.00849,0.62892,0.43663,0.44492,8.48906,0,0.22939,0.1428,1.30115,0.00234,1,0,0.04745,0.0087,0.61388,0.69758,0.42134,7.48982,0,0.27512,0.27979,1.30115,0.00275,1,0,participant_9,question_14,Timer-Correct,True,Question,NOT_RANDOM,0
0.0,31,36,0,0.25226,0.21129,0,0.78229,0.41759,0.30811,8066,3424.15112,0,0.0,0.0,-0.01429,0.00849,0.62892,0.43663,0.44492,8.48906,0,0.22939,0.1428,1.30115,0.00234,1,0,0.04745,0.0087,0.61388,0.69758,0.42134,7.48982,0,0.27512,0.27979,1.30115,0.00275,1,0,participant_9,question_14,Timer-Correct,True,Question,NOT_RANDOM,0
0.0,31,36,0,0.25226,0.21129,0,0.78229,0.41759,0.30811,8066,3424.15112,0,0.0,0.0,-0.01429,0.00849,0.62892,0.43663,0.44492,8.48906,0,0.22939,0.1428,1.30115,0.00234,1,0,0.04745,0.0087,0.61388,0.69758,0.42134,7.48982,0,0.27512,0.27979,1.30115,0.00275,1,0,participant_9,question_14,Timer-Correct,True,Question,NOT_RANDOM,0
0.0,31,36,0,0.25226,0.21129,0,0.78229,0.41759,0.30811,8066,3424.15112,0,0.0,0.0,-0.01429,0.00849,0.62892,0.43663,0.44492,8.48906,0,0.22939,0.1428,1.30115,0.00234,1,0,0.04745,0.0087,0.61388,0.69758,0.42134,7.48982,0,0.27512,0.27979,1.30115,0.00275,1,0,participant_9,question_14,Timer-Correct,True,Question,NOT_RANDOM,0
0.0,31,36,0,0.25226,0.21129,0,0.78229,0.41759,0.30811,8066,3424.15112,0,0.0,0.0,-0.01429,0.00849,0.62892,0.43663,0.44492,8.48906,0,0.22939,0.1428,1.30115,0.00234,1,0,0.04745,0.0087,0.61388,0.69758,0.42134,7.48982,0,0.27512,0.27979,1.30115,0.00275,1,0,participant_9,question_14,Timer-Correct,True,Question,NOT_RANDOM,0
0.06939,0,37,1,0.3295,-0.02488,0,0.78229,0.41759,0.30811,8066,3424.15112,0,0.16475,-0.01244,-0.01429,0.00849,0.62892,0.70022,0.44143,16.8756,1,0.3295,-0.02488,1.30115,0.00349,1,1,0.04745,0.0087,0.61388,0.69758,0.42134,7.48982,0,0.27512,0.27979,1.30115,0.00275,1,0,participant_9,question_14,Timer-Correct,True,Other,NOT_RANDOM,0
0.0,0,37,1,0.32446,-0.01405,0,0.78229,0.41759,0.30811,8066,3424.15112,0,0.32698,-0.01947,-0.01429,0.00849,0.62892,0.70018,0.44155,17.1091,1,0.32446,-0.01405,1.30115,0.00347,1,1,0.04745,0.0087,0.61388,0.69758,0.42134,7.48982,0,0.27512,0.27979,1.30115,0.00275,1,0,participant_9,question_14,Timer-Correct,True,Other,NOT_RANDOM,0
0.0,0,37,1,0.32337,-0.02207,0,0.78229,0.41759,0.30811,8066,3424.15112,0,0.32517,-0.02077,-0.01456,0.00866,0.65583,0.43947,0.44412,13.31805,1,0.32337,-0.02207,1.31016,0.00281,1,1,0.04745,0.0087,0.61388,0.70026,0.44161,16.72449,0,0.27512,0.27979,1.31016,0.00349,1,1,participant_9,question_14,Timer-Correct,True,Other,NOT_RANDOM,0
0.0,0,37,1,0.27384,-0.03405,0,0.78229,0.41759,0.30811,8066,3424.15112,0,0.30806,-0.0252,-0.01456,0.00866,0.65583,0.43948,0.44417,13.38346,1,0.28754,-0.06125,1.31918,0.00283,1,1,0.04745,0.0087,0.61388,0.70027,0.44168,16.88729,1,0.26014,-0.00685,1.31918,0.00344,1,1,participant_9,question_14,Timer-Correct,True,Other,NOT_RANDOM,0
0.0,0,37,1,0.27351,-0.03719,0,0.78229,0.41759,0.01758,8067,3424.56909,1,0.29942,-0.02819,-0.01456,0.00866,0.65583,0.43949,0.44425,13.26278,1,0.28531,-0.06088,1.3282,0.00285,1,1,0.04745,0.0087,0.61388,0.70031,0.44169,17.00737,1,0.26171,-0.01349,1.3282,0.00345,1,1,participant_9,question_14,Timer-Correct,True,Other,NOT_RANDOM,0
0.0,0,37,1,0.27351,-0.03719,0,0.78229,0.41759,0.02417,8067,3424.56909,1,0.29424,-0.02999,-0.01389,0.00824,0.62795,0.43951,0.44433,13.43876,1,0.28531,-0.06088,1.3282,0.00283,1,1,0.04857,0.0086,0.62354,0.70031,0.44175,16.86846,1,0.26171,-0.01349,1.3282,0.00345,1,1,participant_9,question_14,Timer-Correct,True,Other,NOT_RANDOM,0
0.0,0,37,1,0.28098,-0.0195,0,0.78229,0.41759,0.03052,8067,3424.56909,1,0.29203,-0.02824,-0.01389,0.00824,0.62795,0.43955,0.44436,13.30962,1,0.29546,-0.04958,1.31918,0.00283,1,1,0.04857,0.0086,0.62354,0.70033,0.44179,16.87687,1,0.2665,0.01059,1.31918,0.00346,1,1,participant_9,question_14,Timer-Correct,True,Other,NOT_RANDOM,0
0.0,0,37,1,0.2704,-0.00904,0,0.78229,0.41759,0.0376,8067,3424.56909,1,0.28894,-0.0255,-0.01389,0.00824,0.62795,0.43955,0.44436,13.30938,1,0.29257,-0.03584,1.31016,0.00283,1,1,0.04857,0.0086,0.62354,0.70038,0.44181,17.00012,1,0.24823,0.01776,1.31016,0.00345,1,1,participant_9,question_14,Timer-Correct,True,Other,NOT_RANDOM,0
0.0,0,37,1,0.27096,-0.00573,0,0.78229,0.41759,0.04395,8067,3424.56909,1,0.28669,-0.02303,-0.01425,0.00848,0.64642,0.4396,0.44433,13.23023,1,0.29257,-0.03584,1.31016,0.00289,1,1,0.04697,0.00831,0.60238,0.70041,0.44182,16.96305,1,0.24936,0.02439,1.30201,0.00347,1,1,participant_9,question_14,Timer-Correct,True,Other,NOT_RANDOM,0
0.0,0,37,1,0.26949,-0.00893,0,0.78229,0.41759,0.05078,8067,3424.56909,1,0.28478,-0.02146,-0.01425,0.00848,0.64642,0.43968,0.44441,13.32821,1,0.30459,-0.03898,1.31103,0.00283,1,1,0.04697,0.00831,0.60238,0.70045,0.44186,16.79929,1,0.2344,0.02113,1.30288,0.00354,1,1,participant_9,question_14,Timer-Correct,True,Other,NOT_RANDOM,0
0.0,0,37,1,0.26894,-0.00828,0,0.78229,0.41759,0.05762,8067,3424.56909,1,0.2832,-0.02014,-0.01425,0.00848,0.64642,0.43985,0.44439,13.35656,1,0.30302,-0.04362,1.31189,0.00285,1,1,0.04697,0.00831,0.60238,0.70056,0.44189,16.78973,1,0.23485,0.02705,1.30374,0.00347,1,1,participant_9,question_14,Timer-Correct,True,Other,NOT_RANDOM,0
0.0,0,37,1,0.27009,-0.00131,0,0.78229,0.41759,0.06396,8067,3424.56909,1,0.28201,-0.01843,-0.0136,0.00812,0.61887,0.43982,0.44434,13.33468,1,0.30412,-0.03626,1.30374,0.00284,1,1,0.04697,0.00831,0.60238,0.70059,0.44197,16.75985,1,0.23606,0.03364,1.29559,0.00347,1,1,participant_9,question_14,Timer-Correct,True,Other,NOT_RANDOM,0
0.0,0,37,1,0.27027,-0.00771,0,0.78229,0.41759,0.07129,8067,3424.56909,1,0.28103,-0.01754,-0.0136,0.00812,0.61887,0.43986,0.44438,13.30827,1,0.29885,-0.0194,1.28658,0.00285,1,1,0.04697,0.00831,0.60238,0.70067,0.44196,16.88641,1,0.2417,0.00398,1.28658,0.00342,1,1,participant_9,question_14,Timer-Correct,True,Other,NOT_RANDOM,0
0.0,0,37,1,0.27833,0.0026,0,0.78229,0.41759,0.07788,8067,3424.56909,1,0.28082,-0.01599,-0.0136,0.00812,0.61887,0.43996,0.44441,13.22436,1,0.30715,-0.01186,1.27756,0.00281,1,1,0.04697,0.00831,0.60238,0.70076,0.44202,16.98525,1,0.24952,0.01705,1.27756,0.00346,1,1,participant_9,question_14,Timer-Correct,True,Other,NOT_RANDOM,0
0.0,0,37,1,0.27901,0.00703,0,0.78229,0.41759,0.08521,8067,3424.56909,1,0.28069,-0.01434,-0.0136,0.00812,0.61887,0.44017,0.44437,13.47953,1,0.30837,-0.00372,1.26855,0.00283,1,1,0.04925,0.00871,0.63102,0.7008,0.44202,16.94455,1,0.24964,0.01777,1.2767,0.00348,1,1,participant_9,question_14,Timer-Correct,True,Other,NOT_RANDOM,0
0.0,0,37,1,0.27555,0.00311,0,0.78229,0.41759,0.09229,8067,3424.56909,1,0.28035,-0.01318,-0.0136,0.00812,0.61887,0.4402,0.44436,13.45251,1,0.29097,-0.01092,1.2767,0.00285,1,1,0.04925,0.00871,0.63102,0.70095,0.44196,16.95647,1,0.26014,0.01713,1.28485,0.00353,1,1,participant_9,question_14,Timer-Correct,True,Other,NOT_RANDOM,0
0.0,0,37,1,0.27641,-0.00334,0,0.78229,0.41759,0.09766,8067,3424.56909,1,0.2801,-0.01257,-0.0136,0.00812,0.61887,0.44024,0.44442,13.5519,1,0.29309,-0.01134,1.28485,0.00283,1,1,0.04925,0.00871,0.63102,0.70109,0.44203,16.90496,1,0.25974,0.00465,1.293,0.00357,1,1,participant_9,question_14,Timer-Correct,True,Other,NOT_RANDOM,0
0.0,0,37,1,0.27582,-0.00699,0,0.78229,0.41759,0.10913,8067,3424.56909,1,0.27985,-0.01224,-0.01386,0.00834,0.63508,0.44027,0.44442,13.57847,1,0.2919,-0.01864,1.293,0.00284,1,1,0.04716,0.00831,0.60247,0.70112,0.44202,16.93764,1,0.25974,0.00465,1.293,0.00354,1,1,participant_9,question_14,Timer-Correct,True,Other,NOT_RANDOM,0
0.0,0,37,1,0.27888,-0.02217,0,0.78229,0.41759,0.11694,8067,3424.56909,1,0.2798,-0.01279,-0.01386,0.00834,0.63508,0.44051,0.44446,13.33179,1,0.304,-0.01825,1.293,0.00294,1,1,0.04716,0.00831,0.60247,0.70119,0.44208,17.02164,1,0.25377,-0.02609,1.28485,0.00348,1,1,participant_9,question_14,Timer-Correct,True,Other,NOT_RANDOM,0
0.0,0,37,1,0.27334,-0.00981,0,0.78229,0.41759,0.12451,8067,3424.56909,1,0.27946,-0.01263,-0.01386,0.00834,0.63508,0.44051,0.44444,13.47209,1,0.30993,-0.01477,1.28485,0.0029,1,1,0.04716,0.00831,0.60247,0.70122,0.4421,16.81704,1,0.23675,-0.00484,1.2767,0.00347,1,1,participant_9,question_14,Timer-Correct,True,Other,NOT_RANDOM,0
0.0,0,37,1,0.27449,-0.00267,0,0.78229,0.41759,0.12842,8067,3424.56909,1,0.27921,-0.01213,-0.01359,0.00823,0.62727,0.4406,0.4444,13.42924,1,0.31101,-0.00744,1.2767,0.00285,1,1,0.04716,0.00831,0.60247,0.70133,0.44217,16.96685,1,0.23797,0.00209,1.26855,0.00345,1,1,participant_9,question_14,Timer-Correct,True,Other,NOT_RANDOM,0
0.0,0,37,1,0.27318,0.00571,0,0.78229,0.41759,0.13135,8067,3424.56909,1,0.27892,-0.01129,-0.01359,0.00823,0.62727,0.44062,0.44437,13.353,1,0.30323,0.01267,1.26855,0.00285,1,1,0.04716,0.00831,0.60247,0.70145,0.44214,16.93731,1,0.24314,-0.00126,1.26855,0.00351,1,1,participant_9,question_14,Timer-Correct,True,Other,NOT_RANDOM,0
0.0,0,37,1,0.27013,-0.00459,0,0.78229,0.41759,0.14307,8067,3424.56909,1,0.27852,-0.01098,-0.01359,0.00823,0.62727,0.44084,0.44434,13.11468,1,0.28814,0.0025,1.26855,0.00291,1,1,0.04716,0.00831,0.60247,0.70154,0.44216,16.93357,1,0.25211,-0.01167,1.26855,0.00351,1,1,participant_9,question_14,Timer-Correct,True,Other,NOT_RANDOM,0
0.0,0,37,1,0.26825,-0.01603,0,0.78229,0.41759,0.14526,8067,3424.56909,1,0.27808,-0.0112,-0.01391,0.00846,0.64428,0.44099,0.44433,13.48805,1,0.28678,-0.00558,1.27756,0.00286,1,1,0.05202,0.00911,0.66394,0.70164,0.44214,17.02874,1,0.24971,-0.02649,1.28571,0.00344,1,1,participant_9,question_14,Timer-Correct,True,Other,NOT_RANDOM,0
0.0,0,37,1,0.27794,-0.02756,0,0.78229,0.41759,0.15698,8067,3424.56909,1,0.27807,-0.01188,-0.01391,0.00846,0.64428,0.44105,0.44441,13.55993,1,0.29573,-0.02241,1.29473,0.00285,1,1,0.05202,0.00911,0.66394,0.70176,0.44231,16.95015,1,0.26014,-0.03272,1.30288,0.00348,1,1,participant_9,question_14,Timer-Correct,True,Other,NOT_RANDOM,0
0.0,0,37,1,0.27603,-0.04368,0,0.78229,0.41759,0.16382,8067,3424.56909,1,0.27799,-0.01315,-0.01391,0.00846,0.64428,0.44105,0.44439,13.60246,1,0.30237,-0.04189,1.31189,0.00285,1,1,0.05202,0.00911,0.66394,0.70176,0.44229,16.99845,1,0.24969,-0.04547,1.32004,0.00347,1,1,participant_9,question_14,Timer-Correct,True,Other,NOT_RANDOM,0
0.0,0,37,1,0.27309,-0.06261,0,0.78229,0.41759,0.17139,8067,3424.56909,1,0.2778,-0.01506,-0.01351,0.00827,0.63,0.44123,0.44429,13.40805,1,0.30004,-0.05735,1.32906,0.00284,1,1,0.0495,0.00871,0.63111,0.70184,0.4423,17.07569,1,0.24614,-0.06786,1.34627,0.00348,1,1,participant_9,question_14,Timer-Correct,True,Other,NOT_RANDOM,0
0.0,0,37,1,0.26574,-0.07055,0,0.78229,0.41759,0.17432,8067,3424.56909,1,0.27735,-0.01711,-0.01351,0.00827,0.63,0.44133,0.44435,13.32776,1,0.30695,-0.07487,1.34627,0.00288,1,1,0.0495,0.00871,0.63111,0.70198,0.44226,17.10673,1,0.22454,-0.06624,1.35532,0.00352,1,1,participant_9,question_14,Timer-Correct,True,Other,NOT_RANDOM,0
0.0,0,37,1,0.2749,-0.08404,0,0.78229,0.41759,0.17993,8067,3424.56909,1,0.27727,-0.0195,-0.01351,0.00827,0.63,0.44152,0.44441,13.22436,1,0.30678,-0.08422,1.35532,0.00281,1,1,0.0495,0.00871,0.63111,0.70225,0.44223,16.91077,1,0.24302,-0.08387,1.36438,0.00345,1,1,participant_9,question_14,Timer-Correct,True,Other,NOT_RANDOM,0
0.0,0,37,1,0.27489,-0.08408,0,0.78229,0.41759,0.18506,8067,3424.56909,1,0.27718,-0.02173,-0.01324,0.00824,0.62399,0.44205,0.44433,13.39638,1,0.30678,-0.08425,1.35536,0.00279,1,1,0.05002,0.00867,0.63538,0.70258,0.44238,16.92976,1,0.24301,-0.0839,1.36442,0.0035,1,1,participant_9,question_14,Timer-Correct,True,Other,NOT_RANDOM,0
0.0,0,37,1,0.28926,-0.07026,0,0.78229,0.41759,0.19727,8067,3424.56909,1,0.27759,-0.02335,-0.01324,0.00824,0.62399,0.44218,0.44437,13.26511,1,0.30631,-0.08179,1.3554,0.00285,1,1,0.05002,0.00867,0.63538,0.70287,0.4424,16.92362,1,0.27222,-0.05873,1.3554,0.00347,1,1,participant_9,question_14,Timer-Correct,True,Other,NOT_RANDOM,0
0.0,0,37,1,0.28806,-0.06205,0,0.78229,0.41759,0.20386,8067,3424.56909,1,0.27792,-0.0246,-0.01324,0.00824,0.62399,0.44221,0.44436,13.37999,1,0.31827,-0.07423,1.34639,0.00284,1,1,0.05002,0.00867,0.63538,0.70296,0.44256,16.93539,1,0.25786,-0.04986,1.34639,0.0035,1,1,participant_9,question_14,Timer-Correct,True,Other,NOT_RANDOM,0
0.0,0,37,1,0.28917,-0.0548,0,0.78229,0.41759,0.20679,8067,3424.56909,1,0.27828,-0.02554,-0.01336,0.00834,0.63169,0.44239,0.4443,13.23404,1,0.31827,-0.07423,1.34639,0.00289,1,1,0.04822,0.00834,0.61132,0.70298,0.44258,16.94325,1,0.26007,-0.03537,1.32918,0.00349,1,1,participant_9,question_14,Timer-Correct,True,Other,NOT_RANDOM,0
0.0,0,37,1,0.29414,-0.0447,0,0.78229,0.41759,0.20679,8067,3424.56909,0,0.27847,-0.05208,-0.01336,0.00834,0.63169,0.44249,0.44432,13.25773,1,0.32502,-0.06805,1.3382,0.00285,1,1,0.04822,0.00834,0.61132,0.7031,0.44252,17.17109,1,0.26326,-0.02135,1.32099,0.00343,1,1,participant_9,question_14,Timer-Correct,True,Other,NOT_RANDOM,0
0.0,0,37,1,0.29219,-0.0361,0,0.78229,0.41759,0.20679,8067,3424.56909,0,0.28533,-0.04409,-0.01336,0.00834,0.63169,0.44249,0.44433,13.22653,1,0.33067,-0.06686,1.33001,0.00285,1,1,0.04822,0.00834,0.61132,0.70312,0.44259,16.9922,1,0.25372,-0.00533,1.3128,0.00346,1,1,participant_9,question_14,Timer-Correct,True,Other,NOT_RANDOM,0
0.0,0,37,1,0.29433,-0.02112,0,0.78229,0.41759,0.20679,8067,3424.56909,0,0.28833,-0.03643,-0.01308,0.0082,0.6209,0.4426,0.44429,13.62657,1,0.33263,-0.0512,1.3128,0.00286,1,1,0.04822,0.0083,0.61132,0.70322,0.44262,16.94402,1,0.25603,0.00895,1.29559,0.00352,1,1,participant_9,question_14,Timer-Correct,True,Other,NOT_RANDOM,0
0.0,0,37,1,0.29508,0.00636,0,0.78229,0.41759,0.02002,8068,3424.78076,1,0.29002,-0.02574,-0.01308,0.0082,0.6209,0.44268,0.44437,13.54823,1,0.32998,-0.01261,1.28658,0.00285,1,1,0.04822,0.0083,0.61132,0.70333,0.44273,16.83239,1,0.26018,0.02532,1.28658,0.0035,1,1,participant_9,question_14,Timer-Correct,True,Other,NOT_RANDOM,0
0.0,0,37,1,0.29577,0.02092,0,0.78229,0.41759,0.02661,8068,3424.78076,1,0.29117,-0.0164,-0.01308,0.0082,0.6209,0.44269,0.44447,13.30498,1,0.32387,0.00984,1.27756,0.00285,1,1,0.04822,0.0083,0.61132,0.70335,0.44273,16.85644,1,0.26767,0.03201,1.27756,0.00348,1,1,participant_9,question_14,Timer-Correct,True,Other,NOT_RANDOM,0
0.0,0,37,1,0.29795,0.0356,0,0.78229,0.41759,0.03906,8068,3424.78076,1,0.2923,-0.00774,-0.01282,0.00802,0.6109,0.44271,0.4445,13.1459,1,0.326,0.02505,1.26043,0.0029,1,1,0.04822,0.00825,0.61132,0.70348,0.44278,16.89593,1,0.2699,0.04616,1.26043,0.0035,1,1,participant_9,question_14,Timer-Correct,True,Question,NOT_RANDOM,0
0.0,0,37,1,0.29488,0.04498,0,0.78229,0.41759,0.04395,8068,3424.78076,1,0.29267,-0.00021,-0.01282,0.00802,0.6109,0.44284,0.44449,13.32233,1,0.31497,0.02612,1.25232,0.00294,1,1,0.04822,0.00825,0.61132,0.70351,0.44282,16.97819,1,0.27479,0.06384,1.25232,0.00351,1,1,participant_9,question_14,Timer-Correct,True,Question,NOT_RANDOM,0
0.0,0,37,1,0.29667,0.05328,0,0.78229,0.41759,0.04688,8068,3424.78076,1,0.29317,0.00648,-0.01282,0.00802,0.6109,0.44293,0.4444,13.47622,1,0.31681,0.03004,1.2442,0.00288,1,1,0.04822,0.00825,0.61132,0.70355,0.44283,16.96456,1,0.27653,0.07652,1.2442,0.00351,1,1,participant_9,question_14,Timer-Correct,True,Question,NOT_RANDOM,0
0.0,0,37,1,0.2944,0.03858,0,0.78229,0.41759,0.05371,8068,3424.78076,1,0.29331,0.01005,-0.01331,0.00834,0.63875,0.44296,0.44437,13.48998,1,0.31562,0.02197,1.25322,0.00286,1,1,0.05041,0.00861,0.63784,0.70361,0.44286,16.87541,1,0.27318,0.05519,1.27043,0.00352,1,1,participant_9,question_14,Timer-Correct,True,Question,NOT_RANDOM,0
0.0,0,37,1,0.29385,-0.00631,0,0.78229,0.41759,0.06592,8068,3424.78076,1,0.29336,0.00841,-0.01331,0.00834,0.63875,0.44295,0.44444,13.64062,1,0.31298,-0.00418,1.28756,0.00287,1,1,0.05041,0.00861,0.63784,0.70357,0.4429,16.91497,1,0.27473,-0.00843,1.30476,0.0035,1,1,participant_9,question_14,Timer-Correct,True,Other,NOT_RANDOM,0
0.0,0,37,1,0.29214,-0.03107,0,0.78229,0.41759,0.07153,8068,3424.78076,1,0.29325,0.00482,-0.01331,0.00834,0.63875,0.44295,0.44444,13.64062,1,0.31417,-0.02559,1.32189,0.00287,1,1,0.05041,0.00861,0.63784,0.70356,0.44287,16.88898,1,0.27011,-0.03655,1.3391,0.00352,1,1,participant_9,question_14,Timer-Correct,True,Other,NOT_RANDOM,0
0.0,0,37,1,0.2879,-0.06061,0,0.78229,0.41759,0.0791,8068,3424.78076,1,0.2928,-0.00063,-0.01339,0.00833,0.64235,0.44306,0.4445,13.38833,1,0.30984,-0.0559,1.35623,0.00286,1,1,0.05041,0.00861,0.63784,0.70366,0.44296,16.81584,1,0.26595,-0.06532,1.37344,0.00351,1,1,participant_9,question_14,Timer-Correct,True,Other,NOT_RANDOM,0
0.0,0,37,1,0.29194,-0.09128,0,0.78229,0.41759,0.08618,8068,3424.78076,1,0.29274,-0.0076,-0.01339,0.00833,0.64235,0.44296,0.44449,13.81716,1,0.31275,-0.07482,1.37344,0.00285,1,1,0.05041,0.00861,0.63784,0.70374,0.44305,17.06718,1,0.27113,-0.10774,1.37344,0.0035,1,1,participant_9,question_14,Timer-Correct,True,Other,NOT_RANDOM,0
0.0,0,37,1,0.29152,-0.08753,0,0.78229,0.41759,0.09277,8068,3424.78076,1,0.29265,-0.01331,-0.01339,0.00833,0.64235,0.44296,0.44449,13.81716,1,0.31398,-0.07129,1.37344,0.00285,1,1,0.05041,0.00861,0.63784,0.70368,0.44304,17.08001,1,0.26906,-0.10378,1.37344,0.00346,1,1,participant_9,question_14,Timer-Correct,True,Other,NOT_RANDOM,0
0.0,0,37,1,0.29152,-0.08753,0,0.78229,0.41759,0.09961,8068,3424.78076,1,0.29257,-0.01826,-0.01331,0.00824,0.63875,0.44306,0.44455,13.54139,1,0.31398,-0.07129,1.37344,0.00285,1,1,0.05041,0.00861,0.63784,0.70373,0.44311,17.14357,1,0.26906,-0.10378,1.37344,0.00346,1,1,participant_9,question_14,Timer-Correct,True,Other,NOT_RANDOM,0
0.0,0,37,1,0.28829,-0.08331,0,0.78229,0.41759,0.10205,8068,3424.78076,1,0.29231,-0.02233,-0.01331,0.00824,0.63875,0.44315,0.44459,13.63039,1,0.31039,-0.06484,1.37344,0.00287,1,1,0.05041,0.00861,0.63784,0.70366,0.44308,17.01943,1,0.2662,-0.10178,1.37344,0.00348,1,1,participant_9,question_14,Timer-Correct,True,Other,NOT_RANDOM,0
0.0,0,37,1,0.28477,-0.08506,0,0.78229,0.41759,0.10767,8068,3424.78076,1,0.29186,-0.02602,-0.01331,0.00824,0.63875,0.44306,0.44455,13.54139,1,0.30593,-0.07253,1.37344,0.00285,1,1,0.05041,0.00861,0.63784,0.70371,0.44313,17.13073,1,0.26362,-0.0976,1.37344,0.00345,1,1,participant_9,question_14,Timer-Correct,True,Other,NOT_RANDOM,0
0.0,0,37,1,0.28477,-0.08506,0,0.78229,0.41759,0.1145,8068,3424.78076,1,0.29147,-0.0293,-0.01331,0.00824,0.63875,0.44289,0.44453,13.73644,1,0.30593,-0.07253,1.37344,0.0029,1,1,0.05041,0.00861,0.63784,0.70371,0.44313,17.11895,1,0.26362,-0.0976,1.37344,0.00346,1,1,participant_9,question_14,Timer-Correct,True,Other,NOT_RANDOM,0
0.0,0,37,1,0.28196,-0.07936,0,0.78229,0.41759,0.12305,8068,3424.78076,1,0.29097,-0.03193,-0.01331,0.00824,0.63875,0.44303,0.44459,13.47751,1,0.30149,-0.06256,1.37344,0.00289,1,1,0.05041,0.00861,0.63784,0.70366,0.44316,17.10614,1,0.26242,-0.09616,1.37344,0.00345,1,1,participant_9,question_14,Timer-Correct,True,Other,NOT_RANDOM,0
0.0,0,37,1,0.29021,-0.09715,0,0.78229,0.41759,0.12305,8068,3424.78076,0,0.28944,-0.06297,-0.01331,0.00824,0.63875,0.44287,0.44478,13.31007,1,0.3209,-0.10438,1.37344,0.00285,1,1,0.05041,0.00861,0.63784,0.70363,0.44316,17.04107,1,0.25951,-0.08992,1.37344,0.00347,1,1,participant_9,question_14,Timer-Correct,True,Other,NOT_RANDOM,0
0.0,0,37,1,0.29236,-0.08186,0,0.78229,0.41759,0.12305,8068,3424.78076,0,0.2909,-0.07241,-0.01299,0.00801,0.6212,0.4427,0.44481,13.71628,1,0.32195,-0.0962,1.36442,0.00287,1,1,0.04822,0.00825,0.61132,0.70356,0.44316,17.01068,1,0.26278,-0.06751,1.34721,0.00348,1,1,participant_9,question_14,Timer-Correct,True,Other,NOT_RANDOM,0
0.0,0,37,1,0.28613,-0.05712,0,0.78229,0.41759,0.12305,8068,3424.78076,0,0.28931,-0.06732,-0.01299,0.00801,0.6212,0.4427,0.44481,13.71628,1,0.31476,-0.05615,1.3382,0.00287,1,1,0.04822,0.00825,0.61132,0.70349,0.44318,17.0119,1,0.25749,-0.0581,1.32099,0.00351,1,1,participant_9,question_14,Timer-Correct,True,Other,NOT_RANDOM,0
0.0,0,37,1,0.29464,-0.0367,0,0.78229,0.41759,0.02002,8069,3424.9082,1,0.29064,-0.05966,-0.01299,0.00801,0.6212,0.4427,0.44481,13.71628,1,0.31782,-0.04294,1.31198,0.00287,1,1,0.04822,0.00825,0.61132,0.70347,0.44324,17.13673,1,0.27147,-0.03046,1.29477,0.00351,1,1,participant_9,question_14,Timer-Correct,True,Other,NOT_RANDOM,0
0.0,0,37,1,0.29792,-0.01353,0,0.78229,0.41759,0.02661,8069,3424.9082,1,0.2921,-0.05044,-0.01308,0.00801,0.6209,0.44275,0.44494,13.3197,1,0.32109,-0.01924,1.28575,0.00289,1,1,0.04822,0.00825,0.61132,0.70343,0.44329,17.01542,1,0.27475,-0.00783,1.26855,0.00353,1,1,participant_9,question_14,Timer-Correct,True,Other,NOT_RANDOM,0
0.0,0,37,1,0.29362,0.00314,0,0.78229,0.41759,0.03296,8069,3424.9082,1,0.29235,-0.04151,-0.01308,0.00801,0.6209,0.44281,0.44493,13.33015,1,0.32284,-0.00247,1.26855,0.00286,1,1,0.04822,0.00825,0.61132,0.70341,0.44326,16.94687,1,0.2644,0.00876,1.26855,0.00353,1,1,participant_9,question_14,Timer-Correct,True,Other,NOT_RANDOM,0
0.0,0,37,1,0.29202,0.00322,0,0.78229,0.41759,0.04004,8069,3424.9082,1,0.2923,-0.03512,-0.01308,0.00801,0.6209,0.44275,0.44494,13.3197,1,0.32372,0.00219,1.26855,0.00289,1,1,0.04822,0.00825,0.61132,0.70337,0.44321,17.10767,1,0.26031,0.00425,1.26855,0.00352,1,1,participant_9,question_14,Timer-Correct,True,Other,NOT_RANDOM,0
0.0,0,37,1,0.29202,0.00322,0,0.78229,0.41759,0.04688,8069,3424.9082,1,0.29227,-0.03032,-0.01308,0.00801,0.6209,0.44265,0.44498,13.43884,1,0.32372,0.00219,1.26855,0.0028,1,1,0.04822,0.00825,0.61132,0.70328,0.44323,17.08692,1,0.26031,0.00425,1.26855,0.00348,1,1,participant_9,question_14,Timer-Correct,True,Other,NOT_RANDOM,0
0.0,0,37,1,0.28961,0.00734,0,0.78229,0.41759,0.05347,8069,3424.9082,1,0.29197,-0.02614,-0.01308,0.00801,0.6209,0.44264,0.44498,13.40669,1,0.31731,0.0069,1.26855,0.00281,1,1,0.04822,0.00825,0.61132,0.70328,0.44321,17.1552,1,0.26192,0.00779,1.26855,0.00347,1,1,participant_9,question_14,Timer-Correct,True,Other,NOT_RANDOM,0
0.0,0,37,1,0.28753,0.01513,0,0.78229,0.41759,0.0603,8069,3424.9082,1,0.29153,-0.02201,-0.01308,0.00801,0.6209,0.44254,0.44507,13.24023,1,0.31442,0.02346,1.26855,0.00281,1,1,0.04822,0.00825,0.61132,0.70335,0.44333,17.08581,1,0.26064,0.0068,1.26855,0.00351,1,1,participant_9,question_14,Timer-Correct,True,Other,NOT_RANDOM,0
0.0,0,37,1,0.28753,0.01513,0,0.78229,0.41759,0.06641,8069,3424.9082,1,0.29117,-0.01864,-0.01308,0.00801,0.6209,0.44255,0.44509,13.3688,1,0.31442,0.02346,1.26855,0.0028,1,1,0.04822,0.00825,0.61132,0.70332,0.44328,16.95015,1,0.26064,0.0068,1.26855,0.00348,1,1,participant_9,question_14,Timer-Correct,True,Other,NOT_RANDOM,0
0.0,0,37,1,0.29252,0.01134,0,0.78229,0.41759,0.07324,8069,3424.9082,1,0.29128,-0.01614,-0.01308,0.00801,0.6209,0.44252,0.44508,13.27428,1,0.33156,0.01186,1.26855,0.0028,1,1,0.04822,0.00825,0.61132,0.70328,0.4433,16.92292,1,0.25348,0.01083,1.26855,0.00351,1,1,participant_9,question_14,Timer-Correct,True,Other,NOT_RANDOM,0
0.0,0,37,1,0.29083,-0.00794,0,0.78229,0.41759,0.07983,8069,3424.9082,1,0.29124,-0.01551,-0.01308,0.00801,0.6209,0.44244,0.44511,13.2102,1,0.32695,-0.02796,1.26855,0.00279,1,1,0.04822,0.00825,0.61132,0.70332,0.44335,17.02117,1,0.2547,0.01208,1.26855,0.00352,1,1,participant_9,question_14,Timer-Correct,True,Other,NOT_RANDOM,0
0.0,0,37,1,0.28965,-0.01592,0,0.78229,0.41759,0.08716,8069,3424.9082,1,0.29113,-0.01554,-0.01336,0.00815,0.63169,0.44248,0.44515,13.24474,1,0.32585,-0.03629,1.27756,0.00281,1,1,0.04822,0.00816,0.61132,0.70316,0.44324,16.85529,1,0.25345,0.00446,1.27756,0.00351,1,1,participant_9,question_14,Timer-Correct,True,Other,NOT_RANDOM,0
0.0,0,37,1,0.28878,-0.02057,0,0.78229,0.41759,0.09375,8069,3424.9082,1,0.29097,-0.01587,-0.01336,0.00815,0.63169,0.44243,0.44515,13.41394,1,0.32671,-0.03571,1.28658,0.00277,1,1,0.04822,0.00816,0.61132,0.70312,0.44331,16.76065,1,0.25084,-0.00542,1.28658,0.00351,1,1,participant_9,question_14,Timer-Correct,True,Other,NOT_RANDOM,0
0.0,0,37,1,0.28263,-0.02677,0,0.78229,0.41759,0.10083,8069,3424.9082,1,0.29045,-0.01655,-0.01336,0.00815,0.63169,0.44238,0.44511,13.31393,1,0.31849,-0.0421,1.29559,0.00286,1,1,0.04822,0.00816,0.61132,0.70305,0.44322,17.48979,1,0.24677,-0.01144,1.29559,0.00351,1,1,participant_9,question_14,Timer-Correct,True,Other,NOT_RANDOM,0
0.0,0,37,1,0.28143,-0.0347,0,0.78229,0.41759,0.10718,8069,3424.9082,1,0.28992,-0.01762,-0.01336,0.00815,0.63169,0.44247,0.44515,13.16456,1,0.31735,-0.05034,1.30461,0.00284,1,1,0.04822,0.00821,0.61132,0.70303,0.44326,17.52624,1,0.2455,-0.01905,1.30461,0.00351,1,1,participant_9,question_14,Timer-Correct,True,Other,NOT_RANDOM,0
0.0,0,37,1,0.29297,-0.04342,0,0.78229,0.41759,0.11377,8069,3424.9082,1,0.29009,-0.01905,-0.01336,0.00815,0.63169,0.44246,0.44513,13.31567,1,0.32047,-0.05962,1.30461,0.00284,1,1,0.04822,0.00821,0.61132,0.70302,0.44346,17.27764,1,0.26547,-0.02723,1.30461,0.00346,1,1,participant_9,question_14,Timer-Correct,True,Other,NOT_RANDOM,0
0.0,0,37,1,0.29202,-0.03388,0,0.78229,0.41759,0.12061,8069,3424.9082,1,0.29019,-0.01983,-0.01336,0.00815,0.63169,0.44238,0.44521,13.33157,1,0.32146,-0.04822,1.30461,0.00278,1,1,0.04822,0.00821,0.61132,0.70294,0.44333,17.60744,1,0.26258,-0.01954,1.30461,0.00348,1,1,participant_9,question_14,Timer-Correct,True,Other,NOT_RANDOM,0
0.0,0,37,1,0.29202,-0.03388,0,0.78229,0.41759,0.12744,8069,3424.9082,1,0.29028,-0.02054,-0.01336,0.00815,0.63169,0.4423,0.44528,13.27835,1,0.32146,-0.04822,1.30461,0.0028,1,1,0.04822,0.00816,0.61132,0.70294,0.44333,17.60744,1,0.26258,-0.01954,1.30461,0.00348,1,1,participant_9,question_14,Timer-Correct,True,Other,NOT_RANDOM,0
0.0,0,37,1,0.30399,-0.03488,0,0.78229,0.41759,0.13379,8069,3424.9082,1,0.29094,-0.02122,-0.01336,0.00815,0.63169,0.44223,0.44523,13.22887,1,0.32045,-0.04869,1.30461,0.00287,1,1,0.04822,0.00816,0.61132,0.70302,0.44349,17.12078,1,0.28753,-0.02108,1.30461,0.00347,1,1,participant_9,question_14,Timer-Correct,True,Other,NOT_RANDOM,0
0.0,0,37,1,0.30077,-0.02874,0,0.78229,0.41759,0.14087,8069,3424.9082,1,0.29138,-0.02156,-0.01336,0.00815,0.63169,0.44221,0.44528,13.26302,1,0.31652,-0.04389,1.30461,0.00284,1,1,0.04822,0.00816,0.61132,0.70302,0.44349,17.1189,1,0.28503,-0.0136,1.30461,0.00347,1,1,participant_9,question_14,Timer-Correct,True,Other,NOT_RANDOM,0
0.0,0,37,1,0.30186,-0.02083,0,0.78229,0.41759,0.14746,8069,3424.9082,1,0.29184,-0.02153,-0.01326,0.00806,0.62483,0.44222,0.44526,13.27524,1,0.31766,-0.03569,1.29559,0.00288,1,1,0.04822,0.00816,0.61132,0.70302,0.44349,17.1189,1,0.28607,-0.00597,1.29559,0.00347,1,1,participant_9,question_14,Timer-Correct,True,Other,NOT_RANDOM,0
0.0,0,37,1,0.30044,-0.01336,0,0.78229,0.41759,0.1543,8069,3424.9082,1,0.2922,-0.02119,-0.01326,0.00806,0.62483,0.44221,0.44528,13.26302,1,0.3133,-0.0248,1.28658,0.00284,1,1,0.04822,0.00816,0.61132,0.70301,0.4434,17.47896,1,0.28757,-0.00192,1.28658,0.00345,1,1,participant_9,question_14,Timer-Correct,True,Other,NOT_RANDOM,0
0.0,0,37,1,0.30032,-0.00902,0,0.78229,0.41759,0.16089,8069,3424.9082,1,0.29252,-0.0207,-0.01326,0.00806,0.62483,0.44224,0.44523,13.2493,1,0.31506,-0.02281,1.27756,0.00287,1,1,0.04822,0.00816,0.61132,0.70298,0.44356,16.94325,1,0.28558,0.00477,1.27756,0.00348,1,1,participant_9,question_14,Timer-Correct,True,Other,NOT_RANDOM,0
0.0,0,37,1,0.30096,-0.00454,0,0.78229,0.41759,0.16797,8069,3424.9082,1,0.29285,-0.02008,-0.01326,0.00806,0.62483,0.44219,0.44526,13.31744,1,0.31623,-0.01458,1.26855,0.00285,1,1,0.05151,0.00873,0.65366,0.70298,0.44356,16.94325,1,0.28569,0.0055,1.2767,0.00348,1,1,participant_9,question_14,Timer-Correct,True,Other,NOT_RANDOM,0
0.0,0,37,1,0.29676,-0.00745,0,0.78229,0.41759,0.17432,8069,3424.9082,1,0.29299,-0.01961,-0.01326,0.00806,0.62483,0.44217,0.44529,13.35277,1,0.31334,-0.02186,1.2767,0.00285,1,1,0.05151,0.00873,0.65366,0.70298,0.44356,16.94325,1,0.28019,0.00695,1.28485,0.00348,1,1,participant_9,question_14,Timer-Correct,True,Other,NOT_RANDOM,0
0.0,0,37,1,0.29303,-0.00917,0,0.78229,0.41759,0.18115,8069,3424.9082,1,0.29299,-0.01924,-0.01326,0.00806,0.62483,0.44217,0.44531,13.31835,1,0.30455,-0.0172,1.28485,0.00286,1,1,0.05151,0.00873,0.65366,0.70297,0.44352,16.83753,1,0.28151,-0.00114,1.293,0.00349,1,1,participant_9,question_14,Timer-Correct,True,Other,NOT_RANDOM,0
0.0,0,37,1,0.29199,-0.01628,0,0.78229,0.41759,0.18774,8069,3424.9082,1,0.29296,-0.01914,-0.01326,0.00806,0.62483,0.44208,0.44536,13.16105,1,0.30344,-0.02454,1.293,0.00282,1,1,0.05151,0.00873,0.65366,0.70297,0.44352,16.83753,1,0.28053,-0.00801,1.30115,0.00349,1,1,participant_9,question_14,Timer-Correct,True,Other,NOT_RANDOM,0
0.0,0,37,1,0.29146,-0.01517,0,0.78229,0.41759,0.19458,8069,3424.9082,1,0.29291,-0.01901,-0.01326,0.00806,0.62483,0.44222,0.44538,13.30068,1,0.29861,-0.02427,1.30115,0.00285,1,1,0.05151,0.00873,0.65366,0.70298,0.44355,16.93483,1,0.28431,-0.00607,1.30115,0.00348,1,1,participant_9,question_14,Timer-Correct,True,Other,NOT_RANDOM,0
0.0,0,37,1,0.29417,-0.0101,0,0.78229,0.41759,0.20117,8069,3424.9082,1,0.29295,-0.01872,-0.01326,0.00806,0.62483,0.44206,0.44538,13.20982,1,0.30646,-0.01673,1.30115,0.00279,1,1,0.05151,0.00873,0.65366,0.70297,0.44352,16.83753,1,0.28187,-0.00348,1.30115,0.00349,1,1,participant_9,question_14,Timer-Correct,True,Other,NOT_RANDOM,0
0.0,0,37,1,0.29465,-0.00668,0,0.78229,0.41759,0.20776,8069,3424.9082,1,0.293,-0.01834,-0.01326,0.00797,0.62483,0.44215,0.44532,13.44058,1,0.30646,-0.01673,1.30115,0.00286,1,1,0.04822,0.00807,0.61132,0.70296,0.4436,17.043,1,0.28284,0.00337,1.293,0.00348,1,1,participant_9,question_14,Timer-Correct,True,Other,NOT_RANDOM,0
0.0,0,37,1,0.29622,0.00045,0,0.78229,0.41759,0.21484,8069,3424.9082,1,0.2931,-0.01777,-0.01326,0.00797,0.62483,0.44211,0.44532,13.27494,1,0.30877,-0.01539,1.293,0.00284,1,1,0.04822,0.00807,0.61132,0.70296,0.4436,17.043,1,0.28367,0.01628,1.28485,0.00348,1,1,participant_9,question_14,Timer-Correct,True,Other,NOT_RANDOM,0
0.0,0,37,1,0.29782,0.00969,0,0.78229,0.41759,0.22144,8069,3424.9082,1,0.29324,-0.01697,-0.01326,0.00797,0.62483,0.44215,0.44532,13.44058,1,0.30792,-0.00142,1.28485,0.00286,1,1,0.04822,0.00807,0.61132,0.70297,0.44362,17.12689,1,0.28772,0.02081,1.2767,0.00347,1,1,participant_9,question_14,Timer-Correct,True,Other,NOT_RANDOM,0
0.0,0,37,1,0.29837,0.01332,0,0.78229,0.41759,0.22803,8069,3424.9082,1,0.29338,-0.0161,-0.01303,0.00787,0.61389,0.44216,0.44538,13.45434,1,0.30902,0.00583,1.2767,0.00288,1,1,0.05151,0.00863,0.65366,0.70287,0.44369,17.10847,1,0.28772,0.02081,1.2767,0.00355,1,1,participant_9,question_14,Timer-Correct,True,Other,NOT_RANDOM,0
0.0,0,37,1,0.30113,0.01645,0,0.78229,0.41759,0.23462,8069,3424.9082,1,0.2936,-0.0152,-0.01303,0.00787,0.61389,0.4422,0.44537,13.39744,1,0.31188,-0.00531,1.2767,0.00286,1,1,0.05151,0.00863,0.65366,0.70299,0.44371,17.10985,1,0.29037,0.0382,1.28485,0.00349,1,1,participant_9,question_14,Timer-Correct,True,Other,NOT_RANDOM,0
0.0,0,37,1,0.28626,0.01606,0,0.78229,0.41759,0.2417,8069,3424.9082,1,0.2934,-0.01435,-0.01303,0.00787,0.61389,0.44218,0.44534,13.48446,1,0.30665,-0.00585,1.28485,0.00286,1,1,0.05151,0.00863,0.65366,0.70304,0.44369,17.21899,1,0.26588,0.03796,1.293,0.00344,1,1,participant_9,question_14,Timer-Correct,True,Other,NOT_RANDOM,0
0.0,0,37,1,0.28571,0.01242,0,0.78229,0.41759,0.2478,8069,3424.9082,1,0.2932,-0.01365,-0.01303,0.00787,0.61389,0.44229,0.44534,13.18199,1,0.30554,-0.01312,1.293,0.00283,1,1,0.04822,0.00807,0.61132,0.70304,0.44367,17.15842,1,0.26588,0.03796,1.293,0.00344,1,1,participant_9,question_14,Timer-Correct,True,Other,NOT_RANDOM,0
0.0,0,36,1,0.27345,0.01594,0,0.78229,0.41759,0.25464,8069,3424.9082,1,0.29269,-0.01289,-0.01303,0.00787,0.61389,0.44215,0.4454,13.1445,1,0.30322,-0.0151,1.293,0.00287,1,1,0.04822,0.00807,0.61132,0.70306,0.44372,17.01192,1,0.24368,0.04698,1.28485,0.00345,1,1,participant_9,question_14,Timer-Correct,True,Other,NOT_RANDOM,0
0.0,0,36,1,0.28586,0.00595,0,0.78229,0.41759,0.26221,8069,3424.9082,1,0.29252,-0.01242,-0.01303,0.00787,0.61389,0.44221,0.44536,13.31904,1,0.31442,-0.01629,1.28485,0.00285,1,1,0.04822,0.00807,0.61132,0.70311,0.44369,17.09978,1,0.25731,0.02818,1.2767,0.00348,1,1,participant_9,question_14,Timer-Correct,True,Other,NOT_RANDOM,0
0.0,0,36,1,0.28695,0.01299,0,0.78229,0.41759,0.26807,8069,3424.9082,1,0.29239,-0.0118,-0.01326,0.00806,0.62483,0.44221,0.44536,13.30827,1,0.31548,-0.00894,1.2767,0.00285,1,1,0.04822,0.00807,0.61132,0.70317,0.44373,16.96704,1,0.25842,0.03492,1.26855,0.00349,1,1,participant_9,question_14,Timer-Correct,True,Other,NOT_RANDOM,0
0.0,0,36,1,0.28681,0.01939,0,0.78229,0.41759,0.27466,8069,3424.9082,1,0.29225,-0.01106,-0.01326,0.00806,0.62483,0.44218,0.44532,13.29227,1,0.31637,-0.00482,1.26855,0.00286,1,1,0.04822,0.00807,0.61132,0.70318,0.44372,17.02697,1,0.25725,0.0436,1.26855,0.00347,1,1,participant_9,question_14,Timer-Correct,True,Other,NOT_RANDOM,0
0.0,0,36,1,0.28736,0.01377,0,0.78229,0.41759,0.28174,8069,3424.9082,1,0.29214,-0.01048,-0.01326,0.00806,0.62483,0.44221,0.44533,13.24435,1,0.31752,-0.00804,1.26855,0.00286,1,1,0.04822,0.00807,0.61132,0.70314,0.4437,16.87932,1,0.25721,0.03557,1.26855,0.00349,1,1,participant_9,question_14,Timer-Correct,True,Other,NOT_RANDOM,0
0.0,0,36,1,0.28736,0.01377,0,0.78229,0.41759,0.28833,8069,3424.9082,1,0.29203,-0.00993,-0.01326,0.00806,0.62483,0.44218,0.44532,13.18746,1,0.31752,-0.00804,1.26855,0.00286,1,1,0.04822,0.00807,0.61132,0.70313,0.44365,17.00807,1,0.25721,0.03557,1.26855,0.00348,1,1,participant_9,question_14,Timer-Correct,True,Other,NOT_RANDOM,0
0.0,0,36,1,0.28194,0.01662,0,0.78229,0.41759,0.29443,8069,3424.9082,1,0.29181,-0.00934,-0.01326,0.00806,0.62483,0.44217,0.44528,13.35613,1,0.31353,-0.0033,1.26855,0.00283,1,1,0.04822,0.00807,0.61132,0.70322,0.44364,17.02553,1,0.25034,0.03654,1.26855,0.00353,1,1,participant_9,question_14,Timer-Correct,True,Other,NOT_RANDOM,0
0.0,0,36,1,0.28554,0.01414,0,0.78229,0.41759,0.30176,8069,3424.9082,1,0.29167,-0.00883,-0.01326,0.00806,0.62483,0.44219,0.44532,13.44502,1,0.31476,-0.00865,1.26855,0.00284,1,1,0.04822,0.00807,0.61132,0.7032,0.44362,16.97456,1,0.25632,0.03693,1.26855,0.00352,1,1,participant_9,question_14,Timer-Correct,True,Other,NOT_RANDOM,0
0.0,0,36,1,0.28554,0.01414,0,0.78229,0.41759,0.30884,8069,3424.9082,1,0.29154,-0.00834,-0.01326,0.00806,0.62483,0.44219,0.44534,13.38061,1,0.31476,-0.00865,1.26855,0.00285,1,1,0.04822,0.00807,0.61132,0.7032,0.44362,16.97456,1,0.25632,0.03693,1.26855,0.00352,1,1,participant_9,question_14,Timer-Correct,True,Other,NOT_RANDOM,0
0.0,0,36,1,0.28205,0.02701,0,0.78229,0.41759,0.31519,8069,3424.9082,1,0.29134,-0.0076,-0.01326,0.00806,0.62483,0.44219,0.44534,13.38061,1,0.31024,-0.00604,1.26855,0.00286,1,1,0.04822,0.00807,0.61132,0.70311,0.44368,17.06546,1,0.25386,0.06006,1.26855,0.00348,1,1,participant_9,question_14,Timer-Correct,True,Question,NOT_RANDOM,0
0.0,0,36,1,0.28438,0.01826,0,0.78229,0.41759,0.32178,8069,3424.9082,1,0.29124,-0.00591,-0.01326,0.00806,0.62483,0.44218,0.44534,13.25144,1,0.31595,-0.00241,1.26855,0.00285,1,1,0.04822,0.00807,0.61132,0.7032,0.44361,16.94098,1,0.2528,0.03893,1.26855,0.00353,1,1,participant_9,question_14,Timer-Correct,True,Other,NOT_RANDOM,0
0.0,0,36,1,0.28438,0.01826,0,0.78229,0.41759,0.32861,8069,3424.9082,1,0.29107,-0.00382,-0.01326,0.00806,0.62483,0.44217,0.44533,13.25458,1,0.31595,-0.00241,1.26855,0.00287,1,1,0.04822,0.00807,0.61132,0.70309,0.44363,17.02488,1,0.2528,0.03893,1.26855,0.00346,1,1,participant_9,question_14,Timer-Correct,True,Other,NOT_RANDOM,0
0.0,0,36,1,0.30459,0.01365,0,0.78229,0.41759,0.33521,8069,3424.9082,1,0.29146,-0.00235,-0.01326,0.00806,0.62483,0.44218,0.44533,13.26526,1,0.33429,-0.00916,1.26855,0.00286,1,1,0.04822,0.00807,0.61132,0.70304,0.44367,17.15842,1,0.27488,0.03646,1.26855,0.00344,1,1,participant_9,question_14,Timer-Correct,True,Other,NOT_RANDOM,0
0.0,0,36,1,0.29697,0.01747,0,0.78229,0.41759,0.3418,8069,3424.9082,1,0.2915,-0.00122,-0.01326,0.00806,0.62483,0.44206,0.4453,13.15265,1,0.32272,-0.00171,1.26855,0.00281,1,1,0.04822,0.00807,0.61132,0.70304,0.44367,17.15842,1,0.27121,0.03666,1.26855,0.00344,1,1,participant_9,question_14,Timer-Correct,True,Other,NOT_RANDOM,0
0.0,0,36,1,0.29697,0.01747,0,0.78229,0.41759,0.34912,8069,3424.9082,1,0.29148,-0.00057,-0.0134,0.00809,0.62732,0.44194,0.44546,13.30135,1,0.32272,-0.00171,1.26855,0.00282,1,1,0.04822,0.00807,0.61132,0.70298,0.44364,17.15374,1,0.27121,0.03666,1.26855,0.00347,1,1,participant_9,question_14,Timer-Correct,True,Other,NOT_RANDOM,0
0.0,0,36,1,0.30583,0.02443,0,0.78229,0.41759,0.35547,8069,3424.9082,1,0.29174,-0.00013,-0.0134,0.00809,0.62732,0.44189,0.44552,13.20784,1,0.32613,0.0142,1.26855,0.00285,1,1,0.04822,0.00807,0.61132,0.70298,0.44364,17.15374,1,0.28554,0.03466,1.26855,0.00347,1,1,participant_9,question_14,Timer-Correct,True,Other,NOT_RANDOM,0
0.0,0,36,1,0.31118,0.02227,0,0.78229,0.41759,0.36206,8069,3424.9082,1,0.29214,0.00027,-0.0134,0.00809,0.62732,0.44191,0.44545,13.3084,1,0.34154,0.01195,1.26855,0.00285,1,1,0.04822,0.00807,0.61132,0.70285,0.44367,17.06826,1,0.28082,0.03259,1.26855,0.00354,1,1,participant_9,question_14,Timer-Correct,True,Other,NOT_RANDOM,0
0.0,0,36,1,0.31013,0.01511,0,0.78229,0.41759,0.36865,8069,3424.9082,1,0.29251,0.00051,-0.01324,0.0079,0.61965,0.44188,0.44554,13.24806,1,0.34154,0.01195,1.26855,0.00282,1,1,0.05002,0.00839,0.63538,0.70285,0.44368,17.11703,1,0.27872,0.01826,1.28575,0.00351,1,1,participant_9,question_14,Timer-Correct,True,Other,NOT_RANDOM,0
0.0,0,36,1,0.30557,-0.00803,0,0.78229,0.41759,0.37549,8069,3424.9082,1,0.29285,0.00019,-0.01324,0.0079,0.61965,0.4418,0.44554,13.31462,1,0.33572,-0.02182,1.28575,0.00282,1,1,0.05002,0.00839,0.63538,0.70282,0.44368,17.12385,1,0.27542,0.00576,1.30296,0.0035,1,1,participant_9,question_14,Timer-Correct,True,Other,NOT_RANDOM,0
0.0,0,36,1,0.30216,-0.00988,0,0.78229,0.41759,0.38208,8069,3424.9082,1,0.29315,-0.00033,-0.01324,0.0079,0.61965,0.44184,0.44555,13.26864,1,0.33613,-0.01903,1.30296,0.0028,1,1,0.05002,0.00839,0.63538,0.70278,0.44373,17.05519,1,0.26819,-0.00074,1.32017,0.0035,1,1,participant_9,question_14,Timer-Correct,True,Other,NOT_RANDOM,0
0.0,0,36,1,0.30119,-0.01757,0,0.78229,0.41759,0.38892,8069,3424.9082,1,0.29344,-0.00101,-0.01326,0.00797,0.62483,0.44203,0.44547,13.52839,1,0.33419,-0.0344,1.32017,0.00282,1,1,0.04822,0.00807,0.61132,0.70313,0.44365,17.00807,1,0.26819,-0.00074,1.32017,0.00348,1,1,participant_9,question_14,Timer-Correct,True,Other,NOT_RANDOM,0
0.0,0,36,1,0.36042,-0.01333,0,0.78229,0.41759,0.39526,8069,3424.9082,1,0.29485,-0.00152,-0.01326,0.00797,0.62483,0.44304,0.44558,12.91079,1,0.39782,-0.02979,1.32017,0.00292,1,1,0.04822,0.00807,0.61132,0.70407,0.44378,16.90914,1,0.32303,0.00313,1.30296,0.00353,1,1,participant_9,question_14,Timer-Correct,True,Other,NOT_RANDOM,0
0.0,0,36,1,0.36695,-0.00246,0,0.78229,0.41759,0.40234,8069,3424.9082,1,0.29644,-0.00141,-0.01326,0.00797,0.62483,0.44338,0.44557,13.30621,1,0.40549,-0.02056,1.30296,0.00277,1,1,0.04822,0.00807,0.61132,0.7045,0.44363,16.91776,1,0.32842,0.01563,1.28575,0.0035,1,1,participant_9,question_14,Timer-Correct,True,Other,NOT_RANDOM,0
0.0,0,36,1,0.36827,0.01254,0,0.78229,0.41759,0.40869,8069,3424.9082,1,0.29808,-0.00082,-0.013,0.00794,0.62617,0.44478,0.44548,13.59574,1,0.40657,-0.00504,1.28575,0.00283,1,1,0.04785,0.00796,0.60319,0.7054,0.44362,16.9668,1,0.32997,0.03011,1.26855,0.00353,1,1,participant_9,question_14,Timer-Correct,True,Other,NOT_RANDOM,0
0.0,0,36,1,0.37645,0.02083,0,0.78229,0.41759,0.40869,8069,3424.9082,0,0.32517,0.00657,-0.013,0.00794,0.62617,0.44486,0.44557,13.32388,1,0.40911,0.01799,1.26855,0.00281,1,1,0.04785,0.00796,0.60319,0.7055,0.44367,17.05478,1,0.34379,0.02368,1.26855,0.00349,1,1,participant_9,question_14,Timer-Correct,True,Other,NOT_RANDOM,0
0.0,0,36,1,0.37951,0.02048,0,0.78229,0.41759,0.40869,8069,3424.9082,0,0.35234,0.01352,-0.013,0.00794,0.62617,0.44486,0.44557,13.32388,1,0.40815,0.01006,1.26855,0.00281,1,1,0.04785,0.00796,0.60319,0.70557,0.44363,17.04053,1,0.35086,0.03089,1.26855,0.00345,1,1,participant_9,question_14,Timer-Correct,True,Other,NOT_RANDOM,0
0.0,0,36,1,0.37919,0.01704,0,0.78229,0.41759,0.40869,8069,3424.9082,0,0.36129,0.01469,-0.013,0.00794,0.62617,0.44489,0.44558,13.35148,1,0.40815,0.01006,1.26855,0.00279,1,1,0.04877,0.00812,0.61538,0.70563,0.4436,17.04804,1,0.35023,0.02401,1.2767,0.00348,1,1,participant_9,question_14,Timer-Correct,True,Other,NOT_RANDOM,0
0.0,0,36,1,0.38676,0.00193,0,0.78229,0.41759,0.02051,8070,3425.32349,1,0.36766,0.0115,-0.013,0.00794,0.62617,0.44481,0.4456,13.40009,1,0.42276,-0.00394,1.2767,0.00277,1,1,0.04877,0.00812,0.61538,0.70565,0.44365,16.92974,1,0.35075,0.00779,1.28485,0.00349,1,1,participant_9,question_14,Timer-Correct,True,Other,NOT_RANDOM,0
0.0,0,36,1,0.38687,0.00871,0,0.78229,0.41759,0.0271,8070,3425.32349,1,0.3715,0.01094,-0.013,0.00794,0.62617,0.44482,0.44558,13.41916,1,0.42183,0.02157,1.28485,0.00277,1,1,0.04877,0.00812,0.61538,0.70565,0.44365,16.92974,1,0.35192,-0.00414,1.293,0.00349,1,1,participant_9,question_14,Timer-Correct,True,Other,NOT_RANDOM,0
0.0,0,36,1,0.38666,0.00511,0,0.78229,0.41759,0.03394,8070,3425.32349,1,0.37403,0.00997,-0.013,0.00794,0.62617,0.44485,0.44558,13.35684,1,0.42141,0.01437,1.293,0.00279,1,1,0.04785,0.00796,0.60319,0.70563,0.4436,17.04804,1,0.35192,-0.00414,1.293,0.00348,1,1,participant_9,question_14,Timer-Correct,True,Other,NOT_RANDOM,0
0.0,0,36,1,0.38267,-0.00624,0,0.78229,0.41759,0.04053,8070,3425.32349,1,0.37526,0.00766,-0.013,0.00794,0.62617,0.44485,0.44562,13.2931,1,0.42126,-0.01243,1.293,0.00283,1,1,0.04785,0.00796,0.60319,0.70563,0.4436,17.04804,1,0.34408,-4e-05,1.28485,0.00348,1,1,participant_9,question_14,Timer-Correct,True,Other,NOT_RANDOM,0
0.0,0,36,1,0.39091,0.0116,0,0.78229,0.41759,0.04712,8070,3425.32349,1,0.37722,0.00815,-0.013,0.00794,0.62617,0.44487,0.44564,13.43073,1,0.42964,-0.00202,1.28485,0.00282,1,1,0.04785,0.00796,0.60319,0.70563,0.4436,17.04804,1,0.35218,0.02523,1.2767,0.00348,1,1,participant_9,question_14,Timer-Correct,True,Other,NOT_RANDOM,0
0.0,0,36,1,0.3911,0.01528,0,0.78229,0.41759,0.05396,8070,3425.32349,1,0.37876,0.00894,-0.01293,0.00785,0.62279,0.44487,0.44564,13.43073,1,0.43002,0.00533,1.2767,0.00281,1,1,0.04877,0.00812,0.61538,0.70579,0.44363,16.95126,1,0.35218,0.02523,1.2767,0.00354,1,1,participant_9,question_14,Timer-Correct,True,Other,NOT_RANDOM,0
0.0,0,36,1,0.39007,0.02081,0,0.78229,0.41759,0.0603,8070,3425.32349,1,0.37989,0.01013,-0.01293,0.00785,0.62279,0.44484,0.44564,13.43009,1,0.42468,0.02344,1.2767,0.00282,1,1,0.04877,0.00812,0.61538,0.70582,0.44374,16.75139,1,0.35547,0.01819,1.28485,0.00357,1,1,participant_9,question_14,Timer-Correct,True,Other,NOT_RANDOM,0
0.0,0,36,1,0.38892,-0.01359,0,0.78229,0.41759,0.06738,8070,3425.32349,1,0.38071,0.00797,-0.01293,0.00785,0.62279,0.44486,0.44558,13.33371,1,0.42236,-0.0295,1.28485,0.0028,1,1,0.04877,0.00812,0.61538,0.70581,0.44366,16.92137,1,0.35548,0.00231,1.293,0.00354,1,1,participant_9,question_14,Timer-Correct,True,Other,NOT_RANDOM,0
0.0,0,36,1,0.38871,-0.01735,0,0.78229,0.41759,0.07397,8070,3425.32349,1,0.38138,0.00586,-0.01293,0.00785,0.62279,0.44487,0.44591,13.64432,1,0.42194,-0.03702,1.293,0.00275,1,1,0.04785,0.00796,0.60319,0.70584,0.44375,16.83682,1,0.35548,0.00231,1.293,0.00355,1,1,participant_9,question_14,Timer-Correct,True,Other,NOT_RANDOM,0
0.0,0,36,1,0.37642,-0.01953,0,0.78229,0.41759,0.08081,8070,3425.32349,1,0.381,0.00391,-0.01293,0.00785,0.62279,0.44492,0.44592,13.66742,1,0.39592,-0.01408,1.293,0.00277,1,1,0.04785,0.00796,0.60319,0.7058,0.44376,16.9279,1,0.35692,-0.02497,1.28485,0.00346,1,1,participant_9,question_14,Timer-Correct,True,Other,NOT_RANDOM,0
0.0,0,36,1,0.38187,-0.01977,0,0.78229,0.41759,0.0874,8070,3425.32349,1,0.38106,0.00222,-0.01293,0.00785,0.62279,0.44491,0.446,13.29276,1,0.40402,-0.02004,1.28485,0.00278,1,1,0.04785,0.00796,0.60319,0.70589,0.4438,16.97342,1,0.35972,-0.0195,1.2767,0.0035,1,1,participant_9,question_14,Timer-Correct,True,Other,NOT_RANDOM,0
0.0,0,36,1,0.38214,-0.01605,0,0.78229,0.41759,0.09399,8070,3425.32349,1,0.38113,0.001,-0.01293,0.00785,0.62279,0.44494,0.44602,13.25765,1,0.40455,-0.01259,1.2767,0.00278,1,1,0.04906,0.00816,0.61785,0.70581,0.4438,17.02172,1,0.35972,-0.0195,1.2767,0.00346,1,1,participant_9,question_14,Timer-Correct,True,Other,NOT_RANDOM,0
0.0,0,36,1,0.38379,-0.00879,0,0.78229,0.41759,0.10059,8070,3425.32349,1,0.3813,0.00039,-0.01293,0.00785,0.62279,0.445,0.44602,13.35684,1,0.41233,-0.00798,1.2767,0.00279,1,1,0.04906,0.00816,0.61785,0.70585,0.44378,16.92976,1,0.35525,-0.00959,1.28485,0.00348,1,1,participant_9,question_14,Timer-Correct,True,Other,NOT_RANDOM,0
0.0,0,36,1,0.3885,-0.01932,0,0.78229,0.41759,0.10742,8070,3425.32349,1,0.38172,-0.00077,-0.01293,0.00785,0.62279,0.44501,0.44603,13.33001,1,0.41524,-0.01506,1.28485,0.00279,1,1,0.04906,0.00816,0.61785,0.70588,0.44382,16.96716,1,0.36176,-0.02357,1.293,0.00349,1,1,participant_9,question_14,Timer-Correct,True,Other,NOT_RANDOM,0
0.0,0,36,1,0.38743,-0.03461,0,0.78229,0.41759,0.11426,8070,3425.32349,1,0.38204,-0.00265,-0.01331,0.0081,0.64307,0.44511,0.44599,13.26259,1,0.41427,-0.0307,1.30201,0.00282,1,1,0.04906,0.00816,0.61785,0.70595,0.44381,17.00603,1,0.36058,-0.03853,1.31016,0.00347,1,1,participant_9,question_14,Timer-Correct,True,Other,NOT_RANDOM,0
0.0,0,36,1,0.39482,-0.04232,0,0.78229,0.41759,0.12085,8070,3425.32349,1,0.38271,-0.00474,-0.01331,0.0081,0.64307,0.44503,0.446,13.23081,1,0.42292,-0.03405,1.31918,0.00287,1,1,0.04906,0.00816,0.61785,0.70594,0.44386,16.91449,1,0.36673,-0.05058,1.31918,0.00346,1,1,participant_9,question_14,Timer-Correct,True,Other,NOT_RANDOM,0
0.0,0,36,1,0.39185,-0.04784,0,0.78229,0.41759,0.12744,8070,3425.32349,1,0.38317,-0.00689,-0.01331,0.0081,0.64307,0.44503,0.446,13.23081,1,0.41897,-0.04456,1.3282,0.00287,1,1,0.04906,0.00816,0.61785,0.706,0.44382,16.87151,1,0.36473,-0.05112,1.3282,0.00344,1,1,participant_9,question_14,Timer-Correct,True,Other,NOT_RANDOM,0
0.0,0,36,1,0.39212,-0.0443,0,0.78229,0.41759,0.13428,8070,3425.32349,1,0.38359,-0.00867,-0.01293,0.0079,0.62725,0.44503,0.44606,13.37356,1,0.41897,-0.04456,1.3282,0.00285,1,1,0.04797,0.00797,0.60363,0.70607,0.44392,16.99479,1,0.36526,-0.04403,1.32004,0.00348,1,1,participant_9,question_14,Timer-Correct,True,Other,NOT_RANDOM,0
0.0,0,36,1,0.39976,-0.0475,0,0.78229,0.41759,0.14087,8070,3425.32349,1,0.38433,-0.01044,-0.01293,0.0079,0.62725,0.44517,0.44602,13.56901,1,0.4215,-0.02827,1.31103,0.00279,1,1,0.04797,0.00797,0.60363,0.70609,0.4439,17.05236,1,0.37801,-0.06672,1.30288,0.00347,1,1,participant_9,question_14,Timer-Correct,True,Other,NOT_RANDOM,0
0.0,0,36,1,0.39895,-0.02844,0,0.78229,0.41759,0.14746,8070,3425.32349,1,0.38496,-0.01122,-0.01293,0.0079,0.62725,0.44519,0.44611,13.46922,1,0.41725,-0.016,1.29386,0.00279,1,1,0.04797,0.00797,0.60363,0.70615,0.44392,17.02449,1,0.38066,-0.04088,1.28571,0.00344,1,1,participant_9,question_14,Timer-Correct,True,Other,NOT_RANDOM,0
0.0,0,36,1,0.39992,-0.01301,0,0.78229,0.41759,0.15454,8070,3425.32349,1,0.38559,-0.0113,-0.01293,0.0079,0.62725,0.44537,0.44608,13.51879,1,0.41819,-0.00045,1.2767,0.0028,1,1,0.04797,0.00797,0.60363,0.70623,0.44399,16.98731,1,0.38164,-0.02556,1.26855,0.00345,1,1,participant_9,question_14,Timer-Correct,True,Other,NOT_RANDOM,0
0.0,0,36,1,0.38554,-0.03617,0,0.78229,0.41759,0.16089,8070,3425.32349,1,0.38559,-0.01229,-0.01293,0.0079,0.62725,0.44539,0.44606,13.47306,1,0.4101,-0.03474,1.26855,0.00281,1,1,0.04797,0.00797,0.60363,0.70626,0.44398,16.94455,1,0.36098,-0.03761,1.26855,0.00348,1,1,participant_9,question_14,Timer-Correct,True,Other,NOT_RANDOM,0
0.0,0,36,1,0.37402,-0.03115,0,0.78229,0.41759,0.16797,8070,3425.32349,1,0.38514,-0.01302,-0.01293,0.0079,0.62725,0.4454,0.44605,13.34782,1,0.41066,-0.02998,1.26855,0.00283,1,1,0.04797,0.00797,0.60363,0.7063,0.44393,16.81306,1,0.33739,-0.03232,1.26855,0.00348,1,1,participant_9,question_14,Timer-Correct,True,Other,NOT_RANDOM,0
0.0,0,36,1,0.37302,-0.04301,0,0.78229,0.41759,0.17456,8070,3425.32349,1,0.38469,-0.01413,-0.01322,0.00811,0.64326,0.44544,0.44608,13.54511,1,0.41011,-0.0384,1.27756,0.00278,1,1,0.04929,0.00818,0.6196,0.70626,0.44398,16.94455,1,0.33592,-0.04762,1.28571,0.00348,1,1,participant_9,question_14,Timer-Correct,True,Other,NOT_RANDOM,0
0.0,0,36,1,0.37818,-0.06026,0,0.78229,0.41759,0.18091,8070,3425.32349,1,0.38446,-0.01578,-0.01322,0.00811,0.64326,0.4455,0.44595,13.72767,1,0.41327,-0.06268,1.29473,0.00281,1,1,0.04929,0.00818,0.6196,0.70626,0.44398,16.94455,1,0.34308,-0.05784,1.30288,0.00348,1,1,participant_9,question_14,Timer-Correct,True,Other,NOT_RANDOM,0
0.0,0,36,1,0.37727,-0.07568,0,0.78229,0.41759,0.18774,8070,3425.32349,1,0.38421,-0.01784,-0.01322,0.00811,0.64326,0.44552,0.44611,13.15821,1,0.41305,-0.07661,1.31189,0.00282,1,1,0.04929,0.00818,0.6196,0.70637,0.44393,16.78507,1,0.3415,-0.07474,1.32004,0.00345,1,1,participant_9,question_14,Timer-Correct,True,Other,NOT_RANDOM,0
0.0,0,36,1,0.37672,-0.08313,0,0.78229,0.41759,0.18774,8070,3425.32349,0,0.38685,-0.04607,-0.01269,0.00781,0.61998,0.44555,0.4461,13.26795,1,0.41258,-0.08426,1.32004,0.00282,1,1,0.04929,0.00818,0.6196,0.70646,0.44398,16.74816,1,0.34085,-0.08199,1.3282,0.00349,1,1,participant_9,question_14,Timer-Correct,True,Other,NOT_RANDOM,0
0.0,0,36,1,0.38527,-0.056,0,0.78229,0.41759,0.18774,8070,3425.32349,0,0.38606,-0.05103,-0.01269,0.00781,0.61998,0.44571,0.44607,13.51202,1,0.42357,-0.03393,1.31918,0.00277,1,1,0.04929,0.00818,0.6196,0.70657,0.44396,16.65484,1,0.34697,-0.07807,1.31918,0.0035,1,1,participant_9,question_14,Timer-Correct,True,Other,NOT_RANDOM,0
0.0,0,36,1,0.3741,-0.0463,0,0.78229,0.41759,0.18774,8070,3425.32349,0,0.38207,-0.04946,-0.01269,0.00781,0.61998,0.44567,0.44608,13.40342,1,0.397,-0.02787,1.31016,0.0028,1,1,0.04929,0.00818,0.6196,0.70656,0.44398,16.74304,1,0.3512,-0.06474,1.31016,0.00348,1,1,participant_9,question_14,Timer-Correct,True,Other,NOT_RANDOM,0
0.0,0,36,1,0.3744,-0.04268,0,0.78229,0.41759,0.02002,8071,3425.51807,1,0.38015,-0.04776,-0.01314,0.00812,0.64423,0.44578,0.4461,13.44823,1,0.397,-0.02787,1.31016,0.00279,1,1,0.04807,0.00795,0.60262,0.70667,0.44397,16.97868,1,0.3518,-0.05748,1.30201,0.00348,1,1,participant_9,question_14,Timer-Correct,True,Other,NOT_RANDOM,0
0.0,0,36,1,0.41663,-0.06001,0,0.78229,0.41759,0.02686,8071,3425.51807,1,0.38745,-0.05021,-0.01314,0.00812,0.64423,0.44636,0.44605,13.4116,1,0.43957,-0.06642,1.31103,0.00282,1,1,0.04807,0.00795,0.60262,0.70728,0.44401,16.80076,1,0.39369,-0.0536,1.30288,0.00346,1,1,participant_9,question_14,Timer-Correct,True,Other,NOT_RANDOM,0
0.0,0,36,1,0.43563,-0.04057,0,0.78229,0.41759,0.03345,8071,3425.51807,1,0.39548,-0.0486,-0.01314,0.00812,0.64423,0.44651,0.44609,13.442,1,0.46382,-0.01819,1.31189,0.00279,1,1,0.04807,0.00795,0.60262,0.70762,0.44409,16.99366,1,0.40744,-0.06295,1.30374,0.00351,1,1,participant_9,question_14,Timer-Correct,True,Other,NOT_RANDOM,0
0.0,0,36,1,0.4356,-0.04135,0,0.78229,0.41759,0.04028,8071,3425.51807,1,0.40121,-0.04757,-0.01272,0.00804,0.63798,0.44763,0.44623,13.50533,1,0.4638,-0.01897,1.31276,0.00284,1,1,0.04834,0.00797,0.60366,0.70838,0.4441,16.95252,1,0.40741,-0.06373,1.30461,0.00352,1,1,participant_9,question_14,Timer-Correct,True,Other,NOT_RANDOM,0
0.0,0,36,1,0.44923,-0.04026,0,0.78229,0.41759,0.04688,8071,3425.51807,1,0.40721,-0.04665,-0.01272,0.00804,0.63798,0.44795,0.44606,13.30003,1,0.46462,-0.03048,1.30461,0.00282,1,1,0.04834,0.00797,0.60366,0.70859,0.44421,17.05789,1,0.43385,-0.05003,1.30461,0.00348,1,1,participant_9,question_14,Timer-Correct,True,Other,NOT_RANDOM,0
0.0,0,36,1,0.43272,-0.03813,0,0.78229,0.41759,0.05322,8071,3425.51807,1,0.41005,-0.04571,-0.01272,0.00804,0.63798,0.44799,0.44621,13.18186,1,0.44948,-0.02182,1.30461,0.00286,1,1,0.04834,0.00797,0.60366,0.70873,0.44418,16.94012,1,0.41596,-0.05444,1.30461,0.00346,1,1,participant_9,question_14,Timer-Correct,True,Other,NOT_RANDOM,0
0.0,0,36,1,0.43258,-0.04178,0,0.78229,0.41759,0.05981,8071,3425.51807,1,0.4123,-0.04531,-0.01272,0.00804,0.63798,0.44816,0.44621,13.44637,1,0.44948,-0.02182,1.30461,0.00279,1,1,0.04936,0.00808,0.6158,0.70887,0.44416,16.95661,1,0.41568,-0.06174,1.31276,0.00347,1,1,participant_9,question_14,Timer-Correct,True,Other,NOT_RANDOM,0
0.0,0,36,1,0.43778,-0.04664,0,0.78229,0.41759,0.06738,8071,3425.51807,1,0.41462,-0.04544,-0.01272,0.00804,0.63798,0.44815,0.44621,13.4546,1,0.45566,-0.02729,1.31276,0.00279,1,1,0.04936,0.00808,0.6158,0.70884,0.44417,17.25504,1,0.4199,-0.06599,1.32091,0.00345,1,1,participant_9,question_14,Timer-Correct,True,Other,NOT_RANDOM,0
0.0,0,36,1,0.43127,-0.04538,0,0.78229,0.41759,0.07349,8071,3425.51807,1,0.41601,-0.04543,-0.01272,0.00804,0.63798,0.44814,0.44615,13.33216,1,0.45948,-0.02933,1.32091,0.0028,1,1,0.04936,0.00808,0.6158,0.70898,0.44428,16.77411,1,0.40306,-0.06143,1.32906,0.00348,1,1,participant_9,question_14,Timer-Correct,True,Other,NOT_RANDOM,0
0.0,0,36,1,0.43111,-0.0486,0,0.78229,0.41759,0.08008,8071,3425.51807,1,0.41717,-0.04567,-0.0124,0.00786,0.62388,0.44823,0.44624,13.49764,1,0.4595,-0.02855,1.32004,0.00283,1,1,0.05123,0.00833,0.63856,0.70907,0.44421,16.63385,1,0.40272,-0.06866,1.33725,0.0035,1,1,participant_9,question_14,Timer-Correct,True,Other,NOT_RANDOM,0
0.0,0,36,1,0.44107,-0.05584,0,0.78229,0.41759,0.08691,8071,3425.51807,1,0.41887,-0.0464,-0.0124,0.00786,0.62388,0.44842,0.44623,13.41373,1,0.47142,-0.03667,1.32824,0.00284,1,1,0.05123,0.00833,0.63856,0.70911,0.44426,16.79166,1,0.41072,-0.07501,1.33729,0.0035,1,1,participant_9,question_14,Timer-Correct,True,Other,NOT_RANDOM,0
0.0,0,36,1,0.43854,-0.05642,0,0.78229,0.41759,0.09351,8071,3425.51807,1,0.42019,-0.04707,-0.0124,0.00786,0.62388,0.44842,0.44623,13.41373,1,0.46901,-0.04054,1.32828,0.00284,1,1,0.05123,0.00833,0.63856,0.70914,0.44428,16.74458,1,0.40808,-0.0723,1.33733,0.00353,1,1,participant_9,question_14,Timer-Correct,True,Other,NOT_RANDOM,0
0.0,0,36,1,0.43872,-0.05245,0,0.78229,0.41759,0.1001,8071,3425.51807,1,0.42134,-0.0474,-0.01247,0.00797,0.63246,0.44841,0.44625,13.23473,1,0.46901,-0.04057,1.32832,0.00286,1,1,0.05056,0.00817,0.62963,0.70924,0.4443,16.82674,1,0.40842,-0.06432,1.32832,0.00349,1,1,participant_9,question_14,Timer-Correct,True,Other,NOT_RANDOM,0
0.0,0,36,1,0.44594,-0.06821,0,0.78229,0.41759,0.10718,8071,3425.51807,1,0.42279,-0.04863,-0.01247,0.00797,0.63246,0.44842,0.44623,13.40598,1,0.47135,-0.08191,1.32832,0.00284,1,1,0.05056,0.00817,0.62963,0.70927,0.44435,16.86157,1,0.42053,-0.05452,1.31926,0.00349,1,1,participant_9,question_14,Timer-Correct,True,Other,NOT_RANDOM,0
0.0,0,36,1,0.45288,-0.05363,0,0.78229,0.41759,0.11401,8071,3425.51807,1,0.42446,-0.04891,-0.01247,0.00797,0.63246,0.44841,0.44626,13.33763,1,0.47763,-0.07045,1.31926,0.00285,1,1,0.05056,0.00817,0.62963,0.70927,0.44435,16.86157,1,0.42813,-0.03681,1.3102,0.00349,1,1,participant_9,question_14,Timer-Correct,True,Other,NOT_RANDOM,0
0.0,0,36,1,0.45316,-0.04183,0,0.78229,0.41759,0.12012,8071,3425.51807,1,0.42597,-0.04853,-0.01247,0.00797,0.63246,0.44844,0.44629,13.21831,1,0.47773,-0.06198,1.3102,0.00286,1,1,0.04921,0.00794,0.61224,0.70944,0.44445,16.61082,1,0.42859,-0.02169,1.293,0.00349,1,1,participant_9,question_14,Timer-Correct,True,Other,NOT_RANDOM,0
0.0,0,36,1,0.44152,-0.02846,0,0.78229,0.41759,0.12695,8071,3425.51807,1,0.42675,-0.04753,-0.01247,0.00797,0.63246,0.44851,0.44625,13.3055,1,0.45292,-0.04085,1.293,0.00278,1,1,0.04921,0.00794,0.61224,0.70946,0.44439,16.79954,1,0.43011,-0.01607,1.28485,0.00349,1,1,participant_9,question_14,Timer-Correct,True,Other,NOT_RANDOM,0
0.0,0,36,1,0.44786,-0.02616,0,0.78229,0.41759,0.13403,8071,3425.51807,1,0.42775,-0.04651,-0.01247,0.00797,0.63246,0.44858,0.44624,13.36335,1,0.46186,-0.04432,1.28485,0.00282,1,1,0.04921,0.00794,0.61224,0.70943,0.44447,16.71964,1,0.43386,-0.00799,1.2767,0.00349,1,1,participant_9,question_14,Timer-Correct,True,Other,NOT_RANDOM,0
0.0,0,36,1,0.44784,-0.02694,0,0.78229,0.41759,0.14062,8071,3425.51807,1,0.42867,-0.04562,-0.01206,0.00774,0.61413,0.44861,0.44624,13.39081,1,0.46184,-0.04514,1.28571,0.00279,1,1,0.04848,0.00778,0.60325,0.70946,0.4445,16.74742,1,0.43384,-0.00875,1.27756,0.0035,1,1,participant_9,question_14,Timer-Correct,True,Other,NOT_RANDOM,0
0.0,0,36,1,0.4509,-0.02574,0,0.78229,0.41759,0.14722,8071,3425.51807,1,0.42963,-0.04476,-0.01206,0.00774,0.61413,0.44866,0.44628,13.25697,1,0.46358,-0.04274,1.28658,0.00279,1,1,0.04848,0.00778,0.60325,0.70957,0.4445,16.82824,1,0.43822,-0.00875,1.28658,0.00349,1,1,participant_9,question_14,Timer-Correct,True,Other,NOT_RANDOM,0
0.0,0,36,1,0.442,-0.02561,0,0.78229,0.41759,0.15381,8071,3425.51807,1,0.43015,-0.04396,-0.01206,0.00774,0.61413,0.4486,0.44629,13.2818,1,0.46174,-0.04656,1.29559,0.00276,1,1,0.04848,0.00778,0.60325,0.70957,0.4445,16.82824,1,0.42225,-0.00466,1.29559,0.00349,1,1,participant_9,question_14,Timer-Correct,True,Other,NOT_RANDOM,0
0.0,0,36,1,0.44176,-0.0337,0,0.78229,0.41759,0.16064,8071,3425.51807,1,0.43061,-0.04355,-0.01206,0.00774,0.61413,0.44872,0.44638,13.46004,1,0.46154,-0.05497,1.30461,0.00278,1,1,0.04848,0.00778,0.60325,0.70967,0.44461,16.94277,1,0.42198,-0.01244,1.30461,0.00356,1,1,participant_9,question_14,Timer-Correct,True,Other,NOT_RANDOM,0
0.0,0,36,1,0.441,-0.03484,0,0.78229,0.41759,0.16724,8071,3425.51807,1,0.43101,-0.04322,-0.01206,0.00774,0.61413,0.44874,0.44638,13.29421,1,0.46544,-0.05068,1.30461,0.00278,1,1,0.04848,0.00778,0.60325,0.70969,0.44463,17.02654,1,0.41656,-0.019,1.30461,0.00353,1,1,participant_9,question_14,Timer-Correct,True,Other,NOT_RANDOM,0
0.0,0,36,1,0.43585,-0.02887,0,0.78229,0.41759,0.17334,8071,3425.51807,1,0.43119,-0.04268,-0.01206,0.00774,0.61413,0.44867,0.44642,13.36342,1,0.46485,-0.05199,1.30461,0.00276,1,1,0.04848,0.00778,0.60325,0.70969,0.44464,17.0232,1,0.40684,-0.00574,1.30461,0.00354,1,1,participant_9,question_14,Timer-Correct,True,Other,NOT_RANDOM,0
0.0,0,36,1,0.43585,-0.02887,0,0.78229,0.41759,0.17993,8071,3425.51807,1,0.43136,-0.04219,-0.01206,0.00774,0.61413,0.4487,0.44635,13.53479,1,0.46485,-0.05199,1.30461,0.00275,1,1,0.04848,0.00778,0.60325,0.7097,0.44471,17.03502,1,0.40684,-0.00574,1.30461,0.0035,1,1,participant_9,question_14,Timer-Correct,True,Other,NOT_RANDOM,0
0.0,0,36,1,0.43386,-0.02243,0,0.78229,0.41759,0.18677,8071,3425.51807,1,0.43144,-0.04151,-0.01206,0.00774,0.61413,0.44876,0.44638,13.46393,1,0.46918,-0.04498,1.30461,0.00278,1,1,0.04848,0.00778,0.60325,0.70974,0.4448,17.02845,1,0.39854,0.00012,1.30461,0.00346,1,1,participant_9,question_14,Timer-Correct,True,Other,NOT_RANDOM,0
0.0,0,36,1,0.437,-0.02291,0,0.78229,0.41759,0.19336,8071,3425.51807,1,0.43163,-0.04089,-0.01206,0.00774,0.61413,0.44878,0.44628,13.45113,1,0.4692,-0.04112,1.30461,0.0028,1,1,0.04848,0.00778,0.60325,0.70974,0.4448,17.02845,1,0.4048,-0.0047,1.30461,0.00346,1,1,participant_9,question_14,Timer-Correct,True,Other,NOT_RANDOM,0
0.0,0,36,1,0.437,-0.02291,0,0.78229,0.41759,0.2002,8071,3425.51807,1,0.4318,-0.04031,-0.01206,0.00774,0.61413,0.44868,0.44634,13.52965,1,0.4692,-0.04112,1.30461,0.00276,1,1,0.04848,0.00778,0.60325,0.70977,0.44482,17.0522,1,0.4048,-0.0047,1.30461,0.00348,1,1,participant_9,question_14,Timer-Correct,True,Other,NOT_RANDOM,0
0.0,0,36,1,0.43593,-0.02488,0,0.78229,0.41759,0.20752,8071,3425.51807,1,0.43193,-0.03983,-0.01206,0.00774,0.61413,0.44874,0.44639,13.55019,1,0.46557,-0.04573,1.30461,0.0028,1,1,0.04848,0.00778,0.60325,0.70977,0.4448,17.00661,1,0.4063,-0.00403,1.30461,0.00351,1,1,participant_9,question_14,Timer-Correct,True,Other,NOT_RANDOM,0
0.0,0,36,1,0.43131,-0.0365,0,0.78229,0.41759,0.21436,8071,3425.51807,1,0.43191,-0.03973,-0.01206,0.00774,0.61413,0.44871,0.44638,13.56246,1,0.46318,-0.04551,1.30461,0.00279,1,1,0.04848,0.00778,0.60325,0.70972,0.44481,17.01765,1,0.39943,-0.0275,1.30461,0.00351,1,1,participant_9,question_14,Timer-Correct,True,Other,NOT_RANDOM,0
0.0,0,36,1,0.43112,-0.04006,0,0.78229,0.41759,0.22095,8071,3425.51807,1,0.43189,-0.03974,-0.01206,0.00774,0.61413,0.44878,0.44642,13.69023,1,0.46318,-0.04551,1.30461,0.00276,1,1,0.05016,0.00804,0.62348,0.7098,0.44483,17.03348,1,0.39907,-0.03461,1.31276,0.00348,1,1,participant_9,question_14,Timer-Correct,True,Other,NOT_RANDOM,0
0.0,0,36,1,0.47816,-0.07307,0,0.78229,0.41759,0.22754,8071,3425.51807,1,0.43321,-0.04069,-0.01206,0.00774,0.61413,0.44924,0.44635,13.77281,1,0.50363,-0.04898,1.31276,0.00281,1,1,0.05016,0.00804,0.62348,0.71035,0.44493,16.78184,1,0.45269,-0.09715,1.32091,0.0035,1,1,participant_9,question_14,Timer-Correct,True,Other,NOT_RANDOM,0
0.0,0,36,1,0.49927,-0.08098,0,0.78229,0.41759,0.23438,8071,3425.51807,1,0.43505,-0.04181,-0.01206,0.00774,0.61413,0.44956,0.44654,13.33854,1,0.52934,-0.05325,1.32091,0.00278,1,1,0.05016,0.00804,0.62348,0.71078,0.4449,16.96647,1,0.4692,-0.10871,1.32906,0.0035,1,1,participant_9,question_14,Timer-Correct,True,Other,NOT_RANDOM,0
0.0,0,36,1,0.49927,-0.0764,0,0.78229,0.41759,0.24072,8071,3425.51807,1,0.43678,-0.04274,-0.01212,0.00788,0.62904,0.45078,0.44657,13.47522,1,0.52932,-0.05245,1.32004,0.00281,1,1,0.04924,0.00787,0.61032,0.71155,0.44486,17.02744,1,0.46922,-0.10035,1.32004,0.00351,1,1,participant_9,question_14,Timer-Correct,True,Other,NOT_RANDOM,0
0.0,0,36,1,0.49586,-0.04612,0,0.78229,0.41759,0.24756,8071,3425.51807,1,0.43834,-0.04283,-0.01212,0.00788,0.62904,0.45085,0.44655,13.40267,1,0.52232,-0.01303,1.31103,0.00287,1,1,0.04924,0.00787,0.61032,0.71164,0.44487,16.71235,1,0.4694,-0.07921,1.30288,0.00355,1,1,participant_9,question_14,Timer-Correct,True,Other,NOT_RANDOM,0
0.0,0,36,1,0.49535,-0.05272,0,0.78229,0.41759,0.25439,8071,3425.51807,1,0.4398,-0.04308,-0.01212,0.00788,0.62904,0.45094,0.44645,13.58606,1,0.51921,-0.04274,1.29386,0.00288,1,1,0.04924,0.00787,0.61032,0.71161,0.4449,16.99957,1,0.47148,-0.06271,1.28571,0.00352,1,1,participant_9,question_14,Timer-Correct,True,Other,NOT_RANDOM,0
0.0,0,36,1,0.49519,-0.03677,0,0.78229,0.41759,0.26123,8071,3425.51807,1,0.44118,-0.04293,-0.01212,0.00788,0.62904,0.45094,0.44645,13.58606,1,0.51889,-0.02666,1.2767,0.00288,1,1,0.04924,0.00787,0.61032,0.71161,0.4449,16.99957,1,0.47148,-0.04688,1.26855,0.00352,1,1,participant_9,question_14,Timer-Correct,True,Other,NOT_RANDOM,0
0.0,0,36,1,0.50183,-0.01255,0,0.78229,0.41759,0.26123,8071,3425.51807,0,0.46977,-0.04382,-0.01212,0.00788,0.62904,0.45082,0.44649,13.60036,1,0.53857,-0.01442,1.26855,0.00285,1,1,0.04924,0.00787,0.61032,0.71157,0.44481,16.86325,1,0.4651,-0.01067,1.26855,0.00352,1,1,participant_9,question_14,Timer-Correct,True,Other,NOT_RANDOM,0
0.0,0,36,1,0.49912,-0.01669,0,0.78229,0.41759,0.26123,8071,3425.51807,0,0.48445,-0.03025,-0.01212,0.00788,0.62904,0.45069,0.44644,13.80116,1,0.53607,-0.01493,1.26855,0.00274,1,1,0.04924,0.00787,0.61032,0.71155,0.44486,17.02744,1,0.46218,-0.01844,1.26855,0.00351,1,1,participant_9,question_14,Timer-Correct,True,Other,NOT_RANDOM,0
0.0,0,36,1,0.49924,-0.02495,0,0.78229,0.41759,0.26123,8071,3425.51807,0,0.48938,-0.02849,-0.01235,0.00799,0.63819,0.45055,0.44639,13.83945,1,0.53635,-0.02336,1.27756,0.0028,1,1,0.04924,0.00787,0.61032,0.71158,0.44483,16.8634,1,0.46213,-0.02653,1.27756,0.0035,1,1,participant_9,question_14,Timer-Correct,True,Other,NOT_RANDOM,0
0.0,0,36,1,0.51158,-0.03438,0,0.78229,0.41759,0.02002,8072,3425.78613,1,0.49493,-0.02996,-0.01235,0.00799,0.63819,0.45055,0.44639,13.83945,1,0.5356,-0.0328,1.28658,0.0028,1,1,0.04924,0.00787,0.61032,0.71157,0.44481,16.85925,1,0.48756,-0.03596,1.28658,0.00352,1,1,participant_9,question_14,Timer-Correct,True,Other,NOT_RANDOM,0
0.0,0,36,1,0.50247,-0.04996,0,0.78229,0.41759,0.02661,8072,3425.78613,1,0.49644,-0.03396,-0.01235,0.00799,0.63819,0.45059,0.4465,13.65646,1,0.53046,-0.05228,1.29559,0.00279,1,1,0.04924,0.00787,0.61032,0.71157,0.44481,16.85925,1,0.47447,-0.04764,1.29559,0.00352,1,1,participant_9,question_14,Timer-Correct,True,Other,NOT_RANDOM,0
0.0,0,36,1,0.50259,-0.05829,0,0.78229,0.41759,0.0332,8072,3425.78613,1,0.49746,-0.03802,-0.01235,0.00799,0.63819,0.4505,0.44638,13.46454,1,0.5307,-0.06079,1.30461,0.00285,1,1,0.04924,0.00787,0.61032,0.71142,0.44474,16.81611,1,0.47448,-0.0558,1.30461,0.00347,1,1,participant_9,question_14,Timer-Correct,True,Other,NOT_RANDOM,0
0.0,0,36,1,0.4946,-0.03555,0,0.78229,0.41759,0.03979,8072,3425.78613,1,0.49705,-0.03766,-0.01235,0.00799,0.63819,0.45037,0.44643,13.54709,1,0.51647,-0.05294,1.30461,0.00283,1,1,0.04924,0.00787,0.61032,0.71136,0.44463,16.89502,1,0.47272,-0.01815,1.30461,0.00352,1,1,participant_9,question_14,Timer-Correct,True,Other,NOT_RANDOM,0
0.0,0,36,1,0.49407,-0.03698,0,0.78229,0.41759,0.04639,8072,3425.78613,1,0.49668,-0.03758,-0.01235,0.00799,0.63819,0.45042,0.44639,13.58438,1,0.51874,-0.05686,1.30461,0.00284,1,1,0.04924,0.00787,0.61032,0.71131,0.4446,16.84713,1,0.46941,-0.01711,1.30461,0.00353,1,1,participant_9,question_14,Timer-Correct,True,Other,NOT_RANDOM,0
0.0,0,36,1,0.494,-0.02881,0,0.78229,0.41759,0.05347,8072,3425.78613,1,0.49638,-0.0366,-0.01227,0.00792,0.63202,0.45034,0.44639,13.54832,1,0.51858,-0.04839,1.29559,0.00282,1,1,0.04924,0.00787,0.61032,0.71133,0.44456,16.8096,1,0.46941,-0.00924,1.29559,0.00351,1,1,participant_9,question_14,Timer-Correct,True,Other,NOT_RANDOM,0
0.0,0,36,1,0.51548,-0.00357,0,0.78229,0.41759,0.06006,8072,3425.78613,1,0.49829,-0.0333,-0.01227,0.00792,0.63202,0.45028,0.44641,13.55515,1,0.53516,0.00083,1.28658,0.00279,1,1,0.04924,0.00787,0.61032,0.71131,0.44453,16.76002,1,0.4958,-0.00797,1.28658,0.00353,1,1,participant_9,question_14,Timer-Correct,True,Other,NOT_RANDOM,0
0.0,0,36,1,0.50776,-0.00606,0,0.78229,0.41759,0.0686,8072,3425.78613,1,0.49915,-0.03082,-0.01227,0.00792,0.63202,0.45029,0.44637,13.73484,1,0.53531,-0.00122,1.27756,0.00282,1,1,0.04924,0.00787,0.61032,0.71134,0.44454,16.72767,1,0.48022,-0.01091,1.27756,0.00355,1,1,participant_9,question_14,Timer-Correct,True,Other,NOT_RANDOM,0
0.0,0,36,1,0.50776,-0.00606,0,0.78229,0.41759,0.07349,8072,3425.78613,1,0.49987,-0.02876,-0.01251,0.00809,0.64168,0.4502,0.44635,13.84661,1,0.53531,-0.00122,1.27756,0.00282,1,1,0.04929,0.00793,0.61102,0.71133,0.4445,16.63151,1,0.48022,-0.01091,1.27756,0.00355,1,1,participant_9,question_14,Timer-Correct,True,Other,NOT_RANDOM,0
0.0,0,36,1,0.5038,-0.01226,0,0.78229,0.41759,0.08228,8072,3425.78613,1,0.50017,-0.02749,-0.01251,0.00809,0.64168,0.45018,0.44628,13.65466,1,0.52702,-0.00261,1.28658,0.00282,1,1,0.04929,0.00793,0.61102,0.71117,0.44449,16.8292,1,0.48057,-0.0219,1.28658,0.00347,1,1,participant_9,question_14,Timer-Correct,True,Other,NOT_RANDOM,0
0.0,0,36,1,0.50171,-0.02946,0,0.78229,0.41759,0.08887,8072,3425.78613,1,0.50028,-0.02763,-0.01251,0.00809,0.64168,0.45022,0.44625,13.5632,1,0.52257,-0.02113,1.29559,0.00283,1,1,0.04929,0.00793,0.61102,0.7112,0.44447,16.78919,1,0.48086,-0.03778,1.29559,0.00346,1,1,participant_9,question_14,Timer-Correct,True,Other,NOT_RANDOM,0
0.0,0,36,1,0.50186,-0.0413,0,0.78229,0.41759,0.09375,8072,3425.78613,1,0.50039,-0.02854,-0.01251,0.00809,0.64168,0.45014,0.44618,13.41286,1,0.52276,-0.02942,1.30461,0.0028,1,1,0.05058,0.00819,0.62758,0.7111,0.44442,16.86552,1,0.48096,-0.05318,1.31276,0.00348,1,1,participant_9,question_14,Timer-Correct,True,Other,NOT_RANDOM,0
0.0,0,36,1,0.50019,-0.04932,0,0.78229,0.41759,0.10034,8072,3425.78613,1,0.50038,-0.02984,-0.01251,0.00809,0.64168,0.45015,0.44614,13.49141,1,0.52111,-0.03831,1.31276,0.0028,1,1,0.05058,0.00819,0.62758,0.71102,0.44437,16.78729,1,0.47927,-0.06032,1.32091,0.00347,1,1,participant_9,question_14,Timer-Correct,True,Other,NOT_RANDOM,0
0.0,0,36,1,0.49629,-0.06301,0,0.78229,0.41759,0.10718,8072,3425.78613,1,0.50014,-0.03179,-0.01251,0.00809,0.64168,0.45015,0.44614,13.49055,1,0.51315,-0.04913,1.32091,0.0028,1,1,0.05058,0.00819,0.62758,0.71102,0.44437,16.78729,1,0.47943,-0.07689,1.32906,0.00347,1,1,participant_9,question_14,Timer-Correct,True,Other,NOT_RANDOM,0
0.0,0,36,1,0.49629,-0.06222,0,0.78229,0.41759,0.11377,8072,3425.78613,1,0.49992,-0.03348,-0.01223,0.00787,0.6248,0.45007,0.44608,13.6459,1,0.51314,-0.04833,1.32004,0.00274,1,1,0.05016,0.00814,0.62349,0.71099,0.44435,16.75812,1,0.47943,-0.07611,1.32819,0.00349,1,1,participant_9,question_14,Timer-Correct,True,Other,NOT_RANDOM,0
0.0,0,36,1,0.49958,-0.06117,0,0.78229,0.41759,0.12061,8072,3425.78613,1,0.4999,-0.03494,-0.01223,0.00787,0.6248,0.45008,0.44608,13.64432,1,0.52582,-0.05281,1.31918,0.00275,1,1,0.05016,0.00814,0.62349,0.71103,0.44425,16.49372,1,0.47334,-0.06953,1.31918,0.0035,1,1,participant_9,question_14,Timer-Correct,True,Other,NOT_RANDOM,0
0.0,0,36,1,0.49576,-0.06167,0,0.78229,0.41759,0.12695,8072,3425.78613,1,0.4997,-0.03628,-0.01223,0.00787,0.6248,0.45,0.44602,13.5153,1,0.51887,-0.05281,1.31016,0.0028,1,1,0.05016,0.00814,0.62349,0.71095,0.44428,16.57642,1,0.47266,-0.07053,1.31016,0.00353,1,1,participant_9,question_14,Timer-Correct,True,Other,NOT_RANDOM,0
0.0,0,36,1,0.49568,-0.04964,0,0.78229,0.41759,0.13379,8072,3425.78613,1,0.49951,-0.03691,-0.01223,0.00787,0.6248,0.45,0.44601,13.47522,1,0.5187,-0.0444,1.30115,0.00281,1,1,0.04921,0.00804,0.61224,0.71096,0.44423,16.72436,1,0.47265,-0.05488,1.293,0.00351,1,1,participant_9,question_14,Timer-Correct,True,Other,NOT_RANDOM,0
0.0,0,36,1,0.49358,-0.04421,0,0.78229,0.41759,0.14062,8072,3425.78613,1,0.49924,-0.03724,-0.01223,0.00787,0.6248,0.44998,0.44599,13.44124,1,0.51554,-0.03156,1.293,0.0028,1,1,0.04921,0.00804,0.61224,0.7109,0.44413,16.93253,1,0.47163,-0.05686,1.28485,0.00345,1,1,participant_9,question_14,Timer-Correct,True,Other,NOT_RANDOM,0
0.0,0,36,1,0.50044,-0.04112,0,0.78229,0.41759,0.14746,8072,3425.78613,1,0.49929,-0.03741,-0.01223,0.00787,0.6248,0.4499,0.446,13.34803,1,0.53901,-0.036,1.28485,0.00286,1,1,0.04921,0.00804,0.61224,0.71091,0.44403,16.6771,1,0.46186,-0.04624,1.2767,0.00346,1,1,participant_9,question_14,Timer-Correct,True,Other,NOT_RANDOM,0
0.0,0,36,1,0.50045,-0.04193,0,0.78229,0.41759,0.15405,8072,3425.78613,1,0.49934,-0.0376,-0.01206,0.00774,0.61413,0.44978,0.44589,13.10631,1,0.53904,-0.03681,1.28571,0.00283,1,1,0.04921,0.00804,0.61224,0.71085,0.44407,16.83953,1,0.46186,-0.04704,1.27756,0.00343,1,1,participant_9,question_14,Timer-Correct,True,Other,NOT_RANDOM,0
0.0,0,36,1,0.48407,-0.03019,0,0.78229,0.41759,0.16064,8072,3425.78613,1,0.49873,-0.0373,-0.01206,0.00774,0.61413,0.44964,0.446,13.38887,1,0.50971,-0.01903,1.28658,0.0028,1,1,0.04921,0.00804,0.61224,0.71039,0.44404,16.63332,1,0.45843,-0.04135,1.28658,0.00345,1,1,participant_9,question_14,Timer-Correct,True,Other,NOT_RANDOM,0
0.0,0,36,1,0.42799,-0.01765,0,0.78229,0.41759,0.16724,8072,3425.78613,1,0.49601,-0.03655,-0.01206,0.00774,0.61413,0.44899,0.44603,12.89901,1,0.45081,-0.00521,1.29559,0.00275,1,1,0.04921,0.00804,0.61224,0.70947,0.44424,16.3129,1,0.40517,-0.0301,1.29559,0.00348,1,1,participant_9,question_14,Timer-Correct,True,Other,NOT_RANDOM,0
0.0,0,36,1,0.42749,-0.02927,0,0.78229,0.41759,0.17456,8072,3425.78613,1,0.49347,-0.03628,-0.01322,0.00811,0.64326,0.4461,0.44623,13.14991,1,0.45053,-0.01332,1.30461,0.0027,1,1,0.04999,0.00815,0.62842,0.70723,0.44432,16.44412,1,0.40446,-0.04521,1.31276,0.00347,1,1,participant_9,question_14,Timer-Correct,True,Other,NOT_RANDOM,0
0.0,0,36,1,0.30356,-0.01041,0,0.78229,0.41759,0.18066,8072,3425.78613,1,0.48669,-0.03536,-0.01322,0.00811,0.64326,0.44461,0.44654,12.90751,1,0.32318,-0.01844,1.31276,0.00271,1,1,0.04999,0.00815,0.62842,0.70496,0.44457,16.37856,1,0.28394,-0.00237,1.32091,0.00348,1,1,participant_9,question_14,Timer-Correct,True,Other,NOT_RANDOM,0
0.0,0,36,1,0.26981,-0.02345,0,0.78229,0.41759,0.18066,8072,3425.78613,0,0.44956,-0.03941,-0.01322,0.00811,0.64326,0.4443,0.44655,12.22959,1,0.34202,-0.06579,1.32091,0.00272,1,1,0.04999,0.00815,0.62842,0.70391,0.44464,15.49825,1,0.19761,0.0189,1.32906,0.00376,1,1,participant_9,question_14,Timer-Correct,True,Other,NOT_RANDOM,0
0.0,0,36,1,0.2687,-0.03042,0,0.78229,0.41759,0.18066,8072,3425.78613,0,0.35913,-0.03491,-0.01389,0.00786,0.63902,0.43966,0.44725,12.59409,1,0.34115,-0.07327,1.32906,0.00277,1,1,0.04832,0.008,0.62023,0.70013,0.445,16.2401,1,0.19624,0.01243,1.33721,0.00347,1,1,participant_9,question_14,Timer-Correct,True,Other,NOT_RANDOM,0
0.0,0,36,1,0.12317,0.02329,0,0.78229,0.41759,0.18066,8072,3425.78613,0,0.28048,-0.01551,-0.01389,0.00786,0.63902,0.43825,0.44753,12.77012,1,0.1394,0.00623,1.33721,0.00273,1,1,0.04832,0.008,0.62023,0.69799,0.44528,16.43167,1,0.10694,0.04035,1.33721,0.00338,1,1,participant_9,question_14,Timer-Correct,True,Other,NOT_RANDOM,0
0.0,0,36,1,0.08338,0.01529,0,0.78229,0.41759,0.18066,8072,3425.78613,0,0.15842,0.00272,-0.01389,0.00786,0.63902,0.43782,0.44756,12.41265,1,0.11522,-0.00033,1.33721,0.00271,1,1,0.04832,0.008,0.62023,0.69723,0.44539,16.04961,1,0.05153,0.0309,1.33721,0.00363,1,1,participant_9,question_14,Timer-Correct,True,Other,NOT_RANDOM,0
0.0,0,36,1,0.08222,0.01184,0,0.78229,0.41759,0.18066,8072,3425.78613,0,0.12032,0.00728,-0.01486,0.00787,0.65625,0.43506,0.44822,12.6881,1,0.11522,-0.00033,1.33721,0.00276,1,1,0.04853,0.00814,0.63091,0.69469,0.44589,16.34033,1,0.04922,0.02401,1.34627,0.00344,1,1,participant_9,question_14,Timer-Correct,True,Other,NOT_RANDOM,0
0.0,0,36,1,0.06124,0.04091,0,0.78229,0.41759,0.18066,8072,3425.78613,0,0.10063,0.01849,-0.01486,0.00787,0.65625,0.43455,0.44834,12.6769,1,0.09253,0.05813,1.34627,0.00278,1,1,0.04853,0.00814,0.63091,0.69412,0.44591,16.44721,1,0.02995,0.02369,1.35532,0.00347,1,1,participant_9,question_14,Timer-Correct,True,Question,NOT_RANDOM,0
0.0,0,36,1,0.06429,0.02372,0,0.78229,0.41759,0.02051,8073,3425.99341,1,0.09154,0.0198,-0.01486,0.00787,0.65625,0.43449,0.44839,12.7255,1,0.10161,0.02813,1.35532,0.00272,1,1,0.04853,0.00814,0.63091,0.6942,0.4459,16.31624,1,0.02696,0.0193,1.36438,0.00345,1,1,participant_9,question_14,Timer-Correct,True,Other,NOT_RANDOM,0
0.0,0,36,1,0.06415,0.02314,0,0.78229,0.41759,0.0271,8073,3425.99341,1,0.08606,0.02047,-0.01466,0.00767,0.63892,0.4342,0.4483,12.65714,1,0.09917,0.02087,1.36438,0.00289,1,1,0.04535,0.00762,0.59071,0.69397,0.44587,16.3382,1,0.02912,0.02542,1.35623,0.00338,1,1,participant_9,question_14,Timer-Correct,True,Other,NOT_RANDOM,0
0.0,0,36,1,0.07381,0.07605,0,0.78229,0.41759,0.03369,8073,3425.99341,1,0.08402,0.02973,-0.01466,0.00767,0.63892,0.43391,0.44836,12.84104,1,0.08105,0.06284,1.35623,0.00283,1,1,0.04535,0.00762,0.59071,0.6939,0.44592,16.31467,1,0.06657,0.08927,1.33902,0.00343,1,1,participant_9,question_14,Timer-Correct,True,Question,NOT_RANDOM,0
0.0,0,36,1,0.07814,0.07815,0,0.78229,0.41759,0.04028,8073,3425.99341,1,0.08318,0.03665,-0.01466,0.00767,0.63892,0.43385,0.44839,12.92354,1,0.08381,0.0665,1.33902,0.00278,1,1,0.04535,0.00762,0.59071,0.6939,0.44588,16.34039,1,0.07247,0.0898,1.32182,0.00343,1,1,participant_9,question_14,Timer-Correct,True,Question,NOT_RANDOM,0
0.0,0,36,1,0.08516,0.09801,0,0.78229,0.41759,0.04712,8073,3425.99341,1,0.08343,0.04432,-0.01436,0.00749,0.62384,0.43375,0.44837,12.6668,1,0.09132,0.08704,1.3128,0.00277,1,1,0.04535,0.00762,0.59071,0.69381,0.44581,16.26754,1,0.079,0.10897,1.29559,0.00342,1,1,participant_9,question_14,Timer-Correct,True,Question,NOT_RANDOM,0
0.0,0,36,1,0.08993,0.0986,0,0.78229,0.41759,0.05396,8073,3425.99341,1,0.08415,0.05035,-0.01436,0.00749,0.62384,0.43365,0.44832,12.77691,1,0.10909,0.10024,1.28658,0.00273,1,1,0.04535,0.00762,0.59071,0.69375,0.44572,16.38129,1,0.07077,0.09695,1.28658,0.00339,1,1,participant_9,question_14,Timer-Correct,True,Question,NOT_RANDOM,0
0.0,0,36,1,0.08837,0.1227,0,0.78229,0.41759,0.06055,8073,3425.99341,1,0.08457,0.05758,-0.01436,0.00749,0.62384,0.43351,0.44832,12.64641,1,0.10265,0.10076,1.27756,0.00282,1,1,0.04535,0.00762,0.59071,0.69373,0.44586,16.80709,1,0.07409,0.14464,1.27756,0.00342,1,1,participant_9,question_14,Timer-Correct,True,Question,NOT_RANDOM,0
0.0,0,36,1,0.09082,0.1295,0,0.78229,0.41759,0.06714,8073,3425.99341,1,0.08514,0.06412,-0.0144,0.00763,0.62374,0.43341,0.44826,12.61387,1,0.10757,0.11441,1.26043,0.00279,1,1,0.04926,0.00829,0.64285,0.69366,0.44567,16.48627,1,0.07407,0.14458,1.27764,0.00344,1,1,participant_9,question_14,Timer-Correct,True,Question,NOT_RANDOM,0
0.0,0,36,1,0.08712,0.11439,0,0.78229,0.41759,0.07373,8073,3425.99341,1,0.08531,0.06831,-0.0144,0.00763,0.62374,0.43337,0.44818,12.88959,1,0.11405,0.09012,1.26952,0.00277,1,1,0.04926,0.00829,0.64285,0.6936,0.44564,16.45215,1,0.06018,0.13866,1.28673,0.00343,1,1,participant_9,question_14,Timer-Correct,True,Question,NOT_RANDOM,0
0.0,0,36,1,0.08125,0.107,0,0.78229,0.41759,0.08081,8073,3425.99341,1,0.08499,0.07129,-0.0144,0.00763,0.62374,0.43331,0.44819,12.76642,1,0.10709,0.09153,1.27862,0.00281,1,1,0.04926,0.00829,0.64285,0.69362,0.44566,16.38517,1,0.05542,0.12247,1.29582,0.00344,1,1,participant_9,question_14,Timer-Correct,True,Question,NOT_RANDOM,0
0.0,0,36,1,0.07408,0.08706,0,0.78229,0.41759,0.08716,8073,3425.99341,1,0.08421,0.07241,-0.01465,0.0077,0.63016,0.43315,0.44812,12.43728,1,0.09968,0.07049,1.30484,0.00289,1,1,0.04926,0.00829,0.64285,0.6936,0.44554,16.36905,1,0.04848,0.10364,1.32205,0.00341,1,1,participant_9,question_14,Timer-Correct,True,Question,NOT_RANDOM,0
0.0,0,36,1,0.06792,0.05507,0,0.78229,0.41759,0.09399,8073,3425.99341,1,0.08313,0.07126,-0.01465,0.0077,0.63016,0.43304,0.44801,12.44829,1,0.09202,0.03056,1.33918,0.00285,1,1,0.04926,0.00829,0.64285,0.69355,0.44542,16.71243,1,0.04382,0.07959,1.33918,0.00341,1,1,participant_9,question_14,Timer-Correct,True,Question,NOT_RANDOM,0
0.0,0,36,1,0.06265,0.04087,0,0.78229,0.41759,0.10059,8073,3425.99341,1,0.08185,0.06936,-0.01465,0.0077,0.63016,0.43298,0.44808,12.51476,1,0.0841,0.02651,1.35631,0.00281,1,1,0.04926,0.00829,0.64285,0.69357,0.44544,16.56169,1,0.04119,0.05524,1.35631,0.00342,1,1,participant_9,question_14,Timer-Correct,True,Question,NOT_RANDOM,0
0.0,0,36,1,0.05802,0.02776,0,0.78229,0.41759,0.10742,8073,3425.99341,1,0.08045,0.06691,-0.01519,0.00804,0.6534,0.43298,0.44808,12.51476,1,0.07929,0.0128,1.37344,0.00281,1,1,0.04926,0.00839,0.64285,0.6935,0.44531,16.33787,1,0.03676,0.04271,1.37344,0.00343,1,1,participant_9,question_14,Timer-Correct,True,Question,NOT_RANDOM,0
0.0,0,36,1,0.05271,0.01549,0,0.78229,0.41759,0.11426,8073,3425.99341,1,0.07891,0.06405,-0.01519,0.00804,0.6534,0.43293,0.44806,12.70035,1,0.0717,-0.01297,1.37344,0.00281,1,1,0.04926,0.00839,0.64285,0.69351,0.44531,16.35378,1,0.03373,0.04395,1.37344,0.00343,1,1,participant_9,question_14,Timer-Correct,True,Other,NOT_RANDOM,0
0.0,0,36,1,0.05216,0.0181,0,0.78229,0.41759,0.12061,8073,3425.99341,1,0.0775,0.06164,-0.01519,0.00804,0.6534,0.43295,0.44805,12.70186,1,0.07491,-0.00747,1.37344,0.0028,1,1,0.04926,0.00839,0.64285,0.69336,0.44531,16.36345,1,0.02942,0.04367,1.37344,0.00335,1,1,participant_9,question_14,Timer-Correct,True,Other,NOT_RANDOM,0
0.0,0,36,1,0.05462,0.02506,0,0.78229,0.41759,0.12769,8073,3425.99341,1,0.07635,0.05981,-0.01459,0.0077,0.62588,0.43288,0.44799,12.70334,1,0.07746,-0.00013,1.36442,0.0028,1,1,0.04961,0.0085,0.64743,0.69336,0.44531,16.36345,1,0.03178,0.05025,1.36442,0.00335,1,1,participant_9,question_14,Timer-Correct,True,Question,NOT_RANDOM,0
0.0,0,36,1,0.05938,0.02954,0,0.78229,0.41759,0.13452,8073,3425.99341,1,0.07555,0.05837,-0.01459,0.0077,0.62588,0.43283,0.44794,12.47282,1,0.08821,0.01174,1.3554,0.00282,1,1,0.04961,0.0085,0.64743,0.69321,0.44531,16.35378,1,0.03055,0.04734,1.3554,0.00344,1,1,participant_9,question_14,Timer-Correct,True,Question,NOT_RANDOM,0
0.0,0,36,1,0.05332,0.04452,0,0.78229,0.41759,0.14087,8073,3425.99341,1,0.07454,0.05774,-0.01459,0.0077,0.62588,0.43286,0.44795,12.74469,1,0.08689,0.02627,1.34639,0.0028,1,1,0.04961,0.0085,0.64743,0.69321,0.44531,16.35378,1,0.01974,0.06277,1.34639,0.00344,1,1,participant_9,question_14,Timer-Correct,True,Question,NOT_RANDOM,0
0.0,0,36,1,0.06046,0.06398,0,0.78229,0.41759,0.14771,8073,3425.99341,1,0.07392,0.05801,-0.01413,0.00743,0.60385,0.43273,0.44798,12.65107,1,0.09172,0.0401,1.32926,0.00283,1,1,0.04656,0.00804,0.60888,0.69321,0.44531,16.35378,1,0.0292,0.08785,1.31205,0.00343,1,1,participant_9,question_14,Timer-Correct,True,Question,NOT_RANDOM,0
0.0,0,36,1,0.07583,0.07424,0,0.78229,0.41759,0.15479,8073,3425.99341,1,0.074,0.05868,-0.01413,0.00743,0.60385,0.43269,0.44788,12.65495,1,0.09292,0.0522,1.30394,0.00283,1,1,0.04656,0.00804,0.60888,0.69317,0.44517,16.79191,1,0.05873,0.09628,1.28673,0.00337,1,1,participant_9,question_14,Timer-Correct,True,Question,NOT_RANDOM,0
0.0,0,36,1,0.08926,0.09329,0,0.78229,0.41759,0.16089,8073,3425.99341,1,0.07461,0.06007,-0.01413,0.00743,0.60385,0.43266,0.44803,12.56988,1,0.09272,0.08386,1.27862,0.00286,1,1,0.04656,0.00804,0.60888,0.69308,0.44515,16.35715,1,0.0858,0.10272,1.26141,0.00341,1,1,participant_9,question_14,Timer-Correct,True,Question,NOT_RANDOM,0
0.0,0,36,1,0.09618,0.11312,0,0.78229,0.41759,0.16772,8073,3425.99341,1,0.07544,0.06211,-0.01413,0.00743,0.60385,0.43256,0.44801,12.83518,1,0.10016,0.10432,1.2533,0.0028,1,1,0.0466,0.008,0.60939,0.69306,0.4451,16.3147,1,0.09219,0.12192,1.23609,0.00341,1,1,participant_9,question_14,Timer-Correct,True,Question,NOT_RANDOM,0
0.0,0,36,1,0.10916,0.1164,0,0.78229,0.41759,0.17407,8073,3425.99341,1,0.07669,0.06412,-0.01413,0.00743,0.60385,0.43255,0.448,13.01709,1,0.13198,0.11294,1.23609,0.00283,1,1,0.0466,0.008,0.60939,0.69306,0.44512,16.49352,1,0.08634,0.11985,1.23609,0.00338,1,1,participant_9,question_14,Timer-Correct,True,Question,NOT_RANDOM,0
0.0,0,36,1,0.1058,0.11297,0,0.78229,0.41759,0.18164,8073,3425.99341,1,0.07773,0.06586,-0.01413,0.00743,0.60385,0.4326,0.44803,12.91718,1,0.12259,0.11745,1.23609,0.00282,1,1,0.0466,0.008,0.60939,0.69302,0.44515,16.43972,1,0.08902,0.10848,1.23609,0.00339,1,1,participant_9,question_14,Timer-Correct,True,Question,NOT_RANDOM,0
0.0,0,36,1,0.10122,0.09943,0,0.78229,0.41759,0.1875,8073,3425.99341,1,0.07854,0.06702,-0.01509,0.00784,0.64094,0.43257,0.44799,13.06414,1,0.11778,0.10355,1.25322,0.00281,1,1,0.04656,0.00804,0.60888,0.69292,0.44512,16.51613,1,0.08466,0.09531,1.25322,0.0034,1,1,participant_9,question_14,Timer-Correct,True,Question,NOT_RANDOM,0
0.0,0,36,1,0.09345,0.09199,0,0.78229,0.41759,0.19434,8073,3425.99341,1,0.07904,0.06785,-0.01509,0.00784,0.64094,0.43233,0.44797,12.69257,1,0.11087,0.09343,1.27035,0.00285,1,1,0.04656,0.00804,0.60888,0.69287,0.4451,16.56547,1,0.07603,0.09055,1.27035,0.0034,1,1,participant_9,question_14,Timer-Correct,True,Question,NOT_RANDOM,0
0.0,0,36,1,0.0848,0.08202,0,0.78229,0.41759,0.20117,8073,3425.99341,1,0.07922,0.06831,-0.01509,0.00784,0.64094,0.43231,0.44802,12.74173,1,0.10728,0.07908,1.28748,0.00286,1,1,0.04656,0.00804,0.60888,0.69287,0.44511,16.54554,1,0.06232,0.08496,1.28748,0.0034,1,1,participant_9,question_14,Timer-Correct,True,Question,NOT_RANDOM,0
0.0,0,36,1,0.07794,0.06222,0,0.78229,0.41759,0.20776,8073,3425.99341,1,0.07918,0.06812,-0.01509,0.00784,0.64094,0.43231,0.44802,12.74173,1,0.10248,0.06527,1.30461,0.00286,1,1,0.04893,0.00846,0.64102,0.69286,0.44512,16.55399,1,0.05341,0.05917,1.32182,0.00339,1,1,participant_9,question_14,Timer-Correct,True,Question,NOT_RANDOM,0
0.0,0,36,1,0.06888,0.04727,0,0.78229,0.41759,0.2146,8073,3425.99341,1,0.07887,0.06749,-0.01509,0.00784,0.64094,0.4323,0.448,12.88422,1,0.09322,0.05326,1.32182,0.00283,1,1,0.04893,0.00846,0.64102,0.69273,0.44517,16.5072,1,0.04454,0.04128,1.33902,0.00344,1,1,participant_9,question_14,Timer-Correct,True,Question,NOT_RANDOM,0
0.0,0,36,1,0.04116,0.05531,0,0.78229,0.41759,0.22119,8073,3425.99341,1,0.07776,0.06713,-0.01509,0.00784,0.64094,0.43213,0.44803,12.78854,1,0.06734,0.0385,1.33902,0.00281,1,1,0.04893,0.00846,0.64102,0.69256,0.445,16.61669,1,0.01497,0.07212,1.35623,0.00345,1,1,participant_9,question_14,Timer-Correct,True,Other,NOT_RANDOM,0
0.0,0,36,1,0.04119,0.05527,0,0.78229,0.41759,0.22803,8073,3425.99341,1,0.07672,0.06679,-0.01473,0.00753,0.62384,0.43188,0.44806,12.6623,1,0.06491,0.03194,1.34721,0.00281,1,1,0.04608,0.00798,0.60492,0.69227,0.44504,16.43281,1,0.01746,0.07859,1.34721,0.00343,1,1,participant_9,question_14,Timer-Correct,True,Other,NOT_RANDOM,0
0.0,0,36,1,0.0461,0.07164,0,0.78229,0.41759,0.23462,8073,3425.99341,1,0.07587,0.06693,-0.01473,0.00753,0.62384,0.43185,0.44804,12.79485,1,0.04957,0.0473,1.3382,0.00283,1,1,0.04608,0.00798,0.60492,0.69215,0.4451,16.47137,1,0.04263,0.09599,1.32099,0.00342,1,1,participant_9,question_14,Timer-Correct,True,Other,NOT_RANDOM,0
0.0,0,36,1,0.04334,0.09,0,0.78229,0.41759,0.24146,8073,3425.99341,1,0.07499,0.06755,-0.01473,0.00753,0.62384,0.43189,0.44802,12.60208,1,0.06113,0.06203,1.31198,0.00283,1,1,0.04608,0.00798,0.60492,0.69212,0.44499,16.32902,1,0.02555,0.11797,1.29477,0.00342,1,1,participant_9,question_14,Timer-Correct,True,Other,NOT_RANDOM,0
0.0,0,36,1,0.05113,0.10994,0,0.78229,0.41759,0.24805,8073,3425.99341,1,0.07436,0.06867,-0.01473,0.00753,0.62384,0.43184,0.44816,12.74537,1,0.06921,0.08302,1.28575,0.00276,1,1,0.04608,0.00798,0.60492,0.69215,0.44496,16.35846,1,0.03304,0.13685,1.26855,0.00344,1,1,participant_9,question_14,Timer-Correct,True,Question,NOT_RANDOM,0
0.0,0,36,1,0.0502,0.12274,0,0.78229,0.41759,0.25488,8073,3425.99341,1,0.07374,0.07005,-0.01473,0.00753,0.62384,0.43172,0.4482,12.83213,1,0.07158,0.10718,1.26855,0.00278,1,1,0.04608,0.00798,0.60492,0.69213,0.44505,16.4117,1,0.02882,0.1383,1.26855,0.00345,1,1,participant_9,question_14,Timer-Correct,True,Question,NOT_RANDOM,0
0.0,0,36,1,0.05084,0.11405,0,0.78229,0.41759,0.26147,8073,3425.99341,1,0.07317,0.07115,-0.01473,0.00753,0.62384,0.43179,0.44815,12.87204,1,0.07045,0.12334,1.26855,0.00277,1,1,0.04608,0.00798,0.60492,0.69214,0.44503,16.46484,1,0.03122,0.10475,1.26855,0.00341,1,1,participant_9,question_14,Timer-Correct,True,Question,NOT_RANDOM,0
0.0,0,36,1,0.05084,0.11405,0,0.78229,0.41759,0.26831,8073,3425.99341,1,0.07262,0.0722,-0.01473,0.00749,0.62384,0.43182,0.44828,12.57044,1,0.07045,0.12334,1.26855,0.00281,1,1,0.04637,0.00799,0.60869,0.6922,0.44507,16.35997,1,0.03122,0.10475,1.26855,0.0034,1,1,participant_9,question_14,Timer-Correct,True,Question,NOT_RANDOM,0
0.0,0,36,1,0.05672,0.11825,0,0.78229,0.41759,0.2749,8073,3425.99341,1,0.07224,0.07329,-0.01473,0.00749,0.62384,0.43182,0.44828,12.57044,1,0.07601,0.13672,1.26855,0.00281,1,1,0.04637,0.00799,0.60869,0.69221,0.4451,16.4189,1,0.03742,0.09978,1.26855,0.00339,1,1,participant_9,question_14,Timer-Correct,True,Question,NOT_RANDOM,0
0.0,0,36,1,0.06021,0.11956,0,0.78229,0.41759,0.28149,8073,3425.99341,1,0.07196,0.07437,-0.01473,0.00749,0.62384,0.43183,0.44828,12.58657,1,0.08719,0.12552,1.26855,0.00281,1,1,0.04637,0.00799,0.60869,0.69221,0.44522,16.31738,1,0.03322,0.11361,1.26855,0.00344,1,1,participant_9,question_14,Timer-Correct,True,Question,NOT_RANDOM,0
0.0,0,36,1,0.05776,0.11322,0,0.78229,0.41759,0.28149,8073,3425.99341,0,0.05153,0.09427,-0.01473,0.00749,0.62384,0.4319,0.44851,12.77735,1,0.08719,0.12552,1.26855,0.00279,1,1,0.04855,0.00835,0.63606,0.69221,0.44521,16.34724,1,0.02833,0.10091,1.28575,0.00344,1,1,participant_9,question_14,Timer-Correct,True,Question,NOT_RANDOM,0
0.0,0,36,1,0.04871,0.10819,0,0.78229,0.41759,0.28149,8073,3425.99341,0,0.05012,0.10123,-0.01473,0.00749,0.62384,0.43192,0.44849,12.77389,1,0.06936,0.12208,1.28575,0.0028,1,1,0.04855,0.00835,0.63606,0.69229,0.44532,16.41098,1,0.02806,0.0943,1.30296,0.00343,1,1,participant_9,question_14,Timer-Correct,True,Other,NOT_RANDOM,0
0.0,0,36,1,0.04984,0.08672,0,0.78229,0.41759,0.28149,8073,3425.99341,0,0.05003,0.09639,-0.01473,0.00749,0.62384,0.43192,0.44849,12.77389,1,0.07296,0.08284,1.30296,0.0028,1,1,0.04855,0.00835,0.63606,0.6923,0.4454,16.32714,1,0.02671,0.09059,1.32017,0.00346,1,1,participant_9,question_14,Timer-Correct,True,Other,NOT_RANDOM,0
0.0,0,36,1,0.04487,0.07368,0,0.78229,0.41759,0.01929,8074,3426.28223,1,0.04874,0.09072,-0.01473,0.00749,0.62384,0.43194,0.44854,12.67303,1,0.06777,0.06924,1.32017,0.00284,1,1,0.04855,0.00825,0.63606,0.69239,0.44542,16.43704,1,0.02196,0.07813,1.33737,0.00346,1,1,participant_9,question_14,Timer-Correct,True,Other,NOT_RANDOM,0
0.0,0,36,1,0.04882,0.06712,0,0.78229,0.41759,0.02612,8074,3426.28223,1,0.04875,0.086,-0.01473,0.00749,0.62384,0.43199,0.44862,12.65615,1,0.06214,0.05164,1.33737,0.00277,1,1,0.04855,0.00825,0.63606,0.69235,0.44544,16.43433,1,0.0355,0.0826,1.33737,0.00348,1,1,participant_9,question_14,Timer-Correct,True,Other,NOT_RANDOM,0
0.0,0,36,1,0.04719,0.07462,0,0.78229,0.41759,0.03271,8074,3426.28223,1,0.04849,0.0841,-0.01473,0.00749,0.62384,0.43201,0.44853,12.63023,1,0.06351,0.06216,1.33737,0.0028,1,1,0.04855,0.00825,0.63606,0.69245,0.44547,16.33328,1,0.03087,0.08707,1.33737,0.00345,1,1,participant_9,question_14,Timer-Correct,True,Other,NOT_RANDOM,0
0.0,0,36,1,0.04584,0.07109,0,0.78229,0.41759,0.03979,8074,3426.28223,1,0.04811,0.08224,-0.01505,0.00767,0.63917,0.43203,0.44852,12.63464,1,0.0608,0.05509,1.34639,0.00281,1,1,0.04739,0.00809,0.62029,0.69248,0.4456,16.65011,1,0.03088,0.0871,1.33733,0.00344,1,1,participant_9,question_14,Timer-Correct,True,Other,NOT_RANDOM,0
0.0,0,36,1,0.09211,0.24163,0,0.78229,0.41759,0.04614,8074,3426.28223,1,0.05361,0.10217,-0.01505,0.00767,0.63917,0.43201,0.44919,10.82754,1,0.09771,0.23869,1.34635,0.0025,1,1,0.04739,0.00809,0.62029,0.69271,0.44633,13.29433,1,0.08652,0.24457,1.33729,0.00328,1,1,participant_9,question_14,Timer-Correct,True,Question,NOT_RANDOM,0
0.0,0,36,0,0.09211,0.24163,0,0.78229,0.41759,0.05347,8074,3426.28223,1,0.05361,0.10217,-0.01505,0.00767,0.63917,0.43201,0.44919,10.82754,0,0.09771,0.23869,1.34631,0.0025,1,0,0.04739,0.00809,0.62029,0.69271,0.44633,13.29433,0,0.08652,0.24457,1.33725,0.00328,1,0,participant_9,question_14,Timer-Correct,False,Question,NOT_RANDOM,0
0.0,0,36,0,0.09211,0.24163,0,0.78229,0.41759,0.05933,8074,3426.28223,1,0.05361,0.10217,-0.01505,0.00767,0.63917,0.43201,0.44919,10.82754,0,0.09771,0.23869,1.34627,0.0025,1,0,0.04739,0.00809,0.62029,0.69271,0.44633,13.29433,0,0.08652,0.24457,1.33721,0.00328,1,0,participant_9,question_14,Timer-Correct,False,Question,NOT_RANDOM,0
0.0,0,36,0,0.09211,0.24163,0,0.78229,0.41759,0.07129,8074,3426.28223,1,0.05361,0.10217,-0.01505,0.00767,0.63917,0.43201,0.44919,10.82754,0,0.09771,0.23869,1.33721,0.0025,1,0,0.04739,0.00809,0.62029,0.69271,0.44633,13.29433,0,0.08652,0.24457,1.33721,0.00328,1,0,participant_9,question_14,Timer-Correct,False,Question,NOT_RANDOM,0
0.0,0,36,0,0.09211,0.24163,0,0.78229,0.41759,0.07129,8074,3426.28223,0,0.05391,0.10329,-0.01505,0.00767,0.63917,0.43201,0.44919,10.82754,0,0.09771,0.23869,1.33721,0.0025,1,0,0.04739,0.00809,0.62029,0.69271,0.44633,13.29433,0,0.08652,0.24457,1.33721,0.00328,1,0,participant_9,question_14,Timer-Correct,False,Question,NOT_RANDOM,0
0.0,0,36,0,0.09211,0.24163,0,0.78229,0.41759,0.07129,8074,3426.28223,0,0.05391,0.10329,-0.01505,0.00767,0.63917,0.43201,0.44919,10.82754,0,0.09771,0.23869,1.33721,0.0025,1,0,0.04739,0.00809,0.62029,0.69271,0.44633,13.29433,0,0.08652,0.24457,1.33721,0.00328,1,0,participant_9,question_14,Timer-Correct,False,Question,NOT_RANDOM,0
0.0,0,36,0,0.09211,0.24163,0,0.78229,0.41759,0.07129,8074,3426.28223,0,0.05391,0.10329,-0.01505,0.00767,0.63917,0.43201,0.44919,10.82754,0,0.09771,0.23869,1.33721,0.0025,1,0,0.04739,0.00809,0.62029,0.69271,0.44633,13.29433,0,0.08652,0.24457,1.33721,0.00328,1,0,participant_9,question_14,Timer-Correct,False,Question,NOT_RANDOM,0
0.0,32,36,0,0.09211,0.24163,0,0.78229,0.41759,0.07129,8074,3426.28223,0,0.0,0.0,-0.01505,0.00767,0.63917,0.43201,0.44919,10.82754,0,0.09771,0.23869,1.33721,0.0025,1,0,0.04739,0.00809,0.62029,0.69271,0.44633,13.29433,0,0.08652,0.24457,1.33721,0.00328,1,0,participant_9,question_14,Timer-Correct,True,Question,NOT_RANDOM,0
0.0,32,36,0,0.09211,0.24163,0,0.78229,0.41759,0.07129,8074,3426.28223,0,0.0,0.0,-0.01505,0.00767,0.63917,0.43201,0.44919,10.82754,0,0.09771,0.23869,1.33721,0.0025,1,0,0.04739,0.00809,0.62029,0.69271,0.44633,13.29433,0,0.08652,0.24457,1.33721,0.00328,1,0,participant_9,question_14,Timer-Correct,True,Question,NOT_RANDOM,0
0.0,32,36,0,0.09211,0.24163,0,0.78229,0.41759,0.07129,8074,3426.28223,0,0.0,0.0,-0.01505,0.00767,0.63917,0.43201,0.44919,10.82754,0,0.09771,0.23869,1.33721,0.0025,1,0,0.04739,0.00809,0.62029,0.69271,0.44633,13.29433,0,0.08652,0.24457,1.33721,0.00328,1,0,participant_9,question_14,Timer-Correct,True,Question,NOT_RANDOM,0
0.0,32,36,0,0.09211,0.24163,0,0.78229,0.41759,0.07129,8074,3426.28223,0,0.0,0.0,-0.01505,0.00767,0.63917,0.43201,0.44919,10.82754,0,0.09771,0.23869,1.33721,0.0025,1,0,0.04739,0.00809,0.62029,0.69271,0.44633,13.29433,0,0.08652,0.24457,1.33721,0.00328,1,0,participant_9,question_14,Timer-Correct,True,Question,NOT_RANDOM,0
0.0,32,36,0,0.09211,0.24163,0,0.78229,0.41759,0.07129,8074,3426.28223,0,0.0,0.0,-0.01505,0.00767,0.63917,0.43201,0.44919,10.82754,0,0.09771,0.23869,1.33721,0.0025,1,0,0.04739,0.00809,0.62029,0.69271,0.44633,13.29433,0,0.08652,0.24457,1.33721,0.00328,1,0,participant_9,question_14,Timer-Correct,True,Question,NOT_RANDOM,0
0.0,32,36,0,0.09211,0.24163,0,0.78229,0.41759,0.07129,8074,3426.28223,0,0.0,0.0,-0.01505,0.00767,0.63917,0.43201,0.44919,10.82754,0,0.09771,0.23869,1.33721,0.0025,1,0,0.04739,0.00809,0.62029,0.69271,0.44633,13.29433,0,0.08652,0.24457,1.33721,0.00328,1,0,participant_9,question_14,Timer-Correct,True,Question,NOT_RANDOM,0
0.0,32,36,0,0.09211,0.24163,0,0.78229,0.41759,0.07129,8074,3426.28223,0,0.0,0.0,-0.01505,0.00767,0.63917,0.43201,0.44919,10.82754,0,0.09771,0.23869,1.33721,0.0025,1,0,0.04739,0.00809,0.62029,0.69271,0.44633,13.29433,0,0.08652,0.24457,1.33721,0.00328,1,0,participant_9,question_14,Timer-Correct,True,Question,NOT_RANDOM,0
0.0,32,36,0,0.09211,0.24163,0,0.78229,0.41759,0.07129,8074,3426.28223,0,0.0,0.0,-0.01505,0.00767,0.63917,0.43201,0.44919,10.82754,0,0.09771,0.23869,1.33721,0.0025,1,0,0.04739,0.00809,0.62029,0.69271,0.44633,13.29433,0,0.08652,0.24457,1.33721,0.00328,1,0,participant_9,question_14,Timer-Correct,True,Question,NOT_RANDOM,0
0.0,32,36,0,0.09211,0.24163,0,0.78229,0.41759,0.07129,8074,3426.28223,0,0.0,0.0,-0.01505,0.00767,0.63917,0.43201,0.44919,10.82754,0,0.09771,0.23869,1.33721,0.0025,1,0,0.04739,0.00809,0.62029,0.69271,0.44633,13.29433,0,0.08652,0.24457,1.33721,0.00328,1,0,participant_9,question_14,Timer-Correct,True,Question,NOT_RANDOM,0
0.0,32,36,0,0.09211,0.24163,0,0.78229,0.41759,0.07129,8074,3426.28223,0,0.0,0.0,-0.01505,0.00767,0.63917,0.43201,0.44919,10.82754,0,0.09771,0.23869,1.33721,0.0025,1,0,0.04739,0.00809,0.62029,0.69271,0.44633,13.29433,0,0.08652,0.24457,1.33721,0.00328,1,0,participant_9,question_14,Timer-Correct,True,Question,NOT_RANDOM,0
0.0,32,36,0,0.09211,0.24163,0,0.78229,0.41759,0.07129,8074,3426.28223,0,0.0,0.0,-0.01505,0.00767,0.63917,0.43201,0.44919,10.82754,0,0.09771,0.23869,1.33721,0.0025,1,0,0.04739,0.00809,0.62029,0.69271,0.44633,13.29433,0,0.08652,0.24457,1.33721,0.00328,1,0,participant_9,question_14,Timer-Correct,True,Question,NOT_RANDOM,0
0.0,32,36,0,0.09211,0.24163,0,0.78229,0.41759,0.07129,8074,3426.28223,0,0.0,0.0,-0.01505,0.00767,0.63917,0.43201,0.44919,10.82754,0,0.09771,0.23869,1.33721,0.0025,1,0,0.04739,0.00809,0.62029,0.69271,0.44633,13.29433,0,0.08652,0.24457,1.33721,0.00328,1,0,participant_9,question_14,Timer-Correct,True,Question,NOT_RANDOM,0
0.08009,0,37,1,0.0868,0.05208,0,0.78229,0.41759,0.07129,8074,3426.28223,0,0.0868,0.05208,-0.01505,0.00767,0.63917,0.69232,0.44521,16.00211,1,0.0868,0.05208,1.33721,0.00343,1,1,0.04739,0.00809,0.62029,0.69271,0.44633,13.29433,0,0.08652,0.24457,1.33721,0.00328,1,0,participant_9,question_14,Timer-Correct,True,Question,NOT_RANDOM,0
0.0,0,37,1,0.0868,0.05208,0,0.78229,0.41759,0.07129,8074,3426.28223,0,0.0868,0.05208,0.04893,0.00837,0.64102,0.69232,0.44521,16.00211,1,0.0868,0.05208,1.33721,0.00343,1,1,0.04739,0.00809,0.62029,0.69271,0.44633,13.29433,0,0.08652,0.24457,1.33721,0.00328,1,0,participant_9,question_14,Timer-Correct,True,Question,NOT_RANDOM,0
0.0,0,37,1,0.03911,0.03327,0,0.78229,0.41759,0.07129,8074,3426.28223,0,0.0709,0.04581,0.04893,0.00837,0.64102,0.43216,0.44854,12.2923,1,0.05301,0.00186,1.33721,0.00271,1,1,0.04739,0.00809,0.62029,0.69245,0.44524,16.31607,1,0.0252,0.06468,1.33721,0.00335,1,1,participant_9,question_14,Timer-Correct,True,Other,NOT_RANDOM,0
0.0,0,37,1,0.05215,0.02816,0,0.78229,0.41759,0.01978,8075,3426.45557,1,0.06621,0.0414,0.04893,0.00837,0.64102,0.43212,0.44865,12.29762,1,0.07815,-0.00494,1.33721,0.00279,1,1,0.04739,0.00809,0.62029,0.69231,0.44524,16.15582,1,0.02615,0.06126,1.33721,0.0034,1,1,participant_9,question_14,Timer-Correct,True,Question,NOT_RANDOM,0
0.0,0,37,1,0.05468,0.03524,0,0.78229,0.41759,0.02637,8075,3426.45557,1,0.06391,0.04017,-0.01454,0.00739,0.61966,0.43212,0.44865,12.29762,1,0.08076,0.00258,1.3282,0.00279,1,1,0.04739,0.00809,0.62029,0.69231,0.44524,16.15582,1,0.0286,0.0679,1.3282,0.0034,1,1,participant_9,question_14,Timer-Correct,True,Question,NOT_RANDOM,0
0.0,0,37,1,0.05278,0.03864,0,0.78229,0.41759,0.03296,8075,3426.45557,1,0.06205,0.03991,-0.01454,0.00739,0.61966,0.43213,0.44861,12.24809,1,0.07189,0.00504,1.31918,0.00276,1,1,0.04739,0.00809,0.62029,0.69247,0.44522,16.26279,1,0.03366,0.07224,1.31918,0.00337,1,1,participant_9,question_14,Timer-Correct,True,Question,NOT_RANDOM,0
0.0,0,37,1,0.06073,0.07058,0,0.78229,0.41759,0.04004,8075,3426.45557,1,0.06186,0.04429,-0.01454,0.00739,0.61966,0.43203,0.44872,12.29359,1,0.08517,0.06876,1.31016,0.00274,1,1,0.04739,0.00809,0.62029,0.69243,0.44519,16.16948,1,0.03628,0.0724,1.31016,0.00336,1,1,participant_9,question_14,Timer-Correct,True,Question,NOT_RANDOM,0
0.0,0,37,1,0.06327,0.07754,0,0.78229,0.41759,0.04688,8075,3426.45557,1,0.06204,0.04845,-0.01455,0.00744,0.62016,0.43201,0.44872,12.2668,1,0.0878,0.07595,1.30115,0.00273,1,1,0.04739,0.00809,0.62029,0.69249,0.44522,16.0736,1,0.03873,0.07912,1.30115,0.00335,1,1,participant_9,question_14,Timer-Correct,True,Question,NOT_RANDOM,0
0.0,0,37,1,0.06056,0.08224,0,0.78229,0.41759,0.05371,8075,3426.45557,1,0.06187,0.0522,-0.01455,0.00744,0.62016,0.43204,0.44857,12.70444,1,0.08235,0.08043,1.30115,0.00272,1,1,0.04739,0.00809,0.62029,0.69246,0.44523,16.10654,1,0.03876,0.08405,1.30115,0.00333,1,1,participant_9,question_14,Timer-Correct,True,Question,NOT_RANDOM,0
0.0,0,37,1,0.06131,0.07861,0,0.78229,0.41759,0.0603,8075,3426.45557,1,0.06182,0.05484,-0.01455,0.00744,0.62016,0.432,0.44859,12.70996,1,0.08344,0.07648,1.30115,0.00274,1,1,0.04739,0.00809,0.62029,0.69247,0.44519,16.07017,1,0.03918,0.08073,1.30115,0.00332,1,1,participant_9,question_14,Timer-Correct,True,Question,NOT_RANDOM,0
0.0,0,37,1,0.05753,0.06829,0,0.78229,0.41759,0.06689,8075,3426.45557,1,0.06143,0.05606,-0.01455,0.00744,0.62016,0.43194,0.4485,12.28348,1,0.08078,0.06929,1.31016,0.00273,1,1,0.04893,0.00837,0.64102,0.69242,0.4452,15.91691,1,0.03427,0.06729,1.31922,0.00336,1,1,participant_9,question_14,Timer-Correct,True,Question,NOT_RANDOM,0
0.0,0,37,1,0.04241,0.05498,0,0.78229,0.41759,0.07373,8075,3426.45557,1,0.05984,0.05597,-0.01455,0.00744,0.62016,0.43191,0.44856,12.22132,1,0.06763,0.04258,1.32824,0.00276,1,1,0.04893,0.00837,0.64102,0.69227,0.44517,15.9658,1,0.01718,0.06739,1.33729,0.00338,1,1,participant_9,question_14,Timer-Correct,True,Other,NOT_RANDOM,0
0.0,0,37,1,0.03512,0.03748,0,0.78229,0.41759,0.0813,8075,3426.45557,1,0.05794,0.05455,-0.01455,0.00744,0.62016,0.43193,0.44853,12.39662,1,0.05558,0.03075,1.34631,0.00274,1,1,0.04893,0.00837,0.64102,0.69225,0.44515,15.90236,1,0.01466,0.04421,1.35536,0.00339,1,1,participant_9,question_14,Timer-Correct,True,Other,NOT_RANDOM,0
0.0,0,37,1,0.02991,0.0236,0,0.78229,0.41759,0.08765,8075,3426.45557,1,0.05594,0.05234,-0.01455,0.00744,0.62016,0.43179,0.44855,12.2199,1,0.05011,0.01629,1.36438,0.00273,1,1,0.04893,0.00837,0.64102,0.69227,0.44512,15.81118,1,0.00972,0.03091,1.37344,0.00342,1,1,participant_9,question_14,Timer-Correct,True,Other,NOT_RANDOM,0
0.0,0,37,1,0.02538,0.02402,0,0.78229,0.41759,0.09399,8075,3426.45557,1,0.0539,0.05045,-0.01455,0.00744,0.62016,0.4318,0.44851,12.20923,1,0.04881,0.01559,1.37344,0.00272,1,1,0.04893,0.00837,0.64102,0.69222,0.44513,15.83982,1,0.00195,0.03244,1.37344,0.00338,1,1,participant_9,question_14,Timer-Correct,True,Other,NOT_RANDOM,0
0.0,0,37,1,0.0263,0.02306,0,0.78229,0.41759,0.10083,8075,3426.45557,1,0.05218,0.04874,-0.01455,0.00744,0.62016,0.43173,0.44849,12.24875,1,0.04673,0.02143,1.37344,0.00272,1,1,0.04893,0.00837,0.64102,0.69213,0.445,16.22738,1,0.00588,0.02469,1.37344,0.00336,1,1,participant_9,question_14,Timer-Correct,True,Other,NOT_RANDOM,0
0.0,0,37,1,0.02891,0.02996,0,0.78229,0.41759,0.10767,8075,3426.45557,1,0.05081,0.04764,-0.01473,0.00749,0.62384,0.43174,0.44848,12.39927,1,0.04946,0.02856,1.36442,0.00274,1,1,0.04855,0.00835,0.63606,0.69214,0.44501,15.82603,1,0.00836,0.03136,1.36442,0.00334,1,1,participant_9,question_14,Timer-Correct,True,Other,NOT_RANDOM,0
0.0,0,37,1,0.03287,0.02537,0,0.78229,0.41759,0.11426,8075,3426.45557,1,0.04981,0.0464,-0.01473,0.00749,0.62384,0.43161,0.44831,12.36163,1,0.05998,0.01329,1.35541,0.00272,1,1,0.04855,0.00835,0.63606,0.69209,0.44498,15.95063,1,0.00575,0.03745,1.35541,0.00334,1,1,participant_9,question_14,Timer-Correct,True,Other,NOT_RANDOM,0
0.0,0,37,1,0.03861,0.02371,0,0.78229,0.41759,0.12085,8075,3426.45557,1,0.04922,0.0452,-0.01473,0.00749,0.62384,0.43163,0.44824,12.29359,1,0.06718,0.01024,1.34639,0.00274,1,1,0.04855,0.00835,0.63606,0.69213,0.44494,16.03149,1,0.01004,0.03718,1.34639,0.00333,1,1,participant_9,question_14,Timer-Correct,True,Other,NOT_RANDOM,0
0.0,0,37,1,0.04595,0.04353,0,0.78229,0.41759,0.12744,8075,3426.45557,1,0.04906,0.04512,-0.01473,0.00749,0.62384,0.43141,0.44824,12.31155,1,0.07224,0.02423,1.32926,0.00282,1,1,0.04608,0.00798,0.60492,0.69207,0.44495,16.05684,1,0.01965,0.06283,1.31205,0.00332,1,1,participant_9,question_14,Timer-Correct,True,Other,NOT_RANDOM,0
0.0,0,37,1,0.06731,0.06061,0,0.78229,0.41759,0.13428,8075,3426.45557,1,0.04993,0.04586,-0.01473,0.00749,0.62384,0.43132,0.44833,12.36257,1,0.06937,0.05347,1.30394,0.00274,1,1,0.04608,0.00798,0.60492,0.69208,0.44481,15.89324,1,0.06526,0.06775,1.28673,0.00339,1,1,participant_9,question_14,Timer-Correct,True,Question,NOT_RANDOM,0
0.0,0,37,1,0.07555,0.12797,0,0.78229,0.41759,0.14087,8075,3426.45557,1,0.05109,0.04959,-0.01473,0.00749,0.62384,0.43129,0.44827,12.39566,1,0.08977,0.11817,1.27862,0.00272,1,1,0.04608,0.00798,0.60492,0.69203,0.44484,15.92874,1,0.06133,0.13776,1.26141,0.00339,1,1,participant_9,question_14,Timer-Correct,True,Question,NOT_RANDOM,0
0.0,0,37,1,0.08042,0.14096,0,0.78229,0.41759,0.14722,8075,3426.45557,1,0.05237,0.05356,-0.01491,0.00753,0.62712,0.43121,0.44826,12.22918,1,0.09487,0.13162,1.26141,0.00271,1,1,0.04608,0.00798,0.60492,0.6919,0.44493,15.9594,1,0.06597,0.1503,1.24421,0.00335,1,1,participant_9,question_14,Timer-Correct,True,Question,NOT_RANDOM,0
0.0,0,37,1,0.06919,0.14208,0,0.78229,0.41759,0.1543,8075,3426.45557,1,0.05307,0.05725,-0.01491,0.00753,0.62712,0.43121,0.44828,12.21095,1,0.08428,0.14357,1.25232,0.00279,1,1,0.04608,0.00798,0.60492,0.69164,0.44483,16.3525,1,0.0541,0.14058,1.25232,0.00334,1,1,participant_9,question_14,Timer-Correct,True,Question,NOT_RANDOM,0
0.0,0,37,1,0.05828,0.12636,0,0.78229,0.41759,0.16113,8075,3426.45557,1,0.05328,0.06002,-0.01491,0.00753,0.62712,0.43113,0.44825,12.22594,1,0.0729,0.12403,1.26043,0.00279,1,1,0.04608,0.00798,0.60492,0.69168,0.44489,16.2087,1,0.04366,0.12869,1.26043,0.00336,1,1,participant_9,question_14,Timer-Correct,True,Question,NOT_RANDOM,0
0.0,0,37,1,0.05347,0.1139,0,0.78229,0.41759,0.16772,8075,3426.45557,1,0.05328,0.06209,-0.01508,0.00756,0.63031,0.43092,0.44803,12.09261,1,0.07036,0.11765,1.26855,0.00284,1,1,0.04976,0.00864,0.65454,0.69156,0.44496,16.42948,1,0.03657,0.11015,1.28575,0.00337,1,1,participant_9,question_14,Timer-Correct,True,Question,NOT_RANDOM,0
0.0,0,37,1,0.0462,0.07277,0,0.78229,0.41759,0.17554,8075,3426.45557,1,0.05302,0.06248,-0.01508,0.00756,0.63031,0.43078,0.44833,12.24713,1,0.07492,0.06114,1.28575,0.00275,1,1,0.04976,0.00864,0.65454,0.6913,0.44488,16.09205,1,0.01748,0.0844,1.30296,0.00336,1,1,participant_9,question_14,Timer-Correct,True,Other,NOT_RANDOM,0
0.0,0,37,1,0.04426,0.06167,0,0.78229,0.41759,0.18091,8075,3426.45557,1,0.05271,0.06245,-0.01508,0.00756,0.63031,0.43061,0.44822,12.40452,1,0.06469,0.05416,1.30296,0.00281,1,1,0.04976,0.00864,0.65454,0.69127,0.4449,16.11495,1,0.02382,0.06917,1.32017,0.00335,1,1,participant_9,question_14,Timer-Correct,True,Other,NOT_RANDOM,0
0.0,0,37,1,0.04161,0.05469,0,0.78229,0.41759,0.18774,8075,3426.45557,1,0.05233,0.06219,-0.01495,0.00745,0.62123,0.43041,0.44828,12.26297,1,0.0594,0.04021,1.32017,0.00272,1,1,0.04639,0.00807,0.61135,0.69119,0.44473,16.16435,1,0.02382,0.06917,1.32017,0.00335,1,1,participant_9,question_14,Timer-Correct,True,Other,NOT_RANDOM,0
0.0,0,37,1,0.05129,0.07619,0,0.78229,0.41759,0.19458,8075,3426.45557,1,0.05229,0.06265,-0.01495,0.00745,0.62123,0.43038,0.44826,12.32199,1,0.06859,0.0578,1.32017,0.00282,1,1,0.04639,0.00807,0.61135,0.6909,0.44494,16.34536,1,0.03399,0.09458,1.30296,0.00338,1,1,participant_9,question_14,Timer-Correct,True,Question,NOT_RANDOM,0
0.0,0,37,1,0.05547,0.0874,0,0.78229,0.41759,0.19458,8075,3426.45557,0,0.05742,0.09234,-0.01495,0.00745,0.62123,0.4302,0.44844,12.41397,1,0.08025,0.05719,1.30296,0.00276,1,1,0.04639,0.00807,0.61135,0.69087,0.44485,16.31629,1,0.0307,0.1176,1.28575,0.00336,1,1,participant_9,question_14,Timer-Correct,True,Question,NOT_RANDOM,0
0.0,0,37,1,0.06167,0.1039,0,0.78229,0.41759,0.19458,8075,3426.45557,0,0.05954,0.09812,-0.01484,0.00733,0.61103,0.43001,0.44848,12.09653,1,0.08776,0.07774,1.27764,0.00278,1,1,0.04647,0.00811,0.61425,0.6906,0.44496,16.17065,1,0.03557,0.13006,1.26858,0.00343,1,1,participant_9,question_14,Timer-Correct,True,Question,NOT_RANDOM,0
0.0,0,37,1,0.05903,0.1098,0,0.78229,0.41759,0.19458,8075,3426.45557,0,0.05937,0.10201,-0.01484,0.00733,0.61103,0.42974,0.44847,12.6864,1,0.07525,0.09471,1.26047,0.00277,1,1,0.04647,0.00811,0.61425,0.69044,0.44479,16.39409,1,0.0428,0.12488,1.26862,0.00335,1,1,participant_9,question_14,Timer-Correct,True,Question,NOT_RANDOM,0
0.0,0,37,1,0.07356,0.11572,0,0.78229,0.41759,0.02026,8076,3426.65698,1,0.06292,0.10544,-0.01484,0.00733,0.61103,0.42979,0.44849,12.5603,1,0.09188,0.11375,1.26051,0.00278,1,1,0.04647,0.00811,0.61425,0.69045,0.44484,16.05376,1,0.05524,0.1177,1.26866,0.00338,1,1,participant_9,question_14,Timer-Correct,True,Question,NOT_RANDOM,0
0.0,0,36,1,0.06978,0.10557,0,0.78229,0.41759,0.02661,8076,3426.65698,1,0.06429,0.10547,-0.01577,0.00774,0.64532,0.42966,0.44864,12.47522,1,0.08675,0.10009,1.27767,0.00276,1,1,0.04582,0.008,0.60632,0.69044,0.44486,16.07337,1,0.0528,0.11105,1.27767,0.00337,1,1,participant_9,question_14,Timer-Correct,True,Question,NOT_RANDOM,0
0.0,0,36,1,0.10227,0.04715,0,0.78229,0.41759,0.03345,8076,3426.65698,1,0.07062,0.09575,-0.01577,0.00774,0.64532,0.43004,0.44873,12.51411,1,0.13607,0.02372,1.2948,0.00282,1,1,0.04582,0.008,0.60632,0.69094,0.44488,16.34474,1,0.06847,0.07059,1.28665,0.00333,1,1,participant_9,question_14,Timer-Correct,True,Question,NOT_RANDOM,0
0.0,0,36,1,0.11464,0.05813,0,0.78229,0.41759,0.04004,8076,3426.65698,1,0.07691,0.09037,-0.01577,0.00774,0.64532,0.43039,0.44859,12.7789,1,0.1327,0.03416,1.30378,0.00276,1,1,0.04582,0.008,0.60632,0.69122,0.44479,16.39409,1,0.09659,0.08209,1.29563,0.00334,1,1,participant_9,question_14,Timer-Correct,True,Question,NOT_RANDOM,0
0.0,0,36,1,0.11462,0.05811,0,0.78229,0.41759,0.04663,8076,3426.65698,1,0.08162,0.08634,-0.01475,0.00724,0.60704,0.43096,0.44873,12.71086,1,0.1348,0.04095,1.29563,0.00285,1,1,0.04864,0.00848,0.64231,0.6918,0.44481,16.45615,1,0.09444,0.07527,1.30469,0.00344,1,1,participant_9,question_14,Timer-Correct,True,Question,NOT_RANDOM,0
0.0,0,36,1,0.11806,0.03976,0,0.78229,0.41759,0.05347,8076,3426.65698,1,0.08567,0.08116,-0.01475,0.00724,0.60704,0.43096,0.44873,12.71086,1,0.15916,0.02921,1.28756,0.00285,1,1,0.04864,0.00848,0.64231,0.6916,0.44468,16.56013,1,0.07696,0.0503,1.30476,0.00342,1,1,participant_9,question_14,Timer-Correct,True,Question,NOT_RANDOM,0
0.0,0,36,1,0.12803,0.04155,0,0.78229,0.41759,0.06006,8076,3426.65698,1,0.08991,0.0772,-0.01475,0.00724,0.60704,0.43092,0.44877,12.75614,1,0.14654,0.0476,1.28763,0.00281,1,1,0.04864,0.00848,0.64231,0.69149,0.44467,16.67334,1,0.10952,0.03549,1.30484,0.00339,1,1,participant_9,question_14,Timer-Correct,True,Question,NOT_RANDOM,0
0.0,0,36,1,0.12392,0.02763,0,0.78229,0.41759,0.06763,8076,3426.65698,1,0.093,0.0727,-0.01561,0.00762,0.63875,0.43065,0.4488,12.81184,1,0.14221,0.03325,1.30484,0.0029,1,1,0.04835,0.00846,0.64097,0.69134,0.44471,16.64255,1,0.10564,0.022,1.32205,0.00342,1,1,participant_9,question_14,Timer-Correct,True,Question,NOT_RANDOM,0
0.0,0,36,1,0.10674,0.02992,0,0.78229,0.41759,0.07349,8076,3426.65698,1,0.09415,0.06913,-0.01561,0.00762,0.63875,0.43025,0.44883,12.99344,1,0.14041,-0.00087,1.33918,0.00286,1,1,0.04835,0.00846,0.64097,0.69103,0.44484,16.55751,1,0.07307,0.06072,1.33918,0.00343,1,1,participant_9,question_14,Timer-Correct,True,Question,NOT_RANDOM,0
0.0,0,36,1,0.10466,0.02133,0,0.78229,0.41759,0.08032,8076,3426.65698,1,0.09495,0.06545,-0.01561,0.00762,0.63875,0.43022,0.44892,13.1703,1,0.13866,-0.0002,1.35631,0.00281,1,1,0.04835,0.00846,0.64097,0.69101,0.4448,16.42745,1,0.07067,0.04287,1.35631,0.00344,1,1,participant_9,question_14,Timer-Correct,True,Other,NOT_RANDOM,0
0.0,0,36,1,0.10259,0.0143,0,0.78229,0.41759,0.08691,8076,3426.65698,1,0.0955,0.0618,-0.01583,0.00763,0.63975,0.43001,0.44873,12.69524,1,0.13449,-0.01433,1.37344,0.00284,1,1,0.04598,0.00806,0.61083,0.69065,0.44468,16.64129,1,0.07068,0.04292,1.35623,0.00343,1,1,participant_9,question_14,Timer-Correct,True,Other,NOT_RANDOM,0
0.0,0,36,1,0.10309,0.02824,0,0.78229,0.41759,0.09424,8076,3426.65698,1,0.09601,0.05956,-0.01583,0.00763,0.63975,0.42981,0.44889,12.82226,1,0.11373,0.01449,1.35623,0.00284,1,1,0.04598,0.00806,0.61083,0.6905,0.44464,16.58758,1,0.09245,0.04199,1.33902,0.00344,1,1,participant_9,question_14,Timer-Correct,True,Question,NOT_RANDOM,0
0.0,0,36,1,0.11565,0.03956,0,0.78229,0.41759,0.1001,8076,3426.65698,1,0.09723,0.05831,-0.01583,0.00763,0.63975,0.4297,0.44897,12.7914,1,0.15092,0.01855,1.33902,0.00284,1,1,0.04598,0.00806,0.61083,0.69036,0.44469,16.47678,1,0.08037,0.06057,1.32182,0.0035,1,1,participant_9,question_14,Timer-Correct,True,Question,NOT_RANDOM,0
0.0,0,36,1,0.11979,0.05313,0,0.78229,0.41759,0.10669,8076,3426.65698,1,0.09856,0.05801,-0.01592,0.00758,0.63557,0.4294,0.44879,12.82607,1,0.15503,0.03273,1.32182,0.00284,1,1,0.04567,0.00804,0.60909,0.69012,0.44458,16.85958,1,0.08455,0.07352,1.30461,0.00348,1,1,participant_9,question_14,Timer-Correct,True,Question,NOT_RANDOM,0
0.0,0,36,1,0.12262,0.07714,0,0.78229,0.41759,0.11377,8076,3426.65698,1,0.0999,0.05907,-0.01592,0.00758,0.63557,0.42922,0.44886,12.87117,1,0.13986,0.04436,1.30461,0.00292,1,1,0.04567,0.00804,0.60909,0.68997,0.44454,16.6646,1,0.10539,0.10992,1.30461,0.0035,1,1,participant_9,question_14,Timer-Correct,True,Question,NOT_RANDOM,0
0.0,0,36,1,0.11288,0.07677,0,0.78229,0.41759,0.12061,8076,3426.65698,1,0.10058,0.06,-0.01592,0.00758,0.63557,0.42913,0.44893,12.88985,1,0.12525,0.05672,1.30461,0.00286,1,1,0.04567,0.00804,0.60909,0.68976,0.44472,16.94955,1,0.10052,0.09683,1.30461,0.00347,1,1,participant_9,question_14,Timer-Correct,True,Question,NOT_RANDOM,0
0.0,0,36,1,0.11514,0.08373,0,0.78229,0.41759,0.1272,8076,3426.65698,1,0.10131,0.06119,-0.0154,0.00729,0.6113,0.42877,0.44892,13.02217,1,0.12977,0.07068,1.28748,0.00287,1,1,0.04854,0.00856,0.64868,0.68956,0.44453,16.82443,1,0.1005,0.09677,1.30469,0.00354,1,1,participant_9,question_14,Timer-Correct,True,Question,NOT_RANDOM,0
0.0,0,36,1,0.11164,0.0815,0,0.78229,0.41759,0.13354,8076,3426.65698,1,0.1018,0.06216,-0.0154,0.00729,0.6113,0.42859,0.44892,13.03019,1,0.14883,0.06137,1.28756,0.00284,1,1,0.04854,0.00856,0.64868,0.68932,0.44454,17.05757,1,0.07444,0.10162,1.30477,0.00346,1,1,participant_9,question_14,Timer-Correct,True,Question,NOT_RANDOM,0
0.0,0,36,1,0.11475,0.07533,0,0.78229,0.41759,0.14087,8076,3426.65698,1,0.10239,0.06275,-0.0154,0.00729,0.6113,0.42851,0.44894,13.19028,1,0.14275,0.06129,1.28764,0.00289,1,1,0.04854,0.00856,0.64868,0.6892,0.44447,16.95504,1,0.08675,0.08937,1.30484,0.00346,1,1,participant_9,question_14,Timer-Correct,True,Question,NOT_RANDOM,0
0.0,0,36,1,0.11381,0.07228,0,0.78229,0.41759,0.14746,8076,3426.65698,1,0.10289,0.06317,-0.01587,0.00745,0.6245,0.42814,0.44889,13.09945,1,0.14067,0.05455,1.29583,0.00287,1,1,0.04639,0.00825,0.62182,0.68901,0.44434,16.79305,1,0.08696,0.09001,1.30398,0.00349,1,1,participant_9,question_14,Timer-Correct,True,Question,NOT_RANDOM,0
0.0,0,36,1,0.12539,0.06624,0,0.78229,0.41759,0.15381,8076,3426.65698,1,0.10382,0.0633,-0.01587,0.00745,0.6245,0.42801,0.44891,13.3016,1,0.15928,0.04342,1.31209,0.00285,1,1,0.04639,0.00825,0.62182,0.68869,0.44449,16.98757,1,0.09149,0.08906,1.30304,0.00354,1,1,participant_9,question_14,Timer-Correct,True,Question,NOT_RANDOM,0
0.0,0,36,1,0.11747,0.07851,0,0.78229,0.41759,0.1604,8076,3426.65698,1,0.10437,0.06391,-0.01587,0.00745,0.6245,0.42789,0.44892,13.18072,1,0.14879,0.05901,1.31115,0.0028,1,1,0.04639,0.00825,0.62182,0.68874,0.44448,16.88261,1,0.08615,0.09801,1.30209,0.00357,1,1,participant_9,question_14,Timer-Correct,True,Question,NOT_RANDOM,0
0.0,0,36,1,0.11649,0.07527,0,0.78229,0.41759,0.16699,8076,3426.65698,1,0.10483,0.06434,-0.01635,0.00761,0.63778,0.42764,0.44911,13.30257,1,0.14681,0.05246,1.31922,0.00284,1,1,0.04484,0.008,0.60284,0.68838,0.44436,17.15362,1,0.08617,0.09807,1.30202,0.0035,1,1,participant_9,question_14,Timer-Correct,True,Question,NOT_RANDOM,0
0.0,0,36,1,0.12152,0.07673,0,0.78229,0.41759,0.17383,8076,3426.65698,1,0.10545,0.0648,-0.01635,0.00761,0.63778,0.42756,0.44914,13.25758,1,0.13468,0.069,1.31103,0.0029,1,1,0.04484,0.008,0.60284,0.68824,0.44431,16.83578,1,0.10837,0.08446,1.30288,0.0035,1,1,participant_9,question_14,Timer-Correct,True,Question,NOT_RANDOM,0
0.0,0,36,1,0.10979,0.08215,0,0.78229,0.41759,0.18066,8076,3426.65698,1,0.10561,0.06542,-0.01635,0.00761,0.63778,0.4274,0.44924,13.28233,1,0.11968,0.07268,1.3119,0.00289,1,1,0.04484,0.008,0.60284,0.688,0.44446,16.97143,1,0.09989,0.09163,1.30375,0.0036,1,1,participant_9,question_14,Timer-Correct,True,Question,NOT_RANDOM,0
0.0,0,36,1,0.10981,0.08204,0,0.78229,0.41759,0.18726,8076,3426.65698,1,0.10575,0.06599,-0.01625,0.0074,0.62818,0.42711,0.44926,13.39905,1,0.12185,0.07918,1.30375,0.00289,1,1,0.04787,0.00861,0.64488,0.68792,0.44437,17.14927,1,0.09777,0.0849,1.3128,0.00351,1,1,participant_9,question_14,Timer-Correct,True,Question,NOT_RANDOM,0
0.0,0,36,1,0.11179,0.07847,0,0.78229,0.41759,0.19409,8076,3426.65698,1,0.10595,0.06641,-0.01625,0.0074,0.62818,0.42701,0.44937,13.39638,1,0.15026,0.08,1.30379,0.00285,1,1,0.04787,0.00861,0.64488,0.68791,0.44435,17.28838,1,0.07331,0.07694,1.32099,0.00353,1,1,participant_9,question_14,Timer-Correct,True,Question,NOT_RANDOM,0
0.0,0,36,1,0.11341,0.07077,0,0.78229,0.41759,0.20068,8076,3426.65698,1,0.10619,0.06655,-0.01625,0.0074,0.62818,0.42689,0.44932,13.45446,1,0.13954,0.08236,1.31198,0.00287,1,1,0.04787,0.00861,0.64488,0.68772,0.44429,17.09614,1,0.08728,0.05918,1.32918,0.0035,1,1,participant_9,question_14,Timer-Correct,True,Question,NOT_RANDOM,0
0.0,0,36,1,0.11028,0.0609,0,0.78229,0.41759,0.20728,8076,3426.65698,1,0.10632,0.06637,-0.01667,0.00752,0.6427,0.42676,0.44924,13.1588,1,0.1352,0.06873,1.32918,0.00293,1,1,0.0467,0.00843,0.63111,0.6875,0.44419,17.13607,1,0.08536,0.05307,1.33733,0.00352,1,1,participant_9,question_14,Timer-Correct,True,Question,NOT_RANDOM,0
0.0,0,36,1,0.1084,0.0497,0,0.78229,0.41759,0.21411,8076,3426.65698,1,0.10638,0.06587,-0.01667,0.00752,0.6427,0.42675,0.44928,13.13448,1,0.12126,0.05126,1.34635,0.00292,1,1,0.0467,0.00843,0.63111,0.68735,0.44411,17.12625,1,0.09555,0.04813,1.33729,0.00351,1,1,participant_9,question_14,Timer-Correct,True,Question,NOT_RANDOM,0
0.0,0,36,1,0.10306,0.04506,0,0.78229,0.41759,0.22095,8076,3426.65698,1,0.10629,0.06526,-0.01667,0.00752,0.6427,0.42667,0.44931,13.20857,1,0.11522,0.04985,1.34631,0.00289,1,1,0.0467,0.00843,0.63111,0.68735,0.44411,17.12625,1,0.0909,0.04028,1.33725,0.00351,1,1,participant_9,question_14,Timer-Correct,True,Question,NOT_RANDOM,0
0.0,0,36,1,0.10626,0.05496,0,0.78229,0.41759,0.22754,8076,3426.65698,1,0.10629,0.06496,-0.01588,0.00717,0.60867,0.4264,0.44921,13.2489,1,0.11973,0.06347,1.32914,0.00294,1,1,0.0478,0.00868,0.64662,0.68724,0.44417,17.21464,1,0.09279,0.04644,1.32914,0.0035,1,1,participant_9,question_14,Timer-Correct,True,Question,NOT_RANDOM,0
0.0,0,36,1,0.12317,0.0536,0,0.78229,0.41759,0.23438,8076,3426.65698,1,0.10676,0.06465,-0.01588,0.00717,0.60867,0.4264,0.44921,13.2489,1,0.16264,0.06257,1.31201,0.00294,1,1,0.0478,0.00868,0.64662,0.68718,0.44416,17.15476,1,0.08369,0.04463,1.32107,0.00352,1,1,participant_9,question_14,Timer-Correct,True,Question,NOT_RANDOM,0
0.0,0,36,1,0.11779,0.06106,0,0.78229,0.41759,0.24097,8076,3426.65698,1,0.10705,0.06455,-0.01588,0.00717,0.60867,0.42638,0.44917,13.38877,1,0.15377,0.07527,1.30394,0.00293,1,1,0.0478,0.00868,0.64662,0.68714,0.44401,16.91127,1,0.08182,0.04685,1.31299,0.00356,1,1,participant_9,question_14,Timer-Correct,True,Question,NOT_RANDOM,0
0.0,0,36,1,0.11888,0.0645,0,0.78229,0.41759,0.24731,8076,3426.65698,1,0.10736,0.06455,-0.01668,0.0075,0.63729,0.42629,0.44902,13.1852,1,0.15376,0.07524,1.30398,0.00289,1,1,0.04605,0.00842,0.62348,0.68707,0.4439,17.16751,1,0.08401,0.05377,1.30398,0.00354,1,1,participant_9,question_14,Timer-Correct,True,Question,NOT_RANDOM,0
0.0,0,36,1,0.11316,0.05237,0,0.78229,0.41759,0.25513,8076,3426.65698,1,0.10751,0.06424,-0.01668,0.0075,0.63729,0.42618,0.4491,13.53676,1,0.14873,0.05679,1.31209,0.00288,1,1,0.04605,0.00842,0.62348,0.68712,0.44385,17.25104,1,0.07759,0.04794,1.30304,0.00362,1,1,participant_9,question_14,Timer-Correct,True,Question,NOT_RANDOM,0
0.0,0,36,1,0.11308,0.04712,0,0.78229,0.41759,0.26099,8076,3426.65698,1,0.10765,0.06381,-0.01668,0.0075,0.63729,0.4262,0.44904,13.11548,1,0.14658,0.0498,1.31115,0.00291,1,1,0.04605,0.00842,0.62348,0.68692,0.44387,17.26382,1,0.07959,0.04443,1.30209,0.00351,1,1,participant_9,question_14,Timer-Correct,True,Question,NOT_RANDOM,0
0.0,0,36,1,0.11209,0.04385,0,0.78229,0.41759,0.26758,8076,3426.65698,1,0.10776,0.06332,-0.01667,0.00758,0.63528,0.42609,0.44904,13.27159,1,0.14458,0.0432,1.31922,0.00287,1,1,0.04438,0.00812,0.60159,0.68691,0.44383,17.08158,1,0.0796,0.04449,1.30202,0.00352,1,1,participant_9,question_14,Timer-Correct,True,Question,NOT_RANDOM,0
0.0,0,36,1,0.11497,0.05773,0,0.78229,0.41759,0.27393,8076,3426.65698,1,0.10793,0.06319,-0.01667,0.00758,0.63528,0.42604,0.44903,13.18157,1,0.13418,0.06737,1.31103,0.00296,1,1,0.04438,0.00812,0.60159,0.6869,0.44381,17.14146,1,0.09576,0.04808,1.30288,0.00352,1,1,participant_9,question_14,Timer-Correct,True,Question,NOT_RANDOM,0
0.0,0,36,1,0.11218,0.04674,0,0.78229,0.41759,0.28076,8076,3426.65698,1,0.10803,0.06281,-0.01667,0.00758,0.63528,0.42604,0.44903,13.18157,1,0.13185,0.05268,1.3119,0.00296,1,1,0.04438,0.00812,0.60159,0.68686,0.44376,17.09585,1,0.09251,0.0408,1.30375,0.00355,1,1,participant_9,question_14,Timer-Correct,True,Question,NOT_RANDOM,0
0.0,0,36,1,0.11197,0.04605,0,0.78229,0.41759,0.2876,8076,3426.65698,1,0.10812,0.06242,-0.01667,0.00758,0.63528,0.42602,0.44898,13.46245,1,0.13163,0.05198,1.31276,0.00294,1,1,0.04438,0.00812,0.60159,0.68669,0.44375,16.86626,1,0.0923,0.04013,1.30461,0.00358,1,1,participant_9,question_14,Timer-Correct,True,Question,NOT_RANDOM,0
0.0,0,36,1,0.12036,0.06545,0,0.78229,0.41759,0.29443,8076,3426.65698,1,0.10839,0.06249,-0.01667,0.00758,0.63528,0.42603,0.44889,13.362,1,0.1328,0.06675,1.30461,0.00295,1,1,0.04438,0.00812,0.60159,0.68674,0.44355,17.30187,1,0.10791,0.06414,1.30461,0.00351,1,1,participant_9,question_14,Timer-Correct,True,Question,NOT_RANDOM,0
0.0,0,36,1,0.12327,0.08418,0,0.78229,0.41759,0.30127,8076,3426.65698,1,0.10872,0.06296,-0.01667,0.00758,0.63528,0.42604,0.44899,13.19388,1,0.1382,0.05269,1.30461,0.00296,1,1,0.04438,0.00812,0.60159,0.68675,0.44358,17.11709,1,0.10834,0.11568,1.30461,0.00351,1,1,participant_9,question_14,Timer-Correct,True,Question,NOT_RANDOM,0
0.0,0,36,1,0.12233,0.08123,0,0.78229,0.41759,0.30786,8076,3426.65698,1,0.10901,0.06335,-0.01667,0.00758,0.63528,0.42601,0.44885,13.48633,1,0.1382,0.05269,1.30461,0.00294,1,1,0.04619,0.00846,0.62674,0.68666,0.4436,17.13062,1,0.10647,0.10976,1.31276,0.00356,1,1,participant_9,question_14,Timer-Correct,True,Question,NOT_RANDOM,0
0.0,0,36,1,0.11518,0.05941,0,0.78229,0.41759,0.3147,8076,3426.65698,1,0.10913,0.06327,-0.01667,0.00758,0.63528,0.42594,0.44899,13.53429,1,0.12919,0.0613,1.31276,0.00286,1,1,0.04619,0.00846,0.62674,0.68657,0.44366,17.17908,1,0.10117,0.05752,1.32091,0.00351,1,1,participant_9,question_14,Timer-Correct,True,Question,NOT_RANDOM,0
0.0,0,36,1,0.11263,0.04924,0,0.78229,0.41759,0.32129,8076,3426.65698,1,0.11028,0.06237,-0.01667,0.00758,0.63528,0.42585,0.44899,13.65009,1,0.12718,0.04846,1.32091,0.0029,1,1,0.04619,0.00846,0.62674,0.68658,0.44359,17.03534,1,0.09807,0.05003,1.32906,0.00355,1,1,participant_9,question_14,Timer-Correct,True,Question,NOT_RANDOM,0
0.0,0,36,1,0.1118,0.04649,0,0.78229,0.41759,0.32788,8076,3426.65698,1,0.11133,0.06118,-0.01642,0.00739,0.62393,0.42571,0.44901,13.36804,1,0.12741,0.04916,1.32005,0.00284,1,1,0.04708,0.00863,0.6394,0.68656,0.44365,17.14378,1,0.0962,0.04382,1.33725,0.00351,1,1,participant_9,question_14,Timer-Correct,True,Question,NOT_RANDOM,0
0.0,0,36,1,0.10973,0.04965,0,0.78229,0.41759,0.33472,8076,3426.65698,1,0.11239,0.05992,-0.01642,0.00739,0.62393,0.42572,0.44914,13.34041,1,0.12543,0.05465,1.32824,0.00288,1,1,0.04708,0.00863,0.6394,0.68658,0.44362,17.15509,1,0.09402,0.04465,1.33729,0.00351,1,1,participant_9,question_14,Timer-Correct,True,Question,NOT_RANDOM,0
0.0,0,36,1,0.10514,0.05118,0,0.78229,0.41759,0.3418,8076,3426.65698,1,0.11304,0.05858,-0.01642,0.00739,0.62393,0.42566,0.44909,13.35014,1,0.11491,0.05771,1.32828,0.00288,1,1,0.04708,0.00863,0.6394,0.68653,0.44372,17.05535,1,0.09537,0.04464,1.33733,0.0035,1,1,participant_9,question_14,Timer-Correct,True,Question,NOT_RANDOM,0
0.0,0,36,1,0.10513,0.05115,0,0.78229,0.41759,0.34814,8076,3426.65698,1,0.11378,0.05744,-0.01649,0.00738,0.6265,0.42566,0.44909,13.35014,1,0.1149,0.05768,1.32832,0.00288,1,1,0.04708,0.00863,0.6394,0.68651,0.44373,17.03659,1,0.09536,0.04461,1.33738,0.00351,1,1,participant_9,question_14,Timer-Correct,True,Question,NOT_RANDOM,0
0.0,0,36,1,0.10327,0.0537,0,0.78229,0.41759,0.35449,8076,3426.65698,1,0.1138,0.05758,-0.01649,0.00738,0.6265,0.42576,0.44916,13.00984,1,0.11505,0.04501,1.33738,0.00289,1,1,0.04708,0.00863,0.6394,0.68653,0.44361,17.08607,1,0.09149,0.06239,1.33738,0.00352,1,1,participant_9,question_14,Timer-Correct,True,Question,NOT_RANDOM,0
0.0,0,36,1,0.10232,0.05499,0,0.78229,0.41759,0.36084,8076,3426.65698,1,0.11354,0.05752,-0.01649,0.00738,0.6265,0.42577,0.4492,13.08914,1,0.11457,0.0594,1.33738,0.00289,1,1,0.04708,0.00863,0.6394,0.68649,0.44372,17.0258,1,0.09007,0.05059,1.33738,0.0035,1,1,participant_9,question_14,Timer-Correct,True,Question,NOT_RANDOM,0
0.0,0,36,1,0.10232,0.05499,0,0.78229,0.41759,0.36841,8076,3426.65698,1,0.11329,0.05745,-0.01642,0.0073,0.62393,0.42585,0.44925,13.21858,1,0.11457,0.0594,1.33738,0.00289,1,1,0.04708,0.00863,0.6394,0.68649,0.44372,17.0258,1,0.09007,0.05059,1.33738,0.0035,1,1,participant_9,question_14,Timer-Correct,True,Question,NOT_RANDOM,0
0.0,0,36,1,0.10426,0.04418,0,0.78229,0.41759,0.375,8076,3426.65698,1,0.113,0.05754,-0.01642,0.0073,0.62393,0.42579,0.44923,13.3924,1,0.11977,0.0612,1.33738,0.0029,1,1,0.04708,0.00863,0.6394,0.68653,0.44377,17.17193,1,0.08874,0.02717,1.33738,0.0035,1,1,participant_9,question_14,Timer-Correct,True,Question,NOT_RANDOM,0
0.0,0,36,1,0.10238,0.06529,0,0.78229,0.41759,0.38159,8076,3426.65698,1,0.11247,0.05804,-0.01642,0.0073,0.62393,0.42583,0.44928,13.29059,1,0.11554,0.07495,1.33738,0.00288,1,1,0.04708,0.00863,0.6394,0.68654,0.44381,17.00596,1,0.08921,0.05564,1.33738,0.00351,1,1,participant_9,question_14,Timer-Correct,True,Question,NOT_RANDOM,0
0.0,0,36,1,0.10238,0.06529,0,0.78229,0.41759,0.38818,8076,3426.65698,1,0.11202,0.05882,-0.01642,0.0073,0.62393,0.42579,0.44933,13.21219,1,0.11554,0.07495,1.33738,0.00285,1,1,0.04708,0.00863,0.6394,0.68652,0.44386,17.08158,1,0.08921,0.05564,1.33738,0.00352,1,1,participant_9,question_14,Timer-Correct,True,Question,NOT_RANDOM,0
0.0,0,36,1,0.10451,0.05675,0,0.78229,0.41759,0.39478,8076,3426.65698,1,0.11197,0.05938,-0.01642,0.0073,0.62393,0.42582,0.44935,13.31269,1,0.11497,0.09125,1.33738,0.00285,1,1,0.04708,0.00863,0.6394,0.68656,0.44393,16.99472,1,0.09404,0.02226,1.33738,0.00353,1,1,participant_9,question_14,Timer-Correct,True,Question,NOT_RANDOM,0
0.0,0,36,1,0.11573,0.05118,0,0.78229,0.41759,0.40161,8076,3426.65698,1,0.1122,0.06,-0.01642,0.0073,0.62393,0.42587,0.44934,13.18602,1,0.12901,0.07279,1.33738,0.00289,1,1,0.04708,0.00863,0.6394,0.68655,0.44398,17.11061,1,0.10245,0.02957,1.33738,0.00353,1,1,participant_9,question_14,Timer-Correct,True,Question,NOT_RANDOM,0
0.0,0,36,1,0.11458,0.04766,0,0.78229,0.41759,0.40845,8076,3426.65698,1,0.11245,0.0607,-0.01689,0.00753,0.6436,0.42598,0.44939,13.24469,1,0.12671,0.06573,1.34639,0.00291,1,1,0.04619,0.00846,0.62674,0.68657,0.44404,17.28066,1,0.10246,0.0296,1.33733,0.00352,1,1,participant_9,question_14,Timer-Correct,True,Question,NOT_RANDOM,0
0.0,0,36,1,0.11984,0.02412,0,0.78229,0.41759,0.41504,8076,3426.65698,1,0.1128,0.06061,-0.01689,0.00753,0.6436,0.426,0.44942,13.3328,1,0.13043,0.01488,1.34635,0.00291,1,1,0.04619,0.00846,0.62674,0.68663,0.44408,17.33207,1,0.10925,0.03336,1.33729,0.00352,1,1,participant_9,question_14,Timer-Correct,True,Other,NOT_RANDOM,0
0.0,0,36,1,0.10001,0.02896,0,0.78229,0.41759,0.42188,8076,3426.65698,1,0.11247,0.06039,-0.01689,0.00753,0.6436,0.42604,0.44939,13.0895,1,0.13681,0.02389,1.34631,0.00294,1,1,0.04619,0.00846,0.62674,0.68682,0.44406,17.23864,1,0.0632,0.03403,1.33725,0.00355,1,1,participant_9,question_14,Timer-Correct,True,Question,NOT_RANDOM,0
0.0,0,36,1,0.10103,0.03209,0,0.78229,0.41759,0.42847,8076,3426.65698,1,0.11208,0.05995,-0.01689,0.00753,0.6436,0.42616,0.44946,13.22787,1,0.13682,0.02392,1.34627,0.00293,1,1,0.04438,0.00812,0.60159,0.68688,0.44405,17.14378,1,0.06524,0.04026,1.32906,0.00351,1,1,participant_9,question_14,Timer-Correct,True,Question,NOT_RANDOM,0
0.0,0,36,1,0.10136,0.0412,0,0.78229,0.41759,0.4353,8076,3426.65698,1,0.11164,0.0592,-0.01689,0.00753,0.6436,0.42615,0.4495,13.19615,1,0.12501,0.04802,1.32906,0.00292,1,1,0.04438,0.00812,0.60159,0.68687,0.44402,17.25531,1,0.07772,0.03437,1.32091,0.00352,1,1,participant_9,question_14,Timer-Correct,True,Question,NOT_RANDOM,0
0.0,0,36,1,0.10625,0.06017,0,0.78229,0.41759,0.44189,8076,3426.65698,1,0.1115,0.05886,-0.01689,0.00753,0.6436,0.42622,0.44944,13.30933,1,0.12499,0.05864,1.32091,0.00291,1,1,0.04438,0.00812,0.60159,0.6869,0.44416,17.39799,1,0.08751,0.0617,1.31276,0.00353,1,1,participant_9,question_14,Timer-Correct,True,Question,NOT_RANDOM,0
0.0,0,36,1,0.10957,0.07049,0,0.78229,0.41759,0.44873,8076,3426.65698,1,0.11139,0.05858,-0.01613,0.00726,0.62013,0.42636,0.44959,12.95942,1,0.12947,0.07244,1.30375,0.00288,1,1,0.04605,0.00842,0.62348,0.68707,0.4443,17.40404,1,0.08967,0.06854,1.30375,0.00355,1,1,participant_9,question_14,Timer-Correct,True,Question,NOT_RANDOM,0
0.0,0,36,1,0.12011,0.05114,0,0.78229,0.41759,0.45557,8076,3426.65698,1,0.11156,0.05795,-0.01613,0.00726,0.62013,0.42649,0.4496,13.21891,1,0.1489,0.03434,1.29473,0.00295,1,1,0.04605,0.00842,0.62348,0.68717,0.44414,17.09612,1,0.09132,0.06794,1.30288,0.00353,1,1,participant_9,question_14,Timer-Correct,True,Question,NOT_RANDOM,0
0.0,0,36,1,0.1177,0.05051,0,0.78229,0.41759,0.46216,8076,3426.65698,1,0.11162,0.05743,-0.01613,0.00726,0.62013,0.42662,0.44947,13.47047,1,0.13333,0.03783,1.29387,0.0029,1,1,0.04605,0.00842,0.62348,0.68714,0.44433,17.22152,1,0.10207,0.06318,1.30202,0.00358,1,1,participant_9,question_14,Timer-Correct,True,Question,NOT_RANDOM,0
0.0,0,36,1,0.1157,0.04398,0,0.78229,0.41759,0.46875,8076,3426.65698,1,0.11166,0.05684,-0.01667,0.00752,0.6427,0.42665,0.44954,13.44465,1,0.13121,0.03102,1.30202,0.00288,1,1,0.04548,0.00825,0.61452,0.68724,0.44429,17.09631,1,0.10019,0.05695,1.31017,0.00364,1,1,participant_9,question_14,Timer-Correct,True,Question,NOT_RANDOM,0
0.0,0,36,1,0.11337,0.0436,0,0.78229,0.41759,0.47534,8076,3426.65698,1,0.11141,0.05637,-0.01667,0.00752,0.6427,0.42675,0.44966,13.34635,1,0.13876,0.02352,1.31918,0.00288,1,1,0.04548,0.00825,0.61452,0.68751,0.44416,17.18141,1,0.08798,0.06368,1.31918,0.00352,1,1,participant_9,question_14,Timer-Correct,True,Question,NOT_RANDOM,0
0.0,0,36,1,0.10571,0.05344,0,0.78229,0.41759,0.48413,8076,3426.65698,1,0.11117,0.05585,-0.01667,0.00752,0.6427,0.4269,0.44955,13.15156,1,0.12703,0.05335,1.3282,0.00291,1,1,0.04548,0.00825,0.61452,0.68762,0.44418,17.35916,1,0.08438,0.05352,1.3282,0.00354,1,1,participant_9,question_14,Timer-Correct,True,Question,NOT_RANDOM,0
0.0,0,36,1,0.10463,0.05002,0,0.78229,0.41759,0.49048,8076,3426.65698,1,0.11092,0.05532,-0.01611,0.00733,0.62634,0.42718,0.44958,13.55723,1,0.12703,0.05335,1.3282,0.00296,1,1,0.04787,0.00861,0.64488,0.68793,0.44429,17.29585,1,0.08222,0.04669,1.33725,0.00356,1,1,participant_9,question_14,Timer-Correct,True,Question,NOT_RANDOM,0
0.0,0,36,1,0.12124,0.01887,0,0.78229,0.41759,0.49536,8076,3426.65698,1,0.11091,0.05412,-0.01611,0.00733,0.62634,0.42731,0.44965,13.41927,1,0.15271,-0.00182,1.32824,0.00293,1,1,0.04787,0.00861,0.64488,0.68805,0.44414,17.09135,1,0.08978,0.03957,1.33729,0.00356,1,1,participant_9,question_14,Timer-Correct,True,Other,NOT_RANDOM,0
0.0,0,36,1,0.11914,0.02764,0,0.78229,0.41759,0.50171,8076,3426.65698,1,0.11111,0.05298,-0.01611,0.00733,0.62634,0.42743,0.44962,13.27443,1,0.13653,0.00949,1.32828,0.00288,1,1,0.04787,0.00861,0.64488,0.6881,0.44417,17.00469,1,0.10175,0.04579,1.33733,0.00356,1,1,participant_9,question_14,Timer-Correct,True,Question,NOT_RANDOM,0
0.0,0,36,1,0.11801,0.02386,0,0.78229,0.41759,0.50854,8076,3426.65698,1,0.11128,0.05177,-0.01635,0.00746,0.63777,0.42764,0.44959,13.35526,1,0.13426,0.00193,1.33733,0.00291,1,1,0.04588,0.0082,0.61754,0.68819,0.44414,17.21483,1,0.10175,0.04579,1.33733,0.00355,1,1,participant_9,question_14,Timer-Correct,True,Other,NOT_RANDOM,0
0.0,0,36,1,0.11564,0.02138,0,0.78229,0.41759,0.51538,8076,3426.65698,1,0.11136,0.05058,-0.01635,0.00746,0.63777,0.4277,0.44948,13.198,1,0.14466,-0.0143,1.34635,0.00294,1,1,0.04588,0.0082,0.61754,0.68841,0.44427,17.07074,1,0.08661,0.05705,1.33729,0.00357,1,1,participant_9,question_14,Timer-Correct,True,Other,NOT_RANDOM,0
0.0,0,36,1,0.10091,0.03579,0,0.78229,0.41759,0.52173,8076,3426.65698,1,0.1111,0.04985,-0.01635,0.00746,0.63777,0.42783,0.44955,13.53391,1,0.12903,0.01526,1.34631,0.00292,1,1,0.04588,0.0082,0.61754,0.68843,0.44426,17.01064,1,0.07278,0.05632,1.33725,0.00356,1,1,participant_9,question_14,Timer-Correct,True,Question,NOT_RANDOM,0
0.0,0,36,1,0.10517,0.04923,0,0.78229,0.41759,0.52905,8076,3426.65698,1,0.11099,0.04961,-0.01548,0.00711,0.60727,0.428,0.44956,13.65892,1,0.13337,0.02933,1.32914,0.00296,1,1,0.04643,0.00828,0.6236,0.68863,0.4443,17.2258,1,0.07698,0.06914,1.32008,0.00354,1,1,participant_9,question_14,Timer-Correct,True,Question,NOT_RANDOM,0
0.0,0,36,1,0.1276,0.07732,0,0.78229,0.41759,0.53564,8076,3426.65698,1,0.11139,0.05018,-0.01548,0.00711,0.60727,0.42796,0.44964,13.55396,1,0.15369,0.0682,1.30295,0.00295,1,1,0.04643,0.00828,0.6236,0.68867,0.44433,17.27513,1,0.10152,0.08644,1.30295,0.00354,1,1,participant_9,question_14,Timer-Correct,True,Question,NOT_RANDOM,0
0.0,0,36,1,0.12575,0.06893,0,0.78229,0.41759,0.54224,8076,3426.65698,1,0.11187,0.05068,-0.01548,0.00711,0.60727,0.42812,0.44959,13.44459,1,0.15595,0.03954,1.28582,0.00296,1,1,0.04643,0.00828,0.6236,0.68866,0.44435,17.29295,1,0.09554,0.09833,1.28582,0.00353,1,1,participant_9,question_14,Timer-Correct,True,Question,NOT_RANDOM,0
0.0,0,36,1,0.12685,0.07272,0,0.78229,0.41759,0.54883,8076,3426.65698,1,0.1123,0.05105,-0.01594,0.00734,0.62697,0.42809,0.44963,13.34303,1,0.15816,0.04714,1.27681,0.00295,1,1,0.04868,0.00867,0.65319,0.6886,0.4444,17.29129,1,0.09553,0.0983,1.28586,0.00352,1,1,participant_9,question_14,Timer-Correct,True,Question,NOT_RANDOM,0
0.0,0,36,1,0.10068,0.09071,0,0.78229,0.41759,0.55566,8076,3426.65698,1,0.11183,0.05183,-0.01594,0.00734,0.62697,0.4278,0.44947,13.22957,1,0.13772,0.07405,1.29398,0.00291,1,1,0.04868,0.00867,0.65319,0.68839,0.44436,17.11652,1,0.06363,0.10736,1.30304,0.00351,1,1,participant_9,question_14,Timer-Correct,True,Question,NOT_RANDOM,0
0.0,0,36,1,0.09614,0.08168,0,0.78229,0.41759,0.56226,8076,3426.65698,1,0.11138,0.05225,-0.01594,0.00734,0.62697,0.42793,0.44966,13.92353,1,0.11543,0.07907,1.31115,0.00289,1,1,0.04868,0.00867,0.65319,0.68867,0.44438,17.29882,1,0.07686,0.08429,1.32021,0.00354,1,1,participant_9,question_14,Timer-Correct,True,Question,NOT_RANDOM,0
0.0,0,36,1,0.08941,0.06168,0,0.78229,0.41759,0.56909,8076,3426.65698,1,0.11076,0.0522,-0.01622,0.00749,0.64008,0.42797,0.44956,13.57405,1,0.10837,0.05831,1.33733,0.00297,1,1,0.04868,0.00867,0.65319,0.68864,0.44436,17.17555,1,0.07045,0.06504,1.34639,0.00354,1,1,participant_9,question_14,Timer-Correct,True,Question,NOT_RANDOM,0
0.0,0,36,1,0.10317,0.03912,0,0.78229,0.41759,0.57568,8076,3426.65698,1,0.11055,0.05192,-0.01622,0.00749,0.64008,0.42808,0.44962,13.37714,1,0.11994,0.02582,1.35541,0.00294,1,1,0.04868,0.00867,0.65319,0.68866,0.44439,17.24107,1,0.0864,0.05243,1.35541,0.00351,1,1,participant_9,question_14,Timer-Correct,True,Question,NOT_RANDOM,0
0.0,0,36,1,0.08654,0.03315,0,0.78229,0.41759,0.58228,8076,3426.65698,1,0.11,0.05163,-0.01622,0.00749,0.64008,0.42808,0.44964,13.34407,1,0.10818,0.01443,1.36442,0.00294,1,1,0.04868,0.00867,0.65319,0.6887,0.44449,16.96851,1,0.06489,0.05186,1.36442,0.00355,1,1,participant_9,question_14,Timer-Correct,True,Question,NOT_RANDOM,0
0.0,0,36,1,0.0897,0.04272,0,0.78229,0.41759,0.58911,8076,3426.65698,1,0.10953,0.05161,-0.01526,0.00709,0.60582,0.42849,0.44949,13.28972,1,0.11032,0.02098,1.35631,0.00296,1,1,0.0464,0.00819,0.62076,0.689,0.44454,17.29572,1,0.06908,0.06446,1.34725,0.0035,1,1,participant_9,question_14,Timer-Correct,True,Question,NOT_RANDOM,0
0.0,0,36,1,0.09131,0.05939,0,0.78229,0.41759,0.59595,8076,3426.65698,1,0.10904,0.05164,-0.01526,0.00709,0.60582,0.42854,0.44945,13.23978,1,0.12088,0.02754,1.33012,0.00288,1,1,0.0464,0.00819,0.62076,0.6891,0.44439,17.13346,1,0.06173,0.09124,1.32107,0.0035,1,1,participant_9,question_14,Timer-Correct,True,Question,NOT_RANDOM,0
0.0,0,36,1,0.10112,0.09942,0,0.78229,0.41759,0.60229,8076,3426.65698,1,0.10881,0.05274,-0.01526,0.00709,0.60582,0.42862,0.4494,13.33176,1,0.11605,0.09094,1.30394,0.00288,1,1,0.0464,0.00819,0.62076,0.68925,0.44438,17.11983,1,0.0862,0.1079,1.29488,0.00346,1,1,participant_9,question_14,Timer-Correct,True,Question,NOT_RANDOM,0
0.0,0,36,1,0.10346,0.10632,0,0.78229,0.41759,0.60913,8076,3426.65698,1,0.10863,0.05399,-0.01592,0.00744,0.63557,0.42875,0.44938,13.31247,1,0.1185,0.09809,1.29488,0.003,1,1,0.04709,0.00835,0.62864,0.68943,0.44438,17.12545,1,0.08842,0.11455,1.28582,0.00356,1,1,participant_9,question_14,Timer-Correct,True,Question,NOT_RANDOM,0
0.0,0,36,1,0.12305,0.08911,0,0.78229,0.41759,0.61597,8076,3426.65698,1,0.10869,0.05449,-0.01592,0.00744,0.63557,0.42891,0.44956,13.34219,1,0.13952,0.08602,1.30295,0.00299,1,1,0.04709,0.00835,0.62864,0.6895,0.44438,17.20029,1,0.10658,0.09221,1.30295,0.0035,1,1,participant_9,question_14,Timer-Correct,True,Question,NOT_RANDOM,0
0.0,0,36,1,0.1086,0.07933,0,0.78229,0.41759,0.62378,8076,3426.65698,1,0.10838,0.05439,-0.01592,0.00744,0.63557,0.42907,0.4493,13.42313,1,0.13801,0.07616,1.32008,0.00293,1,1,0.04709,0.00835,0.62864,0.68951,0.44447,16.9452,1,0.0792,0.0825,1.32008,0.00357,1,1,participant_9,question_14,Timer-Correct,True,Question,NOT_RANDOM,0
0.0,0,36,1,0.1086,0.07933,0,0.78229,0.41759,0.62964,8076,3426.65698,1,0.1081,0.05435,-0.01519,0.00714,0.61032,0.42925,0.44931,13.45658,1,0.13801,0.07616,1.32008,0.00288,1,1,0.04615,0.00816,0.6149,0.68981,0.44452,17.23861,1,0.0792,0.0825,1.32008,0.00351,1,1,participant_9,question_14,Timer-Correct,True,Question,NOT_RANDOM,0
0.0,0,36,1,0.09898,0.09803,0,0.78229,0.41759,0.63623,8076,3426.65698,1,0.10776,0.05515,-0.01519,0.00714,0.61032,0.4293,0.4494,13.36159,1,0.12735,0.09885,1.30295,0.0029,1,1,0.04615,0.00816,0.6149,0.68987,0.44443,17.01377,1,0.07062,0.09722,1.30295,0.00351,1,1,participant_9,question_14,Timer-Correct,True,Question,NOT_RANDOM,0
0.0,0,36,1,0.10083,0.10483,0,0.78229,0.41759,0.64282,8076,3426.65698,1,0.10751,0.05631,-0.01519,0.00714,0.61032,0.42931,0.44938,13.39941,1,0.11653,0.10006,1.28582,0.00289,1,1,0.04615,0.00816,0.6149,0.68987,0.44443,17.01377,1,0.08513,0.10961,1.28582,0.00351,1,1,participant_9,question_14,Timer-Correct,True,Question,NOT_RANDOM,0
0.0,0,36,1,0.09971,0.10149,0,0.78229,0.41759,0.64966,8076,3426.65698,1,0.10726,0.05745,-0.01568,0.00742,0.6339,0.42951,0.44917,13.38877,1,0.11653,0.10006,1.28582,0.00293,1,1,0.04875,0.00861,0.64884,0.69021,0.44441,17.03608,1,0.08288,0.10292,1.29488,0.00354,1,1,participant_9,question_14,Timer-Correct,True,Question,NOT_RANDOM,0
0.0,0,36,1,0.10545,0.08774,0,0.78229,0.41759,0.65601,8076,3426.65698,1,0.10717,0.05825,-0.01568,0.00742,0.6339,0.42951,0.44929,13.5271,1,0.12231,0.09292,1.31201,0.00299,1,1,0.04875,0.00861,0.64884,0.69024,0.44439,17.21486,1,0.08859,0.08255,1.32107,0.00353,1,1,participant_9,question_14,Timer-Correct,True,Question,NOT_RANDOM,0
0.0,0,36,1,0.10383,0.05611,0,0.78229,0.41759,0.65601,8076,3426.65698,0,0.10289,0.08365,-0.01568,0.00742,0.6339,0.42955,0.44923,13.1622,1,0.12153,0.05201,1.3382,0.00294,1,1,0.04875,0.00861,0.64884,0.69023,0.44439,17.22973,1,0.08613,0.06022,1.34725,0.00352,1,1,participant_9,question_14,Timer-Correct,True,Question,NOT_RANDOM,0
0.0,0,36,1,0.09938,0.04237,0,0.78229,0.41759,0.65601,8076,3426.65698,0,0.10114,0.06301,-0.01568,0.00742,0.6339,0.42984,0.44922,13.20898,1,0.11474,0.03116,1.36438,0.00294,1,1,0.04598,0.00806,0.61083,0.69026,0.44451,16.88036,1,0.08403,0.05358,1.35623,0.00356,1,1,participant_9,question_14,Timer-Correct,True,Question,NOT_RANDOM,0
0.0,0,36,1,0.09855,0.05921,0,0.78229,0.41759,0.65601,8076,3426.65698,0,0.10027,0.06174,-0.01568,0.00742,0.6339,0.42982,0.44921,13.1622,1,0.12275,0.03684,1.35623,0.00294,1,1,0.04598,0.00806,0.61083,0.69046,0.44465,17.15956,1,0.07435,0.08159,1.33902,0.00356,1,1,participant_9,question_14,Timer-Correct,True,Question,NOT_RANDOM,0
0.0,0,36,1,0.09521,0.06806,0,0.78229,0.41759,0.02173,8077,3427.31958,1,0.09901,0.06332,-0.01568,0.00742,0.6339,0.4299,0.44906,13.24915,1,0.13126,0.0406,1.33902,0.00298,1,1,0.04598,0.00806,0.61083,0.6905,0.44466,17.21892,1,0.05915,0.09552,1.32182,0.00357,1,1,participant_9,question_14,Timer-Correct,True,Question,NOT_RANDOM,0
0.0,0,36,1,0.10292,0.09141,0,0.78229,0.41759,0.0271,8077,3427.31958,1,0.09979,0.06894,-0.0149,0.00709,0.60605,0.42991,0.44915,13.21068,1,0.13995,0.06829,1.30469,0.00303,1,1,0.04717,0.00826,0.62594,0.69062,0.44455,17.20029,1,0.06589,0.11452,1.29563,0.00352,1,1,participant_9,question_14,Timer-Correct,True,Question,NOT_RANDOM,0
0.0,0,36,1,0.09967,0.10766,0,0.78229,0.41759,0.03394,8077,3427.31958,1,0.09977,0.07539,-0.0149,0.00709,0.60605,0.42991,0.44917,13.16441,1,0.12863,0.09458,1.2785,0.00299,1,1,0.04717,0.00826,0.62594,0.69062,0.44454,17.25914,1,0.07071,0.12075,1.28665,0.00352,1,1,participant_9,question_14,Timer-Correct,True,Question,NOT_RANDOM,0
0.0,0,36,1,0.10268,0.11308,0,0.78229,0.41759,0.04053,8077,3427.31958,1,0.10019,0.08078,-0.0149,0.00709,0.60605,0.42993,0.44917,13.23289,1,0.13144,0.09962,1.26952,0.00298,1,1,0.04717,0.00826,0.62594,0.69062,0.44454,17.25914,1,0.07392,0.12654,1.27767,0.00352,1,1,participant_9,question_14,Timer-Correct,True,Question,NOT_RANDOM,0
0.0,0,36,1,0.10504,0.11997,0,0.78229,0.41759,0.04736,8077,3427.31958,1,0.10079,0.08568,-0.01494,0.0072,0.60761,0.43008,0.44903,13.36159,1,0.13384,0.10685,1.26054,0.0029,1,1,0.04688,0.00826,0.62211,0.69066,0.44456,17.26121,1,0.07623,0.13309,1.26869,0.00351,1,1,participant_9,question_14,Timer-Correct,True,Question,NOT_RANDOM,0
0.0,0,36,1,0.10903,0.11152,0,0.78229,0.41759,0.05542,8077,3427.31958,1,0.10171,0.08855,-0.01494,0.0072,0.60761,0.43011,0.449,13.32171,1,0.14043,0.09327,1.26869,0.00293,1,1,0.04688,0.00826,0.62211,0.69064,0.44457,17.16157,1,0.07762,0.12977,1.26869,0.00353,1,1,participant_9,question_14,Timer-Correct,True,Question,NOT_RANDOM,0
0.0,0,36,1,0.11427,0.11472,0,0.78229,0.41759,0.05981,8077,3427.31958,1,0.10296,0.09116,-0.01494,0.0072,0.60761,0.43008,0.44904,13.36546,1,0.13706,0.08963,1.26869,0.00289,1,1,0.04688,0.00826,0.62211,0.69064,0.44448,16.95531,1,0.09147,0.13981,1.26869,0.00353,1,1,participant_9,question_14,Timer-Correct,True,Question,NOT_RANDOM,0
0.0,0,36,1,0.11219,0.10847,0,0.78229,0.41759,0.06714,8077,3427.31958,1,0.1038,0.09274,-0.01522,0.0074,0.62089,0.43009,0.44899,13.23351,1,0.13493,0.08303,1.27681,0.00293,1,1,0.04717,0.00826,0.62594,0.69075,0.44456,16.9977,1,0.08946,0.13392,1.27681,0.00355,1,1,participant_9,question_14,Timer-Correct,True,Question,NOT_RANDOM,0
0.0,0,36,1,0.10694,0.09669,0,0.78229,0.41759,0.07422,8077,3427.31958,1,0.10406,0.09307,-0.01522,0.0074,0.62089,0.43009,0.44899,13.23351,1,0.13629,0.0693,1.28492,0.00293,1,1,0.04717,0.00826,0.62594,0.69089,0.4445,16.82739,1,0.07759,0.12407,1.28492,0.00358,1,1,participant_9,question_14,Timer-Correct,True,Question,NOT_RANDOM,0
0.0,0,36,1,0.1028,0.09033,0,0.78229,0.41759,0.08081,8077,3427.31958,1,0.10397,0.09286,-0.01522,0.0074,0.62089,0.43007,0.44901,13.27978,1,0.13018,0.06667,1.29304,0.00288,1,1,0.04717,0.00826,0.62594,0.69078,0.44452,16.93167,1,0.07542,0.11398,1.29304,0.00354,1,1,participant_9,question_14,Timer-Correct,True,Question,NOT_RANDOM,0
0.0,0,36,1,0.10071,0.08406,0,0.78229,0.41759,0.0874,8077,3427.31958,1,0.10373,0.09223,-0.01522,0.0074,0.62089,0.43005,0.44902,13.2767,1,0.12805,0.06006,1.30115,0.00289,1,1,0.04717,0.00826,0.62594,0.69074,0.44455,16.98525,1,0.07338,0.10806,1.30115,0.0035,1,1,participant_9,question_14,Timer-Correct,True,Question,NOT_RANDOM,0
0.0,0,36,1,0.11048,0.08615,0,0.78229,0.41759,0.09424,8077,3427.31958,1,0.10418,0.09182,-0.01522,0.0074,0.62089,0.43005,0.44902,13.2767,1,0.15167,0.05996,1.30115,0.00289,1,1,0.04717,0.00826,0.62594,0.69073,0.44452,17.07264,1,0.06929,0.11234,1.30115,0.0035,1,1,participant_9,question_14,Timer-Correct,True,Question,NOT_RANDOM,0
0.0,0,36,1,0.11018,0.08147,0,0.78229,0.41759,0.10034,8077,3427.31958,1,0.10456,0.09118,-0.01522,0.0074,0.62089,0.43004,0.44903,13.28296,1,0.14743,0.04557,1.30115,0.00289,1,1,0.04717,0.00826,0.62594,0.6907,0.44454,17.00936,1,0.07293,0.11736,1.30115,0.00352,1,1,participant_9,question_14,Timer-Correct,True,Question,NOT_RANDOM,0
0.0,0,36,1,0.11221,0.08775,0,0.78229,0.41759,0.10718,8077,3427.31958,1,0.10501,0.09097,-0.01509,0.00732,0.61361,0.42994,0.44889,13.63022,1,0.14944,0.05229,1.29304,0.00288,1,1,0.04717,0.00826,0.62594,0.69067,0.44452,17.07389,1,0.07498,0.12322,1.29304,0.00352,1,1,participant_9,question_14,Timer-Correct,True,Question,NOT_RANDOM,0
0.0,0,36,1,0.11257,0.09671,0,0.78229,0.41759,0.11401,8077,3427.31958,1,0.10543,0.09129,-0.01509,0.00732,0.61361,0.42994,0.44896,13.50531,1,0.14954,0.06414,1.28492,0.00292,1,1,0.04717,0.00826,0.62594,0.69064,0.44449,16.96859,1,0.0756,0.12929,1.28492,0.00353,1,1,participant_9,question_14,Timer-Correct,True,Question,NOT_RANDOM,0
0.0,0,36,1,0.10714,0.10308,0,0.78229,0.41759,0.12085,8077,3427.31958,1,0.10552,0.09191,-0.01509,0.00732,0.61361,0.42993,0.44892,13.42403,1,0.14669,0.08007,1.27681,0.00295,1,1,0.04717,0.00826,0.62594,0.69062,0.44446,17.07323,1,0.06759,0.12608,1.27681,0.00352,1,1,participant_9,question_14,Timer-Correct,True,Question,NOT_RANDOM,0
0.0,0,36,1,0.10588,0.09908,0,0.78229,0.41759,0.12744,8077,3427.31958,1,0.10554,0.09227,-0.01583,0.00763,0.63975,0.42984,0.44888,13.58471,1,0.14439,0.07271,1.28582,0.00297,1,1,0.04598,0.00806,0.61083,0.69052,0.44451,16.9916,1,0.06736,0.12545,1.27767,0.00355,1,1,participant_9,question_14,Timer-Correct,True,Question,NOT_RANDOM,0
0.0,0,36,1,0.10603,0.09374,0,0.78229,0.41759,0.13428,8077,3427.31958,1,0.10556,0.09234,-0.01583,0.00763,0.63975,0.42978,0.44895,13.71507,1,0.13169,0.05709,1.2948,0.00299,1,1,0.04598,0.00806,0.61083,0.69047,0.44457,17.02825,1,0.08037,0.13039,1.28665,0.00351,1,1,participant_9,question_14,Timer-Correct,True,Question,NOT_RANDOM,0
0.0,0,36,1,0.11163,0.07421,0,0.78229,0.41759,0.14087,8077,3427.31958,1,0.10584,0.09152,-0.01583,0.00763,0.63975,0.42978,0.44895,13.71507,1,0.12442,0.04078,1.30378,0.00299,1,1,0.04598,0.00806,0.61083,0.69046,0.44451,17.00071,1,0.09883,0.10765,1.29563,0.00351,1,1,participant_9,question_14,Timer-Correct,True,Question,NOT_RANDOM,0
0.0,0,36,1,0.10841,0.06421,0,0.78229,0.41759,0.14771,8077,3427.31958,1,0.10595,0.09033,-0.01583,0.00763,0.63975,0.42968,0.44891,13.4771,1,0.12205,0.03336,1.31276,0.00298,1,1,0.04674,0.0082,0.62147,0.69034,0.44454,17.10168,1,0.09478,0.09505,1.31276,0.00355,1,1,participant_9,question_14,Timer-Correct,True,Question,NOT_RANDOM,0
0.0,0,36,1,0.11433,0.059,0,0.78229,0.41759,0.15454,8077,3427.31958,1,0.1063,0.08902,-0.01583,0.00763,0.63975,0.42985,0.44887,13.59491,1,0.14242,0.02723,1.31276,0.00296,1,1,0.04674,0.0082,0.62147,0.69056,0.44444,17.03199,1,0.08623,0.09077,1.32091,0.00357,1,1,participant_9,question_14,Timer-Correct,True,Question,NOT_RANDOM,0
0.0,0,36,1,0.12919,0.05399,0,0.78229,0.41759,0.16113,8077,3427.31958,1,0.10721,0.08762,-0.01583,0.00763,0.63975,0.42993,0.44887,13.55619,1,0.1682,0.02876,1.32091,0.00288,1,1,0.04674,0.0082,0.62147,0.69087,0.44434,17.08281,1,0.09018,0.07922,1.32906,0.00364,1,1,participant_9,question_14,Timer-Correct,True,Question,NOT_RANDOM,0
0.0,0,36,1,0.12825,0.05061,0,0.78229,0.41759,0.16772,8077,3427.31958,1,0.10802,0.0862,-0.01583,0.00768,0.63975,0.43041,0.44888,13.32877,1,0.16632,0.022,1.32906,0.00302,1,1,0.04598,0.00806,0.61083,0.69108,0.44453,17.57549,1,0.09018,0.07922,1.32906,0.00356,1,1,participant_9,question_14,Timer-Correct,True,Question,NOT_RANDOM,0
0.0,0,36,1,0.12839,0.04843,0,0.78229,0.41759,0.17456,8077,3427.31958,1,0.10878,0.0848,-0.01583,0.00768,0.63975,0.43021,0.44874,13.72167,1,0.15038,0.02499,1.32906,0.00294,1,1,0.04598,0.00806,0.61083,0.69101,0.44434,17.13867,1,0.10639,0.07187,1.32091,0.00355,1,1,participant_9,question_14,Timer-Correct,True,Question,NOT_RANDOM,0
0.0,0,36,1,0.13293,0.05293,0,0.78229,0.41759,0.18115,8077,3427.31958,1,0.10964,0.08366,-0.01583,0.00768,0.63975,0.43016,0.44887,13.62808,1,0.14371,0.02865,1.32091,0.00292,1,1,0.04598,0.00806,0.61083,0.69094,0.4443,17.1954,1,0.12215,0.07721,1.31276,0.00354,1,1,participant_9,question_14,Timer-Correct,True,Question,NOT_RANDOM,0
0.0,0,36,1,0.13505,0.06001,0,0.78229,0.41759,0.18799,8077,3427.31958,1,0.11051,0.08285,-0.01543,0.00746,0.62192,0.43003,0.44881,13.63688,1,0.14795,0.04285,1.30375,0.00291,1,1,0.04836,0.0085,0.64364,0.69075,0.4445,17.31368,1,0.12214,0.07718,1.3128,0.00358,1,1,participant_9,question_14,Timer-Correct,True,Question,NOT_RANDOM,0
0.0,0,36,1,0.1307,0.05739,0,0.78229,0.41759,0.19531,8077,3427.31958,1,0.11119,0.082,-0.01543,0.00746,0.62192,0.42989,0.44888,13.70072,1,0.15369,0.03532,1.30379,0.00293,1,1,0.04836,0.0085,0.64364,0.69064,0.44436,17.36279,1,0.10771,0.07945,1.32099,0.0035,1,1,participant_9,question_14,Timer-Correct,True,Question,NOT_RANDOM,0
0.0,0,36,1,0.13643,0.05571,0,0.78229,0.41759,0.20142,8077,3427.31958,1,0.112,0.08115,-0.01543,0.00746,0.62192,0.42984,0.4489,13.74851,1,0.17591,0.03562,1.31198,0.00295,1,1,0.04836,0.0085,0.64364,0.6906,0.44447,17.59451,1,0.09695,0.0758,1.32918,0.0035,1,1,participant_9,question_14,Timer-Correct,True,Question,NOT_RANDOM,0
0.0,0,36,1,0.13354,0.04556,0,0.78229,0.41759,0.20801,8077,3427.31958,1,0.11267,0.08004,-0.01592,0.00763,0.63557,0.42961,0.44896,13.6692,1,0.17202,0.02134,1.32918,0.00308,1,1,0.04615,0.00816,0.6149,0.69042,0.44453,17.62026,1,0.09506,0.06977,1.33733,0.00356,1,1,participant_9,question_14,Timer-Correct,True,Question,NOT_RANDOM,0
0.0,0,36,1,0.12214,0.02609,0,0.78229,0.41759,0.20801,8077,3427.31958,0,0.12591,0.05401,-0.01592,0.00763,0.63557,0.42943,0.44874,13.72167,1,0.14111,-0.006,1.34635,0.00294,1,1,0.04615,0.00816,0.6149,0.69027,0.44426,17.11219,1,0.10317,0.05818,1.33729,0.00357,1,1,participant_9,question_14,Timer-Correct,True,Question,NOT_RANDOM,0
0.0,0,36,1,0.12761,0.02575,0,0.78229,0.41759,0.20801,8077,3427.31958,0,0.12676,0.03988,-0.01592,0.00763,0.63557,0.42935,0.44877,13.62103,1,0.1301,0.00772,1.34631,0.00296,1,1,0.04615,0.00816,0.6149,0.69021,0.44428,17.29102,1,0.12512,0.04378,1.33725,0.00354,1,1,participant_9,question_14,Timer-Correct,True,Question,NOT_RANDOM,0
0.0,0,36,1,0.13063,0.03593,0,0.78229,0.41759,0.20801,8077,3427.31958,0,0.12805,0.03856,-0.01526,0.00727,0.60583,0.4291,0.44888,13.49277,1,0.13442,0.02189,1.32914,0.00291,1,1,0.04741,0.00841,0.63364,0.69009,0.44427,17.55446,1,0.12684,0.04997,1.32914,0.0036,1,1,participant_9,question_14,Timer-Correct,True,Question,NOT_RANDOM,0
0.0,0,36,1,0.12996,0.04558,0,0.78229,0.41759,0.01978,8078,3427.53442,1,0.12853,0.04032,-0.01526,0.00727,0.60583,0.42905,0.44886,13.65216,1,0.15189,0.03439,1.31201,0.00296,1,1,0.04741,0.00841,0.63364,0.68995,0.4442,17.33606,1,0.10803,0.05676,1.32107,0.00356,1,1,participant_9,question_14,Timer-Correct,True,Question,NOT_RANDOM,0
0.0,0,36,1,0.13258,0.04736,0,0.78229,0.41759,0.02759,8078,3427.53442,1,0.12934,0.04173,-0.01526,0.00727,0.60583,0.42893,0.4488,13.43316,1,0.16575,0.03822,1.30394,0.00293,1,1,0.04741,0.00841,0.63364,0.68976,0.44419,17.34705,1,0.09942,0.0565,1.31299,0.00356,1,1,participant_9,question_14,Timer-Correct,True,Question,NOT_RANDOM,0
0.0,0,36,1,0.13246,0.0467,0,0.78229,0.41759,0.03418,8078,3427.53442,1,0.12986,0.04255,-0.01622,0.00768,0.64008,0.42864,0.44874,13.72167,1,0.16362,0.03068,1.31299,0.00294,1,1,0.04525,0.00818,0.60597,0.68955,0.4442,17.293,1,0.10131,0.06272,1.30484,0.00362,1,1,participant_9,question_14,Timer-Correct,True,Question,NOT_RANDOM,0
0.0,0,36,1,0.13148,0.03622,0,0.78229,0.41759,0.04004,8078,3427.53442,1,0.13009,0.04165,-0.01622,0.00768,0.64008,0.42849,0.4488,13.62484,1,0.13698,0.0246,1.32197,0.00292,1,1,0.04525,0.00818,0.60597,0.6894,0.44413,17.6179,1,0.12598,0.04784,1.30477,0.0036,1,1,participant_9,question_14,Timer-Correct,True,Question,NOT_RANDOM,0
0.0,0,36,1,0.12663,0.0368,0,0.78229,0.41759,0.04688,8078,3427.53442,1,0.12966,0.04104,-0.01622,0.00768,0.64008,0.42838,0.44884,13.68479,1,0.13126,0.02145,1.32189,0.00294,1,1,0.04525,0.00818,0.60597,0.68937,0.44408,17.45593,1,0.122,0.05215,1.30469,0.0036,1,1,participant_9,question_14,Timer-Correct,True,Question,NOT_RANDOM,0
0.0,0,36,1,0.12691,0.03744,0,0.78229,0.41759,0.05347,8078,3427.53442,1,0.12935,0.04064,-0.01602,0.00752,0.6266,0.42826,0.44872,13.91317,1,0.13359,0.029,1.3128,0.00293,1,1,0.04721,0.00855,0.63346,0.68915,0.44394,17.32314,1,0.12022,0.04587,1.3128,0.00357,1,1,participant_9,question_14,Timer-Correct,True,Question,NOT_RANDOM,0
0.0,0,36,1,0.13255,0.0354,0,0.78229,0.41759,0.0603,8078,3427.53442,1,0.12967,0.04012,-0.01602,0.00752,0.6266,0.42798,0.44859,13.7952,1,0.16289,0.02638,1.30379,0.00297,1,1,0.04721,0.00855,0.63346,0.68905,0.44387,17.70117,1,0.10221,0.04441,1.32099,0.00358,1,1,participant_9,question_14,Timer-Correct,True,Question,NOT_RANDOM,0
0.0,0,36,1,0.12108,0.02126,0,0.78229,0.41759,0.06665,8078,3427.53442,1,0.12889,0.0384,-0.01602,0.00752,0.6266,0.428,0.44857,13.82005,1,0.1524,0.01119,1.31198,0.00295,1,1,0.04721,0.00855,0.63346,0.68885,0.44384,17.7461,1,0.08977,0.03133,1.32918,0.00353,1,1,participant_9,question_14,Timer-Correct,True,Other,NOT_RANDOM,0
0.0,0,36,1,0.12115,0.02127,0,0.78229,0.41759,0.07349,8078,3427.53442,1,0.12825,0.03698,-0.01611,0.00752,0.62634,0.42778,0.4487,13.65238,1,0.15042,0.00426,1.32017,0.00292,1,1,0.04514,0.00819,0.6069,0.68867,0.44383,17.27962,1,0.09188,0.03827,1.32017,0.00358,1,1,participant_9,question_14,Timer-Correct,True,Other,NOT_RANDOM,0
0.0,0,36,1,0.14144,0.04729,0,0.78229,0.41759,0.08032,8078,3427.53442,1,0.12926,0.03777,-0.01611,0.00752,0.62634,0.42757,0.44859,13.49072,1,0.16107,0.01036,1.32017,0.0029,1,1,0.04514,0.00819,0.6069,0.68854,0.44369,17.27138,1,0.12181,0.08423,1.30296,0.00357,1,1,participant_9,question_14,Timer-Correct,True,Question,NOT_RANDOM,0
0.0,0,36,1,0.14071,0.09268,0,0.78229,0.41759,0.08716,8078,3427.53442,1,0.13008,0.04169,-0.01611,0.00752,0.62634,0.4275,0.44848,13.48336,1,0.15905,0.06153,1.30296,0.00294,1,1,0.04514,0.00819,0.6069,0.68847,0.44355,17.29606,1,0.12237,0.12383,1.28576,0.00358,1,1,participant_9,question_14,Timer-Correct,True,Question,NOT_RANDOM,0
0.0,0,36,1,0.14278,0.0997,0,0.78229,0.41759,0.09375,8078,3427.53442,1,0.13093,0.04556,-0.01642,0.00762,0.63483,0.42723,0.44854,13.70534,1,0.16319,0.07557,1.28576,0.00297,1,1,0.04787,0.00871,0.64488,0.68837,0.44347,17.2368,1,0.12237,0.12383,1.28576,0.00353,1,1,participant_9,question_14,Timer-Correct,True,Question,NOT_RANDOM,0
0.0,0,36,1,0.13524,0.07489,0,0.78229,0.41759,0.10034,8078,3427.53442,1,0.1312,0.04739,-0.01642,0.00762,0.63483,0.4272,0.4484,13.44636,1,0.16406,0.06004,1.28576,0.00299,1,1,0.04787,0.00871,0.64488,0.68814,0.44354,17.33837,1,0.10642,0.08974,1.30296,0.00363,1,1,participant_9,question_14,Timer-Correct,True,Question,NOT_RANDOM,0
0.0,0,36,1,0.12287,0.08707,0,0.78229,0.41759,0.10693,8078,3427.53442,1,0.13071,0.04973,-0.01642,0.00762,0.63483,0.42713,0.44837,13.29807,1,0.14935,0.10494,1.30296,0.00297,1,1,0.04787,0.00871,0.64488,0.6881,0.44342,17.66801,1,0.0964,0.06921,1.32017,0.00362,1,1,participant_9,question_14,Timer-Correct,True,Question,NOT_RANDOM,0
0.0,0,36,1,0.11659,0.06701,0,0.78229,0.41759,0.11353,8078,3427.53442,1,0.12992,0.05069,-0.01667,0.00771,0.6427,0.42685,0.44838,13.60412,1,0.14286,0.08444,1.32918,0.00293,1,1,0.04787,0.0089,0.64488,0.68801,0.44326,17.2174,1,0.09032,0.04958,1.34639,0.00361,1,1,participant_9,question_14,Timer-Correct,True,Question,NOT_RANDOM,0
0.0,0,36,1,0.11415,0.01248,0,0.78229,0.41759,0.12061,8078,3427.53442,1,0.12909,0.04867,-0.01667,0.00771,0.6427,0.4268,0.44819,13.38761,1,0.12313,0.02956,1.35541,0.00289,1,1,0.04787,0.0089,0.64488,0.68792,0.44315,17.58515,1,0.10518,-0.00461,1.35541,0.00358,1,1,participant_9,question_14,Timer-Correct,True,Other,NOT_RANDOM,0
0.0,0,36,1,0.15211,0.15534,0,0.78229,0.41759,0.1272,8078,3427.53442,1,0.13024,0.05401,-0.01667,0.00771,0.6427,0.42673,0.44904,11.22953,1,0.18269,0.20568,1.36442,0.00284,1,1,0.04787,0.0089,0.64488,0.68811,0.44348,15.68166,1,0.12152,0.10501,1.36442,0.00352,1,1,participant_9,question_14,Timer-Correct,True,Question,NOT_RANDOM,0
0.0,0,36,1,0.15306,0.15853,0,0.78229,0.41759,0.13379,8078,3427.53442,1,0.13133,0.05899,-0.01632,0.00772,0.62724,0.42608,0.44996,8.18965,1,0.18269,0.20568,1.36442,0.00225,1,1,0.0467,0.0088,0.63111,0.68781,0.44346,14.19539,1,0.12344,0.11138,1.35537,0.00352,1,1,participant_9,question_14,Timer-Correct,True,Question,NOT_RANDOM,0
0.0,0,36,0,0.15306,0.15853,0,0.78229,0.41759,0.14062,8078,3427.53442,1,0.13133,0.05899,-0.01632,0.00772,0.62724,0.42608,0.44996,8.18965,0,0.18269,0.20568,1.34635,0.00225,1,0,0.0467,0.0088,0.63111,0.68781,0.44346,14.19539,0,0.12344,0.11138,1.33729,0.00352,1,0,participant_9,question_14,Timer-Correct,False,Question,NOT_RANDOM,0
0.0,0,36,0,0.15306,0.15853,0,0.78229,0.41759,0.14722,8078,3427.53442,1,0.13133,0.05899,-0.01632,0.00772,0.62724,0.42608,0.44996,8.18965,0,0.18269,0.20568,1.32828,0.00225,1,0,0.0467,0.0088,0.63111,0.68781,0.44346,14.19539,0,0.12344,0.11138,1.31922,0.00352,1,0,participant_9,question_14,Timer-Correct,False,Question,NOT_RANDOM,0
0.0,0,36,0,0.15306,0.15853,0,0.78229,0.41759,0.16895,8078,3427.53442,1,0.13133,0.05899,-0.01632,0.00772,0.62724,0.42608,0.44996,8.18965,0,0.18269,0.20568,1.31021,0.00225,1,0,0.0467,0.0088,0.63111,0.68781,0.44346,14.19539,0,0.12344,0.11138,1.30115,0.00352,1,0,participant_9,question_14,Timer-Correct,False,Question,NOT_RANDOM,0
0.0,33,36,0,0.15306,0.15853,0,0.78229,0.41759,0.16895,8078,3427.53442,0,0.13281,0.07274,-0.01632,0.00772,0.62724,0.42608,0.44996,8.18965,0,0.18269,0.20568,1.30115,0.00225,1,0,0.0467,0.0088,0.63111,0.68781,0.44346,14.19539,0,0.12344,0.11138,1.30115,0.00352,1,0,participant_9,question_14,Timer-Correct,True,Question,NOT_RANDOM,0
0.0,33,36,0,0.15306,0.15853,0,0.78229,0.41759,0.16895,8078,3427.53442,0,0.13281,0.07274,-0.01632,0.00772,0.62724,0.42608,0.44996,8.18965,0,0.18269,0.20568,1.30115,0.00225,1,0,0.0467,0.0088,0.63111,0.68781,0.44346,14.19539,0,0.12344,0.11138,1.30115,0.00352,1,0,participant_9,question_14,Timer-Correct,True,Question,NOT_RANDOM,0
0.0,33,36,0,0.15306,0.15853,0,0.78229,0.41759,0.16895,8078,3427.53442,0,0.13281,0.07274,-0.01632,0.00772,0.62724,0.42608,0.44996,8.18965,0,0.18269,0.20568,1.30115,0.00225,1,0,0.0467,0.0088,0.63111,0.68781,0.44346,14.19539,0,0.12344,0.11138,1.30115,0.00352,1,0,participant_9,question_14,Timer-Correct,True,Question,NOT_RANDOM,0
0.0,33,36,0,0.15306,0.15853,0,0.78229,0.41759,0.16895,8078,3427.53442,0,0.0,0.0,-0.01632,0.00772,0.62724,0.42608,0.44996,8.18965,0,0.18269,0.20568,1.30115,0.00225,1,0,0.0467,0.0088,0.63111,0.68781,0.44346,14.19539,0,0.12344,0.11138,1.30115,0.00352,1,0,participant_9,question_14,Timer-Correct,True,Question,NOT_RANDOM,0
0.0,33,36,0,0.15306,0.15853,0,0.78229,0.41759,0.16895,8078,3427.53442,0,0.0,0.0,-0.01632,0.00772,0.62724,0.42608,0.44996,8.18965,0,0.18269,0.20568,1.30115,0.00225,1,0,0.0467,0.0088,0.63111,0.68781,0.44346,14.19539,0,0.12344,0.11138,1.30115,0.00352,1,0,participant_9,question_14,Timer-Correct,True,Question,NOT_RANDOM,0
0.0,33,36,0,0.15306,0.15853,0,0.78229,0.41759,0.16895,8078,3427.53442,0,0.0,0.0,-0.01632,0.00772,0.62724,0.42608,0.44996,8.18965,0,0.18269,0.20568,1.30115,0.00225,1,0,0.0467,0.0088,0.63111,0.68781,0.44346,14.19539,0,0.12344,0.11138,1.30115,0.00352,1,0,participant_9,question_14,Timer-Correct,True,Question,NOT_RANDOM,0
0.0,33,36,0,0.15306,0.15853,0,0.78229,0.41759,0.16895,8078,3427.53442,0,0.0,0.0,-0.01632,0.00772,0.62724,0.42608,0.44996,8.18965,0,0.18269,0.20568,1.30115,0.00225,1,0,0.0467,0.0088,0.63111,0.68781,0.44346,14.19539,0,0.12344,0.11138,1.30115,0.00352,1,0,participant_9,question_14,Timer-Correct,True,Question,NOT_RANDOM,0
0.0,33,36,0,0.15306,0.15853,0,0.78229,0.41759,0.16895,8078,3427.53442,0,0.0,0.0,-0.01632,0.00772,0.62724,0.42608,0.44996,8.18965,0,0.18269,0.20568,1.30115,0.00225,1,0,0.0467,0.0088,0.63111,0.68781,0.44346,14.19539,0,0.12344,0.11138,1.30115,0.00352,1,0,participant_9,question_14,Timer-Correct,True,Question,NOT_RANDOM,0
0.0,33,36,0,0.15306,0.15853,0,0.78229,0.41759,0.16895,8078,3427.53442,0,0.0,0.0,-0.01632,0.00772,0.62724,0.42608,0.44996,8.18965,0,0.18269,0.20568,1.30115,0.00225,1,0,0.0467,0.0088,0.63111,0.68781,0.44346,14.19539,0,0.12344,0.11138,1.30115,0.00352,1,0,participant_9,question_14,Timer-Correct,True,Question,NOT_RANDOM,0
0.0,33,36,0,0.15306,0.15853,0,0.78229,0.41759,0.16895,8078,3427.53442,0,0.0,0.0,-0.01632,0.00772,0.62724,0.42608,0.44996,8.18965,0,0.18269,0.20568,1.30115,0.00225,1,0,0.0467,0.0088,0.63111,0.68781,0.44346,14.19539,0,0.12344,0.11138,1.30115,0.00352,1,0,participant_9,question_14,Timer-Correct,True,Question,NOT_RANDOM,0
0.0,33,36,0,0.15306,0.15853,0,0.78229,0.41759,0.16895,8078,3427.53442,0,0.0,0.0,-0.01632,0.00772,0.62724,0.42608,0.44996,8.18965,0,0.18269,0.20568,1.30115,0.00225,1,0,0.0467,0.0088,0.63111,0.68781,0.44346,14.19539,0,0.12344,0.11138,1.30115,0.00352,1,0,participant_9,question_14,Timer-Correct,True,Question,NOT_RANDOM,0
0.0,33,36,0,0.15306,0.15853,0,0.78229,0.41759,0.16895,8078,3427.53442,0,0.0,0.0,-0.01632,0.00772,0.62724,0.42608,0.44996,8.18965,0,0.18269,0.20568,1.30115,0.00225,1,0,0.0467,0.0088,0.63111,0.68781,0.44346,14.19539,0,0.12344,0.11138,1.30115,0.00352,1,0,participant_9,question_14,Timer-Correct,True,Question,NOT_RANDOM,0
0.09417,0,37,1,0.26755,-0.02743,0,0.78229,0.41759,0.16895,8078,3427.53442,0,0.26755,-0.02743,-0.01632,0.00772,0.62724,0.42973,0.44605,13.60011,1,0.30984,-0.05603,1.30115,0.0029,1,1,0.0467,0.0088,0.63111,0.6907,0.44052,17.25718,1,0.22526,0.00117,1.30115,0.00356,1,1,participant_9,question_14,Timer-Correct,True,Other,NOT_RANDOM,0
0.0,0,37,1,0.27764,-0.03698,0,0.78229,0.41759,0.16895,8078,3427.53442,0,0.2726,-0.03221,-0.01632,0.00772,0.62724,0.42967,0.44605,13.72272,1,0.31148,-0.05952,1.30115,0.00295,1,1,0.0467,0.0088,0.63111,0.69059,0.44044,17.38866,1,0.2438,-0.01444,1.30115,0.00357,1,1,participant_9,question_14,Timer-Correct,True,Other,NOT_RANDOM,0
0.0,0,37,1,0.27641,-0.04494,0,0.78229,0.41759,0.16895,8078,3427.53442,0,0.27387,-0.03645,-0.01655,0.00799,0.63792,0.42949,0.44587,13.84116,1,0.31031,-0.06784,1.31017,0.00287,1,1,0.04605,0.00885,0.62105,0.69054,0.44041,17.32067,1,0.24252,-0.02204,1.31017,0.00351,1,1,participant_9,question_14,Timer-Correct,True,Other,NOT_RANDOM,0
0.0,0,37,1,0.26453,-0.06448,0,0.78229,0.41759,0.02026,8079,3427.81519,1,0.27153,-0.04346,-0.01655,0.00799,0.63792,0.42942,0.44588,13.70493,1,0.29236,-0.08639,1.31918,0.00288,1,1,0.04605,0.00885,0.62105,0.6905,0.44038,17.23931,1,0.2367,-0.04257,1.31918,0.00355,1,1,participant_9,question_14,Timer-Correct,True,Other,NOT_RANDOM,0
0.0,0,37,1,0.26153,-0.06277,0,0.78229,0.41759,0.02661,8079,3427.81519,1,0.26953,-0.04732,-0.01655,0.00799,0.63792,0.42938,0.44591,13.62879,1,0.2906,-0.0836,1.3282,0.00291,1,1,0.04605,0.00885,0.62105,0.69043,0.44047,17.46452,1,0.23246,-0.04194,1.3282,0.00349,1,1,participant_9,question_14,Timer-Correct,True,Other,NOT_RANDOM,0
0.0,0,37,1,0.26083,-0.06728,0,0.78229,0.41759,0.0332,8079,3427.81519,1,0.26808,-0.05065,-0.01667,0.0081,0.64271,0.42934,0.44591,13.74016,1,0.28933,-0.09189,1.33721,0.00292,1,1,0.04497,0.00865,0.60707,0.69039,0.44043,17.4437,1,0.23234,-0.04267,1.32906,0.00352,1,1,participant_9,question_14,Timer-Correct,True,Other,NOT_RANDOM,0
0.0,0,37,1,0.25208,-0.05795,0,0.78229,0.41759,0.04102,8079,3427.81519,1,0.2658,-0.05169,-0.01667,0.0081,0.64271,0.42925,0.44592,13.70193,1,0.28222,-0.07452,1.32906,0.00287,1,1,0.04497,0.00865,0.60707,0.69032,0.44032,17.19446,1,0.22194,-0.04137,1.32091,0.00354,1,1,participant_9,question_14,Timer-Correct,True,Other,NOT_RANDOM,0
0.0,0,37,1,0.25746,-0.05484,0,0.78229,0.41759,0.04785,8079,3427.81519,1,0.26476,-0.05208,-0.01667,0.0081,0.64271,0.42925,0.44593,13.73886,1,0.27485,-0.07016,1.32091,0.00288,1,1,0.04497,0.00865,0.60707,0.69023,0.44033,17.0918,1,0.24007,-0.03952,1.31276,0.00357,1,1,participant_9,question_14,Timer-Correct,True,Other,NOT_RANDOM,0
0.0,0,37,1,0.26121,-0.0325,0,0.78229,0.41759,0.05396,8079,3427.81519,1,0.26436,-0.04991,-0.01579,0.00763,0.6053,0.4291,0.44598,13.79432,1,0.27874,-0.04707,1.29563,0.00293,1,1,0.04497,0.00865,0.60707,0.69019,0.44029,17.12204,1,0.24368,-0.01794,1.28748,0.00354,1,1,participant_9,question_14,Timer-Correct,True,Other,NOT_RANDOM,0
0.0,0,37,1,0.27478,-0.01671,0,0.78229,0.41759,0.0603,8079,3427.81519,1,0.2654,-0.04659,-0.01579,0.00763,0.6053,0.42907,0.44597,13.78454,1,0.30162,-0.02926,1.27035,0.00292,1,1,0.04497,0.00865,0.60707,0.69018,0.44019,17.36853,1,0.24794,-0.00417,1.27035,0.00354,1,1,participant_9,question_14,Timer-Correct,True,Other,NOT_RANDOM,0
0.0,0,37,1,0.28363,-0.00585,0,0.78229,0.41759,0.06689,8079,3427.81519,1,0.26706,-0.04288,-0.01579,0.00763,0.6053,0.42908,0.44593,13.68903,1,0.32172,-0.01143,1.25322,0.00294,1,1,0.04497,0.00865,0.60707,0.69014,0.4402,17.42395,1,0.24555,-0.00028,1.25322,0.00352,1,1,participant_9,question_14,Timer-Correct,True,Other,NOT_RANDOM,0
0.0,0,37,1,0.28427,-0.00133,0,0.78229,0.41759,0.07422,8079,3427.81519,1,0.26849,-0.03942,-0.01668,0.00803,0.63729,0.42895,0.44605,13.60011,1,0.32287,-0.00312,1.24421,0.0029,1,1,0.0467,0.00899,0.63111,0.6901,0.44013,17.01396,1,0.24568,0.00047,1.25236,0.00353,1,1,participant_9,question_14,Timer-Correct,True,Other,NOT_RANDOM,0
0.0,0,37,1,0.28704,-0.00943,0,0.78229,0.41759,0.08081,8079,3427.81519,1,0.26992,-0.03711,-0.01668,0.00803,0.63729,0.42891,0.44604,13.74375,1,0.31673,-0.00815,1.26047,0.00293,1,1,0.0467,0.00899,0.63111,0.69003,0.44012,17.21741,1,0.25735,-0.01071,1.26862,0.00359,1,1,participant_9,question_14,Timer-Correct,True,Other,NOT_RANDOM,0
0.0,0,37,1,0.28231,-0.02467,0,0.78229,0.41759,0.08716,8079,3427.81519,1,0.27081,-0.03623,-0.01668,0.00803,0.63729,0.42895,0.44604,13.60317,1,0.31563,-0.02449,1.27673,0.00289,1,1,0.0467,0.00899,0.63111,0.6899,0.44017,17.03782,1,0.24899,-0.02484,1.28489,0.00357,1,1,participant_9,question_14,Timer-Correct,True,Other,NOT_RANDOM,0
0.0,0,37,1,0.27891,-0.0471,0,0.78229,0.41759,0.09399,8079,3427.81519,1,0.27135,-0.03695,-0.01688,0.00811,0.64332,0.42888,0.44606,13.66604,1,0.31235,-0.04759,1.30202,0.00296,1,1,0.04585,0.00889,0.62079,0.68989,0.44011,17.20665,1,0.24546,-0.04662,1.31017,0.00355,1,1,participant_9,question_14,Timer-Correct,True,Other,NOT_RANDOM,0
0.0,0,37,1,0.27145,-0.06261,0,0.78229,0.41759,0.10083,8079,3427.81519,1,0.27135,-0.03855,-0.01688,0.00811,0.64332,0.42884,0.44609,13.86505,1,0.305,-0.07042,1.31918,0.00288,1,1,0.04585,0.00889,0.62079,0.68975,0.44021,17.29993,1,0.23791,-0.05479,1.31918,0.00354,1,1,participant_9,question_14,Timer-Correct,True,Other,NOT_RANDOM,0
0.0,0,37,1,0.26778,-0.06572,0,0.78229,0.41759,0.10718,8079,3427.81519,1,0.27114,-0.04015,-0.01688,0.00811,0.64332,0.42879,0.44608,13.70796,1,0.29765,-0.07349,1.3282,0.00291,1,1,0.04585,0.00889,0.62079,0.68978,0.4403,17.57911,1,0.2379,-0.05795,1.3282,0.00352,1,1,participant_9,question_14,Timer-Correct,True,Other,NOT_RANDOM,0
0.0,0,37,1,0.26652,-0.0737,0,0.78229,0.41759,0.11426,8079,3427.81519,1,0.27089,-0.04202,-0.01689,0.00806,0.6436,0.42874,0.44618,13.81228,1,0.29642,-0.08172,1.33721,0.0029,1,1,0.04585,0.00889,0.62079,0.68972,0.44027,17.16249,1,0.23663,-0.06568,1.33721,0.00353,1,1,participant_9,question_14,Timer-Correct,True,Other,NOT_RANDOM,0
0.0,0,37,1,0.26421,-0.06214,0,0.78229,0.41759,0.12085,8079,3427.81519,1,0.27053,-0.04308,-0.01689,0.00806,0.6436,0.42871,0.44621,13.65683,1,0.29538,-0.06943,1.33721,0.00294,1,1,0.04585,0.00889,0.62079,0.68972,0.44027,17.16249,1,0.23305,-0.05484,1.33721,0.00353,1,1,participant_9,question_14,Timer-Correct,True,Other,NOT_RANDOM,0
0.0,0,37,1,0.27227,-0.06169,0,0.78229,0.41759,0.12769,8079,3427.81519,1,0.27062,-0.04401,-0.01689,0.00806,0.6436,0.42872,0.44626,13.74488,1,0.30257,-0.0686,1.33721,0.00287,1,1,0.04585,0.00889,0.62079,0.68977,0.44039,17.35635,1,0.24197,-0.05478,1.33721,0.00352,1,1,participant_9,question_14,Timer-Correct,True,Other,NOT_RANDOM,0
0.0,0,37,1,0.27349,-0.05379,0,0.78229,0.41759,0.13428,8079,3427.81519,1,0.27076,-0.04447,-0.01668,0.00789,0.63729,0.42899,0.44634,13.82777,1,0.30376,-0.06045,1.3282,0.00288,1,1,0.04605,0.00888,0.62348,0.68981,0.44038,17.27057,1,0.24322,-0.04712,1.3282,0.00357,1,1,participant_9,question_14,Timer-Correct,True,Other,NOT_RANDOM,0
0.0,0,37,1,0.27828,-0.01847,0,0.78229,0.41759,0.14111,8079,3427.81519,1,0.2711,-0.04329,-0.01668,0.00789,0.63729,0.42914,0.44653,13.55124,1,0.3014,-0.00606,1.31918,0.00294,1,1,0.04605,0.00888,0.62348,0.69006,0.44052,17.23069,1,0.25516,-0.03088,1.31918,0.0035,1,1,participant_9,question_14,Timer-Correct,True,Other,NOT_RANDOM,0
0.0,0,37,1,0.28355,-0.01837,0,0.78229,0.41759,0.14795,8079,3427.81519,1,0.27164,-0.04221,-0.01668,0.00789,0.63729,0.42916,0.44648,13.56341,1,0.30428,-0.03108,1.31017,0.0029,1,1,0.04605,0.00888,0.62348,0.69006,0.44052,17.2106,1,0.26282,-0.00567,1.31017,0.0035,1,1,participant_9,question_14,Timer-Correct,True,Other,NOT_RANDOM,0
0.0,0,37,1,0.28474,-0.01059,0,0.78229,0.41759,0.1543,8079,3427.81519,1,0.27219,-0.04089,-0.01668,0.00784,0.63729,0.42918,0.44645,13.74973,1,0.30549,-0.02302,1.30115,0.00293,1,1,0.0467,0.00899,0.63111,0.69007,0.44055,17.33893,1,0.26398,0.00184,1.30115,0.0035,1,1,participant_9,question_14,Timer-Correct,True,Other,NOT_RANDOM,0
0.0,0,37,1,0.28226,-0.00905,0,0.78229,0.41759,0.16113,8079,3427.81519,1,0.27259,-0.03962,-0.01668,0.00784,0.63729,0.42923,0.44657,13.37732,1,0.30444,-0.01629,1.30115,0.00295,1,1,0.0467,0.00899,0.63111,0.69012,0.44055,17.28268,1,0.26007,-0.00182,1.30115,0.00353,1,1,participant_9,question_14,Timer-Correct,True,Other,NOT_RANDOM,0
0.0,0,37,1,0.27655,0.00669,0,0.78229,0.41759,0.16797,8079,3427.81519,1,0.27274,-0.03783,-0.01668,0.00784,0.63729,0.42921,0.44644,13.71658,1,0.28259,0.01344,1.30115,0.00294,1,1,0.0467,0.00899,0.63111,0.69017,0.44061,17.3382,1,0.27051,-7e-05,1.30115,0.00355,1,1,participant_9,question_14,Timer-Correct,True,Other,NOT_RANDOM,0
0.0,0,37,1,0.27706,0.01009,0,0.78229,0.41759,0.17456,8079,3427.81519,1,0.2729,-0.03606,-0.01668,0.00784,0.63729,0.4292,0.44659,13.60887,1,0.28259,0.01344,1.30115,0.00292,1,1,0.04526,0.00861,0.61095,0.69024,0.44068,17.44619,1,0.27153,0.00674,1.293,0.00351,1,1,participant_9,question_14,Timer-Correct,True,Other,NOT_RANDOM,0
0.0,0,37,1,0.274,0.01968,0,0.78229,0.41759,0.1814,8079,3427.81519,1,0.27294,-0.03407,-0.01668,0.00784,0.63729,0.4293,0.44678,13.71557,1,0.29731,0.01405,1.293,0.0029,1,1,0.04526,0.00861,0.61095,0.69025,0.44069,17.3787,1,0.25069,0.0253,1.28485,0.00354,1,1,participant_9,question_14,Timer-Correct,True,Other,NOT_RANDOM,0
0.0,0,37,1,0.2723,0.01268,0,0.78229,0.41759,0.18799,8079,3427.81519,1,0.27292,-0.03246,-0.01668,0.00784,0.63729,0.42933,0.44679,13.69776,1,0.29187,-0.01372,1.28485,0.00291,1,1,0.04526,0.00861,0.61095,0.6903,0.44078,17.15126,1,0.25272,0.03908,1.2767,0.00354,1,1,participant_9,question_14,Timer-Correct,True,Other,NOT_RANDOM,0
0.0,0,37,1,0.27346,0.01968,0,0.78229,0.41759,0.19531,8079,3427.81519,1,0.27294,-0.03072,-0.01632,0.00772,0.62724,0.42937,0.44682,13.64639,1,0.29306,-0.0064,1.2767,0.00291,1,1,0.04526,0.00861,0.61095,0.69034,0.44078,17.14742,1,0.25386,0.04575,1.26855,0.00356,1,1,participant_9,question_14,Timer-Correct,True,Other,NOT_RANDOM,0
0.0,0,37,1,0.2703,0.00027,0,0.78229,0.41759,0.20142,8079,3427.81519,1,0.27285,-0.02972,-0.01632,0.00772,0.62724,0.42937,0.44685,13.65081,1,0.3037,-0.04745,1.26855,0.00291,1,1,0.04526,0.00861,0.61095,0.69037,0.44087,17.46691,1,0.2369,0.04799,1.26855,0.00353,1,1,participant_9,question_14,Timer-Correct,True,Other,NOT_RANDOM,0
0.0,0,37,1,0.27255,-0.01084,0,0.78229,0.41759,0.20142,8079,3427.81519,0,0.27654,-0.00434,-0.01632,0.00772,0.62724,0.42939,0.44686,13.51882,1,0.31043,-0.03056,1.26855,0.00291,1,1,0.04526,0.00861,0.61095,0.69039,0.44087,17.39199,1,0.23466,0.00889,1.26855,0.00355,1,1,participant_9,question_14,Timer-Correct,True,Other,NOT_RANDOM,0
0.0,0,37,1,0.27255,-0.01084,0,0.78229,0.41759,0.20142,8079,3427.81519,0,0.27455,-0.00759,-0.01632,0.00772,0.62724,0.4294,0.44694,13.36579,1,0.31043,-0.03056,1.26855,0.00298,1,1,0.04526,0.00861,0.61095,0.69025,0.44096,17.41836,1,0.23466,0.00889,1.26855,0.00354,1,1,participant_9,question_14,Timer-Correct,True,Other,NOT_RANDOM,0
0.0,0,36,1,0.25371,-0.00293,0,0.78229,0.41759,0.20142,8079,3427.81519,0,0.2676,-0.00603,-0.01632,0.00772,0.62724,0.42897,0.44716,13.51456,1,0.29249,0.00556,1.26855,0.0029,1,1,0.04526,0.00861,0.61095,0.68956,0.44106,17.20699,1,0.21492,-0.01141,1.26855,0.00353,1,1,participant_9,question_14,Timer-Correct,True,Other,NOT_RANDOM,0
0.0,0,36,1,0.22018,0.00187,0,0.78229,0.41759,0.01978,8080,3428.02344,1,0.25574,-0.00406,-0.01632,0.00772,0.62724,0.42865,0.44732,13.50255,1,0.26356,0.00932,1.26855,0.00282,1,1,0.04526,0.00861,0.61095,0.68929,0.44104,17.01928,1,0.1768,-0.00558,1.26855,0.00353,1,1,participant_9,question_14,Timer-Correct,True,Other,NOT_RANDOM,0
0.0,0,36,1,0.21857,-0.00595,0,0.78229,0.41759,0.02637,8080,3428.02344,1,0.24831,-0.00444,-0.01688,0.00782,0.64332,0.42802,0.44739,13.34748,1,0.26204,0.00131,1.27756,0.00294,1,1,0.04438,0.00848,0.60159,0.68865,0.44123,17.18776,1,0.17511,-0.01322,1.27756,0.00355,1,1,participant_9,question_14,Timer-Correct,True,Other,NOT_RANDOM,0
0.0,0,36,1,0.22321,0.00302,0,0.78229,0.41759,0.03369,8080,3428.02344,1,0.24413,-0.00319,-0.01688,0.00782,0.64332,0.42796,0.44745,13.39863,1,0.26242,0.0195,1.28658,0.00299,1,1,0.04438,0.00848,0.60159,0.68868,0.44122,17.21558,1,0.184,-0.01347,1.28658,0.00353,1,1,participant_9,question_14,Timer-Correct,True,Other,NOT_RANDOM,0
0.0,0,36,1,0.22148,0.0043,0,0.78229,0.41759,0.04004,8080,3428.02344,1,0.24089,-0.00212,-0.01688,0.00782,0.64332,0.42792,0.44764,13.55418,1,0.25883,0.02515,1.29559,0.00295,1,1,0.04438,0.00848,0.60159,0.68869,0.44126,17.14009,1,0.18413,-0.01656,1.29559,0.00354,1,1,participant_9,question_14,Timer-Correct,True,Other,NOT_RANDOM,0
0.0,0,36,1,0.21991,-0.00335,0,0.78229,0.41759,0.04663,8080,3428.02344,1,0.23827,-0.00228,-0.01688,0.00772,0.64332,0.42798,0.44758,13.73688,1,0.25731,0.01742,1.30461,0.00296,1,1,0.04438,0.00844,0.60159,0.68874,0.44129,17.09222,1,0.18251,-0.02412,1.30461,0.00351,1,1,participant_9,question_14,Timer-Correct,True,Other,NOT_RANDOM,0
0.0,0,36,1,0.2308,-0.02168,0,0.78229,0.41759,0.05371,8080,3428.02344,1,0.23744,-0.00443,-0.01688,0.00772,0.64332,0.42812,0.44775,13.33324,1,0.27296,-0.03804,1.30461,0.00302,1,1,0.04438,0.00844,0.60159,0.68878,0.44163,17.66067,1,0.18863,-0.00532,1.30461,0.00354,1,1,participant_9,question_14,Timer-Correct,True,Other,NOT_RANDOM,0
0.0,0,36,1,0.22527,-0.01259,0,0.78229,0.41759,0.0603,8080,3428.02344,1,0.23622,-0.00525,-0.01688,0.00772,0.64332,0.42822,0.44776,13.28043,1,0.25151,-0.02244,1.30461,0.00299,1,1,0.04438,0.00844,0.60159,0.68889,0.44156,17.56042,1,0.19902,-0.00275,1.30461,0.00356,1,1,participant_9,question_14,Timer-Correct,True,Other,NOT_RANDOM,0
0.0,0,36,1,0.22612,-0.00824,0,0.78229,0.41759,0.06665,8080,3428.02344,1,0.2353,-0.00552,-0.01631,0.00748,0.6233,0.4282,0.44779,13.35878,1,0.25307,-0.01445,1.29559,0.00298,1,1,0.04605,0.0087,0.62348,0.68887,0.44159,17.01671,1,0.19917,-0.00203,1.30374,0.00362,1,1,participant_9,question_14,Timer-Correct,True,Other,NOT_RANDOM,0
0.0,0,36,1,0.22545,-0.00035,0,0.78229,0.41759,0.07349,8080,3428.02344,1,0.23448,-0.00509,-0.01631,0.00748,0.6233,0.42826,0.44786,13.60753,1,0.25338,-0.00011,1.29473,0.00295,1,1,0.04605,0.0087,0.62348,0.68893,0.44162,17.21087,1,0.19752,-0.00059,1.30288,0.00361,1,1,participant_9,question_14,Timer-Correct,True,Other,NOT_RANDOM,0
0.0,0,36,1,0.22631,-0.00794,0,0.78229,0.41759,0.08032,8080,3428.02344,1,0.23385,-0.00531,-0.01631,0.00748,0.6233,0.42828,0.44786,13.63761,1,0.24868,-0.03536,1.29386,0.00295,1,1,0.04605,0.0087,0.62348,0.68908,0.44159,17.21707,1,0.20395,0.01948,1.30201,0.00356,1,1,participant_9,question_14,Timer-Correct,True,Other,NOT_RANDOM,0
0.0,0,36,1,0.22571,-0.01087,0,0.78229,0.41759,0.08691,8080,3428.02344,1,0.23327,-0.00571,-0.01632,0.00753,0.62724,0.42837,0.44794,13.45631,1,0.24883,-0.03458,1.293,0.0029,1,1,0.0478,0.00892,0.64662,0.68915,0.44163,17.22017,1,0.20258,0.01284,1.31021,0.00353,1,1,participant_9,question_14,Timer-Correct,True,Other,NOT_RANDOM,0
0.0,0,36,1,0.22102,-0.01511,0,0.78229,0.41759,0.09326,8080,3428.02344,1,0.23246,-0.00633,-0.01632,0.00753,0.62724,0.42843,0.44804,13.32103,1,0.23622,-0.04671,1.31021,0.00293,1,1,0.0478,0.00892,0.64662,0.68915,0.44176,17.24029,1,0.20582,0.01649,1.31926,0.00353,1,1,participant_9,question_14,Timer-Correct,True,Other,NOT_RANDOM,0
0.0,0,36,1,0.22589,-0.03322,0,0.78229,0.41759,0.10107,8080,3428.02344,1,0.23204,-0.00801,-0.01632,0.00753,0.62724,0.42844,0.44812,13.43646,1,0.24299,-0.07099,1.31926,0.00286,1,1,0.0478,0.00892,0.64662,0.6892,0.4418,17.05629,1,0.20878,0.00456,1.32832,0.00355,1,1,participant_9,question_14,Timer-Correct,True,Other,NOT_RANDOM,0
0.0,0,36,1,0.22509,-0.03734,0,0.78229,0.41759,0.10669,8080,3428.02344,1,0.23164,-0.00974,-0.01632,0.00753,0.62724,0.42856,0.44817,13.55614,1,0.2414,-0.07924,1.32832,0.0029,1,1,0.0467,0.00871,0.63111,0.68935,0.44187,17.22426,1,0.20878,0.00456,1.32832,0.00358,1,1,participant_9,question_14,Timer-Correct,True,Other,NOT_RANDOM,0
0.0,0,36,1,0.21634,-0.02953,0,0.78229,0.41759,0.11353,8080,3428.02344,1,0.23079,-0.01084,-0.01632,0.00753,0.62724,0.42867,0.44809,13.63332,1,0.24631,-0.04348,1.32832,0.00295,1,1,0.0467,0.00871,0.63111,0.68932,0.44193,17.12769,1,0.18637,-0.01558,1.31926,0.00356,1,1,participant_9,question_14,Timer-Correct,True,Other,NOT_RANDOM,0
0.0,0,36,1,0.21566,-0.02923,0,0.78229,0.41759,0.12012,8080,3428.02344,1,0.22999,-0.01181,-0.01632,0.00753,0.62724,0.42861,0.44821,13.39397,1,0.25573,-0.0438,1.31926,0.00291,1,1,0.0467,0.00871,0.63111,0.68938,0.44189,17.21244,1,0.17559,-0.01465,1.31021,0.00354,1,1,participant_9,question_14,Timer-Correct,True,Other,NOT_RANDOM,0
0.0,0,36,1,0.21641,-0.02582,0,0.78229,0.41759,0.12695,8080,3428.02344,1,0.22931,-0.01251,-0.01655,0.00761,0.63792,0.4288,0.44831,13.56663,1,0.25573,-0.04377,1.31922,0.00288,1,1,0.04497,0.00838,0.60707,0.68945,0.44188,17.25244,1,0.17709,-0.00787,1.30201,0.00359,1,1,participant_9,question_14,Timer-Correct,True,Other,NOT_RANDOM,0
0.0,0,36,1,0.22167,-0.01581,0,0.78229,0.41759,0.13379,8080,3428.02344,1,0.22895,-0.01266,-0.01655,0.00761,0.63792,0.42876,0.44834,13.36269,1,0.26187,-0.02201,1.31103,0.00292,1,1,0.04497,0.00838,0.60707,0.68947,0.44197,17.56728,1,0.18147,-0.00961,1.30288,0.00356,1,1,participant_9,question_14,Timer-Correct,True,Other,NOT_RANDOM,0
0.0,0,36,1,0.21809,-0.00732,0,0.78229,0.41759,0.14038,8080,3428.02344,1,0.22845,-0.01242,-0.01655,0.00761,0.63792,0.42879,0.44836,13.42932,1,0.25865,-0.0058,1.3119,0.00292,1,1,0.04497,0.00838,0.60707,0.68947,0.44197,17.56728,1,0.17752,-0.00883,1.30375,0.00356,1,1,participant_9,question_14,Timer-Correct,True,Other,NOT_RANDOM,0
0.0,0,36,1,0.21793,-0.00805,0,0.78229,0.41759,0.14697,8080,3428.02344,1,0.228,-0.01223,-0.01655,0.00751,0.63792,0.42879,0.44838,13.36121,1,0.25851,-0.00656,1.31276,0.00293,1,1,0.04497,0.00838,0.60707,0.68957,0.44196,17.6421,1,0.17736,-0.00955,1.30461,0.00353,1,1,participant_9,question_14,Timer-Correct,True,Other,NOT_RANDOM,0
0.0,0,36,1,0.22467,-0.02242,0,0.78229,0.41759,0.15381,8080,3428.02344,1,0.22786,-0.01266,-0.01655,0.00751,0.63792,0.42892,0.44856,13.53984,1,0.25225,-0.00224,1.30461,0.00296,1,1,0.04497,0.00838,0.60707,0.68966,0.44204,17.52006,1,0.19709,-0.0426,1.30461,0.00357,1,1,participant_9,question_14,Timer-Correct,True,Other,NOT_RANDOM,0
0.0,0,36,1,0.25282,-0.02117,0,0.78229,0.41759,0.1604,8080,3428.02344,1,0.22886,-0.013,-0.01655,0.00751,0.63792,0.42925,0.44846,13.47708,1,0.2693,-0.00109,1.30461,0.00291,1,1,0.04497,0.00838,0.60707,0.69009,0.44212,17.36497,1,0.23633,-0.04125,1.30461,0.00354,1,1,participant_9,question_14,Timer-Correct,True,Other,NOT_RANDOM,0
0.0,0,36,1,0.25419,-0.01337,0,0.78229,0.41759,0.16724,8080,3428.02344,1,0.22983,-0.01301,-0.01602,0.00733,0.62661,0.43013,0.44855,13.94613,1,0.27074,0.00677,1.29559,0.00286,1,1,0.04514,0.00838,0.6069,0.69074,0.44206,17.34079,1,0.23764,-0.0335,1.29559,0.00357,1,1,participant_9,question_14,Timer-Correct,True,Other,NOT_RANDOM,0
0.0,0,36,1,0.28426,-0.01137,0,0.78229,0.41759,0.17407,8080,3428.02344,1,0.23185,-0.01295,-0.01602,0.00733,0.62661,0.43074,0.44855,13.44293,1,0.3081,0.01018,1.28658,0.00296,1,1,0.04514,0.00838,0.6069,0.69161,0.4422,17.634,1,0.26041,-0.03292,1.28658,0.00362,1,1,participant_9,question_14,Timer-Correct,True,Other,NOT_RANDOM,0
0.0,0,36,1,0.27778,-0.00513,0,0.78229,0.41759,0.18066,8080,3428.02344,1,0.23349,-0.01267,-0.01602,0.00733,0.62661,0.43086,0.44855,13.86733,1,0.311,0.01264,1.27756,0.00287,1,1,0.04514,0.00838,0.6069,0.69154,0.44206,17.30296,1,0.24456,-0.0229,1.27756,0.0036,1,1,participant_9,question_14,Timer-Correct,True,Other,NOT_RANDOM,0
0.0,0,36,1,0.27778,-0.00513,0,0.78229,0.41759,0.1875,8080,3428.02344,1,0.23501,-0.01241,-0.01622,0.00749,0.64008,0.43116,0.44851,13.54817,1,0.311,0.01264,1.27756,0.00291,1,1,0.04525,0.00836,0.60597,0.69185,0.44206,17.50862,1,0.24456,-0.0229,1.27756,0.00361,1,1,participant_9,question_14,Timer-Correct,True,Other,NOT_RANDOM,0
0.0,0,36,1,0.28789,-0.00449,0,0.78229,0.41759,0.19434,8080,3428.02344,1,0.23678,-0.01215,-0.01622,0.00749,0.64008,0.43125,0.44855,13.56722,1,0.32474,0.00772,1.28658,0.00296,1,1,0.04525,0.00836,0.60597,0.69194,0.44206,17.48408,1,0.25104,-0.01669,1.28658,0.00362,1,1,participant_9,question_14,Timer-Correct,True,Other,NOT_RANDOM,0
0.0,0,36,1,0.29252,-0.0113,0,0.78229,0.41759,0.20044,8080,3428.02344,1,0.23857,-0.01212,-0.01622,0.00749,0.64008,0.43125,0.44855,13.56856,1,0.32531,0.0034,1.29559,0.00296,1,1,0.04525,0.00836,0.60597,0.69194,0.44207,17.53696,1,0.25973,-0.026,1.29559,0.00359,1,1,participant_9,question_14,Timer-Correct,True,Other,NOT_RANDOM,0
0.0,0,36,1,0.29252,-0.0113,0,0.78229,0.41759,0.20752,8080,3428.02344,1,0.24026,-0.01209,-0.01571,0.00728,0.62182,0.43137,0.44858,13.51435,1,0.32531,0.0034,1.29559,0.0029,1,1,0.04525,0.00836,0.60597,0.69199,0.44208,17.41465,1,0.25973,-0.026,1.29559,0.00358,1,1,participant_9,question_14,Timer-Correct,True,Other,NOT_RANDOM,0
0.0,0,36,1,0.27354,-0.00096,0,0.78229,0.41759,0.21411,8080,3428.02344,1,0.24127,-0.01176,-0.01571,0.00728,0.62182,0.4315,0.44858,13.89782,1,0.30386,0.01672,1.28658,0.00288,1,1,0.04525,0.00836,0.60597,0.69204,0.44217,17.69364,1,0.24323,-0.01865,1.28658,0.00356,1,1,participant_9,question_14,Timer-Correct,True,Other,NOT_RANDOM,0
0.0,0,36,1,0.27962,0.01049,0,0.78229,0.41759,0.21411,8080,3428.02344,0,0.26796,-0.00868,-0.01571,0.00728,0.62182,0.43155,0.44871,13.69441,1,0.31102,0.03036,1.27756,0.00289,1,1,0.04525,0.00836,0.60597,0.69209,0.44223,17.53802,1,0.24822,-0.00938,1.27756,0.00355,1,1,participant_9,question_14,Timer-Correct,True,Other,NOT_RANDOM,0
0.0,0,36,1,0.28086,0.01827,0,0.78229,0.41759,0.21411,8080,3428.02344,0,0.27441,0.00479,-0.01571,0.00728,0.62182,0.43161,0.44874,13.72996,1,0.31222,0.03821,1.26855,0.00291,1,1,0.04525,0.00836,0.60597,0.69228,0.44219,17.41183,1,0.2495,-0.00167,1.26855,0.00364,1,1,participant_9,question_14,Timer-Correct,True,Other,NOT_RANDOM,0
0.0,0,36,1,0.27998,-0.00025,0,0.78229,0.41759,0.21411,8080,3428.02344,0,0.27627,0.00311,-0.01571,0.00728,0.62182,0.43167,0.44877,13.78587,1,0.29828,-0.00387,1.26855,0.00291,1,1,0.04525,0.00836,0.60597,0.69231,0.44227,17.56063,1,0.26169,0.00338,1.26855,0.00361,1,1,participant_9,question_14,Timer-Correct,True,Other,NOT_RANDOM,0
0.0,0,36,1,0.28115,-0.0148,0,0.78229,0.41759,0.02026,8081,3428.24414,1,0.27749,-0.00137,-0.01571,0.00728,0.62182,0.43168,0.44873,13.68215,1,0.29798,-0.04018,1.26855,0.00292,1,1,0.04525,0.00836,0.60597,0.69233,0.44232,17.45862,1,0.26432,0.01058,1.26855,0.0036,1,1,participant_9,question_14,Timer-Correct,True,Other,NOT_RANDOM,0
0.0,0,36,1,0.28001,-0.02209,0,0.78229,0.41759,0.02661,8081,3428.24414,1,0.27799,-0.00551,-0.01608,0.00749,0.64036,0.43176,0.44899,13.59863,1,0.29798,-0.04018,1.26855,0.00293,1,1,0.04791,0.00879,0.64029,0.69234,0.44233,17.48199,1,0.26204,-0.004,1.28575,0.00364,1,1,participant_9,question_14,Timer-Correct,True,Other,NOT_RANDOM,0
0.0,0,36,1,0.28556,-0.01831,0,0.78229,0.41759,0.03345,8081,3428.24414,1,0.27925,-0.00764,-0.01608,0.00749,0.64036,0.4319,0.44908,13.79702,1,0.30607,-0.03119,1.28575,0.00292,1,1,0.04791,0.00879,0.64029,0.69245,0.44252,17.36409,1,0.26505,-0.00542,1.30296,0.00359,1,1,participant_9,question_14,Timer-Correct,True,Other,NOT_RANDOM,0
0.0,0,36,1,0.28302,-0.03537,0,0.78229,0.41759,0.04004,8081,3428.24414,1,0.27979,-0.0116,-0.01608,0.00749,0.64036,0.43187,0.44914,13.71842,1,0.30098,-0.0477,1.30296,0.00294,1,1,0.04791,0.00879,0.64029,0.69246,0.44256,17.22822,1,0.26505,-0.02304,1.32017,0.00359,1,1,participant_9,question_14,Timer-Correct,True,Other,NOT_RANDOM,0
0.0,0,36,1,0.28065,-0.0511,0,0.78229,0.41759,0.04663,8081,3428.24414,1,0.2799,-0.01654,-0.01592,0.00739,0.63557,0.43188,0.44917,13.79506,1,0.29738,-0.07159,1.32918,0.00292,1,1,0.04567,0.00822,0.60909,0.69258,0.4426,17.3855,1,0.26391,-0.03061,1.32918,0.00359,1,1,participant_9,question_14,Timer-Correct,True,Other,NOT_RANDOM,0
0.0,0,36,1,0.28406,-0.02819,0,0.78229,0.41759,0.05347,8081,3428.24414,1,0.28036,-0.01784,-0.01592,0.00739,0.63557,0.43189,0.44926,13.6678,1,0.29718,-0.05182,1.3382,0.00289,1,1,0.04567,0.00822,0.60909,0.69255,0.44268,17.36341,1,0.27094,-0.00455,1.32099,0.00361,1,1,participant_9,question_14,Timer-Correct,True,Other,NOT_RANDOM,0
0.0,0,36,1,0.28877,-0.02039,0,0.78229,0.41759,0.06055,8081,3428.24414,1,0.2812,-0.01809,-0.01592,0.00739,0.63557,0.4319,0.44934,13.4474,1,0.30493,-0.04235,1.33001,0.00291,1,1,0.04567,0.00822,0.60909,0.69264,0.44272,17.49223,1,0.27261,0.00157,1.3128,0.00355,1,1,participant_9,question_14,Timer-Correct,True,Other,NOT_RANDOM,0
0.0,0,36,1,0.28982,-0.01336,0,0.78229,0.41759,0.06714,8081,3428.24414,1,0.28199,-0.01766,-0.01592,0.00725,0.63557,0.43189,0.44953,13.75244,1,0.30601,-0.03506,1.32182,0.00296,1,1,0.04567,0.00822,0.60909,0.69268,0.44286,17.53791,1,0.27362,0.00834,1.30461,0.00354,1,1,participant_9,question_14,Timer-Correct,True,Other,NOT_RANDOM,0
0.0,0,36,1,0.2812,-0.01123,0,0.78229,0.41759,0.07397,8081,3428.24414,1,0.28192,-0.01712,-0.01592,0.00725,0.63557,0.43197,0.44955,13.7938,1,0.31132,0.00132,1.30461,0.00298,1,1,0.04567,0.00822,0.60909,0.6927,0.44283,17.4409,1,0.25108,-0.02377,1.30461,0.00354,1,1,participant_9,question_14,Timer-Correct,True,Other,NOT_RANDOM,0
0.0,0,36,1,0.28831,-0.00615,0,0.78229,0.41759,0.08057,8081,3428.24414,1,0.28241,-0.01628,-0.01592,0.00725,0.63557,0.432,0.44958,13.6972,1,0.31881,0.00345,1.30461,0.00299,1,1,0.04567,0.00822,0.60909,0.69268,0.44287,17.52503,1,0.25782,-0.01575,1.30461,0.00354,1,1,participant_9,question_14,Timer-Correct,True,Other,NOT_RANDOM,0
0.0,0,36,1,0.28831,-0.00615,0,0.78229,0.41759,0.08716,8081,3428.24414,1,0.28283,-0.01556,-0.01592,0.00725,0.63557,0.43196,0.44985,14.14164,1,0.31881,0.00345,1.30461,0.00292,1,1,0.04567,0.00822,0.60909,0.69273,0.44304,17.50353,1,0.25782,-0.01575,1.30461,0.00354,1,1,participant_9,question_14,Timer-Correct,True,Other,NOT_RANDOM,0
0.0,0,36,1,0.28403,-0.04778,0,0.78229,0.41759,0.09399,8081,3428.24414,1,0.28291,-0.01771,-0.01592,0.00725,0.63557,0.43203,0.44993,13.69083,1,0.31516,-0.057,1.30461,0.00295,1,1,0.04567,0.00822,0.60909,0.69278,0.44315,17.18246,1,0.2529,-0.03856,1.30461,0.00357,1,1,participant_9,question_14,Timer-Correct,True,Other,NOT_RANDOM,0
0.0,0,36,1,0.28168,-0.0362,0,0.78229,0.41759,0.10059,8081,3428.24414,1,0.28284,-0.01886,-0.01592,0.00725,0.63557,0.43211,0.44997,13.66343,1,0.30679,-0.04095,1.30461,0.0029,1,1,0.04567,0.00822,0.60909,0.69268,0.44314,17.38529,1,0.25658,-0.03144,1.30461,0.00357,1,1,participant_9,question_14,Timer-Correct,True,Other,NOT_RANDOM,0
0.0,0,36,1,0.28168,-0.0362,0,0.78229,0.41759,0.10718,8081,3428.24414,1,0.28277,-0.01988,-0.01592,0.00715,0.63557,0.43198,0.4502,13.62572,1,0.30679,-0.04095,1.30461,0.00284,1,1,0.04567,0.00822,0.60909,0.69267,0.4435,17.70668,1,0.25658,-0.03144,1.30461,0.00356,1,1,participant_9,question_14,Timer-Correct,True,Other,NOT_RANDOM,0
0.0,0,36,1,0.27439,-0.0047,0,0.78229,0.41759,0.11426,8081,3428.24414,1,0.2823,-0.01904,-0.01592,0.00715,0.63557,0.43196,0.45042,13.66199,1,0.30709,-0.0131,1.30461,0.0029,1,1,0.04567,0.00822,0.60909,0.69266,0.44342,17.43762,1,0.2417,0.0037,1.30461,0.00355,1,1,participant_9,question_14,Timer-Correct,True,Other,NOT_RANDOM,0
0.0,0,36,1,0.27157,0.00352,0,0.78229,0.41759,0.12085,8081,3428.24414,1,0.28174,-0.01785,-0.01592,0.00715,0.63557,0.43205,0.45044,13.70078,1,0.30926,0.00767,1.30461,0.00295,1,1,0.04567,0.00822,0.60909,0.69267,0.44345,17.55475,1,0.23389,-0.00064,1.30461,0.00355,1,1,participant_9,question_14,Timer-Correct,True,Other,NOT_RANDOM,0
0.0,0,36,1,0.27157,0.00352,0,0.78229,0.41759,0.12769,8081,3428.24414,1,0.28123,-0.01678,-0.01592,0.00705,0.63557,0.4321,0.45084,13.78049,1,0.30926,0.00767,1.30461,0.00299,1,1,0.04567,0.00804,0.60909,0.6927,0.44369,17.16404,1,0.23389,-0.00064,1.30461,0.00355,1,1,participant_9,question_14,Timer-Correct,True,Other,NOT_RANDOM,0
0.0,0,36,1,0.2816,-0.00656,0,0.78229,0.41759,0.13428,8081,3428.24414,1,0.28125,-0.0163,-0.01592,0.00705,0.63557,0.43204,0.45093,13.73242,1,0.29622,-0.03539,1.30461,0.00294,1,1,0.04567,0.00804,0.60909,0.69266,0.44376,17.29134,1,0.26698,0.02227,1.30461,0.00356,1,1,participant_9,question_14,Timer-Correct,True,Other,NOT_RANDOM,0
0.0,0,36,1,0.23102,-0.03535,0,0.78229,0.41759,0.14087,8081,3428.24414,1,0.27896,-0.01716,-0.01592,0.00705,0.63557,0.43151,0.45118,13.58804,1,0.25607,-0.02521,1.30461,0.00285,1,1,0.04567,0.00804,0.60909,0.69204,0.4439,17.32817,1,0.20597,-0.04549,1.30461,0.00358,1,1,participant_9,question_14,Timer-Correct,True,Other,NOT_RANDOM,0
0.0,0,36,1,0.23388,-0.02038,0,0.78229,0.41759,0.14771,8081,3428.24414,1,0.277,-0.0173,-0.01548,0.00656,0.60727,0.43004,0.45175,13.53016,1,0.25897,-0.00998,1.28748,0.00286,1,1,0.04514,0.00801,0.6069,0.69068,0.44447,17.20429,1,0.20879,-0.03078,1.28748,0.00354,1,1,participant_9,question_14,Timer-Correct,True,Other,NOT_RANDOM,0
0.0,0,36,1,0.15545,0.03616,0,0.78229,0.41759,0.15454,8081,3428.24414,1,0.27194,-0.01507,-0.01548,0.00656,0.60727,0.42871,0.45219,13.17626,1,0.18704,0.03722,1.27035,0.00289,1,1,0.04514,0.00801,0.6069,0.68919,0.44464,16.58884,1,0.12387,0.0351,1.27035,0.00356,1,1,participant_9,question_14,Timer-Correct,True,Question,NOT_RANDOM,0
0.0,0,36,1,0.14455,0.07664,0,0.78229,0.41759,0.16089,8081,3428.24414,1,0.26684,-0.01141,-0.01548,0.00656,0.60727,0.42842,0.45225,13.01872,1,0.17546,0.04893,1.25322,0.00283,1,1,0.04514,0.00801,0.6069,0.6883,0.44486,16.55649,1,0.11364,0.10436,1.25322,0.00366,1,1,participant_9,question_14,Timer-Correct,True,Question,NOT_RANDOM,0
0.0,0,36,1,0.14455,0.07664,0,0.78229,0.41759,0.16089,8081,3428.24414,0,0.238,0.00078,-0.01688,0.00675,0.64332,0.42589,0.45322,13.20857,1,0.17546,0.04893,1.25322,0.0029,1,1,0.04448,0.00781,0.60541,0.68596,0.44545,16.92764,1,0.11364,0.10436,1.25322,0.00353,1,1,participant_9,question_14,Timer-Correct,True,Question,NOT_RANDOM,0
0.0,0,36,1,0.10212,0.07124,0,0.78229,0.41759,0.16089,8081,3428.24414,0,0.17006,0.03601,-0.01688,0.00675,0.64332,0.42536,0.45353,13.15616,1,0.12692,0.07292,1.27035,0.00288,1,1,0.04448,0.00781,0.60541,0.68535,0.44572,16.94053,1,0.07732,0.06955,1.27035,0.00355,1,1,participant_9,question_14,Timer-Correct,True,Question,NOT_RANDOM,0
0.0,0,36,1,0.09559,0.08003,0,0.78229,0.41759,0.16089,8081,3428.24414,0,0.14524,0.05068,-0.01688,0.00675,0.64332,0.42535,0.45384,13.18228,1,0.11324,0.0972,1.28748,0.00289,1,1,0.04448,0.00781,0.60541,0.68537,0.44576,17.08343,1,0.07794,0.06285,1.28748,0.00354,1,1,participant_9,question_14,Timer-Correct,True,Question,NOT_RANDOM,0
0.0,0,36,1,0.09344,0.0734,0,0.78229,0.41759,0.16089,8081,3428.24414,0,0.09705,0.07489,-0.01584,0.00612,0.60004,0.42511,0.45417,13.01337,1,0.11324,0.0972,1.28748,0.003,1,1,0.04756,0.00832,0.64857,0.68533,0.44578,17.02411,1,0.07365,0.0496,1.30469,0.00357,1,1,participant_9,question_14,Timer-Correct,True,Question,NOT_RANDOM,0
0.0,0,36,1,0.09787,0.05561,0,0.78229,0.41759,0.16089,8081,3428.24414,0,0.09746,0.06525,-0.01584,0.00612,0.60004,0.42488,0.45443,13.50805,1,0.12296,0.0507,1.28756,0.003,1,1,0.04756,0.00832,0.64857,0.68521,0.44605,17.22181,1,0.07278,0.06052,1.30476,0.00356,1,1,participant_9,question_14,Timer-Correct,True,Question,NOT_RANDOM,0
0.0,0,36,1,0.092,0.06661,0,0.78229,0.41759,0.16089,8081,3428.24414,0,0.09564,0.0657,-0.01584,0.00612,0.60004,0.42494,0.45457,12.99383,1,0.11948,0.06747,1.28764,0.00298,1,1,0.04756,0.00832,0.64857,0.68525,0.44606,17.062,1,0.06452,0.06576,1.30484,0.00359,1,1,participant_9,question_14,Timer-Correct,True,Question,NOT_RANDOM,0
0.0,0,36,1,0.08984,0.06017,0,0.78229,0.41759,0.02002,8082,3428.43164,1,0.09419,0.06432,-0.01698,0.00636,0.63804,0.42477,0.45488,13.22134,1,0.11725,0.06078,1.29583,0.00294,1,1,0.04715,0.0081,0.64299,0.68522,0.4463,17.38783,1,0.06243,0.05956,1.31303,0.00359,1,1,participant_9,question_14,Timer-Correct,True,Question,NOT_RANDOM,0
0.0,0,36,1,0.08263,0.06291,0,0.78229,0.41759,0.02686,8082,3428.43164,1,0.09188,0.06404,-0.01698,0.00636,0.63804,0.42482,0.45503,13.38877,1,0.1042,0.03262,1.32115,0.00293,1,1,0.04715,0.0081,0.64299,0.68518,0.44644,17.27886,1,0.06107,0.09321,1.32115,0.00355,1,1,participant_9,question_14,Timer-Correct,True,Question,NOT_RANDOM,0
0.0,0,36,1,0.07919,0.0344,0,0.78229,0.41759,0.03394,8082,3428.43164,1,0.08976,0.0591,-0.01698,0.00636,0.63804,0.42467,0.45529,13.3211,1,0.09857,0.0265,1.32926,0.00291,1,1,0.04715,0.0081,0.64299,0.68516,0.44632,17.03015,1,0.0598,0.04231,1.32926,0.00352,1,1,participant_9,question_14,Timer-Correct,True,Question,NOT_RANDOM,0
0.0,0,36,1,0.07704,0.02801,0,0.78229,0.41759,0.04004,8082,3428.43164,1,0.08795,0.05466,-0.01698,0.00617,0.63804,0.42457,0.45553,13.38174,1,0.09632,0.01986,1.33738,0.00296,1,1,0.04715,0.0081,0.64299,0.68515,0.44647,17.20119,1,0.05776,0.03615,1.33738,0.00352,1,1,participant_9,question_14,Timer-Correct,True,Question,NOT_RANDOM,0
0.0,0,36,1,0.07275,0.02743,0,0.78229,0.41759,0.04712,8082,3428.43164,1,0.08605,0.05125,-0.01698,0.00617,0.63804,0.42449,0.45584,13.24406,1,0.08829,0.04066,1.33738,0.00289,1,1,0.04715,0.0081,0.64299,0.68512,0.44658,17.06539,1,0.05721,0.01421,1.33738,0.00358,1,1,participant_9,question_14,Timer-Correct,True,Question,NOT_RANDOM,0
0.0,0,36,1,0.0799,0.02459,0,0.78229,0.41759,0.05347,8082,3428.43164,1,0.08536,0.04829,-0.01698,0.00617,0.63804,0.4245,0.45589,13.21277,1,0.1076,0.01805,1.33738,0.00295,1,1,0.04715,0.0081,0.64299,0.68506,0.44668,16.94756,1,0.0522,0.03112,1.33738,0.00354,1,1,participant_9,question_14,Timer-Correct,True,Other,NOT_RANDOM,0
0.0,0,36,1,0.08202,0.031,0,0.78229,0.41759,0.06152,8082,3428.43164,1,0.08503,0.04656,-0.01647,0.00588,0.61723,0.42443,0.45628,13.21693,1,0.10978,0.02471,1.32926,0.00293,1,1,0.04756,0.00812,0.64857,0.68498,0.44688,17.00084,1,0.05427,0.03729,1.32926,0.00354,1,1,participant_9,question_14,Timer-Correct,True,Question,NOT_RANDOM,0
0.0,0,36,1,0.09143,0.03742,0,0.78229,0.41759,0.06787,8082,3428.43164,1,0.08561,0.04573,-0.01647,0.00588,0.61723,0.42423,0.45651,13.17477,1,0.1259,0.02708,1.32115,0.00296,1,1,0.04756,0.00812,0.64857,0.68501,0.44698,17.26243,1,0.05695,0.04777,1.32115,0.00351,1,1,participant_9,question_14,Timer-Correct,True,Question,NOT_RANDOM,0
0.0,0,36,1,0.09029,0.06202,0,0.78229,0.41759,0.07397,8082,3428.43164,1,0.086,0.04709,-0.01647,0.00588,0.61723,0.42421,0.45658,13.24159,1,0.12647,0.06543,1.31303,0.00297,1,1,0.04756,0.00812,0.64857,0.68501,0.44698,17.26243,1,0.05411,0.05861,1.31303,0.00351,1,1,participant_9,question_14,Timer-Correct,True,Question,NOT_RANDOM,0
0.0,0,36,1,0.09465,0.07485,0,0.78229,0.41759,0.08032,8082,3428.43164,1,0.08667,0.04922,-0.01611,0.00563,0.60039,0.42408,0.45704,13.1622,1,0.12859,0.07194,1.30492,0.00294,1,1,0.04382,0.00741,0.59881,0.68488,0.44724,17.12761,1,0.06071,0.07775,1.28771,0.00362,1,1,participant_9,question_14,Timer-Correct,True,Question,NOT_RANDOM,0
0.0,0,36,1,0.09305,0.07493,0,0.78229,0.41759,0.08789,8082,3428.43164,1,0.08712,0.05106,-0.01611,0.00563,0.60039,0.42392,0.45723,13.21333,1,0.11951,0.03384,1.28771,0.00296,1,1,0.04382,0.00741,0.59881,0.6848,0.44727,17.27118,1,0.0666,0.11603,1.27051,0.00353,1,1,participant_9,question_14,Timer-Correct,True,Question,NOT_RANDOM,0
0.0,0,36,1,0.09169,0.09743,0,0.78229,0.41759,0.09473,8082,3428.43164,1,0.08743,0.05415,-0.01611,0.00563,0.60039,0.42395,0.45719,13.20728,1,0.12732,0.05419,1.27051,0.00298,1,1,0.04382,0.00741,0.59881,0.6848,0.44728,17.22489,1,0.05606,0.14068,1.2533,0.00353,1,1,participant_9,question_14,Timer-Correct,True,Question,NOT_RANDOM,0
0.0,0,36,1,0.09304,0.10159,0,0.78229,0.41759,0.10132,8082,3428.43164,1,0.08778,0.05712,-0.01666,0.00562,0.61889,0.42381,0.45773,13.16537,1,0.12977,0.06181,1.26141,0.00295,1,1,0.04382,0.00741,0.59881,0.68481,0.44738,16.95897,1,0.05631,0.14136,1.25236,0.00355,1,1,participant_9,question_14,Timer-Correct,True,Question,NOT_RANDOM,0
0.0,0,36,1,0.10647,0.09982,0,0.78229,0.41759,0.10742,8082,3428.43164,1,0.08888,0.05963,-0.01666,0.00562,0.61889,0.42382,0.45776,13.15951,1,0.11904,0.10865,1.26047,0.00293,1,1,0.04382,0.00741,0.59881,0.68472,0.4473,17.20802,1,0.0939,0.091,1.26862,0.00353,1,1,participant_9,question_14,Timer-Correct,True,Question,NOT_RANDOM,0
0.0,0,36,1,0.09606,0.10243,0,0.78229,0.41759,0.11426,8082,3428.43164,1,0.08928,0.06201,-0.01666,0.00562,0.61889,0.42375,0.45783,13.27159,1,0.10145,0.11553,1.27674,0.00287,1,1,0.04382,0.00741,0.59881,0.68472,0.44742,16.83332,1,0.09067,0.08934,1.28489,0.00356,1,1,participant_9,question_14,Timer-Correct,True,Question,NOT_RANDOM,0
0.0,0,36,1,0.09273,0.09299,0,0.78229,0.41759,0.12109,8082,3428.43164,1,0.08946,0.06364,-0.01675,0.0056,0.62234,0.42366,0.45809,13.35662,1,0.09677,0.10276,1.293,0.00289,1,1,0.04472,0.00752,0.61112,0.68468,0.44755,16.79031,1,0.08869,0.08322,1.293,0.00357,1,1,participant_9,question_14,Timer-Correct,True,Question,NOT_RANDOM,0
0.0,0,36,1,0.09439,0.04709,0,0.78229,0.41759,0.12769,8082,3428.43164,1,0.0897,0.06281,-0.01675,0.0056,0.62234,0.42352,0.45828,13.46726,1,0.10906,0.04761,1.293,0.00284,1,1,0.04472,0.00752,0.61112,0.68453,0.44761,16.89237,1,0.07973,0.04657,1.28485,0.00354,1,1,participant_9,question_14,Timer-Correct,True,Question,NOT_RANDOM,0
0.0,0,36,1,0.10498,0.06601,0,0.78229,0.41759,0.13428,8082,3428.43164,1,0.09043,0.06296,-0.01675,0.0056,0.62234,0.42342,0.45851,13.19856,1,0.13048,0.05946,1.28485,0.00295,1,1,0.04472,0.00752,0.61112,0.68453,0.44761,16.89237,1,0.07948,0.07257,1.2767,0.00353,1,1,participant_9,question_14,Timer-Correct,True,Question,NOT_RANDOM,0
0.0,0,36,1,0.10492,0.06589,0,0.78229,0.41759,0.14087,8082,3428.43164,1,0.09109,0.0631,-0.01683,0.0055,0.62184,0.42345,0.4585,13.2311,1,0.13264,0.06619,1.2767,0.00295,1,1,0.04704,0.00792,0.64417,0.68432,0.44766,16.8185,1,0.07721,0.0656,1.28575,0.00359,1,1,participant_9,question_14,Timer-Correct,True,Question,NOT_RANDOM,0
0.0,0,36,1,0.0623,0.08629,0,0.78229,0.41759,0.14771,8082,3428.43164,1,0.08984,0.0641,-0.01683,0.0055,0.62184,0.42311,0.45879,13.10825,1,0.09541,0.10352,1.28575,0.0029,1,1,0.04704,0.00792,0.64417,0.68407,0.44782,16.73667,1,0.02918,0.06906,1.30296,0.00354,1,1,participant_9,question_14,Timer-Correct,True,Question,NOT_RANDOM,0
0.0,0,36,1,0.07034,0.06997,0,0.78229,0.41759,0.1543,8082,3428.43164,1,0.08903,0.06435,-0.01683,0.0055,0.62184,0.42297,0.45892,13.16995,1,0.07488,0.07834,1.30296,0.00284,1,1,0.04704,0.00792,0.64417,0.68385,0.44789,16.67248,1,0.06579,0.0616,1.32017,0.00352,1,1,participant_9,question_14,Timer-Correct,True,Question,NOT_RANDOM,0
0.0,0,36,1,0.06312,0.04973,0,0.78229,0.41759,0.16089,8082,3428.43164,1,0.08799,0.06376,-0.01683,0.0055,0.62184,0.42238,0.45922,13.10269,1,0.06701,0.05752,1.32918,0.00297,1,1,0.04694,0.00784,0.64547,0.68339,0.44814,17.16826,1,0.05923,0.04193,1.34639,0.00351,1,1,participant_9,question_14,Timer-Correct,True,Question,NOT_RANDOM,0
0.0,0,36,1,0.06134,0.02474,0,0.78229,0.41759,0.16797,8082,3428.43164,1,0.08697,0.06226,-0.01683,0.0055,0.62184,0.42231,0.45924,13.32981,1,0.09008,0.00198,1.35541,0.0029,1,1,0.04694,0.00784,0.64547,0.68316,0.44821,17.10946,1,0.03261,0.0475,1.35541,0.00355,1,1,participant_9,question_14,Timer-Correct,True,Other,NOT_RANDOM,0
0.0,0,36,1,0.05838,0.03046,0,0.78229,0.41759,0.17456,8082,3428.43164,1,0.08591,0.06108,-0.01683,0.0055,0.62184,0.42227,0.45955,12.97773,1,0.08617,0.00972,1.36442,0.00293,1,1,0.04694,0.00784,0.64547,0.68322,0.44821,17.10688,1,0.03058,0.05121,1.36442,0.00351,1,1,participant_9,question_14,Timer-Correct,True,Question,NOT_RANDOM,0
0.0,0,36,1,0.05594,0.02354,0,0.78229,0.41759,0.18115,8082,3428.43164,1,0.08484,0.05974,-0.01683,0.0055,0.62184,0.42218,0.45968,13.00968,1,0.08367,0.00244,1.37344,0.00292,1,1,0.04694,0.00775,0.64547,0.6831,0.44822,16.97937,1,0.02821,0.04464,1.37344,0.00348,1,1,participant_9,question_14,Timer-Correct,True,Other,NOT_RANDOM,0
0.0,0,36,1,0.03771,0.03576,0,0.78229,0.41759,0.1875,8082,3428.43164,1,0.08321,0.05892,-0.01683,0.0055,0.62184,0.42196,0.45985,13.01953,1,0.07104,0.01324,1.37344,0.00288,1,1,0.04694,0.00775,0.64547,0.68297,0.44818,16.82956,1,0.00439,0.05828,1.37344,0.00347,1,1,participant_9,question_14,Timer-Correct,True,Other,NOT_RANDOM,0
0.0,0,36,1,0.04435,0.04382,0,0.78229,0.41759,0.19434,8082,3428.43164,1,0.08192,0.05841,-0.01683,0.0055,0.62184,0.42197,0.45984,13.03164,1,0.05715,0.03983,1.37344,0.00287,1,1,0.04694,0.00775,0.64547,0.68291,0.44828,16.72911,1,0.03156,0.0478,1.37344,0.00347,1,1,participant_9,question_14,Timer-Correct,True,Other,NOT_RANDOM,0
0.0,0,36,1,0.0514,0.06299,0,0.78229,0.41759,0.2019,8082,3428.43164,1,0.08093,0.05856,-0.01683,0.0055,0.62184,0.42184,0.4599,12.97443,1,0.06224,0.05318,1.35631,0.00289,1,1,0.0441,0.00729,0.60771,0.68281,0.44844,17.25914,1,0.04056,0.07279,1.3391,0.00351,1,1,participant_9,question_14,Timer-Correct,True,Question,NOT_RANDOM,0
0.0,0,36,1,0.069,0.09219,0,0.78229,0.41759,0.20776,8082,3428.43164,1,0.08056,0.05961,-0.01683,0.0055,0.62184,0.42163,0.46006,13.16992,1,0.08073,0.07422,1.32197,0.00286,1,1,0.0441,0.00729,0.60771,0.68271,0.44832,16.91143,1,0.05727,0.11016,1.30476,0.00349,1,1,participant_9,question_14,Timer-Correct,True,Question,NOT_RANDOM,0
0.0,0,36,1,0.08274,0.12169,0,0.78229,0.41759,0.2146,8082,3428.43164,1,0.08062,0.06149,-0.01683,0.0055,0.62184,0.42148,0.46014,13.15579,1,0.10574,0.11528,1.28764,0.00291,1,1,0.0441,0.00729,0.60771,0.68256,0.44842,16.80895,1,0.05974,0.12809,1.27043,0.00354,1,1,participant_9,question_14,Timer-Correct,True,Question,NOT_RANDOM,0
0.0,0,36,1,0.08766,0.13521,0,0.78229,0.41759,0.22095,8082,3428.43164,1,0.08083,0.06366,-0.01753,0.00532,0.63364,0.42155,0.46021,13.27166,1,0.11316,0.13575,1.26141,0.00288,1,1,0.04616,0.00765,0.63735,0.68243,0.44842,16.9147,1,0.06216,0.13468,1.26141,0.00355,1,1,participant_9,question_14,Timer-Correct,True,Question,NOT_RANDOM,0
0.0,0,36,1,0.07668,0.10264,0,0.78229,0.41759,0.22803,8082,3428.43164,1,0.08071,0.06477,-0.01753,0.00532,0.63364,0.42146,0.4602,13.09715,1,0.10849,0.08675,1.26953,0.00292,1,1,0.04616,0.00765,0.63735,0.6824,0.44845,16.76213,1,0.04487,0.11854,1.28673,0.00352,1,1,participant_9,question_14,Timer-Correct,True,Question,NOT_RANDOM,0
0.0,0,36,1,0.06228,0.09753,0,0.78229,0.41759,0.23438,8082,3428.43164,1,0.0802,0.06568,-0.01753,0.00532,0.63364,0.42131,0.46028,12.99148,1,0.08827,0.09324,1.29485,0.00286,1,1,0.04616,0.00765,0.63735,0.68233,0.44842,16.84316,1,0.03629,0.10182,1.31205,0.00347,1,1,participant_9,question_14,Timer-Correct,True,Question,NOT_RANDOM,0
0.0,0,36,1,0.05513,0.0784,0,0.78229,0.41759,0.24097,8082,3428.43164,1,0.07952,0.06603,-0.01733,0.00528,0.6231,0.42114,0.46018,13.07581,1,0.08086,0.07325,1.32017,0.00285,1,1,0.04616,0.00765,0.63735,0.68233,0.44851,16.93961,1,0.0294,0.08355,1.33738,0.00348,1,1,participant_9,question_14,Timer-Correct,True,Question,NOT_RANDOM,0
0.0,0,36,1,0.04207,0.04206,0,0.78229,0.41759,0.24902,8082,3428.43164,1,0.07854,0.0654,-0.01733,0.00528,0.6231,0.42093,0.46029,12.80185,1,0.06362,-0.00072,1.33738,0.00294,1,1,0.04616,0.00765,0.63735,0.6822,0.44846,16.65527,1,0.02053,0.08484,1.33738,0.00347,1,1,participant_9,question_14,Timer-Correct,True,Other,NOT_RANDOM,0
0.0,0,36,1,0.05383,0.05646,0,0.78229,0.41759,0.25488,8082,3428.43164,1,0.0779,0.06517,-0.01733,0.00528,0.6231,0.42089,0.46036,12.73163,1,0.08498,0.0302,1.33738,0.0029,1,1,0.04616,0.00765,0.63735,0.6822,0.44845,16.68182,1,0.02269,0.08271,1.33738,0.00347,1,1,participant_9,question_14,Timer-Correct,True,Question,NOT_RANDOM,0
0.0,0,36,1,0.05849,0.06888,0,0.78229,0.41759,0.26147,8082,3428.43164,1,0.07742,0.06526,-0.01682,0.00511,0.60291,0.42064,0.46075,12.48849,1,0.08729,0.03677,1.32926,0.00263,1,1,0.04424,0.00744,0.61216,0.68205,0.44848,16.28717,1,0.02968,0.10098,1.31205,0.00345,1,1,participant_9,question_14,Timer-Correct,True,Question,NOT_RANDOM,0
0.0,0,36,0,0.05849,0.06888,0,0.78229,0.41759,0.26831,8082,3428.43164,1,0.07742,0.06526,-0.01682,0.00511,0.60291,0.42064,0.46075,12.48849,0,0.08729,0.03677,1.30394,0.00263,1,0,0.04424,0.00744,0.61216,0.68205,0.44848,16.28717,0,0.02968,0.10098,1.28673,0.00345,1,0,participant_9,question_14,Timer-Correct,False,Question,NOT_RANDOM,0
0.0,0,36,0,0.05849,0.06888,0,0.78229,0.41759,0.2749,8082,3428.43164,1,0.07742,0.06526,-0.01682,0.00511,0.60291,0.42064,0.46075,12.48849,0,0.08729,0.03677,1.27862,0.00263,1,0,0.04424,0.00744,0.61216,0.68205,0.44848,16.28717,0,0.02968,0.10098,1.26141,0.00345,1,0,participant_9,question_14,Timer-Correct,False,Question,NOT_RANDOM,0
0.0,0,36,0,0.05849,0.06888,0,0.78229,0.41759,0.29517,8082,3428.43164,1,0.07742,0.06526,-0.01682,0.00511,0.60291,0.42064,0.46075,12.48849,0,0.08729,0.03677,1.2533,0.00263,1,0,0.04424,0.00744,0.61216,0.68205,0.44848,16.28717,0,0.02968,0.10098,1.23609,0.00345,1,0,participant_9,question_14,Timer-Correct,False,Question,NOT_RANDOM,0
0.0,34,36,0,0.05849,0.06888,0,0.78229,0.41759,0.29517,8082,3428.43164,0,0.06011,0.07814,-0.01682,0.00511,0.60291,0.42064,0.46075,12.48849,0,0.08729,0.03677,1.23609,0.00263,1,0,0.04424,0.00744,0.61216,0.68205,0.44848,16.28717,0,0.02968,0.10098,1.23609,0.00345,1,0,participant_9,question_14,Timer-Correct,True,Question,NOT_RANDOM,0
0.0,34,36,0,0.05849,0.06888,0,0.78229,0.41759,0.29517,8082,3428.43164,0,0.06011,0.07814,-0.01682,0.00511,0.60291,0.42064,0.46075,12.48849,0,0.08729,0.03677,1.23609,0.00263,1,0,0.04424,0.00744,0.61216,0.68205,0.44848,16.28717,0,0.02968,0.10098,1.23609,0.00345,1,0,participant_9,question_14,Timer-Correct,True,Question,NOT_RANDOM,0
0.0,34,36,0,0.05849,0.06888,0,0.78229,0.41759,0.29517,8082,3428.43164,0,0.06011,0.07814,-0.01682,0.00511,0.60291,0.42064,0.46075,12.48849,0,0.08729,0.03677,1.23609,0.00263,1,0,0.04424,0.00744,0.61216,0.68205,0.44848,16.28717,0,0.02968,0.10098,1.23609,0.00345,1,0,participant_9,question_14,Timer-Correct,True,Question,NOT_RANDOM,0
0.0,34,36,0,0.05849,0.06888,0,0.78229,0.41759,0.29517,8082,3428.43164,0,0.0,0.0,-0.01682,0.00511,0.60291,0.42064,0.46075,12.48849,0,0.08729,0.03677,1.23609,0.00263,1,0,0.04424,0.00744,0.61216,0.68205,0.44848,16.28717,0,0.02968,0.10098,1.23609,0.00345,1,0,participant_9,question_14,Timer-Correct,True,Question,NOT_RANDOM,0
0.0,34,36,0,0.05849,0.06888,0,0.78229,0.41759,0.29517,8082,3428.43164,0,0.0,0.0,-0.01682,0.00511,0.60291,0.42064,0.46075,12.48849,0,0.08729,0.03677,1.23609,0.00263,1,0,0.04424,0.00744,0.61216,0.68205,0.44848,16.28717,0,0.02968,0.10098,1.23609,0.00345,1,0,participant_9,question_14,Timer-Correct,True,Question,NOT_RANDOM,0
0.0,34,36,0,0.05849,0.06888,0,0.78229,0.41759,0.29517,8082,3428.43164,0,0.0,0.0,-0.01682,0.00511,0.60291,0.42064,0.46075,12.48849,0,0.08729,0.03677,1.23609,0.00263,1,0,0.04424,0.00744,0.61216,0.68205,0.44848,16.28717,0,0.02968,0.10098,1.23609,0.00345,1,0,participant_9,question_14,Timer-Correct,True,Question,NOT_RANDOM,0
0.0,34,36,0,0.05849,0.06888,0,0.78229,0.41759,0.29517,8082,3428.43164,0,0.0,0.0,-0.01682,0.00511,0.60291,0.42064,0.46075,12.48849,0,0.08729,0.03677,1.23609,0.00263,1,0,0.04424,0.00744,0.61216,0.68205,0.44848,16.28717,0,0.02968,0.10098,1.23609,0.00345,1,0,participant_9,question_14,Timer-Correct,True,Question,NOT_RANDOM,0
0.0,34,36,0,0.05849,0.06888,0,0.78229,0.41759,0.29517,8082,3428.43164,0,0.0,0.0,-0.01682,0.00511,0.60291,0.42064,0.46075,12.48849,0,0.08729,0.03677,1.23609,0.00263,1,0,0.04424,0.00744,0.61216,0.68205,0.44848,16.28717,0,0.02968,0.10098,1.23609,0.00345,1,0,participant_9,question_14,Timer-Correct,True,Question,NOT_RANDOM,0
0.0,34,36,0,0.05849,0.06888,0,0.78229,0.41759,0.29517,8082,3428.43164,0,0.0,0.0,-0.01682,0.00511,0.60291,0.42064,0.46075,12.48849,0,0.08729,0.03677,1.23609,0.00263,1,0,0.04424,0.00744,0.61216,0.68205,0.44848,16.28717,0,0.02968,0.10098,1.23609,0.00345,1,0,participant_9,question_14,Timer-Correct,True,Question,NOT_RANDOM,0
0.0,34,36,0,0.05849,0.06888,0,0.78229,0.41759,0.29517,8082,3428.43164,0,0.0,0.0,-0.01682,0.00511,0.60291,0.42064,0.46075,12.48849,0,0.08729,0.03677,1.23609,0.00263,1,0,0.04424,0.00744,0.61216,0.68205,0.44848,16.28717,0,0.02968,0.10098,1.23609,0.00345,1,0,participant_9,question_14,Timer-Correct,True,Question,NOT_RANDOM,0
0.0,34,36,0,0.05849,0.06888,0,0.78229,0.41759,0.29517,8082,3428.43164,0,0.0,0.0,-0.01682,0.00511,0.60291,0.42064,0.46075,12.48849,0,0.08729,0.03677,1.23609,0.00263,1,0,0.04424,0.00744,0.61216,0.68205,0.44848,16.28717,0,0.02968,0.10098,1.23609,0.00345,1,0,participant_9,question_14,Timer-Correct,True,Question,NOT_RANDOM,0
0.0,34,36,0,0.05849,0.06888,0,0.78229,0.41759,0.29517,8082,3428.43164,0,0.0,0.0,-0.01682,0.00511,0.60291,0.42064,0.46075,12.48849,0,0.08729,0.03677,1.23609,0.00263,1,0,0.04424,0.00744,0.61216,0.68205,0.44848,16.28717,0,0.02968,0.10098,1.23609,0.00345,1,0,participant_9,question_14,Timer-Correct,True,Question,NOT_RANDOM,0
0.0,34,36,0,0.05849,0.06888,0,0.78229,0.41759,0.29517,8082,3428.43164,0,0.0,0.0,-0.01682,0.00511,0.60291,0.42064,0.46075,12.48849,0,0.08729,0.03677,1.23609,0.00263,1,0,0.04424,0.00744,0.61216,0.68205,0.44848,16.28717,0,0.02968,0.10098,1.23609,0.00345,1,0,participant_9,question_14,Timer-Correct,True,Question,NOT_RANDOM,0
0.0,34,36,0,0.05849,0.06888,0,0.78229,0.41759,0.29517,8082,3428.43164,0,0.0,0.0,-0.01682,0.00511,0.60291,0.42064,0.46075,12.48849,0,0.08729,0.03677,1.23609,0.00263,1,0,0.04424,0.00744,0.61216,0.68205,0.44848,16.28717,0,0.02968,0.10098,1.23609,0.00345,1,0,participant_9,question_14,Timer-Correct,True,Question,NOT_RANDOM,0
0.09372,0,37,1,0.32549,0.05657,0,0.78229,0.41759,0.29517,8082,3428.43164,0,0.16275,0.02828,-0.01682,0.00511,0.60291,0.68786,0.44592,16.97868,1,0.32549,0.05657,1.23609,0.00347,1,1,0.04424,0.00744,0.61216,0.68205,0.44848,16.28717,0,0.02968,0.10098,1.23609,0.00345,1,0,participant_9,question_14,Timer-Correct,True,Question,NOT_RANDOM,0
0.0,0,37,1,0.31947,0.03345,0,0.78229,0.41759,0.29517,8082,3428.43164,0,0.32248,0.04501,-0.01682,0.00511,0.60291,0.68788,0.44585,16.99404,1,0.31947,0.03345,1.23609,0.00347,1,1,0.04424,0.00744,0.61216,0.68205,0.44848,16.28717,0,0.02968,0.10098,1.23609,0.00345,1,0,participant_9,question_14,Timer-Correct,True,Question,NOT_RANDOM,0
0.0,0,37,1,0.18238,0.0852,0,0.78229,0.41759,0.29517,8082,3428.43164,0,0.25243,0.0651,-0.01675,0.00569,0.62234,0.42692,0.45709,13.38715,1,0.3184,0.02616,1.24421,0.00293,1,1,0.0514,0.00875,0.7031,0.68776,0.44593,16.97915,1,0.04636,0.14423,1.25236,0.00349,1,1,participant_9,question_14,Timer-Correct,True,Question,NOT_RANDOM,0
0.0,0,37,1,0.26884,0.00489,0,0.78229,0.41759,0.29517,8082,3428.43164,0,0.2579,0.04503,-0.01675,0.00569,0.62234,0.42684,0.45718,13.38384,1,0.30068,0.00847,1.26047,0.00297,1,1,0.0514,0.00875,0.7031,0.68784,0.44595,16.87007,1,0.23701,0.00131,1.26862,0.00354,1,1,participant_9,question_14,Timer-Correct,True,Other,NOT_RANDOM,0
0.0,0,37,1,0.26393,-0.01144,0,0.78229,0.41759,0.02026,8083,3428.84644,1,0.25941,0.03092,-0.01675,0.00569,0.62234,0.42668,0.45713,13.20735,1,0.29343,-0.00367,1.27674,0.00286,1,1,0.0514,0.00875,0.7031,0.68784,0.44593,16.93764,1,0.23443,-0.0192,1.28489,0.00353,1,1,participant_9,question_14,Timer-Correct,True,Other,NOT_RANDOM,0
0.0,0,37,1,0.26153,-0.02567,0,0.78229,0.41759,0.02686,8083,3428.84644,1,0.25983,0.0196,-0.01698,0.00574,0.62752,0.42657,0.45712,13.36621,1,0.29106,-0.01824,1.293,0.00285,1,1,0.0514,0.00875,0.7031,0.68759,0.44601,16.86447,1,0.232,-0.03311,1.30115,0.00344,1,1,participant_9,question_14,Timer-Correct,True,Other,NOT_RANDOM,0
0.0,0,37,1,0.25627,-0.03183,0,0.78229,0.41759,0.03394,8083,3428.84644,1,0.25924,0.01103,-0.01698,0.00574,0.62752,0.42658,0.457,13.3323,1,0.28268,-0.03415,1.30115,0.00286,1,1,0.0514,0.00875,0.7031,0.68758,0.44606,16.97538,1,0.22986,-0.02951,1.30115,0.00344,1,1,participant_9,question_14,Timer-Correct,True,Other,NOT_RANDOM,0
0.0,0,37,1,0.25122,-0.02457,0,0.78229,0.41759,0.04053,8083,3428.84644,1,0.25809,0.00594,-0.01698,0.00574,0.62752,0.4265,0.45703,13.59283,1,0.27375,-0.01841,1.30115,0.00283,1,1,0.0514,0.00875,0.7031,0.68759,0.44601,16.86447,1,0.22868,-0.03073,1.30115,0.00344,1,1,participant_9,question_14,Timer-Correct,True,Other,NOT_RANDOM,0
0.0,0,37,1,0.25122,-0.02457,0,0.78229,0.41759,0.04761,8083,3428.84644,1,0.25723,0.00213,-0.01683,0.00574,0.62184,0.42654,0.457,13.59117,1,0.27375,-0.01841,1.30115,0.00283,1,1,0.0514,0.00875,0.7031,0.68758,0.44595,16.94792,1,0.22868,-0.03073,1.30115,0.00347,1,1,participant_9,question_14,Timer-Correct,True,Other,NOT_RANDOM,0
0.0,0,37,1,0.25824,-0.04612,0,0.78229,0.41759,0.0542,8083,3428.84644,1,0.25734,-0.00323,-0.01683,0.00574,0.62184,0.42656,0.45682,13.67554,1,0.2873,-0.05766,1.30115,0.00285,1,1,0.0514,0.00875,0.7031,0.68758,0.44595,16.94792,1,0.22918,-0.03459,1.30115,0.00347,1,1,participant_9,question_14,Timer-Correct,True,Other,NOT_RANDOM,0
0.0,0,37,1,0.24907,-0.04017,0,0.78229,0.41759,0.06079,8083,3428.84644,1,0.25652,-0.00693,-0.01683,0.00574,0.62184,0.42635,0.45685,13.60394,1,0.27379,-0.04763,1.30115,0.00282,1,1,0.0514,0.00875,0.7031,0.68758,0.44595,16.94792,1,0.22436,-0.03272,1.30115,0.00346,1,1,participant_9,question_14,Timer-Correct,True,Other,NOT_RANDOM,0
0.0,0,37,1,0.24768,-0.04812,0,0.78229,0.41759,0.06763,8083,3428.84644,1,0.25571,-0.01067,-0.01761,0.00599,0.64897,0.4264,0.45668,13.42153,1,0.27237,-0.05583,1.31017,0.00285,1,1,0.0514,0.00875,0.7031,0.68758,0.44595,16.94792,1,0.22298,-0.04041,1.31017,0.00347,1,1,participant_9,question_14,Timer-Correct,True,Other,NOT_RANDOM,0
0.0,0,37,1,0.26053,-0.04496,0,0.78229,0.41759,0.07397,8083,3428.84644,1,0.25611,-0.01353,-0.01761,0.00599,0.64897,0.42639,0.45671,13.41481,1,0.29413,-0.07351,1.31918,0.00286,1,1,0.0514,0.00875,0.7031,0.68758,0.44595,16.94792,1,0.22693,-0.01641,1.31918,0.00346,1,1,participant_9,question_14,Timer-Correct,True,Other,NOT_RANDOM,0
0.0,0,37,1,0.25945,-0.08043,0,0.78229,0.41759,0.08105,8083,3428.84644,1,0.25637,-0.01868,-0.01761,0.00599,0.64897,0.42637,0.4567,13.43561,1,0.29591,-0.09809,1.3282,0.00287,1,1,0.0514,0.00875,0.7031,0.68758,0.44595,16.94792,1,0.22299,-0.06277,1.3282,0.00346,1,1,participant_9,question_14,Timer-Correct,True,Other,NOT_RANDOM,0
0.0,0,37,1,0.25815,-0.08849,0,0.78229,0.41759,0.08765,8083,3428.84644,1,0.2565,-0.02366,-0.01761,0.00604,0.64897,0.42632,0.45657,13.77531,1,0.29467,-0.10648,1.33721,0.00285,1,1,0.0514,0.00875,0.7031,0.68767,0.44587,16.95647,1,0.22163,-0.07051,1.33721,0.00352,1,1,participant_9,question_14,Timer-Correct,True,Other,NOT_RANDOM,0
0.0,0,37,1,0.26051,-0.04786,0,0.78229,0.41759,0.09448,8083,3428.84644,1,0.25677,-0.02528,-0.01761,0.00604,0.64897,0.42635,0.45666,13.3197,1,0.29255,-0.05405,1.33721,0.00288,1,1,0.0514,0.00875,0.7031,0.68767,0.44587,16.95647,1,0.22846,-0.04168,1.33721,0.00352,1,1,participant_9,question_14,Timer-Correct,True,Other,NOT_RANDOM,0
0.0,0,37,1,0.26363,-0.0771,0,0.78229,0.41759,0.10107,8083,3428.84644,1,0.25719,-0.02851,-0.01761,0.00604,0.64897,0.42639,0.45661,13.41187,1,0.30146,-0.08367,1.33721,0.00284,1,1,0.0514,0.00875,0.7031,0.68765,0.44591,16.88742,1,0.22581,-0.07052,1.33721,0.00352,1,1,participant_9,question_14,Timer-Correct,True,Other,NOT_RANDOM,0
0.0,0,37,1,0.2649,-0.0691,0,0.78229,0.41759,0.10791,8083,3428.84644,1,0.25765,-0.0309,-0.01698,0.00584,0.62752,0.42633,0.45644,13.84192,1,0.30266,-0.07543,1.3282,0.00288,1,1,0.04722,0.00809,0.64594,0.68771,0.44588,16.96444,1,0.22714,-0.06278,1.3282,0.0035,1,1,participant_9,question_14,Timer-Correct,True,Other,NOT_RANDOM,0
0.0,0,37,1,0.27278,-0.0417,0,0.78229,0.41759,0.11523,8083,3428.84644,1,0.25849,-0.0315,-0.01698,0.00584,0.62752,0.42642,0.45637,13.73688,1,0.30914,-0.06617,1.31918,0.00295,1,1,0.04722,0.00809,0.64594,0.68783,0.44591,16.96478,1,0.23642,-0.01724,1.31918,0.00356,1,1,participant_9,question_14,Timer-Correct,True,Other,NOT_RANDOM,0
0.0,0,37,1,0.25967,-0.03293,0,0.78229,0.41759,0.12134,8083,3428.84644,1,0.25855,-0.03158,-0.01698,0.00584,0.62752,0.42656,0.45654,13.19134,1,0.27099,-0.03073,1.31017,0.00296,1,1,0.04722,0.00809,0.64594,0.68781,0.4459,17.03242,1,0.24835,-0.03514,1.31017,0.00351,1,1,participant_9,question_14,Timer-Correct,True,Other,NOT_RANDOM,0
0.0,0,37,1,0.26277,-0.01452,0,0.78229,0.41759,0.12793,8083,3428.84644,1,0.25876,-0.03072,-0.01635,0.00563,0.60559,0.42667,0.45647,13.26322,1,0.2737,-0.01547,1.29304,0.00289,1,1,0.0445,0.00757,0.60818,0.68803,0.44602,17.12824,1,0.25183,-0.01357,1.28489,0.00349,1,1,participant_9,question_14,Timer-Correct,True,Other,NOT_RANDOM,0
0.0,0,37,1,0.26719,-0.01064,0,0.78229,0.41759,0.13477,8083,3428.84644,1,0.25916,-0.02977,-0.01635,0.00563,0.60559,0.42684,0.45648,13.57054,1,0.28938,-0.01154,1.27677,0.00289,1,1,0.0445,0.00757,0.60818,0.68821,0.44601,17.03936,1,0.245,-0.00974,1.26862,0.00351,1,1,participant_9,question_14,Timer-Correct,True,Other,NOT_RANDOM,0
0.0,0,37,1,0.26984,7e-05,0,0.78229,0.41759,0.14111,8083,3428.84644,1,0.25965,-0.02841,-0.01635,0.00563,0.60559,0.42684,0.45648,13.57054,1,0.28902,-0.00363,1.26051,0.00289,1,1,0.0445,0.00757,0.60818,0.68821,0.44603,16.9668,1,0.25067,0.00377,1.25236,0.00352,1,1,participant_9,question_14,Timer-Correct,True,Other,NOT_RANDOM,0
0.0,0,37,1,0.26913,-0.00421,0,0.78229,0.41759,0.14819,8083,3428.84644,1,0.26006,-0.02736,-0.01787,0.00624,0.66567,0.42696,0.45636,13.3831,1,0.28889,-0.00442,1.26137,0.00295,1,1,0.04629,0.00792,0.63194,0.68823,0.44604,16.95217,1,0.24938,-0.00401,1.26137,0.00352,1,1,participant_9,question_14,Timer-Correct,True,Other,NOT_RANDOM,0
0.0,0,37,1,0.27354,-0.01623,0,0.78229,0.41759,0.15479,8083,3428.84644,1,0.26062,-0.0269,-0.01787,0.00624,0.66567,0.42704,0.45627,13.45526,1,0.29683,-0.01022,1.2785,0.00289,1,1,0.04629,0.00792,0.63194,0.68833,0.44603,16.98861,1,0.25025,-0.02224,1.28665,0.00345,1,1,participant_9,question_14,Timer-Correct,True,Other,NOT_RANDOM,0
0.0,0,37,1,0.274,-0.0385,0,0.78229,0.41759,0.16211,8083,3428.84644,1,0.26116,-0.02736,-0.01787,0.00624,0.66567,0.4271,0.45625,13.42732,1,0.2997,-0.02734,1.30378,0.00287,1,1,0.04629,0.00792,0.63194,0.68837,0.44596,17.14367,1,0.2483,-0.04966,1.31193,0.00346,1,1,participant_9,question_14,Timer-Correct,True,Other,NOT_RANDOM,0
0.0,0,37,1,0.27053,-0.06071,0,0.78229,0.41759,0.16821,8083,3428.84644,1,0.26152,-0.02864,-0.01641,0.00578,0.61143,0.42718,0.45617,13.3862,1,0.29621,-0.04997,1.32906,0.00291,1,1,0.04629,0.00792,0.63194,0.68843,0.44591,16.88742,1,0.24485,-0.07146,1.33721,0.00352,1,1,participant_9,question_14,Timer-Correct,True,Other,NOT_RANDOM,0
0.0,0,37,1,0.27449,-0.06976,0,0.78229,0.41759,0.1748,8083,3428.84644,1,0.262,-0.03017,-0.01641,0.00578,0.61143,0.42722,0.45614,13.49573,1,0.30163,-0.06334,1.33721,0.00287,1,1,0.04629,0.00792,0.63194,0.6885,0.44599,17.05432,1,0.24735,-0.07617,1.33721,0.00351,1,1,participant_9,question_14,Timer-Correct,True,Other,NOT_RANDOM,0
0.0,0,37,1,0.2695,-0.07048,0,0.78229,0.41759,0.18164,8083,3428.84644,1,0.26227,-0.03161,-0.01641,0.00578,0.61143,0.42721,0.45613,13.55845,1,0.30181,-0.06533,1.33721,0.0029,1,1,0.04629,0.00792,0.63194,0.68856,0.44591,17.00085,1,0.23719,-0.07563,1.33721,0.00353,1,1,participant_9,question_14,Timer-Correct,True,Other,NOT_RANDOM,0
0.0,0,37,1,0.27132,-0.059,0,0.78229,0.41759,0.18848,8083,3428.84644,1,0.26258,-0.03255,-0.01663,0.00597,0.62146,0.42736,0.45598,13.57523,1,0.30301,-0.05721,1.3282,0.00285,1,1,0.04448,0.00763,0.60541,0.68861,0.44589,17.01057,1,0.23962,-0.06079,1.32005,0.00352,1,1,participant_9,question_14,Timer-Correct,True,Other,NOT_RANDOM,0
0.0,0,37,1,0.25676,-0.04209,0,0.78229,0.41759,0.19507,8083,3428.84644,1,0.26238,-0.03287,-0.01663,0.00597,0.62146,0.42739,0.45581,13.60011,1,0.29064,-0.05034,1.31103,0.00289,1,1,0.04448,0.00763,0.60541,0.68867,0.44586,16.99372,1,0.22287,-0.03384,1.30288,0.00351,1,1,participant_9,question_14,Timer-Correct,True,Other,NOT_RANDOM,0
0.0,0,37,1,0.2545,-0.01698,0,0.78229,0.41759,0.2019,8083,3428.84644,1,0.26213,-0.03236,-0.01663,0.00597,0.62146,0.42742,0.45583,13.66343,1,0.27361,-0.04974,1.29386,0.00289,1,1,0.04448,0.00763,0.60541,0.68871,0.44585,16.97286,1,0.2354,0.01578,1.28571,0.0035,1,1,participant_9,question_14,Timer-Correct,True,Other,NOT_RANDOM,0
0.0,0,37,1,0.25715,-0.002,0,0.78229,0.41759,0.20825,8083,3428.84644,1,0.26197,-0.03141,-0.01651,0.00595,0.62013,0.42749,0.45571,13.69814,1,0.27632,-0.03401,1.2767,0.00292,1,1,0.04448,0.00763,0.60541,0.68887,0.44584,17.1955,1,0.23797,0.03,1.26855,0.00352,1,1,participant_9,question_14,Timer-Correct,True,Other,NOT_RANDOM,0
0.0,0,37,1,0.26935,0.00721,0,0.78229,0.41759,0.21509,8083,3428.84644,1,0.2622,-0.03024,-0.01651,0.00595,0.62013,0.42768,0.45556,13.68487,1,0.29504,-0.00342,1.26855,0.0029,1,1,0.04448,0.00763,0.60541,0.68891,0.44576,17.08255,1,0.24366,0.01785,1.26855,0.00358,1,1,participant_9,question_14,Timer-Correct,True,Other,NOT_RANDOM,0
0.0,0,37,1,0.27665,0.0277,0,0.78229,0.41759,0.22192,8083,3428.84644,1,0.26262,-0.02853,-0.01651,0.00595,0.62013,0.42767,0.45563,13.79062,1,0.29783,0.03442,1.26855,0.00284,1,1,0.04448,0.00763,0.60541,0.68893,0.4458,17.21399,1,0.25547,0.02098,1.26855,0.00357,1,1,participant_9,question_14,Timer-Correct,True,Question,NOT_RANDOM,0
0.0,0,37,1,0.2742,0.01278,0,0.78229,0.41759,0.22852,8083,3428.84644,1,0.26295,-0.02735,-0.01694,0.00613,0.63823,0.42788,0.45546,13.74473,1,0.29654,0.02656,1.27756,0.00289,1,1,0.04708,0.00806,0.6394,0.68916,0.44576,17.29857,1,0.25186,-0.001,1.29477,0.0035,1,1,participant_9,question_14,Timer-Correct,True,Other,NOT_RANDOM,0
0.0,0,37,1,0.28343,-0.02684,0,0.78229,0.41759,0.23535,8083,3428.84644,1,0.26352,-0.02734,-0.01694,0.00613,0.63823,0.42797,0.45531,13.31272,1,0.30699,-0.02205,1.30379,0.00294,1,1,0.04708,0.00806,0.6394,0.6892,0.44567,17.48402,1,0.25988,-0.03163,1.32099,0.00351,1,1,participant_9,question_14,Timer-Correct,True,Other,NOT_RANDOM,0
0.0,0,37,1,0.26114,-0.03241,0,0.78229,0.41759,0.24219,8083,3428.84644,1,0.26346,-0.02748,-0.01694,0.00613,0.63823,0.42806,0.45527,13.50788,1,0.27921,-0.04755,1.33001,0.00288,1,1,0.04708,0.00806,0.6394,0.68931,0.44559,17.23456,1,0.24307,-0.01727,1.34722,0.0036,1,1,participant_9,question_14,Timer-Correct,True,Other,NOT_RANDOM,0
0.0,0,37,1,0.25985,-0.04007,0,0.78229,0.41759,0.24854,8083,3428.84644,1,0.26336,-0.02781,-0.01653,0.00618,0.62465,0.42816,0.45509,13.70559,1,0.27664,-0.06286,1.34722,0.00291,1,1,0.04438,0.00758,0.60159,0.68954,0.44563,17.07407,1,0.24307,-0.01727,1.34722,0.00356,1,1,participant_9,question_14,Timer-Correct,True,Other,NOT_RANDOM,0
0.0,0,37,1,0.25571,-0.04234,0,0.78229,0.41759,0.25537,8083,3428.84644,1,0.26317,-0.02818,-0.01653,0.00618,0.62465,0.4283,0.45499,13.78255,1,0.27093,-0.07359,1.3382,0.00291,1,1,0.04438,0.00758,0.60159,0.68961,0.44564,17.10937,1,0.24049,-0.01109,1.32099,0.00353,1,1,participant_9,question_14,Timer-Correct,True,Other,NOT_RANDOM,0
0.0,0,37,1,0.26463,-0.01858,0,0.78229,0.41759,0.26196,8083,3428.84644,1,0.2632,-0.02794,-0.01653,0.00618,0.62465,0.4283,0.455,13.39013,1,0.28113,-0.05343,1.31198,0.00293,1,1,0.04438,0.00758,0.60159,0.6898,0.44552,17.16802,1,0.24814,0.01627,1.29477,0.00366,1,1,participant_9,question_14,Timer-Correct,True,Other,NOT_RANDOM,0
0.0,0,37,1,0.26656,-0.00704,0,0.78229,0.41759,0.2688,8083,3428.84644,1,0.26329,-0.02743,-0.01689,0.00637,0.6436,0.4286,0.4547,13.62879,1,0.28372,-0.03781,1.29477,0.0029,1,1,0.04585,0.00787,0.62079,0.68991,0.44551,17.32667,1,0.24941,0.02373,1.28571,0.00357,1,1,participant_9,question_14,Timer-Correct,True,Other,NOT_RANDOM,0
0.0,0,37,1,0.27318,0.01313,0,0.78229,0.41759,0.27539,8083,3428.84644,1,0.26352,-0.02646,-0.01689,0.00637,0.6436,0.42873,0.45467,13.76366,1,0.30244,0.01481,1.29473,0.00286,1,1,0.04585,0.00787,0.62079,0.69016,0.44548,17.28732,1,0.24391,0.01145,1.30288,0.00355,1,1,participant_9,question_14,Timer-Correct,True,Other,NOT_RANDOM,0
0.0,0,37,1,0.27346,-0.01851,0,0.78229,0.41759,0.28223,8083,3428.84644,1,0.26375,-0.02628,-0.01689,0.00637,0.6436,0.42892,0.45443,13.7598,1,0.29395,-0.01249,1.3119,0.00294,1,1,0.04585,0.00787,0.62079,0.69019,0.44539,17.46577,1,0.25297,-0.02453,1.32005,0.00355,1,1,participant_9,question_14,Timer-Correct,True,Other,NOT_RANDOM,0
0.0,0,37,1,0.274,-0.01512,0,0.78229,0.41759,0.28882,8083,3428.84644,1,0.26399,-0.02603,-0.01588,0.00607,0.60867,0.42906,0.45432,13.6609,1,0.29395,-0.01252,1.31193,0.00294,1,1,0.04497,0.00774,0.60707,0.69034,0.44539,17.41613,1,0.25406,-0.01772,1.31193,0.00353,1,1,participant_9,question_14,Timer-Correct,True,Other,NOT_RANDOM,0
0.0,0,37,1,0.26872,-0.00837,0,0.78229,0.41759,0.29541,8083,3428.84644,1,0.26409,-0.02563,-0.01588,0.00607,0.60867,0.42917,0.4543,13.55202,1,0.28529,-0.01431,1.2948,0.00296,1,1,0.04497,0.00774,0.60707,0.69059,0.44534,17.53792,1,0.25215,-0.00243,1.28665,0.00355,1,1,participant_9,question_14,Timer-Correct,True,Other,NOT_RANDOM,0
0.0,0,37,1,0.28263,0.00452,0,0.78229,0.41759,0.302,8083,3428.84644,1,0.26449,-0.02498,-0.01588,0.00607,0.60867,0.42931,0.45415,13.76834,1,0.3037,-0.00878,1.26952,0.0029,1,1,0.04497,0.00774,0.60707,0.69065,0.44533,17.44503,1,0.26155,0.01782,1.26137,0.00355,1,1,participant_9,question_14,Timer-Correct,True,Other,NOT_RANDOM,0
0.0,0,37,1,0.2832,0.00821,0,0.78229,0.41759,0.30884,8083,3428.84644,1,0.26489,-0.02427,-0.01667,0.00656,0.6427,0.42955,0.45397,13.82765,1,0.30484,-0.0014,1.26137,0.00291,1,1,0.04588,0.00787,0.61754,0.69094,0.44533,17.31002,1,0.26155,0.01782,1.26137,0.00357,1,1,participant_9,question_14,Timer-Correct,True,Other,NOT_RANDOM,0
0.0,0,37,1,0.27745,-0.03016,0,0.78229,0.41759,0.31567,8083,3428.84644,1,0.26515,-0.02439,-0.01667,0.00656,0.6427,0.42968,0.45385,13.7315,1,0.29636,-0.04183,1.2785,0.00292,1,1,0.04588,0.00787,0.61754,0.69105,0.44542,17.71234,1,0.25854,-0.01849,1.28665,0.00358,1,1,participant_9,question_14,Timer-Correct,True,Other,NOT_RANDOM,0
0.0,0,37,1,0.25709,-0.00919,0,0.78229,0.41759,0.32227,8083,3428.84644,1,0.26379,-0.02552,-0.01667,0.00656,0.6427,0.42972,0.45374,13.70643,1,0.2755,0.01373,1.30378,0.00298,1,1,0.04588,0.00787,0.61754,0.69117,0.44538,17.61481,1,0.23867,-0.0321,1.31193,0.00359,1,1,participant_9,question_14,Timer-Correct,True,Other,NOT_RANDOM,0
0.0,0,37,1,0.25466,-0.02309,0,0.78229,0.41759,0.32886,8083,3428.84644,1,0.2653,-0.02778,-0.01611,0.00639,0.62634,0.43,0.45348,13.8292,1,0.27297,-0.00029,1.32005,0.00291,1,1,0.04643,0.008,0.6236,0.69137,0.44526,17.39983,1,0.23634,-0.04589,1.3282,0.00354,1,1,participant_9,question_14,Timer-Correct,True,Other,NOT_RANDOM,0
0.0,0,37,1,0.27518,-0.03251,0,0.78229,0.41759,0.33569,8083,3428.84644,1,0.26543,-0.02856,-0.01611,0.00639,0.62634,0.43031,0.45334,13.96783,1,0.30729,-0.02534,1.31918,0.00295,1,1,0.04643,0.008,0.6236,0.69158,0.44521,17.45061,1,0.24307,-0.03967,1.31918,0.00365,1,1,participant_9,question_14,Timer-Correct,True,Other,NOT_RANDOM,0
0.0,0,37,1,0.28984,-0.03213,0,0.78229,0.41759,0.34253,8083,3428.84644,1,0.26597,-0.02899,-0.01611,0.00639,0.62634,0.4304,0.45337,13.64142,1,0.3387,-0.04008,1.31017,0.00288,1,1,0.04643,0.008,0.6236,0.6919,0.44537,17.55532,1,0.24098,-0.02418,1.31017,0.00363,1,1,participant_9,question_14,Timer-Correct,True,Other,NOT_RANDOM,0
0.0,0,37,1,0.29258,-0.01371,0,0.78229,0.41759,0.3501,8083,3428.84644,1,0.26662,-0.02874,-0.01548,0.00638,0.60727,0.43098,0.45318,13.81112,1,0.34058,-0.02458,1.29304,0.00294,1,1,0.04537,0.00779,0.6076,0.69229,0.44523,17.54633,1,0.24458,-0.00284,1.28489,0.0036,1,1,participant_9,question_14,Timer-Correct,True,Other,NOT_RANDOM,0
0.0,0,37,1,0.28745,-0.00867,0,0.78229,0.41759,0.35645,8083,3428.84644,1,0.26726,-0.02826,-0.01548,0.00638,0.60727,0.43107,0.45304,13.80464,1,0.30438,-0.01507,1.27677,0.00294,1,1,0.04537,0.00779,0.6076,0.69253,0.4452,17.60438,1,0.27051,-0.00226,1.26862,0.00356,1,1,participant_9,question_14,Timer-Correct,True,Other,NOT_RANDOM,0
0.0,0,37,1,0.3016,-0.00458,0,0.78229,0.41759,0.36255,8083,3428.84644,1,0.26831,-0.02784,-0.01548,0.00638,0.60727,0.43119,0.45297,13.75084,1,0.31954,-0.02016,1.26051,0.00296,1,1,0.04537,0.00779,0.6076,0.69258,0.44523,17.65203,1,0.28365,0.011,1.25236,0.00357,1,1,participant_9,question_14,Timer-Correct,True,Other,NOT_RANDOM,0
0.0,0,37,1,0.30149,-0.00535,0,0.78229,0.41759,0.36914,8083,3428.84644,1,0.26936,-0.02744,-0.01622,0.00672,0.64008,0.43139,0.4528,13.76072,1,0.31943,-0.02096,1.26137,0.0029,1,1,0.04567,0.00786,0.60909,0.69277,0.44519,17.35016,1,0.28354,0.01026,1.25322,0.00358,1,1,participant_9,question_14,Timer-Correct,True,Other,NOT_RANDOM,0
0.0,0,37,1,0.28804,0.01926,0,0.78229,0.41759,0.37598,8083,3428.84644,1,0.26998,-0.02608,-0.01622,0.00672,0.64008,0.43141,0.45278,13.68719,1,0.323,0.0417,1.27035,0.00293,1,1,0.04567,0.00786,0.60909,0.69298,0.4452,17.73405,1,0.25307,-0.00318,1.27035,0.00357,1,1,participant_9,question_14,Timer-Correct,True,Other,NOT_RANDOM,0
0.0,0,37,1,0.29372,-0.00818,0,0.78229,0.41759,0.38257,8083,3428.84644,1,0.27091,-0.02541,-0.01622,0.00672,0.64008,0.43144,0.45272,13.96874,1,0.33129,0.00658,1.28748,0.00295,1,1,0.04567,0.00786,0.60909,0.69309,0.44511,17.53042,1,0.25615,-0.02295,1.28748,0.00362,1,1,participant_9,question_14,Timer-Correct,True,Other,NOT_RANDOM,0
0.0,0,37,1,0.29372,-0.00818,0,0.78229,0.41759,0.38916,8083,3428.84644,1,0.27187,-0.02458,-0.0154,0.00646,0.6113,0.43161,0.45241,13.66444,1,0.33129,0.00658,1.28748,0.00295,1,1,0.04567,0.00786,0.60909,0.69311,0.44511,17.54933,1,0.25615,-0.02295,1.28748,0.00361,1,1,participant_9,question_14,Timer-Correct,True,Other,NOT_RANDOM,0
0.0,0,37,1,0.27969,0.00537,0,0.78229,0.41759,0.396,8083,3428.84644,1,0.27227,-0.02353,-0.0154,0.00646,0.6113,0.43162,0.45236,13.73963,1,0.29385,0.02041,1.27035,0.00295,1,1,0.04567,0.00786,0.60909,0.69312,0.44522,17.66435,1,0.26553,-0.00966,1.27035,0.00364,1,1,participant_9,question_14,Timer-Correct,True,Other,NOT_RANDOM,0
0.0,0,37,1,0.29359,0.00067,0,0.78229,0.41759,0.40283,8083,3428.84644,1,0.27298,-0.02184,-0.0154,0.00646,0.6113,0.43174,0.45226,13.75804,1,0.30811,0.00493,1.25322,0.00298,1,1,0.04567,0.00786,0.60909,0.69326,0.44516,17.6569,1,0.27907,-0.00358,1.25322,0.00356,1,1,participant_9,question_14,Timer-Correct,True,Other,NOT_RANDOM,0
0.0,0,37,1,0.29427,0.00514,0,0.78229,0.41667,0.40918,8083,3428.84644,1,0.27374,-0.01989,-0.01608,0.00692,0.64036,0.43187,0.45207,13.83877,1,0.30936,0.01311,1.24421,0.00293,1,1,0.04674,0.00803,0.62278,0.6937,0.44642,18.22536,1,0.27917,-0.00282,1.25236,0.0043,1,1,participant_9,question_14,Timer-Correct,True,Other,NOT_RANDOM,0
0.0,0,37,1,0.29902,-0.00887,0,0.78229,0.41667,0.41577,8083,3428.84644,1,0.27454,-0.01908,-0.01608,0.00692,0.64036,0.43198,0.45199,13.75084,1,0.31434,-0.0098,1.26047,0.00296,1,1,0.04674,0.00803,0.62278,0.69369,0.44646,18.19548,1,0.28369,-0.00795,1.26862,0.00434,1,1,participant_9,question_14,Timer-Correct,True,Other,NOT_RANDOM,0
0.0,0,37,1,0.28919,-0.03383,0,0.78229,0.41667,0.42261,8083,3428.84644,1,0.27507,-0.01818,-0.01608,0.00692,0.64036,0.432,0.45195,13.74266,1,0.31518,-0.02948,1.27674,0.00295,1,1,0.04674,0.00803,0.62278,0.69351,0.4451,17.66914,1,0.2632,-0.03817,1.28489,0.00359,1,1,participant_9,question_14,Timer-Correct,True,Other,NOT_RANDOM,0
0.0,0,37,1,0.28643,-0.05291,0,0.78229,0.41667,0.42944,8083,3428.84644,1,0.27552,-0.01784,-0.01592,0.00686,0.63557,0.43207,0.45183,13.83473,1,0.3119,-0.05267,1.30202,0.00292,1,1,0.04598,0.00788,0.61083,0.69382,0.4451,17.77886,1,0.26096,-0.05314,1.30202,0.00366,1,1,participant_9,question_14,Timer-Correct,True,Other,NOT_RANDOM,0
0.0,0,37,1,0.28319,-0.04319,0,0.78229,0.41667,0.43604,8083,3428.84644,1,0.27574,-0.01787,-0.01592,0.00686,0.63557,0.43203,0.45163,14.23334,1,0.31745,-0.05067,1.31103,0.00293,1,1,0.04598,0.00788,0.61083,0.69377,0.44506,17.7164,1,0.24893,-0.0357,1.30288,0.00364,1,1,participant_9,question_14,Timer-Correct,True,Other,NOT_RANDOM,0
0.0,0,37,1,0.28801,-0.02556,0,0.78229,0.41667,0.44287,8083,3428.84644,1,0.27633,-0.01772,-0.01592,0.00686,0.63557,0.43206,0.45163,14.19663,1,0.32141,-0.01307,1.3119,0.00298,1,1,0.04598,0.00788,0.61083,0.69384,0.44512,17.57041,1,0.25461,-0.03805,1.30375,0.00364,1,1,participant_9,question_14,Timer-Correct,True,Other,NOT_RANDOM,0
0.0,0,37,1,0.28906,-0.01846,0,0.78281,0.41667,0.44971,8083,3428.84644,1,0.27687,-0.0178,-0.01562,0.00676,0.62568,0.43208,0.45147,13.53902,1,0.32241,-0.00589,1.30375,0.00298,1,1,0.04598,0.00788,0.61083,0.69386,0.44516,17.67008,1,0.25571,-0.03104,1.2956,0.0036,1,1,participant_9,question_14,Timer-Correct,True,Other,NOT_RANDOM,0
0.0,0,37,1,0.27869,-0.00638,0,0.78281,0.41667,0.4563,8083,3428.84644,1,0.27711,-0.01771,-0.01562,0.00676,0.62568,0.4323,0.45142,13.59605,1,0.30151,0.00969,1.28658,0.00291,1,1,0.04598,0.00788,0.61083,0.69422,0.44637,17.78609,1,0.25588,-0.02245,1.28658,0.00436,1,1,participant_9,question_14,Timer-Correct,True,Other,NOT_RANDOM,0
0.0,0,37,1,0.28685,-0.00706,0,0.78281,0.41667,0.46289,8083,3428.84644,1,0.27747,-0.01786,-0.01562,0.00676,0.62568,0.4323,0.45137,13.6776,1,0.30719,0.00395,1.27756,0.00292,1,1,0.04598,0.00788,0.61083,0.69432,0.4464,18.04851,1,0.26652,-0.01807,1.27756,0.00433,1,1,participant_9,question_14,Timer-Correct,True,Other,NOT_RANDOM,0
0.0,0,37,1,0.28805,0.00085,0,0.78333,0.41574,0.46973,8083,3428.84644,1,0.27786,-0.01775,-0.01562,0.0069,0.62568,0.43228,0.45129,13.75206,1,0.30842,0.01198,1.26855,0.00293,1,1,0.04598,0.00788,0.61083,0.69419,0.44646,18.27382,1,0.26769,-0.01028,1.26855,0.00431,1,1,participant_9,question_14,Timer-Correct,True,Other,NOT_RANDOM,0
0.0,0,37,1,0.29137,0.00254,0,0.78333,0.41574,0.47632,8083,3428.84644,1,0.27823,-0.01736,-0.01562,0.0069,0.62568,0.43221,0.45131,13.77101,1,0.31225,0.00994,1.26855,0.00297,1,1,0.04598,0.00788,0.61083,0.69438,0.44655,18.24347,1,0.27048,-0.00486,1.26855,0.00432,1,1,participant_9,question_14,Timer-Correct,True,Other,NOT_RANDOM,0
0.0,0,37,1,0.29287,-0.00708,0,0.78333,0.41574,0.48315,8083,3428.84644,1,0.27863,-0.01671,-0.01562,0.0069,0.62568,0.43222,0.45132,13.82316,1,0.31236,-0.00031,1.26855,0.00296,1,1,0.04598,0.00788,0.61083,0.69429,0.44658,18.44538,1,0.27338,-0.01385,1.26855,0.00432,1,1,participant_9,question_14,Timer-Correct,True,Other,NOT_RANDOM,0
0.0,0,37,1,0.29287,-0.00708,0,0.78333,0.41574,0.49048,8083,3428.84644,1,0.27909,-0.01559,-0.01562,0.00695,0.62568,0.43229,0.45119,13.71283,1,0.31236,-0.00031,1.26855,0.00291,1,1,0.04598,0.00788,0.61083,0.69418,0.44643,18.27503,1,0.27338,-0.01385,1.26855,0.0044,1,1,participant_9,question_14,Timer-Correct,True,Other,NOT_RANDOM,0
0.0,0,37,1,0.29452,-0.00351,0,0.78333,0.41574,0.49658,8083,3428.84644,1,0.27951,-0.01421,-0.01562,0.00695,0.62568,0.43248,0.45104,13.66104,1,0.31525,-0.00282,1.26855,0.00299,1,1,0.04598,0.00788,0.61083,0.69433,0.4466,18.34045,1,0.27379,-0.00421,1.26855,0.0043,1,1,participant_9,question_14,Timer-Correct,True,Other,NOT_RANDOM,0
0.0,0,37,1,0.29485,-0.00563,0,0.78385,0.41296,0.50317,8083,3428.84644,1,0.28004,-0.01286,-0.01562,0.00695,0.62568,0.43227,0.45109,13.77694,1,0.31267,-0.00571,1.26855,0.0029,1,1,0.04598,0.00788,0.61083,0.69436,0.44634,18.45446,1,0.27703,-0.00555,1.26855,0.00428,1,1,participant_9,question_14,Timer-Correct,True,Other,NOT_RANDOM,0
0.0,0,37,1,0.29434,-0.00915,0,0.78385,0.41296,0.51001,8083,3428.84644,1,0.28052,-0.01182,-0.01562,0.00695,0.62568,0.43229,0.45097,13.95699,1,0.31267,-0.00571,1.26855,0.00292,1,1,0.04717,0.00807,0.62594,0.69417,0.44518,18.07145,1,0.27602,-0.01258,1.2767,0.00362,1,1,participant_9,question_14,Timer-Correct,True,Other,NOT_RANDOM,0
0.0,0,37,1,0.28792,-0.0263,0,0.78385,0.41296,0.51636,8083,3428.84644,1,0.28117,-0.01149,-0.01562,0.00695,0.62568,0.43233,0.45093,13.92532,1,0.30531,-0.02453,1.2767,0.00297,1,1,0.04717,0.00807,0.62594,0.69418,0.44518,17.98384,1,0.27053,-0.02807,1.28485,0.00363,1,1,participant_9,question_14,Timer-Correct,True,Other,NOT_RANDOM,0
0.0,0,37,1,0.29634,-0.03705,0,0.78385,0.41296,0.52319,8083,3428.84644,1,0.28204,-0.01191,-0.01562,0.00695,0.62568,0.43234,0.45089,13.962,1,0.32336,-0.03787,1.28485,0.00298,1,1,0.04717,0.00807,0.62594,0.69416,0.44522,17.88293,1,0.26933,-0.03623,1.293,0.00363,1,1,participant_9,question_14,Timer-Correct,True,Other,NOT_RANDOM,0
0.0,0,37,1,0.29533,-0.04434,0,0.78385,0.41296,0.53003,8083,3428.84644,1,0.28283,-0.01279,-0.01562,0.00695,0.62568,0.43224,0.4509,13.83018,1,0.32236,-0.04536,1.293,0.00294,1,1,0.04717,0.00807,0.62594,0.6942,0.44498,17.47927,1,0.2683,-0.04331,1.30115,0.00363,1,1,participant_9,question_14,Timer-Correct,True,Other,NOT_RANDOM,0
0.0,0,37,1,0.29829,-0.0159,0,0.78385,0.41296,0.53833,8083,3428.84644,1,0.28344,-0.01327,-0.01562,0.00695,0.62568,0.43227,0.45086,13.80244,1,0.32521,-0.02064,1.30115,0.00298,1,1,0.04717,0.00807,0.62594,0.69418,0.44492,17.54621,1,0.27138,-0.01116,1.30115,0.00365,1,1,participant_9,question_14,Timer-Correct,True,Other,NOT_RANDOM,0
0.0,0,37,1,0.29239,0.01227,0,0.78385,0.41296,0.54395,8083,3428.84644,1,0.28376,-0.0136,-0.01562,0.00695,0.62568,0.43221,0.45088,13.81649,1,0.32138,0.01143,1.30115,0.00293,1,1,0.04717,0.00807,0.62594,0.69428,0.44619,18.12898,1,0.2634,0.0131,1.30115,0.00433,1,1,participant_9,question_14,Timer-Correct,True,Other,NOT_RANDOM,0
0.0,0,37,1,0.2918,0.00853,0,0.78385,0.41296,0.5498,8083,3428.84644,1,0.28413,-0.01368,-0.01562,0.00695,0.62568,0.4321,0.45064,14.21855,1,0.32138,0.01143,1.30115,0.00297,1,1,0.04835,0.00827,0.64097,0.69415,0.44464,17.99413,1,0.26222,0.00564,1.31021,0.0036,1,1,participant_9,question_14,Timer-Correct,True,Other,NOT_RANDOM,0
0.0,0,37,1,0.30087,0.10185,0,0.78385,0.41296,0.5564,8083,3428.84644,1,0.28449,-0.011,-0.01562,0.00695,0.62568,0.43243,0.45075,12.43652,1,0.3241,0.14631,1.31021,0.00279,1,1,0.04835,0.00827,0.64097,0.6943,0.44505,16.17773,1,0.27765,0.05739,1.31926,0.00356,1,1,participant_9,question_14,Timer-Correct,True,Question,NOT_RANDOM,0
0.0,0,37,0,0.30087,0.10185,0,0.78385,0.41296,0.56348,8083,3428.84644,1,0.28449,-0.011,-0.01562,0.00695,0.62568,0.69336,0.42119,7.08261,0,0.3241,0.14631,1.31926,0.00228,1,1,0.04835,0.00827,0.64097,0.6943,0.44505,16.17773,0,0.27765,0.05739,1.32832,0.00356,1,0,participant_9,question_14,Timer-Correct,False,Question,NOT_RANDOM,0
0.0,0,37,0,0.30087,0.10185,0,0.78385,0.41296,0.57007,8083,3428.84644,1,0.28449,-0.011,-0.01562,0.00695,0.62568,0.69411,0.44753,8.98794,0,0.3241,0.14631,1.32021,0.00248,1,1,0.04835,0.00827,0.64097,0.6943,0.44505,16.17773,0,0.27765,0.05739,1.32926,0.00356,1,0,participant_9,question_14,Timer-Correct,False,Question,NOT_RANDOM,0
0.0,0,37,0,0.30087,0.10185,0,0.78385,0.41296,0.57666,8083,3428.84644,1,0.28449,-0.011,-0.01562,0.00695,0.62568,0.69411,0.44753,8.98794,0,0.3241,0.14631,1.32115,0.00248,1,0,0.04835,0.00827,0.64097,0.6943,0.44505,16.17773,0,0.27765,0.05739,1.32115,0.00356,1,0,participant_9,question_14,Timer-Correct,False,Question,NOT_RANDOM,0
0.0,0,37,0,0.30087,0.10185,0,0.78385,0.41296,0.57666,8083,3428.84644,0,0.29437,-0.00278,-0.01562,0.00695,0.62568,0.69411,0.44753,8.98794,0,0.3241,0.14631,1.31303,0.00248,1,0,0.04835,0.00827,0.64097,0.6943,0.44505,16.17773,0,0.27765,0.05739,1.31303,0.00356,1,0,participant_9,question_14,Timer-Correct,False,Question,NOT_RANDOM,0
0.0,0,37,0,0.30087,0.10185,0,0.78385,0.41296,0.57666,8083,3428.84644,0,0.29437,-0.00278,-0.01562,0.00695,0.62568,0.69411,0.44753,8.98794,0,0.3241,0.14631,1.30492,0.00248,1,0,0.04835,0.00827,0.64097,0.6943,0.44505,16.17773,0,0.27765,0.05739,1.30492,0.00356,1,0,participant_9,question_14,Timer-Correct,False,Question,NOT_RANDOM,0
0.0,0,37,0,0.30087,0.10185,0,0.78385,0.41296,0.57666,8083,3428.84644,0,0.29437,-0.00278,-0.01562,0.00695,0.62568,0.69411,0.44753,8.98794,0,0.3241,0.14631,1.30492,0.00248,1,0,0.04835,0.00827,0.64097,0.6943,0.44505,16.17773,0,0.27765,0.05739,1.30492,0.00356,1,0,participant_9,question_14,Timer-Correct,False,Question,NOT_RANDOM,0
0.0,0,37,0,0.30087,0.10185,0,0.78385,0.41296,0.57666,8083,3428.84644,0,0.0,0.0,-0.01562,0.00695,0.62568,0.69411,0.44753,8.98794,0,0.3241,0.14631,1.30492,0.00248,1,0,0.04835,0.00827,0.64097,0.6943,0.44505,16.17773,0,0.27765,0.05739,1.30492,0.00356,1,0,participant_9,question_14,Timer-Correct,False,Question,NOT_RANDOM,0
0.0,35,37,0,0.30087,0.10185,0,0.78385,0.41296,0.57666,8083,3428.84644,0,0.0,0.0,-0.01562,0.00695,0.62568,0.69411,0.44753,8.98794,0,0.3241,0.14631,1.30492,0.00248,1,0,0.04835,0.00827,0.64097,0.6943,0.44505,16.17773,0,0.27765,0.05739,1.30492,0.00356,1,0,participant_9,question_14,Timer-Correct,True,Question,NOT_RANDOM,0
0.0,35,37,0,0.30087,0.10185,0,0.78385,0.41296,0.57666,8083,3428.84644,0,0.0,0.0,-0.01562,0.00695,0.62568,0.69411,0.44753,8.98794,0,0.3241,0.14631,1.30492,0.00248,1,0,0.04835,0.00827,0.64097,0.6943,0.44505,16.17773,0,0.27765,0.05739,1.30492,0.00356,1,0,participant_9,question_14,Timer-Correct,True,Question,NOT_RANDOM,0
0.0,35,37,0,0.30087,0.10185,0,0.78385,0.41296,0.57666,8083,3428.84644,0,0.0,0.0,-0.01562,0.00695,0.62568,0.69411,0.44753,8.98794,0,0.3241,0.14631,1.30492,0.00248,1,0,0.04835,0.00827,0.64097,0.6943,0.44505,16.17773,0,0.27765,0.05739,1.30492,0.00356,1,0,participant_9,question_14,Timer-Correct,True,Question,NOT_RANDOM,0
0.0,35,37,0,0.30087,0.10185,0,0.78385,0.41296,0.57666,8083,3428.84644,0,0.0,0.0,-0.01562,0.00695,0.62568,0.69411,0.44753,8.98794,0,0.3241,0.14631,1.30492,0.00248,1,0,0.04835,0.00827,0.64097,0.6943,0.44505,16.17773,0,0.27765,0.05739,1.30492,0.00356,1,0,participant_9,question_14,Timer-Correct,True,Question,NOT_RANDOM,0
0.0,35,37,0,0.30087,0.10185,0,0.78385,0.41296,0.57666,8083,3428.84644,0,0.0,0.0,-0.01562,0.00695,0.62568,0.69411,0.44753,8.98794,0,0.3241,0.14631,1.30492,0.00248,1,0,0.04835,0.00827,0.64097,0.6943,0.44505,16.17773,0,0.27765,0.05739,1.30492,0.00356,1,0,participant_9,question_14,Timer-Correct,True,Question,NOT_RANDOM,0
0.0,35,37,0,0.30087,0.10185,0,0.78385,0.41296,0.57666,8083,3428.84644,0,0.0,0.0,-0.01562,0.00695,0.62568,0.69411,0.44753,8.98794,0,0.3241,0.14631,1.30492,0.00248,1,0,0.04835,0.00827,0.64097,0.6943,0.44505,16.17773,0,0.27765,0.05739,1.30492,0.00356,1,0,participant_9,question_14,Timer-Correct,True,Question,NOT_RANDOM,0
0.0,35,37,0,0.30087,0.10185,0,0.78385,0.41296,0.57666,8083,3428.84644,0,0.0,0.0,-0.01562,0.00695,0.62568,0.69411,0.44753,8.98794,0,0.3241,0.14631,1.30492,0.00248,1,0,0.04835,0.00827,0.64097,0.6943,0.44505,16.17773,0,0.27765,0.05739,1.30492,0.00356,1,0,participant_9,question_14,Timer-Correct,True,Question,NOT_RANDOM,0
0.0,35,37,0,0.30087,0.10185,0,0.78385,0.41296,0.57666,8083,3428.84644,0,0.0,0.0,-0.01562,0.00695,0.62568,0.69411,0.44753,8.98794,0,0.3241,0.14631,1.30492,0.00248,1,0,0.04835,0.00827,0.64097,0.6943,0.44505,16.17773,0,0.27765,0.05739,1.30492,0.00356,1,0,participant_9,question_14,Timer-Correct,True,Question,NOT_RANDOM,0
0.0,35,37,0,0.30087,0.10185,0,0.78385,0.41296,0.57666,8083,3428.84644,0,0.0,0.0,-0.01562,0.00695,0.62568,0.69411,0.44753,8.98794,0,0.3241,0.14631,1.30492,0.00248,1,0,0.04835,0.00827,0.64097,0.6943,0.44505,16.17773,0,0.27765,0.05739,1.30492,0.00356,1,0,participant_9,question_14,Timer-Correct,True,Question,NOT_RANDOM,0
0.0,35,37,0,0.30087,0.10185,0,0.78385,0.41296,0.57666,8083,3428.84644,0,0.0,0.0,-0.01562,0.00695,0.62568,0.69411,0.44753,8.98794,0,0.3241,0.14631,1.30492,0.00248,1,0,0.04835,0.00827,0.64097,0.6943,0.44505,16.17773,0,0.27765,0.05739,1.30492,0.00356,1,0,participant_9,question_14,Timer-Correct,True,Question,NOT_RANDOM,0
0.0,35,37,0,0.30087,0.10185,0,0.78385,0.41296,0.57666,8083,3428.84644,0,0.0,0.0,-0.01562,0.00695,0.62568,0.69411,0.44753,8.98794,0,0.3241,0.14631,1.30492,0.00248,1,0,0.04835,0.00827,0.64097,0.6943,0.44505,16.17773,0,0.27765,0.05739,1.30492,0.00356,1,0,participant_9,question_14,Timer-Correct,True,Question,NOT_RANDOM,0
0.0,35,37,0,0.30087,0.10185,0,0.78385,0.41296,0.57666,8083,3428.84644,0,0.0,0.0,-0.01562,0.00695,0.62568,0.69411,0.44753,8.98794,0,0.3241,0.14631,1.30492,0.00248,1,0,0.04835,0.00827,0.64097,0.6943,0.44505,16.17773,0,0.27765,0.05739,1.30492,0.00356,1,0,participant_9,question_14,Timer-Correct,True,Question,NOT_RANDOM,0
0.0,35,37,0,0.30087,0.10185,0,0.78385,0.41296,0.57666,8083,3428.84644,0,0.0,0.0,-0.01562,0.00695,0.62568,0.69411,0.44753,8.98794,0,0.3241,0.14631,1.30492,0.00248,1,0,0.04835,0.00827,0.64097,0.6943,0.44505,16.17773,0,0.27765,0.05739,1.30492,0.00356,1,0,participant_9,question_14,Timer-Correct,True,Question,NOT_RANDOM,0
0.0,35,37,0,0.30087,0.10185,0,0.78385,0.41296,0.57666,8083,3428.84644,0,0.0,0.0,-0.01562,0.00695,0.62568,0.69411,0.44753,8.98794,0,0.3241,0.14631,1.30492,0.00248,1,0,0.04835,0.00827,0.64097,0.6943,0.44505,16.17773,0,0.27765,0.05739,1.30492,0.00356,1,0,participant_9,question_14,Timer-Correct,True,Question,NOT_RANDOM,0
0.0,35,37,0,0.30087,0.10185,0,0.78385,0.41296,0.57666,8083,3428.84644,0,0.0,0.0,-0.01562,0.00695,0.62568,0.69411,0.44753,8.98794,0,0.3241,0.14631,1.30492,0.00248,1,0,0.04835,0.00827,0.64097,0.6943,0.44505,16.17773,0,0.27765,0.05739,1.30492,0.00356,1,0,participant_9,question_14,Timer-Correct,True,Question,NOT_RANDOM,0
0.09953,0,38,1,0.28838,-0.04001,0,0.78385,0.41296,0.57666,8083,3428.84644,0,0.14419,-0.02,-0.01562,0.00695,0.62568,0.43117,0.45151,13.71342,1,0.30861,-0.05049,1.30492,0.00298,1,1,0.04835,0.00827,0.64097,0.6933,0.44571,17.74542,1,0.26815,-0.02952,1.30492,0.00359,1,1,participant_9,question_14,Timer-Correct,True,Other,NOT_RANDOM,0
0.0,0,38,1,0.28378,-0.04077,0,0.78385,0.41296,0.57666,8083,3428.84644,0,0.19072,-0.02692,-0.01562,0.00695,0.62568,0.43122,0.45144,13.70635,1,0.31011,-0.05238,1.30492,0.0029,1,1,0.04835,0.00827,0.64097,0.6933,0.44571,17.73051,1,0.25745,-0.02916,1.30492,0.0036,1,1,participant_9,question_14,Timer-Correct,True,Other,NOT_RANDOM,0
0.0,0,38,1,0.28493,-0.03343,0,0.78385,0.41296,0.57666,8083,3428.84644,0,0.2857,-0.03807,0.04598,0.00806,0.61083,0.4312,0.45155,13.69832,1,0.31011,-0.05238,1.30492,0.00294,1,1,0.04567,0.00767,0.60909,0.69326,0.44578,17.90557,1,0.25974,-0.01448,1.28771,0.00357,1,1,participant_9,question_14,Timer-Correct,True,Other,NOT_RANDOM,0
0.0,0,38,1,0.28318,-0.03292,0,0.78385,0.41296,0.57666,8083,3428.84644,0,0.28444,-0.03549,0.04598,0.00806,0.61083,0.43121,0.45149,13.81168,1,0.30413,-0.03321,1.28771,0.00295,1,1,0.04567,0.00767,0.60909,0.69321,0.4458,17.87801,1,0.26223,-0.03262,1.27051,0.00361,1,1,participant_9,question_14,Timer-Correct,True,Other,NOT_RANDOM,0
0.0,0,38,1,0.2948,-0.00685,0,0.78385,0.41296,0.57666,8083,3428.84644,0,0.28789,-0.02595,0.04598,0.00806,0.61083,0.43123,0.45152,13.70176,1,0.31586,-0.00915,1.27051,0.00296,1,1,0.04567,0.00767,0.60909,0.69326,0.44577,17.93474,1,0.27373,-0.00456,1.2533,0.00357,1,1,participant_9,question_14,Timer-Correct,True,Other,NOT_RANDOM,0
0.0,0,38,1,0.29428,-0.01033,0,0.78385,0.41296,0.01978,8084,3429.57715,1,0.28949,-0.02204,-0.01622,0.00691,0.64008,0.43128,0.45178,13.68569,1,0.31587,-0.00908,1.27043,0.00295,1,1,0.04668,0.00784,0.62194,0.6934,0.4459,17.54621,1,0.2727,-0.01159,1.26137,0.00365,1,1,participant_9,question_14,Timer-Correct,True,Other,NOT_RANDOM,0
0.0,0,38,1,0.33409,-0.01761,0,0.78385,0.41296,0.02661,8084,3429.57715,1,0.29841,-0.02116,-0.01622,0.00691,0.64008,0.43176,0.45181,13.81272,1,0.35811,-0.00907,1.2785,0.00288,1,1,0.04668,0.00784,0.62194,0.69379,0.44599,17.80852,1,0.31008,-0.02615,1.28665,0.00362,1,1,participant_9,question_14,Timer-Correct,True,Other,NOT_RANDOM,0
0.0,0,38,1,0.31094,-0.05291,0,0.78385,0.41296,0.03345,8084,3429.57715,1,0.3005,-0.02645,-0.01622,0.00691,0.64008,0.43182,0.45184,14.01079,1,0.3275,-0.05844,1.30378,0.00291,1,1,0.04668,0.00784,0.62194,0.69391,0.44607,17.90346,1,0.29439,-0.04738,1.31193,0.00362,1,1,participant_9,question_14,Timer-Correct,True,Other,NOT_RANDOM,0
0.0,0,38,1,0.31046,-0.05667,0,0.78385,0.41296,0.04053,8084,3429.57715,1,0.30192,-0.03077,-0.01622,0.00691,0.64008,0.43206,0.45194,13.82275,1,0.32654,-0.06595,1.31193,0.00292,1,1,0.04598,0.0076,0.61083,0.69413,0.44619,17.89189,1,0.29439,-0.04738,1.31193,0.00361,1,1,participant_9,question_14,Timer-Correct,True,Other,NOT_RANDOM,0
0.0,0,38,1,0.31422,-0.01982,0,0.78385,0.41296,0.04663,8084,3429.57715,1,0.30346,-0.0294,-0.01622,0.00691,0.64008,0.43201,0.45201,13.87158,1,0.33646,-0.02759,1.2948,0.00295,1,1,0.04598,0.0076,0.61083,0.69411,0.44626,17.79078,1,0.29198,-0.01204,1.28665,0.00368,1,1,participant_9,question_14,Timer-Correct,True,Other,NOT_RANDOM,0
0.0,0,38,1,0.33861,0.01309,0,0.78385,0.41296,0.05347,8084,3429.57715,1,0.30736,-0.02468,-0.01622,0.00691,0.64008,0.43205,0.45209,14.05463,1,0.35925,0.00633,1.26952,0.00294,1,1,0.04598,0.0076,0.61083,0.69404,0.4463,17.82759,1,0.31797,0.01985,1.26137,0.00363,1,1,participant_9,question_14,Timer-Correct,True,Other,NOT_RANDOM,0
0.0,0,38,1,0.33901,0.01676,0,0.78385,0.41296,0.0603,8084,3429.57715,1,0.31053,-0.02053,-0.01628,0.00689,0.64227,0.43205,0.45237,13.82717,1,0.36005,0.01366,1.26137,0.00289,1,1,0.04674,0.00764,0.62147,0.69402,0.44645,17.85338,1,0.31797,0.01985,1.26137,0.00364,1,1,participant_9,question_14,Timer-Correct,True,Other,NOT_RANDOM,0
0.0,0,38,1,0.33236,0.00955,0,0.78385,0.41296,0.06689,8084,3429.57715,1,0.31251,-0.0178,-0.01628,0.00689,0.64227,0.43201,0.4524,13.72749,1,0.35552,0.01059,1.2785,0.00293,1,1,0.04674,0.00764,0.62147,0.69402,0.44645,17.85338,1,0.30919,0.00852,1.28665,0.00363,1,1,participant_9,question_14,Timer-Correct,True,Other,NOT_RANDOM,0
0.0,0,38,1,0.32433,-0.00628,0,0.78385,0.41296,0.07373,8084,3429.57715,1,0.3135,-0.01684,-0.01628,0.00689,0.64227,0.43197,0.4525,13.75503,1,0.3474,-0.00079,1.30378,0.00295,1,1,0.04674,0.00764,0.62147,0.69398,0.4465,17.74048,1,0.30126,-0.01176,1.31193,0.00363,1,1,participant_9,question_14,Timer-Correct,True,Other,NOT_RANDOM,0
0.0,0,38,1,0.32169,-0.02803,0,0.78385,0.41296,0.08032,8084,3429.57715,1,0.31413,-0.0177,-0.01622,0.00672,0.64008,0.43198,0.45247,13.7891,1,0.34476,-0.02303,1.32906,0.00296,1,1,0.04674,0.00764,0.62147,0.69395,0.44655,17.95167,1,0.29861,-0.03303,1.33721,0.00364,1,1,participant_9,question_14,Timer-Correct,True,Other,NOT_RANDOM,0
0.0,0,38,1,0.32031,-0.06581,0,0.78385,0.41296,0.0874,8084,3429.57715,1,0.31457,-0.02114,-0.01622,0.00672,0.64008,0.43191,0.45249,13.76204,1,0.34793,-0.0692,1.33721,0.00301,1,1,0.04674,0.00764,0.62147,0.6939,0.44675,17.83793,1,0.29268,-0.06243,1.33721,0.00366,1,1,participant_9,question_14,Timer-Correct,True,Other,NOT_RANDOM,0
0.0,0,38,1,0.3147,-0.06839,0,0.78385,0.41296,0.09375,8084,3429.57715,1,0.31458,-0.02429,-0.01622,0.00672,0.64008,0.43179,0.4525,13.70973,1,0.33782,-0.07537,1.33721,0.003,1,1,0.04674,0.00764,0.62147,0.6939,0.44673,17.87107,1,0.29158,-0.0614,1.33721,0.00365,1,1,participant_9,question_14,Timer-Correct,True,Other,NOT_RANDOM,0
0.0,0,38,1,0.31568,-0.06039,0,0.78385,0.41296,0.10034,8084,3429.57715,1,0.31465,-0.02654,-0.01594,0.00658,0.62697,0.43167,0.45273,14.02162,1,0.33879,-0.06715,1.3282,0.0029,1,1,0.04674,0.00766,0.62278,0.69385,0.44676,17.80104,1,0.29256,-0.05364,1.3282,0.00365,1,1,participant_9,question_14,Timer-Correct,True,Other,NOT_RANDOM,0
0.0,0,38,1,0.31141,-0.05082,0,0.78385,0.41296,0.10742,8084,3429.57715,1,0.31446,-0.02797,-0.01594,0.00658,0.62697,0.43164,0.45277,14.03223,1,0.3363,-0.03325,1.31918,0.00292,1,1,0.04674,0.00766,0.62278,0.69385,0.44783,18.36066,1,0.28652,-0.0684,1.31918,0.00442,1,1,participant_9,question_14,Timer-Correct,True,Other,NOT_RANDOM,0
0.0,0,38,1,0.30785,-0.06361,0,0.78385,0.41296,0.11426,8084,3429.57715,1,0.31409,-0.02995,-0.01594,0.00658,0.62697,0.43157,0.45282,13.92326,1,0.32847,-0.06543,1.31017,0.00297,1,1,0.04674,0.00766,0.62278,0.69386,0.44782,18.42869,1,0.28723,-0.06179,1.31017,0.00442,1,1,participant_9,question_14,Timer-Correct,True,Other,NOT_RANDOM,0
0.0,0,38,1,0.30889,-0.05549,0,0.78385,0.41296,0.12085,8084,3429.57715,1,0.31382,-0.03129,-0.01594,0.00658,0.62697,0.4316,0.45283,13.90393,1,0.32953,-0.05711,1.30115,0.003,1,1,0.04674,0.00766,0.62278,0.69384,0.44801,18.38766,1,0.28825,-0.05386,1.30115,0.00436,1,1,participant_9,question_14,Timer-Correct,True,Other,NOT_RANDOM,0
0.0,0,38,1,0.303,-0.04611,0,0.78385,0.41296,0.12744,8084,3429.57715,1,0.31327,-0.03204,-0.01594,0.00658,0.62697,0.43151,0.45306,13.56676,1,0.32109,-0.04207,1.30115,0.00298,1,1,0.04674,0.00766,0.62278,0.69382,0.44805,18.52324,1,0.28491,-0.05014,1.30115,0.00435,1,1,participant_9,question_14,Timer-Correct,True,Other,NOT_RANDOM,0
0.0,0,38,1,0.30465,-0.04628,0,0.78385,0.41296,0.13428,8084,3429.57715,1,0.31286,-0.03271,-0.01594,0.00658,0.62697,0.4315,0.45302,13.71019,1,0.32437,-0.04674,1.30115,0.00296,1,1,0.04674,0.00766,0.62278,0.69369,0.44698,17.74969,1,0.28492,-0.04582,1.30115,0.00367,1,1,participant_9,question_14,Timer-Correct,True,Other,NOT_RANDOM,0
0.0,0,38,1,0.30465,-0.04628,0,0.78385,0.41296,0.14062,8084,3429.57715,1,0.31249,-0.03333,-0.01594,0.00658,0.62697,0.43147,0.45308,13.9126,1,0.32437,-0.04674,1.30115,0.0029,1,1,0.04674,0.00766,0.62278,0.69371,0.44702,17.8804,1,0.28492,-0.04582,1.30115,0.00367,1,1,participant_9,question_14,Timer-Correct,True,Other,NOT_RANDOM,0
0.0,0,38,1,0.31371,-0.03887,0,0.78385,0.41296,0.14722,8084,3429.57715,1,0.31254,-0.03357,-0.01594,0.00658,0.62697,0.43147,0.45316,13.70442,1,0.34308,-0.03183,1.30115,0.00291,1,1,0.04674,0.00766,0.62278,0.69349,0.44837,17.94261,1,0.28433,-0.04591,1.30115,0.00434,1,1,participant_9,question_14,Timer-Correct,True,Other,NOT_RANDOM,0
0.0,0,38,1,0.31596,-0.03862,0,0.78385,0.41296,0.15405,8084,3429.57715,1,0.31269,-0.03378,-0.01594,0.00658,0.62697,0.43148,0.45313,13.76451,1,0.34832,-0.03495,1.30115,0.00291,1,1,0.04674,0.00766,0.62278,0.69367,0.44702,17.87265,1,0.28361,-0.0423,1.30115,0.00369,1,1,participant_9,question_14,Timer-Correct,True,Other,NOT_RANDOM,0
0.0,0,38,1,0.31596,-0.03862,0,0.78385,0.41296,0.16064,8084,3429.57715,1,0.31282,-0.03398,-0.01594,0.00658,0.62697,0.4314,0.45324,13.83336,1,0.34832,-0.03495,1.30115,0.00297,1,1,0.04674,0.00766,0.62278,0.69364,0.44709,17.9644,1,0.28361,-0.0423,1.30115,0.0037,1,1,participant_9,question_14,Timer-Correct,True,Other,NOT_RANDOM,0
0.0,0,38,1,0.31298,-0.03309,0,0.78385,0.41296,0.16821,8084,3429.57715,1,0.31282,-0.03394,-0.01594,0.00658,0.62697,0.43145,0.45322,13.80309,1,0.33945,-0.02082,1.30115,0.00292,1,1,0.04674,0.00766,0.62278,0.69349,0.44827,18.32743,1,0.28651,-0.04535,1.30115,0.00424,1,1,participant_9,question_14,Timer-Correct,True,Other,NOT_RANDOM,0
0.0,0,38,1,0.31526,-0.03101,0,0.78385,0.41296,0.17432,8084,3429.57715,1,0.31291,-0.03383,-0.01594,0.00658,0.62697,0.43145,0.45322,13.80309,1,0.34727,-0.01838,1.30115,0.00292,1,1,0.04674,0.00766,0.62278,0.69364,0.4471,17.98566,1,0.28326,-0.04364,1.30115,0.00369,1,1,participant_9,question_14,Timer-Correct,True,Other,NOT_RANDOM,0
0.0,0,38,1,0.31526,-0.03101,0,0.78385,0.41296,0.18115,8084,3429.57715,1,0.313,-0.03373,-0.01606,0.00654,0.63176,0.43145,0.45329,13.6668,1,0.34727,-0.01838,1.30115,0.00294,1,1,0.04674,0.00766,0.62278,0.69362,0.44708,18.02083,1,0.28326,-0.04364,1.30115,0.00369,1,1,participant_9,question_14,Timer-Correct,True,Other,NOT_RANDOM,0
0.0,0,38,1,0.30692,-0.0299,0,0.78385,0.41296,0.18774,8084,3429.57715,1,0.31279,-0.0336,-0.01606,0.00654,0.63176,0.43149,0.45331,13.7018,1,0.32741,-0.01817,1.30115,0.00297,1,1,0.04674,0.00766,0.62278,0.6936,0.4471,18.03697,1,0.28643,-0.04164,1.30115,0.00367,1,1,participant_9,question_14,Timer-Correct,True,Other,NOT_RANDOM,0
0.0,0,38,1,0.3101,-0.01909,0,0.78385,0.41296,0.19458,8084,3429.57715,1,0.3127,-0.03312,-0.01606,0.00654,0.63176,0.43149,0.45331,13.747,1,0.33175,-0.0091,1.30115,0.00297,1,1,0.04674,0.00766,0.62278,0.69361,0.44713,18.11701,1,0.28846,-0.02908,1.30115,0.00366,1,1,participant_9,question_14,Timer-Correct,True,Other,NOT_RANDOM,0
0.0,0,38,1,0.3101,-0.01909,0,0.78385,0.41296,0.20142,8084,3429.57715,1,0.31261,-0.03266,-0.01594,0.0064,0.62697,0.43163,0.45348,13.92369,1,0.33175,-0.0091,1.30115,0.00292,1,1,0.04674,0.00766,0.62278,0.69361,0.44713,18.1314,1,0.28846,-0.02908,1.30115,0.00367,1,1,participant_9,question_14,Timer-Correct,True,Other,NOT_RANDOM,0
0.0,0,38,1,0.31217,-0.02245,0,0.78385,0.41296,0.2085,8084,3429.57715,1,0.3126,-0.03234,-0.01594,0.0064,0.62697,0.43164,0.45354,13.87207,1,0.33439,-0.0024,1.30115,0.00292,1,1,0.04674,0.00766,0.62278,0.69368,0.44714,18.17115,1,0.28994,-0.04251,1.30115,0.00367,1,1,participant_9,question_14,Timer-Correct,True,Other,NOT_RANDOM,0
0.0,0,38,1,0.31791,-0.01003,0,0.78385,0.41296,0.2146,8084,3429.57715,1,0.31276,-0.03167,-0.01594,0.0064,0.62697,0.43164,0.45343,14.15253,1,0.34616,-0.00217,1.30115,0.00292,1,1,0.04674,0.00766,0.62278,0.69374,0.44718,18.20066,1,0.28966,-0.01788,1.30115,0.00369,1,1,participant_9,question_14,Timer-Correct,True,Other,NOT_RANDOM,0
0.0,0,38,1,0.31692,-0.01784,0,0.78385,0.41296,0.22168,8084,3429.57715,1,0.31288,-0.03126,-0.01622,0.00653,0.64008,0.43176,0.45346,13.70861,1,0.3452,-0.01013,1.31017,0.003,1,1,0.04674,0.00757,0.62278,0.6938,0.44726,18.17019,1,0.28864,-0.02556,1.31017,0.00369,1,1,participant_9,question_14,Timer-Correct,True,Other,NOT_RANDOM,0
0.0,0,38,1,0.32037,-0.03102,0,0.78385,0.41296,0.22803,8084,3429.57715,1,0.3131,-0.03125,-0.01622,0.00653,0.64008,0.43186,0.45349,13.70742,1,0.34354,-0.0344,1.31918,0.00305,1,1,0.04674,0.00757,0.62278,0.69383,0.44727,18.14535,1,0.2972,-0.02764,1.31918,0.00371,1,1,participant_9,question_14,Timer-Correct,True,Other,NOT_RANDOM,0
0.0,0,38,1,0.32711,-0.03353,0,0.78385,0.41296,0.23462,8084,3429.57715,1,0.31349,-0.03132,-0.01622,0.00653,0.64008,0.43188,0.4535,13.75725,1,0.35143,-0.02488,1.3282,0.00303,1,1,0.04674,0.00757,0.62278,0.69386,0.44733,18.01329,1,0.30278,-0.04218,1.3282,0.0037,1,1,participant_9,question_14,Timer-Correct,True,Other,NOT_RANDOM,0
0.0,0,38,1,0.32711,-0.03353,0,0.78385,0.41296,0.24146,8084,3429.57715,1,0.31385,-0.03138,-0.01571,0.00634,0.62182,0.43204,0.45354,14.0553,1,0.35143,-0.02488,1.3282,0.00295,1,1,0.04734,0.0076,0.62946,0.69401,0.4473,18.09053,1,0.30278,-0.04218,1.3282,0.00365,1,1,participant_9,question_14,Timer-Correct,True,Other,NOT_RANDOM,0
0.0,0,38,1,0.32913,-0.02334,0,0.78385,0.41296,0.24829,8084,3429.57715,1,0.31426,-0.03117,-0.01571,0.00634,0.62182,0.43203,0.45359,14.03832,1,0.34973,-0.00999,1.31918,0.00295,1,1,0.04734,0.0076,0.62946,0.69411,0.44829,18.43228,1,0.30852,-0.0367,1.31918,0.00419,1,1,participant_9,question_14,Timer-Correct,True,Other,NOT_RANDOM,0
0.0,0,38,1,0.32513,-0.01672,0,0.78385,0.41296,0.25464,8084,3429.57715,1,0.31454,-0.0308,-0.01571,0.00634,0.62182,0.43203,0.45355,14.2182,1,0.36202,-0.00477,1.31017,0.00289,1,1,0.04734,0.0076,0.62946,0.69416,0.44739,18.22173,1,0.28823,-0.02866,1.31017,0.00372,1,1,participant_9,question_14,Timer-Correct,True,Other,NOT_RANDOM,0
0.0,0,38,1,0.32606,-0.0089,0,0.78385,0.41296,0.26147,8084,3429.57715,1,0.31482,-0.03025,-0.01571,0.00634,0.62182,0.43197,0.45359,14.14775,1,0.36287,0.00317,1.30115,0.00292,1,1,0.04734,0.0076,0.62946,0.69414,0.44737,18.20285,1,0.28925,-0.02097,1.30115,0.00371,1,1,participant_9,question_14,Timer-Correct,True,Other,NOT_RANDOM,0
0.0,0,38,1,0.29411,-0.00581,0,0.78385,0.41296,0.26807,8084,3429.57715,1,0.31432,-0.02965,-0.01571,0.00634,0.62182,0.43174,0.45352,13.60687,1,0.32085,-0.00464,1.30115,0.003,1,1,0.04734,0.0076,0.62946,0.6938,0.44832,18.52913,1,0.26737,-0.00698,1.30115,0.00423,1,1,participant_9,question_14,Timer-Correct,True,Other,NOT_RANDOM,0
0.0,0,38,1,0.28814,0.00676,0,0.78385,0.41296,0.2749,8084,3429.57715,1,0.3137,-0.02878,-0.01571,0.00634,0.62182,0.43168,0.45351,13.71234,1,0.31086,0.01287,1.30115,0.00303,1,1,0.04734,0.0076,0.62946,0.69355,0.44739,18.29361,1,0.26543,0.00066,1.30115,0.00364,1,1,participant_9,question_14,Timer-Correct,True,Other,NOT_RANDOM,0
0.0,0,38,1,0.28697,-0.00091,0,0.78385,0.41296,0.28174,8084,3429.57715,1,0.31307,-0.02814,-0.01622,0.00653,0.64008,0.43134,0.45357,13.99522,1,0.30968,0.00504,1.31017,0.00302,1,1,0.04674,0.00757,0.62278,0.69339,0.4474,18.19759,1,0.26427,-0.00686,1.31017,0.00369,1,1,participant_9,question_14,Timer-Correct,True,Other,NOT_RANDOM,0
0.0,0,38,1,0.30012,-0.02682,0,0.78385,0.41296,0.28833,8084,3429.57715,1,0.31278,-0.02811,-0.01622,0.00653,0.64008,0.43137,0.45358,14.06363,1,0.32528,-0.01984,1.31918,0.00302,1,1,0.04674,0.00757,0.62278,0.69341,0.44731,18.47258,1,0.27495,-0.03381,1.31918,0.00371,1,1,participant_9,question_14,Timer-Correct,True,Other,NOT_RANDOM,0
0.0,0,38,1,0.29907,-0.02057,0,0.78385,0.41296,0.29492,8084,3429.57715,1,0.31247,-0.02794,-0.01622,0.00653,0.64008,0.43154,0.45362,14.0405,1,0.32449,-0.01395,1.3282,0.003,1,1,0.04674,0.00757,0.62278,0.69351,0.44732,18.49723,1,0.27365,-0.02719,1.3282,0.00365,1,1,participant_9,question_14,Timer-Correct,True,Other,NOT_RANDOM,0
0.0,0,38,1,0.29956,-0.01715,0,0.78385,0.41296,0.30176,8084,3429.57715,1,0.31219,-0.0277,-0.01571,0.00634,0.62182,0.43164,0.45348,14.03223,1,0.32449,-0.01395,1.3282,0.00292,1,1,0.04528,0.00731,0.60151,0.69365,0.44725,18.17041,1,0.27463,-0.02035,1.32005,0.00368,1,1,participant_9,question_14,Timer-Correct,True,Other,NOT_RANDOM,0
0.0,0,38,1,0.29179,-0.01602,0,0.78385,0.41296,0.30835,8084,3429.57715,1,0.31176,-0.02746,-0.01571,0.00634,0.62182,0.43171,0.45343,13.92326,1,0.31312,-0.02258,1.31103,0.00297,1,1,0.04528,0.00731,0.60151,0.69371,0.44731,18.26881,1,0.27047,-0.00946,1.30288,0.00371,1,1,participant_9,question_14,Timer-Correct,True,Other,NOT_RANDOM,0
0.0,0,38,1,0.28738,0.0008,0,0.78385,0.41296,0.31494,8084,3429.57715,1,0.31125,-0.02687,-0.01571,0.00634,0.62182,0.43171,0.45343,13.92326,1,0.31693,0.00073,1.29387,0.00297,1,1,0.04528,0.00731,0.60151,0.69371,0.44727,18.15745,1,0.25782,0.00088,1.28571,0.00371,1,1,participant_9,question_14,Timer-Correct,True,Other,NOT_RANDOM,0
0.0,0,38,1,0.2907,0.02263,0,0.78385,0.41296,0.32104,8084,3429.57715,1,0.31136,-0.0256,-0.01526,0.00618,0.60583,0.43173,0.4534,13.962,1,0.32015,0.02306,1.26859,0.00298,1,1,0.04545,0.00738,0.60381,0.69386,0.44732,18.01351,1,0.26124,0.0222,1.26043,0.00371,1,1,participant_9,question_14,Timer-Correct,True,Other,NOT_RANDOM,0
0.0,0,38,1,0.29777,0.01191,0,0.78385,0.41296,0.32812,8084,3429.57715,1,0.31166,-0.02467,-0.01526,0.00618,0.60583,0.43183,0.45343,14.03281,1,0.33319,-0.0076,1.25232,0.00298,1,1,0.04545,0.00738,0.60381,0.69387,0.44729,17.94032,1,0.26235,0.03141,1.25232,0.00372,1,1,participant_9,question_14,Timer-Correct,True,Other,NOT_RANDOM,0
0.0,0,38,1,0.30194,0.0136,0,0.78385,0.41296,0.32812,8084,3429.57715,0,0.29697,-0.00337,-0.01526,0.00618,0.60583,0.4319,0.45337,14.07854,1,0.34009,-0.00436,1.24421,0.00293,1,1,0.04545,0.00738,0.60381,0.69394,0.4473,17.98445,1,0.26379,0.03156,1.24421,0.00367,1,1,participant_9,question_14,Timer-Correct,True,Other,NOT_RANDOM,0
0.0,0,38,1,0.30081,0.00561,0,0.78385,0.41296,0.32812,8084,3429.57715,0,0.29889,0.00112,-0.01592,0.00653,0.63557,0.43198,0.45334,13.99894,1,0.33906,-0.01269,1.25322,0.00298,1,1,0.04598,0.00751,0.61083,0.69404,0.44724,17.94209,1,0.26257,0.02392,1.25322,0.00369,1,1,participant_9,question_14,Timer-Correct,True,Other,NOT_RANDOM,0
0.0,0,38,1,0.30507,0.00766,0,0.78385,0.41296,0.32812,8084,3429.57715,0,0.30095,0.0033,-0.01592,0.00653,0.63557,0.43206,0.45333,13.90596,1,0.3355,0.01307,1.27035,0.00301,1,1,0.04598,0.00751,0.61083,0.69406,0.44719,18.05918,1,0.27464,0.00225,1.27035,0.00368,1,1,participant_9,question_14,Timer-Correct,True,Other,NOT_RANDOM,0
0.0,0,38,1,0.30337,-0.01408,0,0.78385,0.41296,0.02002,8085,3429.91187,1,0.30155,-0.00105,-0.01592,0.00653,0.63557,0.43205,0.45334,13.90992,1,0.33402,-0.01461,1.28748,0.00302,1,1,0.04598,0.00751,0.61083,0.69409,0.44717,18.12036,1,0.27272,-0.01355,1.28748,0.00369,1,1,participant_9,question_14,Timer-Correct,True,Other,NOT_RANDOM,0
0.0,0,38,1,0.30131,-0.02911,0,0.78385,0.41296,0.02686,8085,3429.91187,1,0.30151,-0.00666,-0.01592,0.00658,0.63557,0.43209,0.45321,13.93507,1,0.33204,-0.03004,1.30461,0.00295,1,1,0.04598,0.00751,0.61083,0.69413,0.44714,18.08072,1,0.27058,-0.02819,1.30461,0.00368,1,1,participant_9,question_14,Timer-Correct,True,Other,NOT_RANDOM,0
0.0,0,38,1,0.30492,-0.03239,0,0.78385,0.41296,0.03394,8085,3429.91187,1,0.30208,-0.01095,-0.01592,0.00658,0.63557,0.43211,0.4532,13.90972,1,0.3345,-0.02369,1.30461,0.00297,1,1,0.04598,0.00751,0.61083,0.6942,0.44713,17.97728,1,0.27534,-0.04109,1.30461,0.00372,1,1,participant_9,question_14,Timer-Correct,True,Other,NOT_RANDOM,0
0.0,0,38,1,0.31032,-0.0324,0,0.78385,0.41296,0.04028,8085,3429.91187,1,0.30325,-0.01401,-0.01592,0.00658,0.63557,0.43209,0.45321,13.93507,1,0.3436,-0.03091,1.30461,0.00295,1,1,0.04598,0.00751,0.61083,0.69419,0.44825,17.98518,1,0.27704,-0.0339,1.30461,0.0043,1,1,participant_9,question_14,Timer-Correct,True,Other,NOT_RANDOM,0
0.0,0,38,1,0.30929,-0.0398,0,0.78385,0.41296,0.04712,8085,3429.91187,1,0.30401,-0.01724,-0.01592,0.00663,0.63557,0.43215,0.45324,13.77422,1,0.3436,-0.03091,1.30461,0.00299,1,1,0.04835,0.00788,0.64097,0.6942,0.44838,18.21093,1,0.27497,-0.04868,1.32182,0.00431,1,1,participant_9,question_14,Timer-Correct,True,Other,NOT_RANDOM,0
0.0,0,38,1,0.31214,-0.06591,0,0.78385,0.41296,0.05347,8085,3429.91187,1,0.30491,-0.02264,-0.01592,0.00663,0.63557,0.4322,0.45317,13.98722,1,0.3433,-0.05208,1.32182,0.00294,1,1,0.04835,0.00788,0.64097,0.69419,0.4484,18.24649,1,0.28098,-0.07974,1.33902,0.00431,1,1,participant_9,question_14,Timer-Correct,True,Other,NOT_RANDOM,0
0.0,0,38,1,0.31593,-0.08174,0,0.78385,0.41296,0.0603,8085,3429.91187,1,0.30601,-0.02855,-0.01592,0.00663,0.63557,0.43224,0.45323,13.78288,1,0.34993,-0.06951,1.33903,0.00294,1,1,0.04835,0.00788,0.64097,0.69436,0.44834,18.60125,1,0.28193,-0.09397,1.35623,0.00429,1,1,participant_9,question_14,Timer-Correct,True,Other,NOT_RANDOM,0
0.0,0,38,1,0.31603,-0.08153,0,0.78385,0.41296,0.06689,8085,3429.91187,1,0.30692,-0.03337,-0.01562,0.00652,0.62568,0.43233,0.45318,13.7718,1,0.34911,-0.07695,1.34722,0.00296,1,1,0.04582,0.00746,0.60632,0.69451,0.44818,18.75152,1,0.28295,-0.08611,1.34722,0.00429,1,1,participant_9,question_14,Timer-Correct,True,Other,NOT_RANDOM,0
0.0,0,38,1,0.27925,-0.03096,0,0.78385,0.41296,0.07373,8085,3429.91187,1,0.30462,-0.03317,-0.01562,0.00652,0.62568,0.43245,0.45318,13.95301,1,0.30756,-0.01426,1.3382,0.00296,1,1,0.04582,0.00746,0.60632,0.69466,0.44793,18.57051,1,0.25095,-0.04766,1.32099,0.00434,1,1,participant_9,question_14,Timer-Correct,True,Other,NOT_RANDOM,0
0.0,0,38,1,0.28233,-0.02387,0,0.78385,0.41296,0.08081,8085,3429.91187,1,0.3029,-0.03245,-0.01562,0.00652,0.62568,0.43246,0.45311,13.85787,1,0.31464,-0.00682,1.31198,0.00303,1,1,0.04582,0.00746,0.60632,0.69468,0.44791,18.43774,1,0.25002,-0.04093,1.29477,0.00432,1,1,participant_9,question_14,Timer-Correct,True,Other,NOT_RANDOM,0
0.0,0,38,1,0.2869,0.00608,0,0.78385,0.41296,0.08716,8085,3429.91187,1,0.30176,-0.0297,-0.01519,0.00641,0.61032,0.43255,0.45305,13.78482,1,0.31901,0.02327,1.27764,0.00298,1,1,0.04582,0.00746,0.60632,0.69467,0.448,18.45034,1,0.25479,-0.01112,1.26043,0.00437,1,1,participant_9,question_14,Timer-Correct,True,Other,NOT_RANDOM,0
0.0,0,38,1,0.29379,0.02014,0,0.78385,0.41296,0.09424,8085,3429.91187,1,0.30123,-0.02638,-0.01519,0.00641,0.61032,0.43259,0.45292,14.10076,1,0.32616,0.04383,1.25232,0.00299,1,1,0.04582,0.00746,0.60632,0.69496,0.44803,17.74956,1,0.26141,-0.00354,1.25232,0.00442,1,1,participant_9,question_14,Timer-Correct,True,Other,NOT_RANDOM,0
0.0,0,38,1,0.29758,0.01452,0,0.78385,0.41296,0.10083,8085,3429.91187,1,0.301,-0.02382,-0.01519,0.00641,0.61032,0.43261,0.45289,14.1588,1,0.32436,0.03987,1.24421,0.00296,1,1,0.04582,0.00746,0.60632,0.695,0.44813,18.09631,1,0.2708,-0.01082,1.24421,0.00438,1,1,participant_9,question_14,Timer-Correct,True,Other,NOT_RANDOM,0
0.0,0,38,1,0.29758,0.01452,0,0.78385,0.41296,0.10742,8085,3429.91187,1,0.3008,-0.02157,-0.01561,0.00661,0.62905,0.43265,0.45293,14.03653,1,0.32436,0.03987,1.24421,0.00297,1,1,0.04582,0.00746,0.60632,0.69468,0.44687,18.06811,1,0.2708,-0.01082,1.24421,0.00367,1,1,participant_9,question_14,Timer-Correct,True,Other,NOT_RANDOM,0
0.0,0,38,1,0.30147,0.02171,0,0.78385,0.41296,0.11426,8085,3429.91187,1,0.30084,-0.01916,-0.01561,0.00661,0.62905,0.43263,0.45289,14.16941,1,0.32701,0.02392,1.25232,0.00296,1,1,0.04582,0.00746,0.60632,0.69475,0.44676,17.77211,1,0.27594,0.0195,1.25232,0.0037,1,1,participant_9,question_14,Timer-Correct,True,Other,NOT_RANDOM,0
0.0,0,38,1,0.30129,0.01935,0,0.78385,0.41296,0.12085,8085,3429.91187,1,0.30086,-0.01714,-0.01561,0.00661,0.62905,0.43272,0.45272,14.17486,1,0.33423,-0.00458,1.26043,0.00301,1,1,0.04582,0.00746,0.60632,0.69474,0.44677,17.77608,1,0.26835,0.04328,1.26043,0.00371,1,1,participant_9,question_14,Timer-Correct,True,Other,NOT_RANDOM,0
0.0,0,38,1,0.29975,0.00892,0,0.78385,0.41296,0.12769,8085,3429.91187,1,0.3008,-0.01583,-0.01561,0.00661,0.62905,0.43276,0.45269,14.17988,1,0.33328,-0.01198,1.26855,0.00299,1,1,0.04647,0.00756,0.61425,0.69485,0.4467,17.99193,1,0.26622,0.02981,1.2767,0.00363,1,1,participant_9,question_14,Timer-Correct,True,Other,NOT_RANDOM,0
0.0,0,38,1,0.30076,0.00252,0,0.78385,0.41296,0.13403,8085,3429.91187,1,0.3008,-0.01496,-0.01561,0.00661,0.62905,0.43273,0.45253,13.92421,1,0.33391,-0.01878,1.2767,0.00294,1,1,0.04647,0.00756,0.61425,0.69496,0.44669,18.11008,1,0.26761,0.02381,1.28485,0.00362,1,1,participant_9,question_14,Timer-Correct,True,Other,NOT_RANDOM,0
0.0,0,38,1,0.30213,-0.01682,0,0.78385,0.41296,0.14062,8085,3429.91187,1,0.30086,-0.01504,-0.01561,0.00661,0.62905,0.43271,0.45256,13.87405,1,0.33066,-0.03736,1.28485,0.00294,1,1,0.04647,0.00756,0.61425,0.69495,0.44661,17.94954,1,0.2736,0.00371,1.293,0.00362,1,1,participant_9,question_14,Timer-Correct,True,Other,NOT_RANDOM,0
0.0,0,38,1,0.30115,-0.02398,0,0.78385,0.41296,0.14771,8085,3429.91187,1,0.30088,-0.01543,-0.01531,0.00653,0.61707,0.43279,0.45241,13.83197,1,0.3297,-0.04485,1.293,0.003,1,1,0.04647,0.00756,0.61425,0.69494,0.44662,17.9474,1,0.27259,-0.00312,1.30115,0.00362,1,1,participant_9,question_14,Timer-Correct,True,Other,NOT_RANDOM,0
0.0,0,38,1,0.28589,-0.00808,0,0.78385,0.41296,0.15454,8085,3429.91187,1,0.30025,-0.01513,-0.01531,0.00653,0.61707,0.43281,0.45232,13.99216,1,0.29909,-0.00858,1.30115,0.00302,1,1,0.04647,0.00756,0.61425,0.69495,0.4465,17.79075,1,0.27269,-0.00757,1.30115,0.00365,1,1,participant_9,question_14,Timer-Correct,True,Other,NOT_RANDOM,0
0.0,0,38,1,0.29074,-0.02498,0,0.78385,0.41296,0.16089,8085,3429.91187,1,0.29987,-0.01552,-0.01531,0.00653,0.61707,0.43284,0.45232,14.00776,1,0.31,-0.03453,1.30115,0.00299,1,1,0.04647,0.00756,0.61425,0.69497,0.4463,17.81179,1,0.27147,-0.01543,1.30115,0.00363,1,1,participant_9,question_14,Timer-Correct,True,Other,NOT_RANDOM,0
0.0,0,38,1,0.29017,-0.02882,0,0.78385,0.41296,0.16748,8085,3429.91187,1,0.2995,-0.01603,-0.01543,0.00672,0.62192,0.43276,0.45211,14.00995,1,0.31,-0.03453,1.30115,0.00302,1,1,0.04864,0.00809,0.64231,0.69501,0.44627,17.81133,1,0.27034,-0.0231,1.31021,0.0036,1,1,participant_9,question_14,Timer-Correct,True,Other,NOT_RANDOM,0
0.0,0,38,1,0.2892,-0.05238,0,0.78385,0.41296,0.1748,8085,3429.91187,1,0.29912,-0.01738,-0.01543,0.00672,0.62192,0.43276,0.45202,13.80059,1,0.30733,-0.05836,1.31021,0.00294,1,1,0.04864,0.00809,0.64231,0.69502,0.44613,18.06882,1,0.27108,-0.0464,1.31926,0.0036,1,1,participant_9,question_14,Timer-Correct,True,Other,NOT_RANDOM,0
0.0,0,38,1,0.28619,-0.06693,0,0.78385,0.41296,0.1814,8085,3429.91187,1,0.29865,-0.01915,-0.01543,0.00672,0.62192,0.43272,0.45203,13.80339,1,0.30377,-0.06754,1.31926,0.00295,1,1,0.04864,0.00809,0.64231,0.69498,0.44608,18.05987,1,0.26862,-0.06632,1.32832,0.00362,1,1,participant_9,question_14,Timer-Correct,True,Other,NOT_RANDOM,0
0.0,0,38,1,0.28559,-0.07107,0,0.78385,0.41296,0.18799,8085,3429.91187,1,0.2982,-0.02094,-0.01543,0.00672,0.62192,0.43277,0.45168,14.33299,1,0.30256,-0.07583,1.32832,0.00291,1,1,0.04647,0.00774,0.61425,0.69501,0.44606,17.96589,1,0.26862,-0.06632,1.32832,0.0036,1,1,participant_9,question_14,Timer-Correct,True,Other,NOT_RANDOM,0
0.0,0,38,1,0.29126,-0.06114,0,0.78385,0.41296,0.19434,8085,3429.91187,1,0.29797,-0.02228,-0.01543,0.00672,0.62192,0.43279,0.45164,14.25528,1,0.30762,-0.05966,1.32832,0.00292,1,1,0.04647,0.00774,0.61425,0.6952,0.44734,18.27855,1,0.27489,-0.06262,1.31926,0.00435,1,1,participant_9,question_14,Timer-Correct,True,Other,NOT_RANDOM,0
0.0,0,38,1,0.29136,-0.03028,0,0.78385,0.41296,0.20142,8085,3429.91187,1,0.29776,-0.02254,-0.01543,0.00672,0.62192,0.43279,0.45164,14.25528,1,0.30774,-0.00392,1.31926,0.00293,1,1,0.04647,0.00774,0.61425,0.6951,0.44715,18.11945,1,0.27498,-0.05664,1.31021,0.0043,1,1,participant_9,question_14,Timer-Correct,True,Other,NOT_RANDOM,0
0.0,0,38,1,0.29137,-0.03024,0,0.78385,0.41296,0.20801,8085,3429.91187,1,0.29756,-0.02278,-0.01568,0.00685,0.6339,0.43278,0.45164,14.15672,1,0.30775,-0.00389,1.31922,0.00293,1,1,0.04744,0.00789,0.62581,0.69496,0.4459,17.54621,1,0.27498,-0.0566,1.31017,0.00365,1,1,participant_9,question_14,Timer-Correct,True,Other,NOT_RANDOM,0
0.0,0,38,1,0.28897,-0.00375,0,0.78385,0.41296,0.21436,8085,3429.91187,1,0.2973,-0.0222,-0.01568,0.00685,0.6339,0.43274,0.45161,13.83914,1,0.30202,-0.01282,1.31918,0.00293,1,1,0.04744,0.00789,0.62581,0.69494,0.44583,17.77375,1,0.27592,0.00531,1.31918,0.00363,1,1,participant_9,question_14,Timer-Correct,True,Other,NOT_RANDOM,0
0.0,0,38,1,0.29072,-0.01864,0,0.78385,0.41296,0.22144,8085,3429.91187,1,0.29711,-0.0221,-0.01568,0.00685,0.6339,0.4328,0.45158,14.06744,1,0.30613,-0.02527,1.3282,0.00292,1,1,0.04744,0.00789,0.62581,0.69502,0.44573,17.90303,1,0.27531,-0.01201,1.3282,0.00367,1,1,participant_9,question_14,Timer-Correct,True,Other,NOT_RANDOM,0
0.0,0,38,1,0.29018,-0.02239,0,0.78385,0.41296,0.22778,8085,3429.91187,1,0.29691,-0.0221,-0.01543,0.00672,0.62192,0.43278,0.45148,13.88765,1,0.30613,-0.02527,1.3282,0.0029,1,1,0.04864,0.00809,0.64231,0.6951,0.44563,17.87294,1,0.27423,-0.01951,1.33725,0.00366,1,1,participant_9,question_14,Timer-Correct,True,Other,NOT_RANDOM,0
0.0,0,38,1,0.28903,-0.02126,0,0.78385,0.41296,0.23462,8085,3429.91187,1,0.29669,-0.02208,-0.01543,0.00672,0.62192,0.43274,0.45149,13.85846,1,0.30289,-0.02961,1.32824,0.00293,1,1,0.04864,0.00809,0.64231,0.69514,0.44567,17.83335,1,0.27518,-0.01291,1.3373,0.00363,1,1,participant_9,question_14,Timer-Correct,True,Other,NOT_RANDOM,0
0.0,0,38,1,0.29325,-0.02927,0,0.78385,0.41296,0.24146,8085,3429.91187,1,0.2966,-0.02227,-0.01543,0.00672,0.62192,0.43273,0.45142,13.9666,1,0.30951,-0.04088,1.32828,0.00295,1,1,0.04864,0.00809,0.64231,0.69505,0.44564,17.88661,1,0.27699,-0.01765,1.33734,0.00365,1,1,participant_9,question_14,Timer-Correct,True,Other,NOT_RANDOM,0
0.0,0,38,1,0.29425,-0.02234,0,0.78385,0.41296,0.2478,8085,3429.91187,1,0.29653,-0.02228,-0.01523,0.0067,0.61193,0.43264,0.45137,13.97471,1,0.31055,-0.03369,1.32021,0.00294,1,1,0.04864,0.00809,0.64231,0.69495,0.44575,17.99795,1,0.27794,-0.01098,1.32926,0.00363,1,1,participant_9,question_14,Timer-Correct,True,Other,NOT_RANDOM,0
0.0,0,38,1,0.26285,-0.01806,0,0.78385,0.41296,0.25488,8085,3429.91187,1,0.29567,-0.02217,-0.01523,0.0067,0.61193,0.43248,0.45139,14.02579,1,0.27836,-0.02346,1.32115,0.00297,1,1,0.04864,0.00809,0.64231,0.69463,0.44556,18.10589,1,0.24734,-0.01267,1.32115,0.00367,1,1,participant_9,question_14,Timer-Correct,True,Other,NOT_RANDOM,0
0.0,0,38,1,0.2637,-0.00823,0,0.78385,0.41296,0.26147,8085,3429.91187,1,0.29487,-0.02182,-0.01523,0.0067,0.61193,0.43245,0.45136,13.92764,1,0.27906,-0.02024,1.31303,0.00297,1,1,0.04864,0.00809,0.64231,0.69467,0.4456,17.77613,1,0.24834,0.00378,1.31303,0.00366,1,1,participant_9,question_14,Timer-Correct,True,Other,NOT_RANDOM,0
0.0,0,38,1,0.26489,-0.00116,0,0.78385,0.41296,0.26782,8085,3429.91187,1,0.29414,-0.02132,-0.01562,0.00685,0.62568,0.43221,0.45123,13.95347,1,0.27906,-0.02024,1.31303,0.00293,1,1,0.04582,0.00764,0.60632,0.69459,0.44557,17.86039,1,0.25072,0.01792,1.29583,0.00365,1,1,participant_9,question_14,Timer-Correct,True,Other,NOT_RANDOM,0
0.0,0,38,1,0.25961,-0.0004,0,0.78385,0.41296,0.27515,8085,3429.91187,1,0.29332,-0.02082,-0.01562,0.00685,0.62568,0.43222,0.45126,13.84708,1,0.27083,-0.01711,1.30394,0.00294,1,1,0.04582,0.00764,0.60632,0.69459,0.44556,17.89329,1,0.24838,0.01631,1.28673,0.00364,1,1,participant_9,question_14,Timer-Correct,True,Other,NOT_RANDOM,0
0.0,0,38,1,0.26339,0.00887,0,0.78385,0.41296,0.28174,8085,3429.91187,1,0.29262,-0.02013,-0.01562,0.00685,0.62568,0.4322,0.45122,13.98722,1,0.27477,-0.01448,1.29485,0.00293,1,1,0.04582,0.00764,0.60632,0.69459,0.44556,17.89329,1,0.252,0.03223,1.27764,0.00364,1,1,participant_9,question_14,Timer-Correct,True,Other,NOT_RANDOM,0
0.0,0,38,1,0.26595,0.02361,0,0.78385,0.41296,0.28857,8085,3429.91187,1,0.29202,-0.01913,-0.01519,0.00677,0.61032,0.43223,0.45115,14.03394,1,0.27748,0.00083,1.27764,0.00295,1,1,0.04632,0.00777,0.6129,0.6946,0.44545,17.88778,1,0.25441,0.0464,1.26043,0.00367,1,1,participant_9,question_14,Timer-Correct,True,Other,NOT_RANDOM,0
0.0,0,38,1,0.26929,0.02782,0,0.78385,0.41296,0.29492,8085,3429.91187,1,0.29151,-0.01809,-0.01519,0.00677,0.61032,0.43219,0.45117,14.14265,1,0.284,0.0131,1.25232,0.00292,1,1,0.04632,0.00777,0.6129,0.69461,0.44545,17.89731,1,0.25458,0.04255,1.25232,0.00366,1,1,participant_9,question_14,Timer-Correct,True,Question,NOT_RANDOM,0
0.0,0,37,1,0.26946,0.02604,0,0.78385,0.41296,0.30176,8085,3429.91187,1,0.29103,-0.01713,-0.01519,0.00677,0.61032,0.43223,0.45107,14.18681,1,0.28408,0.01317,1.24421,0.00295,1,1,0.04632,0.00777,0.6129,0.69461,0.44538,17.95363,1,0.25483,0.03891,1.24421,0.00363,1,1,participant_9,question_14,Timer-Correct,True,Question,NOT_RANDOM,0
0.0,0,37,1,0.27009,0.0297,0,0.78385,0.41296,0.30176,8085,3429.91187,0,0.27215,0.00128,-0.01519,0.00677,0.61032,0.43223,0.45107,14.18681,1,0.28536,0.02051,1.23609,0.00295,1,1,0.04891,0.00829,0.64644,0.69459,0.44536,17.87275,1,0.25483,0.03888,1.24424,0.00364,1,1,participant_9,question_14,Timer-Correct,True,Question,NOT_RANDOM,0
0.0,0,37,1,0.27207,0.01566,0,0.78385,0.41296,0.30176,8085,3429.91187,0,0.27211,0.00847,-0.01519,0.00677,0.61032,0.43223,0.45107,14.18681,1,0.28583,0.01612,1.24424,0.00295,1,1,0.04891,0.00829,0.64644,0.69465,0.44525,17.8777,1,0.25832,0.0152,1.25239,0.0036,1,1,participant_9,question_14,Timer-Correct,True,Other,NOT_RANDOM,0
0.0,0,37,1,0.26907,-0.0014,0,0.78385,0.41296,0.30176,8085,3429.91187,0,0.2711,0.00518,-0.01519,0.00677,0.61032,0.43227,0.45095,14.03236,1,0.28457,-0.00833,1.25239,0.00292,1,1,0.04891,0.00829,0.64644,0.69465,0.44525,17.8848,1,0.25358,0.00552,1.26054,0.00359,1,1,participant_9,question_14,Timer-Correct,True,Other,NOT_RANDOM,0
0.0,0,37,1,0.26667,-0.0158,0,0.78385,0.41296,0.02051,8086,3430.22021,1,0.26999,-7e-05,-0.01562,0.00695,0.62568,0.43221,0.45088,13.81496,1,0.28204,-0.02322,1.26866,0.00293,1,1,0.04647,0.00792,0.61425,0.69457,0.44509,17.80721,1,0.2513,-0.00839,1.27681,0.00363,1,1,participant_9,question_14,Timer-Correct,True,Other,NOT_RANDOM,0
0.0,0,37,1,0.26666,-0.00375,0,0.78385,0.41296,0.02734,8086,3430.22021,1,0.26932,-0.0008,-0.01562,0.00695,0.62568,0.43224,0.45085,13.78875,1,0.27935,0.00854,1.28492,0.00296,1,1,0.04647,0.00792,0.61425,0.69457,0.44512,17.89137,1,0.25396,-0.01604,1.28492,0.00363,1,1,participant_9,question_14,Timer-Correct,True,Other,NOT_RANDOM,0
0.0,0,37,1,0.26562,-0.01966,0,0.78385,0.41296,0.03418,8086,3430.22021,1,0.26871,-0.00395,-0.01562,0.00695,0.62568,0.43223,0.45075,14.04362,1,0.27917,-0.01083,1.29304,0.00294,1,1,0.04647,0.00792,0.61425,0.69459,0.44508,17.83072,1,0.25206,-0.02848,1.29304,0.00363,1,1,participant_9,question_14,Timer-Correct,True,Other,NOT_RANDOM,0
0.0,0,37,1,0.26618,-0.01615,0,0.78385,0.41296,0.04199,8086,3430.22021,1,0.26835,-0.00569,-0.01519,0.00677,0.61032,0.4323,0.45074,13.98662,1,0.27917,-0.01083,1.29304,0.00296,1,1,0.04605,0.00784,0.60807,0.6947,0.44512,17.77297,1,0.25318,-0.02148,1.28489,0.00361,1,1,participant_9,question_14,Timer-Correct,True,Other,NOT_RANDOM,0
0.0,0,37,1,0.2721,0.00758,0,0.78385,0.41296,0.04712,8086,3430.22021,1,0.26882,-0.00403,-0.01519,0.00677,0.61032,0.43234,0.45062,14.11327,1,0.28333,0.02581,1.27677,0.00299,1,1,0.04605,0.00784,0.60807,0.6949,0.44604,17.77705,1,0.26088,-0.01065,1.26862,0.00449,1,1,participant_9,question_14,Timer-Correct,True,Other,NOT_RANDOM,0
0.0,0,37,1,0.27232,0.02158,0,0.78385,0.41296,0.05396,8086,3430.22021,1,0.26921,-0.00119,-0.01519,0.00677,0.61032,0.4323,0.45074,13.98662,1,0.2874,0.04265,1.26051,0.00296,1,1,0.04605,0.00784,0.60807,0.6949,0.44604,17.77705,1,0.25725,0.00051,1.25236,0.00449,1,1,participant_9,question_14,Timer-Correct,True,Other,NOT_RANDOM,0
0.0,0,37,1,0.27295,0.02513,0,0.78385,0.41296,0.0603,8086,3430.22021,1,0.26958,0.00145,-0.01543,0.0069,0.62192,0.43234,0.45061,14.06009,1,0.28865,0.04974,1.25236,0.00299,1,1,0.04744,0.00807,0.62581,0.69468,0.44499,18.08322,1,0.25725,0.00051,1.25236,0.00358,1,1,participant_9,question_14,Timer-Correct,True,Question,NOT_RANDOM,0
0.0,0,37,1,0.26687,0.03177,0,0.78385,0.41296,0.06714,8086,3430.22021,1,0.26933,0.0042,-0.01543,0.0069,0.62192,0.43234,0.45061,13.94564,1,0.28605,0.04905,1.26047,0.00298,1,1,0.04744,0.00807,0.62581,0.69468,0.44499,18.08771,1,0.24769,0.01448,1.26862,0.00365,1,1,participant_9,question_14,Timer-Correct,True,Question,NOT_RANDOM,0
0.0,0,37,1,0.267,0.00798,0,0.78385,0.41296,0.07373,8086,3430.22021,1,0.26914,0.00452,-0.01543,0.0069,0.62192,0.43234,0.45061,13.94564,1,0.2889,0.01818,1.27674,0.00298,1,1,0.04744,0.00807,0.62581,0.69475,0.4449,18.05686,1,0.24509,-0.00222,1.28489,0.0036,1,1,participant_9,question_14,Timer-Correct,True,Other,NOT_RANDOM,0
0.0,0,37,1,0.2652,-0.00259,0,0.78385,0.41296,0.08032,8086,3430.22021,1,0.26884,0.00397,-0.01543,0.0069,0.62192,0.43246,0.45057,13.97618,1,0.28647,0.00389,1.293,0.00299,1,1,0.04639,0.00789,0.61135,0.69492,0.44482,17.84041,1,0.24393,-0.00906,1.293,0.00363,1,1,participant_9,question_14,Timer-Correct,True,Other,NOT_RANDOM,0
0.0,0,37,1,0.2655,0.01559,0,0.78385,0.41296,0.08716,8086,3430.22021,1,0.2686,0.0048,-0.01543,0.0069,0.62192,0.43251,0.45047,13.962,1,0.29634,-0.00715,1.293,0.00298,1,1,0.04639,0.00789,0.61135,0.69492,0.44482,17.84041,1,0.23465,0.03832,1.28485,0.00363,1,1,participant_9,question_14,Timer-Correct,True,Other,NOT_RANDOM,0
0.0,0,37,1,0.27006,0.01913,0,0.78385,0.41296,0.09375,8086,3430.22021,1,0.26869,0.00576,-0.01543,0.0069,0.62192,0.43249,0.45045,13.88463,1,0.30011,-0.0024,1.28485,0.00298,1,1,0.04639,0.00789,0.61135,0.6951,0.44467,18.04053,1,0.24,0.04066,1.2767,0.00367,1,1,participant_9,question_14,Timer-Correct,True,Other,NOT_RANDOM,0
0.0,0,37,1,0.26993,0.01839,0,0.78385,0.41296,0.10059,8086,3430.22021,1,0.26877,0.00655,-0.01568,0.00723,0.6339,0.43262,0.45022,14.2135,1,0.29999,-0.00317,1.28572,0.00296,1,1,0.04631,0.00792,0.61031,0.69517,0.44457,18.05485,1,0.23987,0.03995,1.27756,0.00362,1,1,participant_9,question_14,Timer-Correct,True,Other,NOT_RANDOM,0
0.0,0,37,1,0.27129,0.17131,0,0.78385,0.41296,0.10742,8086,3430.22021,1,0.26892,0.01624,-0.01568,0.00723,0.6339,0.43245,0.45113,11.02745,1,0.28348,0.22666,1.28658,0.0028,1,1,0.04631,0.00792,0.61031,0.69538,0.44539,15.00629,1,0.25911,0.11596,1.28658,0.00349,1,1,participant_9,question_14,Timer-Correct,True,Question,NOT_RANDOM,0
0.0,0,37,0,0.27129,0.17131,0,0.78385,0.41296,0.11401,8086,3430.22021,1,0.26892,0.01624,-0.01568,0.00723,0.6339,0.70663,0.42176,6.62345,0,0.28348,0.22666,1.2956,0.0024,1,1,0.04631,0.00792,0.61031,0.69538,0.44539,15.00629,0,0.25911,0.11596,1.2956,0.00349,1,0,participant_9,question_14,Timer-Correct,False,Question,NOT_RANDOM,0
0.0,0,37,0,0.27129,0.17131,0,0.78385,0.41296,0.12085,8086,3430.22021,1,0.26892,0.01624,-0.01568,0.00723,0.6339,0.70663,0.42176,6.62345,0,0.28348,0.22666,1.30461,0.0024,1,0,0.04631,0.00792,0.61031,0.69538,0.44539,15.00629,0,0.25911,0.11596,1.30461,0.00349,1,0,participant_9,question_14,Timer-Correct,False,Question,NOT_RANDOM,0
0.0,0,37,0,0.27129,0.17131,0,0.78385,0.41296,0.12744,8086,3430.22021,1,0.26892,0.01624,-0.01568,0.00723,0.6339,0.70663,0.42176,6.62345,0,0.28348,0.22666,1.30461,0.0024,1,0,0.04631,0.00792,0.61031,0.69538,0.44539,15.00629,0,0.25911,0.11596,1.30461,0.00349,1,0,participant_9,question_14,Timer-Correct,False,Question,NOT_RANDOM,0
0.0,0,37,0,0.27129,0.17131,0,0.78385,0.41296,0.12744,8086,3430.22021,0,0.26875,0.02334,-0.01568,0.00723,0.6339,0.70663,0.42176,6.62345,0,0.28348,0.22666,1.30461,0.0024,1,0,0.04631,0.00792,0.61031,0.69538,0.44539,15.00629,0,0.25911,0.11596,1.30461,0.00349,1,0,participant_9,question_14,Timer-Correct,False,Question,NOT_RANDOM,0
0.0,0,37,0,0.27129,0.17131,0,0.78385,0.41296,0.12744,8086,3430.22021,0,0.26875,0.02334,-0.01568,0.00723,0.6339,0.70663,0.42176,6.62345,0,0.28348,0.22666,1.30461,0.0024,1,0,0.04631,0.00792,0.61031,0.69538,0.44539,15.00629,0,0.25911,0.11596,1.30461,0.00349,1,0,participant_9,question_14,Timer-Correct,False,Question,NOT_RANDOM,0
0.0,0,37,0,0.27129,0.17131,0,0.78385,0.41296,0.12744,8086,3430.22021,0,0.26875,0.02334,-0.01568,0.00723,0.6339,0.70663,0.42176,6.62345,0,0.28348,0.22666,1.30461,0.0024,1,0,0.04631,0.00792,0.61031,0.69538,0.44539,15.00629,0,0.25911,0.11596,1.30461,0.00349,1,0,participant_9,question_14,Timer-Correct,False,Question,NOT_RANDOM,0
0.0,0,37,0,0.27129,0.17131,0,0.78385,0.41296,0.12744,8086,3430.22021,0,0.0,0.0,-0.01568,0.00723,0.6339,0.70663,0.42176,6.62345,0,0.28348,0.22666,1.30461,0.0024,1,0,0.04631,0.00792,0.61031,0.69538,0.44539,15.00629,0,0.25911,0.11596,1.30461,0.00349,1,0,participant_9,question_14,Timer-Correct,False,Question,NOT_RANDOM,0
0.0,36,37,0,0.27129,0.17131,0,0.78385,0.41296,0.12744,8086,3430.22021,0,0.0,0.0,-0.01568,0.00723,0.6339,0.70663,0.42176,6.62345,0,0.28348,0.22666,1.30461,0.0024,1,0,0.04631,0.00792,0.61031,0.69538,0.44539,15.00629,0,0.25911,0.11596,1.30461,0.00349,1,0,participant_9,question_14,Timer-Correct,True,Question,NOT_RANDOM,0
0.0,36,37,0,0.27129,0.17131,0,0.78385,0.41296,0.12744,8086,3430.22021,0,0.0,0.0,-0.01568,0.00723,0.6339,0.70663,0.42176,6.62345,0,0.28348,0.22666,1.30461,0.0024,1,0,0.04631,0.00792,0.61031,0.69538,0.44539,15.00629,0,0.25911,0.11596,1.30461,0.00349,1,0,participant_9,question_14,Timer-Correct,True,Question,NOT_RANDOM,0
0.0,36,37,0,0.27129,0.17131,0,0.78385,0.41296,0.12744,8086,3430.22021,0,0.0,0.0,-0.01568,0.00723,0.6339,0.70663,0.42176,6.62345,0,0.28348,0.22666,1.30461,0.0024,1,0,0.04631,0.00792,0.61031,0.69538,0.44539,15.00629,0,0.25911,0.11596,1.30461,0.00349,1,0,participant_9,question_14,Timer-Correct,True,Question,NOT_RANDOM,0
0.0,36,37,0,0.27129,0.17131,0,0.78385,0.41296,0.12744,8086,3430.22021,0,0.0,0.0,-0.01568,0.00723,0.6339,0.70663,0.42176,6.62345,0,0.28348,0.22666,1.30461,0.0024,1,0,0.04631,0.00792,0.61031,0.69538,0.44539,15.00629,0,0.25911,0.11596,1.30461,0.00349,1,0,participant_9,question_14,Timer-Correct,True,Question,NOT_RANDOM,0
0.0,36,37,0,0.27129,0.17131,0,0.78385,0.41296,0.12744,8086,3430.22021,0,0.0,0.0,-0.01568,0.00723,0.6339,0.70663,0.42176,6.62345,0,0.28348,0.22666,1.30461,0.0024,1,0,0.04631,0.00792,0.61031,0.69538,0.44539,15.00629,0,0.25911,0.11596,1.30461,0.00349,1,0,participant_9,question_14,Timer-Correct,True,Question,NOT_RANDOM,0
0.0,36,37,0,0.27129,0.17131,0,0.78385,0.41296,0.12744,8086,3430.22021,0,0.0,0.0,-0.01568,0.00723,0.6339,0.70663,0.42176,6.62345,0,0.28348,0.22666,1.30461,0.0024,1,0,0.04631,0.00792,0.61031,0.69538,0.44539,15.00629,0,0.25911,0.11596,1.30461,0.00349,1,0,participant_9,question_14,Timer-Correct,True,Question,NOT_RANDOM,0
0.0,36,37,0,0.27129,0.17131,0,0.78385,0.41296,0.12744,8086,3430.22021,0,0.0,0.0,-0.01568,0.00723,0.6339,0.70663,0.42176,6.62345,0,0.28348,0.22666,1.30461,0.0024,1,0,0.04631,0.00792,0.61031,0.69538,0.44539,15.00629,0,0.25911,0.11596,1.30461,0.00349,1,0,participant_9,question_14,Timer-Correct,True,Question,NOT_RANDOM,0
0.0,36,37,0,0.27129,0.17131,0,0.78385,0.41296,0.12744,8086,3430.22021,0,0.0,0.0,-0.01568,0.00723,0.6339,0.70663,0.42176,6.62345,0,0.28348,0.22666,1.30461,0.0024,1,0,0.04631,0.00792,0.61031,0.69538,0.44539,15.00629,0,0.25911,0.11596,1.30461,0.00349,1,0,participant_9,question_14,Timer-Correct,True,Question,NOT_RANDOM,0
0.0,36,37,0,0.27129,0.17131,0,0.78385,0.41296,0.12744,8086,3430.22021,0,0.0,0.0,-0.01568,0.00723,0.6339,0.70663,0.42176,6.62345,0,0.28348,0.22666,1.30461,0.0024,1,0,0.04631,0.00792,0.61031,0.69538,0.44539,15.00629,0,0.25911,0.11596,1.30461,0.00349,1,0,participant_9,question_14,Timer-Correct,True,Question,NOT_RANDOM,0
0.0,36,37,0,0.27129,0.17131,0,0.78385,0.41296,0.12744,8086,3430.22021,0,0.0,0.0,-0.01568,0.00723,0.6339,0.70663,0.42176,6.62345,0,0.28348,0.22666,1.30461,0.0024,1,0,0.04631,0.00792,0.61031,0.69538,0.44539,15.00629,0,0.25911,0.11596,1.30461,0.00349,1,0,participant_9,question_14,Timer-Correct,True,Question,NOT_RANDOM,0
0.0,36,37,0,0.27129,0.17131,0,0.78385,0.41296,0.12744,8086,3430.22021,0,0.0,0.0,-0.01568,0.00723,0.6339,0.70663,0.42176,6.62345,0,0.28348,0.22666,1.30461,0.0024,1,0,0.04631,0.00792,0.61031,0.69538,0.44539,15.00629,0,0.25911,0.11596,1.30461,0.00349,1,0,participant_9,question_14,Timer-Correct,True,Question,NOT_RANDOM,0
0.0,36,37,0,0.27129,0.17131,0,0.78385,0.41296,0.12744,8086,3430.22021,0,0.0,0.0,-0.01568,0.00723,0.6339,0.70663,0.42176,6.62345,0,0.28348,0.22666,1.30461,0.0024,1,0,0.04631,0.00792,0.61031,0.69538,0.44539,15.00629,0,0.25911,0.11596,1.30461,0.00349,1,0,participant_9,question_14,Timer-Correct,True,Question,NOT_RANDOM,0
0.0,36,37,0,0.27129,0.17131,0,0.78385,0.41296,0.12744,8086,3430.22021,0,0.0,0.0,-0.01568,0.00723,0.6339,0.70663,0.42176,6.62345,0,0.28348,0.22666,1.30461,0.0024,1,0,0.04631,0.00792,0.61031,0.69538,0.44539,15.00629,0,0.25911,0.11596,1.30461,0.00349,1,0,participant_9,question_14,Timer-Correct,True,Question,NOT_RANDOM,0
0.0,36,37,0,0.27129,0.17131,0,0.78385,0.41296,0.12744,8086,3430.22021,0,0.0,0.0,-0.01568,0.00723,0.6339,0.70663,0.42176,6.62345,0,0.28348,0.22666,1.30461,0.0024,1,0,0.04631,0.00792,0.61031,0.69538,0.44539,15.00629,0,0.25911,0.11596,1.30461,0.00349,1,0,participant_9,question_14,Timer-Correct,True,Question,NOT_RANDOM,0
0.0,36,37,0,0.27129,0.17131,0,0.78385,0.41296,0.12744,8086,3430.22021,0,0.0,0.0,-0.01568,0.00723,0.6339,0.70663,0.42176,6.62345,0,0.28348,0.22666,1.30461,0.0024,1,0,0.04631,0.00792,0.61031,0.69538,0.44539,15.00629,0,0.25911,0.11596,1.30461,0.00349,1,0,participant_9,question_14,Timer-Correct,True,Question,NOT_RANDOM,0
0.10085,0,38,1,0.35912,-0.03877,0,0.78385,0.41296,0.12744,8086,3430.22021,0,0.17956,-0.01938,-0.01568,0.00723,0.6339,0.69783,0.44519,18.40504,1,0.35912,-0.03877,1.30461,0.00447,1,1,0.04631,0.00792,0.61031,0.69538,0.44539,15.00629,0,0.25911,0.11596,1.30461,0.00349,1,0,participant_9,question_14,Timer-Correct,True,Other,NOT_RANDOM,0
0.0,0,38,1,0.38813,-0.02979,0,0.78385,0.41296,0.12744,8086,3430.22021,0,0.24908,-0.02285,-0.01568,0.00723,0.6339,0.69828,0.44513,18.22403,1,0.38813,-0.02979,1.30461,0.00438,1,1,0.04631,0.00792,0.61031,0.69538,0.44539,15.00629,0,0.25911,0.11596,1.30461,0.00349,1,0,participant_9,question_14,Timer-Correct,True,Other,NOT_RANDOM,0
0.0,0,38,1,0.32335,0.04377,0,0.78385,0.41296,0.12744,8086,3430.22021,0,0.35686,-0.00826,-0.01491,0.00724,0.62712,0.43615,0.44942,14.30152,1,0.38881,-0.02162,1.2956,0.00297,1,1,0.04535,0.00775,0.59071,0.69872,0.44521,18.72732,1,0.25789,0.10916,1.2956,0.00443,1,1,participant_9,question_14,Timer-Correct,True,Question,NOT_RANDOM,0
0.0,0,38,1,0.32339,0.00743,0,0.78385,0.41296,0.12744,8086,3430.22021,0,0.34013,-0.00041,-0.01491,0.00724,0.62712,0.43612,0.44934,14.00999,1,0.34784,-0.0068,1.28658,0.003,1,1,0.04535,0.00775,0.59071,0.69863,0.44537,19.09391,1,0.29894,0.02166,1.28658,0.00434,1,1,participant_9,question_14,Timer-Correct,True,Other,NOT_RANDOM,0
0.0,0,38,1,0.32472,-0.01063,0,0.78385,0.41296,0.12744,8086,3430.22021,0,0.33499,-0.00382,-0.01491,0.00724,0.62712,0.4362,0.4494,14.37382,1,0.34845,-0.00191,1.27756,0.00293,1,1,0.04535,0.00775,0.59071,0.69878,0.4452,18.75319,1,0.30098,-0.01935,1.27756,0.0043,1,1,participant_9,question_14,Timer-Correct,True,Other,NOT_RANDOM,0
0.0,0,38,1,0.32568,-0.00265,0,0.78385,0.41296,0.01978,8087,3430.50122,1,0.33267,-0.00353,-0.01491,0.00724,0.62712,0.43626,0.44935,14.25611,1,0.34941,0.0062,1.26855,0.00298,1,1,0.04535,0.00771,0.59071,0.69863,0.4454,19.11125,1,0.30196,-0.0115,1.26855,0.00428,1,1,participant_9,question_14,Timer-Correct,True,Other,NOT_RANDOM,0
0.0,0,38,1,0.32992,0.01141,0,0.78385,0.41296,0.02637,8087,3430.50122,1,0.33212,-0.00054,-0.01491,0.00724,0.62712,0.4363,0.44941,14.18579,1,0.35602,0.01729,1.26855,0.00299,1,1,0.04535,0.00771,0.59071,0.69893,0.44511,18.33503,1,0.30381,0.00554,1.26855,0.0043,1,1,participant_9,question_14,Timer-Correct,True,Other,NOT_RANDOM,0
0.0,0,38,1,0.33527,0.00667,0,0.78385,0.41296,0.03394,8087,3430.50122,1,0.33264,0.00066,-0.01491,0.00724,0.62712,0.43624,0.44948,14.19261,1,0.35976,0.02419,1.26855,0.00294,1,1,0.04535,0.00771,0.59071,0.69889,0.44508,18.53815,1,0.31078,-0.01086,1.26855,0.0043,1,1,participant_9,question_14,Timer-Correct,True,Other,NOT_RANDOM,0
0.0,0,38,1,0.33485,0.00312,0,0.78385,0.41296,0.04077,8087,3430.50122,1,0.33296,0.00101,-0.01491,0.00724,0.62712,0.43639,0.44947,14.05036,1,0.35976,0.02419,1.26855,0.00297,1,1,0.04782,0.00817,0.62229,0.69884,0.44486,18.07479,1,0.30995,-0.01795,1.2767,0.0043,1,1,participant_9,question_14,Timer-Correct,True,Other,NOT_RANDOM,0
0.0,0,38,1,0.34079,-0.01035,0,0.78385,0.41296,0.04736,8087,3430.50122,1,0.33394,-0.00041,-0.01491,0.00724,0.62712,0.43641,0.44949,13.95899,1,0.37254,0.00514,1.2767,0.00298,1,1,0.04782,0.00817,0.62229,0.69884,0.44488,18.14485,1,0.30903,-0.02585,1.28485,0.00429,1,1,participant_9,question_14,Timer-Correct,True,Other,NOT_RANDOM,0
0.0,0,38,1,0.33346,0.00095,0,0.78385,0.41296,0.05396,8087,3430.50122,1,0.33388,-0.00026,-0.01491,0.00724,0.62712,0.43648,0.44952,14.02035,1,0.3694,-0.0044,1.28485,0.003,1,1,0.04782,0.00817,0.62229,0.69896,0.44512,18.20087,1,0.29753,0.00631,1.293,0.00438,1,1,participant_9,question_14,Timer-Correct,True,Other,NOT_RANDOM,0
0.0,0,38,1,0.3331,-0.00271,0,0.78385,0.41296,0.06079,8087,3430.50122,1,0.33381,-0.0005,-0.01473,0.00721,0.62384,0.43655,0.4496,14.59794,1,0.36867,-0.01172,1.293,0.00301,1,1,0.04832,0.00827,0.62687,0.69886,0.44517,17.78403,1,0.29753,0.00631,1.293,0.00442,1,1,participant_9,question_14,Timer-Correct,True,Other,NOT_RANDOM,0
0.0,0,38,1,0.33073,-0.00422,0,0.78385,0.41296,0.06763,8087,3430.50122,1,0.33353,-0.00084,-0.01473,0.00721,0.62384,0.43652,0.44956,14.61546,1,0.3567,-0.01482,1.293,0.00302,1,1,0.04832,0.00827,0.62687,0.6988,0.44542,18.22374,1,0.30477,0.00638,1.28485,0.00446,1,1,participant_9,question_14,Timer-Correct,True,Other,NOT_RANDOM,0
0.0,0,38,1,0.33531,-0.00506,0,0.78385,0.41296,0.07422,8087,3430.50122,1,0.33367,-0.00119,-0.01473,0.00721,0.62384,0.43672,0.44923,14.15511,1,0.35562,-0.01548,1.28485,0.00298,1,1,0.04832,0.00827,0.62687,0.69907,0.44498,18.56758,1,0.31501,0.00537,1.2767,0.00456,1,1,participant_9,question_14,Timer-Correct,True,Other,NOT_RANDOM,0
0.0,0,38,1,0.33523,-0.00582,0,0.78385,0.41296,0.08081,8087,3430.50122,1,0.33379,-0.00155,-0.01505,0.00738,0.63917,0.43679,0.44926,14.03124,1,0.35553,-0.01627,1.28572,0.00298,1,1,0.04659,0.00793,0.60447,0.69925,0.44481,18.46519,1,0.31492,0.00463,1.27756,0.00452,1,1,participant_9,question_14,Timer-Correct,True,Other,NOT_RANDOM,0
0.0,0,38,1,0.31306,-0.01384,0,0.78385,0.41296,0.08765,8087,3430.50122,1,0.33231,-0.00243,-0.01505,0.00738,0.63917,0.43683,0.44933,14.32007,1,0.33398,-0.01474,1.28658,0.00295,1,1,0.04659,0.00793,0.60447,0.69929,0.44523,18.86509,1,0.29214,-0.01294,1.28658,0.00434,1,1,participant_9,question_14,Timer-Correct,True,Other,NOT_RANDOM,0
0.0,0,38,1,0.32058,-0.02203,0,0.78385,0.41296,0.09399,8087,3430.50122,1,0.33153,-0.00373,-0.01505,0.00738,0.63917,0.43691,0.44939,14.53743,1,0.34636,-0.02641,1.2956,0.00294,1,1,0.04659,0.00793,0.60447,0.69931,0.4448,18.466,1,0.29479,-0.01766,1.2956,0.00454,1,1,participant_9,question_14,Timer-Correct,True,Other,NOT_RANDOM,0
0.0,0,38,1,0.32013,-0.02552,0,0.78385,0.41296,0.10083,8087,3430.50122,1,0.33082,-0.00509,-0.01455,0.00716,0.62017,0.437,0.44936,14.42442,1,0.34636,-0.02641,1.2956,0.00301,1,1,0.04762,0.00815,0.61729,0.69955,0.44529,18.81093,1,0.29389,-0.02463,1.30375,0.00441,1,1,participant_9,question_14,Timer-Correct,True,Other,NOT_RANDOM,0
0.0,0,38,1,0.33793,-0.02983,0,0.78385,0.41296,0.10742,8087,3430.50122,1,0.33124,-0.00655,-0.01455,0.00716,0.62017,0.43709,0.44927,14.50694,1,0.36656,-0.03727,1.29473,0.003,1,1,0.04762,0.00815,0.61729,0.69967,0.44523,18.42315,1,0.3093,-0.02239,1.30288,0.00438,1,1,participant_9,question_14,Timer-Correct,True,Other,NOT_RANDOM,0
0.0,0,38,1,0.34044,-0.02853,0,0.78385,0.41296,0.11426,8087,3430.50122,1,0.33175,-0.00777,-0.01455,0.00716,0.62017,0.43712,0.44928,14.43414,1,0.36864,-0.03292,1.29387,0.00298,1,1,0.04762,0.00815,0.61729,0.69984,0.44523,18.24412,1,0.31225,-0.02414,1.30202,0.00437,1,1,participant_9,question_14,Timer-Correct,True,Other,NOT_RANDOM,0
0.0,0,38,1,0.33923,-0.03964,0,0.78385,0.41296,0.12109,8087,3430.50122,1,0.33214,-0.00945,-0.01519,0.0076,0.6534,0.43736,0.44935,14.19427,1,0.36791,-0.04037,1.30202,0.00308,1,1,0.04762,0.00815,0.61729,0.69996,0.44531,18.64491,1,0.31055,-0.03891,1.31922,0.00435,1,1,participant_9,question_14,Timer-Correct,True,Other,NOT_RANDOM,0
0.0,0,38,1,0.3276,-0.06438,0,0.78385,0.41296,0.12769,8087,3430.50122,1,0.33191,-0.01219,-0.01519,0.0076,0.6534,0.43738,0.44925,14.10564,1,0.35656,-0.06425,1.32824,0.003,1,1,0.04762,0.00815,0.61729,0.6998,0.44503,18.39327,1,0.29863,-0.06452,1.33729,0.00436,1,1,participant_9,question_14,Timer-Correct,True,Other,NOT_RANDOM,0
0.0,0,38,1,0.32897,-0.07534,0,0.78385,0.41296,0.13428,8087,3430.50122,1,0.33177,-0.0152,-0.01519,0.0076,0.6534,0.43745,0.44922,14.15224,1,0.35118,-0.07673,1.34631,0.00298,1,1,0.04762,0.00815,0.61729,0.69982,0.44512,18.40711,1,0.30676,-0.07395,1.35537,0.00432,1,1,participant_9,question_14,Timer-Correct,True,Other,NOT_RANDOM,0
0.0,0,38,1,0.32853,-0.07945,0,0.78385,0.41296,0.14087,8087,3430.50122,1,0.33163,-0.01812,-0.01459,0.00732,0.62985,0.43763,0.44915,14.29317,1,0.35029,-0.08495,1.35537,0.00298,1,1,0.04762,0.00815,0.61729,0.69997,0.44504,18.85454,1,0.30676,-0.07395,1.35537,0.00427,1,1,participant_9,question_14,Timer-Correct,True,Other,NOT_RANDOM,0
0.0,0,38,1,0.31651,-0.07659,0,0.78385,0.41296,0.14771,8087,3430.50122,1,0.33097,-0.02066,-0.01459,0.00732,0.62985,0.43764,0.44914,14.16969,1,0.34288,-0.09028,1.34635,0.0031,1,1,0.04762,0.00815,0.61729,0.70011,0.44508,18.70271,1,0.29015,-0.06291,1.3373,0.00432,1,1,participant_9,question_14,Timer-Correct,True,Other,NOT_RANDOM,0
0.0,0,38,1,0.32637,-0.06173,0,0.78385,0.41296,0.15405,8087,3430.50122,1,0.33078,-0.02238,-0.01459,0.00732,0.62985,0.43785,0.44912,14.26241,1,0.35412,-0.08365,1.32828,0.00303,1,1,0.04762,0.00815,0.61729,0.70017,0.4451,18.7261,1,0.29861,-0.0398,1.31922,0.00437,1,1,participant_9,question_14,Timer-Correct,True,Other,NOT_RANDOM,0
0.0,0,38,1,0.32681,-0.05753,0,0.78385,0.41296,0.16064,8087,3430.50122,1,0.33062,-0.02378,-0.01466,0.00748,0.63892,0.43792,0.44914,14.33538,1,0.355,-0.07526,1.31922,0.00307,1,1,0.04762,0.00815,0.61729,0.70051,0.44521,18.37502,1,0.29861,-0.0398,1.31922,0.00446,1,1,participant_9,question_14,Timer-Correct,True,Other,NOT_RANDOM,0
0.0,0,38,1,0.32448,-0.06677,0,0.78385,0.41296,0.16064,8087,3430.50122,0,0.32813,-0.05228,-0.01466,0.00748,0.63892,0.438,0.44914,14.6689,1,0.35091,-0.07534,1.32824,0.0031,1,1,0.04762,0.00815,0.61729,0.70074,0.44532,19.18003,1,0.29806,-0.05821,1.33729,0.00438,1,1,participant_9,question_14,Timer-Correct,True,Other,NOT_RANDOM,0
0.0,0,38,1,0.32956,-0.06878,0,0.78385,0.41296,0.16064,8087,3430.50122,0,0.32885,-0.06053,-0.01466,0.00748,0.63892,0.43827,0.44902,14.49868,1,0.35559,-0.1009,1.34631,0.003,1,1,0.04762,0.00815,0.61729,0.70077,0.44508,18.73627,1,0.30354,-0.03665,1.35537,0.00431,1,1,participant_9,question_14,Timer-Correct,True,Other,NOT_RANDOM,0
0.0,0,38,1,0.32825,-0.0809,0,0.78385,0.41296,0.16064,8087,3430.50122,0,0.32865,-0.06732,-0.01466,0.00748,0.63892,0.4384,0.44896,14.52068,1,0.35387,-0.11765,1.36438,0.00304,1,1,0.04844,0.00822,0.62299,0.70076,0.44509,18.80758,1,0.30263,-0.04416,1.36438,0.0043,1,1,participant_9,question_14,Timer-Correct,True,Other,NOT_RANDOM,0
0.0,0,38,1,0.3189,-0.07653,0,0.78385,0.41296,0.02002,8088,3430.66895,1,0.32621,-0.06962,-0.01466,0.00748,0.63892,0.43852,0.44892,14.68696,1,0.34514,-0.11373,1.36438,0.00302,1,1,0.04844,0.00822,0.62299,0.70098,0.44514,18.88383,1,0.29265,-0.03934,1.35533,0.00437,1,1,participant_9,question_14,Timer-Correct,True,Other,NOT_RANDOM,0
0.0,0,38,1,0.32057,-0.05493,0,0.78385,0.41296,0.0271,8088,3430.66895,1,0.32508,-0.06668,-0.01466,0.00748,0.63892,0.43859,0.44903,14.45689,1,0.33736,-0.07233,1.35533,0.003,1,1,0.04844,0.00822,0.62299,0.701,0.44527,18.78495,1,0.30379,-0.03753,1.34627,0.00445,1,1,participant_9,question_14,Timer-Correct,True,Other,NOT_RANDOM,0
0.0,0,38,1,0.32151,-0.04706,0,0.78385,0.41296,0.03369,8088,3430.66895,1,0.32449,-0.06341,-0.01486,0.00768,0.65625,0.43883,0.44889,14.22007,1,0.33833,-0.0642,1.34627,0.00309,1,1,0.04832,0.00819,0.62023,0.70134,0.44493,18.50313,1,0.3047,-0.02992,1.33721,0.00446,1,1,participant_9,question_14,Timer-Correct,True,Other,NOT_RANDOM,0
0.0,0,38,1,0.32836,-0.04367,0,0.78385,0.41296,0.04053,8088,3430.66895,1,0.32504,-0.06059,-0.01486,0.00768,0.65625,0.439,0.44895,14.4029,1,0.35637,-0.06707,1.33721,0.00302,1,1,0.04832,0.00819,0.62023,0.70161,0.44495,18.67801,1,0.30035,-0.02027,1.33721,0.00431,1,1,participant_9,question_14,Timer-Correct,True,Other,NOT_RANDOM,0
0.0,0,38,1,0.32371,-0.05246,0,0.78385,0.41296,0.04736,8088,3430.66895,1,0.32487,-0.05958,-0.01486,0.00768,0.65625,0.43916,0.44891,14.34962,1,0.35906,-0.07129,1.33721,0.00304,1,1,0.04832,0.00819,0.62023,0.70153,0.44479,18.88703,1,0.28835,-0.03363,1.33721,0.00426,1,1,participant_9,question_14,Timer-Correct,True,Other,NOT_RANDOM,0
0.0,0,38,1,0.32546,-0.03745,0,0.78385,0.41296,0.05396,8088,3430.66895,1,0.32494,-0.05712,-0.01376,0.00716,0.6118,0.43931,0.44875,14.28576,1,0.36066,-0.05567,1.32008,0.00306,1,1,0.04925,0.00838,0.63102,0.70168,0.44466,18.95445,1,0.29026,-0.01924,1.32008,0.00429,1,1,participant_9,question_14,Timer-Correct,True,Other,NOT_RANDOM,0
0.0,0,38,1,0.32926,-0.00631,0,0.78385,0.41296,0.06055,8088,3430.66895,1,0.32537,-0.05204,-0.01376,0.00716,0.6118,0.43945,0.44873,14.47035,1,0.3475,-0.0014,1.30295,0.00312,1,1,0.04925,0.00838,0.63102,0.70191,0.44449,19.25993,1,0.31101,-0.01123,1.30295,0.00415,1,1,participant_9,question_14,Timer-Correct,True,Other,NOT_RANDOM,0
0.0,0,38,1,0.32913,0.005,0,0.78385,0.41296,0.06738,8088,3430.66895,1,0.32571,-0.04685,-0.01376,0.00716,0.6118,0.43955,0.44876,14.3522,1,0.35362,0.01118,1.28583,0.00305,1,1,0.04925,0.00838,0.63102,0.70227,0.44468,18.89238,1,0.30464,-0.00118,1.28583,0.0043,1,1,participant_9,question_14,Timer-Correct,True,Other,NOT_RANDOM,0
0.0,0,38,1,0.32956,0.00847,0,0.78385,0.41296,0.07397,8088,3430.66895,1,0.32603,-0.04224,-0.01439,0.00763,0.64391,0.4398,0.44865,14.41839,1,0.35362,0.01118,1.28583,0.00309,1,1,0.04716,0.00809,0.60247,0.70239,0.44467,19.15298,1,0.3055,0.00575,1.27767,0.0043,1,1,participant_9,question_14,Timer-Correct,True,Other,NOT_RANDOM,0
0.0,0,38,1,0.32427,-0.00468,0,0.78385,0.41296,0.08057,8088,3430.66895,1,0.3259,-0.03935,-0.01439,0.00763,0.64391,0.44002,0.44853,14.49188,1,0.34962,-0.0069,1.2948,0.00307,1,1,0.04716,0.00809,0.60247,0.70246,0.44432,18.78449,1,0.29892,-0.00246,1.28665,0.0043,1,1,participant_9,question_14,Timer-Correct,True,Other,NOT_RANDOM,0
0.0,0,38,1,0.33132,-0.01634,0,0.78385,0.41296,0.0874,8088,3430.66895,1,0.32628,-0.03771,-0.01439,0.00763,0.64391,0.44006,0.44855,14.41132,1,0.35612,-0.01797,1.30378,0.00306,1,1,0.04716,0.00809,0.60247,0.7026,0.44438,18.96333,1,0.30651,-0.01471,1.29563,0.0043,1,1,participant_9,question_14,Timer-Correct,True,Other,NOT_RANDOM,0
0.0,0,38,1,0.33,-0.02768,0,0.78385,0.41296,0.09399,8088,3430.66895,1,0.32653,-0.03704,-0.01425,0.00771,0.64642,0.44034,0.44837,14.32676,1,0.35524,-0.026,1.31276,0.00305,1,1,0.04867,0.00837,0.62002,0.70295,0.4443,18.47529,1,0.30475,-0.02935,1.31276,0.00434,1,1,participant_9,question_14,Timer-Correct,True,Other,NOT_RANDOM,0
0.0,0,38,1,0.32807,-0.04309,0,0.78385,0.41296,0.10083,8088,3430.66895,1,0.32663,-0.03742,-0.01425,0.00771,0.64642,0.4405,0.44831,14.36471,1,0.35501,-0.04603,1.31276,0.00306,1,1,0.04867,0.00837,0.62002,0.70319,0.44462,19.09582,1,0.30114,-0.04015,1.32091,0.00437,1,1,participant_9,question_14,Timer-Correct,True,Other,NOT_RANDOM,0
0.0,0,38,1,0.3291,-0.04501,0,0.78385,0.41296,0.10742,8088,3430.66895,1,0.32677,-0.03786,-0.01425,0.00771,0.64642,0.44055,0.44835,14.26437,1,0.36997,-0.04772,1.32091,0.00311,1,1,0.04867,0.00837,0.62002,0.70328,0.44463,19.23279,1,0.28823,-0.04229,1.32906,0.00433,1,1,participant_9,question_14,Timer-Correct,True,Other,NOT_RANDOM,0
0.0,0,38,1,0.32999,-0.03711,0,0.78385,0.41296,0.11401,8088,3430.66895,1,0.32695,-0.03782,-0.01345,0.00737,0.61418,0.44094,0.44824,14.60641,1,0.37075,-0.03958,1.31193,0.00304,1,1,0.04886,0.00839,0.62126,0.70332,0.44428,18.79734,1,0.28923,-0.03464,1.32008,0.00439,1,1,participant_9,question_14,Timer-Correct,True,Other,NOT_RANDOM,0
0.0,0,38,1,0.32695,-0.03606,0,0.78385,0.41296,0.12085,8088,3430.66895,1,0.32695,-0.03773,-0.01345,0.00737,0.61418,0.44114,0.44809,14.59154,1,0.34308,-0.0501,1.30295,0.00309,1,1,0.04886,0.00839,0.62126,0.70342,0.44439,19.19436,1,0.31082,-0.02203,1.30295,0.00437,1,1,participant_9,question_14,Timer-Correct,True,Other,NOT_RANDOM,0
0.0,0,38,1,0.33292,-0.02669,0,0.78385,0.41296,0.12744,8088,3430.66895,1,0.32725,-0.03718,-0.01345,0.00737,0.61418,0.44126,0.4481,14.66898,1,0.34603,-0.0399,1.28583,0.00311,1,1,0.04886,0.00839,0.62126,0.70335,0.44436,19.13261,1,0.31982,-0.01347,1.28583,0.00431,1,1,participant_9,question_14,Timer-Correct,True,Other,NOT_RANDOM,0
0.0,0,38,1,0.33331,-0.02317,0,0.78385,0.41296,0.13403,8088,3430.66895,1,0.32754,-0.03651,-0.01389,0.00767,0.63902,0.44137,0.448,14.67421,1,0.34603,-0.0399,1.28583,0.00301,1,1,0.04822,0.00825,0.61132,0.70393,0.44424,19.30242,1,0.3206,-0.00644,1.27767,0.0043,1,1,participant_9,question_14,Timer-Correct,True,Other,NOT_RANDOM,0
0.0,0,38,1,0.327,-0.01414,0,0.78385,0.41296,0.14062,8088,3430.66895,1,0.32752,-0.03549,-0.01389,0.00767,0.63902,0.44148,0.44799,14.60015,1,0.36037,-0.01781,1.2948,0.00305,1,1,0.04822,0.00825,0.61132,0.70406,0.44408,18.8084,1,0.29363,-0.01048,1.28665,0.00435,1,1,participant_9,question_14,Timer-Correct,True,Other,NOT_RANDOM,0
0.0,0,38,1,0.31765,-0.01563,0,0.78385,0.41296,0.14697,8088,3430.66895,1,0.32709,-0.03463,-0.01389,0.00767,0.63902,0.44167,0.44802,14.5068,1,0.33701,-0.02051,1.30378,0.0031,1,1,0.04822,0.00825,0.61132,0.70419,0.44428,19.04337,1,0.29829,-0.01075,1.29563,0.00435,1,1,participant_9,question_14,Timer-Correct,True,Other,NOT_RANDOM,0
0.0,0,38,1,0.31672,-0.02292,0,0.78385,0.41296,0.15381,8088,3430.66895,1,0.32665,-0.03414,-0.01349,0.00752,0.62672,0.44179,0.44793,14.54209,1,0.33701,-0.02048,1.30375,0.00318,1,1,0.05041,0.00861,0.63784,0.70423,0.44434,19.19277,1,0.29643,-0.02536,1.3128,0.00435,1,1,participant_9,question_14,Timer-Correct,True,Other,NOT_RANDOM,0
0.0,0,38,1,0.32584,-0.02702,0,0.78385,0.41296,0.16089,8088,3430.66895,1,0.32662,-0.03386,-0.01349,0.00752,0.62672,0.44197,0.44806,14.80754,1,0.35369,-0.02219,1.30379,0.00313,1,1,0.05041,0.00861,0.63784,0.70457,0.44439,18.88379,1,0.298,-0.03186,1.32099,0.00436,1,1,participant_9,question_14,Timer-Correct,True,Other,NOT_RANDOM,0
0.0,0,38,1,0.32667,-0.04768,0,0.78385,0.41296,0.16748,8088,3430.66895,1,0.32662,-0.03439,-0.01349,0.00752,0.62672,0.44221,0.44793,14.58038,1,0.36765,-0.05769,1.31198,0.0031,1,1,0.05041,0.00861,0.63784,0.70463,0.44436,18.92793,1,0.28569,-0.03768,1.32919,0.00438,1,1,participant_9,question_14,Timer-Correct,True,Other,NOT_RANDOM,0
0.0,0,38,1,0.32764,-0.04046,0,0.78385,0.41296,0.17383,8088,3430.66895,1,0.32666,-0.03461,-0.01296,0.0073,0.60849,0.44253,0.44786,14.6622,1,0.36764,-0.05776,1.31206,0.00309,1,1,0.04869,0.00826,0.615,0.70488,0.44462,19.32738,1,0.28763,-0.02315,1.31206,0.00433,1,1,participant_9,question_14,Timer-Correct,True,Other,NOT_RANDOM,0
0.0,0,38,1,0.32535,-0.01246,0,0.78385,0.41296,0.18018,8088,3430.66895,1,0.32661,-0.03382,-0.01296,0.0073,0.60849,0.44253,0.4479,14.63022,1,0.3398,-0.03111,1.30394,0.00314,1,1,0.04869,0.00826,0.615,0.70495,0.44441,19.14414,1,0.3109,0.00619,1.28673,0.00437,1,1,participant_9,question_14,Timer-Correct,True,Other,NOT_RANDOM,0
0.0,0,38,1,0.32648,0.01297,0,0.78385,0.41296,0.18726,8088,3430.66895,1,0.32661,-0.03221,-0.01296,0.0073,0.60849,0.44259,0.4478,14.66081,1,0.35065,-0.0075,1.27862,0.00308,1,1,0.04869,0.00826,0.615,0.70523,0.44441,19.38749,1,0.30231,0.03344,1.26141,0.00435,1,1,participant_9,question_14,Timer-Correct,True,Other,NOT_RANDOM,0
0.0,0,38,1,0.32735,0.02011,0,0.78385,0.41296,0.19434,8088,3430.66895,1,0.32663,-0.03047,-0.01336,0.00758,0.63169,0.44296,0.44782,14.64185,1,0.35151,-0.0001,1.27043,0.0031,1,1,0.04797,0.00806,0.60363,0.70535,0.44442,19.04537,1,0.3032,0.04032,1.25322,0.00423,1,1,participant_9,question_14,Timer-Correct,True,Other,NOT_RANDOM,0
0.0,0,38,1,0.3367,0.02956,0,0.78385,0.41296,0.20068,8088,3430.66895,1,0.32696,-0.02853,-0.01336,0.00758,0.63169,0.44306,0.44773,14.66426,1,0.37378,0.0285,1.27035,0.00313,1,1,0.04797,0.00806,0.60363,0.70566,0.44469,19.20318,1,0.29963,0.03062,1.27035,0.00433,1,1,participant_9,question_14,Timer-Correct,True,Question,NOT_RANDOM,0
0.0,0,38,1,0.3338,0.02082,0,0.78385,0.41296,0.20703,8088,3430.66895,1,0.32717,-0.02699,-0.01336,0.00758,0.63169,0.44323,0.44782,14.83969,1,0.36,0.02412,1.28748,0.00313,1,1,0.04797,0.00806,0.60363,0.70569,0.44448,19.38345,1,0.3076,0.01752,1.28748,0.00436,1,1,participant_9,question_14,Timer-Correct,True,Other,NOT_RANDOM,0
0.0,0,38,1,0.33211,0.00669,0,0.78385,0.41296,0.21411,8088,3430.66895,1,0.32732,-0.02597,-0.01299,0.00745,0.6212,0.44336,0.44775,14.7151,1,0.35922,0.01703,1.2956,0.00309,1,1,0.05122,0.00849,0.64326,0.70584,0.44439,19.58748,1,0.30499,-0.00364,1.3128,0.00426,1,1,participant_9,question_14,Timer-Correct,True,Other,NOT_RANDOM,0
0.0,0,38,1,0.32077,-0.00417,0,0.78385,0.41296,0.22046,8088,3430.66895,1,0.32713,-0.02533,-0.01299,0.00745,0.6212,0.44343,0.44773,14.74234,1,0.34792,0.00458,1.30379,0.00312,1,1,0.05122,0.00849,0.64326,0.70591,0.44456,19.614,1,0.29362,-0.01292,1.32099,0.00422,1,1,participant_9,question_14,Timer-Correct,True,Other,NOT_RANDOM,0
0.0,0,38,1,0.31887,-0.00542,0,0.78385,0.41296,0.22754,8088,3430.66895,1,0.32689,-0.02476,-0.01299,0.00745,0.6212,0.44345,0.44771,14.71236,1,0.34349,0.00211,1.31198,0.00314,1,1,0.05122,0.00849,0.64326,0.70595,0.44471,19.54021,1,0.29426,-0.01295,1.32919,0.00428,1,1,participant_9,question_14,Timer-Correct,True,Other,NOT_RANDOM,0
0.0,0,38,1,0.31752,-0.01631,0,0.78385,0.41296,0.23413,8088,3430.66895,1,0.32663,-0.02452,-0.01331,0.00767,0.63875,0.44343,0.44771,14.67273,1,0.34166,-0.0129,1.32919,0.00313,1,1,0.04935,0.00817,0.61925,0.70594,0.4447,19.56685,1,0.29338,-0.01972,1.33734,0.00428,1,1,participant_9,question_14,Timer-Correct,True,Other,NOT_RANDOM,0
0.0,0,38,1,0.30051,-0.03177,0,0.78385,0.41296,0.24121,8088,3430.66895,1,0.32593,-0.02472,-0.01331,0.00767,0.63875,0.44332,0.44777,14.93571,1,0.31555,-0.0299,1.34635,0.00306,1,1,0.04935,0.00817,0.61925,0.7056,0.44472,19.68323,1,0.28547,-0.03364,1.33729,0.0043,1,1,participant_9,question_14,Timer-Correct,True,Other,NOT_RANDOM,0
0.0,0,38,1,0.30254,-0.02828,0,0.78385,0.41296,0.24756,8088,3430.66895,1,0.32531,-0.02481,-0.01331,0.00767,0.63875,0.44332,0.4478,14.77265,1,0.32003,-0.0309,1.34631,0.00309,1,1,0.04935,0.00817,0.61925,0.70571,0.44474,19.59064,1,0.28505,-0.02565,1.33725,0.00438,1,1,participant_9,question_14,Timer-Correct,True,Other,NOT_RANDOM,0
0.0,0,38,1,0.30254,-0.02824,0,0.78385,0.41296,0.25439,8088,3430.66895,1,0.32473,-0.0249,-0.01331,0.00767,0.63875,0.44323,0.44786,14.68366,1,0.32004,-0.03087,1.34627,0.00316,1,1,0.04935,0.00817,0.61925,0.70565,0.44456,19.72704,1,0.28505,-0.02561,1.33721,0.00423,1,1,participant_9,question_14,Timer-Correct,True,Other,NOT_RANDOM,0
0.0,0,37,1,0.30601,-0.01826,0,0.78385,0.41296,0.26147,8088,3430.66895,1,0.32426,-0.02473,-0.01331,0.00767,0.63875,0.44335,0.4478,14.81793,1,0.33343,-0.01846,1.33721,0.00307,1,1,0.04935,0.00817,0.61925,0.70579,0.4449,19.65508,1,0.27859,-0.01805,1.33721,0.00439,1,1,participant_9,question_14,Timer-Correct,True,Other,NOT_RANDOM,0
0.0,0,37,1,0.3094,-0.03576,0,0.78385,0.41296,0.26782,8088,3430.66895,1,0.3239,-0.025,-0.01331,0.00767,0.63875,0.44334,0.44782,14.81687,1,0.33665,-0.05452,1.33721,0.00308,1,1,0.04935,0.00817,0.61925,0.70569,0.44492,19.51459,1,0.28215,-0.017,1.33721,0.00443,1,1,participant_9,question_14,Timer-Correct,True,Other,NOT_RANDOM,0
0.0,0,37,1,0.31088,-0.02462,0,0.78385,0.41296,0.27441,8088,3430.66895,1,0.32359,-0.02499,-0.01293,0.00747,0.62279,0.44333,0.44799,14.84953,1,0.33764,-0.04644,1.3282,0.00313,1,1,0.04807,0.00795,0.60262,0.70586,0.44487,19.81239,1,0.28412,-0.0028,1.32005,0.00436,1,1,participant_9,question_14,Timer-Correct,True,Other,NOT_RANDOM,0
0.0,0,37,1,0.30005,-0.01595,0,0.78385,0.41296,0.28149,8088,3430.66895,1,0.32304,-0.02478,-0.01293,0.00747,0.62279,0.44343,0.448,14.99638,1,0.33345,-0.01142,1.31103,0.00309,1,1,0.04807,0.00795,0.60262,0.70588,0.44495,19.76521,1,0.26664,-0.02047,1.30288,0.00429,1,1,participant_9,question_14,Timer-Correct,True,Other,NOT_RANDOM,0
0.0,0,37,1,0.3042,-0.02035,0,0.78385,0.41296,0.28809,8088,3430.66895,1,0.32261,-0.02468,-0.01293,0.00747,0.62279,0.44343,0.448,14.99638,1,0.342,-0.04302,1.29387,0.00309,1,1,0.04807,0.00795,0.60262,0.70595,0.44508,19.77456,1,0.26641,0.00233,1.28572,0.00433,1,1,participant_9,question_14,Timer-Correct,True,Other,NOT_RANDOM,0
0.0,0,37,1,0.30625,-0.00522,0,0.78385,0.41296,0.29492,8088,3430.66895,1,0.32225,-0.02425,-0.01293,0.00747,0.62279,0.44341,0.44803,14.99649,1,0.34387,-0.02725,1.2767,0.0031,1,1,0.04807,0.00795,0.60262,0.70597,0.44507,19.81528,1,0.26863,0.0168,1.26855,0.00432,1,1,participant_9,question_14,Timer-Correct,True,Other,NOT_RANDOM,0
0.0,0,37,1,0.31042,-0.00351,0,0.78385,0.41296,0.30151,8088,3430.66895,1,0.32199,-0.0238,-0.01293,0.00747,0.62279,0.44351,0.44809,14.81107,1,0.34899,-0.02466,1.26855,0.00309,1,1,0.04807,0.00795,0.60262,0.70613,0.44528,19.91261,1,0.27185,0.01763,1.26855,0.00443,1,1,participant_9,question_14,Timer-Correct,True,Other,NOT_RANDOM,0
0.0,0,37,1,0.30984,0.00601,0,0.78385,0.41296,0.30835,8088,3430.66895,1,0.32173,-0.02316,-0.01293,0.00747,0.62279,0.44355,0.44815,14.59358,1,0.34737,-0.01735,1.26855,0.00308,1,1,0.04807,0.00795,0.60262,0.70613,0.44528,19.91261,1,0.27232,0.02937,1.26855,0.00444,1,1,participant_9,question_14,Timer-Correct,True,Other,NOT_RANDOM,0
0.0,0,37,1,0.30984,0.00601,0,0.78385,0.41296,0.31519,8088,3430.66895,1,0.32149,-0.02256,-0.01293,0.00747,0.62279,0.44356,0.44814,14.65482,1,0.34737,-0.01735,1.26855,0.00311,1,1,0.04807,0.00795,0.60262,0.70613,0.44531,19.92031,1,0.27232,0.02937,1.26855,0.00443,1,1,participant_9,question_14,Timer-Correct,True,Other,NOT_RANDOM,0
0.0,0,37,1,0.31021,0.01563,0,0.78385,0.41296,0.32153,8088,3430.66895,1,0.32111,-0.02114,-0.01293,0.00747,0.62279,0.44356,0.44815,14.67634,1,0.34743,-0.00238,1.26855,0.00311,1,1,0.04807,0.00795,0.60262,0.70615,0.44521,19.85414,1,0.27299,0.03364,1.26855,0.00444,1,1,participant_9,question_14,Timer-Correct,True,Other,NOT_RANDOM,0
0.0,0,37,1,0.3116,-0.0021,0,0.78385,0.41296,0.32837,8088,3430.66895,1,0.32074,-0.01975,-0.01293,0.00747,0.62279,0.4436,0.44826,15.03354,1,0.34949,0.00295,1.26855,0.00309,1,1,0.04807,0.00795,0.60262,0.70614,0.44519,19.87061,1,0.27371,-0.00715,1.26855,0.00438,1,1,participant_9,question_14,Timer-Correct,True,Other,NOT_RANDOM,0
0.0,0,37,1,0.3116,-0.0021,0,0.78385,0.41296,0.33521,8088,3430.66895,1,0.32039,-0.01811,-0.01293,0.00747,0.62279,0.4436,0.44826,15.0542,1,0.34949,0.00295,1.26855,0.00308,1,1,0.04807,0.00795,0.60262,0.70614,0.44533,19.99337,1,0.27371,-0.00715,1.26855,0.00432,1,1,participant_9,question_14,Timer-Correct,True,Other,NOT_RANDOM,0
0.0,0,37,1,0.31517,0.00323,0,0.78385,0.41296,0.34155,8088,3430.66895,1,0.32031,-0.01645,-0.01293,0.00747,0.62279,0.44357,0.4483,15.02684,1,0.3513,0.00442,1.26855,0.00311,1,1,0.04807,0.00795,0.60262,0.70604,0.44528,19.80871,1,0.27903,0.00204,1.26855,0.00429,1,1,participant_9,question_14,Timer-Correct,True,Other,NOT_RANDOM,0
0.0,0,37,1,0.31752,0.0062,0,0.78385,0.41296,0.34839,8088,3430.66895,1,0.32025,-0.01518,-0.01293,0.00747,0.62279,0.44359,0.44825,15.0191,1,0.35335,0.00326,1.26855,0.00309,1,1,0.04807,0.00795,0.60262,0.70619,0.44534,19.94683,1,0.28168,0.00915,1.26855,0.00433,1,1,participant_9,question_14,Timer-Correct,True,Other,NOT_RANDOM,0
0.0,0,37,1,0.31752,0.0062,0,0.78385,0.41296,0.35522,8088,3430.66895,1,0.32017,-0.01407,-0.013,0.00747,0.62617,0.44361,0.44834,15.0872,1,0.35335,0.00326,1.26855,0.0031,1,1,0.04807,0.00795,0.60262,0.70609,0.44519,19.73943,1,0.28168,0.00915,1.26855,0.00444,1,1,participant_9,question_14,Timer-Correct,True,Other,NOT_RANDOM,0
0.0,0,37,1,0.31918,0.01534,0,0.78385,0.41296,0.36182,8088,3430.66895,1,0.31998,-0.01284,-0.013,0.00747,0.62617,0.44363,0.44857,14.74058,1,0.35674,0.01866,1.26855,0.0031,1,1,0.04807,0.00795,0.60262,0.7061,0.44521,19.72839,1,0.28161,0.01202,1.26855,0.00444,1,1,participant_9,question_14,Timer-Correct,True,Other,NOT_RANDOM,0
0.0,0,37,1,0.31935,0.0096,0,0.78385,0.41296,0.36841,8088,3430.66895,1,0.31988,-0.01154,-0.013,0.00747,0.62617,0.44361,0.44848,14.87138,1,0.35449,0.00402,1.26855,0.00309,1,1,0.04807,0.00795,0.60262,0.70618,0.44518,19.49316,1,0.28422,0.01518,1.26855,0.00445,1,1,participant_9,question_14,Timer-Correct,True,Other,NOT_RANDOM,0
0.0,0,37,1,0.31935,0.0096,0,0.78385,0.41296,0.37524,8088,3430.66895,1,0.31976,-0.01056,-0.013,0.00737,0.62617,0.44361,0.4485,14.94184,1,0.35449,0.00402,1.26855,0.00308,1,1,0.04807,0.00795,0.60262,0.70642,0.44517,18.82576,1,0.28422,0.01518,1.26855,0.00447,1,1,participant_9,question_14,Timer-Correct,True,Other,NOT_RANDOM,0
0.0,0,37,1,0.30497,0.02094,0,0.78385,0.41296,0.38208,8088,3430.66895,1,0.31925,-0.01,-0.013,0.00737,0.62617,0.44361,0.44857,14.71701,1,0.32907,0.03218,1.26855,0.00319,1,1,0.04807,0.00795,0.60262,0.70622,0.44546,19.50445,1,0.28087,0.0097,1.26855,0.00437,1,1,participant_9,question_14,Timer-Correct,True,Other,NOT_RANDOM,0
0.0,0,37,1,0.30506,0.0095,0,0.78385,0.41296,0.38867,8088,3430.66895,1,0.31875,-0.0099,-0.013,0.00737,0.62617,0.44355,0.44861,14.68614,1,0.33221,0.01369,1.26855,0.00318,1,1,0.04807,0.00795,0.60262,0.7063,0.44511,18.78112,1,0.27792,0.00532,1.26855,0.00449,1,1,participant_9,question_14,Timer-Correct,True,Other,NOT_RANDOM,0
0.0,0,37,1,0.30506,0.0095,0,0.78385,0.41296,0.39575,8088,3430.66895,1,0.31824,-0.00988,-0.01293,0.00738,0.62279,0.44362,0.44856,14.75527,1,0.33221,0.01369,1.26855,0.00309,1,1,0.04807,0.00795,0.60262,0.70636,0.44524,18.89235,1,0.27792,0.00532,1.26855,0.00451,1,1,participant_9,question_14,Timer-Correct,True,Other,NOT_RANDOM,0
0.0,0,37,1,0.31408,0.00825,0,0.78385,0.41296,0.4021,8088,3430.66895,1,0.31803,-0.00961,-0.01293,0.00738,0.62279,0.4436,0.44855,14.70171,1,0.35253,0.01112,1.26855,0.00308,1,1,0.04807,0.00795,0.60262,0.70657,0.44544,19.25006,1,0.27562,0.00539,1.26855,0.00452,1,1,participant_9,question_14,Timer-Correct,True,Other,NOT_RANDOM,0
0.0,0,37,1,0.31919,0.01746,0,0.78385,0.41296,0.40869,8088,3430.66895,1,0.31777,-0.00891,-0.01293,0.00738,0.62279,0.44365,0.44848,14.74383,1,0.35536,0.02482,1.26855,0.00311,1,1,0.04807,0.00795,0.60262,0.70646,0.44544,19.30998,1,0.28303,0.01009,1.26855,0.00435,1,1,participant_9,question_14,Timer-Correct,True,Other,NOT_RANDOM,0
0.0,0,37,1,0.3201,0.0245,0,0.78385,0.41296,0.41553,8088,3430.66895,1,0.31757,-0.00782,-0.0124,0.00706,0.59919,0.44363,0.44857,14.74058,1,0.35618,0.032,1.26044,0.00309,1,1,0.04807,0.00795,0.60262,0.70648,0.44537,19.27093,1,0.28401,0.017,1.26044,0.00432,1,1,participant_9,question_14,Timer-Correct,True,Other,NOT_RANDOM,0
0.0,0,37,1,0.31938,0.02691,0,0.78385,0.41296,0.42212,8088,3430.66895,1,0.31739,-0.00636,-0.0124,0.00706,0.59919,0.44368,0.44857,14.7192,1,0.35555,0.03372,1.25232,0.00307,1,1,0.04807,0.00795,0.60262,0.70641,0.44526,19.14048,1,0.2832,0.0201,1.25232,0.00447,1,1,participant_9,question_14,Timer-Correct,True,Question,NOT_RANDOM,0
0.0,0,37,1,0.3182,0.02797,0,0.78385,0.41296,0.42896,8088,3430.66895,1,0.31716,-0.00484,-0.0124,0.00706,0.59919,0.44361,0.4485,14.94184,1,0.35707,0.03553,1.24421,0.00308,1,1,0.04807,0.00795,0.60262,0.70643,0.44523,19.16254,1,0.27934,0.02041,1.24421,0.00446,1,1,participant_9,question_14,Timer-Correct,True,Question,NOT_RANDOM,0
0.0,0,37,1,0.3182,0.02797,0,0.78385,0.41296,0.43579,8088,3430.66895,1,0.31691,-0.00349,-0.013,0.00737,0.62617,0.44365,0.44855,14.91999,1,0.35707,0.03553,1.24421,0.00307,1,1,0.04807,0.00795,0.60262,0.70629,0.44544,19.68228,1,0.27934,0.02041,1.24421,0.00436,1,1,participant_9,question_14,Timer-Correct,True,Question,NOT_RANDOM,0
0.0,0,37,1,0.31646,0.02393,0,0.78385,0.41296,0.44312,8088,3430.66895,1,0.3167,-0.00224,-0.013,0.00737,0.62617,0.44366,0.4486,14.75612,1,0.35446,0.03549,1.25232,0.00308,1,1,0.04807,0.00795,0.60262,0.70626,0.44536,19.57207,1,0.27845,0.01238,1.25232,0.00436,1,1,participant_9,question_14,Timer-Correct,True,Other,NOT_RANDOM,0
0.0,0,37,1,0.31312,0.01712,0,0.78385,0.41296,0.44873,8088,3430.66895,1,0.31628,-0.00132,-0.013,0.00737,0.62617,0.4435,0.44861,14.65829,1,0.34932,0.02787,1.26044,0.00313,1,1,0.04807,0.00795,0.60262,0.70614,0.44548,19.41781,1,0.27692,0.00638,1.26044,0.0044,1,1,participant_9,question_14,Timer-Correct,True,Other,NOT_RANDOM,0
0.0,0,37,1,0.31114,0.00217,0,0.78385,0.41296,0.45557,8088,3430.66895,1,0.31582,-0.0008,-0.01337,0.00755,0.64159,0.44348,0.44859,14.59856,1,0.34749,0.01265,1.27757,0.00312,1,1,0.04807,0.00795,0.60262,0.7061,0.4455,19.4838,1,0.27478,-0.00831,1.27757,0.00435,1,1,participant_9,question_14,Timer-Correct,True,Other,NOT_RANDOM,0
0.0,0,37,1,0.31212,-0.00381,0,0.78385,0.41296,0.46216,8088,3430.66895,1,0.31551,-0.00058,-0.01337,0.00755,0.64159,0.44348,0.44861,14.61624,1,0.35616,0.00507,1.28658,0.00315,1,1,0.04807,0.00795,0.60262,0.70602,0.44546,19.34211,1,0.26809,-0.01268,1.28658,0.00446,1,1,participant_9,question_14,Timer-Correct,True,Other,NOT_RANDOM,0
0.0,0,37,1,0.30442,-0.01038,0,0.78385,0.41296,0.46899,8088,3430.66895,1,0.31524,-0.00047,-0.01337,0.00755,0.64159,0.44349,0.44856,14.47628,1,0.33882,0.00297,1.2956,0.00317,1,1,0.04807,0.00795,0.60262,0.70619,0.44552,18.63753,1,0.27001,-0.02373,1.2956,0.00439,1,1,participant_9,question_14,Timer-Correct,True,Other,NOT_RANDOM,0
0.0,0,37,1,0.30335,-0.01821,0,0.78385,0.41296,0.47583,8088,3430.66895,1,0.31496,-0.00037,-0.01337,0.00751,0.64159,0.4434,0.44864,14.76493,1,0.33782,-0.00498,1.30461,0.00311,1,1,0.04807,0.00795,0.60262,0.70578,0.44555,19.1152,1,0.26888,-0.03145,1.30461,0.0044,1,1,participant_9,question_14,Timer-Correct,True,Other,NOT_RANDOM,0
0.0,0,37,1,0.30148,-0.01591,0,0.78385,0.41296,0.48267,8088,3430.66895,1,0.31445,-0.00014,-0.01337,0.00751,0.64159,0.44314,0.44855,14.86795,1,0.31693,-0.00269,1.30461,0.00304,1,1,0.04807,0.00795,0.60262,0.70554,0.44508,18.60392,1,0.28602,-0.02913,1.30461,0.00435,1,1,participant_9,question_14,Timer-Correct,True,Other,NOT_RANDOM,0
0.0,0,37,1,0.29159,-0.00487,0,0.78385,0.41296,0.48926,8088,3430.66895,1,0.31372,0.00075,-0.01337,0.00751,0.64159,0.4431,0.44863,14.61512,1,0.30845,0.00786,1.30461,0.0031,1,1,0.04807,0.00795,0.60262,0.70564,0.44525,19.1196,1,0.27474,-0.01761,1.30461,0.00434,1,1,participant_9,question_14,Timer-Correct,True,Other,NOT_RANDOM,0
0.0,0,37,1,0.29169,-0.00442,0,0.78385,0.41296,0.49585,8088,3430.66895,1,0.31297,0.0015,-0.01299,0.00727,0.62119,0.44288,0.44868,14.58542,1,0.30965,0.0157,1.2956,0.00307,1,1,0.05122,0.00844,0.64326,0.70552,0.44526,19.15477,1,0.27374,-0.02455,1.3128,0.00436,1,1,participant_9,question_14,Timer-Correct,True,Other,NOT_RANDOM,0
0.0,0,37,1,0.28648,-0.01514,0,0.78385,0.41296,0.50269,8088,3430.66895,1,0.31216,0.00145,-0.01299,0.00727,0.62119,0.44279,0.44866,14.60195,1,0.30358,0.00693,1.30379,0.00311,1,1,0.05122,0.00844,0.64326,0.70546,0.44536,19.12332,1,0.26938,-0.03721,1.32099,0.00435,1,1,participant_9,question_14,Timer-Correct,True,Other,NOT_RANDOM,0
0.0,0,37,1,0.28544,-0.0263,0,0.78385,0.41296,0.50928,8088,3430.66895,1,0.31131,0.00063,-0.01299,0.00727,0.62119,0.44273,0.44874,14.55789,1,0.29903,-0.00056,1.31198,0.00307,1,1,0.05122,0.00844,0.64326,0.70545,0.44534,19.07116,1,0.27185,-0.05204,1.32919,0.00435,1,1,participant_9,question_14,Timer-Correct,True,Other,NOT_RANDOM,0
0.0,0,37,1,0.28598,-0.02249,0,0.78385,0.41296,0.51611,8088,3430.66895,1,0.31044,-0.00026,-0.01282,0.00715,0.6109,0.44281,0.44865,14.58504,1,0.29902,-0.00062,1.31206,0.00313,1,1,0.05002,0.00825,0.62879,0.70539,0.44545,18.96667,1,0.27294,-0.04435,1.32021,0.00432,1,1,participant_9,question_14,Timer-Correct,True,Other,NOT_RANDOM,0
0.0,0,37,1,0.28091,-0.00736,0,0.78385,0.41296,0.52271,8088,3430.66895,1,0.30928,-0.00103,-0.01282,0.00715,0.6109,0.44271,0.44863,14.68772,1,0.29529,-0.00368,1.31209,0.00317,1,1,0.05002,0.00825,0.62879,0.70534,0.44545,18.73033,1,0.26653,-0.01104,1.30304,0.00435,1,1,participant_9,question_14,Timer-Correct,True,Other,NOT_RANDOM,0
0.0,0,37,1,0.28595,0.00203,0,0.78385,0.41296,0.5293,8088,3430.66895,1,0.30828,-0.00142,-0.01282,0.00715,0.6109,0.44272,0.44867,14.58441,1,0.30077,0.00847,1.29492,0.00307,1,1,0.05002,0.00825,0.62879,0.70521,0.4455,18.4395,1,0.27114,-0.00442,1.28587,0.00438,1,1,participant_9,question_14,Timer-Correct,True,Other,NOT_RANDOM,0
0.0,0,37,1,0.28875,0.02029,0,0.78385,0.41296,0.53613,8088,3430.66895,1,0.30738,-0.00114,-0.01282,0.00715,0.6109,0.44262,0.44869,14.69937,1,0.30315,0.02349,1.27775,0.00311,1,1,0.04797,0.00797,0.60363,0.70529,0.44543,18.54615,1,0.27435,0.01708,1.26054,0.00439,1,1,participant_9,question_14,Timer-Correct,True,Other,NOT_RANDOM,0
0.0,0,37,1,0.30796,0.03325,0,0.78385,0.41296,0.54272,8088,3430.66895,1,0.30711,-0.00036,-0.01282,0.00715,0.6109,0.44264,0.44873,14.57328,1,0.34324,0.03869,1.26054,0.00312,1,1,0.04797,0.00797,0.60363,0.70516,0.44539,18.98791,1,0.27267,0.02782,1.25239,0.00441,1,1,participant_9,question_14,Timer-Correct,True,Question,NOT_RANDOM,0
0.0,0,37,1,0.30411,0.03522,0,0.78385,0.41296,0.54956,8088,3430.66895,1,0.30681,0.00049,-0.01282,0.00715,0.6109,0.44258,0.44873,14.47035,1,0.33787,0.04036,1.25239,0.00312,1,1,0.04797,0.00797,0.60363,0.70509,0.44531,19.12812,1,0.27035,0.03009,1.24424,0.00441,1,1,participant_9,question_14,Timer-Correct,True,Question,NOT_RANDOM,0
0.0,0,37,1,0.303,0.02744,0,0.78385,0.41296,0.55615,8088,3430.66895,1,0.3065,0.0014,-0.01336,0.00739,0.63169,0.4425,0.44863,14.28744,1,0.33683,0.03243,1.26137,0.00311,1,1,0.04797,0.00797,0.60363,0.70505,0.4453,19.09732,1,0.26917,0.02246,1.25322,0.00439,1,1,participant_9,question_14,Timer-Correct,True,Question,NOT_RANDOM,0
0.0,0,37,1,0.28903,0.01789,0,0.78385,0.41296,0.56299,8088,3430.66895,1,0.30626,0.00244,-0.01336,0.00739,0.63169,0.44241,0.44861,14.30434,1,0.32724,0.03354,1.27035,0.00308,1,1,0.04797,0.00797,0.60363,0.70488,0.44513,18.87336,1,0.25082,0.00224,1.27035,0.00437,1,1,participant_9,question_14,Timer-Correct,True,Other,NOT_RANDOM,0
0.0,0,37,1,0.28922,-0.00052,0,0.78385,0.41296,0.56934,8088,3430.66895,1,0.30599,0.00301,-0.01336,0.00739,0.63169,0.44242,0.4486,14.31238,1,0.32238,0.01794,1.28748,0.00307,1,1,0.04797,0.00797,0.60363,0.70491,0.44521,18.87492,1,0.25606,-0.01897,1.28748,0.0044,1,1,participant_9,question_14,Timer-Correct,True,Other,NOT_RANDOM,0
0.0,0,37,1,0.287,-0.01534,0,0.78385,0.41296,0.57617,8088,3430.66895,1,0.30566,0.00328,-0.01336,0.00739,0.63169,0.44234,0.44867,14.32338,1,0.32026,0.00296,1.30461,0.00302,1,1,0.04797,0.00797,0.60363,0.70499,0.44543,19.08374,1,0.25375,-0.03364,1.30461,0.00441,1,1,participant_9,question_14,Timer-Correct,True,Other,NOT_RANDOM,0
0.0,0,37,1,0.27962,0.02418,0,0.78385,0.41296,0.58325,8088,3430.66895,1,0.30511,0.00417,-0.01336,0.00739,0.63169,0.44228,0.44896,13.30039,1,0.3117,0.02489,1.30461,0.00302,1,1,0.04797,0.00797,0.60363,0.70496,0.44563,19.28349,1,0.24754,0.02348,1.30461,0.00417,1,1,participant_9,question_14,Timer-Correct,True,Other,NOT_RANDOM,0
0.0,0,37,1,0.29121,0.20183,0,0.78385,0.41296,0.5896,8088,3430.66895,1,0.30473,0.00912,-0.01336,0.00739,0.63169,0.4422,0.45018,9.41261,1,0.31166,0.214,1.30461,0.00261,1,1,0.04797,0.00797,0.60363,0.70555,0.4467,17.50448,1,0.27075,0.18966,1.30461,0.0039,1,1,participant_9,question_14,Timer-Correct,True,Question,NOT_RANDOM,0
0.0,0,37,1,0.26856,0.17778,0,0.78385,0.41296,0.5896,8088,3430.66895,0,0.28961,0.04306,-0.01336,0.00739,0.63169,0.4422,0.45018,9.41261,0,0.31166,0.214,1.30461,0.00261,1,0,0.05061,0.00861,0.63804,0.70457,0.4459,12.01441,1,0.26856,0.17778,1.32182,0.00352,1,1,participant_9,question_14,Timer-Correct,True,Question,NOT_RANDOM,0
0.0,0,37,0,0.26856,0.17778,0,0.78385,0.41296,0.5896,8088,3430.66895,0,0.28961,0.04306,-0.01336,0.00739,0.63169,0.4422,0.45018,9.41261,0,0.31166,0.214,1.32182,0.00261,1,0,0.05061,0.00861,0.63804,0.70457,0.4459,12.01441,0,0.26856,0.17778,1.33903,0.00352,1,0,participant_9,question_14,Timer-Correct,False,Question,NOT_RANDOM,0
0.0,0,37,0,0.26856,0.17778,0,0.78385,0.41296,0.5896,8088,3430.66895,0,0.28961,0.04306,-0.01336,0.00739,0.63169,0.4422,0.45018,9.41261,0,0.31166,0.214,1.33903,0.00261,1,0,0.05061,0.00861,0.63804,0.70457,0.4459,12.01441,0,0.26856,0.17778,1.35623,0.00352,1,0,participant_9,question_14,Timer-Correct,False,Question,NOT_RANDOM,0
0.0,0,37,0,0.26856,0.17778,0,0.78385,0.41296,0.5896,8088,3430.66895,0,0.0,0.0,-0.01336,0.00739,0.63169,0.4422,0.45018,9.41261,0,0.31166,0.214,1.35623,0.00261,1,0,0.05061,0.00861,0.63804,0.70457,0.4459,12.01441,0,0.26856,0.17778,1.37344,0.00352,1,0,participant_9,question_14,Timer-Correct,False,Question,NOT_RANDOM,0
0.0,0,37,0,0.26856,0.17778,0,0.78385,0.41296,0.5896,8088,3430.66895,0,0.0,0.0,-0.01336,0.00739,0.63169,0.4422,0.45018,9.41261,0,0.31166,0.214,1.37344,0.00261,1,0,0.05061,0.00861,0.63804,0.70457,0.4459,12.01441,0,0.26856,0.17778,1.37344,0.00352,1,0,participant_9,question_14,Timer-Correct,False,Question,NOT_RANDOM,0
0.0,0,37,0,0.26856,0.17778,0,0.78385,0.41296,0.5896,8088,3430.66895,0,0.0,0.0,-0.01336,0.00739,0.63169,0.4422,0.45018,9.41261,0,0.31166,0.214,1.37344,0.00261,1,0,0.05061,0.00861,0.63804,0.70457,0.4459,12.01441,0,0.26856,0.17778,1.37344,0.00352,1,0,participant_9,question_14,Timer-Correct,False,Question,NOT_RANDOM,0
0.0,0,37,0,0.26856,0.17778,0,0.78385,0.41296,0.5896,8088,3430.66895,0,0.0,0.0,-0.01336,0.00739,0.63169,0.4422,0.45018,9.41261,0,0.31166,0.214,1.37344,0.00261,1,0,0.05061,0.00861,0.63804,0.70457,0.4459,12.01441,0,0.26856,0.17778,1.37344,0.00352,1,0,participant_9,question_14,Timer-Correct,False,Question,NOT_RANDOM,0
0.0,37,37,0,0.26856,0.17778,0,0.78385,0.41296,0.5896,8088,3430.66895,0,0.0,0.0,-0.01336,0.00739,0.63169,0.4422,0.45018,9.41261,0,0.31166,0.214,1.37344,0.00261,1,0,0.05061,0.00861,0.63804,0.70457,0.4459,12.01441,0,0.26856,0.17778,1.37344,0.00352,1,0,participant_9,question_14,Timer-Correct,True,Question,NOT_RANDOM,0
0.0,37,37,0,0.26856,0.17778,0,0.78385,0.41296,0.5896,8088,3430.66895,0,0.0,0.0,-0.01336,0.00739,0.63169,0.4422,0.45018,9.41261,0,0.31166,0.214,1.37344,0.00261,1,0,0.05061,0.00861,0.63804,0.70457,0.4459,12.01441,0,0.26856,0.17778,1.37344,0.00352,1,0,participant_9,question_14,Timer-Correct,True,Question,NOT_RANDOM,0
0.0,37,37,0,0.26856,0.17778,0,0.78385,0.41296,0.5896,8088,3430.66895,0,0.0,0.0,-0.01336,0.00739,0.63169,0.4422,0.45018,9.41261,0,0.31166,0.214,1.37344,0.00261,1,0,0.05061,0.00861,0.63804,0.70457,0.4459,12.01441,0,0.26856,0.17778,1.37344,0.00352,1,0,participant_9,question_14,Timer-Correct,True,Question,NOT_RANDOM,0
0.0,37,37,0,0.26856,0.17778,0,0.78385,0.41296,0.5896,8088,3430.66895,0,0.0,0.0,-0.01336,0.00739,0.63169,0.4422,0.45018,9.41261,0,0.31166,0.214,1.37344,0.00261,1,0,0.05061,0.00861,0.63804,0.70457,0.4459,12.01441,0,0.26856,0.17778,1.37344,0.00352,1,0,participant_9,question_14,Timer-Correct,True,Question,NOT_RANDOM,0
0.0,37,37,0,0.26856,0.17778,0,0.78385,0.41296,0.5896,8088,3430.66895,0,0.0,0.0,-0.01336,0.00739,0.63169,0.4422,0.45018,9.41261,0,0.31166,0.214,1.37344,0.00261,1,0,0.05061,0.00861,0.63804,0.70457,0.4459,12.01441,0,0.26856,0.17778,1.37344,0.00352,1,0,participant_9,question_14,Timer-Correct,True,Question,NOT_RANDOM,0
0.0,37,37,0,0.26856,0.17778,0,0.78385,0.41296,0.5896,8088,3430.66895,0,0.0,0.0,-0.01336,0.00739,0.63169,0.4422,0.45018,9.41261,0,0.31166,0.214,1.37344,0.00261,1,0,0.05061,0.00861,0.63804,0.70457,0.4459,12.01441,0,0.26856,0.17778,1.37344,0.00352,1,0,participant_9,question_14,Timer-Correct,True,Question,NOT_RANDOM,0
0.0,37,37,0,0.26856,0.17778,0,0.78385,0.41296,0.5896,8088,3430.66895,0,0.0,0.0,-0.01336,0.00739,0.63169,0.4422,0.45018,9.41261,0,0.31166,0.214,1.37344,0.00261,1,0,0.05061,0.00861,0.63804,0.70457,0.4459,12.01441,0,0.26856,0.17778,1.37344,0.00352,1,0,participant_9,question_14,Timer-Correct,True,Question,NOT_RANDOM,0
0.0,37,37,0,0.26856,0.17778,0,0.78385,0.41296,0.5896,8088,3430.66895,0,0.0,0.0,-0.01336,0.00739,0.63169,0.4422,0.45018,9.41261,0,0.31166,0.214,1.37344,0.00261,1,0,0.05061,0.00861,0.63804,0.70457,0.4459,12.01441,0,0.26856,0.17778,1.37344,0.00352,1,0,participant_9,question_14,Timer-Correct,True,Question,NOT_RANDOM,0
0.0,37,37,0,0.26856,0.17778,0,0.78385,0.41296,0.5896,8088,3430.66895,0,0.0,0.0,-0.01336,0.00739,0.63169,0.4422,0.45018,9.41261,0,0.31166,0.214,1.37344,0.00261,1,0,0.05061,0.00861,0.63804,0.70457,0.4459,12.01441,0,0.26856,0.17778,1.37344,0.00352,1,0,participant_9,question_14,Timer-Correct,True,Question,NOT_RANDOM,0
0.0,37,37,0,0.26856,0.17778,0,0.78385,0.41296,0.5896,8088,3430.66895,0,0.0,0.0,-0.01336,0.00739,0.63169,0.4422,0.45018,9.41261,0,0.31166,0.214,1.37344,0.00261,1,0,0.05061,0.00861,0.63804,0.70457,0.4459,12.01441,0,0.26856,0.17778,1.37344,0.00352,1,0,participant_9,question_14,Timer-Correct,True,Question,NOT_RANDOM,0
0.0,37,37,0,0.26856,0.17778,0,0.78385,0.41296,0.5896,8088,3430.66895,0,0.0,0.0,-0.01336,0.00739,0.63169,0.4422,0.45018,9.41261,0,0.31166,0.214,1.37344,0.00261,1,0,0.05061,0.00861,0.63804,0.70457,0.4459,12.01441,0,0.26856,0.17778,1.37344,0.00352,1,0,participant_9,question_14,Timer-Correct,True,Question,NOT_RANDOM,0
0.0,37,37,0,0.26856,0.17778,0,0.78385,0.41296,0.5896,8088,3430.66895,0,0.0,0.0,-0.01336,0.00739,0.63169,0.4422,0.45018,9.41261,0,0.31166,0.214,1.37344,0.00261,1,0,0.05061,0.00861,0.63804,0.70457,0.4459,12.01441,0,0.26856,0.17778,1.37344,0.00352,1,0,participant_9,question_14,Timer-Correct,True,Question,NOT_RANDOM,0
0.0845,0,38,1,0.28291,0.15667,0,0.78385,0.41296,0.5896,8088,3430.66895,0,0.14146,0.07833,-0.01439,0.00753,0.64391,0.43892,0.44884,14.12315,1,0.30264,0.16489,1.37344,0.00299,1,1,0.04906,0.00828,0.62738,0.70105,0.44369,18.05271,1,0.26318,0.14844,1.36438,0.00369,1,1,participant_9,question_14,Timer-Correct,True,Question,NOT_RANDOM,0
0.0,0,38,1,0.27038,-0.0569,0,0.78385,0.41296,0.5896,8088,3430.66895,0,0.18443,0.03326,-0.01439,0.00753,0.64391,0.43888,0.44884,14.34336,1,0.2939,-0.08293,1.36438,0.00302,1,1,0.04906,0.00828,0.62738,0.7009,0.44368,18.08448,1,0.24686,-0.03087,1.35533,0.00368,1,1,participant_9,question_14,Timer-Correct,True,Other,NOT_RANDOM,0
0.0,0,38,1,0.26975,-0.04336,0,0.78385,0.41296,0.5896,8088,3430.66895,0,0.27435,0.0188,-0.01439,0.00753,0.64391,0.43882,0.44889,14.2056,1,0.29297,-0.07356,1.35533,0.00309,1,1,0.04906,0.00828,0.62738,0.70096,0.44381,18.01566,1,0.24652,-0.01316,1.34627,0.00367,1,1,participant_9,question_14,Timer-Correct,True,Other,NOT_RANDOM,0
0.0,0,38,1,0.27222,-0.02792,0,0.78385,0.41296,0.5896,8088,3430.66895,0,0.27328,-0.00456,-0.01467,0.00766,0.65444,0.43883,0.44888,14.20273,1,0.29545,-0.0574,1.33726,0.00309,1,1,0.04906,0.00828,0.62738,0.70081,0.4438,18.0655,1,0.24898,0.00155,1.3282,0.00366,1,1,participant_9,question_14,Timer-Correct,True,Other,NOT_RANDOM,0
0.0,0,38,1,0.25456,-0.01413,0,0.78385,0.41296,0.5896,8088,3430.66895,0,0.26704,-0.00775,-0.01467,0.00766,0.65444,0.43848,0.44867,14.60919,1,0.27342,-0.031,1.31918,0.003,1,1,0.04906,0.00828,0.62738,0.70074,0.44375,18.00615,1,0.23571,0.00275,1.31918,0.00365,1,1,participant_9,question_14,Timer-Correct,True,Other,NOT_RANDOM,0
0.0,0,38,1,0.27662,-0.03677,0,0.78385,0.41296,0.02026,8089,3431.41919,1,0.26944,-0.015,-0.01467,0.00766,0.65444,0.43843,0.44877,14.58004,1,0.31487,-0.08434,1.31017,0.00305,1,1,0.04906,0.00828,0.62738,0.70106,0.4452,18.82843,1,0.23837,0.0108,1.31017,0.00432,1,1,participant_9,question_14,Timer-Correct,True,Other,NOT_RANDOM,0
0.0,0,38,1,0.27843,-0.02554,0,0.78385,0.41296,0.0271,8089,3431.41919,1,0.27124,-0.01711,-0.01418,0.00735,0.62826,0.43835,0.44883,14.22023,1,0.31601,-0.07591,1.30115,0.003,1,1,0.04697,0.00795,0.60238,0.70078,0.44515,18.63791,1,0.24085,0.02484,1.293,0.0043,1,1,participant_9,question_14,Timer-Correct,True,Other,NOT_RANDOM,0
0.0,0,38,1,0.28014,-0.00956,0,0.78385,0.41296,0.03394,8089,3431.41919,1,0.27272,-0.01585,-0.01418,0.00735,0.62826,0.43824,0.44894,14.44702,1,0.31646,-0.04454,1.293,0.00301,1,1,0.04697,0.00795,0.60238,0.7005,0.44372,18.02061,1,0.24383,0.02541,1.28485,0.00368,1,1,participant_9,question_14,Timer-Correct,True,Other,NOT_RANDOM,0
0.0,0,38,1,0.27686,0.00573,0,0.78385,0.41296,0.04053,8089,3431.41919,1,0.27331,-0.01277,-0.01418,0.00735,0.62826,0.43818,0.44887,14.23272,1,0.3073,-0.01559,1.28485,0.00301,1,1,0.04697,0.00795,0.60238,0.70042,0.44375,18.16717,1,0.24642,0.02705,1.2767,0.00362,1,1,participant_9,question_14,Timer-Correct,True,Other,NOT_RANDOM,0
0.0,0,38,1,0.27913,0.01978,0,0.78385,0.41296,0.04712,8089,3431.41919,1,0.27404,-0.0087,-0.01418,0.00735,0.62826,0.43815,0.44884,14.31369,1,0.3095,-0.00094,1.26859,0.00302,1,1,0.04717,0.00809,0.60613,0.70025,0.44361,18.28617,1,0.24876,0.04051,1.26044,0.00362,1,1,participant_9,question_14,Timer-Correct,True,Other,NOT_RANDOM,0
0.0,0,38,1,0.28407,0.03574,0,0.78385,0.41296,0.05396,8089,3431.41919,1,0.27515,-0.00376,-0.01418,0.00735,0.62826,0.43802,0.44888,14.17078,1,0.30221,0.02384,1.25232,0.00308,1,1,0.04717,0.00809,0.60613,0.70018,0.44365,18.23464,1,0.26594,0.04764,1.25232,0.00367,1,1,participant_9,question_14,Timer-Correct,True,Question,NOT_RANDOM,0
0.0,0,38,1,0.28333,0.03957,0,0.78385,0.41296,0.06055,8089,3431.41919,1,0.27597,0.00057,-0.01418,0.00735,0.62826,0.43798,0.44885,14.3395,1,0.30153,0.0271,1.24421,0.00306,1,1,0.04717,0.00809,0.60613,0.70019,0.44364,18.24911,1,0.26512,0.05204,1.24421,0.00366,1,1,participant_9,question_14,Timer-Correct,True,Question,NOT_RANDOM,0
0.0,0,38,1,0.28278,0.03618,0,0.78385,0.41296,0.06738,8089,3431.41919,1,0.27659,0.00381,-0.01418,0.00735,0.62826,0.43801,0.44885,14.38056,1,0.30153,0.0271,1.24421,0.00306,1,1,0.04844,0.00832,0.62299,0.70013,0.4436,18.13031,1,0.26402,0.04526,1.25236,0.00369,1,1,participant_9,question_14,Timer-Correct,True,Question,NOT_RANDOM,0
0.0,0,38,1,0.27251,0.03956,0,0.78385,0.41296,0.07446,8089,3431.41919,1,0.27625,0.00679,-0.01418,0.00735,0.62826,0.43787,0.44876,14.43356,1,0.29141,0.05213,1.26047,0.00312,1,1,0.04844,0.00832,0.62299,0.70031,0.44473,18.50814,1,0.25361,0.027,1.26862,0.00422,1,1,participant_9,question_14,Timer-Correct,True,Question,NOT_RANDOM,0
0.0,0,38,1,0.26563,0.03226,0,0.78385,0.41296,0.08105,8089,3431.41919,1,0.27543,0.00875,-0.01418,0.00735,0.62826,0.43787,0.44876,14.43356,1,0.28623,0.04219,1.27674,0.00312,1,1,0.04844,0.00832,0.62299,0.70034,0.44472,18.47997,1,0.24502,0.02232,1.28489,0.00422,1,1,participant_9,question_14,Timer-Correct,True,Question,NOT_RANDOM,0
0.0,0,38,1,0.26501,0.02876,0,0.78385,0.41296,0.0874,8089,3431.41919,1,0.27469,0.01018,-0.01418,0.00735,0.62826,0.43773,0.4487,14.11689,1,0.285,0.03519,1.28489,0.00309,1,1,0.04694,0.00807,0.60438,0.69998,0.44355,17.93434,1,0.24502,0.02232,1.28489,0.00368,1,1,participant_9,question_14,Timer-Correct,True,Question,NOT_RANDOM,0
0.0,0,38,1,0.27379,0.02725,0,0.78385,0.41296,0.09375,8089,3431.41919,1,0.27463,0.01131,-0.01418,0.00735,0.62826,0.43767,0.44872,14.21408,1,0.30013,0.03342,1.27677,0.00303,1,1,0.04694,0.00807,0.60438,0.70018,0.44465,18.79338,1,0.24745,0.02108,1.26862,0.00427,1,1,participant_9,question_14,Timer-Correct,True,Question,NOT_RANDOM,0
0.0,0,38,1,0.2646,0.0448,0,0.78385,0.41296,0.10083,8089,3431.41919,1,0.274,0.01341,-0.01418,0.00735,0.62826,0.43765,0.44871,14.26017,1,0.28168,0.05236,1.26051,0.00303,1,1,0.04694,0.00807,0.60438,0.70027,0.44472,18.6806,1,0.24752,0.03724,1.25236,0.0042,1,1,participant_9,question_14,Timer-Correct,True,Question,NOT_RANDOM,0
0.0,0,38,1,0.26322,0.03688,0,0.78385,0.41296,0.10742,8089,3431.41919,1,0.27337,0.01479,-0.01418,0.00735,0.62826,0.43807,0.4487,14.41575,1,0.28154,0.05161,1.26137,0.003,1,1,0.05034,0.00863,0.64676,0.70046,0.4446,18.06134,1,0.24489,0.02215,1.27043,0.00428,1,1,participant_9,question_14,Timer-Correct,True,Question,NOT_RANDOM,0
0.0,0,38,1,0.31912,-0.00399,0,0.78385,0.41296,0.11475,8089,3431.41919,1,0.27591,0.01374,-0.01418,0.00735,0.62826,0.43852,0.44867,14.11425,1,0.35156,0.00921,1.28756,0.00308,1,1,0.05034,0.00863,0.64676,0.70094,0.44463,19.18862,1,0.28668,-0.01719,1.30477,0.00415,1,1,participant_9,question_14,Timer-Correct,True,Other,NOT_RANDOM,0
0.0,0,38,1,0.31887,-0.03799,0,0.78385,0.41296,0.12134,8089,3431.41919,1,0.27817,0.01102,-0.01418,0.00735,0.62826,0.43866,0.44866,13.97908,1,0.36468,-0.0282,1.3219,0.00306,1,1,0.05034,0.00863,0.64676,0.70097,0.44473,18.58329,1,0.27307,-0.04777,1.3391,0.00425,1,1,participant_9,question_14,Timer-Correct,True,Other,NOT_RANDOM,0
0.0,0,38,1,0.31809,-0.04565,0,0.78385,0.41296,0.12744,8089,3431.41919,1,0.28017,0.00819,-0.01376,0.00716,0.6118,0.43918,0.44853,14.50919,1,0.36312,-0.04352,1.3391,0.00302,1,1,0.04697,0.00809,0.60238,0.70149,0.44449,18.19239,1,0.27307,-0.04777,1.3391,0.00422,1,1,participant_9,question_14,Timer-Correct,True,Other,NOT_RANDOM,0
0.0,0,38,1,0.31637,-0.02333,0,0.78385,0.41296,0.13428,8089,3431.41919,1,0.28189,0.00669,-0.01376,0.00716,0.6118,0.43918,0.44853,14.50919,1,0.35653,-0.02119,1.32197,0.00302,1,1,0.04697,0.00809,0.60238,0.70153,0.44448,18.1118,1,0.27622,-0.02547,1.30477,0.00428,1,1,participant_9,question_14,Timer-Correct,True,Other,NOT_RANDOM,0
0.0,0,38,1,0.31993,0.0056,0,0.78385,0.41296,0.14087,8089,3431.41919,1,0.28362,0.00664,-0.01376,0.00716,0.6118,0.4391,0.44851,14.43981,1,0.36155,0.00028,1.28764,0.003,1,1,0.04697,0.00809,0.60238,0.70151,0.44439,18.01755,1,0.27831,0.01091,1.27043,0.00434,1,1,participant_9,question_14,Timer-Correct,True,Other,NOT_RANDOM,0
0.0,0,38,1,0.32281,0.02842,0,0.78385,0.41296,0.14771,8089,3431.41919,1,0.28532,0.00758,-0.01389,0.00725,0.61555,0.43906,0.44847,14.34584,1,0.36406,0.02367,1.26141,0.00302,1,1,0.04697,0.00813,0.60238,0.7015,0.44438,18.11884,1,0.28156,0.03316,1.24421,0.00425,1,1,participant_9,question_14,Timer-Correct,True,Question,NOT_RANDOM,0
0.0,0,38,1,0.3242,0.01783,0,0.78385,0.41296,0.1543,8089,3431.41919,1,0.28694,0.00801,-0.01389,0.00725,0.61555,0.43905,0.44842,14.50275,1,0.36128,0.02247,1.25232,0.00301,1,1,0.04697,0.00813,0.60238,0.70139,0.44433,18.12467,1,0.28713,0.01318,1.25232,0.00427,1,1,participant_9,question_14,Timer-Correct,True,Other,NOT_RANDOM,0
0.0,0,38,1,0.32265,0.00448,0,0.78385,0.41296,0.16113,8089,3431.41919,1,0.28837,0.00787,-0.01389,0.00725,0.61555,0.43905,0.44842,14.50275,1,0.36185,0.01314,1.26044,0.00301,1,1,0.04697,0.00813,0.60238,0.70143,0.44433,18.17352,1,0.28344,-0.00419,1.26044,0.00427,1,1,participant_9,question_14,Timer-Correct,True,Other,NOT_RANDOM,0
0.0,0,38,1,0.32127,-0.00623,0,0.78385,0.41296,0.16772,8089,3431.41919,1,0.28964,0.00733,-0.01418,0.00754,0.62826,0.43904,0.44833,14.23386,1,0.36106,0.00583,1.26855,0.00302,1,1,0.04925,0.00852,0.63102,0.7016,0.44429,18.33203,1,0.28148,-0.0183,1.2767,0.00425,1,1,participant_9,question_14,Timer-Correct,True,Other,NOT_RANDOM,0
0.0,0,38,1,0.32375,-0.02158,0,0.78385,0.41296,0.17432,8089,3431.41919,1,0.2909,0.00626,-0.01418,0.00754,0.62826,0.43908,0.44834,14.29621,1,0.36269,-0.0171,1.2767,0.00302,1,1,0.04925,0.00852,0.63102,0.70168,0.44437,18.50616,1,0.28481,-0.02606,1.28485,0.00428,1,1,participant_9,question_14,Timer-Correct,True,Other,NOT_RANDOM,0
0.0,0,38,1,0.32157,-0.02754,0,0.78385,0.41296,0.17432,8089,3431.41919,0,0.31599,-0.00609,-0.01418,0.00754,0.62826,0.43904,0.44833,14.23386,1,0.35924,-0.01903,1.28485,0.00302,1,1,0.04925,0.00852,0.63102,0.70122,0.44447,18.19975,1,0.28391,-0.03605,1.293,0.00433,1,1,participant_9,question_14,Timer-Correct,True,Other,NOT_RANDOM,0
0.0,0,38,1,0.3207,-0.03479,0,0.78385,0.41296,0.17432,8089,3431.41919,0,0.31834,-0.02044,-0.01418,0.00754,0.62826,0.43907,0.44833,14.23269,1,0.35845,-0.02643,1.293,0.00301,1,1,0.04925,0.00852,0.63102,0.7014,0.4444,18.56486,1,0.28295,-0.04314,1.30115,0.0043,1,1,participant_9,question_14,Timer-Correct,True,Other,NOT_RANDOM,0
0.0,0,38,1,0.3219,-0.04099,0,0.78385,0.41296,0.17432,8089,3431.41919,0,0.31953,-0.02729,-0.01418,0.00754,0.62826,0.43907,0.44825,14.14908,1,0.36185,-0.0448,1.30115,0.003,1,1,0.04925,0.00852,0.63102,0.70155,0.44381,18.69109,1,0.28195,-0.03718,1.30115,0.00451,1,1,participant_9,question_14,Timer-Correct,True,Other,NOT_RANDOM,0
0.0,0,38,1,0.32377,-0.02379,0,0.78385,0.41296,0.01978,8090,3431.60034,1,0.32059,-0.02642,-0.01418,0.00754,0.62826,0.43908,0.44813,14.65841,1,0.36066,-0.03993,1.30115,0.00303,1,1,0.04925,0.00852,0.63102,0.70149,0.44422,18.71683,1,0.28687,-0.00766,1.30115,0.00435,1,1,participant_9,question_14,Timer-Correct,True,Other,NOT_RANDOM,0
0.0,0,38,1,0.32377,-0.02379,0,0.78385,0.41296,0.02637,8090,3431.60034,1,0.32123,-0.02589,-0.01418,0.00754,0.62826,0.43909,0.44817,14.1953,1,0.36066,-0.03993,1.30115,0.00302,1,1,0.04925,0.00852,0.63102,0.7015,0.44404,18.65262,1,0.28687,-0.00766,1.30115,0.00456,1,1,participant_9,question_14,Timer-Correct,True,Other,NOT_RANDOM,0
0.0,0,38,1,0.31789,-0.02667,0,0.78385,0.41296,0.0332,8090,3431.60034,1,0.32067,-0.02602,-0.01418,0.00754,0.62826,0.43917,0.44808,14.18941,1,0.35784,-0.04581,1.30115,0.00309,1,1,0.04925,0.00852,0.63102,0.70156,0.4441,18.8495,1,0.27794,-0.00752,1.30115,0.00454,1,1,participant_9,question_14,Timer-Correct,True,Other,NOT_RANDOM,0
0.0,0,38,1,0.31962,-0.03072,0,0.78385,0.41296,0.04004,8090,3431.60034,1,0.32052,-0.02669,-0.01418,0.00754,0.62826,0.43906,0.44803,14.59756,1,0.35941,-0.05011,1.30115,0.00301,1,1,0.04925,0.00852,0.63102,0.70144,0.44394,18.74255,1,0.27984,-0.01133,1.30115,0.00451,1,1,participant_9,question_14,Timer-Correct,True,Other,NOT_RANDOM,0
0.0,0,38,1,0.31962,-0.03072,0,0.78385,0.41296,0.04663,8090,3431.60034,1,0.32041,-0.0272,-0.01418,0.00754,0.62826,0.43908,0.44806,14.50318,1,0.35941,-0.05011,1.30115,0.00301,1,1,0.04925,0.00852,0.63102,0.70147,0.44403,18.7229,1,0.27984,-0.01133,1.30115,0.00456,1,1,participant_9,question_14,Timer-Correct,True,Other,NOT_RANDOM,0
0.0,0,38,1,0.31571,-0.02034,0,0.78385,0.41296,0.05298,8090,3431.60034,1,0.31988,-0.02643,-0.01418,0.00754,0.62826,0.43906,0.44803,14.61056,1,0.35354,-0.03997,1.30115,0.00301,1,1,0.04925,0.00852,0.63102,0.70155,0.44391,18.7398,1,0.27787,-0.0007,1.30115,0.00446,1,1,participant_9,question_14,Timer-Correct,True,Other,NOT_RANDOM,0
0.0,0,38,1,0.31824,-0.0319,0,0.78385,0.41296,0.0603,8090,3431.60034,1,0.31972,-0.02698,-0.01418,0.00754,0.62826,0.43906,0.44803,14.61005,1,0.35162,-0.05796,1.30115,0.00301,1,1,0.04925,0.00852,0.63102,0.7015,0.44414,18.96816,1,0.28486,-0.00584,1.30115,0.00426,1,1,participant_9,question_14,Timer-Correct,True,Other,NOT_RANDOM,0
0.0,0,38,1,0.31824,-0.0319,0,0.78385,0.41296,0.06689,8090,3431.60034,1,0.31959,-0.02743,-0.01418,0.00754,0.62826,0.43904,0.44801,14.60085,1,0.35162,-0.05796,1.30115,0.003,1,1,0.04925,0.00852,0.63102,0.70161,0.44401,18.74413,1,0.28486,-0.00584,1.30115,0.00424,1,1,participant_9,question_14,Timer-Correct,True,Other,NOT_RANDOM,0
0.0,0,38,1,0.31281,-0.01195,0,0.78385,0.41296,0.07324,8090,3431.60034,1,0.31902,-0.02614,-0.01418,0.00754,0.62826,0.43899,0.44801,14.64843,1,0.34805,-0.05014,1.30115,0.00303,1,1,0.04925,0.00852,0.63102,0.7015,0.44382,18.75963,1,0.27756,0.02625,1.30115,0.00441,1,1,participant_9,question_14,Timer-Correct,True,Other,NOT_RANDOM,0
0.0,0,38,1,0.31638,-0.00803,0,0.78385,0.41296,0.08008,8090,3431.60034,1,0.31882,-0.02474,-0.01418,0.00754,0.62826,0.43893,0.44805,14.54956,1,0.34999,-0.04887,1.30115,0.00307,1,1,0.04925,0.00852,0.63102,0.70144,0.44401,18.71521,1,0.28277,0.0328,1.30115,0.00452,1,1,participant_9,question_14,Timer-Correct,True,Other,NOT_RANDOM,0
0.0,0,38,1,0.31587,-0.01253,0,0.78385,0.41296,0.08765,8090,3431.60034,1,0.31861,-0.02387,-0.01486,0.00787,0.65625,0.43891,0.44806,14.57678,1,0.34906,-0.05715,1.31017,0.00306,1,1,0.04697,0.00813,0.60238,0.70145,0.44399,18.72227,1,0.28267,0.0321,1.30202,0.00452,1,1,participant_9,question_14,Timer-Correct,True,Other,NOT_RANDOM,0
0.0,0,38,1,0.31345,-0.0227,0,0.78385,0.41296,0.09375,8090,3431.60034,1,0.31826,-0.02379,-0.01486,0.00787,0.65625,0.4389,0.44804,14.5669,1,0.34904,-0.07981,1.31103,0.00306,1,1,0.04697,0.00813,0.60238,0.70142,0.44433,18.93534,1,0.27787,0.03442,1.30288,0.00435,1,1,participant_9,question_14,Timer-Correct,True,Other,NOT_RANDOM,0
0.0,0,38,1,0.31583,-0.0271,0,0.78385,0.41296,0.10083,8090,3431.60034,1,0.31811,-0.024,-0.01486,0.00787,0.65625,0.43888,0.44805,14.5887,1,0.35021,-0.07581,1.3119,0.00304,1,1,0.04697,0.00813,0.60238,0.70142,0.44433,18.94658,1,0.28146,0.02161,1.30375,0.00434,1,1,participant_9,question_14,Timer-Correct,True,Other,NOT_RANDOM,0
0.0,0,38,1,0.31673,-0.01997,0,0.78385,0.41296,0.10718,8090,3431.60034,1,0.31803,-0.02376,-0.01429,0.00755,0.62892,0.4388,0.44799,14.87555,1,0.35104,-0.06821,1.30375,0.00311,1,1,0.04697,0.00813,0.60238,0.70142,0.44429,18.12631,1,0.28242,0.02828,1.2956,0.00436,1,1,participant_9,question_14,Timer-Correct,True,Other,NOT_RANDOM,0
0.0,0,38,1,0.28729,0.00379,0,0.78385,0.41296,0.1145,8090,3431.60034,1,0.31632,-0.02223,-0.01429,0.00755,0.62892,0.43819,0.44806,14.75341,1,0.32373,-0.01075,1.28658,0.00304,1,1,0.04697,0.00813,0.60238,0.70079,0.44382,18.52337,1,0.25085,0.01833,1.28658,0.00451,1,1,participant_9,question_14,Timer-Correct,True,Other,NOT_RANDOM,0
0.0,0,38,1,0.23633,0.0273,0,0.78385,0.41296,0.12085,8090,3431.60034,1,0.31211,-0.01963,-0.01429,0.00755,0.62892,0.43771,0.44821,14.1404,1,0.25451,0.03851,1.27757,0.00305,1,1,0.04697,0.00813,0.60238,0.6999,0.44429,19.19814,1,0.21815,0.0161,1.27757,0.00423,1,1,participant_9,question_14,Timer-Correct,True,Question,NOT_RANDOM,0
0.0,0,38,1,0.23921,0.04178,0,0.78385,0.41296,0.1272,8090,3431.60034,1,0.30847,-0.01655,-0.01413,0.00707,0.60385,0.43567,0.44876,14.40528,1,0.2575,0.05322,1.26044,0.00304,1,1,0.04832,0.00846,0.62687,0.6986,0.44489,18.46168,1,0.22092,0.03034,1.26044,0.00439,1,1,participant_9,question_14,Timer-Correct,True,Question,NOT_RANDOM,0
0.0,0,38,1,0.16815,0.09338,0,0.78385,0.41296,0.13379,8090,3431.60034,1,0.30179,-0.01132,-0.01413,0.00707,0.60385,0.43444,0.44908,14.1679,1,0.1892,0.09818,1.25232,0.00304,1,1,0.04832,0.00846,0.62687,0.69638,0.44405,18.51254,1,0.1471,0.08858,1.25232,0.00364,1,1,participant_9,question_14,Timer-Correct,True,Question,NOT_RANDOM,0
0.0,0,38,1,0.16006,0.09394,0,0.78385,0.41296,0.13379,8090,3431.60034,0,0.27503,0.0105,-0.01413,0.00707,0.60385,0.43409,0.44915,13.92483,1,0.18835,0.08293,1.24421,0.00306,1,1,0.04832,0.00846,0.62687,0.6957,0.44389,17.87445,1,0.13177,0.10494,1.24421,0.00374,1,1,participant_9,question_14,Timer-Correct,True,Question,NOT_RANDOM,0
0.0,0,38,1,0.16191,0.10048,0,0.78385,0.41296,0.13379,8090,3431.60034,0,0.21847,0.05549,-0.01413,0.00707,0.60385,0.43285,0.44924,14.0639,1,0.19022,0.08975,1.23609,0.00306,1,1,0.04656,0.00822,0.60888,0.69453,0.44409,18.18326,1,0.1336,0.11122,1.23609,0.00372,1,1,participant_9,question_14,Timer-Correct,True,Question,NOT_RANDOM,0
0.0,0,38,1,0.17426,0.09829,0,0.78385,0.41296,0.13379,8090,3431.60034,0,0.20373,0.06976,-0.01413,0.00707,0.60385,0.43272,0.44932,14.20533,1,0.19916,0.10152,1.23609,0.00316,1,1,0.04656,0.00822,0.60888,0.69453,0.44407,18.28074,1,0.14936,0.09507,1.23609,0.00372,1,1,participant_9,question_14,Timer-Correct,True,Question,NOT_RANDOM,0
0.0,0,38,1,0.16756,0.09522,0,0.78385,0.41296,0.13379,8090,3431.60034,0,0.16791,0.098,-0.01413,0.00707,0.60385,0.43272,0.44932,14.20533,1,0.18901,0.09481,1.23609,0.00316,1,1,0.04656,0.00822,0.60888,0.69449,0.44404,18.246,1,0.14611,0.09563,1.23609,0.00373,1,1,participant_9,question_14,Timer-Correct,True,Question,NOT_RANDOM,0
0.0,0,38,1,0.16575,0.08864,0,0.78385,0.41296,0.13379,8090,3431.60034,0,0.16683,0.09332,-0.01495,0.00727,0.62123,0.43234,0.44939,14.34349,1,0.18714,0.08803,1.24421,0.0031,1,1,0.04656,0.00822,0.60888,0.69445,0.44402,18.4963,1,0.14436,0.08924,1.24421,0.00372,1,1,participant_9,question_14,Timer-Correct,True,Question,NOT_RANDOM,0
0.0,0,38,1,0.16564,0.08152,0,0.78385,0.41296,0.13379,8090,3431.60034,0,0.16643,0.08939,-0.01495,0.00727,0.62123,0.43231,0.44929,14.46482,1,0.17323,0.07845,1.25232,0.00308,1,1,0.04656,0.00822,0.60888,0.69474,0.44556,19.22661,1,0.15805,0.0846,1.25232,0.00439,1,1,participant_9,question_14,Timer-Correct,True,Question,NOT_RANDOM,0
0.0,0,38,1,0.16877,0.09405,0,0.78385,0.41296,0.02026,8091,3431.76099,1,0.16702,0.09055,-0.01495,0.00727,0.62123,0.43222,0.44929,14.36551,1,0.18476,0.11038,1.26044,0.00308,1,1,0.04656,0.00822,0.60888,0.69482,0.44545,19.40496,1,0.15277,0.07772,1.26044,0.00434,1,1,participant_9,question_14,Timer-Correct,True,Question,NOT_RANDOM,0
0.0,0,38,1,0.16615,0.08438,0,0.78385,0.41296,0.02686,8091,3431.76099,1,0.16684,0.08932,-0.01495,0.00727,0.62123,0.43217,0.44933,14.35478,1,0.1829,0.10382,1.26855,0.00307,1,1,0.04739,0.00837,0.62029,0.69457,0.44543,19.04212,1,0.14941,0.06494,1.2767,0.00441,1,1,participant_9,question_14,Timer-Correct,True,Question,NOT_RANDOM,0
0.0,0,38,1,0.15824,0.0778,0,0.78385,0.41296,0.0332,8091,3431.76099,1,0.16541,0.0874,-0.01495,0.00727,0.62123,0.43203,0.44922,14.20579,1,0.17504,0.10233,1.2767,0.00304,1,1,0.04739,0.00837,0.62029,0.69457,0.44543,19.04212,1,0.14144,0.05327,1.28485,0.0044,1,1,participant_9,question_14,Timer-Correct,True,Question,NOT_RANDOM,0
0.0,0,38,1,0.1534,0.07043,0,0.78385,0.41296,0.04004,8091,3431.76099,1,0.16369,0.08497,-0.01495,0.00727,0.62123,0.43197,0.44924,14.20943,1,0.17245,0.0847,1.28485,0.00302,1,1,0.04739,0.00837,0.62029,0.69457,0.44546,19.02964,1,0.13435,0.05615,1.293,0.00443,1,1,participant_9,question_14,Timer-Correct,True,Question,NOT_RANDOM,0
0.0,0,38,1,0.15062,0.06042,0,0.78385,0.41296,0.04663,8091,3431.76099,1,0.16206,0.0819,-0.01516,0.00732,0.62602,0.43186,0.44912,14.35471,1,0.17054,0.0781,1.293,0.00309,1,1,0.04893,0.00865,0.64102,0.69451,0.44514,18.71032,1,0.1307,0.04274,1.31021,0.00436,1,1,participant_9,question_14,Timer-Correct,True,Question,NOT_RANDOM,0
0.0,0,38,1,0.1503,0.03848,0,0.78385,0.41296,0.05322,8091,3431.76099,1,0.16075,0.07708,-0.01516,0.00732,0.62602,0.43187,0.44922,14.14458,1,0.17667,0.0607,1.31021,0.00309,1,1,0.04893,0.00865,0.64102,0.69434,0.44499,18.22441,1,0.12392,0.01626,1.31926,0.00445,1,1,participant_9,question_14,Timer-Correct,True,Question,NOT_RANDOM,0
0.0,0,38,1,0.14645,0.05615,0,0.78385,0.41296,0.05957,8091,3431.76099,1,0.15932,0.07499,-0.01516,0.00732,0.62602,0.43185,0.44909,14.2852,1,0.1719,0.06177,1.31926,0.0031,1,1,0.04893,0.00865,0.64102,0.69437,0.445,18.1527,1,0.12099,0.05053,1.32832,0.00443,1,1,participant_9,question_14,Timer-Correct,True,Question,NOT_RANDOM,0
0.0,0,38,1,0.14444,0.04905,0,0.78385,0.41296,0.06714,8091,3431.76099,1,0.15797,0.07263,-0.01465,0.00703,0.60126,0.43158,0.44907,14.38327,1,0.16984,0.05447,1.32832,0.00302,1,1,0.04893,0.00865,0.64102,0.69434,0.44492,18.37959,1,0.11905,0.04364,1.33738,0.00441,1,1,participant_9,question_14,Timer-Correct,True,Question,NOT_RANDOM,0
0.0,0,38,1,0.14148,0.05644,0,0.78385,0.41296,0.07373,8091,3431.76099,1,0.15659,0.07128,-0.01465,0.00703,0.60126,0.43155,0.44899,14.14768,1,0.17411,0.03914,1.33738,0.00303,1,1,0.04893,0.00865,0.64102,0.69432,0.44512,19.10099,1,0.10884,0.07373,1.33738,0.00439,1,1,participant_9,question_14,Timer-Correct,True,Question,NOT_RANDOM,0
0.0,0,38,1,0.13632,0.04678,0,0.78385,0.41296,0.08008,8091,3431.76099,1,0.15504,0.06939,-0.01465,0.00703,0.60126,0.4315,0.44903,14.09077,1,0.17252,0.02001,1.33738,0.00307,1,1,0.04893,0.00865,0.64102,0.69431,0.44525,18.90385,1,0.10012,0.07356,1.33738,0.00443,1,1,participant_9,question_14,Timer-Correct,True,Question,NOT_RANDOM,0
0.0,0,38,1,0.13828,0.05313,0,0.78385,0.41296,0.08716,8091,3431.76099,1,0.15384,0.06823,-0.01465,0.00703,0.60126,0.43132,0.44908,14.1679,1,0.17252,0.02001,1.33738,0.00304,1,1,0.04608,0.00817,0.60492,0.69378,0.44357,18.2775,1,0.10404,0.08625,1.32017,0.00368,1,1,participant_9,question_14,Timer-Correct,True,Question,NOT_RANDOM,0
0.0,0,38,1,0.14087,0.07004,0,0.78385,0.41296,0.09375,8091,3431.76099,1,0.15297,0.06835,-0.01465,0.00703,0.60126,0.43126,0.44912,14.22013,1,0.17338,0.0512,1.32017,0.00297,1,1,0.04608,0.00817,0.60492,0.69402,0.4447,19.04958,1,0.10835,0.08888,1.30296,0.00418,1,1,participant_9,question_14,Timer-Correct,True,Question,NOT_RANDOM,0
0.0,0,38,1,0.15046,0.06713,0,0.78385,0.41296,0.09985,8091,3431.76099,1,0.15282,0.06828,-0.01465,0.00703,0.60126,0.43116,0.44894,14.15949,1,0.17067,0.04604,1.30296,0.00301,1,1,0.04608,0.00817,0.60492,0.69392,0.44464,18.78265,1,0.13024,0.08823,1.28576,0.00414,1,1,participant_9,question_14,Timer-Correct,True,Question,NOT_RANDOM,0
0.0,0,38,1,0.1523,0.07364,0,0.78385,0.41296,0.10669,8091,3431.76099,1,0.15279,0.06859,-0.01577,0.00765,0.64532,0.4311,0.44892,14.25995,1,0.17257,0.05282,1.29477,0.00302,1,1,0.04637,0.00826,0.60869,0.6937,0.44455,18.5685,1,0.13203,0.09445,1.27757,0.00423,1,1,participant_9,question_14,Timer-Correct,True,Question,NOT_RANDOM,0
0.0,0,38,1,0.15473,0.07444,0,0.78385,0.41296,0.11401,8091,3431.76099,1,0.15289,0.06892,-0.01577,0.00765,0.64532,0.43099,0.44903,14.05921,1,0.16715,0.05846,1.28658,0.00309,1,1,0.04637,0.00826,0.60869,0.69378,0.44453,18.75075,1,0.1423,0.09041,1.28658,0.00425,1,1,participant_9,question_14,Timer-Correct,True,Question,NOT_RANDOM,0
0.0,0,38,1,0.15787,0.0693,0,0.78385,0.41296,0.12061,8091,3431.76099,1,0.15316,0.06894,-0.01577,0.00765,0.64532,0.43112,0.44892,14.15262,1,0.17859,0.05501,1.2956,0.003,1,1,0.04637,0.00826,0.60869,0.69337,0.44338,18.23984,1,0.13714,0.0836,1.2956,0.00366,1,1,participant_9,question_14,Timer-Correct,True,Question,NOT_RANDOM,0
0.0,0,38,1,0.15783,0.06921,0,0.78385,0.41296,0.12744,8091,3431.76099,1,0.15339,0.06895,-0.01509,0.00732,0.61361,0.43082,0.44891,14.13403,1,0.18043,0.06172,1.28748,0.00299,1,1,0.04976,0.00889,0.65454,0.69335,0.44326,17.92965,1,0.13522,0.0767,1.30469,0.00367,1,1,participant_9,question_14,Timer-Correct,True,Question,NOT_RANDOM,0
0.0,0,38,1,0.15204,0.06853,0,0.78385,0.41296,0.13379,8091,3431.76099,1,0.15332,0.06893,-0.01509,0.00732,0.61361,0.4308,0.44886,14.32529,1,0.17413,0.06429,1.28756,0.00297,1,1,0.04976,0.00889,0.65454,0.6933,0.44322,17.94301,1,0.12995,0.07277,1.30477,0.00369,1,1,participant_9,question_14,Timer-Correct,True,Question,NOT_RANDOM,0
0.0,0,38,1,0.16172,0.05963,0,0.78385,0.41296,0.14038,8091,3431.76099,1,0.15371,0.06851,-0.01509,0.00732,0.61361,0.43078,0.44882,14.1964,1,0.19447,0.04875,1.28764,0.00298,1,1,0.04976,0.00889,0.65454,0.69326,0.4432,17.93121,1,0.12897,0.07051,1.30484,0.00367,1,1,participant_9,question_14,Timer-Correct,True,Question,NOT_RANDOM,0
0.0,0,38,1,0.16093,0.05653,0,0.78385,0.41296,0.14722,8091,3431.76099,1,0.15402,0.06799,-0.01529,0.00744,0.61978,0.4307,0.44879,13.99055,1,0.1927,0.04189,1.29583,0.00301,1,1,0.04754,0.00854,0.62594,0.69306,0.44336,18.04372,1,0.12916,0.07117,1.30398,0.00373,1,1,participant_9,question_14,Timer-Correct,True,Question,NOT_RANDOM,0
0.0,0,38,1,0.14346,0.05697,0,0.78385,0.41296,0.15405,8091,3431.76099,1,0.15358,0.06753,-0.01529,0.00744,0.61978,0.43065,0.44885,13.96111,1,0.17474,0.0386,1.31209,0.00302,1,1,0.04754,0.00854,0.62594,0.69305,0.44318,17.69933,1,0.11219,0.07535,1.30304,0.00369,1,1,participant_9,question_14,Timer-Correct,True,Question,NOT_RANDOM,0
0.0,0,38,1,0.14798,0.06144,0,0.78385,0.41296,0.16089,8091,3431.76099,1,0.15336,0.06728,-0.01529,0.00744,0.61978,0.43047,0.44883,14.0588,1,0.16662,0.03631,1.31115,0.0031,1,1,0.04754,0.00854,0.62594,0.69295,0.44311,18.18009,1,0.12934,0.08657,1.30209,0.00366,1,1,participant_9,question_14,Timer-Correct,True,Question,NOT_RANDOM,0
0.0,0,38,1,0.14819,0.06218,0,0.78385,0.41296,0.16797,8091,3431.76099,1,0.15316,0.06709,-0.01543,0.00737,0.62192,0.43019,0.44884,14.1063,1,0.16684,0.03709,1.31021,0.00304,1,1,0.04744,0.0085,0.62581,0.69259,0.44329,18.03295,1,0.12954,0.08728,1.30115,0.00366,1,1,participant_9,question_14,Timer-Correct,True,Question,NOT_RANDOM,0
0.0,0,38,1,0.12898,0.07487,0,0.78385,0.41296,0.17407,8091,3431.76099,1,0.15226,0.06738,-0.01543,0.00737,0.62192,0.42983,0.44902,14.28789,1,0.15238,0.05575,1.30115,0.00301,1,1,0.04744,0.0085,0.62581,0.69226,0.44334,17.97115,1,0.10558,0.09399,1.30115,0.00367,1,1,participant_9,question_14,Timer-Correct,True,Question,NOT_RANDOM,0
0.0,0,38,1,0.13195,0.07452,0,0.78385,0.41296,0.18091,8091,3431.76099,1,0.15154,0.06763,-0.01543,0.00737,0.62192,0.42969,0.44909,14.0761,1,0.17114,0.06277,1.30115,0.00301,1,1,0.04744,0.0085,0.62581,0.69264,0.44449,18.80705,1,0.09275,0.08628,1.30115,0.00423,1,1,participant_9,question_14,Timer-Correct,True,Question,NOT_RANDOM,0
0.0,0,38,1,0.12983,0.06747,0,0.78385,0.41296,0.1875,8091,3431.76099,1,0.15079,0.06763,-0.01592,0.00744,0.63557,0.42958,0.44903,14.34655,1,0.16905,0.05541,1.31017,0.00305,1,1,0.04891,0.00878,0.64644,0.69224,0.44465,18.73552,1,0.0906,0.07954,1.31017,0.00433,1,1,participant_9,question_14,Timer-Correct,True,Question,NOT_RANDOM,0
0.0,0,38,1,0.12953,0.07469,0,0.78385,0.41296,0.19409,8091,3431.76099,1,0.15008,0.06786,-0.01592,0.00744,0.63557,0.42936,0.4492,14.04928,1,0.14752,0.06798,1.31918,0.00301,1,1,0.04891,0.00878,0.64644,0.69182,0.44342,18.1009,1,0.11154,0.08141,1.31918,0.00367,1,1,participant_9,question_14,Timer-Correct,True,Question,NOT_RANDOM,0
0.0,0,38,1,0.11905,0.0734,0,0.78385,0.41296,0.20068,8091,3431.76099,1,0.14908,0.06804,-0.01592,0.00744,0.63557,0.42933,0.44925,13.85778,1,0.13609,0.0705,1.3282,0.003,1,1,0.04891,0.00878,0.64644,0.69183,0.44345,18.19995,1,0.10201,0.0763,1.3282,0.00366,1,1,participant_9,question_14,Timer-Correct,True,Question,NOT_RANDOM,0
0.0,0,38,1,0.11689,0.0665,0,0.78385,0.41296,0.20752,8091,3431.76099,1,0.14807,0.06799,-0.01592,0.00744,0.63557,0.42905,0.4492,14.07084,1,0.13382,0.06337,1.33721,0.0031,1,1,0.04727,0.0085,0.62608,0.69158,0.44344,18.05943,1,0.09996,0.06963,1.33721,0.00374,1,1,participant_9,question_14,Timer-Correct,True,Question,NOT_RANDOM,0
0.0,0,38,1,0.11467,0.05943,0,0.78385,0.41296,0.21436,8091,3431.76099,1,0.14706,0.06773,-0.01592,0.00744,0.63557,0.42904,0.44924,14.04262,1,0.12368,0.05985,1.33721,0.00308,1,1,0.04727,0.0085,0.62608,0.69154,0.44353,18.20861,1,0.10565,0.059,1.33721,0.00371,1,1,participant_9,question_14,Timer-Correct,True,Question,NOT_RANDOM,0
0.0,0,38,1,0.12027,0.05629,0,0.78385,0.41296,0.22095,8091,3431.76099,1,0.14627,0.0674,-0.01592,0.00744,0.63557,0.42899,0.44926,14.13639,1,0.13944,0.04752,1.33721,0.00304,1,1,0.04727,0.0085,0.62608,0.69149,0.44353,18.23998,1,0.10111,0.06507,1.33721,0.00368,1,1,participant_9,question_14,Timer-Correct,True,Question,NOT_RANDOM,0
0.0,0,38,1,0.12331,0.06617,0,0.78385,0.41296,0.22778,8091,3431.76099,1,0.14562,0.06736,-0.01526,0.00709,0.60582,0.42884,0.44924,14.23424,1,0.14368,0.06128,1.32009,0.00305,1,1,0.0489,0.0088,0.64836,0.69137,0.44349,18.01934,1,0.10294,0.07107,1.32914,0.00368,1,1,participant_9,question_14,Timer-Correct,True,Question,NOT_RANDOM,0
0.0,0,38,1,0.11828,0.07273,0,0.78385,0.41296,0.23413,8091,3431.76099,1,0.14486,0.06751,-0.01526,0.00709,0.60582,0.42885,0.4492,14.07846,1,0.13433,0.06875,1.31201,0.00305,1,1,0.0489,0.0088,0.64836,0.69126,0.44349,18.01328,1,0.10224,0.07671,1.32107,0.00373,1,1,participant_9,question_14,Timer-Correct,True,Question,NOT_RANDOM,0
0.0,0,38,1,0.13183,0.07596,0,0.78385,0.41296,0.24097,8091,3431.76099,1,0.1445,0.06774,-0.01526,0.00709,0.60582,0.42885,0.44919,14.08657,1,0.16274,0.0703,1.30394,0.00304,1,1,0.0489,0.0088,0.64836,0.69124,0.44343,18.2087,1,0.10093,0.08161,1.31299,0.00372,1,1,participant_9,question_14,Timer-Correct,True,Question,NOT_RANDOM,0
0.0,0,38,1,0.1317,0.07533,0,0.78385,0.41296,0.24805,8091,3431.76099,1,0.14417,0.06794,-0.01628,0.00756,0.64227,0.42873,0.44901,14.07282,1,0.16059,0.06298,1.31299,0.00312,1,1,0.04598,0.00834,0.61083,0.69118,0.4433,18.07953,1,0.10282,0.08769,1.30484,0.00374,1,1,participant_9,question_14,Timer-Correct,True,Question,NOT_RANDOM,0
0.0,0,38,1,0.12078,0.06205,0,0.78385,0.41296,0.25464,8091,3431.76099,1,0.14357,0.06779,-0.01628,0.00756,0.64227,0.4287,0.44899,13.98407,1,0.1542,0.03582,1.32197,0.00312,1,1,0.04598,0.00834,0.61083,0.69108,0.44324,17.90689,1,0.08736,0.08828,1.30477,0.00371,1,1,participant_9,question_14,Timer-Correct,True,Question,NOT_RANDOM,0
0.0,0,38,1,0.12866,0.0588,0,0.78385,0.41296,0.26099,8091,3431.76099,1,0.1432,0.06756,-0.01628,0.00756,0.64227,0.42862,0.44896,14.18233,1,0.14734,0.03747,1.3219,0.00312,1,1,0.04598,0.00834,0.61083,0.69095,0.44324,18.05447,1,0.10999,0.08013,1.30469,0.00369,1,1,participant_9,question_14,Timer-Correct,True,Question,NOT_RANDOM,0
0.0,0,38,1,0.12868,0.05886,0,0.78385,0.41296,0.26831,8091,3431.76099,1,0.14284,0.06735,-0.01628,0.00766,0.64227,0.42843,0.44899,14.14768,1,0.14736,0.03753,1.32182,0.00303,1,1,0.04598,0.00843,0.61083,0.69093,0.44321,17.96149,1,0.11,0.08019,1.30461,0.0037,1,1,participant_9,question_14,Timer-Correct,True,Question,NOT_RANDOM,0
0.0,0,38,1,0.13586,0.05144,0,0.78385,0.41296,0.2749,8091,3431.76099,1,0.14268,0.06697,-0.01628,0.00766,0.64227,0.42842,0.449,14.13467,1,0.14878,0.03603,1.30461,0.00303,1,1,0.04598,0.00843,0.61083,0.69087,0.44307,18.18834,1,0.12295,0.06685,1.30461,0.00367,1,1,participant_9,question_14,Timer-Correct,True,Question,NOT_RANDOM,0
0.0,0,38,1,0.13031,0.0447,0,0.78385,0.41296,0.28125,8091,3431.76099,1,0.14239,0.06645,-0.01628,0.00766,0.64227,0.4284,0.44896,14.2979,1,0.14089,0.0415,1.30461,0.00302,1,1,0.04598,0.00843,0.61083,0.69085,0.44296,18.0652,1,0.11973,0.04789,1.30461,0.00367,1,1,participant_9,question_14,Timer-Correct,True,Question,NOT_RANDOM,0
0.0,0,38,1,0.12842,0.03802,0,0.78385,0.41296,0.28784,8091,3431.76099,1,0.14207,0.06581,-0.01622,0.00768,0.64008,0.4284,0.44894,14.3286,1,0.14089,0.0415,1.30461,0.00302,1,1,0.04836,0.00888,0.64364,0.69074,0.44311,18.08646,1,0.11595,0.03453,1.32182,0.00376,1,1,participant_9,question_14,Timer-Correct,True,Question,NOT_RANDOM,0
0.0,0,38,1,0.1175,0.02913,0,0.78385,0.41296,0.29492,8091,3431.76099,1,0.14152,0.06499,-0.01622,0.00768,0.64008,0.42829,0.44883,13.94199,1,0.12857,0.0288,1.32182,0.00307,1,1,0.04836,0.00888,0.64364,0.69106,0.44455,18.61749,1,0.10644,0.02947,1.33903,0.00435,1,1,participant_9,question_14,Timer-Correct,True,Question,NOT_RANDOM,0
0.0,0,38,1,0.11245,0.00156,0,0.78385,0.41296,0.30151,8091,3431.76099,1,0.14089,0.06361,-0.01622,0.00768,0.64008,0.4283,0.44893,14.114,1,0.12324,0.01037,1.33903,0.00306,1,1,0.04836,0.00888,0.64364,0.6908,0.44467,19.07325,1,0.10167,-0.00725,1.35623,0.00442,1,1,participant_9,question_14,Timer-Correct,True,Other,NOT_RANDOM,0
0.0,0,38,1,0.1105,-0.00504,0,0.78385,0.41296,0.30835,8091,3431.76099,1,0.14025,0.06215,-0.01594,0.00752,0.62697,0.42809,0.44883,14.10594,1,0.12113,0.0036,1.34722,0.00306,1,1,0.04836,0.00888,0.64364,0.69098,0.44446,19.20937,1,0.09986,-0.01367,1.36442,0.00448,1,1,participant_9,question_14,Timer-Correct,True,Other,NOT_RANDOM,0
0.0,0,38,1,0.12067,0.03028,0,0.78385,0.41296,0.31567,8091,3431.76099,1,0.13984,0.06149,-0.01594,0.00752,0.62697,0.42805,0.44873,14.16146,1,0.14201,-0.00983,1.35541,0.00306,1,1,0.04836,0.00888,0.64364,0.69101,0.44426,18.78699,1,0.09932,0.0704,1.35541,0.00432,1,1,participant_9,question_14,Timer-Correct,True,Question,NOT_RANDOM,0
0.0,0,38,1,0.11613,0.03557,0,0.78385,0.41296,0.31567,8091,3431.76099,0,0.12347,0.04006,-0.01594,0.00752,0.62697,0.42817,0.4487,14.22425,1,0.13721,-0.00154,1.34639,0.00305,1,1,0.04836,0.00888,0.64364,0.69084,0.44432,19.16124,1,0.09505,0.07269,1.34639,0.0043,1,1,participant_9,question_14,Timer-Correct,True,Question,NOT_RANDOM,0
0.0,0,38,1,0.12219,0.05529,0,0.78385,0.41296,0.31567,8091,3431.76099,0,0.12283,0.04767,-0.01548,0.00729,0.60727,0.42803,0.44857,13.92915,1,0.14144,0.01272,1.32926,0.0031,1,1,0.04567,0.00841,0.60909,0.69033,0.44275,18.30631,1,0.10295,0.09786,1.31206,0.0037,1,1,participant_9,question_14,Timer-Correct,True,Question,NOT_RANDOM,0
0.0,0,38,1,0.11819,0.06982,0,0.78385,0.41296,0.31567,8091,3431.76099,0,0.12128,0.05506,-0.01548,0.00729,0.60727,0.42775,0.44855,14.11293,1,0.13799,0.02869,1.30394,0.00308,1,1,0.04567,0.00841,0.60909,0.69051,0.44377,18.92117,1,0.09838,0.11095,1.28674,0.00427,1,1,participant_9,question_14,Timer-Correct,True,Question,NOT_RANDOM,0
0.0,0,38,1,0.13263,0.0886,0,0.78385,0.41296,0.02026,8092,3432.08252,1,0.12412,0.06344,-0.01548,0.00729,0.60727,0.42771,0.44868,13.98579,1,0.1444,0.05245,1.27862,0.00306,1,1,0.04567,0.00841,0.60909,0.69054,0.44384,18.85394,1,0.12086,0.12475,1.26142,0.00424,1,1,participant_9,question_14,Timer-Correct,True,Question,NOT_RANDOM,0
0.0,0,38,1,0.13368,0.09204,0,0.78385,0.41296,0.02686,8092,3432.08252,1,0.12603,0.06916,-0.01635,0.00765,0.63777,0.42746,0.44863,14.22853,1,0.14649,0.0593,1.27043,0.00301,1,1,0.04709,0.00872,0.62864,0.68986,0.44255,18.14411,1,0.12086,0.12478,1.26137,0.00369,1,1,participant_9,question_14,Timer-Correct,True,Question,NOT_RANDOM,0
0.0,0,38,1,0.12489,0.07421,0,0.78385,0.41296,0.03345,8092,3432.08252,1,0.12584,0.07,-0.01635,0.00765,0.63777,0.42744,0.44862,14.1028,1,0.1384,0.0391,1.2785,0.00301,1,1,0.04709,0.00872,0.62864,0.68977,0.44253,17.95835,1,0.11138,0.10932,1.28665,0.00372,1,1,participant_9,question_14,Timer-Correct,True,Question,NOT_RANDOM,0
0.0,0,38,1,0.11724,0.06717,0,0.78385,0.41296,0.04028,8092,3432.08252,1,0.12461,0.0696,-0.01635,0.00765,0.63777,0.42746,0.4486,14.09584,1,0.13014,0.05083,1.30378,0.00302,1,1,0.04709,0.00872,0.62864,0.68978,0.44258,18.11749,1,0.10433,0.0835,1.31194,0.00371,1,1,participant_9,question_14,Timer-Correct,True,Question,NOT_RANDOM,0
0.0,0,38,1,0.11106,0.04741,0,0.78385,0.41296,0.04688,8092,3432.08252,1,0.12292,0.06683,-0.01635,0.00765,0.63777,0.4274,0.44856,14.13543,1,0.12357,0.03012,1.32906,0.00299,1,1,0.04709,0.00872,0.62864,0.68972,0.44246,18.17861,1,0.09855,0.0647,1.33722,0.00372,1,1,participant_9,question_14,Timer-Correct,True,Question,NOT_RANDOM,0
0.0,0,38,1,0.10422,0.06683,0,0.78385,0.41296,0.05371,8092,3432.08252,1,0.12084,0.06683,-0.01635,0.00765,0.63777,0.42734,0.44846,14.06133,1,0.11497,0.07475,1.33722,0.00301,1,1,0.04709,0.00872,0.62864,0.68965,0.44244,18.16156,1,0.09346,0.05891,1.33722,0.00372,1,1,participant_9,question_14,Timer-Correct,True,Question,NOT_RANDOM,0
0.0,0,38,1,0.10615,0.06454,0,0.78385,0.41296,0.0603,8092,3432.08252,1,0.11937,0.0666,-0.01635,0.00765,0.63777,0.42742,0.4485,14.09322,1,0.11999,0.06901,1.33722,0.00302,1,1,0.04709,0.00872,0.62864,0.68966,0.44241,18.30873,1,0.09231,0.06007,1.33722,0.00369,1,1,participant_9,question_14,Timer-Correct,True,Question,NOT_RANDOM,0
0.0,0,38,1,0.1051,0.06117,0,0.78385,0.41296,0.06665,8092,3432.08252,1,0.11807,0.0661,-0.01635,0.00765,0.63777,0.42744,0.44832,13.95893,1,0.11999,0.06901,1.33722,0.00308,1,1,0.04791,0.00898,0.64029,0.68957,0.44228,18.05303,1,0.09022,0.05332,1.34627,0.00368,1,1,participant_9,question_14,Timer-Correct,True,Question,NOT_RANDOM,0
0.0,0,38,1,0.10244,0.04737,0,0.78385,0.41296,0.07373,8092,3432.08252,1,0.11677,0.06454,-0.01635,0.00765,0.63777,0.42744,0.44825,14.0965,1,0.11246,0.05567,1.34627,0.00307,1,1,0.04791,0.00898,0.64029,0.68968,0.44223,17.93806,1,0.09243,0.03907,1.35533,0.00373,1,1,participant_9,question_14,Timer-Correct,True,Question,NOT_RANDOM,0
0.0,0,38,1,0.09703,0.03447,0,0.78385,0.41296,0.08057,8092,3432.08252,1,0.11525,0.06223,-0.01635,0.00765,0.63777,0.42744,0.44825,14.0965,1,0.11137,0.04691,1.35533,0.00307,1,1,0.04791,0.00898,0.64029,0.68958,0.4422,17.92376,1,0.08268,0.02204,1.36438,0.00367,1,1,participant_9,question_14,Timer-Correct,True,Question,NOT_RANDOM,0
0.0,0,38,1,0.09479,0.02748,0,0.78385,0.41296,0.08716,8092,3432.08252,1,0.11379,0.05975,-0.01635,0.00765,0.63777,0.42744,0.44825,14.0965,1,0.10899,0.03976,1.36438,0.00307,1,1,0.04854,0.00915,0.64868,0.68961,0.44208,17.92138,1,0.08058,0.01519,1.37344,0.00366,1,1,participant_9,question_14,Timer-Correct,True,Question,NOT_RANDOM,0
0.0,0,38,1,0.09552,0.02162,0,0.78385,0.41296,0.09473,8092,3432.08252,1,0.11257,0.05721,-0.01635,0.00765,0.63777,0.42739,0.44827,14.08162,1,0.11062,0.02927,1.37344,0.00305,1,1,0.04854,0.00915,0.64868,0.68964,0.44205,17.90996,1,0.08043,0.01396,1.37344,0.00368,1,1,participant_9,question_14,Timer-Correct,True,Other,NOT_RANDOM,0
0.0,0,38,1,0.09526,0.00912,0,0.78385,0.41296,0.10083,8092,3432.08252,1,0.11149,0.0542,-0.01635,0.00765,0.63777,0.42732,0.44826,13.92388,1,0.11097,0.00401,1.37344,0.00305,1,1,0.04854,0.00915,0.64868,0.68964,0.44211,18.07294,1,0.07955,0.01424,1.37344,0.00367,1,1,participant_9,question_14,Timer-Correct,True,Other,NOT_RANDOM,0
0.0,0,38,1,0.09526,0.00912,0,0.78385,0.41296,0.10718,8092,3432.08252,1,0.11054,0.05155,-0.01635,0.00775,0.63777,0.4274,0.44808,13.83161,1,0.11097,0.00401,1.37344,0.00299,1,1,0.04854,0.00915,0.64868,0.68964,0.44211,18.07294,1,0.07955,0.01424,1.37344,0.00367,1,1,participant_9,question_14,Timer-Correct,True,Other,NOT_RANDOM,0
0.0,0,38,1,0.10419,-0.00333,0,0.78385,0.41296,0.11401,8092,3432.08252,1,0.11018,0.0485,-0.01635,0.00775,0.63777,0.42746,0.44809,13.93956,1,0.118,-0.00021,1.37344,0.00302,1,1,0.04854,0.00915,0.64868,0.68965,0.44211,18.07668,1,0.09038,-0.00645,1.37344,0.00369,1,1,participant_9,question_14,Timer-Correct,True,Other,NOT_RANDOM,0
0.0,0,38,1,0.10619,0.00032,0,0.78385,0.41296,0.12061,8092,3432.08252,1,0.10997,0.04596,-0.01635,0.00775,0.63777,0.42739,0.44806,13.70619,1,0.11752,3e-05,1.37344,0.003,1,1,0.04854,0.00915,0.64868,0.69,0.44377,19.0825,1,0.09486,0.00061,1.37344,0.00442,1,1,participant_9,question_14,Timer-Correct,True,Other,NOT_RANDOM,0
0.0,0,38,1,0.10719,0.0038,0,0.78385,0.41296,0.12695,8092,3432.08252,1,0.10983,0.04386,-0.01635,0.0078,0.63777,0.42747,0.44794,13.69861,1,0.11752,3e-05,1.37344,0.00307,1,1,0.04629,0.00871,0.61797,0.68969,0.44211,18.13086,1,0.09687,0.00756,1.36438,0.00367,1,1,participant_9,question_14,Timer-Correct,True,Other,NOT_RANDOM,0
0.0,0,38,1,0.10996,0.00365,0,0.78385,0.41296,0.13379,8092,3432.08252,1,0.10984,0.04194,-0.01635,0.0078,0.63777,0.42756,0.44777,14.04121,1,0.12122,0.00482,1.36438,0.00305,1,1,0.04629,0.00871,0.61797,0.68969,0.44211,18.13086,1,0.09869,0.00248,1.35533,0.00367,1,1,participant_9,question_14,Timer-Correct,True,Other,NOT_RANDOM,0
0.0,0,38,1,0.11393,0.01118,0,0.78385,0.41296,0.14038,8092,3432.08252,1,0.11003,0.04054,-0.01635,0.0078,0.63777,0.42757,0.44789,13.7963,1,0.12536,0.00862,1.35533,0.00305,1,1,0.04629,0.00871,0.61797,0.68977,0.44219,18.30324,1,0.1025,0.01374,1.34627,0.00366,1,1,participant_9,question_14,Timer-Correct,True,Other,NOT_RANDOM,0
0.0,0,38,1,0.11699,0.02156,0,0.78385,0.41296,0.14038,8092,3432.08252,0,0.10323,0.01553,-0.01635,0.0078,0.63777,0.42763,0.44788,13.85252,1,0.12765,0.01603,1.34627,0.00303,1,1,0.04567,0.00859,0.60909,0.68989,0.442,18.23448,1,0.10634,0.02708,1.32907,0.00362,1,1,participant_9,question_14,Timer-Correct,True,Other,NOT_RANDOM,0
0.0,0,38,1,0.12491,0.06154,0,0.78385,0.41296,0.14038,8092,3432.08252,0,0.11407,0.03854,-0.01635,0.0078,0.63777,0.4277,0.44801,13.86858,1,0.14024,0.01671,1.32907,0.00306,1,1,0.04567,0.00859,0.60909,0.68999,0.44189,18.17873,1,0.10957,0.10638,1.32092,0.00365,1,1,participant_9,question_14,Timer-Correct,True,Question,NOT_RANDOM,0
0.0,0,38,1,0.11886,0.04937,0,0.78385,0.41296,0.14038,8092,3432.08252,0,0.11566,0.04215,-0.01635,0.0078,0.63777,0.42767,0.44794,13.89277,1,0.14927,0.02865,1.32092,0.003,1,1,0.04567,0.00859,0.60909,0.68994,0.44179,17.81764,1,0.08844,0.07009,1.31276,0.00368,1,1,participant_9,question_14,Timer-Correct,True,Question,NOT_RANDOM,0
0.0,0,38,1,0.12497,0.06935,0,0.78385,0.41296,0.02002,8093,3432.22998,1,0.11799,0.04895,-0.01548,0.00747,0.60727,0.42778,0.44785,13.73351,1,0.15543,0.04958,1.29563,0.00294,1,1,0.04567,0.00859,0.60909,0.68994,0.44177,17.83651,1,0.0945,0.08912,1.28748,0.00368,1,1,participant_9,question_14,Timer-Correct,True,Question,NOT_RANDOM,0
0.0,0,38,1,0.11184,0.10219,0,0.78385,0.41296,0.02661,8093,3432.22998,1,0.11676,0.0596,-0.01548,0.00747,0.60727,0.42776,0.44781,13.85137,1,0.13839,0.06998,1.27035,0.00295,1,1,0.04567,0.00859,0.60909,0.69003,0.44178,17.75025,1,0.08529,0.13441,1.27035,0.00368,1,1,participant_9,question_14,Timer-Correct,True,Question,NOT_RANDOM,0
0.0,0,38,1,0.11844,0.11551,0,0.78385,0.41296,0.0332,8093,3432.22998,1,0.11704,0.06892,-0.01548,0.00747,0.60727,0.42775,0.44785,13.71592,1,0.1447,0.08204,1.25323,0.00299,1,1,0.04567,0.00859,0.60909,0.69003,0.44178,17.75025,1,0.09218,0.14899,1.25323,0.00368,1,1,participant_9,question_14,Timer-Correct,True,Question,NOT_RANDOM,0
0.0,0,38,1,0.12283,0.12887,0,0.78385,0.41296,0.03931,8093,3432.22998,1,0.11787,0.07748,-0.01548,0.00747,0.60727,0.42789,0.44781,13.89296,1,0.14916,0.09627,1.2361,0.003,1,1,0.04567,0.00859,0.60909,0.6901,0.44186,18.11483,1,0.09649,0.16147,1.2361,0.00363,1,1,participant_9,question_14,Timer-Correct,True,Question,NOT_RANDOM,0
0.0,0,38,1,0.12917,0.12807,0,0.78385,0.41296,0.04614,8093,3432.22998,1,0.11928,0.08381,-0.01548,0.00747,0.60727,0.42787,0.44775,13.71649,1,0.15428,0.08978,1.2361,0.00301,1,1,0.04567,0.00859,0.60909,0.69009,0.44175,17.78531,1,0.10406,0.16635,1.2361,0.00367,1,1,participant_9,question_14,Timer-Correct,True,Question,NOT_RANDOM,0
0.0,0,38,1,0.11944,0.13722,0,0.78385,0.41296,0.05298,8093,3432.22998,1,0.1193,0.08974,-0.01548,0.00747,0.60727,0.42789,0.44781,13.89093,1,0.13548,0.10595,1.2361,0.003,1,1,0.04567,0.00859,0.60909,0.69008,0.44177,17.77089,1,0.10339,0.16848,1.2361,0.00366,1,1,participant_9,question_14,Timer-Correct,True,Question,NOT_RANDOM,0
0.0,0,38,1,0.11521,0.12471,0,0.78385,0.41296,0.05933,8093,3432.22998,1,0.11889,0.09324,-0.01594,0.00771,0.62697,0.42788,0.44775,13.71253,1,0.13328,0.09928,1.24421,0.003,1,1,0.04836,0.00908,0.64364,0.69017,0.44186,18.17335,1,0.09713,0.15015,1.26142,0.0036,1,1,participant_9,question_14,Timer-Correct,True,Question,NOT_RANDOM,0
0.0,0,38,1,0.11015,0.10122,0,0.78385,0.41296,0.06689,8093,3432.22998,1,0.11809,0.09396,-0.01594,0.00771,0.62697,0.42791,0.44785,13.85315,1,0.12412,0.06909,1.26953,0.00298,1,1,0.04836,0.00908,0.64364,0.69019,0.44183,18.1778,1,0.09618,0.13336,1.28674,0.00361,1,1,participant_9,question_14,Timer-Correct,True,Question,NOT_RANDOM,0
0.0,0,38,1,0.10819,0.08273,0,0.78385,0.41296,0.07373,8093,3432.22998,1,0.11727,0.09303,-0.01594,0.00771,0.62697,0.42802,0.44787,14.02289,1,0.12742,0.04988,1.29485,0.00299,1,1,0.04836,0.00908,0.64364,0.69026,0.44192,18.00125,1,0.08895,0.11558,1.31206,0.00364,1,1,participant_9,question_14,Timer-Correct,True,Question,NOT_RANDOM,0
0.0,0,38,1,0.10181,0.06319,0,0.78385,0.41296,0.08032,8093,3432.22998,1,0.11608,0.09073,-0.01594,0.00771,0.62697,0.42809,0.44785,14.14295,1,0.12074,0.02899,1.32017,0.00299,1,1,0.04836,0.00908,0.64364,0.6903,0.44191,18.06264,1,0.08288,0.09738,1.33738,0.00365,1,1,participant_9,question_14,Timer-Correct,True,Question,NOT_RANDOM,0
0.0,0,38,1,0.10386,0.02477,0,0.78385,0.41296,0.08691,8093,3432.22998,1,0.11521,0.08602,-0.01594,0.00771,0.62697,0.428,0.44796,14.08412,1,0.11588,0.02744,1.33738,0.00302,1,1,0.04836,0.00908,0.64364,0.6904,0.44199,17.87549,1,0.09184,0.02211,1.33738,0.00368,1,1,participant_9,question_14,Timer-Correct,True,Other,NOT_RANDOM,0
0.0,0,38,1,0.10716,0.02849,0,0.78385,0.41296,0.09351,8093,3432.22998,1,0.11467,0.08219,-0.01594,0.00771,0.62697,0.42814,0.44804,13.65503,1,0.12035,0.03322,1.33738,0.003,1,1,0.04836,0.00908,0.64364,0.6904,0.44202,17.78128,1,0.09397,0.02376,1.33738,0.00369,1,1,participant_9,question_14,Timer-Correct,True,Question,NOT_RANDOM,0
0.0,0,38,1,0.10495,0.02136,0,0.78385,0.41296,0.10034,8093,3432.22998,1,0.11406,0.07838,-0.01632,0.00787,0.64413,0.42818,0.44803,13.70565,1,0.118,0.02591,1.34639,0.00302,1,1,0.04836,0.00908,0.64364,0.6904,0.44202,17.76755,1,0.0919,0.0168,1.34639,0.00369,1,1,participant_9,question_14,Timer-Correct,True,Other,NOT_RANDOM,0
0.0,0,38,1,0.10381,0.02555,0,0.78385,0.41296,0.10718,8093,3432.22998,1,0.11346,0.07528,-0.01632,0.00787,0.64413,0.42819,0.4481,13.87639,1,0.1129,0.02146,1.35541,0.003,1,1,0.04836,0.00908,0.64364,0.69042,0.44218,18.12249,1,0.09472,0.02964,1.35541,0.00365,1,1,participant_9,question_14,Timer-Correct,True,Question,NOT_RANDOM,0
0.0,0,38,1,0.09306,0.04439,0,0.78385,0.41296,0.11377,8093,3432.22998,1,0.11233,0.07356,-0.01632,0.00787,0.64413,0.42813,0.44811,13.68995,1,0.10204,0.05435,1.36443,0.00307,1,1,0.04836,0.00908,0.64364,0.69041,0.44222,18.03422,1,0.08407,0.03443,1.36443,0.00363,1,1,participant_9,question_14,Timer-Correct,True,Question,NOT_RANDOM,0
0.0,0,38,1,0.09306,0.04439,0,0.78385,0.41296,0.12036,8093,3432.22998,1,0.11131,0.07202,-0.01594,0.00752,0.62697,0.42799,0.44845,13.88607,1,0.10204,0.05435,1.36443,0.00296,1,1,0.04875,0.009,0.64884,0.69023,0.44225,17.87442,1,0.08407,0.03443,1.36443,0.00367,1,1,participant_9,question_14,Timer-Correct,True,Question,NOT_RANDOM,0
0.0,0,38,1,0.08394,0.02387,0,0.78385,0.41296,0.12744,8093,3432.22998,1,0.10994,0.06962,-0.01594,0.00752,0.62697,0.42783,0.44856,13.63423,1,0.10139,-0.0179,1.35541,0.00299,1,1,0.04875,0.009,0.64884,0.69013,0.44244,17.75987,1,0.06649,0.06564,1.35541,0.00362,1,1,participant_9,question_14,Timer-Correct,True,Other,NOT_RANDOM,0
0.0,0,38,1,0.08828,0.04893,0,0.78385,0.41296,0.13403,8093,3432.22998,1,0.10891,0.06863,-0.01594,0.00752,0.62697,0.42789,0.44865,13.71409,1,0.09818,0.01294,1.34639,0.00301,1,1,0.04875,0.009,0.64884,0.69017,0.44257,17.80051,1,0.07838,0.08492,1.34639,0.00362,1,1,participant_9,question_14,Timer-Correct,True,Question,NOT_RANDOM,0
0.0,0,38,1,0.08828,0.04893,0,0.78385,0.41296,0.14038,8093,3432.22998,1,0.10797,0.06774,-0.01628,0.00766,0.64227,0.42781,0.44881,13.67465,1,0.09818,0.01294,1.34639,0.00296,1,1,0.04836,0.00888,0.64364,0.69018,0.44278,17.80872,1,0.07838,0.08492,1.34639,0.00362,1,1,participant_9,question_14,Timer-Correct,True,Question,NOT_RANDOM,0
0.0,0,38,1,0.08985,0.02581,0,0.78385,0.41296,0.14038,8093,3432.22998,0,0.09719,0.0402,-0.01628,0.00766,0.64227,0.42786,0.44911,13.60814,1,0.09909,0.03697,1.35541,0.00299,1,1,0.04836,0.00888,0.64364,0.69025,0.44287,18.06075,1,0.08061,0.01466,1.35541,0.00361,1,1,participant_9,question_14,Timer-Correct,True,Question,NOT_RANDOM,0
0.0,0,38,1,0.08276,0.03334,0,0.78385,0.41296,0.14038,8093,3432.22998,0,0.08997,0.03677,-0.01628,0.00766,0.64227,0.42784,0.44917,13.62946,1,0.08841,0.04358,1.36443,0.00295,1,1,0.04836,0.00888,0.64364,0.69023,0.44308,17.70196,1,0.0771,0.0231,1.36443,0.00359,1,1,participant_9,question_14,Timer-Correct,True,Question,NOT_RANDOM,0
0.0,0,38,1,0.08382,0.03676,0,0.78385,0.41296,0.14038,8093,3432.22998,0,0.08792,0.03677,-0.01594,0.00734,0.62697,0.42795,0.44944,13.79381,1,0.08841,0.04358,1.36443,0.00299,1,1,0.04733,0.00854,0.62939,0.69034,0.44333,17.6751,1,0.07923,0.02994,1.35537,0.00364,1,1,participant_9,question_14,Timer-Correct,True,Question,NOT_RANDOM,0
0.0,0,38,1,0.09506,0.03394,0,0.78385,0.41296,0.02002,8094,3432.37695,1,0.08971,0.03606,-0.01594,0.00734,0.62697,0.42788,0.44964,13.72312,1,0.10087,-0.00689,1.34635,0.00299,1,1,0.04733,0.00854,0.62939,0.69029,0.44342,17.54513,1,0.08925,0.07477,1.3373,0.00368,1,1,participant_9,question_14,Timer-Correct,True,Question,NOT_RANDOM,0
0.0,0,38,1,0.09856,0.06268,0,0.78385,0.41296,0.02808,8094,3432.37695,1,0.09148,0.04138,-0.01594,0.00734,0.62697,0.42791,0.44969,13.71583,1,0.10729,0.01881,1.32828,0.00297,1,1,0.04733,0.00854,0.62939,0.6903,0.44356,17.5506,1,0.08983,0.10654,1.31923,0.00365,1,1,participant_9,question_14,Timer-Correct,True,Question,NOT_RANDOM,0
0.0,0,38,1,0.10087,0.06969,0,0.78385,0.41296,0.03369,8094,3432.37695,1,0.09304,0.0461,-0.01622,0.00739,0.64008,0.42794,0.44978,13.94513,1,0.10975,0.02629,1.31923,0.003,1,1,0.04674,0.00839,0.62147,0.69041,0.44371,17.66488,1,0.09199,0.11309,1.31017,0.00366,1,1,participant_9,question_14,Timer-Correct,True,Question,NOT_RANDOM,0
0.0,0,38,1,0.10318,0.0583,0,0.78385,0.41296,0.04004,8094,3432.37695,1,0.09449,0.04785,-0.01622,0.00739,0.64008,0.42784,0.45015,13.62946,1,0.10796,0.06899,1.31918,0.00295,1,1,0.04674,0.00839,0.62147,0.6904,0.44397,17.76755,1,0.09841,0.04762,1.31918,0.00368,1,1,participant_9,question_14,Timer-Correct,True,Question,NOT_RANDOM,0
0.0,0,38,1,0.10372,0.05737,0,0.78385,0.41296,0.04688,8094,3432.37695,1,0.09565,0.04904,-0.01622,0.00739,0.64008,0.42791,0.45017,13.80151,1,0.11286,0.06624,1.3282,0.00295,1,1,0.04674,0.00839,0.62147,0.69043,0.44398,17.76217,1,0.09458,0.04849,1.3282,0.00367,1,1,participant_9,question_14,Timer-Correct,True,Question,NOT_RANDOM,0
0.0,0,38,1,0.10466,0.06046,0,0.78385,0.41296,0.05371,8094,3432.37695,1,0.09665,0.0503,-0.01594,0.00715,0.62697,0.42793,0.45028,13.69768,1,0.11286,0.06624,1.3282,0.00299,1,1,0.04545,0.00811,0.60381,0.69037,0.44426,17.97565,1,0.09647,0.05468,1.32005,0.00359,1,1,participant_9,question_14,Timer-Correct,True,Question,NOT_RANDOM,0
0.0,0,38,1,0.10264,0.06516,0,0.78385,0.41296,0.06055,8094,3432.37695,1,0.09725,0.05179,-0.01594,0.00715,0.62697,0.42791,0.45057,13.69781,1,0.10837,0.02865,1.31103,0.00303,1,1,0.04545,0.00811,0.60381,0.69039,0.44434,17.53885,1,0.09691,0.10168,1.30288,0.00361,1,1,participant_9,question_14,Timer-Correct,True,Question,NOT_RANDOM,0
0.0,0,38,1,0.10679,0.08796,0,0.78385,0.41296,0.06714,8094,3432.37695,1,0.09811,0.05508,-0.01594,0.00715,0.62697,0.42787,0.45066,13.67702,1,0.11121,0.05693,1.29387,0.00301,1,1,0.04545,0.00811,0.60381,0.6904,0.44441,17.63519,1,0.10237,0.119,1.28572,0.00363,1,1,participant_9,question_14,Timer-Correct,True,Question,NOT_RANDOM,0
0.0,0,38,1,0.1112,0.1013,0,0.78385,0.41296,0.07397,8094,3432.37695,1,0.0992,0.05893,-0.01573,0.00701,0.6189,0.42782,0.45072,13.77206,1,0.11595,0.07101,1.2767,0.00295,1,1,0.04598,0.00806,0.61083,0.69035,0.44459,17.68312,1,0.10645,0.1316,1.26855,0.00362,1,1,participant_9,question_14,Timer-Correct,True,Question,NOT_RANDOM,0
0.0,0,38,1,0.10786,0.11276,0,0.78385,0.41296,0.08057,8094,3432.37695,1,0.09987,0.06307,-0.01573,0.00701,0.6189,0.42782,0.45072,13.77206,1,0.11537,0.08119,1.26855,0.00295,1,1,0.04598,0.00806,0.61083,0.69036,0.44471,17.49415,1,0.10036,0.14434,1.26855,0.00365,1,1,participant_9,question_14,Timer-Correct,True,Question,NOT_RANDOM,0
0.0,0,38,1,0.12175,0.07648,0,0.78385,0.41296,0.08716,8094,3432.37695,1,0.10143,0.06403,-0.01573,0.00701,0.6189,0.42776,0.45081,13.66765,1,0.14041,0.08834,1.26855,0.00297,1,1,0.04598,0.00806,0.61083,0.69035,0.44472,17.51394,1,0.1031,0.06463,1.26855,0.00364,1,1,participant_9,question_14,Timer-Correct,True,Question,NOT_RANDOM,0
0.0,0,38,1,0.12173,0.07623,0,0.78385,0.41296,0.09375,8094,3432.37695,1,0.10279,0.06484,-0.01548,0.00683,0.60727,0.42765,0.45103,13.73617,1,0.14252,0.09495,1.26044,0.00297,1,1,0.04836,0.0085,0.64364,0.69025,0.44497,17.76336,1,0.10094,0.0575,1.27764,0.00363,1,1,participant_9,question_14,Timer-Correct,True,Question,NOT_RANDOM,0
0.0,0,38,1,0.1269,0.08342,0,0.78385,0.41296,0.10083,8094,3432.37695,1,0.10429,0.066,-0.01548,0.00683,0.60727,0.42761,0.45098,13.51122,1,0.15556,0.10005,1.26953,0.00299,1,1,0.04836,0.0085,0.64364,0.69022,0.44503,17.70018,1,0.09825,0.0668,1.28674,0.00359,1,1,participant_9,question_14,Timer-Correct,True,Question,NOT_RANDOM,0
0.0,0,38,1,0.11913,0.07964,0,0.78385,0.41296,0.10718,8094,3432.37695,1,0.10517,0.06681,-0.01548,0.00683,0.60727,0.42757,0.45103,13.53561,1,0.1484,0.10202,1.27862,0.00296,1,1,0.04836,0.0085,0.64364,0.69022,0.44503,17.70018,1,0.08986,0.05725,1.29583,0.00359,1,1,participant_9,question_14,Timer-Correct,True,Question,NOT_RANDOM,0
0.0,0,38,1,0.11489,0.06613,0,0.78385,0.41296,0.11401,8094,3432.37695,1,0.10571,0.06677,-0.01591,0.00695,0.62214,0.42753,0.45108,13.85235,1,0.14406,0.08827,1.29583,0.00295,1,1,0.04836,0.0085,0.64364,0.69023,0.44503,17.70196,1,0.08573,0.04399,1.31304,0.00359,1,1,participant_9,question_14,Timer-Correct,True,Question,NOT_RANDOM,0
0.0,0,38,1,0.1058,0.05871,0,0.78385,0.41296,0.12134,8094,3432.37695,1,0.10571,0.06634,-0.01591,0.00695,0.62214,0.42745,0.45107,13.79187,1,0.12796,0.07486,1.32115,0.00294,1,1,0.04836,0.0085,0.64364,0.69018,0.44505,17.64761,1,0.08363,0.04256,1.32115,0.00362,1,1,participant_9,question_14,Timer-Correct,True,Question,NOT_RANDOM,0
0.0,0,38,1,0.10328,0.03805,0,0.78385,0.41296,0.12769,8094,3432.37695,1,0.10559,0.06493,-0.01591,0.00695,0.62214,0.42752,0.45103,13.46602,1,0.13097,0.04498,1.32926,0.00295,1,1,0.04836,0.0085,0.64364,0.69016,0.44507,17.69777,1,0.07559,0.03112,1.32926,0.0036,1,1,participant_9,question_14,Timer-Correct,True,Question,NOT_RANDOM,0
0.0,0,38,1,0.10126,0.03166,0,0.78385,0.41296,0.13428,8094,3432.37695,1,0.10538,0.06335,-0.01591,0.00695,0.62214,0.42744,0.45098,13.66549,1,0.1289,0.03842,1.33738,0.00297,1,1,0.04836,0.0085,0.64364,0.69009,0.445,17.50793,1,0.07362,0.02489,1.33738,0.00363,1,1,participant_9,question_14,Timer-Correct,True,Question,NOT_RANDOM,0
0.0,0,38,1,0.09694,0.02801,0,0.78385,0.41296,0.14062,8094,3432.37695,1,0.105,0.06174,-0.01591,0.00695,0.62214,0.42738,0.45094,13.64851,1,0.11954,0.0364,1.33738,0.00302,1,1,0.04836,0.0085,0.64364,0.69003,0.44495,17.27935,1,0.07434,0.01961,1.33738,0.00365,1,1,participant_9,question_14,Timer-Correct,True,Question,NOT_RANDOM,0
0.0,0,38,1,0.09989,0.0215,0,0.78385,0.41296,0.14746,8094,3432.37695,1,0.10478,0.05999,-0.01591,0.00695,0.62214,0.42744,0.45091,13.71507,1,0.12393,0.02779,1.33738,0.00297,1,1,0.04836,0.0085,0.64364,0.69001,0.44494,17.3605,1,0.07586,0.01521,1.33738,0.00365,1,1,participant_9,question_14,Timer-Correct,True,Other,NOT_RANDOM,0
0.0,0,38,1,0.10098,0.02501,0,0.78385,0.41296,0.15405,8094,3432.37695,1,0.10462,0.05853,-0.01591,0.00705,0.62214,0.42747,0.45083,13.66248,1,0.12393,0.02779,1.33738,0.00292,1,1,0.04674,0.00822,0.62278,0.69002,0.44481,17.57664,1,0.07803,0.02223,1.32832,0.00362,1,1,participant_9,question_14,Timer-Correct,True,Question,NOT_RANDOM,0
0.0,0,38,1,0.09889,0.0477,0,0.78385,0.41296,0.16064,8094,3432.37695,1,0.10439,0.0581,-0.01591,0.00705,0.62214,0.42743,0.45073,13.90298,1,0.12361,0.02014,1.32832,0.00291,1,1,0.04674,0.00822,0.62278,0.68993,0.44479,17.58091,1,0.07417,0.07526,1.31927,0.00362,1,1,participant_9,question_14,Timer-Correct,True,Question,NOT_RANDOM,0
0.0,0,38,1,0.10062,0.06925,0,0.78385,0.41296,0.1687,8094,3432.37695,1,0.10425,0.05853,-0.01591,0.00705,0.62214,0.42737,0.45066,13.59271,1,0.129,0.02432,1.31927,0.00292,1,1,0.04674,0.00822,0.62278,0.68992,0.44465,17.37763,1,0.07223,0.11418,1.31021,0.00358,1,1,participant_9,question_14,Timer-Correct,True,Question,NOT_RANDOM,0
0.0,0,38,1,0.10063,0.06928,0,0.78385,0.41296,0.17456,8094,3432.37695,1,0.10411,0.05893,-0.01635,0.00722,0.63777,0.42741,0.45065,13.5219,1,0.12902,0.02435,1.31923,0.00295,1,1,0.04674,0.00822,0.62278,0.68995,0.4446,17.39054,1,0.07224,0.11421,1.31017,0.0036,1,1,participant_9,question_14,Timer-Correct,True,Question,NOT_RANDOM,0
0.0,0,38,1,0.09876,0.05169,0,0.78385,0.41296,0.18091,8094,3432.37695,1,0.10392,0.05867,-0.01635,0.00722,0.63777,0.42737,0.45053,13.37897,1,0.12467,0.00329,1.31918,0.00293,1,1,0.04674,0.00822,0.62278,0.69002,0.44453,17.44909,1,0.07285,0.1001,1.31918,0.00363,1,1,participant_9,question_14,Timer-Correct,True,Question,NOT_RANDOM,0
0.0,0,38,1,0.09609,0.03749,0,0.78385,0.41296,0.1875,8094,3432.37695,1,0.10365,0.05794,-0.01635,0.00722,0.63777,0.42726,0.4505,13.62103,1,0.12763,-0.00412,1.3282,0.00297,1,1,0.04674,0.00822,0.62278,0.68994,0.44449,17.25384,1,0.06456,0.07909,1.3282,0.00364,1,1,participant_9,question_14,Timer-Correct,True,Question,NOT_RANDOM,0
0.0,0,38,1,0.09483,0.03336,0,0.78385,0.41296,0.19458,8094,3432.37695,1,0.10336,0.05712,-0.01635,0.00727,0.63778,0.42729,0.4504,13.57015,1,0.12532,-0.01173,1.33722,0.00302,1,1,0.04549,0.00805,0.60667,0.68999,0.4443,17.39446,1,0.06434,0.07846,1.32907,0.00365,1,1,participant_9,question_14,Timer-Correct,True,Question,NOT_RANDOM,0
0.0,0,38,1,0.09306,0.05932,0,0.78385,0.41296,0.20117,8094,3432.37695,1,0.10302,0.05719,-0.01635,0.00727,0.63778,0.42739,0.45027,13.50991,1,0.12324,0.05152,1.32907,0.00297,1,1,0.04549,0.00805,0.60667,0.68995,0.44429,17.65663,1,0.06287,0.06711,1.32091,0.0036,1,1,participant_9,question_14,Timer-Correct,True,Question,NOT_RANDOM,0
0.0,0,38,1,0.09362,0.06091,0,0.78385,0.41296,0.20801,8094,3432.37695,1,0.10273,0.05731,-0.01635,0.00727,0.63778,0.4273,0.4504,13.5514,1,0.12119,0.0539,1.32091,0.00302,1,1,0.04549,0.00805,0.60667,0.68986,0.44438,17.71089,1,0.06605,0.06791,1.31276,0.0037,1,1,participant_9,question_14,Timer-Correct,True,Question,NOT_RANDOM,0
0.0,0,38,1,0.09806,0.07427,0,0.78385,0.41296,0.21484,8094,3432.37695,1,0.10259,0.05782,-0.01591,0.00714,0.62214,0.42738,0.44997,13.64851,1,0.12571,0.06774,1.30375,0.00302,1,1,0.04567,0.00822,0.60909,0.68973,0.44421,17.21365,1,0.0704,0.08081,1.2956,0.00367,1,1,participant_9,question_14,Timer-Correct,True,Question,NOT_RANDOM,0
0.0,0,38,1,0.09899,0.07241,0,0.78385,0.41296,0.22144,8094,3432.37695,1,0.10248,0.05825,-0.01591,0.00714,0.62214,0.42738,0.44997,13.64851,1,0.12517,0.08201,1.28658,0.00302,1,1,0.04567,0.00822,0.60909,0.68984,0.44402,17.26294,1,0.07281,0.06281,1.28658,0.00358,1,1,participant_9,question_14,Timer-Correct,True,Question,NOT_RANDOM,0
0.0,0,38,1,0.11654,0.07371,0,0.78385,0.41296,0.22803,8094,3432.37695,1,0.10288,0.05869,-0.01591,0.00714,0.62214,0.42738,0.44997,13.64851,1,0.13726,0.0771,1.27757,0.00302,1,1,0.04567,0.00822,0.60909,0.68984,0.44402,17.26294,1,0.09581,0.07033,1.27757,0.00358,1,1,participant_9,question_14,Timer-Correct,True,Question,NOT_RANDOM,0
0.0,0,38,1,0.11654,0.07371,0,0.78385,0.41296,0.23438,8094,3432.37695,1,0.10326,0.05911,-0.01635,0.00741,0.63777,0.4274,0.44977,13.36622,1,0.13726,0.0771,1.27757,0.00297,1,1,0.04567,0.00822,0.60909,0.68983,0.44379,17.51968,1,0.09581,0.07033,1.27757,0.00359,1,1,participant_9,question_14,Timer-Correct,True,Question,NOT_RANDOM,0
0.0,0,38,1,0.12134,0.07174,0,0.78385,0.41296,0.24121,8094,3432.37695,1,0.10375,0.05945,-0.01635,0.00741,0.63777,0.42741,0.44979,13.88997,1,0.13463,0.05649,1.28658,0.00293,1,1,0.04567,0.00822,0.60909,0.68975,0.44375,17.40558,1,0.10806,0.08699,1.28658,0.00357,1,1,participant_9,question_14,Timer-Correct,True,Question,NOT_RANDOM,0
0.0,0,38,1,0.12053,0.0768,0,0.78385,0.41296,0.24829,8094,3432.37695,1,0.10419,0.05991,-0.01635,0.00741,0.63777,0.42724,0.44963,13.8981,1,0.13278,0.03456,1.2956,0.00295,1,1,0.04567,0.00822,0.60909,0.68972,0.4437,17.38532,1,0.10828,0.11904,1.2956,0.00362,1,1,participant_9,question_14,Timer-Correct,True,Question,NOT_RANDOM,0
0.0,0,38,1,0.11737,0.06678,0,0.78385,0.41296,0.25464,8094,3432.37695,1,0.10453,0.06008,-0.01635,0.00746,0.63777,0.42748,0.44961,13.52122,1,0.13043,0.02701,1.30461,0.00302,1,1,0.04674,0.00841,0.62278,0.68975,0.44357,17.31093,1,0.10431,0.10655,1.31276,0.00362,1,1,participant_9,question_14,Timer-Correct,True,Question,NOT_RANDOM,0
0.0,0,38,1,0.10071,0.0536,0,0.78385,0.41296,0.26147,8094,3432.37695,1,0.10444,0.05992,-0.01635,0.00746,0.63777,0.42765,0.4496,13.95902,1,0.12947,0.01514,1.31276,0.00294,1,1,0.04674,0.00841,0.62278,0.69005,0.44347,17.3836,1,0.07195,0.09206,1.32091,0.00358,1,1,participant_9,question_14,Timer-Correct,True,Question,NOT_RANDOM,0
0.0,0,38,1,0.10914,0.0537,0,0.78385,0.41296,0.26831,8094,3432.37695,1,0.10455,0.05977,-0.01635,0.00746,0.63777,0.42765,0.44946,13.52547,1,0.12988,0.02943,1.32091,0.00294,1,1,0.04674,0.00841,0.62278,0.69005,0.44347,17.3836,1,0.08839,0.07797,1.32907,0.00358,1,1,participant_9,question_14,Timer-Correct,True,Question,NOT_RANDOM,0
0.0,0,38,1,0.10935,0.05438,0,0.78385,0.41296,0.2749,8094,3432.37695,1,0.10467,0.05964,-0.01602,0.00733,0.62661,0.42781,0.44926,13.41663,1,0.1301,0.03015,1.32005,0.00303,1,1,0.04735,0.00856,0.63092,0.69013,0.4434,17.41562,1,0.08859,0.0786,1.3282,0.00359,1,1,participant_9,question_14,Timer-Correct,True,Question,NOT_RANDOM,0
0.0,0,38,1,0.10876,0.05059,0,0.78385,0.41296,0.28174,8094,3432.37695,1,0.10476,0.05943,-0.01602,0.00733,0.62661,0.42785,0.44931,13.57068,1,0.13613,0.02367,1.31918,0.00302,1,1,0.04735,0.00856,0.63092,0.69013,0.4434,17.41562,1,0.08139,0.07752,1.31918,0.00359,1,1,participant_9,question_14,Timer-Correct,True,Question,NOT_RANDOM,0
0.0,0,38,1,0.10882,0.06415,0,0.78385,0.41296,0.28809,8094,3432.37695,1,0.10485,0.05954,-0.01602,0.00733,0.62661,0.42781,0.44937,13.69694,1,0.13509,0.05151,1.31017,0.003,1,1,0.04735,0.00856,0.63092,0.69011,0.44335,17.24188,1,0.08255,0.0768,1.31017,0.0036,1,1,participant_9,question_14,Timer-Correct,True,Question,NOT_RANDOM,0
0.0,0,38,1,0.11107,0.0712,0,0.78385,0.41296,0.29468,8094,3432.37695,1,0.10499,0.0598,-0.01602,0.00733,0.62661,0.42771,0.44952,13.86442,1,0.13739,0.05886,1.30115,0.0029,1,1,0.04735,0.00856,0.63092,0.69007,0.44343,17.41874,1,0.08475,0.08355,1.30115,0.00361,1,1,participant_9,question_14,Timer-Correct,True,Question,NOT_RANDOM,0
0.0,0,38,1,0.11336,0.05823,0,0.78385,0.41296,0.30127,8094,3432.37695,1,0.10517,0.05976,-0.01602,0.00733,0.62661,0.42773,0.44949,13.80265,1,0.12822,0.01932,1.30115,0.00289,1,1,0.04735,0.00856,0.63092,0.69013,0.44339,17.49126,1,0.09849,0.09714,1.30115,0.00358,1,1,participant_9,question_14,Timer-Correct,True,Question,NOT_RANDOM,0
0.0,0,38,1,0.12028,0.05592,0,0.78385,0.41296,0.30884,8094,3432.37695,1,0.10549,0.05968,-0.01602,0.00733,0.62661,0.42778,0.44948,13.80805,1,0.13206,0.02041,1.30115,0.00292,1,1,0.04735,0.00856,0.63092,0.69009,0.44337,17.27254,1,0.1085,0.09142,1.30115,0.00358,1,1,participant_9,question_14,Timer-Correct,True,Question,NOT_RANDOM,0
0.0,0,38,1,0.12122,0.05896,0,0.78385,0.41296,0.31445,8094,3432.37695,1,0.10582,0.05967,-0.01602,0.00733,0.62661,0.42781,0.44946,13.77436,1,0.13206,0.02041,1.30115,0.00297,1,1,0.04549,0.00824,0.60667,0.69009,0.44338,17.1986,1,0.11037,0.0975,1.293,0.00359,1,1,participant_9,question_14,Timer-Correct,True,Question,NOT_RANDOM,0
0.0,0,38,1,0.11515,0.07908,0,0.78385,0.41296,0.32129,8094,3432.37695,1,0.1062,0.06048,-0.01602,0.00733,0.62661,0.42791,0.44961,13.85401,1,0.13807,0.04221,1.293,0.00297,1,1,0.04549,0.00824,0.60667,0.69012,0.44337,17.32613,1,0.09224,0.11594,1.28485,0.00359,1,1,participant_9,question_14,Timer-Correct,True,Question,NOT_RANDOM,0
0.0,0,38,1,0.11436,0.08121,0,0.78385,0.41296,0.32812,8094,3432.37695,1,0.10685,0.06147,-0.01602,0.00733,0.62661,0.42795,0.44958,13.75517,1,0.13859,0.04463,1.28485,0.00295,1,1,0.04549,0.00824,0.60667,0.69008,0.44339,17.24525,1,0.09013,0.1178,1.2767,0.00362,1,1,participant_9,question_14,Timer-Correct,True,Question,NOT_RANDOM,0
0.0,0,38,1,0.11746,0.09102,0,0.78385,0.41296,0.33496,8094,3432.37695,1,0.10756,0.0626,-0.01548,0.00711,0.60727,0.42795,0.44961,13.71412,1,0.14279,0.05826,1.26859,0.00295,1,1,0.04674,0.00841,0.62278,0.69015,0.44354,17.50119,1,0.09213,0.12379,1.26859,0.00359,1,1,participant_9,question_14,Timer-Correct,True,Question,NOT_RANDOM,0
0.0,0,38,1,0.12177,0.10119,0,0.78385,0.41296,0.34204,8094,3432.37695,1,0.10811,0.064,-0.01548,0.00711,0.60727,0.42796,0.44961,13.72741,1,0.14978,0.05735,1.26047,0.00294,1,1,0.04674,0.00841,0.62278,0.69022,0.44355,17.40528,1,0.09375,0.14503,1.26862,0.00359,1,1,participant_9,question_14,Timer-Correct,True,Question,NOT_RANDOM,0
0.0,0,38,1,0.12658,0.10098,0,0.78385,0.41296,0.34863,8094,3432.37695,1,0.1087,0.0648,-0.01548,0.00711,0.60727,0.42795,0.44963,13.75083,1,0.15617,0.06391,1.26051,0.00295,1,1,0.04674,0.00841,0.62278,0.69025,0.44359,17.37439,1,0.097,0.13805,1.26866,0.00356,1,1,participant_9,question_14,Timer-Correct,True,Question,NOT_RANDOM,0
0.0,0,38,1,0.12547,0.09766,0,0.78385,0.41296,0.35547,8094,3432.37695,1,0.10921,0.06538,-0.01548,0.00711,0.60727,0.42805,0.44966,13.77871,1,0.15616,0.06388,1.26055,0.00295,1,1,0.04836,0.00869,0.64364,0.69026,0.44364,17.49698,1,0.09477,0.13143,1.27775,0.00355,1,1,participant_9,question_14,Timer-Correct,True,Question,NOT_RANDOM,0
0.0,0,38,1,0.11848,0.07631,0,0.78385,0.41296,0.36182,8094,3432.37695,1,0.10953,0.06576,-0.01548,0.00711,0.60727,0.42817,0.44979,13.81031,1,0.13476,0.05854,1.27775,0.00295,1,1,0.04836,0.00869,0.64364,0.69032,0.44374,17.33762,1,0.10221,0.09408,1.28681,0.00362,1,1,participant_9,question_14,Timer-Correct,True,Question,NOT_RANDOM,0
0.0,0,38,1,0.11531,0.045,0,0.78385,0.41296,0.36865,8094,3432.37695,1,0.10977,0.0655,-0.01548,0.00711,0.60727,0.42826,0.44977,13.79513,1,0.13136,0.05222,1.28681,0.00294,1,1,0.04836,0.00869,0.64364,0.69037,0.44374,17.34769,1,0.09925,0.03778,1.29587,0.00364,1,1,participant_9,question_14,Timer-Correct,True,Question,NOT_RANDOM,0
0.0,0,38,1,0.11105,0.03113,0,0.78385,0.41296,0.37549,8094,3432.37695,1,0.1099,0.06489,-0.01594,0.00734,0.62697,0.42826,0.44977,13.79513,1,0.12685,0.03798,1.30398,0.00294,1,1,0.04836,0.00869,0.64364,0.6904,0.44374,17.39355,1,0.09525,0.02428,1.31304,0.00357,1,1,participant_9,question_14,Timer-Correct,True,Question,NOT_RANDOM,0
0.0,0,38,1,0.11297,0.02432,0,0.78385,0.41296,0.38281,8094,3432.37695,1,0.11012,0.06404,-0.01594,0.00734,0.62697,0.42829,0.44975,13.85231,1,0.1255,0.02023,1.32115,0.00296,1,1,0.04836,0.00869,0.64364,0.69033,0.44381,17.44091,1,0.10045,0.02841,1.32115,0.00362,1,1,participant_9,question_14,Timer-Correct,True,Other,NOT_RANDOM,0
0.0,0,38,1,0.11802,0.01855,0,0.78385,0.41296,0.38892,8094,3432.37695,1,0.11035,0.06259,-0.01594,0.00734,0.62697,0.42827,0.44976,13.92582,1,0.13427,0.01246,1.32926,0.00294,1,1,0.04836,0.00869,0.64364,0.69051,0.44376,17.51727,1,0.10177,0.02465,1.32926,0.0036,1,1,participant_9,question_14,Timer-Correct,True,Other,NOT_RANDOM,0
0.0,0,38,1,0.11393,0.00478,0,0.78385,0.41296,0.39551,8094,3432.37695,1,0.11041,0.06058,-0.01628,0.00747,0.64227,0.42824,0.44989,13.77191,1,0.12996,-0.00179,1.34639,0.0029,1,1,0.04836,0.00869,0.64364,0.69061,0.44387,17.70117,1,0.09791,0.01135,1.34639,0.00357,1,1,participant_9,question_14,Timer-Correct,True,Other,NOT_RANDOM,0
0.0,0,38,1,0.1141,0.00979,0,0.78385,0.41296,0.4021,8094,3432.37695,1,0.11054,0.05844,-0.01628,0.00747,0.64227,0.42839,0.44976,13.68927,1,0.12837,0.00861,1.35541,0.00297,1,1,0.04836,0.00869,0.64364,0.69062,0.44393,17.51585,1,0.09984,0.01097,1.35541,0.00358,1,1,participant_9,question_14,Timer-Correct,True,Other,NOT_RANDOM,0
0.0,0,38,1,0.11236,0.00895,0,0.78385,0.41296,0.40894,8094,3432.37695,1,0.11034,0.05703,-0.01628,0.00747,0.64227,0.42823,0.44995,13.71251,1,0.12481,0.01451,1.36443,0.00302,1,1,0.04836,0.00869,0.64364,0.69056,0.44405,17.19286,1,0.09991,0.0034,1.36443,0.00363,1,1,participant_9,question_14,Timer-Correct,True,Other,NOT_RANDOM,0
0.0,0,38,1,0.11123,0.00533,0,0.78385,0.41296,0.41577,8094,3432.37695,1,0.11012,0.05555,-0.01618,0.00728,0.63844,0.42839,0.45004,13.82939,1,0.12254,0.00722,1.37344,0.00299,1,1,0.04734,0.00845,0.62946,0.69049,0.44432,17.65343,1,0.09992,0.00343,1.36438,0.00365,1,1,participant_9,question_14,Timer-Correct,True,Other,NOT_RANDOM,0
0.0,0,38,1,0.11802,0.03294,0,0.78385,0.41296,0.42236,8094,3432.37695,1,0.10994,0.0545,-0.01618,0.00728,0.63844,0.42841,0.45007,13.92492,1,0.12805,0.03402,1.36438,0.00298,1,1,0.04734,0.00845,0.62946,0.69075,0.4443,17.93675,1,0.10799,0.03186,1.35533,0.0036,1,1,participant_9,question_14,Timer-Correct,True,Question,NOT_RANDOM,0
0.0,0,38,1,0.11713,0.02346,0,0.78385,0.41296,0.4292,8094,3432.37695,1,0.1099,0.05333,-0.01618,0.00728,0.63844,0.42867,0.45001,13.66561,1,0.14413,0.01126,1.35533,0.00295,1,1,0.04734,0.00845,0.62946,0.69093,0.44418,17.54885,1,0.09014,0.03566,1.34627,0.00352,1,1,participant_9,question_14,Timer-Correct,True,Other,NOT_RANDOM,0
0.0,0,38,1,0.12426,0.0472,0,0.78385,0.41296,0.4292,8094,3432.37695,0,0.11557,0.02731,-0.01618,0.00728,0.63844,0.42984,0.44987,13.74851,1,0.15043,0.03269,1.32914,0.00294,1,1,0.04582,0.00809,0.60632,0.69188,0.44396,17.35073,1,0.0981,0.06171,1.31194,0.00356,1,1,participant_9,question_14,Timer-Correct,True,Question,NOT_RANDOM,0
0.0,0,38,1,0.2247,0.02586,0,0.78385,0.41296,0.4292,8094,3432.37695,0,0.17014,0.02659,-0.01618,0.00728,0.63844,0.43092,0.44966,13.55059,1,0.25964,0.01978,1.29481,0.00289,1,1,0.04582,0.00809,0.60632,0.69316,0.44372,17.11732,1,0.18975,0.03194,1.28666,0.00366,1,1,participant_9,question_14,Timer-Correct,True,Question,NOT_RANDOM,0
0.0,0,38,1,0.25683,0.03776,0,0.78385,0.41296,0.4292,8094,3432.37695,0,0.19903,0.03031,-0.01618,0.00728,0.63844,0.43152,0.44972,13.71628,1,0.28446,0.03592,1.26953,0.00285,1,1,0.04582,0.00809,0.60632,0.69376,0.44359,17.14566,1,0.22919,0.0396,1.26138,0.00366,1,1,participant_9,question_14,Timer-Correct,True,Question,NOT_RANDOM,0
0.0,0,38,1,0.25809,0.04466,0,0.78385,0.41296,0.4292,8094,3432.37695,0,0.24654,0.03609,-0.01556,0.00739,0.64438,0.43356,0.44952,13.88765,1,0.28571,0.043,1.26138,0.00291,1,1,0.04637,0.00817,0.60869,0.69522,0.44346,17.46634,1,0.23047,0.04633,1.25323,0.00361,1,1,participant_9,question_14,Timer-Correct,True,Question,NOT_RANDOM,0
0.0,0,38,1,0.28096,0.01952,0,0.78385,0.41296,0.4292,8094,3432.37695,0,0.26375,0.02781,-0.01556,0.00739,0.64438,0.43405,0.44953,13.95951,1,0.31361,0.02156,1.27035,0.003,1,1,0.04637,0.00817,0.60869,0.69581,0.44345,17.53734,1,0.2483,0.01748,1.27035,0.00362,1,1,participant_9,question_14,Timer-Correct,True,Other,NOT_RANDOM,0
0.0,0,38,1,0.27837,0.01374,0,0.78385,0.41296,0.4292,8094,3432.37695,0,0.26862,0.02312,-0.01556,0.00739,0.64438,0.43414,0.44943,14.01915,1,0.30927,0.01075,1.28748,0.00293,1,1,0.04637,0.00817,0.60869,0.6959,0.44353,17.53192,1,0.24746,0.01673,1.28748,0.0036,1,1,participant_9,question_14,Timer-Correct,True,Other,NOT_RANDOM,0
0.0,0,38,1,0.27725,0.00681,0,0.78385,0.41296,0.01978,8095,3432.83301,1,0.27078,0.01904,-0.01515,0.00717,0.62937,0.43433,0.44957,13.9633,1,0.30819,0.00362,1.2956,0.00291,1,1,0.04608,0.00798,0.60492,0.69607,0.44368,17.48724,1,0.24631,0.01001,1.2956,0.00362,1,1,participant_9,question_14,Timer-Correct,True,Other,NOT_RANDOM,0
0.0,0,38,1,0.26956,0.00208,0,0.78385,0.41296,0.02612,8095,3432.83301,1,0.27053,0.01565,-0.01515,0.00717,0.62937,0.43436,0.44974,14.09968,1,0.28645,-0.02913,1.28658,0.0029,1,1,0.04608,0.00798,0.60492,0.69615,0.44376,17.56516,1,0.25267,0.03329,1.28658,0.00366,1,1,participant_9,question_14,Timer-Correct,True,Other,NOT_RANDOM,0
0.0,0,38,1,0.27478,-0.00434,0,0.78385,0.41296,0.03296,8095,3432.83301,1,0.27124,0.01232,-0.01515,0.00717,0.62937,0.43438,0.44974,14.09441,1,0.2976,-0.05098,1.27757,0.00294,1,1,0.04608,0.00798,0.60492,0.69613,0.44379,17.51567,1,0.25196,0.0423,1.27757,0.00365,1,1,participant_9,question_14,Timer-Correct,True,Other,NOT_RANDOM,0
0.0,0,38,1,0.27485,-0.00348,0,0.78385,0.41296,0.04102,8095,3432.83301,1,0.27176,0.01006,-0.01515,0.00717,0.62937,0.43434,0.44979,14.18185,1,0.29888,-0.04258,1.26855,0.00299,1,1,0.04893,0.00846,0.64102,0.69614,0.44378,17.50535,1,0.25081,0.03562,1.28576,0.00365,1,1,participant_9,question_14,Timer-Correct,True,Other,NOT_RANDOM,0
0.0,0,38,1,0.27643,-0.00443,0,0.78385,0.41296,0.04614,8095,3432.83301,1,0.27234,0.00825,-0.01515,0.00717,0.62937,0.43434,0.44979,14.18185,1,0.30013,-0.04252,1.28576,0.00299,1,1,0.04893,0.00846,0.64102,0.69608,0.44392,17.61105,1,0.25272,0.03365,1.30297,0.00365,1,1,participant_9,question_14,Timer-Correct,True,Other,NOT_RANDOM,0
0.0,0,38,1,0.27855,-0.03467,0,0.78385,0.41296,0.05298,8095,3432.83301,1,0.27303,0.00348,-0.01515,0.00717,0.62937,0.43433,0.44983,14.19214,1,0.30824,-0.04667,1.30297,0.003,1,1,0.04893,0.00846,0.64102,0.69617,0.44384,17.75805,1,0.24885,-0.02267,1.32017,0.00361,1,1,participant_9,question_14,Timer-Correct,True,Other,NOT_RANDOM,0
0.0,0,38,1,0.27624,-0.04971,0,0.78385,0.41296,0.05981,8095,3432.83301,1,0.27335,-0.00184,-0.01515,0.00717,0.62937,0.43445,0.45019,14.1952,1,0.30597,-0.06235,1.32017,0.00296,1,1,0.04893,0.00846,0.64102,0.69627,0.44391,17.87536,1,0.24651,-0.03707,1.33738,0.00357,1,1,participant_9,question_14,Timer-Correct,True,Other,NOT_RANDOM,0
0.0,0,38,1,0.28064,-0.07613,0,0.78385,0.41296,0.06641,8095,3432.83301,1,0.27401,-0.00859,-0.01515,0.00717,0.62937,0.43446,0.4501,14.19911,1,0.30553,-0.07154,1.33738,0.00306,1,1,0.04893,0.00846,0.64102,0.69631,0.44404,17.39199,1,0.25575,-0.08073,1.33738,0.0036,1,1,participant_9,question_14,Timer-Correct,True,Other,NOT_RANDOM,0
0.0,0,38,1,0.27359,-0.06636,0,0.78385,0.41296,0.07349,8095,3432.83301,1,0.27398,-0.01341,-0.01515,0.00717,0.62937,0.43443,0.45023,14.08431,1,0.31419,-0.06862,1.33738,0.00294,1,1,0.04893,0.00846,0.64102,0.69628,0.44412,17.57327,1,0.233,-0.06409,1.33738,0.0036,1,1,participant_9,question_14,Timer-Correct,True,Other,NOT_RANDOM,0
0.0,0,38,1,0.27483,-0.059,0,0.78385,0.41296,0.08008,8095,3432.83301,1,0.27404,-0.01691,-0.01515,0.00717,0.62937,0.43443,0.45023,14.08431,1,0.31419,-0.06862,1.33738,0.00294,1,1,0.04656,0.00804,0.60888,0.6963,0.44408,17.70485,1,0.23547,-0.04938,1.32017,0.00359,1,1,participant_9,question_14,Timer-Correct,True,Other,NOT_RANDOM,0
0.0,0,38,1,0.25609,-0.03573,0,0.78385,0.41296,0.08691,8095,3432.83301,1,0.27276,-0.01826,-0.01515,0.00717,0.62937,0.43452,0.45024,13.98077,1,0.26561,-0.03578,1.32017,0.00293,1,1,0.04656,0.00804,0.60888,0.69647,0.444,17.52136,1,0.24657,-0.03567,1.30297,0.00362,1,1,participant_9,question_14,Timer-Correct,True,Other,NOT_RANDOM,0
0.0,0,38,1,0.25188,-0.0028,0,0.78385,0.41296,0.09351,8095,3432.83301,1,0.27137,-0.01723,-0.01515,0.00717,0.62937,0.43448,0.45028,13.91417,1,0.27509,-0.02361,1.30297,0.00298,1,1,0.04656,0.00804,0.60888,0.69653,0.44395,17.54621,1,0.22867,0.01801,1.28576,0.00365,1,1,participant_9,question_14,Timer-Correct,True,Other,NOT_RANDOM,0
0.0,0,38,1,0.25455,0.01197,0,0.78385,0.41296,0.1001,8095,3432.83301,1,0.27032,-0.0154,-0.01474,0.00698,0.61617,0.43456,0.45028,13.84708,1,0.27777,-0.00828,1.28576,0.00294,1,1,0.04656,0.00804,0.60888,0.6966,0.44399,17.57209,1,0.23132,0.03222,1.26855,0.00361,1,1,participant_9,question_14,Timer-Correct,True,Other,NOT_RANDOM,0
0.0,0,38,1,0.26711,0.03506,0,0.78385,0.41296,0.10669,8095,3432.83301,1,0.27013,-0.01243,-0.01474,0.00698,0.61617,0.43459,0.4503,13.78288,1,0.28777,0.01056,1.26855,0.00294,1,1,0.04656,0.00804,0.60888,0.69662,0.44397,17.6291,1,0.24646,0.05955,1.26855,0.00359,1,1,participant_9,question_14,Timer-Correct,True,Question,NOT_RANDOM,0
0.0,0,38,1,0.26984,0.03626,0,0.78385,0.41296,0.11353,8095,3432.83301,1,0.27011,-0.00973,-0.01474,0.00698,0.61617,0.43471,0.45025,13.70607,1,0.29127,0.01403,1.26855,0.00295,1,1,0.04656,0.00804,0.60888,0.69674,0.44412,17.92291,1,0.2484,0.05849,1.26855,0.00363,1,1,participant_9,question_14,Timer-Correct,True,Question,NOT_RANDOM,0
0.0,0,38,1,0.26794,0.02532,0,0.78385,0.41296,0.12012,8095,3432.83301,1,0.27,-0.00788,-0.01551,0.00742,0.65066,0.43487,0.45021,13.59771,1,0.28993,0.00603,1.27757,0.00298,1,1,0.04775,0.00823,0.62373,0.69689,0.44388,17.79022,1,0.24594,0.04462,1.28572,0.00361,1,1,participant_9,question_14,Timer-Correct,True,Question,NOT_RANDOM,0
0.0,0,38,1,0.26162,0.15507,0,0.78385,0.41296,0.12671,8095,3432.83301,1,0.26958,0.00026,-0.01551,0.00742,0.65066,0.43487,0.45021,13.59771,0,0.28993,0.00603,1.29473,0.00298,1,0,0.04775,0.00823,0.62373,0.69705,0.4448,15.09286,1,0.26162,0.15507,1.30288,0.00342,1,1,participant_9,question_14,Timer-Correct,True,Question,NOT_RANDOM,0
0.0,0,38,0,0.26162,0.15507,0,0.78385,0.41296,0.13428,8095,3432.83301,1,0.26958,0.00026,-0.01551,0.00742,0.65066,0.7378,0.43393,8.01358,0,0.28993,0.00603,1.3119,0.0019,1,1,0.04775,0.00823,0.62373,0.69705,0.4448,15.09286,0,0.26162,0.15507,1.32005,0.00342,1,0,participant_9,question_14,Timer-Correct,False,Question,NOT_RANDOM,0
0.0,0,38,0,0.26162,0.15507,0,0.78385,0.41296,0.14062,8095,3432.83301,1,0.26958,0.00026,-0.01551,0.00742,0.65066,0.7378,0.43393,8.01358,0,0.28993,0.00603,1.32907,0.0019,1,0,0.04775,0.00823,0.62373,0.69705,0.4448,15.09286,0,0.26162,0.15507,1.33722,0.00342,1,0,participant_9,question_14,Timer-Correct,False,Question,NOT_RANDOM,0
0.0,0,38,0,0.26162,0.15507,0,0.78385,0.41296,0.14722,8095,3432.83301,1,0.26958,0.00026,-0.01551,0.00742,0.65066,0.7378,0.43393,8.01358,0,0.28993,0.00603,1.33722,0.0019,1,0,0.04775,0.00823,0.62373,0.69705,0.4448,15.09286,0,0.26162,0.15507,1.33722,0.00342,1,0,participant_9,question_14,Timer-Correct,False,Question,NOT_RANDOM,0
0.0,0,38,0,0.26162,0.15507,0,0.78385,0.41296,0.14722,8095,3432.83301,0,0.26774,-0.00506,-0.01551,0.00742,0.65066,0.7378,0.43393,8.01358,0,0.28993,0.00603,1.33722,0.0019,1,0,0.04775,0.00823,0.62373,0.69705,0.4448,15.09286,0,0.26162,0.15507,1.33722,0.00342,1,0,participant_9,question_14,Timer-Correct,False,Question,NOT_RANDOM,0
0.0,0,38,0,0.26162,0.15507,0,0.78385,0.41296,0.14722,8095,3432.83301,0,0.26774,-0.00506,-0.01551,0.00742,0.65066,0.7378,0.43393,8.01358,0,0.28993,0.00603,1.33722,0.0019,1,0,0.04775,0.00823,0.62373,0.69705,0.4448,15.09286,0,0.26162,0.15507,1.33722,0.00342,1,0,participant_9,question_14,Timer-Correct,False,Question,NOT_RANDOM,0
0.0,38,38,0,0.26162,0.15507,0,0.78385,0.41296,0.14722,8095,3432.83301,0,0.26774,-0.00506,-0.01551,0.00742,0.65066,0.7378,0.43393,8.01358,0,0.28993,0.00603,1.33722,0.0019,1,0,0.04775,0.00823,0.62373,0.69705,0.4448,15.09286,0,0.26162,0.15507,1.33722,0.00342,1,0,participant_9,question_14,Timer-Correct,True,Question,NOT_RANDOM,0
0.0,38,37,0,0.26162,0.15507,0,0.78385,0.41296,0.14722,8095,3432.83301,0,0.0,0.0,-0.01551,0.00742,0.65066,0.7378,0.43393,8.01358,0,0.28993,0.00603,1.33722,0.0019,1,0,0.04775,0.00823,0.62373,0.69705,0.4448,15.09286,0,0.26162,0.15507,1.33722,0.00342,1,0,participant_9,question_14,Timer-Correct,True,Question,NOT_RANDOM,0
0.0,38,37,0,0.26162,0.15507,0,0.78385,0.41296,0.14722,8095,3432.83301,0,0.0,0.0,-0.01551,0.00742,0.65066,0.7378,0.43393,8.01358,0,0.28993,0.00603,1.33722,0.0019,1,0,0.04775,0.00823,0.62373,0.69705,0.4448,15.09286,0,0.26162,0.15507,1.33722,0.00342,1,0,participant_9,question_14,Timer-Correct,True,Question,NOT_RANDOM,0
0.0,38,37,0,0.26162,0.15507,0,0.78385,0.41296,0.14722,8095,3432.83301,0,0.0,0.0,-0.01551,0.00742,0.65066,0.7378,0.43393,8.01358,0,0.28993,0.00603,1.33722,0.0019,1,0,0.04775,0.00823,0.62373,0.69705,0.4448,15.09286,0,0.26162,0.15507,1.33722,0.00342,1,0,participant_9,question_14,Timer-Correct,True,Question,NOT_RANDOM,0
0.0,38,37,0,0.26162,0.15507,0,0.78385,0.41296,0.14722,8095,3432.83301,0,0.0,0.0,-0.01551,0.00742,0.65066,0.7378,0.43393,8.01358,0,0.28993,0.00603,1.33722,0.0019,1,0,0.04775,0.00823,0.62373,0.69705,0.4448,15.09286,0,0.26162,0.15507,1.33722,0.00342,1,0,participant_9,question_14,Timer-Correct,True,Question,NOT_RANDOM,0
0.0,38,37,0,0.26162,0.15507,0,0.78385,0.41296,0.14722,8095,3432.83301,0,0.0,0.0,-0.01551,0.00742,0.65066,0.7378,0.43393,8.01358,0,0.28993,0.00603,1.33722,0.0019,1,0,0.04775,0.00823,0.62373,0.69705,0.4448,15.09286,0,0.26162,0.15507,1.33722,0.00342,1,0,participant_9,question_14,Timer-Correct,True,Question,NOT_RANDOM,0
0.0,38,37,0,0.26162,0.15507,0,0.78385,0.41296,0.14722,8095,3432.83301,0,0.0,0.0,-0.01551,0.00742,0.65066,0.7378,0.43393,8.01358,0,0.28993,0.00603,1.33722,0.0019,1,0,0.04775,0.00823,0.62373,0.69705,0.4448,15.09286,0,0.26162,0.15507,1.33722,0.00342,1,0,participant_9,question_14,Timer-Correct,True,Question,NOT_RANDOM,0
0.0,38,37,0,0.26162,0.15507,0,0.78385,0.41296,0.14722,8095,3432.83301,0,0.0,0.0,-0.01551,0.00742,0.65066,0.7378,0.43393,8.01358,0,0.28993,0.00603,1.33722,0.0019,1,0,0.04775,0.00823,0.62373,0.69705,0.4448,15.09286,0,0.26162,0.15507,1.33722,0.00342,1,0,participant_9,question_14,Timer-Correct,True,Question,NOT_RANDOM,0
0.0,38,37,0,0.26162,0.15507,0,0.78385,0.41296,0.14722,8095,3432.83301,0,0.0,0.0,-0.01551,0.00742,0.65066,0.7378,0.43393,8.01358,0,0.28993,0.00603,1.33722,0.0019,1,0,0.04775,0.00823,0.62373,0.69705,0.4448,15.09286,0,0.26162,0.15507,1.33722,0.00342,1,0,participant_9,question_14,Timer-Correct,True,Question,NOT_RANDOM,0
0.0,38,37,0,0.26162,0.15507,0,0.78385,0.41296,0.14722,8095,3432.83301,0,0.0,0.0,-0.01551,0.00742,0.65066,0.7378,0.43393,8.01358,0,0.28993,0.00603,1.33722,0.0019,1,0,0.04775,0.00823,0.62373,0.69705,0.4448,15.09286,0,0.26162,0.15507,1.33722,0.00342,1,0,participant_9,question_14,Timer-Correct,True,Question,NOT_RANDOM,0
0.0,38,37,0,0.26162,0.15507,0,0.78385,0.41296,0.14722,8095,3432.83301,0,0.0,0.0,-0.01551,0.00742,0.65066,0.7378,0.43393,8.01358,0,0.28993,0.00603,1.33722,0.0019,1,0,0.04775,0.00823,0.62373,0.69705,0.4448,15.09286,0,0.26162,0.15507,1.33722,0.00342,1,0,participant_9,question_14,Timer-Correct,True,Question,NOT_RANDOM,0
0.0,38,37,0,0.26162,0.15507,0,0.78385,0.41296,0.14722,8095,3432.83301,0,0.0,0.0,-0.01551,0.00742,0.65066,0.7378,0.43393,8.01358,0,0.28993,0.00603,1.33722,0.0019,1,0,0.04775,0.00823,0.62373,0.69705,0.4448,15.09286,0,0.26162,0.15507,1.33722,0.00342,1,0,participant_9,question_14,Timer-Correct,True,Question,NOT_RANDOM,0
0.08948,0,38,1,0.85145,1.1668,0,0.78385,0.41296,0.14722,8095,3432.83301,0,0.42572,0.5834,-0.01551,0.00742,0.65066,0.74075,0.05691,6.54438,1,0.85145,1.1668,1.33722,0.00224,1,1,0.04775,0.00823,0.62373,0.69705,0.4448,15.09286,0,0.26162,0.15507,1.33722,0.00342,1,0,participant_9,question_14,Timer-Correct,True,Other,NOT_RANDOM,0
0.0,0,38,1,1.43185,1.48816,0,0.78385,0.41296,0.14722,8095,3432.83301,0,1.14165,1.32748,-0.01551,0.00742,0.65066,0.74077,0.05694,6.6017,1,1.43185,1.48816,1.33722,0.00224,1,1,0.04775,0.00823,0.62373,0.69705,0.4448,15.09286,0,0.26162,0.15507,1.33722,0.00342,1,0,participant_9,question_14,Timer-Correct,True,Other,NOT_RANDOM,0
0.0,0,38,1,1.42541,1.48577,0,0.78385,0.41296,0.14722,8095,3432.83301,0,1.28353,1.40663,-0.01551,0.00742,0.65066,0.74075,0.05692,6.57168,1,1.42541,1.48577,1.3282,0.00224,1,1,0.04775,0.00823,0.62373,0.69705,0.4448,15.09286,0,0.26162,0.15507,1.3282,0.00342,1,0,participant_9,question_14,Timer-Correct,True,Other,NOT_RANDOM,0
0.0,0,38,1,0.28455,1.01957,0,0.78385,0.41296,0.14722,8095,3432.83301,0,0.95053,1.27761,-0.01551,0.00742,0.65066,0.74075,0.05692,6.57168,1,0.28455,1.01957,1.31919,0.00224,1,1,0.04775,0.00823,0.62373,0.69705,0.4448,15.09286,0,0.26162,0.15507,1.31919,0.00342,1,0,participant_9,question_14,Timer-Correct,True,Other,NOT_RANDOM,0
0.0,0,38,1,0.74617,1.20344,0,0.78385,0.41296,0.14722,8095,3432.83301,0,0.81871,1.23626,-0.01551,0.00742,0.65066,0.74114,0.05701,6.55973,1,0.74617,1.20344,1.31017,0.00234,1,1,0.04775,0.00823,0.62373,0.69705,0.4448,15.09286,0,0.26162,0.15507,1.31017,0.00342,1,0,participant_9,question_14,Timer-Correct,True,Other,NOT_RANDOM,0
0.0,0,38,1,0.74442,1.20316,0,0.78385,0.41296,0.14722,8095,3432.83301,0,0.78157,1.21971,-0.01551,0.00742,0.65066,0.74087,0.0569,6.72175,1,0.74442,1.20316,1.30115,0.00229,1,1,0.04775,0.00823,0.62373,0.69705,0.4448,15.09286,0,0.26162,0.15507,1.30115,0.00342,1,0,participant_9,question_14,Timer-Correct,True,Other,NOT_RANDOM,0
0.0,0,38,1,0.22739,1.10502,0,0.78385,0.41296,0.14722,8095,3432.83301,0,0.59684,1.18148,-0.01551,0.00742,0.65066,0.74131,0.05719,6.54042,1,0.22739,1.10502,1.30115,0.00243,1,1,0.04775,0.00823,0.62373,0.69705,0.4448,15.09286,0,0.26162,0.15507,1.30115,0.00342,1,0,participant_9,question_14,Timer-Correct,True,Other,NOT_RANDOM,0
0.0,0,38,1,0.30982,1.06366,0,0.78385,0.41296,0.14722,8095,3432.83301,0,0.42721,1.12395,-0.01551,0.00742,0.65066,0.74134,0.0572,6.57453,1,0.30982,1.06366,1.30115,0.0024,1,1,0.04775,0.00823,0.62373,0.69705,0.4448,15.09286,0,0.26162,0.15507,1.30115,0.00342,1,0,participant_9,question_14,Timer-Correct,True,Other,NOT_RANDOM,0
0.0,0,38,1,0.30982,1.06366,0,0.78385,0.41296,0.14722,8095,3432.83301,0,0.36851,1.0938,-0.01551,0.00742,0.65066,0.74136,0.05724,6.48426,1,0.30982,1.06366,1.30115,0.00242,1,1,0.04775,0.00823,0.62373,0.69705,0.4448,15.09286,0,0.26162,0.15507,1.30115,0.00342,1,0,participant_9,question_14,Timer-Correct,True,Other,NOT_RANDOM,0
0.0,0,38,1,0.30982,1.06366,0,0.78385,0.41296,0.14722,8095,3432.83301,0,0.34895,1.08375,-0.01551,0.00742,0.65066,0.74118,0.0571,6.49235,1,0.30982,1.06366,1.30115,0.00227,1,1,0.04775,0.00823,0.62373,0.69705,0.4448,15.09286,0,0.26162,0.15507,1.30115,0.00342,1,0,participant_9,question_14,Timer-Correct,True,Other,NOT_RANDOM,0
0.0,0,38,1,1.30202,0.71029,0,0.78385,0.41296,0.14722,8095,3432.83301,0,0.64055,0.94587,-0.01551,0.00742,0.65066,0.74148,0.05723,6.64159,1,1.30202,0.71029,1.30115,0.00232,1,1,0.04775,0.00823,0.62373,0.69705,0.4448,15.09286,0,0.26162,0.15507,1.30115,0.00342,1,0,participant_9,question_14,Timer-Correct,True,Other,NOT_RANDOM,0
0.0,0,38,1,1.30202,0.71029,0,0.78385,0.41296,0.14722,8095,3432.83301,0,0.97129,0.82808,-0.01551,0.00742,0.65066,0.74143,0.05722,6.6051,1,1.30202,0.71029,1.30115,0.00239,1,1,0.04775,0.00823,0.62373,0.69705,0.4448,15.09286,0,0.26162,0.15507,1.30115,0.00342,1,0,participant_9,question_14,Timer-Correct,True,Other,NOT_RANDOM,0
0.0,0,38,1,0.72963,1.12582,0,0.78385,0.41296,0.14722,8095,3432.83301,0,0.89073,0.92732,-0.01551,0.00742,0.65066,0.74143,0.05722,6.6051,1,0.72963,1.12582,1.30115,0.00239,1,1,0.04775,0.00823,0.62373,0.69705,0.4448,15.09286,0,0.26162,0.15507,1.30115,0.00342,1,0,participant_9,question_14,Timer-Correct,True,Other,NOT_RANDOM,0
0.0,0,38,0,0.72963,1.12582,0,0.78385,0.41296,0.14722,8095,3432.83301,0,1.01582,0.91805,-0.01551,0.00742,0.65066,0.74143,0.05722,6.6051,0,0.72963,1.12582,1.30115,0.00239,1,0,0.04775,0.00823,0.62373,0.69705,0.4448,15.09286,0,0.26162,0.15507,1.30115,0.00342,1,0,participant_9,question_14,Timer-Correct,False,Other,NOT_RANDOM,0
0.0,0,38,0,0.72963,1.12582,0,0.78385,0.41296,0.14722,8095,3432.83301,0,1.01582,0.91805,-0.01551,0.00742,0.65066,0.74143,0.05722,6.6051,0,0.72963,1.12582,1.30115,0.00239,1,0,0.04775,0.00823,0.62373,0.69705,0.4448,15.09286,0,0.26162,0.15507,1.30115,0.00342,1,0,participant_9,question_14,Timer-Correct,False,Other,NOT_RANDOM,0
0.0,0,38,0,0.72963,1.12582,0,0.78385,0.41296,0.14722,8095,3432.83301,0,1.01582,0.91805,-0.01551,0.00742,0.65066,0.74143,0.05722,6.6051,0,0.72963,1.12582,1.30115,0.00239,1,0,0.04775,0.00823,0.62373,0.69705,0.4448,15.09286,0,0.26162,0.15507,1.30115,0.00342,1,0,participant_9,question_14,Timer-Correct,False,Other,NOT_RANDOM,0
0.0,0,38,0,0.72963,1.12582,0,0.78385,0.41296,0.14722,8095,3432.83301,0,0.0,0.0,-0.01551,0.00742,0.65066,0.74143,0.05722,6.6051,0,0.72963,1.12582,1.30115,0.00239,1,0,0.04775,0.00823,0.62373,0.69705,0.4448,15.09286,0,0.26162,0.15507,1.30115,0.00342,1,0,participant_9,question_14,Timer-Correct,False,Other,NOT_RANDOM,0
0.0,0,38,0,0.72963,1.12582,0,0.78385,0.41296,0.14722,8095,3432.83301,0,0.0,0.0,-0.01551,0.00742,0.65066,0.74143,0.05722,6.6051,0,0.72963,1.12582,1.30115,0.00239,1,0,0.04775,0.00823,0.62373,0.69705,0.4448,15.09286,0,0.26162,0.15507,1.30115,0.00342,1,0,participant_9,question_14,Timer-Correct,False,Other,NOT_RANDOM,0
0.0,0,38,0,0.72963,1.12582,0,0.78385,0.41296,0.14722,8095,3432.83301,0,0.0,0.0,-0.01551,0.00742,0.65066,0.74143,0.05722,6.6051,0,0.72963,1.12582,1.30115,0.00239,1,0,0.04775,0.00823,0.62373,0.69705,0.4448,15.09286,0,0.26162,0.15507,1.30115,0.00342,1,0,participant_9,question_14,Timer-Correct,False,Other,NOT_RANDOM,0
0.0,0,38,0,0.72963,1.12582,0,0.78385,0.41296,0.14722,8095,3432.83301,0,0.0,0.0,-0.01551,0.00742,0.65066,0.74143,0.05722,6.6051,0,0.72963,1.12582,1.30115,0.00239,1,0,0.04775,0.00823,0.62373,0.69705,0.4448,15.09286,0,0.26162,0.15507,1.30115,0.00342,1,0,participant_9,question_14,Timer-Correct,False,Other,NOT_RANDOM,0
0.0,0,38,0,0.72963,1.12582,0,0.78385,0.41296,0.14722,8095,3432.83301,0,0.0,0.0,-0.01551,0.00742,0.65066,0.74143,0.05722,6.6051,0,0.72963,1.12582,1.30115,0.00239,1,0,0.04775,0.00823,0.62373,0.69705,0.4448,15.09286,0,0.26162,0.15507,1.30115,0.00342,1,0,participant_9,question_14,Timer-Correct,False,Other,NOT_RANDOM,0
0.0,0,38,0,0.72963,1.12582,0,0.78385,0.41296,0.14722,8095,3432.83301,0,0.0,0.0,-0.01551,0.00742,0.65066,0.74143,0.05722,6.6051,0,0.72963,1.12582,1.30115,0.00239,1,0,0.04775,0.00823,0.62373,0.69705,0.4448,15.09286,0,0.26162,0.15507,1.30115,0.00342,1,0,participant_9,question_14,Timer-Correct,False,Other,NOT_RANDOM,0
0.0,0,38,0,0.72963,1.12582,0,0.78385,0.41296,0.14722,8095,3432.83301,0,0.0,0.0,-0.01551,0.00742,0.65066,0.74143,0.05722,6.6051,0,0.72963,1.12582,1.30115,0.00239,1,0,0.04775,0.00823,0.62373,0.69705,0.4448,15.09286,0,0.26162,0.15507,1.30115,0.00342,1,0,participant_9,question_14,Timer-Correct,False,Other,NOT_RANDOM,0
0.0,0,38,1,0.2883,0.00031,0,0.78385,0.41296,0.14722,8095,3432.83301,0,0.14415,0.00015,-0.01551,0.00742,0.65066,0.43745,0.45001,14.52993,1,0.30977,-0.00096,1.30115,0.00297,1,1,0.04775,0.00823,0.62373,0.69949,0.4454,18.92579,1,0.26683,0.00157,1.30115,0.00435,1,1,participant_9,question_14,Timer-Correct,True,Other,NOT_RANDOM,0
0.0,0,38,1,0.2924,-0.02705,0,0.78385,0.41296,0.14722,8095,3432.83301,0,0.19357,-0.00892,-0.01551,0.00742,0.65066,0.43753,0.44994,14.34326,1,0.29986,-0.0499,1.30115,0.00305,1,1,0.04775,0.00823,0.62373,0.69929,0.44545,19.13944,1,0.28493,-0.0042,1.30115,0.00432,1,1,participant_9,question_14,Timer-Correct,True,Other,NOT_RANDOM,0
0.0,0,38,1,0.2929,-0.02374,0,0.78385,0.41296,0.14722,8095,3432.83301,0,0.2912,-0.01683,-0.01411,0.00697,0.61124,0.43724,0.44998,14.15077,1,0.30099,-0.04248,1.29304,0.00301,1,1,0.04917,0.0084,0.63664,0.69912,0.44519,18.7011,1,0.28482,-0.00499,1.3021,0.00446,1,1,participant_9,question_14,Timer-Correct,True,Other,NOT_RANDOM,0
0.0,0,38,1,0.29925,-0.02282,0,0.78385,0.41296,0.14722,8095,3432.83301,0,0.29523,-0.01982,-0.01411,0.00697,0.61124,0.43711,0.45008,14.18045,1,0.32092,-0.04174,1.29398,0.00309,1,1,0.04917,0.0084,0.63664,0.69897,0.4453,18.61541,1,0.27759,-0.00389,1.30304,0.00446,1,1,participant_9,question_14,Timer-Correct,True,Other,NOT_RANDOM,0
0.0,0,38,1,0.28954,-0.01678,0,0.78385,0.41296,0.14722,8095,3432.83301,0,0.29333,-0.01881,-0.01411,0.00697,0.61124,0.43707,0.4502,14.5335,1,0.30955,-0.0287,1.29492,0.00303,1,1,0.04917,0.0084,0.63664,0.69886,0.44528,17.9689,1,0.26954,-0.00485,1.30398,0.00447,1,1,participant_9,question_14,Timer-Correct,True,Other,NOT_RANDOM,0
0.0,0,38,1,0.2883,-0.0253,0,0.78385,0.41296,0.01978,8096,3433.33496,1,0.29207,-0.02043,-0.01465,0.00714,0.63016,0.43702,0.45018,14.3686,1,0.30716,-0.04503,1.313,0.00305,1,1,0.04832,0.00827,0.62687,0.69898,0.44528,18.2409,1,0.26943,-0.00558,1.30485,0.00428,1,1,participant_9,question_14,Timer-Correct,True,Other,NOT_RANDOM,0
0.0,0,38,1,0.28593,-0.03587,0,0.78385,0.41296,0.02661,8096,3433.33496,1,0.29085,-0.02352,-0.01465,0.00714,0.63016,0.43683,0.4501,14.20134,1,0.31353,-0.06369,1.32198,0.00307,1,1,0.04832,0.00827,0.62687,0.69881,0.44543,18.93836,1,0.25834,-0.00806,1.30477,0.00435,1,1,participant_9,question_14,Timer-Correct,True,Other,NOT_RANDOM,0
0.0,0,38,1,0.28137,-0.0367,0,0.78385,0.41296,0.03345,8096,3433.33496,1,0.28927,-0.02572,-0.01465,0.00714,0.63016,0.43678,0.44999,14.67655,1,0.30635,-0.05988,1.3219,0.00298,1,1,0.04832,0.00827,0.62687,0.69879,0.44538,18.96928,1,0.25639,-0.01351,1.30469,0.00433,1,1,participant_9,question_14,Timer-Correct,True,Other,NOT_RANDOM,0
0.0,0,38,1,0.28138,-0.03663,0,0.78385,0.41296,0.04028,8096,3433.33496,1,0.28814,-0.02728,-0.01519,0.00745,0.6534,0.4367,0.44999,14.63003,1,0.30636,-0.05981,1.32182,0.003,1,1,0.04832,0.00827,0.62687,0.69868,0.4453,18.9716,1,0.2564,-0.01345,1.30461,0.00436,1,1,participant_9,question_14,Timer-Correct,True,Other,NOT_RANDOM,0
0.0,0,38,1,0.28454,-0.00999,0,0.78385,0.41296,0.04688,8096,3433.33496,1,0.28769,-0.02512,-0.01519,0.00745,0.6534,0.43657,0.45011,14.57632,1,0.30203,-0.04253,1.30461,0.00309,1,1,0.04832,0.00827,0.62687,0.69866,0.44526,18.95429,1,0.26706,0.02254,1.30461,0.00433,1,1,participant_9,question_14,Timer-Correct,True,Other,NOT_RANDOM,0
0.0,0,38,1,0.2918,-0.02012,0,0.78385,0.41296,0.05371,8096,3433.33496,1,0.28815,-0.02456,-0.01519,0.00745,0.6534,0.43647,0.45024,14.45772,1,0.32254,-0.05872,1.30461,0.00311,1,1,0.04832,0.00827,0.62687,0.69863,0.4453,18.98952,1,0.26105,0.01848,1.30461,0.00438,1,1,participant_9,question_14,Timer-Correct,True,Other,NOT_RANDOM,0
0.0,0,38,1,0.29284,-0.01227,0,0.78385,0.41296,0.06006,8096,3433.33496,1,0.28862,-0.02333,-0.01413,0.00684,0.60385,0.43635,0.45019,14.53045,1,0.32463,-0.04294,1.28748,0.00306,1,1,0.04853,0.00833,0.63091,0.69851,0.44507,18.70865,1,0.26104,0.01841,1.30469,0.00432,1,1,participant_9,question_14,Timer-Correct,True,Other,NOT_RANDOM,0
0.0,0,38,1,0.2904,0.00197,0,0.78385,0.41296,0.06689,8096,3433.33496,1,0.28878,-0.02103,-0.01413,0.00684,0.60385,0.43633,0.4502,14.59963,1,0.30772,-0.02197,1.28756,0.00301,1,1,0.04853,0.00833,0.63091,0.69822,0.44532,18.29766,1,0.27308,0.02591,1.30477,0.00446,1,1,participant_9,question_14,Timer-Correct,True,Other,NOT_RANDOM,0
0.0,0,38,1,0.29886,0.00568,0,0.78385,0.41296,0.07373,8096,3433.33496,1,0.28962,-0.01881,-0.01413,0.00684,0.60385,0.43633,0.4502,14.59963,1,0.32917,-0.01518,1.28764,0.003,1,1,0.04853,0.00833,0.63091,0.69831,0.44512,18.19661,1,0.26854,0.02653,1.30485,0.0043,1,1,participant_9,question_14,Timer-Correct,True,Other,NOT_RANDOM,0
0.0,0,38,1,0.29784,-0.00207,0,0.78385,0.41296,0.08032,8096,3433.33496,1,0.29025,-0.01752,-0.01509,0.00726,0.64094,0.43628,0.45023,14.53556,1,0.32713,-0.03067,1.30485,0.00305,1,1,0.04535,0.0078,0.59071,0.69803,0.44513,17.84258,1,0.26854,0.02653,1.30485,0.00435,1,1,participant_9,question_14,Timer-Correct,True,Other,NOT_RANDOM,0
0.0,0,38,1,0.28712,-0.01171,0,0.78385,0.41296,0.08716,8096,3433.33496,1,0.29003,-0.0171,-0.01509,0.00726,0.64094,0.43612,0.45028,14.6021,1,0.31666,-0.04604,1.32198,0.00315,1,1,0.04535,0.0078,0.59071,0.69794,0.44521,18.84209,1,0.25759,0.02262,1.30477,0.00442,1,1,participant_9,question_14,Timer-Correct,True,Other,NOT_RANDOM,0
0.0,0,38,1,0.28496,-0.01324,0,0.78385,0.41296,0.09375,8096,3433.33496,1,0.28969,-0.01685,-0.01509,0.00726,0.64094,0.43612,0.45022,14.44566,1,0.3129,-0.04413,1.3219,0.0031,1,1,0.04535,0.0078,0.59071,0.69795,0.44519,18.85312,1,0.25702,0.01766,1.30469,0.0044,1,1,participant_9,question_14,Timer-Correct,True,Other,NOT_RANDOM,0
0.0,0,38,1,0.28497,-0.01317,0,0.78385,0.41296,0.10083,8096,3433.33496,1,0.28939,-0.01662,-0.01505,0.00719,0.63917,0.43597,0.45038,14.51308,1,0.31291,-0.04406,1.32182,0.003,1,1,0.04535,0.0078,0.59071,0.69793,0.44525,19.01346,1,0.25703,0.01772,1.30461,0.00437,1,1,participant_9,question_14,Timer-Correct,True,Other,NOT_RANDOM,0
0.0,0,38,1,0.28078,-0.00058,0,0.78385,0.41296,0.10693,8096,3433.33496,1,0.28889,-0.01567,-0.01505,0.00719,0.63917,0.43595,0.45039,14.49868,1,0.31256,-0.02095,1.30461,0.00301,1,1,0.04535,0.0078,0.59071,0.69793,0.44521,19.1283,1,0.24901,0.01979,1.30461,0.00431,1,1,participant_9,question_14,Timer-Correct,True,Other,NOT_RANDOM,0
0.0,0,38,1,0.27922,-0.0013,0,0.78385,0.41296,0.11377,8096,3433.33496,1,0.28835,-0.01487,-0.01505,0.00719,0.63917,0.43592,0.45038,14.50275,1,0.30831,-0.02456,1.30461,0.00302,1,1,0.04535,0.0078,0.59071,0.69793,0.44519,19.00553,1,0.25013,0.02196,1.30461,0.00434,1,1,participant_9,question_14,Timer-Correct,True,Other,NOT_RANDOM,0
0.0,0,38,1,0.28044,0.0064,0,0.78385,0.41296,0.12061,8096,3433.33496,1,0.28793,-0.01375,-0.01472,0.00701,0.62323,0.43591,0.45042,14.64625,1,0.3095,-0.0165,1.2956,0.003,1,1,0.04535,0.0078,0.59071,0.69793,0.4452,19.02535,1,0.25137,0.0293,1.2956,0.00433,1,1,participant_9,question_14,Timer-Correct,True,Other,NOT_RANDOM,0
0.0,0,38,1,0.29146,0.01439,0,0.78385,0.41296,0.12769,8096,3433.33496,1,0.28811,-0.01235,-0.01472,0.00701,0.62323,0.43588,0.45028,14.22828,1,0.30843,-0.00662,1.28658,0.00301,1,1,0.04535,0.0078,0.59071,0.69793,0.44524,19.05741,1,0.27448,0.03539,1.28658,0.00432,1,1,participant_9,question_14,Timer-Correct,True,Other,NOT_RANDOM,0
0.0,0,38,1,0.29809,0.0157,0,0.78385,0.41296,0.13403,8096,3433.33496,1,0.28859,-0.01101,-0.01472,0.00701,0.62323,0.43596,0.45026,14.21051,1,0.32919,-0.01554,1.27757,0.003,1,1,0.04535,0.0078,0.59071,0.6979,0.44522,18.81389,1,0.26699,0.04695,1.27757,0.00444,1,1,participant_9,question_14,Timer-Correct,True,Other,NOT_RANDOM,0
0.0,0,38,1,0.29869,0.02015,0,0.78385,0.41296,0.14062,8096,3433.33496,1,0.28904,-0.0096,-0.01455,0.00707,0.62017,0.4364,0.45024,14.4936,1,0.33028,-0.00736,1.26855,0.00299,1,1,0.04837,0.00831,0.62945,0.69852,0.44511,18.52041,1,0.26711,0.04766,1.2767,0.00434,1,1,participant_9,question_14,Timer-Correct,True,Other,NOT_RANDOM,0
0.0,0,38,1,0.33667,-0.00298,0,0.78385,0.41296,0.14771,8096,3433.33496,1,0.29112,-0.00931,-0.01455,0.00707,0.62017,0.43688,0.45012,14.17005,1,0.35689,-0.02522,1.2767,0.00313,1,1,0.04837,0.00831,0.62945,0.69871,0.4445,18.87043,1,0.31645,0.01926,1.28485,0.00415,1,1,participant_9,question_14,Timer-Correct,True,Other,NOT_RANDOM,0
0.0,0,38,1,0.3149,-0.0204,0,0.78385,0.41296,0.15405,8096,3433.33496,1,0.29211,-0.00977,-0.01455,0.00707,0.62017,0.43698,0.45005,14.25016,1,0.33728,-0.04077,1.28485,0.00306,1,1,0.04837,0.00831,0.62945,0.69861,0.44473,18.98954,1,0.29253,-3e-05,1.293,0.00416,1,1,participant_9,question_14,Timer-Correct,True,Other,NOT_RANDOM,0
0.0,0,38,1,0.31444,-0.02416,0,0.78385,0.41296,0.16089,8096,3433.33496,1,0.293,-0.01035,-0.01477,0.00722,0.63323,0.43708,0.44994,14.28494,1,0.33635,-0.04829,1.293,0.00305,1,1,0.04832,0.00827,0.62687,0.69921,0.44481,19.06205,1,0.29253,-3e-05,1.293,0.00427,1,1,participant_9,question_14,Timer-Correct,True,Other,NOT_RANDOM,0
0.0,0,38,1,0.31869,0.00189,0,0.78385,0.41296,0.16724,8096,3433.33496,1,0.29399,-0.00988,-0.01477,0.00722,0.63323,0.43725,0.44974,14.55346,1,0.33676,-0.01196,1.293,0.00306,1,1,0.04832,0.00827,0.62687,0.69927,0.44484,18.94009,1,0.30063,0.01573,1.28485,0.00426,1,1,participant_9,question_14,Timer-Correct,True,Other,NOT_RANDOM,0
0.0,0,38,1,0.31819,-0.00233,0,0.78385,0.41296,0.17432,8096,3433.33496,1,0.29488,-0.0096,-0.01477,0.00722,0.63323,0.43716,0.44997,14.07123,1,0.33692,-0.02218,1.28485,0.00305,1,1,0.04832,0.00827,0.62687,0.69926,0.44482,18.82625,1,0.29946,0.01752,1.2767,0.00426,1,1,participant_9,question_14,Timer-Correct,True,Other,NOT_RANDOM,0
0.0,0,38,1,0.3191,0.00481,0,0.78385,0.41296,0.18091,8096,3433.33496,1,0.29575,-0.00908,-0.01477,0.00722,0.63323,0.43716,0.44991,14.36049,1,0.33784,-0.01477,1.2767,0.00302,1,1,0.04832,0.00832,0.62687,0.69921,0.44477,18.88465,1,0.30035,0.02438,1.26855,0.00428,1,1,participant_9,question_14,Timer-Correct,True,Other,NOT_RANDOM,0
0.0,0,38,1,0.31805,0.01994,0,0.78385,0.41296,0.1875,8096,3433.33496,1,0.29652,-0.00808,-0.01477,0.00722,0.63323,0.4371,0.44992,14.44305,1,0.3339,0.01597,1.26855,0.00297,1,1,0.04832,0.00832,0.62687,0.69933,0.44481,18.94483,1,0.3022,0.02392,1.26855,0.00425,1,1,participant_9,question_14,Timer-Correct,True,Other,NOT_RANDOM,0
0.0,0,38,1,0.31915,0.0183,0,0.78385,0.41296,0.19434,8096,3433.33496,1,0.29727,-0.0072,-0.01477,0.00722,0.63323,0.43711,0.44969,14.72731,1,0.33833,0.01283,1.26855,0.0031,1,1,0.04832,0.00832,0.62687,0.6994,0.44483,18.94368,1,0.29998,0.02377,1.26855,0.00427,1,1,participant_9,question_14,Timer-Correct,True,Other,NOT_RANDOM,0
0.0,0,38,1,0.31915,0.0183,0,0.78385,0.41296,0.20093,8096,3433.33496,1,0.29798,-0.00638,-0.01477,0.00722,0.63323,0.43724,0.44973,14.53067,1,0.33833,0.01283,1.26855,0.00306,1,1,0.04832,0.00827,0.62687,0.69929,0.4448,18.97088,1,0.29998,0.02377,1.26855,0.00427,1,1,participant_9,question_14,Timer-Correct,True,Other,NOT_RANDOM,0
0.0,0,38,1,0.31859,0.0121,0,0.78385,0.41296,0.20776,8096,3433.33496,1,0.29862,-0.0058,-0.01477,0.00722,0.63323,0.43724,0.44973,14.53067,1,0.33758,0.00198,1.26855,0.00306,1,1,0.04832,0.00827,0.62687,0.69936,0.44485,18.91147,1,0.2996,0.02222,1.26855,0.00429,1,1,participant_9,question_14,Timer-Correct,True,Other,NOT_RANDOM,0
0.0,0,38,1,0.32227,0.02498,0,0.78385,0.41296,0.21436,8096,3433.33496,1,0.29934,-0.00487,-0.01477,0.00722,0.63323,0.43724,0.44985,14.17126,1,0.34068,0.01664,1.26855,0.00309,1,1,0.04832,0.00827,0.62687,0.69937,0.44483,18.94498,1,0.30386,0.03331,1.26855,0.00427,1,1,participant_9,question_14,Timer-Correct,True,Other,NOT_RANDOM,0
0.0,0,38,1,0.32227,0.02498,0,0.78385,0.41296,0.22095,8096,3433.33496,1,0.30001,-0.00399,-0.01477,0.00722,0.63323,0.43712,0.4498,14.56197,1,0.34068,0.01664,1.26855,0.00298,1,1,0.04832,0.00837,0.62687,0.69937,0.44483,18.94498,1,0.30386,0.03331,1.26855,0.00427,1,1,participant_9,question_14,Timer-Correct,True,Other,NOT_RANDOM,0
0.0,0,38,1,0.32076,-0.00046,0,0.78385,0.41296,0.22778,8096,3433.33496,1,0.30061,-0.00389,-0.01477,0.00722,0.63323,0.43714,0.44993,14.22481,1,0.34089,-0.02543,1.26855,0.003,1,1,0.04832,0.00837,0.62687,0.69937,0.44483,18.94498,1,0.30063,0.02451,1.26855,0.00427,1,1,participant_9,question_14,Timer-Correct,True,Other,NOT_RANDOM,0
0.0,0,38,1,0.32104,-0.0049,0,0.78385,0.41296,0.23438,8096,3433.33496,1,0.30117,-0.00392,-0.01477,0.00722,0.63323,0.43712,0.4498,14.58103,1,0.33899,-0.03297,1.26855,0.00298,1,1,0.04832,0.00837,0.62687,0.69934,0.44484,18.93253,1,0.30309,0.02318,1.26855,0.00428,1,1,participant_9,question_14,Timer-Correct,True,Other,NOT_RANDOM,0
0.0,0,38,1,0.32104,-0.0049,0,0.78385,0.41296,0.24194,8096,3433.33496,1,0.30171,-0.00394,-0.01477,0.00722,0.63323,0.43712,0.45,14.17078,1,0.33899,-0.03297,1.26855,0.00299,1,1,0.04832,0.00827,0.62687,0.69932,0.44483,18.95084,1,0.30309,0.02318,1.26855,0.00426,1,1,participant_9,question_14,Timer-Correct,True,Other,NOT_RANDOM,0
0.0,0,38,1,0.31669,0.00928,0,0.78385,0.41296,0.24805,8096,3433.33496,1,0.30211,-0.0036,-0.01477,0.00722,0.63323,0.43711,0.44999,14.1402,1,0.33011,-0.02132,1.26855,0.00299,1,1,0.04832,0.00827,0.62687,0.69945,0.44516,18.90252,1,0.30326,0.03988,1.26855,0.00428,1,1,participant_9,question_14,Timer-Correct,True,Other,NOT_RANDOM,0
0.0,0,38,1,0.31898,0.00681,0,0.78385,0.41296,0.25415,8096,3433.33496,1,0.30254,-0.00333,-0.01477,0.00722,0.63323,0.43712,0.45,14.17078,1,0.33267,-0.03055,1.26855,0.00299,1,1,0.04832,0.00827,0.62687,0.69942,0.44511,19.00172,1,0.3053,0.04416,1.26855,0.00428,1,1,participant_9,question_14,Timer-Correct,True,Other,NOT_RANDOM,0
0.0,0,38,1,0.31898,0.00681,0,0.78385,0.41296,0.26099,8096,3433.33496,1,0.30295,-0.00308,-0.01477,0.00722,0.63323,0.43704,0.45009,14.2173,1,0.33267,-0.03055,1.26855,0.00303,1,1,0.04832,0.00827,0.62687,0.69913,0.44506,18.55219,1,0.3053,0.04416,1.26855,0.00428,1,1,participant_9,question_14,Timer-Correct,True,Other,NOT_RANDOM,0
0.0,0,38,1,0.32138,0.02092,0,0.78385,0.41296,0.26807,8096,3433.33496,1,0.3034,-0.00249,-0.01477,0.00722,0.63323,0.43707,0.4501,14.2551,1,0.33618,-0.00829,1.26855,0.00303,1,1,0.04832,0.00827,0.62687,0.69923,0.44505,18.79545,1,0.30657,0.05013,1.26855,0.00425,1,1,participant_9,question_14,Timer-Correct,True,Other,NOT_RANDOM,0
0.0,0,38,1,0.30885,0.01041,0,0.78385,0.41296,0.27441,8096,3433.33496,1,0.30353,-0.00218,-0.01477,0.00722,0.63323,0.43708,0.45012,14.2121,1,0.33105,0.00414,1.26855,0.00304,1,1,0.04832,0.00827,0.62687,0.69916,0.44513,18.73991,1,0.28665,0.01668,1.26855,0.00425,1,1,participant_9,question_14,Timer-Correct,True,Other,NOT_RANDOM,0
0.0,0,38,1,0.30885,0.01041,0,0.78385,0.41296,0.28149,8096,3433.33496,1,0.30365,-0.00189,-0.01477,0.00722,0.63323,0.43705,0.45026,13.96039,1,0.33105,0.00414,1.26855,0.00302,1,1,0.04832,0.00827,0.62687,0.69919,0.44476,18.66166,1,0.28665,0.01668,1.26855,0.00441,1,1,participant_9,question_14,Timer-Correct,True,Other,NOT_RANDOM,0
0.0,0,38,1,0.31072,-0.01333,0,0.78385,0.41296,0.28882,8096,3433.33496,1,0.30381,-0.00215,-0.01477,0.00722,0.63323,0.43714,0.45012,14.54182,1,0.33716,-0.00568,1.26855,0.00301,1,1,0.04832,0.00827,0.62687,0.699,0.44528,18.91347,1,0.28429,-0.02097,1.26855,0.00437,1,1,participant_9,question_14,Timer-Correct,True,Other,NOT_RANDOM,0
0.0,0,38,1,0.3131,-0.00477,0,0.78385,0.41296,0.29468,8096,3433.33496,1,0.30402,-0.00221,-0.01477,0.00722,0.63323,0.43713,0.45038,14.14509,1,0.34192,0.00672,1.26855,0.00298,1,1,0.04832,0.00827,0.62687,0.69898,0.44532,18.88381,1,0.28428,-0.01626,1.26855,0.00442,1,1,participant_9,question_14,Timer-Correct,True,Other,NOT_RANDOM,0
0.0,0,38,1,0.31206,-0.01275,0,0.78385,0.41296,0.30127,8096,3433.33496,1,0.30419,-0.00244,-0.01554,0.00752,0.66877,0.43713,0.45038,14.14509,1,0.34092,-0.00138,1.27757,0.00298,1,1,0.04832,0.00827,0.62687,0.69916,0.44562,19.01294,1,0.2832,-0.02411,1.27757,0.00434,1,1,participant_9,question_14,Timer-Correct,True,Other,NOT_RANDOM,0
0.0,0,38,1,0.31829,-0.01217,0,0.78385,0.41296,0.30811,8096,3433.33496,1,0.30449,-0.00264,-0.01554,0.00752,0.66877,0.43724,0.45044,14.18958,1,0.34285,0.00041,1.28658,0.003,1,1,0.04832,0.00827,0.62687,0.69933,0.44541,18.99174,1,0.29372,-0.02475,1.28658,0.00425,1,1,participant_9,question_14,Timer-Correct,True,Other,NOT_RANDOM,0
0.0,0,38,1,0.31949,-0.01461,0,0.78385,0.41296,0.31494,8096,3433.33496,1,0.30481,-0.00289,-0.01554,0.00752,0.66877,0.43717,0.45046,14.05791,1,0.34456,-0.00349,1.2956,0.00308,1,1,0.04832,0.00827,0.62687,0.69932,0.44534,18.98992,1,0.29442,-0.02573,1.2956,0.00423,1,1,participant_9,question_14,Timer-Correct,True,Other,NOT_RANDOM,0
0.0,0,38,1,0.31806,-0.026,0,0.78385,0.41296,0.32129,8096,3433.33496,1,0.30537,-0.00309,-0.01554,0.00752,0.66877,0.43725,0.4505,14.02317,1,0.34359,-0.01149,1.30461,0.00301,1,1,0.04762,0.00815,0.61729,0.69938,0.44543,18.9702,1,0.29253,-0.04052,1.31277,0.00427,1,1,participant_9,question_14,Timer-Correct,True,Other,NOT_RANDOM,0
0.0,0,38,1,0.32142,-0.03368,0,0.78385,0.41296,0.32837,8096,3433.33496,1,0.30583,-0.00331,-0.01554,0.00752,0.66877,0.4373,0.4505,14.03281,1,0.34729,-0.01597,1.31277,0.00298,1,1,0.04762,0.00815,0.61729,0.69944,0.44551,18.99572,1,0.29555,-0.05138,1.32092,0.00433,1,1,participant_9,question_14,Timer-Correct,True,Other,NOT_RANDOM,0
0.0,0,38,1,0.3265,-0.04305,0,0.78385,0.41296,0.33521,8096,3433.33496,1,0.3066,-0.00386,-0.01554,0.00752,0.66877,0.43737,0.45044,14.07854,1,0.3545,-0.03909,1.32092,0.00293,1,1,0.04762,0.00815,0.61729,0.69951,0.44544,19.02975,1,0.2985,-0.047,1.32907,0.00434,1,1,participant_9,question_14,Timer-Correct,True,Other,NOT_RANDOM,0
0.0,0,38,1,0.3261,-0.04671,0,0.78385,0.41296,0.3418,8096,3433.33496,1,0.30738,-0.0043,-0.01465,0.00704,0.63016,0.43745,0.45038,14.00744,1,0.3537,-0.04642,1.32907,0.00299,1,1,0.04668,0.00798,0.60451,0.69945,0.44528,18.45588,1,0.2985,-0.047,1.32907,0.0043,1,1,participant_9,question_14,Timer-Correct,True,Other,NOT_RANDOM,0
0.0,0,38,1,0.33128,-0.04025,0,0.78385,0.41296,0.34839,8096,3433.33496,1,0.30833,-0.0044,-0.01465,0.00704,0.63016,0.43747,0.4503,13.94346,1,0.35768,-0.03052,1.32907,0.00297,1,1,0.04668,0.00798,0.60451,0.69962,0.44526,17.98204,1,0.30488,-0.04998,1.32092,0.0043,1,1,participant_9,question_14,Timer-Correct,True,Other,NOT_RANDOM,0
0.0,0,38,1,0.33424,-0.03973,0,0.78385,0.41296,0.35474,8096,3433.33496,1,0.30943,-0.00446,-0.01465,0.00704,0.63016,0.4376,0.4503,14.02879,1,0.35975,-0.04234,1.32092,0.00294,1,1,0.04668,0.00798,0.60451,0.69965,0.44529,18.03703,1,0.30872,-0.03713,1.31277,0.00423,1,1,participant_9,question_14,Timer-Correct,True,Other,NOT_RANDOM,0
0.0,0,38,1,0.3367,-0.01745,0,0.78385,0.41296,0.36157,8096,3433.33496,1,0.31058,-0.00406,-0.01364,0.00664,0.59061,0.43765,0.4503,13.95756,1,0.36213,-0.01955,1.29564,0.003,1,1,0.04727,0.00806,0.61098,0.69965,0.44529,18.03703,1,0.31127,-0.01536,1.28748,0.00423,1,1,participant_9,question_14,Timer-Correct,True,Other,NOT_RANDOM,0
0.0,0,38,1,0.31624,9e-05,0,0.78385,0.41296,0.36841,8096,3433.33496,1,0.31124,-0.00385,-0.01364,0.00664,0.59061,0.43771,0.45036,13.87935,1,0.32847,0.00998,1.27036,0.00302,1,1,0.04727,0.00806,0.61098,0.6998,0.44534,18.13076,1,0.30401,-0.00981,1.27036,0.00435,1,1,participant_9,question_14,Timer-Correct,True,Other,NOT_RANDOM,0
0.0,0,38,1,0.32171,0.01733,0,0.78385,0.41296,0.375,8096,3433.33496,1,0.31187,-0.00307,-0.01364,0.00664,0.59061,0.43783,0.45045,14.23379,1,0.33653,0.0233,1.25323,0.00294,1,1,0.04727,0.00806,0.61098,0.69977,0.44529,18.00804,1,0.30688,0.01136,1.25323,0.00437,1,1,participant_9,question_14,Timer-Correct,True,Other,NOT_RANDOM,0
0.0,0,38,1,0.32228,0.02174,0,0.78385,0.41296,0.38208,8096,3433.33496,1,0.31248,-0.00236,-0.01427,0.00702,0.61998,0.43798,0.45042,14.10967,1,0.33759,0.03138,1.24421,0.00296,1,1,0.04835,0.00824,0.62422,0.7,0.44553,18.5889,1,0.30698,0.01211,1.25236,0.00434,1,1,participant_9,question_14,Timer-Correct,True,Other,NOT_RANDOM,0
0.0,0,38,1,0.31821,0.00594,0,0.78385,0.41296,0.38867,8096,3433.33496,1,0.31306,-0.00228,-0.01427,0.00702,0.61998,0.43795,0.4505,13.95881,1,0.34445,0.01638,1.26047,0.003,1,1,0.04835,0.00824,0.62422,0.70015,0.44537,18.96425,1,0.29197,-0.00451,1.26863,0.00426,1,1,participant_9,question_14,Timer-Correct,True,Other,NOT_RANDOM,0
0.0,0,38,1,0.32595,-0.00708,0,0.78385,0.41296,0.39551,8096,3433.33496,1,0.31362,-0.00254,-0.01427,0.00702,0.61998,0.43795,0.4505,13.95951,1,0.35266,0.00534,1.27674,0.003,1,1,0.04835,0.00824,0.62422,0.70019,0.44547,18.86585,1,0.29925,-0.01949,1.28489,0.0043,1,1,participant_9,question_14,Timer-Correct,True,Other,NOT_RANDOM,0
0.0,0,38,1,0.32329,-0.02931,0,0.78385,0.41296,0.4021,8096,3433.33496,1,0.31415,-0.00311,-0.01452,0.00707,0.63271,0.43819,0.4504,14.07315,1,0.35006,-0.01727,1.30202,0.00296,1,1,0.04835,0.00824,0.62422,0.70032,0.44538,18.60942,1,0.29651,-0.04135,1.31017,0.00432,1,1,participant_9,question_14,Timer-Correct,True,Other,NOT_RANDOM,0
0.0,0,38,1,0.3279,-0.04336,0,0.78385,0.41296,0.40845,8096,3433.33496,1,0.315,-0.00377,-0.01452,0.00707,0.63271,0.43828,0.45041,13.91536,1,0.35631,-0.04417,1.31919,0.00298,1,1,0.04835,0.00824,0.62422,0.70062,0.44541,18.20216,1,0.2995,-0.04254,1.31919,0.00429,1,1,participant_9,question_14,Timer-Correct,True,Other,NOT_RANDOM,0
0.0,0,38,1,0.32953,-0.04257,0,0.78385,0.41296,0.41479,8096,3433.33496,1,0.31593,-0.00438,-0.01452,0.00707,0.63271,0.43832,0.45039,13.94111,1,0.35333,-0.03748,1.3282,0.00296,1,1,0.04835,0.00824,0.62422,0.70054,0.4454,18.22578,1,0.30574,-0.04766,1.3282,0.00423,1,1,participant_9,question_14,Timer-Correct,True,Other,NOT_RANDOM,0
0.0,0,38,1,0.32953,-0.04257,0,0.78385,0.41296,0.42188,8096,3433.33496,1,0.31686,-0.00499,-0.01428,0.00707,0.62459,0.43841,0.45031,13.88391,1,0.35333,-0.03748,1.3282,0.00296,1,1,0.04818,0.00819,0.62083,0.70042,0.44527,18.02562,1,0.30574,-0.04766,1.3282,0.00423,1,1,participant_9,question_14,Timer-Correct,True,Other,NOT_RANDOM,0
0.0,0,38,1,0.30069,-0.02948,0,0.78385,0.41296,0.42969,8096,3433.33496,1,0.31728,-0.0056,-0.01428,0.00707,0.62459,0.43795,0.4505,13.95881,1,0.33062,-0.02186,1.31919,0.003,1,1,0.04818,0.00819,0.62083,0.7002,0.44553,18.88661,1,0.27077,-0.0371,1.31919,0.00428,1,1,participant_9,question_14,Timer-Correct,True,Other,NOT_RANDOM,0
0.0,0,38,1,0.26352,0.00749,0,0.78385,0.41296,0.43506,8096,3433.33496,1,0.31695,-0.00541,-0.01428,0.00707,0.62459,0.43765,0.45042,13.72056,1,0.28471,0.01369,1.31017,0.00291,1,1,0.04818,0.00819,0.62083,0.69939,0.44579,19.03287,1,0.24233,0.0013,1.31017,0.00415,1,1,participant_9,question_14,Timer-Correct,True,Other,NOT_RANDOM,0
0.0,0,38,1,0.26483,0.01508,0,0.78385,0.41296,0.44214,8096,3433.33496,1,0.31662,-0.00523,-0.01477,0.00703,0.63324,0.43585,0.45071,14.20689,1,0.28605,0.02143,1.30115,0.00297,1,1,0.04795,0.00813,0.62277,0.6978,0.44474,17.86921,1,0.24361,0.00874,1.30115,0.00365,1,1,participant_9,question_14,Timer-Correct,True,Other,NOT_RANDOM,0
0.0,0,38,1,0.1926,0.02336,0,0.78385,0.41296,0.44849,8096,3433.33496,1,0.31456,-0.00505,-0.01477,0.00703,0.63324,0.43486,0.451,13.56401,1,0.2226,0.0054,1.30115,0.00294,1,1,0.04795,0.00813,0.62277,0.69635,0.44486,17.79845,1,0.16259,0.04131,1.30115,0.00361,1,1,participant_9,question_14,Timer-Correct,True,Other,NOT_RANDOM,0
0.0,0,38,1,0.15651,0.0307,0,0.78385,0.41296,0.45508,8096,3433.33496,1,0.31161,-0.00473,-0.01477,0.00703,0.63324,0.43465,0.45106,13.32728,1,0.18894,-0.00647,1.30115,0.00285,1,1,0.04795,0.00813,0.62277,0.69588,0.44492,17.50654,1,0.12407,0.06787,1.30115,0.00367,1,1,participant_9,question_14,Timer-Correct,True,Question,NOT_RANDOM,0
0.0,0,38,1,0.15651,0.0307,0,0.78385,0.41296,0.45508,8096,3433.33496,0,0.27409,-0.00676,-0.01491,0.00696,0.62712,0.43321,0.45128,13.44925,1,0.18894,-0.00647,1.30115,0.00302,1,1,0.04813,0.00817,0.6299,0.69458,0.44519,17.69149,1,0.12407,0.06787,1.30115,0.00361,1,1,participant_9,question_14,Timer-Correct,True,Question,NOT_RANDOM,0
0.0,0,38,1,0.17515,0.03904,0,0.78385,0.41296,0.45508,8096,3433.33496,0,0.22462,0.01614,-0.01491,0.00696,0.62712,0.43313,0.45123,13.68036,1,0.19612,0.00081,1.30115,0.00297,1,1,0.04813,0.00817,0.6299,0.6944,0.44527,17.62365,1,0.15418,0.07727,1.30115,0.00366,1,1,participant_9,question_14,Timer-Correct,True,Question,NOT_RANDOM,0
0.0,0,38,1,0.1429,0.02728,0,0.78385,0.41296,0.45508,8096,3433.33496,0,0.19738,0.01985,-0.01491,0.00696,0.62712,0.43317,0.45119,13.63416,1,0.16725,-0.00435,1.30115,0.003,1,1,0.04813,0.00817,0.6299,0.69446,0.44518,17.63062,1,0.11855,0.05891,1.30115,0.00361,1,1,participant_9,question_14,Timer-Correct,True,Question,NOT_RANDOM,0
0.0,0,38,1,0.13985,0.01642,0,0.78385,0.41296,0.45508,8096,3433.33496,0,0.15264,0.02758,-0.01491,0.00696,0.62712,0.43317,0.45119,13.63416,1,0.16515,-0.01215,1.31017,0.003,1,1,0.04961,0.0084,0.64743,0.69464,0.4451,17.78968,1,0.11456,0.04499,1.31923,0.00359,1,1,participant_9,question_14,Timer-Correct,True,Other,NOT_RANDOM,0
0.0,0,38,1,0.14772,0.02403,0,0.78385,0.41296,0.45508,8096,3433.33496,0,0.15018,0.02581,-0.01491,0.00696,0.62712,0.43322,0.45115,13.62939,1,0.1723,0.00696,1.32824,0.003,1,1,0.04961,0.0084,0.64743,0.69477,0.44509,17.73741,1,0.12314,0.04111,1.3373,0.0036,1,1,participant_9,question_14,Timer-Correct,True,Other,NOT_RANDOM,0
0.0,0,38,1,0.14152,0.02348,0,0.78385,0.41296,0.45508,8096,3433.33496,0,0.14729,0.02503,-0.01491,0.00696,0.62712,0.43338,0.45114,13.80151,1,0.16055,0.03563,1.34631,0.00296,1,1,0.04961,0.0084,0.64743,0.69487,0.44505,17.68965,1,0.1225,0.01133,1.35537,0.0036,1,1,participant_9,question_14,Timer-Correct,True,Other,NOT_RANDOM,0
0.0,0,38,1,0.1385,0.0127,0,0.78385,0.41296,0.02026,8097,3433.81714,1,0.14509,0.02195,-0.01505,0.00709,0.63917,0.43347,0.45114,13.60161,1,0.15638,0.02104,1.36439,0.00301,1,1,0.04813,0.00819,0.62746,0.69499,0.44505,17.7625,1,0.12062,0.00436,1.36439,0.00362,1,1,participant_9,question_14,Timer-Correct,True,Other,NOT_RANDOM,0
0.0,0,38,1,0.14982,0.01088,0,0.78385,0.41296,0.02686,8097,3433.81714,1,0.14604,0.01973,-0.01505,0.00709,0.63917,0.43365,0.45096,13.70565,1,0.15609,0.01631,1.36439,0.00303,1,1,0.04813,0.00819,0.62746,0.69504,0.44505,17.78997,1,0.14354,0.00544,1.35533,0.00359,1,1,participant_9,question_14,Timer-Correct,True,Other,NOT_RANDOM,0
0.0,0,38,1,0.1351,0.01028,0,0.78385,0.41296,0.03369,8097,3433.81714,1,0.14421,0.01816,-0.01505,0.00709,0.63917,0.43365,0.45096,13.70565,1,0.16544,0.00894,1.35533,0.00303,1,1,0.04813,0.00819,0.62746,0.69515,0.44492,17.56102,1,0.10476,0.01161,1.34627,0.00363,1,1,participant_9,question_14,Timer-Correct,True,Other,NOT_RANDOM,0
0.0,0,38,1,0.13914,0.02473,0,0.78385,0.41296,0.04028,8097,3433.81714,1,0.14349,0.0191,-0.01455,0.00688,0.62017,0.43373,0.45095,13.81447,1,0.16952,0.0238,1.33726,0.00298,1,1,0.04813,0.00822,0.62633,0.69539,0.44484,17.73608,1,0.10876,0.02566,1.3282,0.00361,1,1,participant_9,question_14,Timer-Correct,True,Other,NOT_RANDOM,0
0.0,0,38,1,0.15995,0.03071,0,0.78385,0.41296,0.04688,8097,3433.81714,1,0.14555,0.02055,-0.01455,0.00688,0.62017,0.43379,0.45107,14.02528,1,0.18896,0.03303,1.31919,0.00302,1,1,0.04813,0.00822,0.62633,0.69542,0.4449,17.58298,1,0.13094,0.02839,1.31919,0.00368,1,1,participant_9,question_14,Timer-Correct,True,Question,NOT_RANDOM,0
0.0,0,38,1,0.17281,0.03666,0,0.78385,0.41296,0.05371,8097,3433.81714,1,0.14858,0.02234,-0.01455,0.00688,0.62017,0.43397,0.45091,13.90428,1,0.20426,0.0445,1.31017,0.00293,1,1,0.04813,0.00822,0.62633,0.69566,0.44483,17.60508,1,0.14137,0.02882,1.31017,0.0036,1,1,participant_9,question_14,Timer-Correct,True,Question,NOT_RANDOM,0
0.0,0,38,1,0.17634,0.05053,0,0.78385,0.41296,0.0603,8097,3433.81714,1,0.15135,0.02516,-0.01413,0.00679,0.60385,0.43417,0.45073,13.82235,1,0.20779,0.05868,1.29304,0.00302,1,1,0.04795,0.00822,0.62277,0.69587,0.44485,17.69868,1,0.14489,0.04237,1.29304,0.00362,1,1,participant_9,question_14,Timer-Correct,True,Question,NOT_RANDOM,0
0.0,0,38,1,0.15792,0.04742,0,0.78385,0.41296,0.06689,8097,3433.81714,1,0.15195,0.02718,-0.01413,0.00679,0.60385,0.43431,0.45075,14.04983,1,0.17618,0.04466,1.28493,0.00301,1,1,0.04795,0.00822,0.62277,0.69603,0.44479,17.74481,1,0.13966,0.05017,1.28493,0.00361,1,1,participant_9,question_14,Timer-Correct,True,Question,NOT_RANDOM,0
0.0,0,38,1,0.15681,0.04296,0,0.78385,0.41296,0.07397,8097,3433.81714,1,0.15236,0.0285,-0.01413,0.00679,0.60385,0.4343,0.45077,14.00861,1,0.18658,0.04183,1.27681,0.003,1,1,0.04795,0.00822,0.62277,0.69606,0.44478,17.72167,1,0.12705,0.04409,1.27681,0.00359,1,1,participant_9,question_14,Timer-Correct,True,Question,NOT_RANDOM,0
0.0,0,38,1,0.15582,0.03935,0,0.78385,0.41296,0.08057,8097,3433.81714,1,0.15262,0.02933,-0.01443,0.0071,0.62279,0.43437,0.45057,13.73101,1,0.18658,0.04183,1.27681,0.00303,1,1,0.04917,0.0084,0.63664,0.69634,0.44456,17.60315,1,0.12506,0.03687,1.28587,0.0036,1,1,participant_9,question_14,Timer-Correct,True,Question,NOT_RANDOM,0
0.0,0,38,1,0.15499,0.02594,0,0.78385,0.41296,0.08716,8097,3433.81714,1,0.15279,0.02909,-0.01443,0.0071,0.62279,0.43468,0.45055,13.9222,1,0.1712,0.02291,1.29398,0.00295,1,1,0.04917,0.0084,0.63664,0.69644,0.44455,17.66966,1,0.13877,0.02897,1.30304,0.0036,1,1,participant_9,question_14,Timer-Correct,True,Question,NOT_RANDOM,0
0.0,0,38,1,0.15036,0.02005,0,0.78385,0.41296,0.09399,8097,3433.81714,1,0.15263,0.02849,-0.01443,0.0071,0.62279,0.43466,0.45055,13.86193,1,0.17977,-0.0029,1.31115,0.00295,1,1,0.04917,0.0084,0.63664,0.69662,0.44448,17.5351,1,0.12095,0.04301,1.32021,0.0036,1,1,participant_9,question_14,Timer-Correct,True,Other,NOT_RANDOM,0
0.0,0,38,1,0.14757,0.00955,0,0.78385,0.41296,0.10034,8097,3433.81714,1,0.15231,0.0273,-0.01436,0.00711,0.62384,0.43495,0.45031,14.06882,1,0.17595,-0.01766,1.32832,0.00297,1,1,0.04917,0.0084,0.63664,0.6968,0.44448,17.81175,1,0.1192,0.03675,1.32832,0.0036,1,1,participant_9,question_14,Timer-Correct,True,Other,NOT_RANDOM,0
0.0,0,38,1,0.14352,0.05507,0,0.78385,0.41296,0.10742,8097,3433.81714,1,0.1518,0.02894,-0.01436,0.00711,0.62384,0.4351,0.45027,13.89761,1,0.16987,0.03374,1.32832,0.00298,1,1,0.04917,0.0084,0.63664,0.69687,0.44436,17.63091,1,0.11716,0.07641,1.31927,0.00367,1,1,participant_9,question_14,Timer-Correct,True,Question,NOT_RANDOM,0
0.0,0,38,1,0.16087,0.03612,0,0.78385,0.41296,0.11401,8097,3433.81714,1,0.1523,0.02934,-0.01436,0.00711,0.62384,0.43521,0.44998,13.70565,1,0.18383,0.00927,1.31927,0.00302,1,1,0.04917,0.0084,0.63664,0.69711,0.44433,17.65132,1,0.1379,0.06297,1.31021,0.0036,1,1,participant_9,question_14,Timer-Correct,True,Question,NOT_RANDOM,0
0.0,0,38,1,0.1628,0.04342,0,0.78385,0.41296,0.12085,8097,3433.81714,1,0.15285,0.03008,-0.01428,0.00726,0.62459,0.4353,0.44985,13.85676,1,0.18582,0.01694,1.31021,0.00294,1,1,0.04863,0.00841,0.62668,0.69734,0.44405,17.68434,1,0.13978,0.0699,1.30115,0.00361,1,1,participant_9,question_14,Timer-Correct,True,Question,NOT_RANDOM,0
0.0,0,38,1,0.16786,0.12652,0,0.78385,0.41296,0.1272,8097,3433.81714,1,0.1536,0.0349,-0.01428,0.00726,0.62459,0.43537,0.45027,11.93145,1,0.19719,0.16058,1.30115,0.00279,1,1,0.04863,0.00841,0.62668,0.6976,0.44454,15.81761,1,0.13854,0.09246,1.30115,0.00364,1,1,participant_9,question_14,Timer-Correct,True,Question,NOT_RANDOM,0
0.0,0,38,1,0.18965,0.29659,0,0.78385,0.41296,0.13379,8097,3433.81714,1,0.15532,0.04736,-0.01428,0.00726,0.62459,0.43548,0.45057,10.11137,1,0.1837,0.2947,1.30115,0.00263,1,1,0.04863,0.00841,0.62668,0.69762,0.44546,12.69556,1,0.19561,0.29848,1.30115,0.00363,1,1,participant_9,question_14,Timer-Correct,True,Question,NOT_RANDOM,0
0.0,0,38,1,0.19561,0.29848,0,0.78385,0.41296,0.13379,8097,3433.81714,0,0.16198,0.08679,-0.01428,0.00726,0.62459,0.43548,0.45057,10.11137,0,0.1837,0.2947,1.30115,0.00263,1,0,0.04852,0.00852,0.62398,0.69795,0.44592,10.69245,1,0.19561,0.29848,1.30115,0.00339,1,1,participant_9,question_14,Timer-Correct,True,Question,NOT_RANDOM,0
0.0,0,38,0,0.19561,0.29848,0,0.78385,0.41296,0.13379,8097,3433.81714,0,0.16198,0.08679,-0.01428,0.00726,0.62459,0.43548,0.45057,10.11137,0,0.1837,0.2947,1.30115,0.00263,1,0,0.04852,0.00852,0.62398,0.69795,0.44592,10.69245,0,0.19561,0.29848,1.30115,0.00339,1,0,participant_9,question_14,Timer-Correct,False,Question,NOT_RANDOM,0
0.0,0,38,0,0.19561,0.29848,0,0.78385,0.41296,0.13379,8097,3433.81714,0,0.16198,0.08679,-0.01428,0.00726,0.62459,0.43548,0.45057,10.11137,0,0.1837,0.2947,1.30115,0.00263,1,0,0.04852,0.00852,0.62398,0.69795,0.44592,10.69245,0,0.19561,0.29848,1.30115,0.00339,1,0,participant_9,question_14,Timer-Correct,False,Question,NOT_RANDOM,0
0.0,0,38,0,0.19561,0.29848,0,0.78385,0.41296,0.13379,8097,3433.81714,0,0.0,0.0,-0.01428,0.00726,0.62459,0.43548,0.45057,10.11137,0,0.1837,0.2947,1.30115,0.00263,1,0,0.04852,0.00852,0.62398,0.69795,0.44592,10.69245,0,0.19561,0.29848,1.30115,0.00339,1,0,participant_9,question_14,Timer-Correct,False,Question,NOT_RANDOM,0
0.0,0,38,0,0.19561,0.29848,0,0.78385,0.41296,0.13379,8097,3433.81714,0,0.0,0.0,-0.01428,0.00726,0.62459,0.43548,0.45057,10.11137,0,0.1837,0.2947,1.30115,0.00263,1,0,0.04852,0.00852,0.62398,0.69795,0.44592,10.69245,0,0.19561,0.29848,1.30115,0.00339,1,0,participant_9,question_14,Timer-Correct,False,Question,NOT_RANDOM,0
0.0,0,38,0,0.19561,0.29848,0,0.78385,0.41296,0.13379,8097,3433.81714,0,0.0,0.0,-0.01428,0.00726,0.62459,0.43548,0.45057,10.11137,0,0.1837,0.2947,1.30115,0.00263,1,0,0.04852,0.00852,0.62398,0.69795,0.44592,10.69245,0,0.19561,0.29848,1.30115,0.00339,1,0,participant_9,question_14,Timer-Correct,False,Question,NOT_RANDOM,0
0.0,0,38,0,0.19561,0.29848,0,0.78385,0.41296,0.13379,8097,3433.81714,0,0.0,0.0,-0.01428,0.00726,0.62459,0.43548,0.45057,10.11137,0,0.1837,0.2947,1.30115,0.00263,1,0,0.04852,0.00852,0.62398,0.69795,0.44592,10.69245,0,0.19561,0.29848,1.30115,0.00339,1,0,participant_9,question_14,Timer-Correct,False,Question,NOT_RANDOM,0
0.0,39,38,0,0.19561,0.29848,0,0.78385,0.41296,0.13379,8097,3433.81714,0,0.0,0.0,-0.01428,0.00726,0.62459,0.43548,0.45057,10.11137,0,0.1837,0.2947,1.30115,0.00263,1,0,0.04852,0.00852,0.62398,0.69795,0.44592,10.69245,0,0.19561,0.29848,1.30115,0.00339,1,0,participant_9,question_14,Timer-Correct,True,Question,NOT_RANDOM,0
0.0,39,38,0,0.19561,0.29848,0,0.78385,0.41296,0.13379,8097,3433.81714,0,0.0,0.0,-0.01428,0.00726,0.62459,0.43548,0.45057,10.11137,0,0.1837,0.2947,1.30115,0.00263,1,0,0.04852,0.00852,0.62398,0.69795,0.44592,10.69245,0,0.19561,0.29848,1.30115,0.00339,1,0,participant_9,question_14,Timer-Correct,True,Question,NOT_RANDOM,0
0.0,39,38,0,0.19561,0.29848,0,0.78385,0.41296,0.13379,8097,3433.81714,0,0.0,0.0,-0.01428,0.00726,0.62459,0.43548,0.45057,10.11137,0,0.1837,0.2947,1.30115,0.00263,1,0,0.04852,0.00852,0.62398,0.69795,0.44592,10.69245,0,0.19561,0.29848,1.30115,0.00339,1,0,participant_9,question_14,Timer-Correct,True,Question,NOT_RANDOM,0
0.0,39,38,0,0.19561,0.29848,0,0.78385,0.41296,0.13379,8097,3433.81714,0,0.0,0.0,-0.01428,0.00726,0.62459,0.43548,0.45057,10.11137,0,0.1837,0.2947,1.30115,0.00263,1,0,0.04852,0.00852,0.62398,0.69795,0.44592,10.69245,0,0.19561,0.29848,1.30115,0.00339,1,0,participant_9,question_14,Timer-Correct,True,Question,NOT_RANDOM,0
0.0,39,38,0,0.19561,0.29848,0,0.78385,0.41296,0.13379,8097,3433.81714,0,0.0,0.0,-0.01428,0.00726,0.62459,0.43548,0.45057,10.11137,0,0.1837,0.2947,1.30115,0.00263,1,0,0.04852,0.00852,0.62398,0.69795,0.44592,10.69245,0,0.19561,0.29848,1.30115,0.00339,1,0,participant_9,question_14,Timer-Correct,True,Question,NOT_RANDOM,0
0.0,39,38,0,0.19561,0.29848,0,0.78385,0.41296,0.13379,8097,3433.81714,0,0.0,0.0,-0.01428,0.00726,0.62459,0.43548,0.45057,10.11137,0,0.1837,0.2947,1.30115,0.00263,1,0,0.04852,0.00852,0.62398,0.69795,0.44592,10.69245,0,0.19561,0.29848,1.30115,0.00339,1,0,participant_9,question_14,Timer-Correct,True,Question,NOT_RANDOM,0
0.0,39,38,0,0.19561,0.29848,0,0.78385,0.41296,0.13379,8097,3433.81714,0,0.0,0.0,-0.01428,0.00726,0.62459,0.43548,0.45057,10.11137,0,0.1837,0.2947,1.30115,0.00263,1,0,0.04852,0.00852,0.62398,0.69795,0.44592,10.69245,0,0.19561,0.29848,1.30115,0.00339,1,0,participant_9,question_14,Timer-Correct,True,Question,NOT_RANDOM,0
0.0,39,38,0,0.19561,0.29848,0,0.78385,0.41296,0.13379,8097,3433.81714,0,0.0,0.0,-0.01428,0.00726,0.62459,0.43548,0.45057,10.11137,0,0.1837,0.2947,1.30115,0.00263,1,0,0.04852,0.00852,0.62398,0.69795,0.44592,10.69245,0,0.19561,0.29848,1.30115,0.00339,1,0,participant_9,question_14,Timer-Correct,True,Question,NOT_RANDOM,0
0.0,39,38,0,0.19561,0.29848,0,0.78385,0.41296,0.13379,8097,3433.81714,0,0.0,0.0,-0.01428,0.00726,0.62459,0.43548,0.45057,10.11137,0,0.1837,0.2947,1.30115,0.00263,1,0,0.04852,0.00852,0.62398,0.69795,0.44592,10.69245,0,0.19561,0.29848,1.30115,0.00339,1,0,participant_9,question_14,Timer-Correct,True,Question,NOT_RANDOM,0
0.0,39,38,0,0.19561,0.29848,0,0.78385,0.41296,0.13379,8097,3433.81714,0,0.0,0.0,-0.01428,0.00726,0.62459,0.43548,0.45057,10.11137,0,0.1837,0.2947,1.30115,0.00263,1,0,0.04852,0.00852,0.62398,0.69795,0.44592,10.69245,0,0.19561,0.29848,1.30115,0.00339,1,0,participant_9,question_14,Timer-Correct,True,Question,NOT_RANDOM,0
0.0,39,38,0,0.19561,0.29848,0,0.78385,0.41296,0.13379,8097,3433.81714,0,0.0,0.0,-0.01428,0.00726,0.62459,0.43548,0.45057,10.11137,0,0.1837,0.2947,1.30115,0.00263,1,0,0.04852,0.00852,0.62398,0.69795,0.44592,10.69245,0,0.19561,0.29848,1.30115,0.00339,1,0,participant_9,question_14,Timer-Correct,True,Question,NOT_RANDOM,0
0.0,39,38,0,0.19561,0.29848,0,0.78385,0.41296,0.13379,8097,3433.81714,0,0.0,0.0,-0.01428,0.00726,0.62459,0.43548,0.45057,10.11137,0,0.1837,0.2947,1.30115,0.00263,1,0,0.04852,0.00852,0.62398,0.69795,0.44592,10.69245,0,0.19561,0.29848,1.30115,0.00339,1,0,participant_9,question_14,Timer-Correct,True,Question,NOT_RANDOM,0
0.0,39,38,0,0.19561,0.29848,0,0.78385,0.41296,0.13379,8097,3433.81714,0,0.0,0.0,-0.01428,0.00726,0.62459,0.43548,0.45057,10.11137,0,0.1837,0.2947,1.30115,0.00263,1,0,0.04852,0.00852,0.62398,0.69795,0.44592,10.69245,0,0.19561,0.29848,1.30115,0.00339,1,0,participant_9,question_14,Timer-Correct,True,Question,NOT_RANDOM,0
0.0,39,38,0,0.19561,0.29848,0,0.78385,0.41296,0.13379,8097,3433.81714,0,0.0,0.0,-0.01428,0.00726,0.62459,0.43548,0.45057,10.11137,0,0.1837,0.2947,1.30115,0.00263,1,0,0.04852,0.00852,0.62398,0.69795,0.44592,10.69245,0,0.19561,0.29848,1.30115,0.00339,1,0,participant_9,question_14,Timer-Correct,True,Question,NOT_RANDOM,0
0.0,39,38,0,0.19561,0.29848,0,0.78385,0.41296,0.13379,8097,3433.81714,0,0.0,0.0,-0.01428,0.00726,0.62459,0.43548,0.45057,10.11137,0,0.1837,0.2947,1.30115,0.00263,1,0,0.04852,0.00852,0.62398,0.69795,0.44592,10.69245,0,0.19561,0.29848,1.30115,0.00339,1,0,participant_9,question_14,Timer-Correct,True,Question,NOT_RANDOM,0
0.0,39,38,0,0.19561,0.29848,0,0.78385,0.41296,0.13379,8097,3433.81714,0,0.0,0.0,-0.01428,0.00726,0.62459,0.43548,0.45057,10.11137,0,0.1837,0.2947,1.30115,0.00263,1,0,0.04852,0.00852,0.62398,0.69795,0.44592,10.69245,0,0.19561,0.29848,1.30115,0.00339,1,0,participant_9,question_14,Timer-Correct,True,Question,NOT_RANDOM,0
0.0,39,38,0,0.19561,0.29848,0,0.78385,0.41296,0.13379,8097,3433.81714,0,0.0,0.0,-0.01428,0.00726,0.62459,0.43548,0.45057,10.11137,0,0.1837,0.2947,1.30115,0.00263,1,0,0.04852,0.00852,0.62398,0.69795,0.44592,10.69245,0,0.19561,0.29848,1.30115,0.00339,1,0,participant_9,question_14,Timer-Correct,True,Question,NOT_RANDOM,0
0.0,39,38,0,0.19561,0.29848,0,0.78385,0.41296,0.13379,8097,3433.81714,0,0.0,0.0,-0.01428,0.00726,0.62459,0.43548,0.45057,10.11137,0,0.1837,0.2947,1.30115,0.00263,1,0,0.04852,0.00852,0.62398,0.69795,0.44592,10.69245,0,0.19561,0.29848,1.30115,0.00339,1,0,participant_9,question_14,Timer-Correct,True,Question,NOT_RANDOM,0
0.0,39,38,0,0.19561,0.29848,0,0.78385,0.41296,0.13379,8097,3433.81714,0,0.0,0.0,-0.01428,0.00726,0.62459,0.43548,0.45057,10.11137,0,0.1837,0.2947,1.30115,0.00263,1,0,0.04852,0.00852,0.62398,0.69795,0.44592,10.69245,0,0.19561,0.29848,1.30115,0.00339,1,0,participant_9,question_14,Timer-Correct,True,Question,NOT_RANDOM,0
0.0,39,38,0,0.19561,0.29848,0,0.78385,0.41296,0.13379,8097,3433.81714,0,0.0,0.0,-0.01428,0.00726,0.62459,0.43548,0.45057,10.11137,0,0.1837,0.2947,1.30115,0.00263,1,0,0.04852,0.00852,0.62398,0.69795,0.44592,10.69245,0,0.19561,0.29848,1.30115,0.00339,1,0,participant_9,question_14,Timer-Correct,True,Question,NOT_RANDOM,0
0.0,39,38,0,0.19561,0.29848,0,0.78385,0.41296,0.13379,8097,3433.81714,0,0.0,0.0,-0.01428,0.00726,0.62459,0.43548,0.45057,10.11137,0,0.1837,0.2947,1.30115,0.00263,1,0,0.04852,0.00852,0.62398,0.69795,0.44592,10.69245,0,0.19561,0.29848,1.30115,0.00339,1,0,participant_9,question_14,Timer-Correct,True,Question,NOT_RANDOM,0
0.0,39,38,0,0.19561,0.29848,0,0.78385,0.41296,0.13379,8097,3433.81714,0,0.0,0.0,-0.01428,0.00726,0.62459,0.43548,0.45057,10.11137,0,0.1837,0.2947,1.30115,0.00263,1,0,0.04852,0.00852,0.62398,0.69795,0.44592,10.69245,0,0.19561,0.29848,1.30115,0.00339,1,0,participant_9,question_14,Timer-Correct,True,Question,NOT_RANDOM,0
0.0,39,38,0,0.19561,0.29848,0,0.78385,0.41296,0.13379,8097,3433.81714,0,0.0,0.0,-0.01428,0.00726,0.62459,0.43548,0.45057,10.11137,0,0.1837,0.2947,1.30115,0.00263,1,0,0.04852,0.00852,0.62398,0.69795,0.44592,10.69245,0,0.19561,0.29848,1.30115,0.00339,1,0,participant_9,question_14,Timer-Correct,True,Question,NOT_RANDOM,0
0.0,39,38,0,0.19561,0.29848,0,0.78385,0.41296,0.13379,8097,3433.81714,0,0.0,0.0,-0.01428,0.00726,0.62459,0.43548,0.45057,10.11137,0,0.1837,0.2947,1.30115,0.00263,1,0,0.04852,0.00852,0.62398,0.69795,0.44592,10.69245,0,0.19561,0.29848,1.30115,0.00339,1,0,participant_9,question_14,Timer-Correct,True,Question,NOT_RANDOM,0
0.0,39,38,0,0.19561,0.29848,0,0.78385,0.41296,0.13379,8097,3433.81714,0,0.0,0.0,-0.01428,0.00726,0.62459,0.43548,0.45057,10.11137,0,0.1837,0.2947,1.30115,0.00263,1,0,0.04852,0.00852,0.62398,0.69795,0.44592,10.69245,0,0.19561,0.29848,1.30115,0.00339,1,0,participant_9,question_14,Timer-Correct,True,Question,NOT_RANDOM,0
0.167,0,39,1,0.1837,0.2947,0,0.78385,0.41296,0.13379,8097,3433.81714,0,0.09185,0.14735,0.05202,0.00906,0.66394,0.7004,0.44465,18.79183,1,0.1837,0.2947,1.30115,0.00445,1,1,0.04852,0.00852,0.62398,0.69795,0.44592,10.69245,0,0.19561,0.29848,1.30115,0.00339,1,0,participant_9,question_14,Timer-Correct,True,Question,NOT_RANDOM,0
0.0,0,39,1,0.22337,0.08256,0,0.78385,0.41296,0.13379,8097,3433.81714,0,0.20353,0.18863,0.05202,0.00906,0.66394,0.70056,0.44447,19.05996,1,0.22337,0.08256,1.30115,0.00424,1,1,0.04852,0.00852,0.62398,0.69795,0.44592,10.69245,0,0.19561,0.29848,1.30115,0.00339,1,0,participant_9,question_14,Timer-Correct,True,Question,NOT_RANDOM,0
0.0,0,39,1,0.22323,0.08391,0,0.78385,0.41296,0.13379,8097,3433.81714,0,0.21338,0.13627,0.05202,0.00906,0.66394,0.70038,0.44449,18.98318,1,0.22323,0.08391,1.30115,0.0042,1,1,0.04852,0.00852,0.62398,0.69795,0.44592,10.69245,0,0.19561,0.29848,1.30115,0.00339,1,0,participant_9,question_14,Timer-Correct,True,Question,NOT_RANDOM,0
0.0,0,39,1,0.20774,0.18485,0,0.78385,0.41296,0.13379,8097,3433.81714,0,0.2115,0.15246,-0.01417,0.00771,0.64277,0.43804,0.44868,13.74928,1,0.22148,0.07665,1.31017,0.00302,1,1,0.05202,0.00906,0.66394,0.7008,0.44443,18.45025,1,0.19399,0.29305,1.31017,0.00422,1,1,participant_9,question_14,Timer-Correct,True,Question,NOT_RANDOM,0
0.0,0,39,1,0.18718,0.04131,0,0.78385,0.41296,0.02075,8098,3434.18506,1,0.20542,0.12467,-0.01417,0.00771,0.64277,0.43816,0.4488,14.10278,1,0.21039,0.01922,1.31919,0.00302,1,1,0.05202,0.00906,0.66394,0.70077,0.44469,18.46164,1,0.16396,0.06339,1.31919,0.00436,1,1,participant_9,question_14,Timer-Correct,True,Question,NOT_RANDOM,0
0.0,0,39,1,0.18702,0.03227,0,0.78385,0.41296,0.02759,8098,3434.18506,1,0.20174,0.10619,-0.01417,0.00771,0.64277,0.43818,0.44879,14.1111,1,0.20672,0.00872,1.3282,0.00301,1,1,0.05202,0.00906,0.66394,0.70082,0.44469,18.35878,1,0.16732,0.05583,1.3282,0.00438,1,1,participant_9,question_14,Timer-Correct,True,Question,NOT_RANDOM,0
0.0,0,39,1,0.18527,0.02503,0,0.78385,0.41296,0.03394,8098,3434.18506,1,0.19899,0.09267,-0.01417,0.00771,0.64277,0.43818,0.44887,14.09207,1,0.2049,0.00112,1.33722,0.00297,1,1,0.05202,0.00906,0.66394,0.70071,0.44465,18.54975,1,0.16563,0.04895,1.33722,0.00431,1,1,participant_9,question_14,Timer-Correct,True,Question,NOT_RANDOM,0
0.0,0,39,1,0.16658,0.02096,0,0.78385,0.41296,0.04102,8098,3434.18506,1,0.19436,0.08242,-0.01417,0.00771,0.64277,0.43779,0.44877,14.00278,1,0.17842,-0.00852,1.33722,0.003,1,1,0.05202,0.00906,0.66394,0.70005,0.44491,18.63441,1,0.15475,0.05044,1.33722,0.00445,1,1,participant_9,question_14,Timer-Correct,True,Other,NOT_RANDOM,0
0.0,0,39,1,0.12907,0.02806,0,0.78385,0.41296,0.04736,8098,3434.18506,1,0.1862,0.07563,-0.01417,0.00771,0.64277,0.43757,0.4487,14.01853,1,0.1626,0.00395,1.33722,0.00296,1,1,0.05202,0.00906,0.66394,0.69997,0.44522,18.69748,1,0.09554,0.05216,1.33722,0.00451,1,1,participant_9,question_14,Timer-Correct,True,Question,NOT_RANDOM,0
0.0,0,39,1,0.12803,0.02465,0,0.78385,0.41296,0.05396,8098,3434.18506,1,0.17974,0.06996,-0.01417,0.00756,0.63416,0.43655,0.44868,13.79848,1,0.1626,0.00395,1.33722,0.00301,1,1,0.0501,0.00877,0.64249,0.69865,0.44571,19.05456,1,0.09347,0.04536,1.34627,0.00481,1,1,participant_9,question_14,Timer-Correct,True,Other,NOT_RANDOM,0
0.0,0,38,1,0.11056,0.05829,0,0.78385,0.41296,0.06079,8098,3434.18506,1,0.17282,0.0688,-0.01417,0.00756,0.63416,0.43617,0.44868,13.89296,1,0.12464,0.03745,1.34627,0.00299,1,1,0.0501,0.00877,0.64249,0.69867,0.44458,18.37455,1,0.09647,0.07914,1.35533,0.00451,1,1,participant_9,question_14,Timer-Correct,True,Question,NOT_RANDOM,0
0.0,0,38,1,0.111,0.04949,0,0.78385,0.41296,0.06763,8098,3434.18506,1,0.1672,0.06704,-0.01417,0.00756,0.63416,0.43627,0.44862,14.04563,1,0.12764,0.02345,1.35533,0.00293,1,1,0.0501,0.00877,0.64249,0.69863,0.44439,18.39034,1,0.09436,0.07552,1.36439,0.00442,1,1,participant_9,question_14,Timer-Correct,True,Question,NOT_RANDOM,0
0.0,0,38,1,0.10986,0.04583,0,0.78385,0.41296,0.07422,8098,3434.18506,1,0.16242,0.06527,-0.01439,0.00773,0.64391,0.4362,0.44851,13.88163,1,0.12536,0.01614,1.36439,0.00303,1,1,0.04925,0.00861,0.63102,0.69855,0.44473,18.63912,1,0.09436,0.07552,1.36439,0.00439,1,1,participant_9,question_14,Timer-Correct,True,Question,NOT_RANDOM,0
0.0,0,38,1,0.12189,0.02932,0,0.78385,0.41296,0.08105,8098,3434.18506,1,0.1593,0.06251,-0.01439,0.00773,0.64391,0.43632,0.44843,13.87923,1,0.13552,-0.00024,1.36439,0.00308,1,1,0.04925,0.00861,0.63102,0.69846,0.44475,18.3064,1,0.10827,0.05887,1.35533,0.0044,1,1,participant_9,question_14,Timer-Correct,True,Question,NOT_RANDOM,0
0.0,0,38,1,0.10943,0.03003,0,0.78385,0.41296,0.08765,8098,3434.18506,1,0.15574,0.06019,-0.01439,0.00773,0.64391,0.43637,0.44843,13.97644,1,0.12463,-0.00971,1.35533,0.00304,1,1,0.04925,0.00861,0.63102,0.69863,0.44444,18.85026,1,0.09423,0.06977,1.34627,0.00443,1,1,participant_9,question_14,Timer-Correct,True,Question,NOT_RANDOM,0
0.0,0,38,1,0.11276,0.04085,0,0.78385,0.41296,0.08765,8098,3434.18506,0,0.13822,0.03551,-0.01383,0.00755,0.62121,0.43653,0.44835,13.96264,1,0.12921,0.00531,1.33726,0.00304,1,1,0.04988,0.00871,0.63843,0.69848,0.4446,18.41943,1,0.0963,0.07639,1.33726,0.00463,1,1,participant_9,question_14,Timer-Correct,True,Question,NOT_RANDOM,0
0.0,0,38,1,0.11824,0.07328,0,0.78385,0.41296,0.08765,8098,3434.18506,0,0.12823,0.05439,-0.01383,0.00755,0.62121,0.43655,0.44834,13.98612,1,0.13271,0.0671,1.32824,0.00302,1,1,0.04988,0.00871,0.63843,0.69848,0.44435,18.82927,1,0.10377,0.07947,1.3373,0.00444,1,1,participant_9,question_14,Timer-Correct,True,Question,NOT_RANDOM,0
0.0,0,38,1,0.11483,0.06379,0,0.78385,0.41296,0.08765,8098,3434.18506,0,0.12376,0.05752,-0.01383,0.00755,0.62121,0.43658,0.44829,14.01856,1,0.14216,0.05281,1.32828,0.00299,1,1,0.04988,0.00871,0.63843,0.69878,0.44469,19.02294,1,0.08749,0.07476,1.33734,0.00456,1,1,participant_9,question_14,Timer-Correct,True,Question,NOT_RANDOM,0
0.0,0,38,1,0.11371,0.06014,0,0.78385,0.41296,0.01978,8099,3434.27979,1,0.12125,0.05818,-0.01456,0.00797,0.65583,0.43672,0.44824,13.92957,1,0.13992,0.04553,1.33734,0.00306,1,1,0.04906,0.00856,0.62738,0.69891,0.44481,18.70566,1,0.08749,0.07476,1.33734,0.00462,1,1,participant_9,question_14,Timer-Correct,True,Question,NOT_RANDOM,0
0.0,0,38,1,0.10531,0.07561,0,0.78385,0.41296,0.02661,8099,3434.27979,1,0.11806,0.06167,-0.01456,0.00797,0.65583,0.43677,0.44827,14.08162,1,0.11533,0.0597,1.34635,0.00305,1,1,0.04906,0.00856,0.62738,0.69902,0.44478,18.41372,1,0.09529,0.09151,1.3373,0.00459,1,1,participant_9,question_14,Timer-Correct,True,Question,NOT_RANDOM,0
0.0,0,38,1,0.11378,0.07395,0,0.78385,0.41296,0.03296,8099,3434.27979,1,0.11735,0.06371,-0.01456,0.00797,0.65583,0.43674,0.44831,13.98139,1,0.12808,0.05084,1.34631,0.00304,1,1,0.04906,0.00856,0.62738,0.69906,0.44489,18.65074,1,0.09949,0.09706,1.33726,0.00448,1,1,participant_9,question_14,Timer-Correct,True,Question,NOT_RANDOM,0
0.0,0,38,1,0.11379,0.07398,0,0.78385,0.41296,0.04004,8099,3434.27979,1,0.11684,0.06518,-0.01425,0.00781,0.64642,0.43694,0.44839,13.68255,1,0.12809,0.05087,1.34627,0.00306,1,1,0.05202,0.00906,0.66394,0.69921,0.44487,18.91022,1,0.0995,0.09709,1.33722,0.00439,1,1,participant_9,question_14,Timer-Correct,True,Question,NOT_RANDOM,0
0.0,0,38,1,0.1264,0.05911,0,0.78385,0.41296,0.04663,8099,3434.27979,1,0.11804,0.06442,-0.01425,0.00781,0.64642,0.43711,0.44843,13.91219,1,0.14001,0.02161,1.33722,0.00304,1,1,0.05202,0.00906,0.66394,0.69922,0.44482,18.93907,1,0.11278,0.09661,1.33722,0.0044,1,1,participant_9,question_14,Timer-Correct,True,Question,NOT_RANDOM,0
0.0,0,38,1,0.12093,0.04388,0,0.78385,0.41296,0.05347,8099,3434.27979,1,0.11836,0.06214,-0.01425,0.00781,0.64642,0.4371,0.44842,13.86984,1,0.15062,0.03139,1.33722,0.00304,1,1,0.05202,0.00906,0.66394,0.69934,0.44449,18.42146,1,0.09123,0.05637,1.33722,0.00436,1,1,participant_9,question_14,Timer-Correct,True,Question,NOT_RANDOM,0
0.0,0,38,1,0.12306,0.05093,0,0.78385,0.41296,0.05957,8099,3434.27979,1,0.11883,0.06102,-0.01376,0.00752,0.62639,0.43723,0.44846,14.07798,1,0.15278,0.03875,1.3282,0.00302,1,1,0.04867,0.00846,0.62002,0.69946,0.44464,18.52662,1,0.09333,0.06312,1.3282,0.0043,1,1,participant_9,question_14,Timer-Correct,True,Question,NOT_RANDOM,0
0.0,0,38,1,0.1067,0.056,0,0.78385,0.41296,0.06641,8099,3434.27979,1,0.11772,0.06056,-0.01376,0.00752,0.62639,0.43729,0.44855,13.81404,1,0.13062,0.06191,1.31919,0.00303,1,1,0.04867,0.00846,0.62002,0.69932,0.44517,18.16015,1,0.08278,0.0501,1.31919,0.0045,1,1,participant_9,question_14,Timer-Correct,True,Question,NOT_RANDOM,0
0.0,0,38,1,0.10898,0.06861,0,0.78385,0.41296,0.07349,8099,3434.27979,1,0.117,0.06123,-0.01376,0.00752,0.62639,0.43736,0.44852,13.82892,1,0.12943,0.06882,1.31017,0.00306,1,1,0.04867,0.00846,0.62002,0.69919,0.44347,18.01865,1,0.08854,0.06839,1.31017,0.00369,1,1,participant_9,question_14,Timer-Correct,True,Question,NOT_RANDOM,0
0.0,0,38,1,0.10898,0.06861,0,0.78385,0.41296,0.07983,8099,3434.27979,1,0.11638,0.0618,-0.01405,0.0077,0.64607,0.43752,0.44866,14.01521,1,0.12943,0.06882,1.31017,0.0031,1,1,0.04948,0.00856,0.6303,0.70005,0.44523,18.74688,1,0.08854,0.06839,1.31017,0.00454,1,1,participant_9,question_14,Timer-Correct,True,Question,NOT_RANDOM,0
0.0,0,38,1,0.11703,0.04106,0,0.78385,0.41296,0.08789,8099,3434.27979,1,0.11643,0.06032,-0.01405,0.0077,0.64607,0.43757,0.44876,14.10884,1,0.13309,0.01566,1.31919,0.00302,1,1,0.04948,0.00856,0.6303,0.70004,0.44545,18.61274,1,0.10096,0.06646,1.31919,0.00449,1,1,participant_9,question_14,Timer-Correct,True,Question,NOT_RANDOM,0
0.0,0,38,1,0.11971,0.04407,0,0.78385,0.41296,0.09351,8099,3434.27979,1,0.11664,0.05924,-0.01405,0.0077,0.64607,0.43768,0.44881,13.8768,1,0.13439,0.02114,1.3282,0.00303,1,1,0.04948,0.00856,0.6303,0.7,0.44533,18.52847,1,0.10503,0.06701,1.3282,0.00447,1,1,participant_9,question_14,Timer-Correct,True,Question,NOT_RANDOM,0
0.0,0,38,1,0.11971,0.04407,0,0.78385,0.41296,0.10059,8099,3434.27979,1,0.11684,0.05829,-0.01354,0.00741,0.62496,0.43782,0.44902,14.11206,1,0.13439,0.02114,1.3282,0.00301,1,1,0.04886,0.00829,0.62126,0.70014,0.44553,18.84175,1,0.10503,0.06701,1.3282,0.00446,1,1,participant_9,question_14,Timer-Correct,True,Question,NOT_RANDOM,0
0.0,0,38,1,0.116,0.06405,0,0.78385,0.41296,0.10669,8099,3434.27979,1,0.11679,0.05863,-0.01354,0.00741,0.62496,0.4379,0.44898,13.99074,1,0.13537,0.03263,1.31919,0.00303,1,1,0.04886,0.00829,0.62126,0.70021,0.44551,19.09738,1,0.09662,0.09547,1.31919,0.00441,1,1,participant_9,question_14,Timer-Correct,True,Question,NOT_RANDOM,0
0.0,0,38,1,0.12291,0.08911,0,0.78385,0.41296,0.11353,8099,3434.27979,1,0.11713,0.06032,-0.01354,0.00741,0.62496,0.43795,0.44893,13.92441,1,0.1415,0.06447,1.31017,0.00313,1,1,0.04886,0.00829,0.62126,0.70016,0.44547,18.84904,1,0.10431,0.11374,1.31017,0.00449,1,1,participant_9,question_14,Timer-Correct,True,Question,NOT_RANDOM,0
0.0,0,38,1,0.12291,0.08911,0,0.78385,0.41296,0.11987,8099,3434.27979,1,0.11743,0.06184,-0.01379,0.00757,0.63841,0.43823,0.44906,13.80478,1,0.1415,0.06447,1.31017,0.00307,1,1,0.05151,0.00873,0.65366,0.7003,0.44512,18.78739,1,0.10431,0.11374,1.31017,0.00438,1,1,participant_9,question_14,Timer-Correct,True,Question,NOT_RANDOM,0
0.0,0,38,1,0.1181,0.07512,0,0.78385,0.41296,0.12646,8099,3434.27979,1,0.11746,0.0625,-0.01379,0.00757,0.63841,0.43827,0.44909,13.68755,1,0.14565,0.06338,1.31919,0.00308,1,1,0.05151,0.00873,0.65366,0.70061,0.44592,18.66537,1,0.09054,0.08686,1.31919,0.00456,1,1,participant_9,question_14,Timer-Correct,True,Question,NOT_RANDOM,0
0.0,0,38,1,0.10659,0.05266,0,0.78385,0.41296,0.13452,8099,3434.27979,1,0.11695,0.06203,-0.01379,0.00757,0.63841,0.43831,0.4492,13.92388,1,0.11911,0.07295,1.3282,0.00305,1,1,0.05151,0.00873,0.65366,0.70073,0.44592,19.00741,1,0.09407,0.03237,1.3282,0.00449,1,1,participant_9,question_14,Timer-Correct,True,Question,NOT_RANDOM,0
0.0,0,38,1,0.10436,0.04564,0,0.78385,0.41296,0.14111,8099,3434.27979,1,0.11637,0.06129,-0.01383,0.00764,0.64489,0.43836,0.44939,13.72249,1,0.11673,0.06585,1.33722,0.00307,1,1,0.04898,0.00828,0.62033,0.70079,0.44615,18.51649,1,0.09199,0.02542,1.33722,0.00453,1,1,participant_9,question_14,Timer-Correct,True,Question,NOT_RANDOM,0
0.0,0,38,1,0.12315,0.03137,0,0.78385,0.41296,0.14673,8099,3434.27979,1,0.11667,0.05999,-0.01383,0.00764,0.64489,0.4386,0.44944,13.8113,1,0.13531,0.02794,1.33722,0.00309,1,1,0.04898,0.00828,0.62033,0.70077,0.44606,18.56093,1,0.111,0.0348,1.33722,0.00437,1,1,participant_9,question_14,Timer-Correct,True,Question,NOT_RANDOM,0
0.0,0,38,1,0.12005,0.0321,0,0.78385,0.41296,0.15381,8099,3434.27979,1,0.11681,0.05882,-0.01383,0.00764,0.64489,0.43867,0.44938,13.86768,1,0.14874,0.02264,1.33722,0.00304,1,1,0.04898,0.00828,0.62033,0.70095,0.44632,19.2454,1,0.09135,0.04157,1.33722,0.00441,1,1,participant_9,question_14,Timer-Correct,True,Question,NOT_RANDOM,0
0.0,0,38,1,0.12218,0.03923,0,0.78385,0.41296,0.1604,8099,3434.27979,1,0.11702,0.05804,-0.01324,0.0073,0.61966,0.43885,0.44943,14.07049,1,0.15091,0.03005,1.3282,0.00306,1,1,0.04885,0.00815,0.61756,0.70089,0.44659,18.95547,1,0.09344,0.04841,1.3282,0.00447,1,1,participant_9,question_14,Timer-Correct,True,Question,NOT_RANDOM,0
0.0,0,38,1,0.10543,0.05064,0,0.78385,0.41296,0.16724,8099,3434.27979,1,0.11658,0.05776,-0.01324,0.0073,0.61966,0.43891,0.44944,13.93596,1,0.12047,0.04379,1.31919,0.00305,1,1,0.04885,0.00815,0.61756,0.70107,0.44656,19.28947,1,0.09039,0.0575,1.31919,0.0045,1,1,participant_9,question_14,Timer-Correct,True,Question,NOT_RANDOM,0
0.0,0,38,1,0.1114,0.06776,0,0.78385,0.41296,0.17383,8099,3434.27979,1,0.11639,0.05813,-0.01324,0.0073,0.61966,0.43901,0.44951,13.95056,1,0.12743,0.04965,1.31017,0.00307,1,1,0.04885,0.00815,0.61756,0.70107,0.44646,19.3393,1,0.09536,0.08587,1.31017,0.00453,1,1,participant_9,question_14,Timer-Correct,True,Question,NOT_RANDOM,0
0.0,0,38,1,0.1114,0.06776,0,0.78385,0.41296,0.18115,8099,3434.27979,1,0.11621,0.05847,-0.01336,0.00739,0.63169,0.4392,0.44949,14.1762,1,0.12743,0.04965,1.31017,0.00304,1,1,0.04885,0.00815,0.61756,0.70124,0.44654,19.27786,1,0.09536,0.08587,1.31017,0.00446,1,1,participant_9,question_14,Timer-Correct,True,Question,NOT_RANDOM,0
0.0,0,38,1,0.12789,0.06816,0,0.78385,0.41296,0.1875,8099,3434.27979,1,0.11661,0.0588,-0.01336,0.00739,0.63169,0.43942,0.44945,13.90435,1,0.14387,0.05374,1.31919,0.00311,1,1,0.04885,0.00815,0.61756,0.70177,0.44641,19.10865,1,0.11191,0.08258,1.31919,0.00445,1,1,participant_9,question_14,Timer-Correct,True,Question,NOT_RANDOM,0
0.0,0,38,1,0.12372,0.0594,0,0.78385,0.41296,0.19409,8099,3434.27979,1,0.11685,0.05882,-0.01336,0.00739,0.63169,0.43945,0.44949,14.01585,1,0.15462,0.04704,1.3282,0.00309,1,1,0.04885,0.00815,0.61756,0.70177,0.44639,19.10859,1,0.09282,0.07176,1.3282,0.00444,1,1,participant_9,question_14,Timer-Correct,True,Question,NOT_RANDOM,0
0.0,0,38,1,0.12266,0.05604,0,0.78385,0.41296,0.20068,8099,3434.27979,1,0.11704,0.05873,-0.01325,0.00731,0.62892,0.43952,0.44952,14.06153,1,0.15462,0.04704,1.3282,0.00307,1,1,0.05061,0.00842,0.63804,0.70168,0.44633,18.65891,1,0.0907,0.06504,1.33726,0.00443,1,1,participant_9,question_14,Timer-Correct,True,Question,NOT_RANDOM,0
0.0,0,38,1,0.11211,0.0693,0,0.78385,0.41296,0.20752,8099,3434.27979,1,0.11688,0.05906,-0.01325,0.00731,0.62892,0.43983,0.44962,14.24134,1,0.11872,0.0528,1.32824,0.00307,1,1,0.05061,0.00842,0.63804,0.70181,0.44665,19.31221,1,0.10549,0.0858,1.3373,0.00442,1,1,participant_9,question_14,Timer-Correct,True,Question,NOT_RANDOM,0
0.0,0,38,1,0.10699,0.07138,0,0.78385,0.41296,0.21436,8099,3434.27979,1,0.11658,0.05944,-0.01325,0.00731,0.62892,0.43981,0.44956,14.34833,1,0.11985,0.06669,1.32828,0.00306,1,1,0.05061,0.00842,0.63804,0.70179,0.4468,19.28226,1,0.09414,0.07606,1.33734,0.00445,1,1,participant_9,question_14,Timer-Correct,True,Question,NOT_RANDOM,0
0.0,0,38,1,0.1058,0.06779,0,0.78385,0.41296,0.22095,8099,3434.27979,1,0.11627,0.05968,-0.01337,0.00751,0.64159,0.43997,0.44965,14.19797,1,0.11747,0.05952,1.33734,0.00302,1,1,0.04906,0.00816,0.61785,0.70212,0.44667,19.37352,1,0.09414,0.07606,1.33734,0.00442,1,1,participant_9,question_14,Timer-Correct,True,Question,NOT_RANDOM,0
0.0,0,38,1,0.12108,0.06475,0,0.78385,0.41296,0.22778,8099,3434.27979,1,0.1164,0.05983,-0.01337,0.00751,0.64159,0.44018,0.44966,14.10326,1,0.13589,0.04436,1.34635,0.00307,1,1,0.04906,0.00816,0.61785,0.70238,0.44666,19.23013,1,0.10626,0.08514,1.3373,0.00443,1,1,participant_9,question_14,Timer-Correct,True,Question,NOT_RANDOM,0
0.0,0,38,1,0.11714,0.06257,0,0.78385,0.41296,0.23413,8099,3434.27979,1,0.11642,0.0599,-0.01337,0.00751,0.64159,0.4402,0.44962,14.11392,1,0.14786,0.03279,1.34631,0.00305,1,1,0.04906,0.00816,0.61785,0.70247,0.44668,19.5358,1,0.08642,0.09235,1.33726,0.00434,1,1,participant_9,question_14,Timer-Correct,True,Question,NOT_RANDOM,0
0.0,0,38,1,0.1193,0.0695,0,0.78385,0.41296,0.24072,8099,3434.27979,1,0.1165,0.06016,-0.013,0.00728,0.62617,0.44042,0.44961,14.10467,1,0.15003,0.04011,1.33726,0.00305,1,1,0.04935,0.00808,0.61925,0.70269,0.44628,19.15426,1,0.08857,0.09889,1.3282,0.00436,1,1,participant_9,question_14,Timer-Correct,True,Question,NOT_RANDOM,0
0.0,0,38,1,0.10583,0.07891,0,0.78385,0.41296,0.24756,8099,3434.27979,1,0.11622,0.06066,-0.013,0.00728,0.62617,0.44059,0.44963,14.21197,1,0.12168,0.06003,1.31919,0.00309,1,1,0.04935,0.00808,0.61925,0.7026,0.44598,18.80757,1,0.08997,0.09778,1.31919,0.0043,1,1,participant_9,question_14,Timer-Correct,True,Question,NOT_RANDOM,0
0.0,0,38,1,0.1142,0.0913,0,0.78385,0.41296,0.25415,8099,3434.27979,1,0.11617,0.06144,-0.013,0.00728,0.62617,0.44058,0.44969,14.14592,1,0.12704,0.07111,1.31017,0.00305,1,1,0.04935,0.00808,0.61925,0.70287,0.44624,18.76837,1,0.10135,0.11148,1.31017,0.00448,1,1,participant_9,question_14,Timer-Correct,True,Question,NOT_RANDOM,0
0.0,0,38,1,0.1142,0.0913,0,0.78385,0.41296,0.26074,8099,3434.27979,1,0.11612,0.06219,-0.01317,0.0075,0.64122,0.44085,0.44963,14.02067,1,0.12704,0.07111,1.31017,0.00299,1,1,0.04991,0.00816,0.62504,0.70337,0.44632,18.32281,1,0.10135,0.11148,1.31017,0.00448,1,1,participant_9,question_14,Timer-Correct,True,Question,NOT_RANDOM,0
0.0,0,38,1,0.11862,0.06576,0,0.78385,0.41296,0.26758,8099,3434.27979,1,0.11618,0.06228,-0.01317,0.0075,0.64122,0.44103,0.44953,14.11293,1,0.1482,0.05815,1.31919,0.00309,1,1,0.04991,0.00816,0.62504,0.70325,0.44639,18.90965,1,0.08904,0.07337,1.31919,0.0044,1,1,participant_9,question_14,Timer-Correct,True,Question,NOT_RANDOM,0
0.0,0,38,1,0.11163,0.0593,0,0.78385,0.41296,0.27417,8099,3434.27979,1,0.11607,0.06221,-0.01317,0.0075,0.64122,0.44111,0.44953,14.05443,1,0.11878,0.05204,1.3282,0.00305,1,1,0.04991,0.00816,0.62504,0.70339,0.44631,19.1393,1,0.10448,0.06656,1.3282,0.00436,1,1,participant_9,question_14,Timer-Correct,True,Question,NOT_RANDOM,0
0.0,0,38,1,0.11163,0.0593,0,0.78385,0.41296,0.28101,8099,3434.27979,1,0.11597,0.06214,-0.01253,0.00721,0.61645,0.44141,0.44965,14.12585,1,0.11878,0.05204,1.3282,0.00309,1,1,0.05042,0.00822,0.63025,0.70349,0.44635,18.88766,1,0.10448,0.06656,1.3282,0.00435,1,1,participant_9,question_14,Timer-Correct,True,Question,NOT_RANDOM,0
0.0,0,38,1,0.11909,0.06485,0,0.78385,0.41296,0.2876,8099,3434.27979,1,0.11604,0.0622,-0.01253,0.00721,0.61645,0.4415,0.44957,14.07038,1,0.13489,0.06137,1.31919,0.00298,1,1,0.05042,0.00822,0.63025,0.70408,0.4468,18.73119,1,0.10329,0.06833,1.31919,0.0044,1,1,participant_9,question_14,Timer-Correct,True,Question,NOT_RANDOM,0
0.0,0,38,1,0.13357,0.06334,0,0.78385,0.41296,0.29419,8099,3434.27979,1,0.11643,0.06222,-0.01253,0.00721,0.61645,0.44164,0.44949,13.95081,1,0.15365,0.04867,1.31017,0.00303,1,1,0.05042,0.00822,0.63025,0.70426,0.44672,18.35576,1,0.11349,0.07801,1.31017,0.00445,1,1,participant_9,question_14,Timer-Correct,True,Question,NOT_RANDOM,0
0.0,0,38,1,0.13567,0.07042,0,0.78385,0.41296,0.30127,8099,3434.27979,1,0.11685,0.0624,-0.01266,0.00739,0.62762,0.44181,0.44953,14.11293,1,0.15583,0.05606,1.30116,0.00309,1,1,0.05056,0.00822,0.62963,0.70402,0.4468,18.68966,1,0.11552,0.08478,1.30116,0.00443,1,1,participant_9,question_14,Timer-Correct,True,Question,NOT_RANDOM,0
0.0,0,38,1,0.109,0.08217,0,0.78385,0.41296,0.30737,8099,3434.27979,1,0.11668,0.06282,-0.01266,0.00739,0.62762,0.44211,0.44954,13.9457,1,0.12725,0.06315,1.30116,0.00308,1,1,0.05056,0.00822,0.62963,0.70437,0.44714,18.99359,1,0.09075,0.1012,1.30116,0.00454,1,1,participant_9,question_14,Timer-Correct,True,Question,NOT_RANDOM,0
0.0,0,38,1,0.11634,0.07205,0,0.78385,0.41296,0.31421,8099,3434.27979,1,0.11667,0.06302,-0.01266,0.00739,0.62762,0.44215,0.44948,13.99399,1,0.12893,0.05041,1.30116,0.00306,1,1,0.05056,0.00822,0.62963,0.70454,0.44723,19.11244,1,0.10376,0.09369,1.30116,0.00454,1,1,participant_9,question_14,Timer-Correct,True,Question,NOT_RANDOM,0
0.0,0,38,1,0.11412,0.065,0,0.78385,0.41296,0.32227,8099,3434.27979,1,0.11617,0.06363,-0.01256,0.00737,0.62962,0.44244,0.44951,14.04121,1,0.12657,0.04301,1.31017,0.00302,1,1,0.05016,0.00809,0.62349,0.70475,0.44677,18.21875,1,0.10167,0.08699,1.31017,0.00451,1,1,participant_9,question_14,Timer-Correct,True,Question,NOT_RANDOM,0
0.0,0,38,1,0.12712,0.06481,0,0.78385,0.41296,0.32812,8099,3434.27979,1,0.11636,0.06345,-0.01256,0.00737,0.62962,0.44261,0.4495,14.11155,1,0.15368,0.04332,1.31919,0.00308,1,1,0.05016,0.00809,0.62349,0.70485,0.44722,18.63055,1,0.10056,0.0863,1.31919,0.00447,1,1,participant_9,question_14,Timer-Correct,True,Question,NOT_RANDOM,0
0.0,0,38,1,0.10147,0.04629,0,0.78385,0.41296,0.33472,8099,3434.27979,1,0.11608,0.06309,-0.01256,0.00737,0.62962,0.44272,0.44952,13.98502,1,0.11826,0.04585,1.3282,0.00303,1,1,0.05016,0.00809,0.62349,0.7049,0.44735,18.53351,1,0.08468,0.04672,1.3282,0.00452,1,1,participant_9,question_14,Timer-Correct,True,Question,NOT_RANDOM,0
0.0,0,38,1,0.10244,0.04938,0,0.78385,0.41296,0.34155,8099,3434.27979,1,0.11584,0.06286,-0.01236,0.00733,0.62671,0.44297,0.44958,14.0876,1,0.11826,0.04585,1.3282,0.00303,1,1,0.04929,0.00793,0.61102,0.70536,0.44703,18.54882,1,0.08662,0.05291,1.32005,0.0045,1,1,participant_9,question_14,Timer-Correct,True,Question,NOT_RANDOM,0
0.0,0,38,1,0.13022,0.06511,0,0.78385,0.41296,0.34814,8099,3434.27979,1,0.11636,0.06265,-0.01236,0.00733,0.62671,0.44317,0.44957,13.97692,1,0.14737,0.05525,1.31104,0.003,1,1,0.04929,0.00793,0.61102,0.70552,0.44727,18.52992,1,0.11306,0.07497,1.30289,0.00443,1,1,participant_9,question_14,Timer-Correct,True,Question,NOT_RANDOM,0
0.0,0,38,1,0.13159,0.08642,0,0.78385,0.41296,0.35449,8099,3434.27979,1,0.11673,0.06291,-0.01236,0.00733,0.62671,0.44324,0.44966,13.87145,1,0.1617,0.0693,1.29387,0.00304,1,1,0.04929,0.00793,0.61102,0.70561,0.44739,19.20041,1,0.10148,0.10353,1.28572,0.00446,1,1,participant_9,question_14,Timer-Correct,True,Question,NOT_RANDOM,0
0.0,0,38,1,0.13666,0.10311,0,0.78385,0.41296,0.36133,8099,3434.27979,1,0.11721,0.06351,-0.01181,0.00709,0.60592,0.44349,0.44954,13.97866,1,0.16777,0.08993,1.26859,0.00304,1,1,0.05091,0.00812,0.62928,0.70552,0.44781,18.88581,1,0.10555,0.11629,1.26859,0.00449,1,1,participant_9,question_14,Timer-Correct,True,Question,NOT_RANDOM,0
0.0,0,38,1,0.12465,0.106,0,0.78385,0.41296,0.36792,8099,3434.27979,1,0.11717,0.06449,-0.01181,0.00709,0.60592,0.44377,0.44964,14.12057,1,0.14218,0.10081,1.26048,0.00308,1,1,0.05091,0.00812,0.62928,0.70589,0.44733,18.7156,1,0.10711,0.1112,1.26863,0.00443,1,1,participant_9,question_14,Timer-Correct,True,Question,NOT_RANDOM,0
0.0,0,38,1,0.13097,0.11584,0,0.78385,0.41296,0.37476,8099,3434.27979,1,0.11738,0.06599,-0.01181,0.00709,0.60592,0.44377,0.44964,14.01521,1,0.14836,0.10426,1.26051,0.0031,1,1,0.05091,0.00812,0.62928,0.70609,0.4478,18.65883,1,0.11357,0.12743,1.26866,0.0045,1,1,participant_9,question_14,Timer-Correct,True,Question,NOT_RANDOM,0
0.0,0,38,1,0.12677,0.10257,0,0.78385,0.41296,0.38159,8099,3434.27979,1,0.11746,0.06706,-0.01252,0.00757,0.64728,0.44398,0.44968,13.9288,1,0.14395,0.09038,1.27768,0.003,1,1,0.05051,0.00804,0.62314,0.70646,0.44761,18.83199,1,0.10958,0.11476,1.28583,0.00443,1,1,participant_9,question_14,Timer-Correct,True,Question,NOT_RANDOM,0
0.0,0,38,1,0.12945,0.08762,0,0.78385,0.41296,0.38843,8099,3434.27979,1,0.11793,0.06772,-0.01252,0.00757,0.64728,0.44417,0.44966,13.94926,1,0.15831,0.07433,1.30296,0.00304,1,1,0.05051,0.00804,0.62314,0.7064,0.44739,18.72533,1,0.10058,0.1009,1.30296,0.0045,1,1,participant_9,question_14,Timer-Correct,True,Question,NOT_RANDOM,0
0.0,0,38,1,0.11458,0.08047,0,0.78385,0.41296,0.39502,8099,3434.27979,1,0.11805,0.06797,-0.01252,0.00757,0.64728,0.44426,0.44965,13.85858,1,0.12184,0.06489,1.32009,0.003,1,1,0.05051,0.00804,0.62314,0.70639,0.44757,18.89647,1,0.10731,0.09605,1.32009,0.00453,1,1,participant_9,question_14,Timer-Correct,True,Question,NOT_RANDOM,0
0.0,0,38,1,0.11038,0.06737,0,0.78385,0.41296,0.40186,8099,3434.27979,1,0.11808,0.06794,-0.01224,0.00752,0.6426,0.44464,0.4496,14.08214,1,0.11733,0.05122,1.33722,0.00303,1,1,0.05073,0.00797,0.62479,0.70674,0.44775,18.36925,1,0.10344,0.08352,1.33722,0.00447,1,1,participant_9,question_14,Timer-Correct,True,Question,NOT_RANDOM,0
0.0,0,38,1,0.11266,0.05395,0,0.78385,0.41296,0.40845,8099,3434.27979,1,0.11799,0.06821,-0.01224,0.00752,0.6426,0.44471,0.44967,13.85298,1,0.12733,0.05133,1.33722,0.00298,1,1,0.05073,0.00797,0.62479,0.70691,0.44791,18.45742,1,0.098,0.05657,1.33722,0.00448,1,1,participant_9,question_14,Timer-Correct,True,Question,NOT_RANDOM,0
0.0,0,38,1,0.12071,0.0467,0,0.78385,0.41296,0.41528,8099,3434.27979,1,0.11801,0.06827,-0.01224,0.00752,0.6426,0.44473,0.44963,13.78526,1,0.13567,0.04781,1.33722,0.003,1,1,0.05073,0.00797,0.62479,0.70701,0.44789,18.884,1,0.10574,0.04559,1.33722,0.00446,1,1,participant_9,question_14,Timer-Correct,True,Question,NOT_RANDOM,0
0.0,0,38,1,0.12284,0.05373,0,0.78385,0.41296,0.42163,8099,3434.27979,1,0.11807,0.06847,-0.01187,0.00732,0.6258,0.445,0.44963,13.99687,1,0.13793,0.05504,1.3282,0.00299,1,1,0.0506,0.00793,0.62205,0.70724,0.4473,18.14123,1,0.10775,0.05242,1.3282,0.00441,1,1,participant_9,question_14,Timer-Correct,True,Question,NOT_RANDOM,0
0.0,0,38,1,0.11766,0.05081,0,0.78385,0.41296,0.42871,8099,3434.27979,1,0.11811,0.06819,-0.01187,0.00732,0.6258,0.44505,0.44971,13.72051,1,0.12994,0.02429,1.31919,0.00301,1,1,0.0506,0.00793,0.62205,0.70701,0.44623,17.60618,1,0.10539,0.07732,1.31919,0.00371,1,1,participant_9,question_14,Timer-Correct,True,Question,NOT_RANDOM,0
0.0,0,38,1,0.111,0.05397,0,0.78385,0.41296,0.43604,8099,3434.27979,1,0.11786,0.06746,-0.01187,0.00732,0.6258,0.44507,0.44966,13.75747,1,0.1306,0.02261,1.31017,0.003,1,1,0.0506,0.00793,0.62205,0.70704,0.44624,17.49547,1,0.0914,0.08533,1.31017,0.00371,1,1,participant_9,question_14,Timer-Correct,True,Question,NOT_RANDOM,0
0.0,0,38,1,0.11324,0.06109,0,0.78385,0.41296,0.44482,8099,3434.27979,1,0.11766,0.06688,-0.01176,0.00731,0.62508,0.4453,0.44974,14.06665,1,0.13293,0.03015,1.30116,0.003,1,1,0.05084,0.00795,0.62383,0.70703,0.44627,17.66742,1,0.09355,0.09203,1.30116,0.00367,1,1,participant_9,question_14,Timer-Correct,True,Question,NOT_RANDOM,0
0.0,0,38,1,0.11687,0.09249,0,0.78385,0.41296,0.45142,8099,3434.27979,1,0.11763,0.06724,-0.01176,0.00731,0.62508,0.4455,0.44972,13.81886,1,0.13419,0.08037,1.30116,0.00302,1,1,0.05084,0.00795,0.62383,0.70725,0.44633,17.69489,1,0.09954,0.1046,1.30116,0.00361,1,1,participant_9,question_14,Timer-Correct,True,Question,NOT_RANDOM,0
0.0,0,38,1,0.11953,0.07122,0,0.78385,0.41296,0.45825,8099,3434.27979,1,0.1179,0.06763,-0.01176,0.00731,0.62508,0.44546,0.44972,13.78284,1,0.13952,0.03442,1.30116,0.003,1,1,0.05084,0.00795,0.62383,0.70733,0.44639,17.48223,1,0.09954,0.10801,1.30116,0.00362,1,1,participant_9,question_14,Timer-Correct,True,Question,NOT_RANDOM,0
0.0,0,38,1,0.11732,0.06416,0,0.78385,0.41296,0.46484,8099,3434.27979,1,0.11817,0.06801,-0.01206,0.00753,0.64363,0.44551,0.44969,13.7358,1,0.13723,0.0269,1.31017,0.00301,1,1,0.05106,0.00793,0.62537,0.70738,0.44645,17.61015,1,0.09742,0.10141,1.31017,0.00366,1,1,participant_9,question_14,Timer-Correct,True,Question,NOT_RANDOM,0
0.0,0,38,1,0.10511,0.07992,0,0.78385,0.41296,0.46973,8099,3434.27979,1,0.1178,0.06902,-0.01206,0.00753,0.64363,0.44544,0.4497,13.72832,1,0.12763,0.06945,1.31919,0.00297,1,1,0.05106,0.00793,0.62537,0.70711,0.44642,17.41719,1,0.08259,0.09038,1.31919,0.0037,1,1,participant_9,question_14,Timer-Correct,True,Question,NOT_RANDOM,0
0.0,0,38,1,0.08587,0.05437,0,0.78385,0.41296,0.47559,8099,3434.27979,1,0.11709,0.06949,-0.01206,0.00753,0.64363,0.44505,0.44976,13.68305,1,0.10911,0.01929,1.3282,0.00299,1,1,0.05106,0.00793,0.62537,0.70675,0.44642,17.318,1,0.06264,0.08944,1.3282,0.00364,1,1,participant_9,question_14,Timer-Correct,True,Question,NOT_RANDOM,0
0.0,0,38,1,0.08587,0.05437,0,0.78385,0.41296,0.48218,8099,3434.27979,1,0.11633,0.0698,-0.01171,0.00718,0.61747,0.44427,0.44972,13.64632,1,0.10911,0.01929,1.3282,0.00303,1,1,0.0506,0.00793,0.62205,0.70591,0.44639,17.39779,1,0.06264,0.08944,1.3282,0.00359,1,1,participant_9,question_14,Timer-Correct,True,Question,NOT_RANDOM,0
0.0,0,38,1,0.07297,0.0783,0,0.78385,0.41296,0.48901,8099,3434.27979,1,0.11565,0.07038,-0.01171,0.00718,0.61747,0.44412,0.44971,13.34659,1,0.09884,0.06976,1.31919,0.00294,1,1,0.0506,0.00793,0.62205,0.70561,0.44639,17.14709,1,0.04709,0.08684,1.31919,0.0037,1,1,participant_9,question_14,Timer-Correct,True,Question,NOT_RANDOM,0
0.0,0,38,1,0.07403,0.08771,0,0.78385,0.41296,0.49561,8099,3434.27979,1,0.11487,0.07079,-0.01171,0.00718,0.61747,0.44412,0.44976,13.30923,1,0.09817,0.08031,1.31017,0.00293,1,1,0.0506,0.00793,0.62205,0.70569,0.44633,17.19315,1,0.04989,0.09511,1.31017,0.00362,1,1,participant_9,question_14,Timer-Correct,True,Question,NOT_RANDOM,0
0.0,0,38,1,0.07981,0.10373,0,0.78385,0.41296,0.5022,8099,3434.27979,1,0.11422,0.07154,-0.01154,0.00714,0.61055,0.44407,0.44957,13.1789,1,0.10301,0.09387,1.29304,0.00296,1,1,0.04909,0.0077,0.60399,0.70565,0.44632,17.2818,1,0.0566,0.1136,1.28489,0.00362,1,1,participant_9,question_14,Timer-Correct,True,Question,NOT_RANDOM,0
0.0,0,38,1,0.08952,0.09725,0,0.78385,0.41296,0.50928,8099,3434.27979,1,0.11342,0.07215,-0.01154,0.00714,0.61055,0.44416,0.44946,13.28327,1,0.11449,0.08401,1.27678,0.00292,1,1,0.04909,0.0077,0.60399,0.70566,0.44635,17.39453,1,0.06456,0.11049,1.26863,0.00362,1,1,participant_9,question_14,Timer-Correct,True,Question,NOT_RANDOM,0
0.0,0,38,1,0.07501,0.12098,0,0.78385,0.41296,0.51587,8099,3434.27979,1,0.1124,0.07343,-0.01154,0.00714,0.61055,0.44413,0.44945,13.23351,1,0.09565,0.12573,1.26051,0.00292,1,1,0.04909,0.0077,0.60399,0.70567,0.44608,17.17149,1,0.05436,0.11624,1.25236,0.00357,1,1,participant_9,question_14,Timer-Correct,True,Question,NOT_RANDOM,0
0.0,0,38,1,0.07853,0.13043,0,0.78385,0.41296,0.52246,8099,3434.27979,1,0.11148,0.07498,-0.01154,0.00714,0.61055,0.44414,0.44929,13.53551,1,0.10047,0.13854,1.24425,0.0029,1,1,0.04978,0.00785,0.61191,0.7057,0.44606,17.20818,1,0.05659,0.12231,1.24425,0.00355,1,1,participant_9,question_14,Timer-Correct,True,Question,NOT_RANDOM,0
0.0,0,38,1,0.07287,0.13433,0,0.78385,0.41296,0.52246,8099,3434.27979,0,0.08804,0.08973,-0.01154,0.00714,0.61055,0.4441,0.44924,13.60015,1,0.09819,0.13387,1.24425,0.00294,1,1,0.04978,0.00785,0.61191,0.70565,0.4459,17.3045,1,0.04755,0.13478,1.2524,0.00355,1,1,participant_9,question_14,Timer-Correct,True,Question,NOT_RANDOM,0
0.0,0,38,1,0.09214,0.11015,0,0.78385,0.41296,0.52246,8099,3434.27979,0,0.09009,0.09994,-0.01154,0.00714,0.61055,0.44413,0.44912,13.0982,1,0.11846,0.09996,1.2524,0.00293,1,1,0.04978,0.00785,0.61191,0.70565,0.4459,17.3045,1,0.06582,0.12033,1.26055,0.00355,1,1,participant_9,question_14,Timer-Correct,True,Question,NOT_RANDOM,0
0.0,0,38,1,0.08771,0.09749,0,0.78385,0.41296,0.52246,8099,3434.27979,0,0.0893,0.09912,-0.01171,0.00736,0.61748,0.44406,0.44904,13.09842,1,0.1139,0.08672,1.26866,0.00295,1,1,0.05035,0.00805,0.62008,0.70567,0.44577,17.0834,1,0.06151,0.10827,1.27681,0.00353,1,1,participant_9,question_14,Timer-Correct,True,Question,NOT_RANDOM,0
0.0,0,38,1,0.09145,0.09331,0,0.78385,0.41296,0.02002,8100,3434.80884,1,0.08983,0.09767,-0.01171,0.00736,0.61748,0.44404,0.44891,13.37332,1,0.10505,0.06432,1.28493,0.00295,1,1,0.05035,0.00805,0.62008,0.70567,0.4457,17.04943,1,0.07786,0.1223,1.28493,0.00353,1,1,participant_9,question_14,Timer-Correct,True,Question,NOT_RANDOM,0
0.0,0,38,1,0.08442,0.08319,0,0.78385,0.41296,0.02661,8100,3434.80884,1,0.08875,0.09477,-0.01171,0.00736,0.61748,0.44415,0.44896,13.15266,1,0.09679,0.05397,1.29304,0.00294,1,1,0.05035,0.00805,0.62008,0.7055,0.44554,17.16856,1,0.07206,0.11241,1.29304,0.00352,1,1,participant_9,question_14,Timer-Correct,True,Question,NOT_RANDOM,0
0.0,0,38,1,0.07979,0.06991,0,0.78385,0.41296,0.03369,8100,3434.80884,1,0.08726,0.09063,-0.01243,0.00778,0.65276,0.44395,0.44876,13.20502,1,0.09188,0.03992,1.31017,0.00298,1,1,0.05073,0.00815,0.62479,0.70539,0.44547,16.92359,1,0.0677,0.09991,1.31017,0.00357,1,1,participant_9,question_14,Timer-Correct,True,Question,NOT_RANDOM,0
0.0,0,38,1,0.07225,0.07682,0,0.78385,0.41296,0.04004,8100,3434.80884,1,0.08511,0.08866,-0.01243,0.00778,0.65276,0.44389,0.44864,13.02859,1,0.08601,0.06946,1.31919,0.00295,1,1,0.05073,0.00815,0.62479,0.70538,0.44558,17.26693,1,0.05848,0.08417,1.31919,0.00358,1,1,participant_9,question_14,Timer-Correct,True,Question,NOT_RANDOM,0
0.0,0,38,1,0.06817,0.06791,0,0.78385,0.41296,0.04688,8100,3434.80884,1,0.083,0.08606,-0.01243,0.00778,0.65276,0.44377,0.44868,13.20591,1,0.08149,0.06225,1.3282,0.00299,1,1,0.05073,0.00815,0.62479,0.70526,0.44538,16.93024,1,0.05485,0.07357,1.3282,0.00364,1,1,participant_9,question_14,Timer-Correct,True,Question,NOT_RANDOM,0
0.0,0,38,1,0.06455,0.0577,0,0.78385,0.41296,0.05322,8100,3434.80884,1,0.08095,0.08291,-0.01243,0.00783,0.65276,0.44375,0.44864,13.37157,1,0.07888,0.05511,1.33722,0.00296,1,1,0.05198,0.00836,0.64078,0.70514,0.44528,17.19914,1,0.05022,0.06028,1.34627,0.0036,1,1,participant_9,question_14,Timer-Correct,True,Question,NOT_RANDOM,0
0.0,0,38,1,0.05031,0.03214,0,0.78385,0.41296,0.06006,8100,3434.80884,1,0.07788,0.07783,-0.01243,0.00783,0.65276,0.44375,0.44848,13.13245,1,0.06179,0.02962,1.34627,0.00296,1,1,0.05198,0.00836,0.64078,0.70513,0.44535,17.11793,1,0.03883,0.03466,1.35533,0.00356,1,1,participant_9,question_14,Timer-Correct,True,Question,NOT_RANDOM,0
0.0,0,38,1,0.04405,0.03605,0,0.78385,0.41296,0.06665,8100,3434.80884,1,0.07481,0.07404,-0.01243,0.00783,0.65276,0.44375,0.44848,13.13245,1,0.05846,0.05756,1.35533,0.00296,1,1,0.05198,0.00836,0.64078,0.7052,0.44516,17.15279,1,0.02963,0.01455,1.36439,0.00349,1,1,participant_9,question_14,Timer-Correct,True,Other,NOT_RANDOM,0
0.0,0,38,1,0.0415,0.02913,0,0.78385,0.41296,0.07471,8100,3434.80884,1,0.07203,0.07029,-0.01243,0.00783,0.65276,0.44364,0.44838,12.93618,1,0.05575,0.05053,1.36439,0.00298,1,1,0.05198,0.00846,0.64078,0.7051,0.44503,16.84315,1,0.02726,0.00772,1.37344,0.00352,1,1,participant_9,question_14,Timer-Correct,True,Other,NOT_RANDOM,0
0.0,0,38,1,0.04351,0.04263,0,0.78385,0.41296,0.08008,8100,3434.80884,1,0.06984,0.06817,-0.01243,0.00783,0.65276,0.4436,0.44827,13.17901,1,0.06889,0.04386,1.37344,0.00292,1,1,0.05198,0.00846,0.64078,0.70499,0.44489,16.84865,1,0.01812,0.04139,1.37344,0.00349,1,1,participant_9,question_14,Timer-Correct,True,Other,NOT_RANDOM,0
0.0,0,38,1,0.04235,0.05247,0,0.78385,0.41296,0.08691,8100,3434.80884,1,0.06787,0.06704,-0.01243,0.00783,0.65276,0.44362,0.44825,13.1622,1,0.06892,0.02907,1.37344,0.00293,1,1,0.05198,0.00846,0.64078,0.70499,0.44481,16.98079,1,0.01579,0.07587,1.37344,0.0035,1,1,participant_9,question_14,Timer-Correct,True,Other,NOT_RANDOM,0
0.0,0,38,1,0.0484,0.06847,0,0.78385,0.41296,0.09375,8100,3434.80884,1,0.06658,0.06714,-0.01177,0.0074,0.61297,0.44352,0.44819,13.06623,1,0.07386,0.04257,1.35631,0.00293,1,1,0.05051,0.00823,0.62314,0.70489,0.44474,17.01279,1,0.02293,0.09436,1.34726,0.00353,1,1,participant_9,question_14,Timer-Correct,True,Other,NOT_RANDOM,0
0.0,0,38,1,0.05774,0.08249,0,0.78385,0.41296,0.10034,8100,3434.80884,1,0.06602,0.0681,-0.01177,0.0074,0.61297,0.44343,0.44802,13.06672,1,0.07497,0.05432,1.33013,0.00291,1,1,0.05051,0.00823,0.62314,0.70488,0.44465,16.77021,1,0.0405,0.11065,1.32107,0.00353,1,1,participant_9,question_14,Timer-Correct,True,Question,NOT_RANDOM,0
0.0,0,38,1,0.07081,0.08741,0,0.78385,0.41296,0.10718,8100,3434.80884,1,0.0663,0.06923,-0.01177,0.0074,0.61297,0.44343,0.44802,13.06672,1,0.09068,0.0523,1.30394,0.00291,1,1,0.05051,0.00823,0.62314,0.70482,0.44463,16.75108,1,0.05094,0.12251,1.29489,0.00351,1,1,participant_9,question_14,Timer-Correct,True,Question,NOT_RANDOM,0
0.0,0,38,1,0.07585,0.10127,0,0.78385,0.41296,0.11377,8100,3434.80884,1,0.06684,0.07101,-0.01192,0.00762,0.62327,0.44359,0.44777,13.0147,1,0.0959,0.06703,1.28587,0.00289,1,1,0.05051,0.00832,0.62314,0.70483,0.4445,16.9945,1,0.0558,0.13552,1.27681,0.00345,1,1,participant_9,question_14,Timer-Correct,True,Question,NOT_RANDOM,0
0.0,0,38,1,0.11863,0.06684,0,0.78385,0.41296,0.12256,8100,3434.80884,1,0.06956,0.07079,-0.01192,0.00762,0.62327,0.44406,0.44753,13.04524,1,0.13719,0.06725,1.28493,0.00289,1,1,0.05051,0.00832,0.62314,0.70543,0.44419,17.11068,1,0.10007,0.06643,1.28493,0.00349,1,1,participant_9,question_14,Timer-Correct,True,Question,NOT_RANDOM,0
0.0,0,38,1,0.15443,0.05531,0,0.78385,0.41296,0.12793,8100,3434.80884,1,0.0738,0.07002,-0.01192,0.00762,0.62327,0.44446,0.44748,12.84833,1,0.17056,0.05447,1.29304,0.00281,1,1,0.05051,0.00832,0.62314,0.70606,0.44387,16.25473,1,0.1383,0.05616,1.29304,0.00346,1,1,participant_9,question_14,Timer-Correct,True,Question,NOT_RANDOM,0
0.0,0,38,1,0.15168,0.04526,0,0.78385,0.41296,0.13403,8100,3434.80884,1,0.07751,0.06884,-0.01095,0.00751,0.59593,0.4471,0.44668,13.32149,1,0.16867,0.04775,1.30116,0.00285,1,1,0.05172,0.00859,0.63286,0.70817,0.44321,16.67115,1,0.13469,0.04277,1.31021,0.00351,1,1,participant_9,question_14,Timer-Correct,True,Question,NOT_RANDOM,0
0.0,0,38,1,0.23389,0.00863,0,0.78385,0.41296,0.14062,8100,3434.80884,1,0.08462,0.0661,-0.01095,0.00751,0.59593,0.44853,0.44632,13.31909,1,0.25255,0.0318,1.31021,0.0028,1,1,0.05172,0.00859,0.63286,0.70972,0.44259,16.79418,1,0.21522,-0.01453,1.31927,0.00352,1,1,participant_9,question_14,Timer-Correct,True,Other,NOT_RANDOM,0
0.0,0,38,1,0.24862,-0.0111,0,0.78385,0.41296,0.14722,8100,3434.80884,1,0.09175,0.06275,-0.01095,0.00751,0.59593,0.44887,0.44607,13.23306,1,0.27635,-0.01076,1.31927,0.00282,1,1,0.05172,0.00859,0.63286,0.71013,0.44255,16.95732,1,0.22089,-0.01143,1.32832,0.00363,1,1,participant_9,question_14,Timer-Correct,True,Other,NOT_RANDOM,0
0.0,0,38,1,0.24917,-0.00818,0,0.78385,0.41296,0.14722,8100,3434.80884,0,0.12459,0.04929,-0.01075,0.00784,0.60746,0.45078,0.44554,13.80219,1,0.2762,-0.01158,1.32021,0.00292,1,1,0.05138,0.00862,0.6247,0.71146,0.4421,17.08618,1,0.22213,-0.00478,1.32021,0.00346,1,1,participant_9,question_14,Timer-Correct,True,Other,NOT_RANDOM,0
0.0,0,38,1,0.26458,0.00217,0,0.78385,0.41296,0.14722,8100,3434.80884,0,0.19458,0.02573,-0.01075,0.00784,0.60746,0.45103,0.44529,13.58125,1,0.28284,-0.01839,1.3121,0.00294,1,1,0.05138,0.00862,0.6247,0.71171,0.4419,17.07935,1,0.24632,0.02272,1.30304,0.00346,1,1,participant_9,question_14,Timer-Correct,True,Other,NOT_RANDOM,0
0.0,0,38,1,0.26301,0.00376,0,0.78385,0.41296,0.14722,8100,3434.80884,0,0.21739,0.01841,-0.01075,0.00784,0.60746,0.45091,0.44512,13.73855,1,0.27769,-0.00515,1.29493,0.00292,1,1,0.05138,0.00862,0.6247,0.7118,0.44277,17.25956,1,0.24833,0.01267,1.28587,0.00413,1,1,participant_9,question_14,Timer-Correct,True,Other,NOT_RANDOM,0
0.0,0,38,1,0.26493,0.01492,0,0.78385,0.41296,0.14722,8100,3434.80884,0,0.26417,0.00695,-0.01104,0.00806,0.62141,0.45092,0.44501,13.73662,1,0.2791,0.00284,1.28587,0.00295,1,1,0.04982,0.00846,0.60626,0.71167,0.44157,17.15733,1,0.25076,0.027,1.26866,0.00344,1,1,participant_9,question_14,Timer-Correct,True,Other,NOT_RANDOM,0
0.0,0,38,1,0.27374,0.0212,0,0.78385,0.41296,0.14722,8100,3434.80884,0,0.26896,0.01408,-0.01104,0.00806,0.62141,0.45076,0.44459,13.70979,1,0.29699,0.01142,1.27678,0.00294,1,1,0.04982,0.00846,0.60626,0.71163,0.44136,17.3371,1,0.2505,0.03098,1.26863,0.00353,1,1,participant_9,question_14,Timer-Correct,True,Other,NOT_RANDOM,0
0.0,0,38,1,0.26966,0.01243,0,0.78385,0.41296,0.14722,8100,3434.80884,0,0.26919,0.01353,-0.01104,0.00806,0.62141,0.45077,0.44459,13.71913,1,0.29429,-0.0107,1.27674,0.00294,1,1,0.04982,0.00846,0.60626,0.71168,0.44118,16.99117,1,0.24504,0.03555,1.26859,0.00347,1,1,participant_9,question_14,Timer-Correct,True,Other,NOT_RANDOM,0
0.0,0,38,1,0.26967,0.01246,0,0.78385,0.41296,0.02002,8101,3434.98267,1,0.26931,0.01326,-0.01104,0.0082,0.62141,0.45081,0.44421,13.63924,1,0.29429,-0.01066,1.2767,0.00286,1,1,0.04982,0.00855,0.60626,0.71172,0.44092,16.80624,1,0.24504,0.03558,1.26855,0.00349,1,1,participant_9,question_14,Timer-Correct,True,Other,NOT_RANDOM,0
0.0,0,38,1,0.28246,0.01016,0,0.78385,0.41296,0.0271,8101,3434.98267,1,0.27194,0.01264,-0.01104,0.0082,0.62141,0.45078,0.44401,13.34119,1,0.32006,-0.0109,1.26855,0.00292,1,1,0.04982,0.00855,0.60626,0.71156,0.44069,17.12689,1,0.24486,0.03121,1.26855,0.00347,1,1,participant_9,question_14,Timer-Correct,True,Other,NOT_RANDOM,0
0.0,0,38,1,0.27822,0.02425,0,0.78385,0.41296,0.03369,8101,3434.98267,1,0.27299,0.01457,-0.01104,0.0082,0.62141,0.45078,0.44385,13.33324,1,0.30838,0.02766,1.26855,0.00302,1,1,0.04982,0.00855,0.60626,0.71187,0.44223,17.51641,1,0.24805,0.02084,1.26855,0.00425,1,1,participant_9,question_14,Timer-Correct,True,Other,NOT_RANDOM,0
0.0,0,38,1,0.27696,0.01652,0,0.78385,0.41296,0.04004,8101,3434.98267,1,0.27355,0.01485,-0.01145,0.00866,0.64167,0.4507,0.44355,13.73644,1,0.30715,0.01974,1.27757,0.0029,1,1,0.04982,0.00873,0.60626,0.71157,0.44037,17.12461,1,0.24676,0.01329,1.27757,0.00348,1,1,participant_9,question_14,Timer-Correct,True,Other,NOT_RANDOM,0
0.0,0,38,1,0.27457,-0.01394,0,0.78385,0.41296,0.04712,8101,3434.98267,1,0.27368,0.01125,-0.01145,0.00866,0.64167,0.45066,0.44348,13.42932,1,0.3115,-0.03576,1.28658,0.00292,1,1,0.04982,0.00873,0.60626,0.71158,0.44018,17.07316,1,0.23765,0.00788,1.28658,0.00345,1,1,participant_9,question_14,Timer-Correct,True,Other,NOT_RANDOM,0
0.0,0,38,1,0.27126,-0.01491,0,0.78385,0.41296,0.05371,8101,3434.98267,1,0.27341,0.00835,-0.01145,0.00866,0.64167,0.45073,0.4433,13.50945,1,0.30592,-0.0217,1.2956,0.00288,1,1,0.04982,0.00873,0.60626,0.71154,0.44007,16.81491,1,0.2366,-0.00811,1.2956,0.00347,1,1,participant_9,question_14,Timer-Correct,True,Other,NOT_RANDOM,0
0.0,0,38,1,0.26999,-0.02274,0,0.78385,0.41296,0.06055,8101,3434.98267,1,0.27307,0.00524,-0.01145,0.00866,0.64167,0.4507,0.44297,13.25424,1,0.3047,-0.02979,1.30462,0.00299,1,1,0.04982,0.00882,0.60626,0.71153,0.43994,16.73928,1,0.23527,-0.01569,1.30462,0.00349,1,1,participant_9,question_14,Timer-Correct,True,Other,NOT_RANDOM,0
0.0,0,38,1,0.27429,-0.01011,0,0.78385,0.41296,0.06738,8101,3434.98267,1,0.27318,0.00384,-0.01145,0.00866,0.64167,0.45064,0.44269,13.73688,1,0.30599,-0.01836,1.30462,0.00296,1,1,0.04982,0.00882,0.60626,0.71195,0.44124,17.57053,1,0.24258,-0.00187,1.30462,0.0042,1,1,participant_9,question_14,Timer-Correct,True,Other,NOT_RANDOM,0
0.0,0,38,1,0.27447,-0.02828,0,0.78385,0.41296,0.07397,8101,3434.98267,1,0.27329,0.00116,-0.01145,0.00866,0.64167,0.45067,0.44267,13.56432,1,0.30973,-0.03612,1.30462,0.00289,1,1,0.04982,0.00882,0.60626,0.71203,0.4411,17.29843,1,0.2392,-0.02045,1.30462,0.00421,1,1,participant_9,question_14,Timer-Correct,True,Other,NOT_RANDOM,0
0.0,0,38,1,0.27447,-0.02828,0,0.78385,0.41296,0.08057,8101,3434.98267,1,0.27338,-0.0011,-0.01145,0.00886,0.64167,0.45081,0.44226,13.63653,1,0.30973,-0.03612,1.30462,0.00286,1,1,0.04982,0.00891,0.60626,0.71151,0.43926,16.87142,1,0.2392,-0.02045,1.30462,0.00348,1,1,participant_9,question_14,Timer-Correct,True,Other,NOT_RANDOM,0
0.0,0,38,1,0.27335,-0.01399,0,0.78385,0.41296,0.08789,8101,3434.98267,1,0.27338,-0.00202,-0.01145,0.00886,0.64167,0.45071,0.44213,13.74551,1,0.308,-0.02164,1.30462,0.00289,1,1,0.04982,0.00891,0.60626,0.71154,0.43914,16.94986,1,0.2387,-0.00634,1.30462,0.00344,1,1,participant_9,question_14,Timer-Correct,True,Other,NOT_RANDOM,0
0.0,0,38,1,0.27582,0.01894,0,0.78385,0.41296,0.09399,8101,3434.98267,1,0.27354,-0.00062,-0.01145,0.00886,0.64167,0.45072,0.44208,13.37828,1,0.30945,0.01735,1.30462,0.00286,1,1,0.04982,0.00891,0.60626,0.71158,0.43903,16.75414,1,0.2422,0.02053,1.30462,0.00341,1,1,participant_9,question_14,Timer-Correct,True,Other,NOT_RANDOM,0
0.0,0,38,1,0.27582,0.01894,0,0.78385,0.41296,0.10059,8101,3434.98267,1,0.27368,0.0006,-0.01145,0.0089,0.64167,0.4507,0.4416,13.73644,1,0.30945,0.01735,1.30462,0.0029,1,1,0.05023,0.00903,0.61124,0.71164,0.43891,16.77252,1,0.2422,0.02053,1.30462,0.00345,1,1,participant_9,question_14,Timer-Correct,True,Other,NOT_RANDOM,0
0.0,0,38,1,0.27278,-0.0079,0,0.78385,0.41296,0.10742,8101,3434.98267,1,0.27363,0.0001,-0.01145,0.0089,0.64167,0.45072,0.44159,13.43208,1,0.30342,-0.01936,1.30462,0.00293,1,1,0.05023,0.00903,0.61124,0.71162,0.4387,16.72275,1,0.24215,0.00357,1.30462,0.00344,1,1,participant_9,question_14,Timer-Correct,True,Other,NOT_RANDOM,0
0.0,0,38,1,0.27345,-0.02561,0,0.78385,0.41296,0.11401,8101,3434.98267,1,0.27362,-0.00133,-0.01145,0.0089,0.64167,0.45066,0.44156,13.32233,1,0.30883,-0.03895,1.30462,0.00294,1,1,0.05023,0.00903,0.61124,0.71193,0.44002,17.19906,1,0.23808,-0.01227,1.30462,0.00418,1,1,participant_9,question_14,Timer-Correct,True,Other,NOT_RANDOM,0
0.0,0,38,1,0.27345,-0.02561,0,0.78385,0.41296,0.12061,8101,3434.98267,1,0.27361,-0.00261,-0.01145,0.00905,0.64167,0.45067,0.44143,13.49245,1,0.30883,-0.03895,1.30462,0.00291,1,1,0.04982,0.00909,0.60626,0.71151,0.43857,16.68855,1,0.23808,-0.01227,1.30462,0.00348,1,1,participant_9,question_14,Timer-Correct,True,Other,NOT_RANDOM,0
0.0,0,38,1,0.26832,-0.02593,0,0.78385,0.41296,0.12744,8101,3434.98267,1,0.27335,-0.00377,-0.01145,0.00905,0.64167,0.45078,0.4413,13.49899,1,0.30252,-0.06305,1.30462,0.00286,1,1,0.04982,0.00909,0.60626,0.71158,0.43844,16.70574,1,0.23412,0.01118,1.30462,0.00347,1,1,participant_9,question_14,Timer-Correct,True,Other,NOT_RANDOM,0
0.0,0,38,1,0.27049,-0.00813,0,0.78385,0.41296,0.13428,8101,3434.98267,1,0.27321,-0.00398,-0.01145,0.00905,0.64167,0.4508,0.44123,13.50183,1,0.30659,-0.0166,1.30462,0.00286,1,1,0.04982,0.00909,0.60626,0.71155,0.43827,16.98173,1,0.23439,0.00034,1.30462,0.0034,1,1,participant_9,question_14,Timer-Correct,True,Other,NOT_RANDOM,0
0.0,0,38,1,0.27049,-0.00813,0,0.78385,0.41296,0.14062,8101,3434.98267,1,0.27309,-0.00417,-0.01145,0.00905,0.64167,0.45056,0.44104,13.3197,1,0.30659,-0.0166,1.30462,0.00289,1,1,0.04982,0.00909,0.60626,0.71151,0.43812,16.72984,1,0.23439,0.00034,1.30462,0.00344,1,1,participant_9,question_14,Timer-Correct,True,Other,NOT_RANDOM,0
0.0,0,38,1,0.284,0.01355,0,0.78385,0.41296,0.14746,8101,3434.98267,1,0.27356,-0.0034,-0.01145,0.00905,0.64167,0.45056,0.44104,13.3197,1,0.30962,0.00575,1.30462,0.00289,1,1,0.04982,0.00909,0.60626,0.71149,0.43807,16.63621,1,0.25838,0.02136,1.30462,0.00346,1,1,participant_9,question_14,Timer-Correct,True,Other,NOT_RANDOM,0
0.0,0,38,1,0.27607,0.00772,0,0.78385,0.41296,0.15405,8101,3434.98267,1,0.27367,-0.00294,-0.01145,0.00905,0.64167,0.45051,0.4409,13.71628,1,0.29705,0.00807,1.30462,0.00286,1,1,0.04982,0.00909,0.60626,0.71156,0.43803,16.69935,1,0.25509,0.00736,1.30462,0.0034,1,1,participant_9,question_14,Timer-Correct,True,Other,NOT_RANDOM,0
0.0,0,38,1,0.27607,0.00772,0,0.78385,0.41296,0.16113,8101,3434.98267,1,0.27376,-0.00251,-0.01145,0.00905,0.64167,0.45055,0.44081,13.84192,1,0.29705,0.00807,1.30462,0.00289,1,1,0.05023,0.00921,0.61124,0.71132,0.43803,16.98237,1,0.25509,0.00736,1.30462,0.0035,1,1,participant_9,question_14,Timer-Correct,True,Other,NOT_RANDOM,0
0.0,0,38,1,0.28038,-0.00267,0,0.78385,0.41296,0.16748,8101,3434.98267,1,0.27402,-0.00252,-0.01145,0.00905,0.64167,0.45058,0.44065,13.63671,1,0.30838,0.00202,1.30462,0.00285,1,1,0.05023,0.00921,0.61124,0.7114,0.43774,16.69772,1,0.25238,-0.00736,1.30462,0.00341,1,1,participant_9,question_14,Timer-Correct,True,Other,NOT_RANDOM,0
0.0,0,38,1,0.28474,-0.00997,0,0.78385,0.41296,0.17407,8101,3434.98267,1,0.27441,-0.00279,-0.01145,0.00905,0.64167,0.4507,0.44062,13.73644,1,0.32383,-0.01061,1.30462,0.0029,1,1,0.05023,0.00921,0.61124,0.71159,0.4377,16.58969,1,0.24565,-0.00933,1.30462,0.00344,1,1,participant_9,question_14,Timer-Correct,True,Other,NOT_RANDOM,0
0.0,0,38,1,0.28534,-0.00562,0,0.78385,0.41296,0.18115,8101,3434.98267,1,0.2748,-0.00289,-0.01104,0.00886,0.62141,0.45127,0.44058,13.27444,1,0.32492,-0.00264,1.2956,0.00286,1,1,0.05138,0.00946,0.6247,0.71194,0.43775,16.58388,1,0.24577,-0.00861,1.30375,0.00339,1,1,participant_9,question_14,Timer-Correct,True,Other,NOT_RANDOM,0
0.0,0,38,1,0.29671,-0.00891,0,0.78385,0.41296,0.1875,8101,3434.98267,1,0.27556,-0.0031,-0.01104,0.00886,0.62141,0.45133,0.44061,13.3585,1,0.32496,-0.00934,1.29474,0.00286,1,1,0.05138,0.00946,0.6247,0.71211,0.43767,16.57243,1,0.26846,-0.00848,1.30289,0.00341,1,1,participant_9,question_14,Timer-Correct,True,Other,NOT_RANDOM,0
0.0,0,38,1,0.29313,-0.0149,0,0.78385,0.41296,0.19409,8101,3434.98267,1,0.27615,-0.00349,-0.01104,0.00886,0.62141,0.45134,0.44062,13.38189,1,0.32056,-0.01706,1.29387,0.00286,1,1,0.05138,0.00946,0.6247,0.71215,0.43763,16.76172,1,0.2657,-0.01273,1.30202,0.00338,1,1,participant_9,question_14,Timer-Correct,True,Other,NOT_RANDOM,0
0.0,0,38,1,0.29324,-0.01415,0,0.78385,0.41296,0.20093,8101,3434.98267,1,0.2767,-0.00384,-0.01104,0.0089,0.62141,0.45126,0.44063,13.22037,1,0.32067,-0.01629,1.29301,0.00285,1,1,0.05138,0.00946,0.6247,0.71213,0.43762,16.72706,1,0.26581,-0.012,1.30116,0.00338,1,1,participant_9,question_14,Timer-Correct,True,Other,NOT_RANDOM,0
0.0,0,38,1,0.29224,-0.0129,0,0.78385,0.41296,0.20752,8101,3434.98267,1,0.27718,-0.00412,-0.01104,0.0089,0.62141,0.45128,0.4406,13.26938,1,0.31715,-0.01436,1.30116,0.00284,1,1,0.05138,0.00946,0.6247,0.71214,0.43755,16.56916,1,0.26733,-0.01144,1.30116,0.0034,1,1,participant_9,question_14,Timer-Correct,True,Other,NOT_RANDOM,0
0.0,0,38,1,0.29349,-0.01496,0,0.78385,0.41296,0.21411,8101,3434.98267,1,0.27768,-0.00445,-0.01104,0.0089,0.62141,0.45129,0.44056,13.3084,1,0.32006,-0.01837,1.30116,0.00285,1,1,0.05138,0.00946,0.6247,0.71212,0.4377,16.58566,1,0.26692,-0.01156,1.30116,0.00339,1,1,participant_9,question_14,Timer-Correct,True,Other,NOT_RANDOM,0
0.0,0,38,1,0.29401,-0.01152,0,0.78385,0.41296,0.22095,8101,3434.98267,1,0.27816,-0.00466,-0.01104,0.00886,0.62141,0.45129,0.44056,13.3084,1,0.32006,-0.01837,1.30116,0.00285,1,1,0.04982,0.00918,0.60626,0.71206,0.43765,16.47697,1,0.26796,-0.00468,1.29301,0.00342,1,1,participant_9,question_14,Timer-Correct,True,Other,NOT_RANDOM,0
0.0,0,38,1,0.29487,-0.00115,0,0.78385,0.41296,0.22827,8101,3434.98267,1,0.27863,-0.00456,-0.01104,0.00886,0.62141,0.45134,0.44062,13.38189,1,0.32255,-0.00526,1.29301,0.00286,1,1,0.04982,0.00918,0.60626,0.71207,0.43768,16.50113,1,0.26719,0.00296,1.28485,0.00343,1,1,participant_9,question_14,Timer-Correct,True,Other,NOT_RANDOM,0
0.0,0,38,1,0.2955,0.00258,0,0.78385,0.41296,0.23438,8101,3434.98267,1,0.2791,-0.00436,-0.01104,0.00886,0.62141,0.45129,0.44056,13.3084,1,0.32543,-0.00541,1.28485,0.00285,1,1,0.04982,0.00918,0.60626,0.71203,0.4377,16.51472,1,0.26558,0.01057,1.2767,0.00343,1,1,participant_9,question_14,Timer-Correct,True,Other,NOT_RANDOM,0
0.0,0,38,1,0.29653,0.00966,0,0.78385,0.41296,0.24121,8101,3434.98267,1,0.27957,-0.00398,-0.01104,0.00886,0.62141,0.4513,0.44058,13.35633,1,0.32642,0.00188,1.2767,0.00284,1,1,0.04982,0.00918,0.60626,0.71206,0.43771,16.52702,1,0.26664,0.01744,1.26855,0.00344,1,1,participant_9,question_14,Timer-Correct,True,Other,NOT_RANDOM,0
0.0,0,38,1,0.29425,0.02051,0,0.78385,0.41296,0.2478,8101,3434.98267,1,0.27996,-0.00334,-0.01104,0.00886,0.62141,0.45134,0.44062,13.38189,1,0.32429,0.01429,1.26855,0.00286,1,1,0.04982,0.00918,0.60626,0.71207,0.43772,16.51342,1,0.26421,0.02672,1.26855,0.00344,1,1,participant_9,question_14,Timer-Correct,True,Other,NOT_RANDOM,0
0.0,0,38,1,0.29509,0.02132,0,0.78385,0.41296,0.25464,8101,3434.98267,1,0.28035,-0.0027,-0.01104,0.00886,0.62141,0.4513,0.44058,13.35633,1,0.32465,0.01519,1.26855,0.00284,1,1,0.04982,0.00918,0.60626,0.71206,0.43771,16.52702,1,0.26553,0.02745,1.26855,0.00344,1,1,participant_9,question_14,Timer-Correct,True,Other,NOT_RANDOM,0
0.0,0,38,1,0.29613,0.02831,0,0.78385,0.41296,0.26099,8101,3434.98267,1,0.28074,-0.00193,-0.01073,0.0086,0.60652,0.45125,0.44067,13.26032,1,0.32566,0.02241,1.26044,0.00283,1,1,0.04982,0.00918,0.60626,0.71203,0.43772,16.55218,1,0.2666,0.03422,1.26044,0.00345,1,1,participant_9,question_14,Timer-Correct,True,Question,NOT_RANDOM,0
0.0,0,38,1,0.29575,0.04371,0,0.78385,0.41296,0.26782,8101,3434.98267,1,0.28111,-0.00081,-0.01073,0.0086,0.60652,0.45125,0.44067,13.26032,1,0.32226,0.04446,1.25233,0.00283,1,1,0.04982,0.00918,0.60626,0.71193,0.43774,16.56744,1,0.26924,0.04296,1.25233,0.00339,1,1,participant_9,question_14,Timer-Correct,True,Question,NOT_RANDOM,0
0.0,0,38,1,0.29828,0.06457,0,0.78385,0.41296,0.27466,8101,3434.98267,1,0.28152,0.00074,-0.01073,0.0086,0.60652,0.45127,0.44069,13.33386,1,0.32928,0.06717,1.24421,0.00284,1,1,0.04982,0.00918,0.60626,0.71195,0.43784,16.56981,1,0.26727,0.06197,1.24421,0.0034,1,1,participant_9,question_14,Timer-Correct,True,Question,NOT_RANDOM,0
0.0,0,38,1,0.29932,0.07143,0,0.78385,0.41296,0.28149,8101,3434.98267,1,0.28193,0.00239,-0.01075,0.00857,0.60746,0.45135,0.44104,13.3197,1,0.33029,0.0742,1.2361,0.00289,1,1,0.04982,0.00918,0.60626,0.71193,0.43785,16.55789,1,0.26836,0.06866,1.2361,0.00342,1,1,participant_9,question_14,Timer-Correct,True,Question,NOT_RANDOM,0
0.0,0,38,1,0.28979,0.07542,0,0.78385,0.41296,0.28149,8101,3434.98267,0,0.29525,0.02582,-0.01075,0.00857,0.60746,0.45135,0.44104,13.3197,1,0.30654,0.07654,1.2361,0.00289,1,1,0.04982,0.00918,0.60626,0.71192,0.43791,16.36925,1,0.27303,0.0743,1.2361,0.0034,1,1,participant_9,question_14,Timer-Correct,True,Question,NOT_RANDOM,0
0.0,0,38,1,0.30133,0.05287,0,0.78385,0.41296,0.28149,8101,3434.98267,0,0.29829,0.03935,-0.01075,0.00857,0.60746,0.45135,0.44104,13.3197,1,0.33549,0.03405,1.2361,0.00289,1,1,0.04982,0.00918,0.60626,0.71189,0.438,16.59512,1,0.26716,0.07169,1.2361,0.00342,1,1,participant_9,question_14,Timer-Correct,True,Question,NOT_RANDOM,0
0.0,0,38,1,0.29974,0.04254,0,0.78385,0.41296,0.28149,8101,3434.98267,0,0.29877,0.04041,-0.01042,0.00834,0.59161,0.45147,0.44113,13.1333,1,0.33452,0.02676,1.24421,0.0029,1,1,0.05138,0.00937,0.6247,0.71212,0.43813,16.45302,1,0.26497,0.05833,1.25236,0.00338,1,1,participant_9,question_14,Timer-Correct,True,Question,NOT_RANDOM,0
0.0,0,38,1,0.30029,0.01098,0,0.78385,0.41296,0.02026,8102,3435.27075,1,0.29915,0.03305,-0.01042,0.00834,0.59161,0.45142,0.44131,13.36308,1,0.31761,0.00499,1.26048,0.00281,1,1,0.05138,0.00937,0.6247,0.7122,0.43811,16.3939,1,0.28298,0.01696,1.26863,0.00345,1,1,participant_9,question_14,Timer-Correct,True,Other,NOT_RANDOM,0
0.0,0,38,1,0.2998,0.00147,0,0.78385,0.41296,0.02686,8102,3435.27075,1,0.29928,0.02674,-0.01042,0.00834,0.59161,0.45156,0.44138,13.34501,1,0.31471,-0.0107,1.27674,0.00286,1,1,0.05138,0.00937,0.6247,0.71217,0.43816,16.47827,1,0.28489,0.01364,1.28489,0.00343,1,1,participant_9,question_14,Timer-Correct,True,Other,NOT_RANDOM,0
0.0,0,38,1,0.29613,-0.02431,0,0.78385,0.41296,0.03369,8102,3435.27075,1,0.29876,0.01823,-0.01131,0.00909,0.64441,0.45167,0.44148,13.22229,1,0.31142,-0.03352,1.30202,0.00281,1,1,0.05276,0.00961,0.64087,0.71234,0.43805,16.62363,1,0.28085,-0.0151,1.31923,0.00342,1,1,participant_9,question_14,Timer-Correct,True,Other,NOT_RANDOM,0
0.0,0,38,1,0.30237,0.06766,0,0.78385,0.41296,0.04028,8102,3435.27075,1,0.29927,0.02529,-0.01131,0.00909,0.64441,0.45173,0.442,10.83364,1,0.33698,0.09159,1.32824,0.00278,1,1,0.05276,0.00961,0.64087,0.71253,0.43867,15.15322,1,0.26777,0.04373,1.3373,0.00329,1,1,participant_9,question_14,Timer-Correct,True,Question,NOT_RANDOM,0
0.0,0,38,1,0.30167,0.27643,0,0.78385,0.41296,0.04688,8102,3435.27075,1,0.29957,0.05668,-0.01131,0.00909,0.64441,0.45173,0.442,10.83364,0,0.33698,0.09159,1.34632,0.00278,1,0,0.05276,0.00961,0.64087,0.71259,0.43987,11.29184,1,0.30167,0.27643,1.35537,0.00294,1,1,participant_9,question_14,Timer-Correct,True,Question,NOT_RANDOM,0
0.0,0,38,0,0.30167,0.27643,0,0.78385,0.41296,0.05347,8102,3435.27075,1,0.29957,0.05668,-0.01131,0.00909,0.64441,0.45173,0.442,10.83364,0,0.33698,0.09159,1.36439,0.00278,1,0,0.05276,0.00961,0.64087,0.71259,0.43987,11.29184,0,0.30167,0.27643,1.37344,0.00294,1,0,participant_9,question_14,Timer-Correct,False,Question,NOT_RANDOM,0
0.0,0,37,0,0.30167,0.27643,0,0.78385,0.41296,0.06006,8102,3435.27075,1,0.29957,0.05668,-0.01131,0.00909,0.64441,0.45173,0.442,10.83364,0,0.33698,0.09159,1.37344,0.00278,1,0,0.05276,0.00961,0.64087,0.71259,0.43987,11.29184,0,0.30167,0.27643,1.37344,0.00294,1,0,participant_9,question_14,Timer-Correct,False,Question,NOT_RANDOM,0
0.0,0,37,0,0.30167,0.27643,0,0.78385,0.41296,0.07056,8102,3435.27075,1,0.29957,0.05668,-0.01131,0.00909,0.64441,0.45173,0.442,10.83364,0,0.33698,0.09159,1.37344,0.00278,1,0,0.05276,0.00961,0.64087,0.71259,0.43987,11.29184,0,0.30167,0.27643,1.37344,0.00294,1,0,participant_9,question_14,Timer-Correct,False,Question,NOT_RANDOM,0
0.0,0,37,0,0.30167,0.27643,0,0.78385,0.41296,0.07056,8102,3435.27075,0,0.30019,0.06109,-0.01131,0.00909,0.64441,0.45173,0.442,10.83364,0,0.33698,0.09159,1.37344,0.00278,1,0,0.05276,0.00961,0.64087,0.71259,0.43987,11.29184,0,0.30167,0.27643,1.37344,0.00294,1,0,participant_9,question_14,Timer-Correct,False,Question,NOT_RANDOM,0
0.0,0,37,0,0.30167,0.27643,0,0.78385,0.41296,0.07056,8102,3435.27075,0,0.30019,0.06109,-0.01131,0.00909,0.64441,0.45173,0.442,10.83364,0,0.33698,0.09159,1.37344,0.00278,1,0,0.05276,0.00961,0.64087,0.71259,0.43987,11.29184,0,0.30167,0.27643,1.37344,0.00294,1,0,participant_9,question_14,Timer-Correct,False,Question,NOT_RANDOM,0
0.0,0,37,0,0.30167,0.27643,0,0.78385,0.41296,0.07056,8102,3435.27075,0,0.30019,0.06109,-0.01131,0.00909,0.64441,0.45173,0.442,10.83364,0,0.33698,0.09159,1.37344,0.00278,1,0,0.05276,0.00961,0.64087,0.71259,0.43987,11.29184,0,0.30167,0.27643,1.37344,0.00294,1,0,participant_9,question_14,Timer-Correct,False,Question,NOT_RANDOM,0
0.0,40,37,0,0.30167,0.27643,0,0.78385,0.41296,0.07056,8102,3435.27075,0,0.0,0.0,-0.01131,0.00909,0.64441,0.45173,0.442,10.83364,0,0.33698,0.09159,1.37344,0.00278,1,0,0.05276,0.00961,0.64087,0.71259,0.43987,11.29184,0,0.30167,0.27643,1.37344,0.00294,1,0,participant_9,question_14,Timer-Correct,True,Question,NOT_RANDOM,0
0.0,40,37,0,0.30167,0.27643,0,0.78385,0.41296,0.07056,8102,3435.27075,0,0.0,0.0,-0.01131,0.00909,0.64441,0.45173,0.442,10.83364,0,0.33698,0.09159,1.37344,0.00278,1,0,0.05276,0.00961,0.64087,0.71259,0.43987,11.29184,0,0.30167,0.27643,1.37344,0.00294,1,0,participant_9,question_14,Timer-Correct,True,Question,NOT_RANDOM,0
0.0,40,37,0,0.30167,0.27643,0,0.78385,0.41296,0.07056,8102,3435.27075,0,0.0,0.0,-0.01131,0.00909,0.64441,0.45173,0.442,10.83364,0,0.33698,0.09159,1.37344,0.00278,1,0,0.05276,0.00961,0.64087,0.71259,0.43987,11.29184,0,0.30167,0.27643,1.37344,0.00294,1,0,participant_9,question_14,Timer-Correct,True,Question,NOT_RANDOM,0
0.0,40,37,0,0.30167,0.27643,0,0.78385,0.41296,0.07056,8102,3435.27075,0,0.0,0.0,-0.01131,0.00909,0.64441,0.45173,0.442,10.83364,0,0.33698,0.09159,1.37344,0.00278,1,0,0.05276,0.00961,0.64087,0.71259,0.43987,11.29184,0,0.30167,0.27643,1.37344,0.00294,1,0,participant_9,question_14,Timer-Correct,True,Question,NOT_RANDOM,0
0.02837,0,38,1,0.13732,1.108,0,0.78385,0.41296,0.07056,8102,3435.27075,0,0.06866,0.554,-0.01131,0.00909,0.64441,0.75423,0.06858,6.85904,1,0.13732,1.108,1.37344,0.00256,1,1,0.05276,0.00961,0.64087,0.71259,0.43987,11.29184,0,0.30167,0.27643,1.37344,0.00294,1,0,participant_9,question_14,Timer-Correct,True,Other,NOT_RANDOM,0
0.0,0,38,0,0.13732,1.108,0,0.78385,0.41296,0.07056,8102,3435.27075,0,0.06866,0.554,-0.01131,0.00909,0.64441,0.75423,0.06858,6.85904,0,0.13732,1.108,1.37344,0.00256,1,0,0.05276,0.00961,0.64087,0.71259,0.43987,11.29184,0,0.30167,0.27643,1.37344,0.00294,1,0,participant_9,question_14,Timer-Correct,False,Other,NOT_RANDOM,0
0.0,0,38,0,0.13732,1.108,0,0.78385,0.41296,0.07056,8102,3435.27075,0,0.13732,1.108,-0.01131,0.00909,0.64441,0.75423,0.06858,6.85904,0,0.13732,1.108,1.37344,0.00256,1,0,0.05276,0.00961,0.64087,0.71259,0.43987,11.29184,0,0.30167,0.27643,1.37344,0.00294,1,0,participant_9,question_14,Timer-Correct,False,Other,NOT_RANDOM,0
0.0,0,38,0,0.13732,1.108,0,0.78385,0.41296,0.07056,8102,3435.27075,0,0.13732,1.108,-0.01131,0.00909,0.64441,0.75423,0.06858,6.85904,0,0.13732,1.108,1.37344,0.00256,1,0,0.05276,0.00961,0.64087,0.71259,0.43987,11.29184,0,0.30167,0.27643,1.37344,0.00294,1,0,participant_9,question_14,Timer-Correct,False,Other,NOT_RANDOM,0
0.0,0,38,0,0.13732,1.108,0,0.78385,0.41296,0.07056,8102,3435.27075,0,0.13732,1.108,-0.01131,0.00909,0.64441,0.75423,0.06858,6.85904,0,0.13732,1.108,1.37344,0.00256,1,0,0.05276,0.00961,0.64087,0.71259,0.43987,11.29184,0,0.30167,0.27643,1.37344,0.00294,1,0,participant_9,question_14,Timer-Correct,False,Other,NOT_RANDOM,0
0.0,0,38,0,0.13732,1.108,0,0.78385,0.41296,0.07056,8102,3435.27075,0,0.0,0.0,-0.01131,0.00909,0.64441,0.75423,0.06858,6.85904,0,0.13732,1.108,1.37344,0.00256,1,0,0.05276,0.00961,0.64087,0.71259,0.43987,11.29184,0,0.30167,0.27643,1.37344,0.00294,1,0,participant_9,question_14,Timer-Correct,False,Other,NOT_RANDOM,0
0.0,0,38,0,0.13732,1.108,0,0.78385,0.41296,0.07056,8102,3435.27075,0,0.0,0.0,-0.01131,0.00909,0.64441,0.75423,0.06858,6.85904,0,0.13732,1.108,1.37344,0.00256,1,0,0.05276,0.00961,0.64087,0.71259,0.43987,11.29184,0,0.30167,0.27643,1.37344,0.00294,1,0,participant_9,question_14,Timer-Correct,False,Other,NOT_RANDOM,0
0.0,0,38,0,0.13732,1.108,0,0.78385,0.41296,0.07056,8102,3435.27075,0,0.0,0.0,-0.01131,0.00909,0.64441,0.75423,0.06858,6.85904,0,0.13732,1.108,1.37344,0.00256,1,0,0.05276,0.00961,0.64087,0.71259,0.43987,11.29184,0,0.30167,0.27643,1.37344,0.00294,1,0,participant_9,question_14,Timer-Correct,False,Other,NOT_RANDOM,0
0.0,0,38,0,0.13732,1.108,0,0.78385,0.41296,0.07056,8102,3435.27075,0,0.0,0.0,-0.01131,0.00909,0.64441,0.75423,0.06858,6.85904,0,0.13732,1.108,1.37344,0.00256,1,0,0.05276,0.00961,0.64087,0.71259,0.43987,11.29184,0,0.30167,0.27643,1.37344,0.00294,1,0,participant_9,question_14,Timer-Correct,False,Other,NOT_RANDOM,0
0.0,0,38,0,0.13732,1.108,0,0.78385,0.41296,0.07056,8102,3435.27075,0,0.0,0.0,-0.01131,0.00909,0.64441,0.75423,0.06858,6.85904,0,0.13732,1.108,1.37344,0.00256,1,0,0.05276,0.00961,0.64087,0.71259,0.43987,11.29184,0,0.30167,0.27643,1.37344,0.00294,1,0,participant_9,question_14,Timer-Correct,False,Other,NOT_RANDOM,0
0.0,0,38,0,0.13732,1.108,0,0.78385,0.41296,0.07056,8102,3435.27075,0,0.0,0.0,-0.01131,0.00909,0.64441,0.75423,0.06858,6.85904,0,0.13732,1.108,1.37344,0.00256,1,0,0.05276,0.00961,0.64087,0.71259,0.43987,11.29184,0,0.30167,0.27643,1.37344,0.00294,1,0,participant_9,question_14,Timer-Correct,False,Other,NOT_RANDOM,0
0.0,0,38,0,0.13732,1.108,0,0.78385,0.41296,0.07056,8102,3435.27075,0,0.0,0.0,-0.01131,0.00909,0.64441,0.75423,0.06858,6.85904,0,0.13732,1.108,1.37344,0.00256,1,0,0.05276,0.00961,0.64087,0.71259,0.43987,11.29184,0,0.30167,0.27643,1.37344,0.00294,1,0,participant_9,question_14,Timer-Correct,False,Other,NOT_RANDOM,0
0.0,0,38,0,0.13732,1.108,0,0.78385,0.41296,0.07056,8102,3435.27075,0,0.0,0.0,-0.01131,0.00909,0.64441,0.75423,0.06858,6.85904,0,0.13732,1.108,1.37344,0.00256,1,0,0.05276,0.00961,0.64087,0.71259,0.43987,11.29184,0,0.30167,0.27643,1.37344,0.00294,1,0,participant_9,question_14,Timer-Correct,False,Other,NOT_RANDOM,0
0.0,0,38,0,0.13732,1.108,0,0.78385,0.41296,0.07056,8102,3435.27075,0,0.0,0.0,-0.01131,0.00909,0.64441,0.75423,0.06858,6.85904,0,0.13732,1.108,1.37344,0.00256,1,0,0.05276,0.00961,0.64087,0.71259,0.43987,11.29184,0,0.30167,0.27643,1.37344,0.00294,1,0,participant_9,question_14,Timer-Correct,False,Other,NOT_RANDOM,0
0.0,0,38,0,0.13732,1.108,0,0.78385,0.41296,0.07056,8102,3435.27075,0,0.0,0.0,-0.01131,0.00909,0.64441,0.75423,0.06858,6.85904,0,0.13732,1.108,1.37344,0.00256,1,0,0.05276,0.00961,0.64087,0.71259,0.43987,11.29184,0,0.30167,0.27643,1.37344,0.00294,1,0,participant_9,question_14,Timer-Correct,False,Other,NOT_RANDOM,0
0.0,0,38,0,0.13732,1.108,0,0.78385,0.41296,0.07056,8102,3435.27075,0,0.0,0.0,-0.01131,0.00909,0.64441,0.75423,0.06858,6.85904,0,0.13732,1.108,1.37344,0.00256,1,0,0.05276,0.00961,0.64087,0.71259,0.43987,11.29184,0,0.30167,0.27643,1.37344,0.00294,1,0,participant_9,question_14,Timer-Correct,False,Other,NOT_RANDOM,0
0.0,0,38,0,0.13732,1.108,0,0.78385,0.41296,0.07056,8102,3435.27075,0,0.0,0.0,-0.01131,0.00909,0.64441,0.75423,0.06858,6.85904,0,0.13732,1.108,1.37344,0.00256,1,0,0.05276,0.00961,0.64087,0.71259,0.43987,11.29184,0,0.30167,0.27643,1.37344,0.00294,1,0,participant_9,question_14,Timer-Correct,False,Other,NOT_RANDOM,0
0.0,0,38,1,0.13964,1.10834,0,0.78385,0.41296,0.07056,8102,3435.27075,0,0.13964,1.10834,0.05204,0.00847,0.62022,0.71672,0.44215,16.3996,1,0.13964,1.10834,1.36443,0.00347,1,1,0.05276,0.00961,0.64087,0.71259,0.43987,11.29184,0,0.30167,0.27643,1.36443,0.00294,1,0,participant_9,question_14,Timer-Correct,True,Other,NOT_RANDOM,0
0.0,0,38,1,0.33721,-0.07537,0,0.78385,0.41296,0.07056,8102,3435.27075,0,0.23842,0.51649,0.05204,0.00847,0.62022,0.71685,0.44246,16.58165,1,0.33721,-0.07537,1.35541,0.0034,1,1,0.05276,0.00961,0.64087,0.71259,0.43987,11.29184,0,0.30167,0.27643,1.35541,0.00294,1,0,participant_9,question_14,Timer-Correct,True,Other,NOT_RANDOM,0
0.0,0,38,1,0.34779,-0.04339,0,0.78385,0.41296,0.07056,8102,3435.27075,0,0.27488,0.32986,0.05204,0.00847,0.62022,0.71683,0.4425,16.39743,1,0.34779,-0.04339,1.3464,0.00342,1,1,0.05276,0.00961,0.64087,0.71259,0.43987,11.29184,0,0.30167,0.27643,1.3464,0.00294,1,0,participant_9,question_14,Timer-Correct,True,Other,NOT_RANDOM,0
0.0,0,38,1,0.32519,0.11923,0,0.78385,0.41296,0.07056,8102,3435.27075,0,0.33673,0.00016,-0.01028,0.00817,0.64053,0.45601,0.44551,13.31191,1,0.34779,-0.04339,1.3464,0.00277,1,1,0.05421,0.0087,0.64436,0.71703,0.44288,16.42757,1,0.3026,0.28186,1.3464,0.0034,1,1,participant_9,question_14,Timer-Correct,True,Question,NOT_RANDOM,0
0.0,0,38,1,0.28993,-0.08469,0,0.78385,0.41296,0.07056,8102,3435.27075,0,0.31333,-0.04227,-0.01028,0.00817,0.64053,0.45621,0.44571,12.93456,1,0.33475,-0.09823,1.35541,0.00278,1,1,0.05421,0.0087,0.64436,0.71722,0.44317,16.35432,1,0.2451,-0.07115,1.35541,0.00342,1,1,participant_9,question_14,Timer-Correct,True,Other,NOT_RANDOM,0
0.0,0,38,1,0.30554,-0.06834,0,0.78385,0.41296,0.07056,8102,3435.27075,0,0.31073,-0.05096,-0.01028,0.00817,0.64053,0.45621,0.44571,12.93456,1,0.33387,-0.075,1.36443,0.00278,1,1,0.05421,0.0087,0.64436,0.7172,0.44331,16.37504,1,0.27721,-0.06168,1.36443,0.00341,1,1,participant_9,question_14,Timer-Correct,True,Other,NOT_RANDOM,0
0.0,0,38,1,0.30606,-0.06453,0,0.78385,0.41296,0.02002,8103,3435.52539,1,0.30956,-0.05435,-0.00981,0.00777,0.62026,0.45627,0.44606,12.72436,1,0.33387,-0.075,1.36443,0.00284,1,1,0.05299,0.00835,0.62937,0.71744,0.44363,16.54529,1,0.27825,-0.05406,1.35537,0.00339,1,1,participant_9,question_14,Timer-Correct,True,Other,NOT_RANDOM,0
0.0,0,38,1,0.31776,-0.04988,0,0.78385,0.41296,0.02661,8103,3435.52539,1,0.3112,-0.05346,-0.00981,0.00777,0.62026,0.4564,0.44628,13.11588,1,0.34387,-0.06095,1.34636,0.00276,1,1,0.05299,0.00835,0.62937,0.71752,0.44393,16.48578,1,0.29164,-0.03882,1.3373,0.00344,1,1,participant_9,question_14,Timer-Correct,True,Other,NOT_RANDOM,0
0.0,0,38,1,0.29859,-0.01082,0,0.78385,0.41296,0.0332,8103,3435.52539,1,0.3091,-0.04635,-0.00981,0.00777,0.62026,0.45645,0.44628,13.31271,1,0.32211,-0.02363,1.32828,0.00277,1,1,0.05299,0.00835,0.62937,0.71758,0.44404,16.28742,1,0.27506,0.00198,1.31923,0.0034,1,1,participant_9,question_14,Timer-Correct,True,Other,NOT_RANDOM,0
0.0,0,38,1,0.29968,-0.00312,0,0.78385,0.41296,0.04004,8103,3435.52539,1,0.30775,-0.04018,-0.01017,0.00794,0.64559,0.45656,0.44678,13.15399,1,0.3232,-0.01567,1.31923,0.00275,1,1,0.05278,0.00817,0.62578,0.71809,0.44559,16.59893,1,0.27616,0.00943,1.31017,0.00428,1,1,participant_9,question_14,Timer-Correct,True,Other,NOT_RANDOM,0
0.0,0,38,1,0.29707,-0.04667,0,0.78385,0.41296,0.04663,8103,3435.52539,1,0.30642,-0.04099,-0.01017,0.00794,0.64559,0.4566,0.4471,13.15656,1,0.33533,-0.05735,1.31919,0.00274,1,1,0.05278,0.00817,0.62578,0.71784,0.44476,16.60354,1,0.2588,-0.03599,1.31919,0.00338,1,1,participant_9,question_14,Timer-Correct,True,Other,NOT_RANDOM,0
0.0,0,38,1,0.29996,-0.02151,0,0.78385,0.41296,0.05347,8103,3435.52539,1,0.3057,-0.03882,-0.01017,0.00794,0.64559,0.45664,0.44711,13.2241,1,0.33389,-0.04001,1.3282,0.00275,1,1,0.05278,0.00817,0.62578,0.71784,0.44486,16.37383,1,0.26604,-0.00302,1.3282,0.00341,1,1,participant_9,question_14,Timer-Correct,True,Other,NOT_RANDOM,0
0.0,0,38,1,0.2989,-0.02923,0,0.78385,0.41296,0.0603,8103,3435.52539,1,0.30502,-0.03786,-0.01004,0.00766,0.63795,0.4567,0.4475,13.22885,1,0.33288,-0.04805,1.33722,0.00282,1,1,0.05344,0.00806,0.63243,0.71826,0.44691,16.96874,1,0.26491,-0.01041,1.33722,0.00431,1,1,participant_9,question_14,Timer-Correct,True,Other,NOT_RANDOM,0
0.0,0,38,1,0.31604,-0.06036,0,0.78385,0.41296,0.06714,8103,3435.52539,1,0.30602,-0.03991,-0.01004,0.00766,0.63795,0.45693,0.44788,13.10416,1,0.34905,-0.056,1.33722,0.00277,1,1,0.05344,0.00806,0.63243,0.7182,0.44563,16.35902,1,0.28304,-0.06472,1.33722,0.0034,1,1,participant_9,question_14,Timer-Correct,True,Other,NOT_RANDOM,0
0.0,0,38,1,0.30043,-0.03988,0,0.78385,0.41296,0.07373,8103,3435.52539,1,0.30556,-0.03991,-0.01004,0.00766,0.63795,0.45686,0.44798,13.18654,1,0.31964,-0.05613,1.33722,0.00281,1,1,0.05344,0.00806,0.63243,0.71815,0.44575,16.31966,1,0.28122,-0.02364,1.33722,0.00341,1,1,participant_9,question_14,Timer-Correct,True,Other,NOT_RANDOM,0
0.0,0,38,1,0.30043,-0.03988,0,0.78385,0.41296,0.08032,8103,3435.52539,1,0.30516,-0.03991,-0.01004,0.00751,0.63795,0.45676,0.44846,13.28871,1,0.31964,-0.05613,1.33722,0.00279,1,1,0.05344,0.00787,0.63243,0.71808,0.44627,16.43996,1,0.28122,-0.02364,1.33722,0.00334,1,1,participant_9,question_14,Timer-Correct,True,Other,NOT_RANDOM,0
0.0,0,38,1,0.2928,-0.04268,0,0.78385,0.41296,0.08716,8103,3435.52539,1,0.30428,-0.0401,-0.01004,0.00751,0.63795,0.45654,0.44882,12.90757,1,0.32521,-0.04141,1.33722,0.00277,1,1,0.05344,0.00787,0.63243,0.71797,0.44679,16.69019,1,0.2604,-0.04396,1.33722,0.00332,1,1,participant_9,question_14,Timer-Correct,True,Other,NOT_RANDOM,0
0.0,0,38,1,0.28059,-0.02995,0,0.78385,0.41296,0.09375,8103,3435.52539,1,0.3027,-0.03943,-0.01004,0.00751,0.63795,0.45663,0.4489,12.73699,1,0.29784,-0.04718,1.33722,0.00278,1,1,0.05344,0.00787,0.63243,0.71792,0.4468,16.44397,1,0.26333,-0.01272,1.33722,0.00334,1,1,participant_9,question_14,Timer-Correct,True,Other,NOT_RANDOM,0
0.0,0,38,1,0.28059,-0.02995,0,0.78385,0.41296,0.10034,8103,3435.52539,1,0.30132,-0.03883,-0.01017,0.00736,0.64559,0.45665,0.44948,13.26949,1,0.29784,-0.04718,1.33722,0.00279,1,1,0.05299,0.00761,0.62599,0.71801,0.44737,16.23758,1,0.26333,-0.01272,1.33722,0.00341,1,1,participant_9,question_14,Timer-Correct,True,Other,NOT_RANDOM,0
0.0,0,38,1,0.27887,-0.04517,0,0.78385,0.41296,0.10693,8103,3435.52539,1,0.3,-0.03921,-0.01017,0.00736,0.64559,0.45664,0.44994,13.34011,1,0.3089,-0.07756,1.33722,0.00278,1,1,0.05299,0.00761,0.62599,0.71807,0.4477,16.29264,1,0.24883,-0.01278,1.33722,0.0034,1,1,participant_9,question_14,Timer-Correct,True,Other,NOT_RANDOM,0
0.0,0,38,1,0.28184,-0.03172,0,0.78385,0.41296,0.11401,8103,3435.52539,1,0.29899,-0.03879,-0.01017,0.00736,0.64559,0.45657,0.45001,12.95362,1,0.30454,-0.05994,1.33722,0.00281,1,1,0.05299,0.00761,0.62599,0.71808,0.44795,16.18751,1,0.25915,-0.0035,1.33722,0.00335,1,1,participant_9,question_14,Timer-Correct,True,Other,NOT_RANDOM,0
0.0,0,38,1,0.28407,-0.01706,0,0.78385,0.41296,0.12085,8103,3435.52539,1,0.2982,-0.03765,-0.00944,0.00672,0.60564,0.45663,0.45066,12.96592,1,0.30679,-0.04456,1.32009,0.00282,1,1,0.05299,0.00742,0.62599,0.71819,0.45,16.50695,1,0.26136,0.01045,1.32009,0.00428,1,1,participant_9,question_14,Timer-Correct,True,Other,NOT_RANDOM,0
0.0,0,38,1,0.28931,-0.00645,0,0.78385,0.41296,0.12744,8103,3435.52539,1,0.29776,-0.03609,-0.00944,0.00672,0.60564,0.45674,0.45095,13.22606,1,0.31113,-0.03333,1.30296,0.00276,1,1,0.05299,0.00742,0.62599,0.71828,0.44889,16.34557,1,0.26749,0.02043,1.30296,0.00335,1,1,participant_9,question_14,Timer-Correct,True,Other,NOT_RANDOM,0
0.0,0,38,1,0.28692,0.00745,0,0.78385,0.41296,0.13428,8103,3435.52539,1,0.29724,-0.03401,-0.00944,0.00672,0.60564,0.45672,0.45119,12.87941,1,0.32205,0.03095,1.28583,0.00281,1,1,0.05299,0.00742,0.62599,0.71831,0.44906,16.22175,1,0.25178,-0.01605,1.28583,0.00337,1,1,participant_9,question_14,Timer-Correct,True,Other,NOT_RANDOM,0
0.0,0,38,1,0.28974,0.02568,0,0.78385,0.41296,0.14087,8103,3435.52539,1,0.2969,-0.0313,-0.00944,0.00654,0.60564,0.45661,0.45185,13.16409,1,0.32418,0.04578,1.2687,0.00279,1,1,0.0515,0.00693,0.6079,0.71848,0.45178,16.46886,1,0.25529,0.00557,1.26055,0.00431,1,1,participant_9,question_14,Timer-Correct,True,Question,NOT_RANDOM,0
0.0,0,38,1,0.29517,0.02798,0,0.78385,0.41296,0.14722,8103,3435.52539,1,0.29683,-0.02872,-0.00944,0.00654,0.60564,0.45686,0.45213,13.27138,1,0.3266,0.02276,1.26055,0.00276,1,1,0.0515,0.00693,0.6079,0.71842,0.45015,16.43398,1,0.26374,0.0332,1.2524,0.00339,1,1,participant_9,question_14,Timer-Correct,True,Question,NOT_RANDOM,0
0.0,0,38,1,0.28418,0.03229,0,0.78385,0.41296,0.15405,8103,3435.52539,1,0.2963,-0.02618,-0.00944,0.00654,0.60564,0.45672,0.45235,13.17836,1,0.29977,0.03065,1.2524,0.00281,1,1,0.0515,0.00693,0.6079,0.71853,0.4503,16.33029,1,0.26859,0.03392,1.24425,0.00335,1,1,participant_9,question_14,Timer-Correct,True,Question,NOT_RANDOM,0
0.0,0,38,1,0.28365,0.02887,0,0.78385,0.41296,0.16089,8103,3435.52539,1,0.29579,-0.02398,-0.00963,0.00642,0.62033,0.45683,0.45303,13.07864,1,0.29978,0.03068,1.25236,0.00277,1,1,0.05226,0.00675,0.61631,0.71874,0.45216,16.56743,1,0.26752,0.02706,1.25236,0.00429,1,1,participant_9,question_14,Timer-Correct,True,Question,NOT_RANDOM,0
0.0,0,38,1,0.28887,0.00917,0,0.78385,0.41296,0.16748,8103,3435.52539,1,0.29553,-0.0227,-0.00963,0.00642,0.62033,0.4567,0.45336,13.22885,1,0.30733,0.01876,1.26048,0.00282,1,1,0.05226,0.00675,0.61631,0.71867,0.45127,16.39059,1,0.2704,-0.00041,1.26863,0.00336,1,1,participant_9,question_14,Timer-Correct,True,Other,NOT_RANDOM,0
0.0,0,38,1,0.29426,0.00799,0,0.78385,0.41296,0.17432,8103,3435.52539,1,0.29548,-0.02157,-0.00963,0.00642,0.62033,0.45673,0.45355,12.9468,1,0.32393,-0.00484,1.27674,0.0028,1,1,0.05226,0.00675,0.61631,0.71862,0.45163,16.61429,1,0.26459,0.02082,1.28489,0.00339,1,1,participant_9,question_14,Timer-Correct,True,Other,NOT_RANDOM,0
0.0,0,38,1,0.29272,-0.00269,0,0.78385,0.41296,0.17432,8103,3435.52539,0,0.28747,0.00303,-0.00956,0.00615,0.61624,0.45676,0.45423,13.3084,1,0.32192,-0.01947,1.29301,0.00284,1,1,0.05135,0.00644,0.60501,0.71872,0.45214,16.55352,1,0.26352,0.01409,1.29301,0.00337,1,1,participant_9,question_14,Timer-Correct,True,Other,NOT_RANDOM,0
0.0,0,38,1,0.28542,-0.00114,0,0.78385,0.41296,0.17432,8103,3435.52539,0,0.28644,0.00095,-0.00956,0.00615,0.61624,0.4568,0.45469,13.2541,1,0.29461,0.00265,1.29301,0.00288,1,1,0.05135,0.00644,0.60501,0.71878,0.45255,16.60973,1,0.27624,-0.00492,1.28485,0.00335,1,1,participant_9,question_14,Timer-Correct,True,Other,NOT_RANDOM,0
0.0,0,38,1,0.29615,0.02305,0,0.78385,0.41296,0.17432,8103,3435.52539,0,0.28968,0.00831,-0.00956,0.00615,0.61624,0.45687,0.45487,13.03502,1,0.32355,0.00198,1.28485,0.00283,1,1,0.05135,0.00644,0.60501,0.71873,0.45265,16.48511,1,0.26875,0.04412,1.2767,0.00334,1,1,participant_9,question_14,Timer-Correct,True,Other,NOT_RANDOM,0
0.0,0,38,1,0.29666,0.02667,0,0.78385,0.41296,0.02026,8104,3435.7063,1,0.29142,0.0129,-0.00956,0.00596,0.61623,0.45677,0.45523,13.35633,1,0.32456,0.00923,1.2767,0.00283,1,1,0.0528,0.00643,0.6215,0.719,0.45458,16.94353,1,0.26875,0.04412,1.2767,0.00418,1,1,participant_9,question_14,Timer-Correct,True,Question,NOT_RANDOM,0
0.0,0,38,1,0.28117,0.01018,0,0.78385,0.41296,0.02734,8104,3435.7063,1,0.28937,0.01236,-0.00956,0.00596,0.61623,0.45681,0.45569,13.3197,1,0.30221,0.00692,1.2767,0.00288,1,1,0.0528,0.00643,0.6215,0.71892,0.45347,16.54535,1,0.26012,0.01345,1.28485,0.00341,1,1,participant_9,question_14,Timer-Correct,True,Other,NOT_RANDOM,0
0.0,0,38,1,0.29361,0.0028,0,0.78385,0.41296,0.03369,8104,3435.7063,1,0.29008,0.01077,-0.00956,0.00596,0.61623,0.45685,0.45566,13.3056,1,0.32771,-0.01474,1.28485,0.0029,1,1,0.0528,0.00643,0.6215,0.71891,0.45365,16.61453,1,0.2595,0.02033,1.29301,0.0034,1,1,participant_9,question_14,Timer-Correct,True,Other,NOT_RANDOM,0
0.0,0,38,1,0.29257,-0.00424,0,0.78385,0.41296,0.04028,8104,3435.7063,1,0.29044,0.00862,-0.00963,0.00586,0.62033,0.45676,0.45619,13.3084,1,0.32673,-0.02209,1.29301,0.00283,1,1,0.0528,0.00625,0.6215,0.71896,0.45407,16.67005,1,0.25842,0.01362,1.30116,0.00336,1,1,participant_9,question_14,Timer-Correct,True,Other,NOT_RANDOM,0
0.0,0,38,1,0.28024,-0.03655,0,0.78385,0.41296,0.04688,8104,3435.7063,1,0.28916,0.00298,-0.00963,0.00586,0.62033,0.45672,0.4563,13.26032,1,0.3014,-0.0444,1.30116,0.00281,1,1,0.0528,0.00625,0.6215,0.71909,0.45432,16.48586,1,0.25907,-0.0287,1.30116,0.00343,1,1,participant_9,question_14,Timer-Correct,True,Other,NOT_RANDOM,0
0.0,0,38,1,0.28221,-0.01227,0,0.78385,0.41296,0.05371,8104,3435.7063,1,0.28839,0.00128,-0.00963,0.00586,0.62033,0.45669,0.45639,13.28986,1,0.29997,-0.01512,1.30116,0.00287,1,1,0.0528,0.00625,0.6215,0.71898,0.45435,16.5785,1,0.26445,-0.00942,1.30116,0.00338,1,1,participant_9,question_14,Timer-Correct,True,Other,NOT_RANDOM,0
0.0,0,38,1,0.2833,-0.00525,0,0.78385,0.41296,0.06006,8104,3435.7063,1,0.28788,0.00063,-0.00944,0.00563,0.60564,0.45682,0.45665,13.31561,1,0.30109,-0.00791,1.29304,0.00287,1,1,0.0528,0.00606,0.6215,0.71902,0.45471,16.62241,1,0.2655,-0.00259,1.29304,0.00338,1,1,participant_9,question_14,Timer-Correct,True,Other,NOT_RANDOM,0
0.0,0,38,1,0.29173,0.00077,0,0.78385,0.41296,0.06689,8104,3435.7063,1,0.28823,0.00064,-0.00944,0.00563,0.60564,0.45675,0.45683,13.34312,1,0.31432,-0.02753,1.28493,0.00284,1,1,0.0528,0.00606,0.6215,0.71908,0.45484,16.65238,1,0.26914,0.02907,1.28493,0.00339,1,1,participant_9,question_14,Timer-Correct,True,Other,NOT_RANDOM,0
0.0,0,38,1,0.28909,0.01255,0,0.78385,0.41296,0.07446,8104,3435.7063,1,0.2883,0.00163,-0.00944,0.00563,0.60564,0.45675,0.45683,13.34312,1,0.329,-0.0155,1.27681,0.00284,1,1,0.0528,0.00606,0.6215,0.7191,0.45493,16.65226,1,0.24918,0.04059,1.27681,0.00339,1,1,participant_9,question_14,Timer-Correct,True,Other,NOT_RANDOM,0
0.0,0,38,1,0.29015,0.01955,0,0.78385,0.41296,0.08057,8104,3435.7063,1,0.28844,0.00301,-0.00935,0.00553,0.59926,0.45675,0.457,13.36162,1,0.32997,-0.00813,1.2687,0.00285,1,1,0.0528,0.00606,0.6215,0.71914,0.45504,16.79973,1,0.25033,0.04722,1.2687,0.00339,1,1,participant_9,question_14,Timer-Correct,True,Other,NOT_RANDOM,0
0.0,0,38,1,0.28494,0.00086,0,0.78385,0.41296,0.08716,8104,3435.7063,1,0.28819,0.00286,-0.00935,0.00553,0.59926,0.4567,0.45703,13.51029,1,0.32024,-0.01152,1.2687,0.00282,1,1,0.0528,0.00606,0.6215,0.71909,0.45523,16.70499,1,0.24965,0.01324,1.2687,0.00341,1,1,participant_9,question_14,Timer-Correct,True,Other,NOT_RANDOM,0
0.0,0,38,1,0.2837,-0.00064,0,0.78385,0.41296,0.09399,8104,3435.7063,1,0.28789,0.00262,-0.00935,0.00553,0.59926,0.45675,0.45692,13.53615,1,0.31762,-0.01252,1.2687,0.00285,1,1,0.0528,0.00606,0.6215,0.71913,0.45511,16.95655,1,0.24977,0.01124,1.2687,0.00339,1,1,participant_9,question_14,Timer-Correct,True,Other,NOT_RANDOM,0
0.0,0,38,1,0.28427,0.00281,0,0.78385,0.41296,0.10059,8104,3435.7063,1,0.28767,0.00264,-0.00944,0.00563,0.60564,0.45663,0.45688,13.38335,1,0.31762,-0.01252,1.2687,0.00286,1,1,0.05129,0.00588,0.6033,0.71921,0.45507,17.01351,1,0.25093,0.01813,1.26055,0.00339,1,1,participant_9,question_14,Timer-Correct,True,Other,NOT_RANDOM,0
0.0,0,38,1,0.29466,0.03348,0,0.78385,0.41296,0.10742,8104,3435.7063,1,0.28808,0.00445,-0.00944,0.00563,0.60564,0.45666,0.45659,13.70476,1,0.31098,0.0149,1.26055,0.00282,1,1,0.05129,0.00588,0.6033,0.71917,0.45504,16.98872,1,0.27834,0.05207,1.2524,0.00342,1,1,participant_9,question_14,Timer-Correct,True,Question,NOT_RANDOM,0
0.0,0,38,1,0.29766,0.04698,0,0.78385,0.41296,0.11401,8104,3435.7063,1,0.28861,0.00681,-0.00944,0.00563,0.60564,0.4567,0.45664,13.57473,1,0.31678,0.04848,1.2524,0.00287,1,1,0.05129,0.00588,0.6033,0.71918,0.45498,16.82404,1,0.27854,0.04548,1.24425,0.00342,1,1,participant_9,question_14,Timer-Correct,True,Question,NOT_RANDOM,0
0.0,0,38,1,0.29715,0.04359,0,0.78385,0.41296,0.12085,8104,3435.7063,1,0.28906,0.00875,-0.00995,0.006,0.63521,0.45654,0.45641,13.2895,1,0.31679,0.04851,1.25236,0.00288,1,1,0.0528,0.00625,0.6215,0.71916,0.45472,16.62375,1,0.27751,0.03867,1.25236,0.00346,1,1,participant_9,question_14,Timer-Correct,True,Question,NOT_RANDOM,0
0.0,0,38,1,0.27872,0.00787,0,0.78385,0.41296,0.12744,8104,3435.7063,1,0.28854,0.0087,-0.00995,0.006,0.63521,0.45653,0.45616,13.53615,1,0.31025,0.01307,1.26048,0.00285,1,1,0.0528,0.00625,0.6215,0.71912,0.45456,16.8233,1,0.24718,0.00267,1.26863,0.00347,1,1,participant_9,question_14,Timer-Correct,True,Other,NOT_RANDOM,0
0.0,0,38,1,0.29597,0.00277,0,0.78385,0.41296,0.13403,8104,3435.7063,1,0.2889,0.00842,-0.00995,0.006,0.63521,0.45653,0.45604,13.54344,1,0.32081,-0.02334,1.27674,0.00285,1,1,0.0528,0.00625,0.6215,0.71943,0.45606,17.82657,1,0.27113,0.02889,1.28489,0.00431,1,1,participant_9,question_14,Timer-Correct,True,Other,NOT_RANDOM,0
0.0,0,38,1,0.29278,-0.01918,0,0.78385,0.41296,0.14062,8104,3435.7063,1,0.28907,0.00717,-0.01017,0.0062,0.64558,0.45647,0.45563,13.73394,1,0.31763,-0.04642,1.30202,0.00285,1,1,0.0528,0.00625,0.6215,0.71902,0.45437,16.92695,1,0.26794,0.00807,1.31017,0.00343,1,1,participant_9,question_14,Timer-Correct,True,Other,NOT_RANDOM,0
0.0,0,38,1,0.28628,-0.01108,0,0.78385,0.41296,0.14722,8104,3435.7063,1,0.28895,0.00637,-0.01017,0.0062,0.64558,0.45645,0.45546,13.32119,1,0.31081,-0.02196,1.31919,0.00286,1,1,0.0528,0.00625,0.6215,0.71901,0.45503,17.18181,1,0.26174,-0.0002,1.31919,0.0042,1,1,participant_9,question_14,Timer-Correct,True,Other,NOT_RANDOM,0
0.0,0,38,1,0.28134,-0.03235,0,0.78385,0.41296,0.15356,8104,3435.7063,1,0.28863,0.00476,-0.01017,0.0062,0.64558,0.4564,0.45537,13.54217,1,0.30537,-0.04193,1.3282,0.00289,1,1,0.0528,0.00625,0.6215,0.71905,0.45529,17.33985,1,0.2573,-0.02277,1.3282,0.00408,1,1,participant_9,question_14,Timer-Correct,True,Other,NOT_RANDOM,0
0.0,0,38,1,0.28016,-0.04012,0,0.78385,0.41296,0.16089,8104,3435.7063,1,0.2883,0.00297,-0.01017,0.00639,0.64559,0.45613,0.45522,13.36121,1,0.30418,-0.04996,1.33722,0.00291,1,1,0.05275,0.00638,0.62091,0.71894,0.45377,16.87712,1,0.25613,-0.03029,1.33722,0.00346,1,1,participant_9,question_14,Timer-Correct,True,Other,NOT_RANDOM,0
0.0,0,38,1,0.27997,-0.06237,0,0.78385,0.41296,0.16748,8104,3435.7063,1,0.28798,0.00045,-0.01017,0.00639,0.64559,0.45619,0.45491,13.68287,1,0.29893,-0.0831,1.33722,0.00286,1,1,0.05275,0.00638,0.62091,0.71879,0.45358,16.90003,1,0.26101,-0.04165,1.33722,0.00347,1,1,participant_9,question_14,Timer-Correct,True,Other,NOT_RANDOM,0
0.0,0,38,1,0.28479,-0.03632,0,0.78385,0.41296,0.17383,8104,3435.7063,1,0.28786,-0.00091,-0.01017,0.00639,0.64559,0.45617,0.45485,13.77903,1,0.30434,-0.05144,1.33722,0.00287,1,1,0.05275,0.00638,0.62091,0.7189,0.45501,17.01852,1,0.26525,-0.02119,1.33722,0.00423,1,1,participant_9,question_14,Timer-Correct,True,Other,NOT_RANDOM,0
0.0,0,38,1,0.28699,-0.02159,0,0.78385,0.41296,0.18091,8104,3435.7063,1,0.28783,-0.00165,-0.00952,0.00593,0.5988,0.45605,0.45458,13.66122,1,0.30659,-0.03617,1.32009,0.00282,1,1,0.05226,0.00638,0.61632,0.71889,0.45478,16.66121,1,0.2674,-0.00701,1.32009,0.00435,1,1,participant_9,question_14,Timer-Correct,True,Other,NOT_RANDOM,0
0.0,0,38,1,0.28583,-0.02872,0,0.78385,0.41296,0.18726,8104,3435.7063,1,0.28776,-0.00258,-0.00952,0.00593,0.5988,0.45589,0.45461,13.70779,1,0.31356,-0.04063,1.30296,0.0029,1,1,0.05226,0.00638,0.61632,0.71892,0.45425,17.20821,1,0.2581,-0.0168,1.30296,0.0045,1,1,participant_9,question_14,Timer-Correct,True,Other,NOT_RANDOM,0
0.0,0,38,1,0.28096,0.02381,0,0.78385,0.41296,0.19434,8104,3435.7063,1,0.28753,-0.0017,-0.00952,0.00593,0.5988,0.45582,0.45451,13.5483,1,0.30654,0.01813,1.28583,0.00287,1,1,0.05226,0.00638,0.61632,0.71861,0.45314,17.52665,1,0.25537,0.02948,1.28583,0.00344,1,1,participant_9,question_14,Timer-Correct,True,Other,NOT_RANDOM,0
0.0,0,38,1,0.28096,0.02381,0,0.78385,0.41296,0.20117,8104,3435.7063,1,0.28732,-0.00088,-0.01029,0.00645,0.64134,0.45569,0.45437,13.56582,1,0.30654,0.01813,1.28583,0.00288,1,1,0.05299,0.00648,0.62599,0.71843,0.45301,17.17126,1,0.25537,0.02948,1.28583,0.00347,1,1,participant_9,question_14,Timer-Correct,True,Other,NOT_RANDOM,0
0.0,0,38,1,0.28738,-0.00303,0,0.78385,0.41296,0.20752,8104,3435.7063,1,0.28732,-0.00095,-0.01029,0.00645,0.64134,0.45553,0.45431,13.83685,1,0.31849,-0.01407,1.30296,0.00286,1,1,0.05299,0.00648,0.62599,0.71831,0.45296,17.11928,1,0.25628,0.00801,1.30296,0.00348,1,1,participant_9,question_14,Timer-Correct,True,Other,NOT_RANDOM,0
0.0,0,38,1,0.27704,-0.01256,0,0.78385,0.41296,0.21411,8104,3435.7063,1,0.28701,-0.0013,-0.01029,0.00645,0.64134,0.45545,0.45435,13.71913,1,0.30235,-0.02232,1.32009,0.00292,1,1,0.05299,0.00648,0.62599,0.71822,0.45292,17.3027,1,0.25173,-0.00279,1.32009,0.00348,1,1,participant_9,question_14,Timer-Correct,True,Other,NOT_RANDOM,0
0.0,0,38,1,0.27649,-0.01611,0,0.78385,0.41296,0.22168,8104,3435.7063,1,0.2867,-0.00173,-0.01001,0.0062,0.62106,0.45538,0.45435,13.63725,1,0.30125,-0.02947,1.3282,0.00287,1,1,0.05178,0.00638,0.61224,0.71811,0.45298,17.20487,1,0.25173,-0.00276,1.32005,0.00354,1,1,participant_9,question_14,Timer-Correct,True,Other,NOT_RANDOM,0
0.0,0,38,1,0.28838,-0.00657,0,0.78385,0.41296,0.22778,8104,3435.7063,1,0.28675,-0.00187,-0.01001,0.0062,0.62106,0.45529,0.45446,13.55185,1,0.31343,-0.0209,1.31104,0.00292,1,1,0.05178,0.00638,0.61224,0.7179,0.45287,16.9668,1,0.26334,0.00776,1.30289,0.00351,1,1,participant_9,question_14,Timer-Correct,True,Other,NOT_RANDOM,0
0.0,0,38,1,0.28221,0.00834,0,0.78385,0.41296,0.23413,8104,3435.7063,1,0.28662,-0.00159,-0.01001,0.0062,0.62106,0.45512,0.45439,13.65158,1,0.30713,0.00029,1.29387,0.00287,1,1,0.05178,0.00638,0.61224,0.71791,0.45286,16.96131,1,0.25729,0.01639,1.28572,0.0035,1,1,participant_9,question_14,Timer-Correct,True,Other,NOT_RANDOM,0
0.0,0,38,1,0.28331,0.01532,0,0.78385,0.41296,0.24146,8104,3435.7063,1,0.28653,-0.00113,-0.01065,0.00645,0.6517,0.45492,0.45438,13.60479,1,0.30823,0.00748,1.28572,0.00288,1,1,0.05107,0.00631,0.60489,0.7177,0.45291,17.07874,1,0.2584,0.02316,1.27757,0.00349,1,1,participant_9,question_14,Timer-Correct,True,Other,NOT_RANDOM,0
0.0,0,38,1,0.29186,0.00895,0,0.78385,0.41296,0.24805,8104,3435.7063,1,0.28667,-0.00087,-0.01065,0.00645,0.6517,0.45488,0.45453,13.99847,1,0.3136,-0.00766,1.28658,0.00285,1,1,0.05107,0.00631,0.60489,0.71764,0.45435,17.65833,1,0.27012,0.02557,1.28658,0.00413,1,1,participant_9,question_14,Timer-Correct,True,Other,NOT_RANDOM,0
0.0,0,38,1,0.28484,-0.00146,0,0.78385,0.41296,0.25415,8104,3435.7063,1,0.28663,-0.00088,-0.01065,0.00645,0.6517,0.45469,0.45461,13.39122,1,0.31291,-0.0184,1.2956,0.00299,1,1,0.05107,0.00631,0.60489,0.71762,0.45414,17.6437,1,0.25677,0.01548,1.2956,0.0041,1,1,participant_9,question_14,Timer-Correct,True,Other,NOT_RANDOM,0
0.0,0,38,1,0.28484,-0.00146,0,0.78385,0.41296,0.26074,8104,3435.7063,1,0.28658,-0.0009,-0.01028,0.0062,0.6263,0.45461,0.45485,13.77405,1,0.31291,-0.0184,1.2956,0.00286,1,1,0.05163,0.00634,0.61269,0.71738,0.45433,17.24534,1,0.25677,0.01548,1.2956,0.00416,1,1,participant_9,question_14,Timer-Correct,True,Other,NOT_RANDOM,0
0.0,0,38,1,0.29235,-0.01245,0,0.78385,0.41296,0.26807,8104,3435.7063,1,0.28672,-0.00118,-0.01028,0.0062,0.6263,0.45441,0.45487,13.53839,1,0.31636,-0.0272,1.28658,0.00292,1,1,0.05163,0.00634,0.61269,0.71738,0.45463,17.26131,1,0.26835,0.0023,1.28658,0.00424,1,1,participant_9,question_14,Timer-Correct,True,Other,NOT_RANDOM,0
0.0,0,38,1,0.28334,0.00606,0,0.78385,0.41296,0.27466,8104,3435.7063,1,0.28664,-0.00101,-0.01028,0.0062,0.6263,0.45434,0.45501,13.55614,1,0.30861,-0.00917,1.27757,0.00288,1,1,0.05163,0.00634,0.61269,0.71707,0.45336,17.02566,1,0.25806,0.02129,1.27757,0.00345,1,1,participant_9,question_14,Timer-Correct,True,Other,NOT_RANDOM,0
0.0,0,38,1,0.28334,0.00606,0,0.78385,0.41296,0.28125,8104,3435.7063,1,0.28656,-0.00084,-0.01062,0.00622,0.63791,0.45408,0.45512,13.74858,1,0.30861,-0.00917,1.27757,0.00287,1,1,0.05042,0.0062,0.59941,0.71687,0.4549,17.69414,1,0.25806,0.02129,1.27757,0.00432,1,1,participant_9,question_14,Timer-Correct,True,Other,NOT_RANDOM,0
0.0,0,38,1,0.28941,-0.00143,0,0.78385,0.41296,0.2876,8104,3435.7063,1,0.28663,-0.00085,-0.01062,0.00622,0.63791,0.45392,0.45536,13.64951,1,0.31272,0.00513,1.28658,0.00291,1,1,0.05042,0.0062,0.59941,0.71676,0.45357,17.01191,1,0.26609,-0.00798,1.28658,0.00347,1,1,participant_9,question_14,Timer-Correct,True,Other,NOT_RANDOM,0
0.0,0,38,1,0.27666,-0.02558,0,0.78385,0.41296,0.29443,8104,3435.7063,1,0.28641,-0.0014,-0.01062,0.00622,0.63791,0.45391,0.45534,13.68517,1,0.30307,-0.04944,1.2956,0.00292,1,1,0.05042,0.0062,0.59941,0.71662,0.45364,16.98808,1,0.25026,-0.00171,1.2956,0.00354,1,1,participant_9,question_14,Timer-Correct,True,Other,NOT_RANDOM,0
0.0,0,38,1,0.27778,-0.01845,0,0.78385,0.41296,0.30127,8104,3435.7063,1,0.28622,-0.00177,-0.01026,0.00586,0.61068,0.45363,0.45563,13.57054,1,0.30418,-0.04199,1.28749,0.00287,1,1,0.05029,0.00611,0.59891,0.71653,0.45363,17.09493,1,0.25138,0.00508,1.28749,0.0035,1,1,participant_9,question_14,Timer-Correct,True,Other,NOT_RANDOM,0
0.0,0,38,1,0.29023,0.00851,0,0.78385,0.41296,0.30811,8104,3435.7063,1,0.28631,-0.00156,-0.01026,0.00586,0.61068,0.45357,0.45572,13.61351,1,0.31274,-0.01523,1.27036,0.00291,1,1,0.05029,0.00611,0.59891,0.71635,0.45383,16.96131,1,0.26771,0.03225,1.27036,0.0035,1,1,participant_9,question_14,Timer-Correct,True,Other,NOT_RANDOM,0
0.0,0,38,1,0.28285,0.03243,0,0.78385,0.41296,0.31567,8104,3435.7063,1,0.28623,-0.00085,-0.01026,0.00586,0.61068,0.45353,0.45588,13.37641,1,0.30553,0.01035,1.25323,0.00289,1,1,0.05029,0.00611,0.59891,0.7163,0.45387,17.11026,1,0.26016,0.05451,1.25323,0.00351,1,1,participant_9,question_14,Timer-Correct,True,Question,NOT_RANDOM,0
0.0,0,38,1,0.28229,0.02908,0,0.78385,0.41296,0.32129,8104,3435.7063,1,0.28613,-0.0003,-0.0109,0.00608,0.64331,0.45327,0.4562,13.75714,1,0.30553,0.01035,1.25323,0.0029,1,1,0.05243,0.00629,0.62609,0.71608,0.454,17.14459,1,0.25904,0.04781,1.26138,0.00351,1,1,participant_9,question_14,Timer-Correct,True,Question,NOT_RANDOM,0
0.0,0,38,1,0.28847,0.00635,0,0.78385,0.41296,0.32837,8104,3435.7063,1,0.28619,-0.00015,-0.0109,0.00608,0.64331,0.45313,0.45631,13.7315,1,0.31506,0.00974,1.27851,0.00291,1,1,0.05243,0.00629,0.62609,0.71597,0.45555,17.95726,1,0.26187,0.00296,1.28666,0.00412,1,1,participant_9,question_14,Timer-Correct,True,Other,NOT_RANDOM,0
0.0,0,38,1,0.27934,-0.02659,0,0.78385,0.41296,0.33496,8104,3435.7063,1,0.28584,-0.00118,-0.0109,0.00608,0.64331,0.45304,0.45645,13.67784,1,0.30494,-0.03864,1.30379,0.00296,1,1,0.05243,0.00629,0.62609,0.71581,0.45419,17.0786,1,0.25374,-0.01455,1.31194,0.00351,1,1,participant_9,question_14,Timer-Correct,True,Other,NOT_RANDOM,0
0.0,0,38,1,0.27879,-0.03028,0,0.78385,0.41296,0.3418,8104,3435.7063,1,0.28547,-0.00237,-0.01044,0.00568,0.61056,0.4528,0.45661,13.74767,1,0.30384,-0.04601,1.31194,0.00288,1,1,0.0513,0.00616,0.6131,0.71568,0.45425,17.10226,1,0.25374,-0.01455,1.31194,0.00354,1,1,participant_9,question_14,Timer-Correct,True,Other,NOT_RANDOM,0
0.0,0,38,1,0.28989,-0.00449,0,0.78385,0.41296,0.34839,8104,3435.7063,1,0.28565,-0.00268,-0.01044,0.00568,0.61056,0.4528,0.4567,13.86582,1,0.3142,-0.03712,1.29481,0.00293,1,1,0.0513,0.00616,0.6131,0.71548,0.45451,17.24517,1,0.26559,0.02813,1.28666,0.00355,1,1,participant_9,question_14,Timer-Correct,True,Other,NOT_RANDOM,0
0.0,0,38,1,0.28188,0.00874,0,0.78385,0.41296,0.35474,8104,3435.7063,1,0.2854,-0.00255,-0.01044,0.00568,0.61056,0.4527,0.45685,13.81099,1,0.30304,0.00103,1.26953,0.0029,1,1,0.0513,0.00616,0.6131,0.7154,0.45444,17.08986,1,0.26073,0.01645,1.26138,0.00354,1,1,participant_9,question_14,Timer-Correct,True,Other,NOT_RANDOM,0
0.0,0,38,1,0.28301,0.01585,0,0.78385,0.41296,0.36182,8104,3435.7063,1,0.2852,-0.00213,-0.01111,0.00589,0.64424,0.45251,0.45714,13.78216,1,0.30418,0.00835,1.26138,0.00291,1,1,0.05077,0.00602,0.6079,0.71533,0.45458,17.38525,1,0.26184,0.02336,1.25323,0.00351,1,1,participant_9,question_14,Timer-Correct,True,Other,NOT_RANDOM,0
0.0,0,38,1,0.29586,0.01698,0,0.78385,0.41296,0.36792,8104,3435.7063,1,0.28553,-0.00102,-0.01111,0.00589,0.64424,0.45238,0.45723,13.66018,1,0.31819,0.02009,1.27036,0.00294,1,1,0.05077,0.00602,0.6079,0.71525,0.45471,17.1903,1,0.27352,0.01387,1.27036,0.00348,1,1,participant_9,question_14,Timer-Correct,True,Other,NOT_RANDOM,0
0.0,0,38,1,0.28221,0.00598,0,0.78385,0.41296,0.37549,8104,3435.7063,1,0.28553,-0.00064,-0.01111,0.00589,0.64424,0.45233,0.4573,13.70026,1,0.30458,0.00876,1.28749,0.00292,1,1,0.05077,0.00602,0.6079,0.7152,0.45474,17.21067,1,0.25983,0.00319,1.28749,0.0035,1,1,participant_9,question_14,Timer-Correct,True,Other,NOT_RANDOM,0
0.0,0,38,1,0.27989,-0.00875,0,0.78385,0.41296,0.38184,8104,3435.7063,1,0.28546,-0.00071,-0.01111,0.0058,0.64424,0.45235,0.45747,14.22674,1,0.30224,-0.0063,1.30462,0.00293,1,1,0.05051,0.006,0.60589,0.71511,0.4548,17.36553,1,0.25755,-0.0112,1.30462,0.00355,1,1,participant_9,question_14,Timer-Correct,True,Other,NOT_RANDOM,0
0.0,0,38,1,0.27749,-0.01139,0,0.78385,0.41296,0.38843,8104,3435.7063,1,0.28516,-0.00096,-0.01111,0.0058,0.64424,0.4523,0.45768,14.02152,1,0.2988,-0.03094,1.30462,0.00289,1,1,0.05051,0.006,0.60589,0.71488,0.45493,17.15474,1,0.25619,0.00816,1.30462,0.00357,1,1,participant_9,question_14,Timer-Correct,True,Other,NOT_RANDOM,0
0.0,0,38,1,0.27435,-0.01464,0,0.78385,0.41296,0.39502,8104,3435.7063,1,0.28486,-0.00153,-0.01111,0.0058,0.64424,0.45221,0.45766,14.16712,1,0.29646,-0.00775,1.30462,0.00284,1,1,0.05051,0.006,0.60589,0.71492,0.45493,17.09607,1,0.25225,-0.02154,1.30462,0.00351,1,1,participant_9,question_14,Timer-Correct,True,Other,NOT_RANDOM,0
0.0,0,38,1,0.27673,0.00015,0,0.78385,0.41296,0.4021,8104,3435.7063,1,0.28458,-0.00193,-0.01054,0.00545,0.60582,0.45218,0.45783,13.70452,1,0.29887,0.00732,1.28749,0.00291,1,1,0.05051,0.00591,0.60589,0.71514,0.4563,17.13115,1,0.25458,-0.00703,1.28749,0.00424,1,1,participant_9,question_14,Timer-Correct,True,Other,NOT_RANDOM,0
0.0,0,38,1,0.28669,0.01238,0,0.78385,0.41296,0.40869,8104,3435.7063,1,0.28461,-0.00169,-0.01054,0.00545,0.60582,0.45214,0.4579,13.86601,1,0.31915,-0.00963,1.27036,0.00293,1,1,0.05051,0.00591,0.60589,0.71506,0.45655,17.36963,1,0.25424,0.03438,1.27036,0.00424,1,1,participant_9,question_14,Timer-Correct,True,Other,NOT_RANDOM,0
0.0,0,38,1,0.2869,0.02318,0,0.78385,0.41296,0.41553,8104,3435.7063,1,0.28468,-0.0012,-0.01054,0.00545,0.60582,0.45214,0.4579,13.86601,1,0.3218,0.0066,1.25323,0.00293,1,1,0.05051,0.00591,0.60589,0.71505,0.45648,17.37068,1,0.25199,0.03977,1.25323,0.0042,1,1,participant_9,question_14,Timer-Correct,True,Other,NOT_RANDOM,0
0.0,0,38,1,0.28922,0.0381,0,0.78385,0.41296,0.42212,8104,3435.7063,1,0.28478,-0.00046,-0.01072,0.0055,0.61645,0.45195,0.45801,13.74388,1,0.32399,0.02214,1.2361,0.00283,1,1,0.05051,0.00591,0.60589,0.7149,0.45595,17.02614,1,0.25444,0.05405,1.2361,0.00451,1,1,participant_9,question_14,Timer-Correct,True,Question,NOT_RANDOM,0
0.0,0,38,1,0.29014,0.04845,0,0.78385,0.41296,0.42822,8104,3435.7063,1,0.28469,-0.00015,-0.01072,0.0055,0.61645,0.45211,0.45801,13.76993,1,0.32578,0.03365,1.2361,0.00291,1,1,0.05051,0.00591,0.60589,0.71499,0.45585,17.23497,1,0.25449,0.06325,1.2361,0.00445,1,1,participant_9,question_14,Timer-Correct,True,Question,NOT_RANDOM,0
0.0,0,38,1,0.29331,0.04044,0,0.78385,0.41296,0.43555,8104,3435.7063,1,0.2846,-0.00029,-0.01072,0.0055,0.61645,0.45211,0.45801,13.76993,1,0.32961,0.03247,1.2361,0.00291,1,1,0.05051,0.00591,0.60589,0.71471,0.45504,17.58212,1,0.25701,0.04842,1.2361,0.00348,1,1,participant_9,question_14,Timer-Correct,True,Question,NOT_RANDOM,0
0.0,0,38,1,0.29224,0.03339,0,0.78385,0.41296,0.44214,8104,3435.7063,1,0.28449,-0.0005,-0.01087,0.00555,0.62761,0.45205,0.45806,13.51472,1,0.32861,0.02517,1.24421,0.00297,1,1,0.05051,0.00591,0.60589,0.71489,0.45522,17.10499,1,0.25586,0.04161,1.24421,0.00354,1,1,participant_9,question_14,Timer-Correct,True,Question,NOT_RANDOM,0
0.0,0,38,1,0.29344,0.02994,0,0.78385,0.41296,0.44897,8104,3435.7063,1,0.2848,-4e-05,-0.01087,0.00555,0.62761,0.4521,0.45803,13.58125,1,0.32821,0.01521,1.25233,0.00292,1,1,0.05051,0.00591,0.60589,0.7149,0.45523,17.10226,1,0.25867,0.04468,1.25233,0.00354,1,1,participant_9,question_14,Timer-Correct,True,Question,NOT_RANDOM,0
0.0,0,38,1,0.27964,0.02643,0,0.78385,0.41296,0.45532,8104,3435.7063,1,0.28446,0.00045,-0.01087,0.00555,0.62761,0.45217,0.45805,13.6498,1,0.29797,0.02828,1.26044,0.00289,1,1,0.05051,0.00591,0.60589,0.71496,0.45525,17.11726,1,0.26132,0.02457,1.26044,0.0035,1,1,participant_9,question_14,Timer-Correct,True,Question,NOT_RANDOM,0
0.0,0,38,1,0.27669,0.00823,0,0.78385,0.41296,0.4624,8104,3435.7063,1,0.28413,0.00102,-0.01111,0.0057,0.64424,0.45208,0.45805,13.63296,1,0.29549,0.01316,1.27757,0.00294,1,1,0.05121,0.00598,0.61364,0.71499,0.45521,17.16773,1,0.2579,0.0033,1.28572,0.0035,1,1,participant_9,question_14,Timer-Correct,True,Other,NOT_RANDOM,0
0.0,0,38,1,0.2847,-0.01192,0,0.78385,0.41296,0.46875,8104,3435.7063,1,0.28409,0.00101,-0.01111,0.0057,0.64424,0.45224,0.4581,13.5748,1,0.3061,-0.01483,1.29474,0.0029,1,1,0.05121,0.00598,0.61364,0.7152,0.45622,17.3648,1,0.2633,-0.009,1.30289,0.00429,1,1,participant_9,question_14,Timer-Correct,True,Other,NOT_RANDOM,0
0.0,0,38,1,0.28964,-0.03421,0,0.78385,0.41296,0.47559,8104,3435.7063,1,0.28427,0.00097,-0.01111,0.0057,0.64424,0.45237,0.45812,13.99908,1,0.31269,-0.03899,1.3119,0.00291,1,1,0.05121,0.00598,0.61364,0.71521,0.45628,17.88535,1,0.26658,-0.02943,1.32005,0.00413,1,1,participant_9,question_14,Timer-Correct,True,Other,NOT_RANDOM,0
0.0,0,38,1,0.28746,-0.04918,0,0.78385,0.41296,0.48218,8104,3435.7063,1,0.28442,0.00078,-0.01083,0.00561,0.6282,0.45251,0.45807,13.87509,1,0.31049,-0.05444,1.32907,0.00289,1,1,0.05182,0.00604,0.61989,0.71549,0.4562,17.68455,1,0.26443,-0.04393,1.33722,0.00416,1,1,participant_9,question_14,Timer-Correct,True,Other,NOT_RANDOM,0
0.0,0,38,1,0.27987,-0.05579,0,0.78385,0.41296,0.48877,8104,3435.7063,1,0.28442,0.00092,-0.01083,0.00561,0.6282,0.45265,0.45807,13.64457,1,0.30279,-0.06391,1.33722,0.00286,1,1,0.05182,0.00604,0.61989,0.71566,0.45647,17.52827,1,0.25695,-0.04767,1.33722,0.00432,1,1,participant_9,question_14,Timer-Correct,True,Other,NOT_RANDOM,0
0.0,0,38,1,0.28282,-0.05335,0,0.78385,0.41296,0.49585,8104,3435.7063,1,0.28437,0.00056,-0.01083,0.00561,0.6282,0.45279,0.45802,13.55265,1,0.30359,-0.06757,1.33722,0.00288,1,1,0.05182,0.00604,0.61989,0.71578,0.45634,16.76769,1,0.26206,-0.03913,1.33722,0.00433,1,1,participant_9,question_14,Timer-Correct,True,Other,NOT_RANDOM,0
0.0,0,38,1,0.28282,-0.05335,0,0.78385,0.41296,0.5022,8104,3435.7063,1,0.28429,-0.0001,-0.0109,0.00579,0.6433,0.45322,0.45814,13.82768,1,0.30359,-0.06757,1.33722,0.00288,1,1,0.05243,0.0061,0.62609,0.71604,0.45644,17.67739,1,0.26206,-0.03913,1.33722,0.00429,1,1,participant_9,question_14,Timer-Correct,True,Other,NOT_RANDOM,0
0.0,0,38,1,0.29512,-0.03092,0,0.78385,0.41296,0.50879,8104,3435.7063,1,0.28448,-0.00015,-0.0109,0.00579,0.6433,0.4534,0.4582,13.58698,1,0.32197,-0.04893,1.33722,0.00288,1,1,0.05243,0.0061,0.62609,0.71608,0.45661,18.04759,1,0.26828,-0.0129,1.33722,0.00423,1,1,participant_9,question_14,Timer-Correct,True,Other,NOT_RANDOM,0
0.0,0,38,1,0.2941,-0.05185,0,0.78385,0.41296,0.51562,8104,3435.7063,1,0.28476,-0.00172,-0.0109,0.00579,0.6433,0.45339,0.45824,13.52587,1,0.3347,-0.05825,1.33722,0.00294,1,1,0.05243,0.0061,0.62609,0.71626,0.45645,17.60322,1,0.2535,-0.04545,1.33722,0.00427,1,1,participant_9,question_14,Timer-Correct,True,Other,NOT_RANDOM,0
0.0,0,38,1,0.29671,-0.03347,0,0.78385,0.41296,0.52197,8104,3435.7063,1,0.28508,-0.00292,-0.01026,0.0055,0.61068,0.45356,0.45803,13.79982,1,0.33659,-0.04284,1.32009,0.00284,1,1,0.05029,0.00593,0.59891,0.71672,0.4568,17.22738,1,0.25683,-0.0241,1.31194,0.00422,1,1,participant_9,question_14,Timer-Correct,True,Other,NOT_RANDOM,0
0.0,0,38,1,0.28398,0.0195,0,0.78385,0.41296,0.52881,8104,3435.7063,1,0.28501,-0.00245,-0.01026,0.0055,0.61068,0.45374,0.45794,13.87509,1,0.30988,-0.00085,1.29481,0.00289,1,1,0.05029,0.00593,0.59891,0.7166,0.45631,16.81915,1,0.25808,0.03984,1.28666,0.00442,1,1,participant_9,question_14,Timer-Correct,True,Other,NOT_RANDOM,0
0.0,0,38,1,0.29342,0.04046,0,0.78385,0.41296,0.53516,8104,3435.7063,1,0.28535,-0.00134,-0.01026,0.0055,0.61068,0.45368,0.45795,13.86549,1,0.32013,0.02546,1.26953,0.00292,1,1,0.05029,0.00593,0.59891,0.71659,0.45627,16.98701,1,0.2667,0.05546,1.26138,0.00433,1,1,participant_9,question_14,Timer-Correct,True,Question,NOT_RANDOM,0
0.0,0,38,1,0.29394,0.04405,0,0.78385,0.41296,0.54248,8104,3435.7063,1,0.28572,-9e-05,-0.01062,0.00574,0.63791,0.45398,0.4578,13.72514,1,0.32117,0.03264,1.26138,0.00287,1,1,0.05223,0.00615,0.62145,0.71683,0.45639,17.59711,1,0.2667,0.05546,1.26138,0.00408,1,1,participant_9,question_14,Timer-Correct,True,Question,NOT_RANDOM,0
0.0,0,38,1,0.30877,0.03621,0,0.78385,0.41296,0.54883,8104,3435.7063,1,0.28614,0.0008,-0.01062,0.00574,0.63791,0.45424,0.45767,13.74767,1,0.33349,0.04639,1.27851,0.00287,1,1,0.05223,0.00615,0.62145,0.71699,0.4563,17.72185,1,0.28405,0.02603,1.28666,0.00411,1,1,participant_9,question_14,Timer-Correct,True,Question,NOT_RANDOM,0
0.0,0,38,1,0.29169,0.00576,0,0.78385,0.41296,0.55566,8104,3435.7063,1,0.28634,0.00075,-0.01062,0.00574,0.63791,0.45424,0.45765,13.70608,1,0.31969,0.00876,1.30379,0.00284,1,1,0.05223,0.00615,0.62145,0.71722,0.45637,17.31506,1,0.26369,0.00276,1.31194,0.00413,1,1,participant_9,question_14,Timer-Correct,True,Other,NOT_RANDOM,0
0.0,0,38,1,0.29118,0.00221,0,0.78385,0.41296,0.56299,8104,3435.7063,1,0.2865,0.00048,-0.00993,0.00546,0.60175,0.45448,0.45746,13.68273,1,0.31868,0.00167,1.31194,0.00286,1,1,0.05163,0.00607,0.61269,0.71718,0.45484,16.93192,1,0.26369,0.00276,1.31194,0.00348,1,1,participant_9,question_14,Timer-Correct,True,Other,NOT_RANDOM,0
0.0,0,38,1,0.28897,0.01826,0,0.78385,0.41296,0.56909,8104,3435.7063,1,0.28644,0.00067,-0.00993,0.00546,0.60175,0.45462,0.45736,13.78049,1,0.30945,0.02396,1.29481,0.00297,1,1,0.05163,0.00607,0.61269,0.71748,0.45497,17.24202,1,0.26849,0.01255,1.28666,0.00351,1,1,participant_9,question_14,Timer-Correct,True,Other,NOT_RANDOM,0
0.0,0,38,1,0.30058,0.02725,0,0.78385,0.41296,0.57617,8104,3435.7063,1,0.28677,0.00127,-0.00993,0.00546,0.60175,0.45483,0.45733,13.54217,1,0.32825,0.02267,1.26953,0.00289,1,1,0.05163,0.00607,0.61269,0.71743,0.45489,17.2428,1,0.2729,0.03184,1.26138,0.00348,1,1,participant_9,question_14,Timer-Correct,True,Question,NOT_RANDOM,0
0.0,0,38,1,0.30107,0.03085,0,0.78385,0.41296,0.58228,8104,3435.7063,1,0.28711,0.00194,-0.01065,0.00596,0.6517,0.45493,0.45727,13.59835,1,0.32924,0.02987,1.26138,0.00286,1,1,0.05344,0.00626,0.63243,0.71767,0.45484,17.06991,1,0.2729,0.03184,1.26138,0.00346,1,1,participant_9,question_14,Timer-Correct,True,Question,NOT_RANDOM,0
0.0,0,38,1,0.29307,0.00878,0,0.78385,0.41296,0.58911,8104,3435.7063,1,0.28712,0.00238,-0.01065,0.00596,0.6517,0.45518,0.4574,13.92305,1,0.32151,0.00467,1.27851,0.00285,1,1,0.05344,0.00626,0.63243,0.71785,0.45484,17.01832,1,0.26464,0.01288,1.28666,0.00348,1,1,participant_9,question_14,Timer-Correct,True,Other,NOT_RANDOM,0
0.0,0,38,1,0.2857,-0.00274,0,0.78385,0.41296,0.59595,8104,3435.7063,1,0.28717,0.0022,-0.01065,0.00596,0.6517,0.45526,0.45717,14.19083,1,0.32791,-0.00414,1.30379,0.00292,1,1,0.05344,0.00626,0.63243,0.7179,0.45482,16.9668,1,0.2435,-0.00133,1.31194,0.0035,1,1,participant_9,question_14,Timer-Correct,True,Other,NOT_RANDOM,0
0.0,0,38,1,0.28417,-0.01325,0,0.78385,0.41296,0.60303,8104,3435.7063,1,0.28719,0.0018,-0.01001,0.00573,0.62106,0.45547,0.4573,13.68517,1,0.32598,-0.01846,1.32005,0.00292,1,1,0.05137,0.00601,0.60742,0.71836,0.45621,17.38423,1,0.24236,-0.00803,1.32005,0.00414,1,1,participant_9,question_14,Timer-Correct,True,Other,NOT_RANDOM,0
0.0,0,38,1,0.29811,-0.01108,0,0.78385,0.41296,0.6106,8104,3435.7063,1,0.28737,0.0016,-0.01001,0.00573,0.62106,0.45557,0.45722,13.74401,1,0.32686,-0.03014,1.31104,0.00289,1,1,0.05137,0.00601,0.60742,0.71813,0.45617,17.04603,1,0.26936,0.00798,1.30289,0.00424,1,1,participant_9,question_14,Timer-Correct,True,Other,NOT_RANDOM,0
0.0,0,38,1,0.30712,0.00339,0,0.78385,0.41296,0.61597,8104,3435.7063,1,0.28801,0.0022,-0.01001,0.00573,0.62106,0.45553,0.45727,13.75069,1,0.33069,-0.01359,1.29387,0.00284,1,1,0.05137,0.00601,0.60742,0.71847,0.45628,17.49863,1,0.28355,0.02036,1.28572,0.00411,1,1,participant_9,question_14,Timer-Correct,True,Other,NOT_RANDOM,0
0.0,0,38,1,0.30867,0.01482,0,0.78385,0.41296,0.62305,8104,3435.7063,1,0.28865,0.00289,-0.01001,0.00583,0.62695,0.45586,0.45712,13.60923,1,0.33271,0.00178,1.2767,0.00283,1,1,0.05226,0.0061,0.61632,0.71891,0.45617,17.24834,1,0.28463,0.02786,1.2767,0.00413,1,1,participant_9,question_14,Timer-Correct,True,Other,NOT_RANDOM,0
0.0,0,38,1,0.28802,0.01662,0,0.78385,0.41296,0.62988,8104,3435.7063,1,0.2886,0.00306,-0.01001,0.00583,0.62695,0.45603,0.45706,13.57197,1,0.32661,0.00163,1.2767,0.0029,1,1,0.05226,0.0061,0.61632,0.71869,0.45483,16.95917,1,0.24944,0.03161,1.28485,0.00348,1,1,participant_9,question_14,Timer-Correct,True,Other,NOT_RANDOM,0
0.0,0,38,1,0.2935,0.0089,0,0.78385,0.41296,0.63623,8104,3435.7063,1,0.28883,0.00257,-0.01001,0.00583,0.62695,0.45608,0.45707,13.6498,1,0.32886,-0.00736,1.28485,0.00289,1,1,0.05226,0.0061,0.61632,0.71874,0.45488,17.12315,1,0.25815,0.02517,1.29301,0.00348,1,1,participant_9,question_14,Timer-Correct,True,Other,NOT_RANDOM,0
0.0,0,38,1,0.29302,0.00525,0,0.78385,0.41296,0.64307,8104,3435.7063,1,0.28905,0.00208,-0.00994,0.00584,0.62812,0.45614,0.45718,13.78048,1,0.32789,-0.01467,1.29301,0.00286,1,1,0.05135,0.00599,0.60501,0.71898,0.45646,17.21751,1,0.25815,0.02517,1.29301,0.00415,1,1,participant_9,question_14,Timer-Correct,True,Other,NOT_RANDOM,0
0.0,0,38,1,0.28854,0.0074,0,0.78385,0.41296,0.64966,8104,3435.7063,1,0.28905,0.0021,-0.00994,0.00584,0.62812,0.45627,0.4571,13.92246,1,0.31855,-0.01487,1.29301,0.00282,1,1,0.05135,0.00599,0.60501,0.71905,0.45505,16.85034,1,0.25853,0.02968,1.28485,0.00352,1,1,participant_9,question_14,Timer-Correct,True,Other,NOT_RANDOM,0
0.0,0,38,1,0.29999,0.02515,0,0.78385,0.41296,0.65649,8104,3435.7063,1,0.28948,0.00318,-0.00994,0.00584,0.62812,0.4564,0.45721,13.75205,1,0.32188,0.00686,1.28485,0.00286,1,1,0.05135,0.00599,0.60501,0.71922,0.45636,17.6505,1,0.2781,0.04344,1.2767,0.00408,1,1,participant_9,question_14,Timer-Correct,True,Question,NOT_RANDOM,0
0.0,0,38,1,0.29882,0.01737,0,0.78385,0.41296,0.66333,8104,3435.7063,1,0.2899,0.00417,-0.01017,0.006,0.64559,0.45646,0.45727,13.51814,1,0.32177,0.00609,1.28572,0.00292,1,1,0.05422,0.00627,0.63768,0.71921,0.45663,18.21616,1,0.27587,0.02865,1.29478,0.00413,1,1,participant_9,question_14,Timer-Correct,True,Other,NOT_RANDOM,0
0.0,0,38,1,0.30573,-0.00691,0,0.78385,0.41296,0.66992,8104,3435.7063,1,0.29023,0.00412,-0.01017,0.006,0.64559,0.45651,0.45726,13.52587,1,0.3328,-0.0238,1.30379,0.00293,1,1,0.05422,0.00627,0.63768,0.71954,0.45651,17.52704,1,0.27865,0.00997,1.321,0.00431,1,1,participant_9,question_14,Timer-Correct,True,Other,NOT_RANDOM,0
0.0,0,38,1,0.2815,-0.03963,0,0.78385,0.41296,0.67676,8104,3435.7063,1,0.29022,0.00311,-0.01017,0.006,0.64559,0.45649,0.45727,13.55124,1,0.31011,-0.03275,1.33001,0.00292,1,1,0.05422,0.00627,0.63768,0.71966,0.45656,17.22028,1,0.2529,-0.0465,1.34722,0.00421,1,1,participant_9,question_14,Timer-Correct,True,Other,NOT_RANDOM,0
0.0,0,38,1,0.27987,-0.05064,0,0.78385,0.41296,0.68335,8104,3435.7063,1,0.29016,0.00173,-0.00995,0.00591,0.63521,0.45652,0.45737,13.79708,1,0.3079,-0.04794,1.34722,0.00293,1,1,0.05335,0.00616,0.62697,0.71954,0.45673,16.9768,1,0.25183,-0.05333,1.35537,0.00423,1,1,participant_9,question_14,Timer-Correct,True,Other,NOT_RANDOM,0
0.0,0,38,1,0.28696,-0.02659,0,0.78385,0.41296,0.6897,8104,3435.7063,1,0.28997,0.00082,-0.00995,0.00591,0.63521,0.45674,0.45736,14.02629,1,0.31134,-0.03644,1.34636,0.00284,1,1,0.05335,0.00616,0.62697,0.71961,0.45671,16.97968,1,0.26257,-0.01674,1.3373,0.00423,1,1,participant_9,question_14,Timer-Correct,True,Other,NOT_RANDOM,0
0.0,0,38,1,0.28894,-0.0076,0,0.78385,0.41296,0.69653,8104,3435.7063,1,0.29011,0.00053,-0.00995,0.00591,0.63521,0.45668,0.45747,13.87596,1,0.31261,-0.017,1.32828,0.0029,1,1,0.05335,0.00616,0.62697,0.71961,0.45666,17.00957,1,0.26527,0.00181,1.31923,0.00418,1,1,participant_9,question_14,Timer-Correct,True,Other,NOT_RANDOM,0
0.0,0,38,1,0.29279,0.01795,0,0.78385,0.41296,0.7041,8104,3435.7063,1,0.29038,0.00109,-0.00952,0.00558,0.61033,0.45675,0.45746,13.76504,1,0.31593,0.00586,1.3021,0.00284,1,1,0.05189,0.00589,0.60926,0.71964,0.45665,17.2801,1,0.26964,0.03004,1.28489,0.00417,1,1,participant_9,question_14,Timer-Correct,True,Other,NOT_RANDOM,0
0.0,0,38,1,0.30138,0.02647,0,0.78385,0.41296,0.71021,8104,3435.7063,1,0.29088,0.00188,-0.00952,0.00558,0.61033,0.45677,0.4574,13.86651,1,0.32909,0.01224,1.27678,0.00286,1,1,0.05189,0.00589,0.60926,0.71975,0.4568,17.40166,1,0.27367,0.0407,1.26863,0.00416,1,1,participant_9,question_14,Timer-Correct,True,Question,NOT_RANDOM,0
0.0,0,38,1,0.30125,0.05795,0,0.78385,0.41296,0.71655,8104,3435.7063,1,0.29144,0.00339,-0.00952,0.00558,0.61033,0.45677,0.45749,13.71623,1,0.32461,0.04693,1.26051,0.00284,1,1,0.05189,0.00589,0.60926,0.71956,0.45554,17.19039,1,0.27789,0.06897,1.25236,0.00346,1,1,participant_9,question_14,Timer-Correct,True,Question,NOT_RANDOM,0
0.0,0,38,1,0.3033,0.07166,0,0.78385,0.41296,0.72363,8104,3435.7063,1,0.29199,0.00488,-0.00954,0.00555,0.61165,0.45678,0.45753,13.82844,1,0.32665,0.06109,1.24425,0.00282,1,1,0.05189,0.00589,0.60926,0.71981,0.45717,17.4062,1,0.27995,0.08223,1.2361,0.00417,1,1,participant_9,question_14,Timer-Correct,True,Question,NOT_RANDOM,0
0.0,0,38,1,0.30651,0.08209,0,0.78385,0.41296,0.72998,8104,3435.7063,1,0.2924,0.00633,-0.00954,0.00555,0.61165,0.45677,0.45765,13.89312,1,0.33393,0.08202,1.2361,0.00286,1,1,0.05189,0.00589,0.60926,0.71956,0.4557,17.17298,1,0.2791,0.08216,1.2361,0.00345,1,1,participant_9,question_14,Timer-Correct,True,Question,NOT_RANDOM,0
0.0,0,38,1,0.30178,0.09475,0,0.78385,0.41296,0.73608,8104,3435.7063,1,0.29271,0.00782,-0.00954,0.00555,0.61165,0.45676,0.45762,13.97405,1,0.32638,0.1044,1.2361,0.00285,1,1,0.05189,0.00589,0.60926,0.71949,0.45574,17.11952,1,0.27719,0.0851,1.2361,0.0035,1,1,participant_9,question_14,Timer-Correct,True,Question,NOT_RANDOM,0
0.0,0,38,1,0.30023,0.08472,0,0.78385,0.41296,0.74316,8104,3435.7063,1,0.29294,0.0088,-0.00984,0.0057,0.62765,0.45677,0.45774,13.58907,1,0.32535,0.09756,1.24421,0.00289,1,1,0.05273,0.006,0.61966,0.71983,0.45718,17.36321,1,0.2751,0.07188,1.25236,0.00417,1,1,participant_9,question_14,Timer-Correct,True,Question,NOT_RANDOM,0
0.0,0,38,1,0.29311,0.04873,0,0.78385,0.41296,0.74976,8104,3435.7063,1,0.29301,0.0088,-0.00984,0.0057,0.62765,0.45672,0.45778,13.9463,1,0.31747,0.03447,1.26048,0.00291,1,1,0.05273,0.006,0.61966,0.71946,0.4558,16.9668,1,0.26875,0.06299,1.26863,0.0035,1,1,participant_9,question_14,Timer-Correct,True,Question,NOT_RANDOM,0
0.0,0,38,1,0.30347,0.02375,0,0.78385,0.41296,0.74976,8104,3435.7063,0,0.29663,0.03527,-0.00984,0.0057,0.62765,0.45672,0.45781,13.60308,1,0.34124,0.02198,1.27674,0.00289,1,1,0.05273,0.006,0.61966,0.71982,0.45735,17.28867,1,0.2657,0.02553,1.28489,0.00428,1,1,participant_9,question_14,Timer-Correct,True,Other,NOT_RANDOM,0
0.0,0,38,1,0.30151,0.00988,0,0.78385,0.41296,0.74976,8104,3435.7063,0,0.29907,0.02258,-0.00984,0.0057,0.62765,0.45663,0.45791,13.90016,1,0.33943,0.00766,1.29301,0.00281,1,1,0.05273,0.006,0.61966,0.71939,0.45586,17.09167,1,0.26358,0.0121,1.30116,0.00349,1,1,participant_9,question_14,Timer-Correct,True,Other,NOT_RANDOM,0
0.0,0,38,1,0.29572,0.00782,0,0.78385,0.41296,0.74976,8104,3435.7063,0,0.29795,0.01766,-0.00984,0.0057,0.62765,0.45658,0.45798,13.8794,1,0.33342,0.00877,1.30116,0.00285,1,1,0.05273,0.006,0.61966,0.71937,0.45588,17.13212,1,0.25801,0.00687,1.30116,0.00346,1,1,participant_9,question_14,Timer-Correct,True,Other,NOT_RANDOM,0
0.0,0,38,1,0.30469,0.0047,0,0.78385,0.41296,0.02588,8105,3436.46265,1,0.29964,0.01442,-0.00984,0.0057,0.62765,0.45658,0.45803,13.70789,1,0.32845,0.00839,1.30116,0.00286,1,1,0.05273,0.006,0.61966,0.71971,0.45712,17.25978,1,0.28092,0.001,1.30116,0.00413,1,1,participant_9,question_14,Timer-Correct,True,Other,NOT_RANDOM,0
0.0,0,38,1,0.30308,-0.00679,0,0.78385,0.41296,0.03052,8105,3436.46265,1,0.30032,0.01018,-0.01017,0.00581,0.64559,0.45649,0.45802,13.71064,1,0.32738,0.00052,1.31017,0.00289,1,1,0.05422,0.00612,0.63768,0.71948,0.45741,18.01002,1,0.27878,-0.01411,1.31923,0.0042,1,1,participant_9,question_14,Timer-Correct,True,Other,NOT_RANDOM,0
0.0,0,38,1,0.28724,-0.00285,0,0.78385,0.41296,0.03394,8105,3436.46265,1,0.29814,0.008,-0.01017,0.00581,0.64559,0.45649,0.45832,13.42742,1,0.31981,-0.01636,1.32824,0.00289,1,1,0.05422,0.00612,0.63768,0.71938,0.45756,17.99326,1,0.25466,0.01065,1.3373,0.00417,1,1,participant_9,question_14,Timer-Correct,True,Other,NOT_RANDOM,0
0.0,0,38,1,0.27497,0.04699,0,0.78385,0.41296,0.04077,8105,3436.46265,1,0.29483,0.01357,-0.01017,0.00581,0.64559,0.45639,0.4585,13.2374,1,0.30311,0.055,1.34632,0.00282,1,1,0.05422,0.00612,0.63768,0.71903,0.45785,17.43228,1,0.24683,0.03897,1.35537,0.00409,1,1,participant_9,question_14,Timer-Correct,True,Question,NOT_RANDOM,0
0.0,0,38,1,0.27601,0.05288,0,0.78385,0.41296,0.04761,8105,3436.46265,1,0.29248,0.01849,-0.00963,0.00518,0.60612,0.45577,0.46043,13.67298,1,0.30298,0.05424,1.34726,0.00281,1,1,0.05178,0.00565,0.61224,0.71833,0.45905,17.62393,1,0.24903,0.05151,1.33911,0.004,1,1,participant_9,question_14,Timer-Correct,True,Question,NOT_RANDOM,0
0.0,0,38,1,0.23274,0.20901,0,0.78385,0.41296,0.05371,8105,3436.46265,1,0.28584,0.03965,-0.00963,0.00518,0.60612,0.45531,0.46159,13.19954,1,0.26169,0.20451,1.32198,0.00271,1,1,0.05178,0.00565,0.61224,0.71718,0.46065,17.27943,1,0.2038,0.2135,1.30477,0.00415,1,1,participant_9,question_14,Timer-Correct,True,Question,NOT_RANDOM,0
0.0,0,38,1,0.24552,0.24128,0,0.78385,0.41296,0.06055,8105,3436.46265,1,0.28181,0.05982,-0.00963,0.00518,0.60612,0.45535,0.46181,12.80186,1,0.27637,0.17805,1.28764,0.00265,1,1,0.05178,0.00565,0.61224,0.71651,0.46138,17.1216,1,0.21468,0.30451,1.27043,0.0042,1,1,participant_9,question_14,Timer-Correct,True,Question,NOT_RANDOM,0
0.0,0,38,1,0.24766,0.2505,0,0.78385,0.41296,0.06738,8105,3436.46265,1,0.27871,0.07715,-0.01028,0.00495,0.64053,0.45485,0.46661,13.54852,1,0.2791,0.19093,1.27043,0.00328,1,1,0.0522,0.00526,0.62112,0.71569,0.46307,17.267,1,0.21623,0.31008,1.26138,0.00367,1,1,participant_9,question_14,Timer-Correct,True,Question,NOT_RANDOM,0
0.0,0,38,1,0.25544,0.46135,0,0.78385,0.41296,0.07373,8105,3436.46265,1,0.27677,0.10917,-0.01028,0.00495,0.64053,0.45505,0.46789,13.33612,1,0.30695,0.45079,1.27851,0.00351,1,1,0.0522,0.00526,0.62112,0.71504,0.46461,17.5135,1,0.20393,0.47192,1.28666,0.0037,1,1,participant_9,question_14,Timer-Correct,True,Question,NOT_RANDOM,0
0.0,0,38,1,0.21559,0.42219,0,0.78385,0.41296,0.08081,8105,3436.46265,1,0.27206,0.13325,-0.01028,0.00495,0.64053,0.45481,0.46811,12.66851,1,0.24962,0.34512,1.30379,0.00342,1,1,0.0522,0.00526,0.62112,0.71494,0.46507,17.51024,1,0.18155,0.49926,1.31194,0.00371,1,1,participant_9,question_14,Timer-Correct,True,Question,NOT_RANDOM,0
0.0,0,38,1,0.21257,0.41357,0,0.78385,0.41296,0.0874,8105,3436.46265,1,0.26781,0.15327,-0.01008,0.0045,0.62541,0.45583,0.46978,12.96839,1,0.24673,0.33518,1.32005,0.00366,1,1,0.05243,0.00507,0.62609,0.71442,0.46661,17.8197,1,0.17842,0.49196,1.3282,0.00357,1,1,participant_9,question_14,Timer-Correct,True,Question,NOT_RANDOM,0
0.0,0,38,1,0.20537,0.61975,0,0.78385,0.41296,0.0874,8105,3436.46265,0,0.25507,0.22605,-0.01008,0.0045,0.62541,0.4547,0.47032,13.71568,1,0.22655,0.66491,1.31919,0.00311,1,1,0.05243,0.00507,0.62609,0.71455,0.4668,17.16503,1,0.1842,0.5746,1.31919,0.00359,1,1,participant_9,question_14,Timer-Correct,True,Answer_Area,NOT_RANDOM,0
0.0,0,38,1,0.19835,0.54223,0,0.78385,0.41296,0.0874,8105,3436.46265,0,0.22671,0.38414,-0.01008,0.0045,0.62541,0.45444,0.47009,14.05888,1,0.19861,0.54067,1.31017,0.00308,1,1,0.05243,0.00507,0.62609,0.71454,0.46679,17.47183,1,0.19808,0.54379,1.31017,0.00353,1,1,participant_9,question_14,Timer-Correct,True,Answer_Area,NOT_RANDOM,0
0.0,0,38,1,0.20015,0.54619,0,0.78385,0.41296,0.0874,8105,3436.46265,0,0.21786,0.43816,-0.01008,0.0045,0.62541,0.45409,0.47037,13.86259,1,0.20056,0.54482,1.30116,0.00314,1,1,0.05223,0.00503,0.62145,0.71482,0.46657,17.06215,1,0.19973,0.54756,1.30116,0.00356,1,1,participant_9,question_14,Timer-Correct,True,Answer_Area,NOT_RANDOM,0
0.0,0,38,1,0.21706,0.56255,0,0.78385,0.41296,0.0874,8105,3436.46265,0,0.20519,0.55032,-0.01008,0.0045,0.62541,0.45435,0.47006,14.33932,1,0.24444,0.59292,1.30116,0.00314,1,1,0.05223,0.00503,0.62145,0.71505,0.46663,17.33774,1,0.18969,0.53219,1.30116,0.00357,1,1,participant_9,question_14,Timer-Correct,True,Answer_Area,NOT_RANDOM,0
0.0,0,38,1,0.23302,0.5683,0,0.78385,0.41296,0.0874,8105,3436.46265,0,0.21911,0.55931,-0.01008,0.0045,0.62541,0.45442,0.46998,13.92945,1,0.27626,0.60517,1.30116,0.00343,1,1,0.05223,0.00503,0.62145,0.71499,0.46656,17.21762,1,0.18979,0.53142,1.30116,0.00351,1,1,participant_9,question_14,Timer-Correct,True,Answer_Area,NOT_RANDOM,0
0.0,0,38,1,0.23145,0.56447,0,0.78385,0.41296,0.0874,8105,3436.46265,0,0.22322,0.56103,-0.01065,0.00479,0.6517,0.45408,0.46987,13.78982,1,0.27481,0.6014,1.31017,0.00318,1,1,0.0522,0.00508,0.62112,0.715,0.46645,17.56224,1,0.18808,0.52755,1.31017,0.0035,1,1,participant_9,question_14,Timer-Correct,True,Answer_Area,NOT_RANDOM,0
0.0,0,38,1,0.21336,0.55921,0,0.78385,0.41296,0.01978,8106,3436.57666,1,0.22076,0.56058,-0.01065,0.00479,0.6517,0.4541,0.46979,13.62618,1,0.23539,0.56602,1.31919,0.00321,1,1,0.0522,0.00508,0.62112,0.71501,0.46644,17.47863,1,0.19134,0.5524,1.31919,0.00349,1,1,participant_9,question_14,Timer-Correct,True,Answer_Area,NOT_RANDOM,0
0.0,0,38,1,0.23255,0.57315,0,0.78385,0.41296,0.02686,8106,3436.57666,1,0.22311,0.56309,-0.01065,0.00479,0.6517,0.45401,0.46978,13.57803,1,0.2649,0.60106,1.3282,0.00327,1,1,0.0522,0.00508,0.62112,0.715,0.46645,17.49372,1,0.2002,0.54524,1.3282,0.00347,1,1,participant_9,question_14,Timer-Correct,True,Answer_Area,NOT_RANDOM,0
0.0,0,38,1,0.23255,0.57315,0,0.78385,0.41296,0.03369,8106,3436.57666,1,0.22469,0.56477,-0.01028,0.0047,0.6263,0.4538,0.46978,14.01925,1,0.2649,0.60106,1.3282,0.00324,1,1,0.05264,0.00521,0.62635,0.71506,0.46641,17.42294,1,0.2002,0.54524,1.3282,0.00353,1,1,participant_9,question_14,Timer-Correct,True,Answer_Area,NOT_RANDOM,0
0.0,0,38,1,0.21428,0.5749,0,0.78385,0.41296,0.04028,8106,3436.57666,1,0.2232,0.56621,-0.01028,0.0047,0.6263,0.45396,0.46947,13.62691,1,0.25636,0.57237,1.31919,0.0034,1,1,0.05264,0.00521,0.62635,0.71514,0.46619,17.53305,1,0.1722,0.57743,1.31919,0.00352,1,1,participant_9,question_14,Timer-Correct,True,Answer_Area,NOT_RANDOM,0
0.0,0,38,1,0.21674,0.5622,0,0.78385,0.41296,0.04688,8106,3436.57666,1,0.22239,0.56571,-0.01028,0.0047,0.6263,0.45376,0.46926,13.08553,1,0.2544,0.54847,1.31017,0.00321,1,1,0.05264,0.00521,0.62635,0.71524,0.46604,17.63907,1,0.17908,0.57593,1.31017,0.00348,1,1,participant_9,question_14,Timer-Correct,True,Answer_Area,NOT_RANDOM,0
0.0,0,38,1,0.21842,0.56603,0,0.78385,0.41296,0.05396,8106,3436.57666,1,0.22195,0.56575,-0.01028,0.0047,0.6263,0.45339,0.46962,13.94434,1,0.25598,0.55259,1.30116,0.00315,1,1,0.05264,0.00521,0.62635,0.71528,0.46604,17.4767,1,0.18086,0.57947,1.30116,0.00349,1,1,participant_9,question_14,Timer-Correct,True,Answer_Area,NOT_RANDOM,0
0.0,0,38,1,0.21282,0.62072,0,0.78385,0.41296,0.06079,8106,3436.57666,1,0.22104,0.57124,-0.01028,0.0047,0.6263,0.45334,0.46952,14.00793,1,0.24333,0.6602,1.30116,0.00307,1,1,0.05264,0.00521,0.62635,0.71534,0.46619,17.7568,1,0.1823,0.58124,1.30116,0.00352,1,1,participant_9,question_14,Timer-Correct,True,Answer_Area,NOT_RANDOM,0
0.0,0,38,1,0.19772,0.61125,0,0.78385,0.41296,0.06738,8106,3436.57666,1,0.21892,0.57488,-0.01028,0.0047,0.6263,0.45335,0.46938,13.84502,1,0.21748,0.65843,1.30116,0.00307,1,1,0.05264,0.00521,0.62635,0.71532,0.46607,17.75607,1,0.17795,0.56408,1.30116,0.0035,1,1,participant_9,question_14,Timer-Correct,True,Answer_Area,NOT_RANDOM,0
0.0,0,38,1,0.19772,0.61125,0,0.78385,0.41296,0.07422,8106,3436.57666,1,0.21715,0.57791,-0.01028,0.0047,0.6263,0.45333,0.46945,14.01833,1,0.21748,0.65843,1.30116,0.00311,1,1,0.05264,0.00521,0.62635,0.71534,0.466,17.60489,1,0.17795,0.56408,1.30116,0.00351,1,1,participant_9,question_14,Timer-Correct,True,Answer_Area,NOT_RANDOM,0
0.0,0,38,1,0.22176,0.57127,0,0.78385,0.41296,0.08105,8106,3436.57666,1,0.21751,0.5774,-0.01028,0.0047,0.6263,0.4536,0.46919,14.36722,1,0.25679,0.58198,1.30116,0.00311,1,1,0.05264,0.00521,0.62635,0.71528,0.46569,17.27947,1,0.18673,0.56056,1.30116,0.00354,1,1,participant_9,question_14,Timer-Correct,True,Answer_Area,NOT_RANDOM,0
0.0,0,38,1,0.23413,0.60139,0,0.78385,0.41296,0.08765,8106,3436.57666,1,0.21869,0.57911,-0.01028,0.0047,0.6263,0.45359,0.4692,14.38941,1,0.28597,0.64374,1.30116,0.00309,1,1,0.05264,0.00521,0.62635,0.71526,0.4657,17.13326,1,0.18229,0.55903,1.30116,0.00355,1,1,participant_9,question_14,Timer-Correct,True,Answer_Area,NOT_RANDOM,0
0.0,0,38,1,0.23555,0.60463,0,0.78385,0.41296,0.09424,8106,3436.57666,1,0.21982,0.58082,-0.00993,0.00451,0.60175,0.45371,0.46903,13.82663,1,0.28722,0.64691,1.29304,0.00336,1,1,0.05223,0.00522,0.62145,0.71523,0.46554,17.07024,1,0.18388,0.56235,1.29304,0.00359,1,1,participant_9,question_14,Timer-Correct,True,Answer_Area,NOT_RANDOM,0
0.0,0,38,1,0.22421,0.57321,0,0.78385,0.41296,0.10083,8106,3436.57666,1,0.22009,0.58034,-0.00993,0.00451,0.60175,0.45337,0.46902,13.9843,1,0.23974,0.59607,1.28493,0.00329,1,1,0.05223,0.00522,0.62145,0.71528,0.46556,16.83598,1,0.20868,0.55035,1.28493,0.00368,1,1,participant_9,question_14,Timer-Correct,True,Answer_Area,NOT_RANDOM,0
0.0,0,38,1,0.22468,0.60544,0,0.78385,0.41296,0.10742,8106,3436.57666,1,0.22036,0.58182,-0.00993,0.00451,0.60175,0.45354,0.46892,13.51809,1,0.24873,0.66405,1.27681,0.0034,1,1,0.05223,0.00522,0.62145,0.71519,0.46555,17.04895,1,0.20063,0.54684,1.27681,0.00367,1,1,participant_9,question_14,Timer-Correct,True,Answer_Area,NOT_RANDOM,0
0.0,0,38,1,0.22301,0.60181,0,0.78385,0.41296,0.11401,8106,3436.57666,1,0.22051,0.58293,-0.01068,0.00486,0.64163,0.45317,0.46876,13.83488,1,0.24706,0.66062,1.28583,0.0031,1,1,0.05223,0.00522,0.62145,0.71504,0.46565,17.55777,1,0.19896,0.54299,1.28583,0.00355,1,1,participant_9,question_14,Timer-Correct,True,Answer_Area,NOT_RANDOM,0
0.0,0,38,1,0.20179,0.58143,0,0.78385,0.41296,0.12061,8106,3436.57666,1,0.21952,0.58285,-0.01068,0.00486,0.64163,0.45325,0.46891,13.91408,1,0.21282,0.63597,1.30296,0.00313,1,1,0.05223,0.00522,0.62145,0.71507,0.46562,17.6973,1,0.19075,0.52689,1.30296,0.00353,1,1,participant_9,question_14,Timer-Correct,True,Answer_Area,NOT_RANDOM,0
0.0,0,38,1,0.22397,0.5514,0,0.78385,0.41296,0.12817,8106,3436.57666,1,0.21975,0.58128,-0.01068,0.00486,0.64163,0.45326,0.46896,13.98775,1,0.26382,0.53455,1.32009,0.00316,1,1,0.05223,0.00522,0.62145,0.71501,0.46552,17.55535,1,0.18412,0.56825,1.32009,0.0035,1,1,participant_9,question_14,Timer-Correct,True,Answer_Area,NOT_RANDOM,0
0.0,0,38,1,0.22252,0.54791,0,0.78385,0.41296,0.13428,8106,3436.57666,1,0.21988,0.57969,-0.01046,0.00469,0.62547,0.45276,0.46895,13.82208,1,0.26247,0.53078,1.3282,0.003,1,1,0.05223,0.00531,0.62145,0.71495,0.46546,17.48971,1,0.18256,0.56504,1.3282,0.00354,1,1,participant_9,question_14,Timer-Correct,True,Answer_Area,NOT_RANDOM,0
0.0,0,38,1,0.20973,0.55871,0,0.78385,0.41296,0.14136,8106,3436.57666,1,0.21942,0.57873,-0.01046,0.00469,0.62547,0.45275,0.46901,13.86483,1,0.23181,0.54664,1.31919,0.00302,1,1,0.05223,0.00531,0.62145,0.71491,0.46549,17.3658,1,0.18766,0.57078,1.31919,0.00357,1,1,participant_9,question_14,Timer-Correct,True,Answer_Area,NOT_RANDOM,0
0.0,0,38,1,0.21242,0.54762,0,0.78385,0.41296,0.14746,8106,3436.57666,1,0.21911,0.57738,-0.01046,0.00469,0.62547,0.4527,0.46902,13.6056,1,0.24576,0.53875,1.31017,0.00301,1,1,0.05223,0.00531,0.62145,0.71493,0.46545,17.49615,1,0.17909,0.55648,1.31017,0.00355,1,1,participant_9,question_14,Timer-Correct,True,Answer_Area,NOT_RANDOM,0
0.0,0,38,1,0.21493,0.55321,0,0.78385,0.41296,0.15381,8106,3436.57666,1,0.21894,0.57637,-0.01048,0.00479,0.62658,0.45257,0.4691,13.67899,1,0.24739,0.54294,1.30116,0.00303,1,1,0.05029,0.00512,0.59891,0.71496,0.46536,17.62415,1,0.18247,0.56347,1.29301,0.00345,1,1,participant_9,question_14,Timer-Correct,True,Answer_Area,NOT_RANDOM,0
0.0,0,38,1,0.20674,0.53884,0,0.78385,0.41296,0.16064,8106,3436.57666,1,0.21845,0.57487,-0.01048,0.00479,0.62658,0.45259,0.46912,13.67583,1,0.23424,0.51553,1.29301,0.00302,1,1,0.05029,0.00512,0.59891,0.71493,0.46526,17.76667,1,0.17923,0.56214,1.28486,0.00348,1,1,participant_9,question_14,Timer-Correct,True,Answer_Area,NOT_RANDOM,0
0.0,0,37,1,0.20736,0.6046,0,0.78385,0.41296,0.16797,8106,3436.57666,1,0.21802,0.57602,-0.01048,0.00479,0.62658,0.45259,0.46912,13.69485,1,0.2277,0.59976,1.28486,0.00302,1,1,0.05029,0.00512,0.59891,0.71492,0.46535,17.66095,1,0.18702,0.60945,1.2767,0.00352,1,1,participant_9,question_14,Timer-Correct,True,Answer_Area,NOT_RANDOM,0
0.0,0,37,1,0.21059,0.61115,0,0.78385,0.41296,0.17456,8106,3436.57666,1,0.21775,0.57732,-0.01026,0.00467,0.61084,0.45279,0.46897,14.01586,1,0.23094,0.60669,1.26859,0.00318,1,1,0.05029,0.00512,0.59891,0.71487,0.46547,17.83436,1,0.19024,0.6156,1.26044,0.00351,1,1,participant_9,question_14,Timer-Correct,True,Answer_Area,NOT_RANDOM,0
0.0,0,37,1,0.24528,0.61919,0,0.78385,0.41296,0.18115,8106,3436.57666,1,0.21873,0.57881,-0.01026,0.00467,0.61084,0.45289,0.46893,13.87325,1,0.29166,0.6386,1.25233,0.0033,1,1,0.05029,0.00512,0.59891,0.71463,0.46552,18.05826,1,0.19889,0.59979,1.25233,0.00356,1,1,participant_9,question_14,Timer-Correct,True,Answer_Area,NOT_RANDOM,0
0.0,0,37,1,0.24992,0.56063,0,0.78385,0.41296,0.18799,8106,3436.57666,1,0.21981,0.57819,-0.01026,0.00467,0.61084,0.45294,0.46888,14.08526,1,0.30092,0.51899,1.24421,0.00331,1,1,0.05029,0.00512,0.59891,0.71472,0.4655,17.89871,1,0.19892,0.60227,1.24421,0.00361,1,1,participant_9,question_14,Timer-Correct,True,Answer_Area,NOT_RANDOM,0
0.0,0,37,1,0.25131,0.56429,0,0.78385,0.41296,0.19458,8106,3436.57666,1,0.22086,0.57772,-0.01026,0.00472,0.61084,0.45264,0.46894,14.60874,1,0.30212,0.52311,1.2361,0.00316,1,1,0.05114,0.00526,0.61013,0.7147,0.46526,17.8502,1,0.2005,0.60547,1.2361,0.0036,1,1,participant_9,question_14,Timer-Correct,True,Answer_Area,NOT_RANDOM,0
0.0,0,37,1,0.25235,0.61375,0,0.78385,0.41296,0.20142,8106,3436.57666,1,0.22187,0.57888,-0.01026,0.00472,0.61084,0.45279,0.46885,14.10424,1,0.3035,0.63709,1.2361,0.00322,1,1,0.05114,0.00526,0.61013,0.71459,0.46512,17.96421,1,0.20121,0.5904,1.2361,0.00356,1,1,participant_9,question_14,Timer-Correct,True,Answer_Area,NOT_RANDOM,0
0.0,0,37,1,0.22718,0.59737,0,0.78385,0.41296,0.20801,8106,3436.57666,1,0.22204,0.57946,-0.01026,0.00472,0.61084,0.45263,0.46892,14.4449,1,0.25273,0.59819,1.2361,0.00313,1,1,0.05114,0.00526,0.61013,0.71462,0.4652,18.2108,1,0.20163,0.59656,1.2361,0.00354,1,1,participant_9,question_14,Timer-Correct,True,Answer_Area,NOT_RANDOM,0
0.0,0,37,1,0.22639,0.59574,0,0.78385,0.41296,0.2146,8106,3436.57666,1,0.22217,0.57996,-0.01026,0.00472,0.61084,0.45289,0.46893,14.16556,1,0.25273,0.59819,1.2361,0.00324,1,1,0.052,0.00536,0.6209,0.71456,0.4651,17.84521,1,0.20006,0.59328,1.24425,0.00353,1,1,participant_9,question_14,Timer-Correct,True,Answer_Area,NOT_RANDOM,0
0.0,0,37,1,0.21612,0.65089,0,0.78385,0.41296,0.22095,8106,3436.57666,1,0.22199,0.58204,-0.01026,0.00472,0.61084,0.45265,0.46902,13.72432,1,0.21549,0.6436,1.24425,0.0031,1,1,0.052,0.00536,0.6209,0.71442,0.4655,17.28422,1,0.21675,0.65817,1.2524,0.00362,1,1,participant_9,question_14,Timer-Correct,True,Answer_Area,NOT_RANDOM,0
0.0,0,37,1,0.20555,0.73145,0,0.78385,0.41296,0.22803,8106,3436.57666,1,0.22152,0.58631,-0.01026,0.00472,0.61084,0.4525,0.46981,14.24008,1,0.22987,0.72921,1.2524,0.00308,1,1,0.052,0.00536,0.6209,0.7141,0.46684,17.91931,1,0.18124,0.73369,1.26055,0.00358,1,1,participant_9,question_14,Timer-Correct,True,Answer_Area,NOT_RANDOM,0
0.0,0,37,1,0.20305,0.72754,0,0.78385,0.41296,0.22803,8106,3436.57666,0,0.22515,0.61795,-0.01028,0.00451,0.62631,0.4529,0.47174,14.74644,1,0.22655,0.72373,1.26866,0.00292,1,1,0.0513,0.00506,0.6131,0.71366,0.46865,18.33608,1,0.17955,0.73136,1.26866,0.0036,1,1,participant_9,question_14,Timer-Correct,True,Answer_Area,NOT_RANDOM,0
0.0,0,37,1,0.20425,0.78405,0,0.78385,0.41296,0.22803,8106,3436.57666,0,0.2147,0.701,-0.01028,0.00451,0.62631,0.45299,0.47285,14.97654,1,0.21677,0.78951,1.27678,0.00305,1,1,0.0513,0.00506,0.6131,0.71346,0.46949,18.32816,1,0.19172,0.7786,1.26863,0.00359,1,1,participant_9,question_14,Timer-Correct,True,Answer_Area,NOT_RANDOM,0
0.0,0,37,1,0.20123,0.80057,0,0.78385,0.41296,0.22803,8106,3436.57666,0,0.21021,0.73419,-0.01028,0.00451,0.62631,0.45295,0.47303,15.02243,1,0.20504,0.80616,1.27674,0.00298,1,1,0.0513,0.00506,0.6131,0.71349,0.46966,18.15961,1,0.19743,0.79497,1.26859,0.00365,1,1,participant_9,question_14,Timer-Correct,True,Answer_Area,NOT_RANDOM,0
0.0,0,37,1,0.20044,0.7996,0,0.78385,0.41296,0.22803,8106,3436.57666,0,0.20197,0.79474,-0.01043,0.00443,0.63524,0.45299,0.47331,15.19857,1,0.20505,0.80617,1.2767,0.0029,1,1,0.05243,0.00507,0.62609,0.71366,0.46992,18.51836,1,0.19583,0.79303,1.2767,0.00361,1,1,participant_9,question_14,Timer-Correct,True,Answer_Area,NOT_RANDOM,0
0.0,0,37,1,0.21745,0.8084,0,0.78385,0.41296,0.22803,8106,3436.57666,0,0.20971,0.80157,-0.01043,0.00443,0.63524,0.45287,0.47341,15.07457,1,0.23518,0.80921,1.2767,0.00291,1,1,0.05243,0.00507,0.62609,0.71389,0.46994,18.07787,1,0.19972,0.80758,1.28486,0.0036,1,1,participant_9,question_14,Timer-Correct,True,Answer_Area,NOT_RANDOM,0
0.0,0,37,1,0.21117,0.80736,0,0.78385,0.41296,0.22803,8106,3436.57666,0,0.2102,0.8035,-0.01043,0.00443,0.63524,0.45286,0.47337,15.18124,1,0.24211,0.81955,1.28486,0.0029,1,1,0.05243,0.00507,0.62609,0.71394,0.47004,18.06945,1,0.18023,0.79517,1.29301,0.00363,1,1,participant_9,question_14,Timer-Correct,True,Answer_Area,NOT_RANDOM,0
0.0,0,37,1,0.212,0.80831,0,0.78385,0.41296,0.02026,8107,3436.8313,1,0.21065,0.8047,-0.00993,0.00429,0.60175,0.45286,0.47337,15.18124,1,0.2421,0.81954,1.28489,0.0029,1,1,0.05075,0.0049,0.60543,0.71408,0.47011,17.90189,1,0.1819,0.79708,1.28489,0.00366,1,1,participant_9,question_14,Timer-Correct,True,Answer_Area,NOT_RANDOM,0
0.0,0,37,1,0.1984,0.8202,0,0.77708,0.41852,0.02686,8107,3436.8313,1,0.2082,0.8078,-0.00993,0.00429,0.60175,0.45292,0.47336,15.12267,1,0.20939,0.83123,1.27678,0.0029,1,1,0.05075,0.0049,0.60543,0.71415,0.47003,18.15588,1,0.1874,0.80918,1.26863,0.00359,1,1,participant_9,question_14,Timer-Correct,True,Answer_Area,NOT_RANDOM,0
0.0,0,37,1,0.20427,0.82143,0,0.77708,0.41852,0.03345,8107,3436.8313,1,0.20754,0.81007,-0.00993,0.00429,0.60175,0.45289,0.47335,15.05177,1,0.21407,0.83031,1.26051,0.00291,1,1,0.05075,0.0049,0.60543,0.71424,0.47011,18.26134,1,0.19446,0.81256,1.25236,0.00364,1,1,participant_9,question_14,Timer-Correct,True,Answer_Area,NOT_RANDOM,0
0.0,0,37,1,0.20597,0.82341,0,0.77708,0.41852,0.04053,8107,3436.8313,1,0.20732,0.81198,-0.01028,0.00442,0.62631,0.45299,0.47331,15.19857,1,0.21583,0.8324,1.25236,0.0029,1,1,0.05029,0.00485,0.59891,0.7144,0.47003,18.25971,1,0.19611,0.81443,1.24421,0.00362,1,1,participant_9,question_14,Timer-Correct,True,Answer_Area,NOT_RANDOM,0
0.0,0,37,1,0.20328,0.8112,0,0.77708,0.41852,0.04956,8107,3436.8313,1,0.20681,0.81188,-0.01028,0.00442,0.62631,0.45301,0.47339,15.12132,1,0.21534,0.82545,1.25233,0.00294,1,1,0.05029,0.00485,0.59891,0.71459,0.47,18.35915,1,0.19122,0.79696,1.25233,0.00362,1,1,participant_9,question_14,Timer-Correct,True,Answer_Area,NOT_RANDOM,0
0.0,0,37,1,0.20958,0.82202,0,0.77708,0.41852,0.05444,8107,3436.8313,1,0.20712,0.81301,-0.01028,0.00442,0.62631,0.45304,0.47332,15.20016,1,0.21797,0.83079,1.26044,0.00296,1,1,0.05029,0.00485,0.59891,0.71463,0.47004,18.45158,1,0.20119,0.81325,1.26044,0.00358,1,1,participant_9,question_14,Timer-Correct,True,Answer_Area,NOT_RANDOM,0
0.0,0,37,1,0.20792,0.82006,0,0.73542,0.43704,0.06055,8107,3436.8313,1,0.2072,0.81371,-0.01043,0.00453,0.63524,0.45316,0.47339,15.09476,1,0.21624,0.82871,1.26855,0.00291,1,1,0.05042,0.00486,0.59941,0.71479,0.46998,18.01922,1,0.1996,0.8114,1.26855,0.00358,1,1,participant_9,question_14,Timer-Correct,True,Answer_Area,NOT_RANDOM,0
0.0,0,37,1,0.20654,0.81738,0,0.73542,0.43704,0.06714,8107,3436.8313,1,0.20714,0.81405,-0.01043,0.00453,0.63524,0.4533,0.47334,14.87554,1,0.22736,0.82173,1.26855,0.00295,1,1,0.05042,0.00486,0.59941,0.71493,0.47008,18.15172,1,0.18572,0.81303,1.26855,0.00361,1,1,participant_9,question_14,Timer-Correct,True,Answer_Area,NOT_RANDOM,0
0.0,0,37,1,0.21641,0.81966,0,0.73542,0.43704,0.0752,8107,3436.8313,1,0.20791,0.81451,-0.01043,0.00453,0.63524,0.45341,0.47333,15.00976,1,0.23209,0.82234,1.26855,0.00298,1,1,0.05042,0.00486,0.59941,0.71497,0.47008,18.31033,1,0.20074,0.81697,1.26855,0.0036,1,1,participant_9,question_14,Timer-Correct,True,Answer_Area,NOT_RANDOM,0
0.0,0,37,1,0.21723,0.82071,0,0.73542,0.43704,0.08081,8107,3436.8313,1,0.20863,0.81499,-0.00989,0.00435,0.6104,0.45355,0.47341,15.01329,1,0.23372,0.82446,1.26044,0.00287,1,1,0.05278,0.00507,0.62578,0.71528,0.47006,18.40257,1,0.20073,0.81697,1.26859,0.00356,1,1,participant_9,question_14,Timer-Correct,True,Answer_Area,NOT_RANDOM,0
0.0,0,37,1,0.20588,0.82021,0,0.73542,0.43704,0.0874,8107,3436.8313,1,0.20843,0.81536,-0.00989,0.00435,0.6104,0.45372,0.47333,15.24516,1,0.2116,0.82883,1.26048,0.00289,1,1,0.05278,0.00507,0.62578,0.7154,0.47007,18.33313,1,0.20016,0.8116,1.26863,0.00356,1,1,participant_9,question_14,Timer-Correct,True,Answer_Area,NOT_RANDOM,0
0.0,0,37,1,0.19925,0.81941,0,0.70781,0.44722,0.09424,8107,3436.8313,1,0.20782,0.81563,-0.00989,0.00435,0.6104,0.45367,0.47331,15.18855,1,0.21356,0.83091,1.26051,0.00296,1,1,0.05278,0.00507,0.62578,0.71553,0.47004,17.88592,1,0.18493,0.8079,1.26866,0.00359,1,1,participant_9,question_14,Timer-Correct,True,Answer_Area,NOT_RANDOM,0
0.0,0,37,1,0.19836,0.81837,0,0.70781,0.44722,0.10083,8107,3436.8313,1,0.20723,0.8158,-0.01015,0.00449,0.62964,0.45401,0.47326,14.8977,1,0.21179,0.82883,1.26866,0.00289,1,1,0.0515,0.00494,0.61008,0.71579,0.47011,18.25234,1,0.18493,0.8079,1.26866,0.00358,1,1,participant_9,question_14,Timer-Correct,True,Answer_Area,NOT_RANDOM,0
0.0,0,37,1,0.21249,0.81998,0,0.70781,0.44722,0.10718,8107,3436.8313,1,0.20754,0.81605,-0.01015,0.00449,0.62964,0.45425,0.4732,14.81049,1,0.23141,0.80787,1.27678,0.00297,1,1,0.0515,0.00494,0.61008,0.71604,0.47011,18.53872,1,0.19356,0.83209,1.26863,0.00356,1,1,participant_9,question_14,Timer-Correct,True,Answer_Area,NOT_RANDOM,0
0.0,0,37,1,0.22009,0.80791,0,0.70781,0.44722,0.1145,8107,3436.8313,1,0.20824,0.8156,-0.01015,0.00449,0.62964,0.45425,0.4732,14.81049,1,0.23944,0.79528,1.27674,0.00297,1,1,0.0515,0.00494,0.61008,0.71614,0.47021,18.32333,1,0.20074,0.82053,1.26859,0.00357,1,1,participant_9,question_14,Timer-Correct,True,Answer_Area,NOT_RANDOM,0
0.0,0,37,1,0.2201,0.80791,0,0.70781,0.44722,0.12085,8107,3436.8313,1,0.20886,0.81519,-0.00985,0.00448,0.6224,0.45461,0.47326,14.73464,1,0.23945,0.79529,1.2767,0.00293,1,1,0.0515,0.00492,0.6079,0.71633,0.47017,17.93392,1,0.20075,0.82054,1.26855,0.00356,1,1,participant_9,question_14,Timer-Correct,True,Answer_Area,NOT_RANDOM,0
0.0,0,37,1,0.21226,0.81533,0,0.69063,0.4537,0.1272,8107,3436.8313,1,0.20903,0.8152,-0.00985,0.00448,0.6224,0.45479,0.47316,14.72594,1,0.2252,0.80673,1.26855,0.00289,1,1,0.0515,0.00492,0.6079,0.71656,0.47019,18.33429,1,0.19932,0.82393,1.26855,0.0036,1,1,participant_9,question_14,Timer-Correct,True,Answer_Area,NOT_RANDOM,0
0.0,0,37,1,0.23812,0.82579,0,0.69063,0.4537,0.13403,8107,3436.8313,1,0.21042,0.8157,-0.00985,0.00448,0.6224,0.45497,0.47347,14.72251,1,0.24224,0.81839,1.26855,0.00297,1,1,0.0515,0.00492,0.6079,0.71704,0.47021,18.46087,1,0.23399,0.8332,1.26855,0.00353,1,1,participant_9,question_14,Timer-Correct,True,Answer_Area,NOT_RANDOM,0
0.0,0,37,1,0.23742,0.82493,0,0.69063,0.4537,0.14282,8107,3436.8313,1,0.21164,0.81612,-0.00948,0.00448,0.62271,0.45641,0.47316,13.84165,1,0.24224,0.81839,1.26855,0.00288,1,1,0.05285,0.00502,0.61992,0.71825,0.47027,18.12509,1,0.2326,0.83148,1.2767,0.00359,1,1,participant_9,question_14,Timer-Correct,True,Answer_Area,NOT_RANDOM,0
0.0,0,37,1,0.33126,0.80298,0,0.69063,0.4537,0.14941,8107,3436.8313,1,0.21684,0.81555,-0.00948,0.00448,0.62271,0.45788,0.47245,13.02886,1,0.31672,0.78632,1.2767,0.00281,1,1,0.05285,0.00502,0.61992,0.71994,0.47008,17.93742,1,0.34581,0.81963,1.28486,0.00354,1,1,participant_9,question_14,Timer-Correct,True,Answer_Area,NOT_RANDOM,0
0.0,0,37,1,0.33893,0.79645,0,0.69063,0.4537,0.15405,8107,3436.8313,1,0.22193,0.81476,-0.00948,0.00448,0.62271,0.45818,0.47261,12.93395,1,0.31453,0.76474,1.28486,0.00262,1,1,0.05285,0.00502,0.61992,0.7208,0.46986,17.60759,1,0.36332,0.82817,1.29301,0.00336,1,1,participant_9,question_14,Timer-Correct,True,Answer_Area,NOT_RANDOM,0
0.0,0,37,1,0.33809,0.79433,0,0.66875,0.46111,0.16064,8107,3436.8313,1,0.22658,0.81394,-0.00883,0.00454,0.63653,0.46237,0.4725,12.75837,1,0.31343,0.76226,1.29301,0.00274,1,1,0.05468,0.00503,0.6325,0.72362,0.46998,17.29074,1,0.36275,0.82641,1.30116,0.0035,1,1,participant_9,question_14,Timer-Correct,True,Answer_Area,NOT_RANDOM,0
0.0,0,37,1,0.4676,0.79784,0,0.66875,0.46111,0.16064,8107,3436.8313,0,0.26783,0.81094,-0.00883,0.00454,0.63653,0.46381,0.47242,12.10168,1,0.46999,0.79774,1.30116,0.00289,1,1,0.05468,0.00503,0.6325,0.72598,0.47009,16.49641,1,0.4652,0.79795,1.30116,0.0035,1,1,participant_9,question_14,Timer-Correct,True,Answer_Area,NOT_RANDOM,0
0.0,0,37,1,0.496,0.74418,0,0.66875,0.46111,0.16064,8107,3436.8313,0,0.38192,0.77756,-0.00883,0.00454,0.63653,0.46466,0.47186,12.10675,1,0.47781,0.71312,1.30116,0.00272,1,1,0.05468,0.00503,0.6325,0.72619,0.47026,16.97548,1,0.5142,0.77525,1.30116,0.00341,1,1,participant_9,question_14,Timer-Correct,True,Answer_Area,NOT_RANDOM,0
0.0,0,37,1,0.49572,0.7477,0,0.66875,0.46111,0.16064,8107,3436.8313,0,0.41985,0.76761,-0.00762,0.00435,0.60476,0.46825,0.47257,13.71486,1,0.47789,0.71592,1.29304,0.0029,1,1,0.05298,0.00472,0.60506,0.72966,0.47074,17.34834,1,0.51354,0.77948,1.28489,0.00349,1,1,participant_9,question_14,Timer-Correct,True,Answer_Area,NOT_RANDOM,0
0.0,0,37,1,0.62151,0.79533,0,0.66875,0.46111,0.16064,8107,3436.8313,0,0.53774,0.76241,-0.00762,0.00435,0.60476,0.46957,0.47277,14.45018,1,0.64252,0.77025,1.27678,0.00297,1,1,0.05298,0.00472,0.60506,0.73059,0.47091,17.59054,1,0.60051,0.82042,1.26863,0.00345,1,1,participant_9,question_14,Timer-Correct,True,Answer_Area,NOT_RANDOM,0
0.0,0,37,1,0.61128,0.81031,0,0.64375,0.46944,0.16064,8107,3436.8313,0,0.57451,0.78636,-0.00762,0.00435,0.60476,0.46964,0.47265,14.08091,1,0.61684,0.81467,1.26051,0.00297,1,1,0.05298,0.00472,0.60506,0.73099,0.47107,16.98723,1,0.60572,0.80594,1.25236,0.00356,1,1,participant_9,question_14,Timer-Correct,True,Answer_Area,NOT_RANDOM,0
0.0,0,37,1,0.60957,0.8146,0,0.64375,0.46944,0.16064,8107,3436.8313,0,0.5862,0.79577,-0.00736,0.00436,0.60575,0.47021,0.4725,14.40855,1,0.61525,0.81923,1.24425,0.00292,1,1,0.05373,0.00476,0.6104,0.73177,0.47113,17.58409,1,0.60389,0.80998,1.2361,0.00349,1,1,participant_9,question_14,Timer-Correct,True,Answer_Area,NOT_RANDOM,0
0.0,0,37,1,0.60365,0.8301,0,0.64375,0.46944,0.01904,8108,3437.01978,1,0.59056,0.80435,-0.00736,0.00436,0.60575,0.47051,0.47252,14.67185,1,0.6144,0.82787,1.2361,0.00301,1,1,0.05373,0.00476,0.6104,0.73219,0.47116,17.48091,1,0.5929,0.83232,1.2361,0.00352,1,1,participant_9,question_14,Timer-Correct,True,Answer_Area,NOT_RANDOM,0
0.0,0,37,1,0.60313,0.82229,0,0.64375,0.46944,0.02563,8108,3437.01978,1,0.59307,0.80794,-0.00736,0.00436,0.60575,0.47049,0.47259,14.33419,1,0.6206,0.81201,1.2361,0.00297,1,1,0.05373,0.00476,0.6104,0.73222,0.47119,17.53354,1,0.58565,0.83257,1.2361,0.00352,1,1,participant_9,question_14,Timer-Correct,True,Answer_Area,NOT_RANDOM,0
0.0,0,37,1,0.60394,0.82019,0,0.63021,0.475,0.03394,8108,3437.01978,1,0.59489,0.80998,-0.00755,0.00451,0.62577,0.47078,0.47257,14.53722,1,0.62143,0.80967,1.24421,0.003,1,1,0.05293,0.00467,0.59926,0.73259,0.47128,17.5697,1,0.58645,0.83071,1.24421,0.0035,1,1,participant_9,question_14,Timer-Correct,True,Answer_Area,NOT_RANDOM,0
0.0,0,37,1,0.59556,0.84302,0,0.63021,0.475,0.04077,8108,3437.01978,1,0.59498,0.8147,-0.00755,0.00451,0.62577,0.47087,0.47254,14.45713,1,0.59466,0.85491,1.25233,0.003,1,1,0.05293,0.00467,0.59926,0.73276,0.4712,17.64277,1,0.59647,0.83112,1.25233,0.00347,1,1,participant_9,question_14,Timer-Correct,True,Answer_Area,NOT_RANDOM,0
0.0,0,37,1,0.60949,0.83371,0,0.63021,0.475,0.04565,8108,3437.01978,1,0.5968,0.81708,-0.00755,0.00451,0.62577,0.47099,0.47245,14.64212,1,0.60481,0.84392,1.26044,0.00294,1,1,0.05293,0.00467,0.59926,0.73296,0.47106,17.32,1,0.61417,0.82349,1.26044,0.00364,1,1,participant_9,question_14,Timer-Correct,True,Answer_Area,NOT_RANDOM,0
0.0,0,37,1,0.60989,0.83258,0,0.63021,0.475,0.05249,8108,3437.01978,1,0.59825,0.8188,-0.00729,0.00451,0.61947,0.47117,0.4725,14.69074,1,0.60552,0.84184,1.26855,0.0029,1,1,0.0527,0.00464,0.59519,0.73341,0.47117,17.31871,1,0.61426,0.82332,1.26118,0.00347,1,1,participant_9,question_14,Timer-Correct,True,Answer_Area,NOT_RANDOM,0
0.0,0,37,1,0.61748,0.82202,0,0.63021,0.475,0.05908,8108,3437.01978,1,0.60017,0.81912,-0.00729,0.00451,0.61947,0.47135,0.47232,14.814,1,0.62713,0.81814,1.26118,0.00285,1,1,0.0527,0.00464,0.59519,0.73341,0.47125,17.61399,1,0.60783,0.82589,1.25381,0.00352,1,1,participant_9,question_14,Timer-Correct,True,Answer_Area,NOT_RANDOM,0
0.0,0,37,1,0.60588,0.82676,0,0.62344,0.4787,0.06567,8108,3437.01978,1,0.60069,0.81982,-0.00729,0.00451,0.61947,0.47155,0.47233,14.63058,1,0.61456,0.82674,1.25381,0.00284,1,1,0.0527,0.00464,0.59519,0.73359,0.47135,17.42288,1,0.5972,0.82679,1.24643,0.00355,1,1,participant_9,question_14,Timer-Correct,True,Answer_Area,NOT_RANDOM,0
0.0,0,37,1,0.60431,0.83067,0,0.62344,0.4787,0.073,8108,3437.01978,1,0.60099,0.82072,-0.00713,0.00448,0.60974,0.47174,0.47222,14.54596,1,0.61307,0.83095,1.23832,0.00287,1,1,0.05239,0.0046,0.5897,0.73395,0.47122,17.19079,1,0.59555,0.83038,1.23094,0.00345,1,1,participant_9,question_14,Timer-Correct,True,Answer_Area,NOT_RANDOM,0
0.0,0,37,1,0.59401,0.84406,0,0.62344,0.4787,0.07935,8108,3437.01978,1,0.60046,0.82251,-0.00713,0.00448,0.60974,0.47183,0.4722,14.66291,1,0.59642,0.84881,1.22283,0.00292,1,1,0.05239,0.0046,0.5897,0.73419,0.47113,17.26188,1,0.59161,0.83931,1.22283,0.00349,1,1,participant_9,question_14,Timer-Correct,True,Answer_Area,NOT_RANDOM,0
0.0,0,37,1,0.60539,0.82728,0,0.62344,0.4787,0.08765,8108,3437.01978,1,0.60081,0.82285,-0.00713,0.00448,0.60974,0.47193,0.47227,14.56596,1,0.61255,0.80712,1.21472,0.00294,1,1,0.05239,0.0046,0.5897,0.73419,0.47114,17.27345,1,0.59824,0.84744,1.21472,0.00349,1,1,participant_9,question_14,Timer-Correct,True,Answer_Area,NOT_RANDOM,0
0.0,0,37,1,0.60625,0.82556,0,0.62344,0.4787,0.09277,8108,3437.01978,1,0.60117,0.82304,-0.00716,0.00468,0.62388,0.47209,0.47218,14.81532,1,0.61255,0.80712,1.21472,0.00287,1,1,0.05516,0.00483,0.61979,0.73447,0.47128,17.41942,1,0.59995,0.84401,1.23024,0.00355,1,1,participant_9,question_14,Timer-Correct,True,Answer_Area,NOT_RANDOM,0
0.0,0,37,1,0.62007,0.81225,0,0.61302,0.48889,0.09985,8108,3437.01978,1,0.60235,0.82236,-0.00716,0.00468,0.62388,0.47232,0.47194,14.6885,1,0.63368,0.79695,1.23835,0.0029,1,1,0.05516,0.00483,0.61979,0.73468,0.47129,17.28784,1,0.60646,0.82754,1.25388,0.00351,1,1,participant_9,question_14,Timer-Correct,True,Answer_Area,NOT_RANDOM,0
0.0,0,37,1,0.61828,0.80209,0,0.61302,0.48889,0.10718,8108,3437.01978,1,0.60329,0.82117,-0.00716,0.00468,0.62388,0.47232,0.47193,14.49546,1,0.61383,0.79322,1.26199,0.00287,1,1,0.05516,0.00483,0.61979,0.73471,0.47112,17.24327,1,0.62272,0.81097,1.27752,0.00343,1,1,participant_9,question_14,Timer-Correct,True,Answer_Area,NOT_RANDOM,0
0.0,0,37,1,0.61989,0.79761,0,0.61302,0.48889,0.11279,8108,3437.01978,1,0.60421,0.81986,-0.00704,0.00466,0.62183,0.47233,0.47187,14.35747,1,0.61607,0.7862,1.28563,0.00286,1,1,0.05286,0.00463,0.59302,0.73497,0.47114,17.27233,1,0.62372,0.80902,1.28563,0.00348,1,1,participant_9,question_14,Timer-Correct,True,Answer_Area,NOT_RANDOM,0
0.0,0,37,1,0.60472,0.80821,0,0.61302,0.48889,0.11938,8108,3437.01978,1,0.60424,0.81925,-0.00704,0.00466,0.62183,0.47247,0.47197,14.08705,1,0.6022,0.78444,1.28563,0.00289,1,1,0.05286,0.00463,0.59302,0.73501,0.47133,17.5796,1,0.60724,0.83197,1.27011,0.00348,1,1,participant_9,question_14,Timer-Correct,True,Answer_Area,NOT_RANDOM,0
0.0,0,37,1,0.61382,0.81353,0,0.61302,0.48889,0.12622,8108,3437.01978,1,0.60472,0.81896,-0.00704,0.00466,0.62183,0.47268,0.4719,14.53196,1,0.61054,0.79325,1.27011,0.00305,1,1,0.05286,0.00463,0.59302,0.73515,0.47134,17.39505,1,0.61709,0.83381,1.25458,0.00356,1,1,participant_9,question_14,Timer-Correct,True,Answer_Area,NOT_RANDOM,0
0.0,0,37,1,0.61224,0.81792,0,0.6,0.51944,0.13281,8108,3437.01978,1,0.60508,0.81891,-0.00686,0.00457,0.60976,0.47284,0.47164,14.34015,1,0.60838,0.80021,1.24647,0.00287,1,1,0.05569,0.00486,0.62369,0.73528,0.47123,17.38459,1,0.61611,0.83563,1.24647,0.00342,1,1,participant_9,question_14,Timer-Correct,True,Answer_Area,NOT_RANDOM,0
0.0,0,37,1,0.61218,0.83413,0,0.6,0.51944,0.13965,8108,3437.01978,1,0.6054,0.8196,-0.00686,0.00457,0.60976,0.47281,0.47171,14.34324,1,0.61619,0.83904,1.23835,0.00287,1,1,0.05569,0.00486,0.62369,0.73543,0.47116,17.48828,1,0.60817,0.82922,1.25388,0.00346,1,1,participant_9,question_14,Timer-Correct,True,Answer_Area,NOT_RANDOM,0
0.0,0,37,1,0.61169,0.81529,0,0.6,0.51944,0.14648,8108,3437.01978,1,0.60567,0.81942,-0.00686,0.00457,0.60976,0.47286,0.47166,14.33241,1,0.61546,0.79691,1.24576,0.00288,1,1,0.05569,0.00486,0.62369,0.73551,0.47118,17.10853,1,0.60791,0.83366,1.26129,0.00352,1,1,participant_9,question_14,Timer-Correct,True,Answer_Area,NOT_RANDOM,0
0.0,0,37,1,0.61286,0.81215,0,0.6,0.51944,0.15332,8108,3437.01978,1,0.60597,0.81911,-0.00694,0.00466,0.62078,0.47277,0.47159,13.96148,1,0.61697,0.79229,1.26129,0.00291,1,1,0.05441,0.00475,0.60881,0.73554,0.47122,17.12708,1,0.60875,0.83201,1.26866,0.00353,1,1,participant_9,question_14,Timer-Correct,True,Answer_Area,NOT_RANDOM,0
0.0,0,37,1,0.62037,0.82217,0,0.58854,0.57963,0.15967,8108,3437.01978,1,0.60655,0.81923,-0.00694,0.00466,0.62078,0.47277,0.47166,14.02404,1,0.62524,0.82026,1.27678,0.0029,1,1,0.05441,0.00475,0.60881,0.73562,0.47116,17.14768,1,0.6155,0.82407,1.26863,0.00349,1,1,participant_9,question_14,Timer-Correct,True,Answer_Area,NOT_RANDOM,0
0.0,0,37,1,0.62263,0.82063,0,0.58854,0.57963,0.16675,8108,3437.01978,1,0.60717,0.81929,-0.00694,0.00466,0.62078,0.47285,0.47163,14.13569,1,0.62549,0.82519,1.27674,0.00288,1,1,0.05441,0.00475,0.60881,0.73566,0.47113,17.0197,1,0.61977,0.81606,1.26859,0.0035,1,1,participant_9,question_14,Timer-Correct,True,Answer_Area,NOT_RANDOM,0
0.0,0,37,1,0.62218,0.82151,0,0.58854,0.57963,0.17334,8108,3437.01978,1,0.60772,0.81937,-0.00694,0.00466,0.62078,0.47304,0.47186,14.70897,1,0.62549,0.8252,1.2767,0.00287,1,1,0.05277,0.0046,0.59,0.73573,0.47118,17.05582,1,0.61887,0.81782,1.26118,0.00353,1,1,participant_9,question_14,Timer-Correct,True,Answer_Area,NOT_RANDOM,0
0.0,0,37,1,0.61936,0.82469,0,0.58854,0.57963,0.18066,8108,3437.01978,1,0.60814,0.81956,-0.00694,0.00466,0.62078,0.47306,0.47185,14.64702,1,0.62226,0.81263,1.26118,0.00288,1,1,0.05277,0.0046,0.59,0.73578,0.47109,17.21033,1,0.61646,0.83675,1.25381,0.00355,1,1,participant_9,question_14,Timer-Correct,True,Answer_Area,NOT_RANDOM,0
0.0,0,37,1,0.60555,0.83902,0,0.58177,0.65185,0.18677,8108,3437.01978,1,0.60805,0.82023,-0.00694,0.00466,0.62078,0.47307,0.47187,14.59032,1,0.62448,0.82851,1.25381,0.00288,1,1,0.05277,0.0046,0.59,0.7357,0.47117,16.90304,1,0.58662,0.84953,1.24643,0.00355,1,1,participant_9,question_14,Timer-Correct,True,Answer_Area,NOT_RANDOM,0
0.0,0,37,1,0.6048,0.8408,0,0.58177,0.65185,0.19336,8108,3437.01978,1,0.60794,0.82092,-0.00694,0.00466,0.62078,0.47293,0.47167,14.14927,1,0.62371,0.83051,1.24643,0.00288,1,1,0.05277,0.0046,0.59,0.7357,0.47117,16.90304,1,0.58589,0.8511,1.23906,0.00355,1,1,participant_9,question_14,Timer-Correct,True,Answer_Area,NOT_RANDOM,0
0.0,0,37,1,0.61513,0.82321,0,0.58177,0.65185,0.20068,8108,3437.01978,1,0.60817,0.82099,-0.00694,0.00466,0.62078,0.47283,0.47164,14.14283,1,0.61548,0.83114,1.23906,0.0029,1,1,0.05277,0.0046,0.59,0.73571,0.47128,16.75815,1,0.61478,0.81528,1.23906,0.00363,1,1,participant_9,question_14,Timer-Correct,True,Answer_Area,NOT_RANDOM,0
0.0,0,37,1,0.61574,0.82794,0,0.58177,0.65185,0.20654,8108,3437.01978,1,0.60841,0.82121,-0.00694,0.00466,0.62078,0.47281,0.47164,14.0101,1,0.61563,0.8347,1.23906,0.00289,1,1,0.05277,0.0046,0.59,0.73577,0.47118,17.0541,1,0.61584,0.82118,1.23906,0.00362,1,1,participant_9,question_14,Timer-Correct,True,Answer_Area,NOT_RANDOM,0
0.0,0,37,1,0.6153,0.82912,0,0.58177,0.65185,0.21338,8108,3437.01978,1,0.60862,0.82145,-0.00686,0.00457,0.60976,0.47282,0.47175,14.23995,1,0.61484,0.83688,1.23094,0.00287,1,1,0.05441,0.00475,0.60881,0.73567,0.471,16.93031,1,0.61575,0.82136,1.23832,0.00356,1,1,participant_9,question_14,Timer-Correct,True,Answer_Area,NOT_RANDOM,0
0.0,0,37,1,0.60811,0.81442,0,0.58021,0.73611,0.22021,8108,3437.01978,1,0.6086,0.82124,-0.00686,0.00457,0.60976,0.47283,0.47176,14.28102,1,0.6124,0.79823,1.2302,0.00289,1,1,0.05441,0.00475,0.60881,0.73553,0.47115,17.0859,1,0.60383,0.8306,1.23758,0.0035,1,1,participant_9,question_14,Timer-Correct,True,Answer_Area,NOT_RANDOM,0
0.0,0,37,1,0.60538,0.84239,0,0.58021,0.73611,0.22827,8108,3437.01978,1,0.60851,0.82185,-0.00686,0.00457,0.60976,0.47273,0.4717,14.0308,1,0.60315,0.85464,1.22946,0.0029,1,1,0.05441,0.00475,0.60881,0.73553,0.47115,17.0859,1,0.60762,0.83014,1.23684,0.0035,1,1,participant_9,question_14,Timer-Correct,True,Answer_Area,NOT_RANDOM,0
0.0,0,37,1,0.60661,0.83966,0,0.58021,0.73611,0.2334,8108,3437.01978,1,0.60846,0.82234,-0.00704,0.00466,0.62183,0.47247,0.47168,13.69134,1,0.60381,0.85277,1.23684,0.00289,1,1,0.05569,0.00486,0.62369,0.73553,0.47115,17.0859,1,0.60941,0.82655,1.25236,0.00349,1,1,participant_9,question_14,Timer-Correct,True,Answer_Area,NOT_RANDOM,0
0.0,0,37,1,0.60199,0.82084,0,0.58021,0.73611,0.24023,8108,3437.01978,1,0.60828,0.8223,-0.00704,0.00466,0.62183,0.47242,0.47136,13.94925,1,0.60393,0.8133,1.26048,0.00287,1,1,0.05569,0.00486,0.62369,0.73552,0.47115,17.10941,1,0.60005,0.82838,1.26863,0.00349,1,1,participant_9,question_14,Timer-Correct,True,Answer_Area,NOT_RANDOM,0
0.0,0,37,1,0.61145,0.82882,0,0.58698,0.81389,0.24707,8108,3437.01978,1,0.60837,0.82247,-0.00704,0.00466,0.62183,0.47243,0.47158,13.80621,1,0.59518,0.85275,1.27674,0.00295,1,1,0.05569,0.00486,0.62369,0.73551,0.47115,17.15256,1,0.62773,0.80489,1.28489,0.00349,1,1,participant_9,question_14,Timer-Correct,True,Answer_Area,NOT_RANDOM,0
0.0,0,37,1,0.61261,0.82583,0,0.58698,0.81389,0.25342,8108,3437.01978,1,0.60848,0.82256,-0.00716,0.00468,0.62388,0.47217,0.47175,13.90625,1,0.59647,0.84876,1.29301,0.00289,1,1,0.05382,0.00471,0.60325,0.73542,0.47131,17.13091,1,0.62875,0.80291,1.29301,0.00345,1,1,participant_9,question_14,Timer-Correct,True,Answer_Area,NOT_RANDOM,0
0.0,0,37,1,0.61103,0.80298,0,0.58698,0.81389,0.26025,8108,3437.01978,1,0.60854,0.82207,-0.00716,0.00468,0.62388,0.47229,0.47176,13.97653,1,0.60928,0.78293,1.29301,0.00287,1,1,0.05382,0.00471,0.60325,0.73529,0.47118,17.13197,1,0.61279,0.82303,1.28486,0.0034,1,1,participant_9,question_14,Timer-Correct,True,Answer_Area,NOT_RANDOM,0
0.0,0,37,1,0.62103,0.80116,0,0.58698,0.81389,0.26685,8108,3437.01978,1,0.60884,0.82156,-0.00716,0.00468,0.62388,0.47232,0.47178,13.92035,1,0.62959,0.78012,1.28486,0.00287,1,1,0.05382,0.00471,0.60325,0.73525,0.47122,16.94855,1,0.61248,0.82219,1.2767,0.00342,1,1,participant_9,question_14,Timer-Correct,True,Answer_Area,NOT_RANDOM,0
0.0,0,37,1,0.62014,0.80333,0,0.58698,0.81389,0.27344,8108,3437.01978,1,0.60911,0.82112,-0.00716,0.00468,0.62388,0.4722,0.47168,14.15721,1,0.62874,0.78258,1.2767,0.00288,1,1,0.05382,0.00471,0.60325,0.73508,0.47125,17.29956,1,0.61154,0.82407,1.26855,0.00352,1,1,participant_9,question_14,Timer-Correct,True,Answer_Area,NOT_RANDOM,0
0.0,0,37,1,0.60917,0.80873,0,0.58698,0.81389,0.28027,8108,3437.01978,1,0.60911,0.82084,-0.00716,0.00468,0.62388,0.47213,0.47172,14.08227,1,0.62192,0.78436,1.26855,0.00284,1,1,0.05382,0.00471,0.60325,0.73513,0.47119,17.2755,1,0.59643,0.83309,1.26855,0.00339,1,1,participant_9,question_14,Timer-Correct,True,Answer_Area,NOT_RANDOM,0
0.0,0,37,1,0.61031,0.82635,0,0.59271,0.86111,0.28711,8108,3437.01978,1,0.60914,0.82096,-0.00716,0.00468,0.62388,0.47206,0.47179,14.29456,1,0.61697,0.81588,1.26855,0.00283,1,1,0.05382,0.00471,0.60325,0.73506,0.47133,17.2456,1,0.60366,0.83683,1.26855,0.00345,1,1,participant_9,question_14,Timer-Correct,True,Answer_Area,NOT_RANDOM,0
0.0,0,37,1,0.60991,0.82717,0,0.59271,0.86111,0.29346,8108,3437.01978,1,0.60916,0.8211,-0.00729,0.0047,0.62731,0.47196,0.47184,14.0654,1,0.61697,0.81588,1.26855,0.00283,1,1,0.05286,0.00463,0.59302,0.73502,0.4714,17.38158,1,0.60285,0.83845,1.26118,0.00345,1,1,participant_9,question_14,Timer-Correct,True,Answer_Area,NOT_RANDOM,0
0.0,0,37,1,0.60425,0.82109,0,0.59271,0.86111,0.30029,8108,3437.01978,1,0.60905,0.8211,-0.00729,0.0047,0.62731,0.4717,0.47179,13.80992,1,0.62043,0.83208,1.26118,0.00282,1,1,0.05286,0.00463,0.59302,0.73494,0.47118,16.93568,1,0.58807,0.81009,1.25381,0.00349,1,1,participant_9,question_14,Timer-Correct,True,Answer_Area,NOT_RANDOM,0
0.0,0,37,1,0.60214,0.81623,0,0.59271,0.86111,0.30713,8108,3437.01978,1,0.6089,0.821,-0.00729,0.0047,0.62731,0.47166,0.47184,13.81397,1,0.62451,0.80848,1.25381,0.00281,1,1,0.05286,0.00463,0.59302,0.73494,0.47117,16.935,1,0.57978,0.82398,1.24643,0.00349,1,1,participant_9,question_14,Timer-Correct,True,Answer_Area,NOT_RANDOM,0
0.0,0,37,1,0.60062,0.82026,0,0.60208,0.89907,0.31396,8108,3437.01978,1,0.60873,0.82098,-0.00713,0.00457,0.60974,0.47177,0.47174,14.09053,1,0.6229,0.81292,1.23832,0.00275,1,1,0.05286,0.00463,0.59302,0.73483,0.4711,16.698,1,0.57833,0.8276,1.23094,0.00354,1,1,participant_9,question_14,Timer-Correct,True,Answer_Area,NOT_RANDOM,0
0.0,0,37,1,0.60463,0.82588,0,0.60208,0.89907,0.32104,8108,3437.01978,1,0.61013,0.8223,-0.00713,0.00457,0.60974,0.47159,0.47172,13.80759,1,0.60284,0.83537,1.22283,0.00279,1,1,0.05286,0.00463,0.59302,0.7348,0.47107,16.81347,1,0.60642,0.81639,1.22283,0.00352,1,1,participant_9,question_14,Timer-Correct,True,Answer_Area,NOT_RANDOM,0
0.0,0,37,1,0.61308,0.82656,0,0.60208,0.89907,0.32764,8108,3437.01978,1,0.61016,0.82264,-0.00713,0.00457,0.60974,0.47158,0.47173,13.77019,1,0.61963,0.82911,1.21472,0.00279,1,1,0.05286,0.00463,0.59302,0.73475,0.47116,17.08398,1,0.60652,0.82401,1.21472,0.0035,1,1,participant_9,question_14,Timer-Correct,True,Answer_Area,NOT_RANDOM,0
0.0,0,37,1,0.61351,0.82567,0,0.60208,0.89907,0.33447,8108,3437.01978,1,0.61024,0.82287,-0.00735,0.00469,0.62473,0.47154,0.47164,14.12089,1,0.61963,0.82911,1.21472,0.00282,1,1,0.05342,0.00468,0.59978,0.73471,0.47103,17.17236,1,0.60738,0.82223,1.22209,0.00343,1,1,participant_9,question_14,Timer-Correct,True,Answer_Area,NOT_RANDOM,0
0.0,0,37,1,0.60787,0.82778,0,0.60208,0.89907,0.34106,8108,3437.01978,1,0.61033,0.82282,-0.00735,0.00469,0.62473,0.47156,0.47156,14.08299,1,0.61736,0.83944,1.2302,0.00288,1,1,0.05342,0.00468,0.59978,0.73464,0.47107,17.03424,1,0.59839,0.81611,1.23758,0.00341,1,1,participant_9,question_14,Timer-Correct,True,Answer_Area,NOT_RANDOM,0
0.0,0,37,1,0.61074,0.80457,0,0.60833,0.92222,0.34741,8108,3437.01978,1,0.61049,0.82245,-0.00735,0.00469,0.62473,0.47149,0.47154,14.25691,1,0.62255,0.80155,1.24569,0.0028,1,1,0.05342,0.00468,0.59978,0.73461,0.47098,16.96954,1,0.59892,0.80759,1.25307,0.00338,1,1,participant_9,question_14,Timer-Correct,True,Answer_Area,NOT_RANDOM,0
0.0,0,37,1,0.6128,0.79937,0,0.60833,0.92222,0.35425,8108,3437.01978,1,0.61068,0.82202,-0.00735,0.00469,0.62473,0.47135,0.47133,13.81496,1,0.62415,0.79699,1.26118,0.00281,1,1,0.05516,0.00483,0.61979,0.73453,0.47094,17.0624,1,0.60145,0.80176,1.2767,0.00339,1,1,participant_9,question_14,Timer-Correct,True,Answer_Area,NOT_RANDOM,0
0.0,0,37,1,0.61238,0.81419,0,0.60833,0.92222,0.36084,8108,3437.01978,1,0.61103,0.82142,-0.00735,0.00469,0.62473,0.47111,0.47139,13.44253,1,0.61526,0.83826,1.2767,0.00283,1,1,0.05516,0.00483,0.61979,0.73445,0.47094,16.93672,1,0.60951,0.79012,1.28486,0.00341,1,1,participant_9,question_14,Timer-Correct,True,Answer_Area,NOT_RANDOM,0
0.0,0,37,1,0.60892,0.81887,0,0.60833,0.92222,0.36719,8108,3437.01978,1,0.61101,0.82111,-0.00735,0.00469,0.62473,0.47107,0.47132,13.68721,1,0.61255,0.84115,1.28486,0.0028,1,1,0.05516,0.00483,0.61979,0.73437,0.47087,17.09849,1,0.6053,0.7966,1.29301,0.00338,1,1,participant_9,question_14,Timer-Correct,True,Answer_Area,NOT_RANDOM,0
0.0,0,37,1,0.60809,0.82079,0,0.60833,0.92222,0.37378,8108,3437.01978,1,0.61098,0.82087,-0.00733,0.00458,0.61069,0.47099,0.47094,13.70445,1,0.61255,0.84114,1.28489,0.00275,1,1,0.05239,0.0046,0.5897,0.73424,0.47075,16.93321,1,0.60362,0.80044,1.27752,0.00336,1,1,participant_9,question_14,Timer-Correct,True,Answer_Area,NOT_RANDOM,0
0.0,0,37,1,0.61914,0.82554,0,0.60833,0.92222,0.38086,8108,3437.01978,1,0.61101,0.82094,-0.00733,0.00458,0.61069,0.47097,0.47109,14.06673,1,0.62093,0.80934,1.2694,0.00275,1,1,0.05239,0.0046,0.5897,0.73421,0.47074,16.94058,1,0.61736,0.84173,1.25388,0.00334,1,1,participant_9,question_14,Timer-Correct,True,Answer_Area,NOT_RANDOM,0
0.0,0,37,1,0.61355,0.83386,0,0.6099,0.92963,0.38794,8108,3437.01978,1,0.61117,0.82109,-0.00733,0.00458,0.61069,0.4709,0.47117,14.0087,1,0.61933,0.82433,1.24576,0.00278,1,1,0.05239,0.0046,0.5897,0.73421,0.47074,16.94058,1,0.60778,0.84339,1.23024,0.00334,1,1,participant_9,question_14,Timer-Correct,True,Answer_Area,NOT_RANDOM,0
0.0,0,37,1,0.6123,0.8369,0,0.6099,0.92963,0.39404,8108,3437.01978,1,0.61134,0.82122,-0.00751,0.00467,0.62231,0.47092,0.47122,14.16283,1,0.61777,0.82861,1.23024,0.00274,1,1,0.05347,0.00474,0.60236,0.73401,0.47075,16.94605,1,0.60683,0.84519,1.22209,0.00332,1,1,participant_9,question_14,Timer-Correct,True,Answer_Area,NOT_RANDOM,0
0.0,0,37,1,0.60847,0.84817,0,0.6099,0.92963,0.40063,8108,3437.01978,1,0.61164,0.8213,-0.00751,0.00467,0.62231,0.47058,0.47134,13.75837,1,0.62257,0.8529,1.2302,0.00281,1,1,0.05347,0.00474,0.60236,0.73384,0.47075,16.97808,1,0.59436,0.84345,1.23758,0.00334,1,1,participant_9,question_14,Timer-Correct,True,Answer_Area,NOT_RANDOM,0
0.0,0,37,1,0.60451,0.8415,0,0.6099,0.92963,0.40723,8108,3437.01978,1,0.61162,0.8216,-0.00751,0.00467,0.62231,0.47051,0.4714,13.60688,1,0.61448,0.84583,1.24569,0.00285,1,1,0.05347,0.00474,0.60236,0.73377,0.47071,17.00285,1,0.59453,0.83717,1.25307,0.00333,1,1,participant_9,question_14,Timer-Correct,True,Answer_Area,NOT_RANDOM,0
0.0,0,37,1,0.60649,0.83687,0,0.6099,0.92963,0.41406,8108,3437.01978,1,0.61163,0.82183,-0.00764,0.00469,0.62488,0.47026,0.47134,13.25401,1,0.61598,0.84184,1.26118,0.00281,1,1,0.05503,0.00489,0.62041,0.73377,0.47074,17.03583,1,0.59699,0.83191,1.2767,0.00332,1,1,participant_9,question_14,Timer-Correct,True,Answer_Area,NOT_RANDOM,0
0.0,0,37,1,0.6349,0.81719,0,0.6099,0.92963,0.4209,8108,3437.01978,1,0.61193,0.82194,-0.00764,0.00469,0.62488,0.47057,0.47151,13.90139,1,0.6386,0.83232,1.2767,0.00284,1,1,0.05503,0.00489,0.62041,0.73385,0.4708,16.98551,1,0.6312,0.80206,1.28486,0.00332,1,1,participant_9,question_14,Timer-Correct,True,Answer_Area,NOT_RANDOM,0
0.0,0,37,1,0.6335,0.81072,0,0.6099,0.92963,0.42749,8108,3437.01978,1,0.61225,0.82212,-0.00764,0.00469,0.62488,0.47056,0.47172,14.14654,1,0.63225,0.82422,1.28486,0.00289,1,1,0.05503,0.00489,0.62041,0.73383,0.47081,16.98862,1,0.63476,0.79722,1.29301,0.00332,1,1,participant_9,question_14,Timer-Correct,True,Answer_Area,NOT_RANDOM,0
0.0,0,37,1,0.63394,0.80963,0,0.6099,0.92963,0.43433,8108,3437.01978,1,0.61254,0.82237,-0.00764,0.00469,0.62488,0.47067,0.47184,14.40578,1,0.63312,0.82204,1.29301,0.00288,1,1,0.05382,0.00474,0.60732,0.73377,0.47101,17.02315,1,0.63476,0.79722,1.29301,0.00331,1,1,participant_9,question_14,Timer-Correct,True,Answer_Area,NOT_RANDOM,0
0.0,0,37,1,0.63386,0.80365,0,0.6099,0.92963,0.44116,8108,3437.01978,1,0.61315,0.82227,-0.00764,0.00469,0.62488,0.47048,0.47181,14.11076,1,0.64744,0.79996,1.29301,0.00286,1,1,0.05382,0.00474,0.60732,0.73372,0.47106,16.822,1,0.62028,0.80733,1.28486,0.00332,1,1,participant_9,question_14,Timer-Correct,True,Answer_Area,NOT_RANDOM,0
0.0,0,37,1,0.63536,0.81595,0,0.6099,0.92963,0.44751,8108,3437.01978,1,0.6136,0.82232,-0.00764,0.00469,0.62488,0.47047,0.4719,14.32883,1,0.63925,0.81227,1.28486,0.00278,1,1,0.05382,0.00474,0.60732,0.7337,0.47106,16.738,1,0.63147,0.81962,1.2767,0.00333,1,1,participant_9,question_14,Timer-Correct,True,Answer_Area,NOT_RANDOM,0
0.0,0,37,1,0.63437,0.81803,0,0.6099,0.92963,0.45435,8108,3437.01978,1,0.61406,0.82232,-0.00775,0.0047,0.62636,0.47027,0.47195,14.17355,1,0.63833,0.81453,1.2767,0.00286,1,1,0.05396,0.00476,0.60995,0.73355,0.47092,16.85594,1,0.63041,0.82153,1.26855,0.00328,1,1,participant_9,question_14,Timer-Correct,True,Answer_Area,NOT_RANDOM,0
0.0,0,37,1,0.63069,0.82407,0,0.6099,0.92963,0.4624,8108,3437.01978,1,0.61445,0.82212,-0.00775,0.0047,0.62636,0.46992,0.47183,13.7753,1,0.64232,0.83743,1.26855,0.00286,1,1,0.05396,0.00476,0.60995,0.73334,0.471,16.9684,1,0.61907,0.81071,1.26855,0.00325,1,1,participant_9,question_14,Timer-Correct,True,Answer_Area,NOT_RANDOM,0
0.0,0,37,1,0.62206,0.83304,0,0.6099,0.92963,0.46753,8108,3437.01978,1,0.61466,0.82249,-0.00775,0.0047,0.62636,0.46995,0.472,14.28985,1,0.62956,0.84569,1.26855,0.00288,1,1,0.05396,0.00476,0.60995,0.73334,0.47102,16.93612,1,0.61456,0.8204,1.26855,0.00327,1,1,participant_9,question_14,Timer-Correct,True,Answer_Area,NOT_RANDOM,0
0.0,0,37,1,0.62163,0.83407,0,0.6125,0.92593,0.47437,8108,3437.01978,1,0.61485,0.82294,-0.00756,0.00456,0.6075,0.46969,0.47213,14.28517,1,0.6287,0.84775,1.26044,0.00286,1,1,0.0553,0.00488,0.6256,0.73317,0.47113,16.84798,1,0.61456,0.82039,1.26859,0.00325,1,1,participant_9,question_14,Timer-Correct,True,Answer_Area,NOT_RANDOM,0
0.0,0,37,1,0.62953,0.8242,0,0.6125,0.92593,0.48096,8108,3437.01978,1,0.61504,0.82298,-0.00756,0.00456,0.6075,0.46978,0.47213,14.10359,1,0.62188,0.83315,1.26048,0.00282,1,1,0.0553,0.00488,0.6256,0.73314,0.47114,16.78576,1,0.63718,0.81526,1.26863,0.00325,1,1,participant_9,question_14,Timer-Correct,True,Answer_Area,NOT_RANDOM,0
0.0,0,37,1,0.63702,0.83114,0,0.6125,0.92593,0.48755,8108,3437.01978,1,0.61534,0.8232,-0.00756,0.00456,0.6075,0.46971,0.4721,14.00562,1,0.65073,0.8347,1.26051,0.00282,1,1,0.0553,0.00488,0.6256,0.7331,0.47121,16.82751,1,0.6233,0.82757,1.26866,0.00329,1,1,participant_9,question_14,Timer-Correct,True,Answer_Area,NOT_RANDOM,0
0.0,0,37,1,0.63706,0.8309,0,0.6125,0.92593,0.49438,8108,3437.01978,1,0.61565,0.8234,-0.00784,0.00464,0.61846,0.46956,0.47212,14.27496,1,0.65174,0.83254,1.26866,0.00275,1,1,0.05203,0.0046,0.58965,0.73297,0.47118,16.74189,1,0.62239,0.82925,1.26129,0.00332,1,1,participant_9,question_14,Timer-Correct,True,Answer_Area,NOT_RANDOM,0
0.0,0,37,1,0.62413,0.80881,0,0.6125,0.92593,0.50146,8108,3437.01978,1,0.61575,0.82307,-0.00784,0.00464,0.61846,0.46953,0.4722,14.09286,1,0.62333,0.80721,1.2694,0.00282,1,1,0.05203,0.0046,0.58965,0.73293,0.4711,16.76761,1,0.62494,0.81042,1.25388,0.00331,1,1,participant_9,question_14,Timer-Correct,True,Answer_Area,NOT_RANDOM,0
0.0,0,37,1,0.63812,0.82385,0,0.61615,0.91574,0.50806,8108,3437.01978,1,0.61643,0.82275,-0.00784,0.00464,0.61846,0.46947,0.47231,14.293,1,0.64423,0.82089,1.26199,0.00281,1,1,0.05203,0.0046,0.58965,0.73293,0.4711,16.76761,1,0.63201,0.82681,1.24647,0.00331,1,1,participant_9,question_14,Timer-Correct,True,Answer_Area,NOT_RANDOM,0
0.0,0,37,1,0.63768,0.82487,0,0.61615,0.91574,0.51538,8108,3437.01978,1,0.61711,0.82242,-0.00784,0.00464,0.61846,0.46933,0.47231,14.11405,1,0.64335,0.82293,1.25458,0.00283,1,1,0.05306,0.00469,0.60184,0.73277,0.47118,16.7799,1,0.63201,0.82682,1.24643,0.0032,1,1,participant_9,question_14,Timer-Correct,True,Answer_Area,NOT_RANDOM,0
0.0,0,37,1,0.63438,0.82447,0,0.61615,0.91574,0.52124,8108,3437.01978,1,0.61751,0.82245,-0.00784,0.00464,0.61846,0.46916,0.47231,13.8799,1,0.63908,0.82424,1.24643,0.00281,1,1,0.05306,0.00469,0.60184,0.73258,0.47121,16.98245,1,0.62968,0.82469,1.25381,0.00318,1,1,participant_9,question_14,Timer-Correct,True,Answer_Area,NOT_RANDOM,0
0.0,0,37,1,0.62692,0.83076,0,0.62031,0.90278,0.52808,8108,3437.01978,1,0.61774,0.82251,-0.00784,0.00464,0.61846,0.46902,0.4722,13.33775,1,0.63514,0.83224,1.25381,0.00288,1,1,0.05306,0.00469,0.60184,0.73251,0.47111,16.94191,1,0.6187,0.82928,1.26118,0.00324,1,1,participant_9,question_14,Timer-Correct,True,Answer_Area,NOT_RANDOM,0
0.0,0,37,1,0.62778,0.82893,0,0.62031,0.90278,0.53467,8108,3437.01978,1,0.618,0.8225,-0.00793,0.00459,0.61831,0.46896,0.47227,14.54314,1,0.63597,0.83027,1.26118,0.00285,1,1,0.05306,0.00469,0.60184,0.73254,0.47115,16.93739,1,0.6196,0.8276,1.26855,0.00323,1,1,participant_9,question_14,Timer-Correct,True,Answer_Area,NOT_RANDOM,0
0.0,0,37,1,0.6214,0.8336,0,0.62031,0.90278,0.5415,8108,3437.01978,1,0.61828,0.8229,-0.00793,0.00459,0.61831,0.4689,0.4722,14.2627,1,0.62586,0.82303,1.26855,0.00287,1,1,0.05306,0.00469,0.60184,0.73246,0.47118,17.14939,1,0.61694,0.84417,1.26855,0.00323,1,1,participant_9,question_14,Timer-Correct,True,Answer_Area,NOT_RANDOM,0
0.0,0,37,1,0.61716,0.80942,0,0.62031,0.90278,0.5481,8108,3437.01978,1,0.61853,0.82221,-0.00793,0.00459,0.61831,0.46887,0.47219,14.26393,1,0.62312,0.81199,1.26855,0.00285,1,1,0.05306,0.00469,0.60184,0.73239,0.47118,16.93987,1,0.61121,0.80684,1.26855,0.00324,1,1,participant_9,question_14,Timer-Correct,True,Answer_Area,NOT_RANDOM,0
0.0,0,37,1,0.61629,0.81155,0,0.62031,0.90278,0.55542,8108,3437.01978,1,0.61873,0.82163,-0.00788,0.00454,0.61139,0.46896,0.47212,13.68799,1,0.6223,0.81427,1.26044,0.0027,1,1,0.05373,0.00476,0.6104,0.73232,0.47114,16.73446,1,0.61028,0.80883,1.26044,0.00322,1,1,participant_9,question_14,Timer-Correct,True,Answer_Area,NOT_RANDOM,0
0.0,0,37,1,0.63109,0.83525,0,0.62604,0.87963,0.56226,8108,3437.01978,1,0.61933,0.82193,-0.00788,0.00454,0.61139,0.46879,0.4725,13.96426,1,0.64003,0.83916,1.25233,0.00282,1,1,0.05373,0.00476,0.6104,0.73233,0.47118,16.7027,1,0.62216,0.83133,1.25233,0.00324,1,1,participant_9,question_14,Timer-Correct,True,Answer_Area,NOT_RANDOM,0
0.0,0,37,1,0.63726,0.83137,0,0.62604,0.87963,0.56885,8108,3437.01978,1,0.61987,0.82198,-0.00788,0.00454,0.61139,0.46877,0.47248,13.88587,1,0.64575,0.83717,1.24421,0.00283,1,1,0.05373,0.00476,0.6104,0.73233,0.47118,16.7027,1,0.62878,0.82557,1.24421,0.00324,1,1,participant_9,question_14,Timer-Correct,True,Answer_Area,NOT_RANDOM,0
0.0,0,37,1,0.63726,0.83137,0,0.62604,0.87963,0.57544,8108,3437.01978,1,0.62039,0.8221,-0.00807,0.00458,0.62251,0.46876,0.47245,13.92474,1,0.64575,0.83717,1.24421,0.00282,1,1,0.05373,0.00476,0.6104,0.73223,0.47117,16.82452,1,0.62878,0.82557,1.24421,0.00325,1,1,participant_9,question_14,Timer-Correct,True,Answer_Area,NOT_RANDOM,0
0.0,0,37,1,0.62667,0.81857,0,0.62604,0.87963,0.58228,8108,3437.01978,1,0.62071,0.82242,-0.00807,0.00458,0.62251,0.46867,0.47235,13.56188,1,0.6319,0.82658,1.25233,0.00279,1,1,0.05373,0.00476,0.6104,0.73218,0.47108,16.74973,1,0.62144,0.81056,1.25233,0.00322,1,1,participant_9,question_14,Timer-Correct,True,Answer_Area,NOT_RANDOM,0
0.0,0,37,1,0.62269,0.82307,0,0.62604,0.87963,0.58887,8108,3437.01978,1,0.62075,0.82288,-0.00807,0.00458,0.62251,0.46869,0.47239,13.53736,1,0.62713,0.8238,1.26044,0.00279,1,1,0.05373,0.00476,0.6104,0.73221,0.47112,16.86731,1,0.61825,0.82234,1.26044,0.00322,1,1,participant_9,question_14,Timer-Correct,True,Answer_Area,NOT_RANDOM,0
0.0,0,37,1,0.62316,0.82188,0,0.63073,0.85093,0.59521,8108,3437.01978,1,0.62081,0.82326,-0.00807,0.00458,0.62251,0.46874,0.47235,14.15592,1,0.62798,0.82158,1.26855,0.00286,1,1,0.05228,0.00464,0.59451,0.73209,0.47108,16.70013,1,0.61834,0.82217,1.26118,0.00324,1,1,participant_9,question_14,Timer-Correct,True,Answer_Area,NOT_RANDOM,0
0.0,0,37,1,0.6324,0.80903,0,0.63073,0.85093,0.60229,8108,3437.01978,1,0.62129,0.82327,-0.00807,0.00458,0.62251,0.46862,0.47234,14.09562,1,0.64471,0.79874,1.26118,0.00284,1,1,0.05228,0.00464,0.59451,0.73213,0.47108,16.96699,1,0.62008,0.81932,1.25381,0.0032,1,1,participant_9,question_14,Timer-Correct,True,Answer_Area,NOT_RANDOM,0
0.0,0,37,1,0.61852,0.81806,0,0.63073,0.85093,0.60913,8108,3437.01978,1,0.62146,0.8231,-0.00807,0.00458,0.62251,0.46834,0.47229,13.73104,1,0.62422,0.81836,1.25381,0.00278,1,1,0.05228,0.00464,0.59451,0.73205,0.47102,16.6306,1,0.61281,0.81776,1.24643,0.00322,1,1,participant_9,question_14,Timer-Correct,True,Answer_Area,NOT_RANDOM,0
0.0,0,37,1,0.6177,0.81998,0,0.63073,0.85093,0.61572,8108,3437.01978,1,0.62163,0.82295,-0.008,0.00458,0.61698,0.46841,0.4722,13.66405,1,0.62346,0.82042,1.24643,0.0028,1,1,0.05228,0.00464,0.59451,0.73202,0.47104,16.67676,1,0.61194,0.81953,1.23906,0.00321,1,1,participant_9,question_14,Timer-Correct,True,Answer_Area,NOT_RANDOM,0
0.0,0,37,1,0.62727,0.81961,0,0.63073,0.85093,0.62207,8108,3437.01978,1,0.62211,0.82292,-0.008,0.00458,0.61698,0.46823,0.47216,13.32554,1,0.62222,0.81938,1.23906,0.00282,1,1,0.05228,0.00464,0.59451,0.73204,0.47094,16.55134,1,0.63232,0.81985,1.23906,0.00327,1,1,participant_9,question_14,Timer-Correct,True,Answer_Area,NOT_RANDOM,0
0.0,0,37,1,0.62458,0.83764,0,0.63177,0.83333,0.62891,8108,3437.01978,1,0.62257,0.82336,-0.008,0.00458,0.61698,0.46833,0.47219,13.58909,1,0.63832,0.81885,1.23906,0.00278,1,1,0.05228,0.00464,0.59451,0.73204,0.47094,16.55134,1,0.61085,0.85643,1.23906,0.00327,1,1,participant_9,question_14,Timer-Correct,True,Answer_Area,NOT_RANDOM,0
0.0,0,37,1,0.62458,0.83764,0,0.63177,0.83333,0.6355,8108,3437.01978,1,0.62307,0.82373,-0.00807,0.00467,0.62251,0.46848,0.47229,14.01571,1,0.63832,0.81885,1.23906,0.00279,1,1,0.05228,0.00464,0.59451,0.732,0.47094,16.56695,1,0.61085,0.85643,1.23906,0.00323,1,1,participant_9,question_14,Timer-Correct,True,Answer_Area,NOT_RANDOM,0
0.0,0,37,1,0.6176,0.83157,0,0.63177,0.83333,0.64209,8108,3437.01978,1,0.62334,0.82384,-0.00807,0.00467,0.62251,0.46826,0.47215,13.2875,1,0.6242,0.81428,1.23906,0.00282,1,1,0.05228,0.00464,0.59451,0.73201,0.47087,16.62522,1,0.611,0.84886,1.23906,0.00324,1,1,participant_9,question_14,Timer-Correct,True,Answer_Area,NOT_RANDOM,0
0.0,0,37,1,0.63749,0.81908,0,0.63177,0.83333,0.64893,8108,3437.01978,1,0.62385,0.82369,-0.00807,0.00467,0.62251,0.46836,0.47217,13.59011,1,0.65216,0.7977,1.23906,0.00279,1,1,0.05228,0.00464,0.59451,0.732,0.47088,16.71472,1,0.62281,0.84047,1.23906,0.00323,1,1,participant_9,question_14,Timer-Correct,True,Answer_Area,NOT_RANDOM,0
0.0,0,37,1,0.63749,0.81908,0,0.63177,0.83333,0.65576,8108,3437.01978,1,0.62435,0.82355,-0.00807,0.00467,0.62251,0.46836,0.47217,13.59011,1,0.65216,0.7977,1.23906,0.00279,1,1,0.0521,0.00467,0.59242,0.732,0.47084,16.77186,1,0.62281,0.84047,1.23906,0.00323,1,1,participant_9,question_14,Timer-Correct,True,Answer_Area,NOT_RANDOM,0
0.0,0,37,1,0.6277,0.83395,0,0.63177,0.83333,0.66211,8108,3437.01978,1,0.62476,0.82368,-0.00807,0.00467,0.62251,0.46831,0.47196,13.19654,1,0.63755,0.83503,1.23906,0.00286,1,1,0.0521,0.00467,0.59242,0.732,0.47086,16.75273,1,0.61784,0.83287,1.23906,0.00324,1,1,participant_9,question_14,Timer-Correct,True,Answer_Area,NOT_RANDOM,0
0.0,0,37,1,0.62752,0.83415,0,0.63177,0.82963,0.66895,8108,3437.01978,1,0.62511,0.8243,-0.00807,0.00467,0.62251,0.46852,0.47226,13.69948,1,0.64459,0.82595,1.23906,0.00281,1,1,0.0521,0.00467,0.59242,0.73202,0.47085,16.63813,1,0.61044,0.84234,1.23906,0.00324,1,1,participant_9,question_14,Timer-Correct,True,Answer_Area,NOT_RANDOM,0
0.0,0,37,1,0.62752,0.83415,0,0.63177,0.82963,0.67529,8108,3437.01978,1,0.62542,0.82502,-0.008,0.00458,0.61698,0.46851,0.47252,14.02897,1,0.64459,0.82595,1.23906,0.00274,1,1,0.05228,0.00473,0.59451,0.73204,0.47097,16.51486,1,0.61044,0.84234,1.23906,0.00332,1,1,participant_9,question_14,Timer-Correct,True,Answer_Area,NOT_RANDOM,0
0.0,0,37,1,0.62011,0.83171,0,0.63177,0.82963,0.68188,8108,3437.01978,1,0.62558,0.82539,-0.008,0.00458,0.61698,0.46866,0.47232,14.14261,1,0.63283,0.82554,1.23906,0.00286,1,1,0.05228,0.00473,0.59451,0.73207,0.47092,16.43625,1,0.60739,0.83788,1.23906,0.00331,1,1,participant_9,question_14,Timer-Correct,True,Answer_Area,NOT_RANDOM,0
0.0,0,37,1,0.6195,0.83123,1,0.63177,0.82963,0.68896,8108,3437.01978,1,0.6258,0.82564,-0.008,0.00458,0.61698,0.46852,0.47238,14.03253,1,0.62858,0.8165,1.23906,0.00281,1,1,0.05228,0.00473,0.59451,0.73207,0.47093,16.65744,1,0.61042,0.84595,1.23906,0.00331,1,1,participant_9,question_14,Timer-Correct,True,Answer_Area,NOT_RANDOM,0
0.0,0,37,1,0.6195,0.83123,0,0.63177,0.82963,0.69531,8108,3437.01978,1,0.62604,0.82586,-0.008,0.00458,0.61698,0.46866,0.47251,13.97365,1,0.62858,0.8165,1.23906,0.00279,1,1,0.05228,0.00482,0.59451,0.73217,0.47067,16.70286,1,0.61042,0.84595,1.23906,0.00333,1,1,participant_9,question_14,Timer-Correct,True,Answer_Area,NOT_RANDOM,0
0.0,0,37,1,0.62264,0.82887,0,0.63177,0.82963,0.70239,8108,3437.01978,1,0.62611,0.82593,-0.008,0.00458,0.61698,0.46869,0.4725,13.90569,1,0.6313,0.83099,1.23906,0.0028,1,1,0.05228,0.00482,0.59451,0.73212,0.47079,16.35371,1,0.61398,0.82674,1.23906,0.00335,1,1,participant_9,question_14,Timer-Correct,True,Answer_Area,NOT_RANDOM,0
0.0,0,37,1,0.62423,0.84966,0,0.63177,0.82963,0.70898,8108,3437.01978,1,0.62633,0.82626,-0.008,0.00458,0.61698,0.46871,0.47261,13.90631,1,0.62319,0.83951,1.23906,0.00277,1,1,0.05228,0.00482,0.59451,0.73223,0.47059,16.67821,1,0.62526,0.85982,1.23906,0.00328,1,1,participant_9,question_14,Timer-Correct,True,Answer_Area,NOT_RANDOM,0
0.0,0,37,1,0.62423,0.84966,0,0.63177,0.82963,0.71606,8108,3437.01978,1,0.62658,0.82652,-0.00807,0.00458,0.62251,0.46874,0.47248,13.93706,1,0.62319,0.83951,1.23906,0.00282,1,1,0.05228,0.00482,0.59451,0.73221,0.4706,16.57882,1,0.62526,0.85982,1.23906,0.00328,1,1,participant_9,question_14,Timer-Correct,True,Answer_Area,NOT_RANDOM,0
0.0,0,37,1,0.62869,0.84188,0,0.63177,0.82963,0.72217,8108,3437.01978,1,0.627,0.82639,-0.00807,0.00458,0.62251,0.46874,0.47248,13.93706,1,0.63287,0.84011,1.23906,0.00282,1,1,0.05228,0.00482,0.59451,0.73225,0.47062,16.6873,1,0.62452,0.84364,1.23906,0.00326,1,1,participant_9,question_14,Timer-Correct,True,Answer_Area,NOT_RANDOM,0
0.0,0,37,1,0.63268,0.83844,0,0.63177,0.82963,0.729,8108,3437.01978,1,0.62759,0.82633,-0.00807,0.00458,0.62251,0.46879,0.47252,14.01517,1,0.63672,0.82793,1.23906,0.00283,1,1,0.05228,0.00482,0.59451,0.73222,0.47064,16.71917,1,0.62864,0.84895,1.23906,0.00325,1,1,participant_9,question_14,Timer-Correct,True,Answer_Area,NOT_RANDOM,0
0.0,0,37,1,0.63217,0.83964,0,0.63177,0.82963,0.7356,8108,3437.01978,1,0.62813,0.82639,-0.00788,0.00454,0.61139,0.46877,0.47248,13.88587,1,0.63579,0.83016,1.23094,0.00283,1,1,0.05373,0.00494,0.6104,0.7323,0.47066,16.79256,1,0.62854,0.84911,1.23832,0.00331,1,1,participant_9,question_14,Timer-Correct,True,Answer_Area,NOT_RANDOM,0
0.0,0,37,1,0.63665,0.83812,0,0.63177,0.82963,0.74243,8108,3437.01978,1,0.62816,0.82682,-0.00788,0.00454,0.61139,0.4688,0.47243,13.92024,1,0.64295,0.82779,1.2302,0.0028,1,1,0.05373,0.00494,0.6104,0.73234,0.47069,16.90816,1,0.63035,0.84845,1.23758,0.00327,1,1,participant_9,question_14,Timer-Correct,True,Answer_Area,NOT_RANDOM,0
0.0,0,37,1,0.62207,0.85011,0,0.63177,0.82963,0.74927,8108,3437.01978,1,0.62792,0.82764,-0.00788,0.00454,0.61139,0.46883,0.47245,13.80002,1,0.61341,0.84231,1.22946,0.0028,1,1,0.05373,0.00494,0.6104,0.73237,0.47066,16.78461,1,0.63073,0.8579,1.23684,0.00328,1,1,participant_9,question_14,Timer-Correct,True,Answer_Area,NOT_RANDOM,0
0.0,0,37,1,0.62347,0.84751,0,0.63177,0.82963,0.7561,8108,3437.01978,1,0.62771,0.82843,-0.00793,0.00459,0.61831,0.46892,0.47243,13.73892,1,0.61413,0.84037,1.23684,0.00274,1,1,0.05502,0.00506,0.62458,0.73238,0.47064,16.81796,1,0.63282,0.85465,1.25236,0.00328,1,1,participant_9,question_14,Timer-Correct,True,Answer_Area,NOT_RANDOM,0
0.0,0,37,1,0.62886,0.84785,3,0.63177,0.82963,0.76367,8108,3437.01978,1,0.6276,0.82935,-0.00793,0.00459,0.61831,0.46892,0.47234,13.89883,1,0.63304,0.84983,1.26048,0.00286,1,1,0.05502,0.00506,0.62458,0.73249,0.47048,16.88112,1,0.62468,0.84588,1.26863,0.00328,1,1,participant_9,question_14,Timer-Correct,True,Answer_Area,NOT_RANDOM,0
0.0,0,37,1,0.63567,0.84801,0,0.63177,0.82963,0.76978,8108,3437.01978,1,0.62761,0.83002,-0.00793,0.00459,0.61831,0.46901,0.47233,13.62534,1,0.63941,0.85523,1.27674,0.00281,1,1,0.05502,0.00506,0.62458,0.73253,0.47051,16.76054,1,0.63192,0.84079,1.28489,0.00326,1,1,participant_9,question_14,Timer-Correct,True,Answer_Area,NOT_RANDOM,0
0.0,0,37,1,0.63664,0.84594,0,0.63177,0.82963,0.77661,8108,3437.01978,1,0.62766,0.8306,-0.00784,0.00464,0.61846,0.46902,0.47215,13.33088,1,0.64126,0.85124,1.29301,0.00282,1,1,0.05203,0.00478,0.58965,0.73278,0.47042,16.4317,1,0.63202,0.84064,1.28563,0.00329,1,1,participant_9,question_14,Timer-Correct,True,Answer_Area,NOT_RANDOM,0
0.0,0,37,1,0.6394,0.83978,0,0.63177,0.82963,0.7832,8108,3437.01978,1,0.62784,0.83093,-0.00784,0.00464,0.61846,0.4693,0.47219,13.87049,1,0.64878,0.85031,1.28563,0.00282,1,1,0.05203,0.00478,0.58965,0.73291,0.47041,16.80647,1,0.63002,0.82925,1.27011,0.00327,1,1,participant_9,question_14,Timer-Correct,True,Answer_Area,NOT_RANDOM,0
0.0,0,37,1,0.62925,0.83075,0,0.63177,0.82963,0.79004,8108,3437.01978,1,0.62799,0.83088,-0.00784,0.00464,0.61846,0.46933,0.47216,13.84888,1,0.63356,0.83189,1.27011,0.00281,1,1,0.05203,0.00478,0.58965,0.73293,0.47047,16.67725,1,0.62493,0.82961,1.25458,0.00326,1,1,participant_9,question_14,Timer-Correct,True,Answer_Area,NOT_RANDOM,0
0.0,0,37,1,0.62788,0.83374,0,0.63177,0.82963,0.79712,8108,3437.01978,1,0.62812,0.83088,-0.00784,0.00464,0.61846,0.46956,0.47202,13.89498,1,0.63186,0.836,1.25458,0.00274,1,1,0.05293,0.00485,0.59926,0.73304,0.47037,16.95674,1,0.6239,0.83147,1.24643,0.00325,1,1,participant_9,question_14,Timer-Correct,True,Answer_Area,NOT_RANDOM,0
0.0,0,37,1,0.62946,0.84353,0,0.63177,0.82963,0.80347,8108,3437.01978,1,0.62812,0.83128,-0.00784,0.00464,0.61846,0.46973,0.47212,14.10574,1,0.61823,0.84408,1.24643,0.0028,1,1,0.05293,0.00485,0.59926,0.73315,0.47044,16.73393,1,0.64069,0.84299,1.25381,0.00333,1,1,participant_9,question_14,Timer-Correct,True,Answer_Area,NOT_RANDOM,0
0.0,0,37,1,0.62735,0.84149,0,0.63177,0.82963,0.81079,8108,3437.01978,1,0.62791,0.83149,-0.00784,0.00464,0.61846,0.46974,0.47204,14.0249,1,0.62364,0.8348,1.25381,0.00281,1,1,0.05293,0.00485,0.59926,0.73324,0.47056,16.96262,1,0.63106,0.84817,1.26118,0.00332,1,1,participant_9,question_14,Timer-Correct,True,Answer_Area,NOT_RANDOM,0
0.0,0,37,1,0.62678,0.84245,0,0.63177,0.82963,0.81689,8108,3437.01978,1,0.6277,0.83174,-0.00756,0.00456,0.6075,0.46976,0.47201,14.15633,1,0.62356,0.835,1.25307,0.0028,1,1,0.0527,0.00482,0.59519,0.73345,0.47052,17.03655,1,0.62999,0.8499,1.25307,0.00328,1,1,participant_9,question_14,Timer-Correct,True,Answer_Area,NOT_RANDOM,0
0.0,0,37,1,0.63089,0.86798,0,0.63177,0.82963,0.82349,8108,3437.01978,1,0.62784,0.83297,-0.00756,0.00456,0.6075,0.46999,0.47185,14.09898,1,0.63225,0.87309,1.24495,0.0028,1,1,0.0527,0.00482,0.59519,0.73363,0.47049,16.55803,1,0.62953,0.86287,1.23758,0.00326,1,1,participant_9,question_14,Timer-Correct,True,Answer_Area,NOT_RANDOM,0
0.0,0,37,1,0.62995,0.86188,0,0.63177,0.82963,0.83008,8108,3437.01978,1,0.62767,0.83376,-0.00756,0.00456,0.6075,0.47011,0.47191,13.95717,1,0.63226,0.8696,1.22946,0.0028,1,1,0.0527,0.00482,0.59519,0.73373,0.47046,16.74673,1,0.62764,0.85415,1.22209,0.00325,1,1,participant_9,question_14,Timer-Correct,True,Answer_Area,NOT_RANDOM,0
0.0,0,37,1,0.62954,0.86277,0,0.63177,0.82963,0.83691,8108,3437.01978,1,0.6275,0.83455,-0.00775,0.0047,0.62636,0.47024,0.47186,13.97086,1,0.63143,0.87139,1.22209,0.00277,1,1,0.05382,0.00492,0.60732,0.7338,0.47061,16.74592,1,0.62764,0.85415,1.22209,0.00326,1,1,participant_9,question_14,Timer-Correct,True,Answer_Area,NOT_RANDOM,0
0.0,0,37,1,0.62929,0.86148,0,0.63177,0.82963,0.84375,8108,3437.01978,1,0.62739,0.83532,-0.00775,0.0047,0.62636,0.47038,0.47188,14.10941,1,0.63801,0.86092,1.2302,0.00279,1,1,0.05382,0.00492,0.60732,0.7339,0.47073,16.90796,1,0.62057,0.86203,1.23758,0.00326,1,1,participant_9,question_14,Timer-Correct,True,Answer_Area,NOT_RANDOM,0
0.0,0,37,1,0.63006,0.8549,0,0.63177,0.82963,0.85034,8108,3437.01978,1,0.62746,0.83582,-0.00775,0.0047,0.62636,0.47041,0.47194,13.96562,1,0.63658,0.84273,1.24569,0.00279,1,1,0.05382,0.00492,0.60732,0.73392,0.47071,16.95672,1,0.62354,0.86707,1.25307,0.00326,1,1,participant_9,question_14,Timer-Correct,True,Answer_Area,NOT_RANDOM,0
0.0,0,37,1,0.63193,0.85134,0,0.63177,0.82963,0.85669,8108,3437.01978,1,0.62755,0.83629,-0.00766,0.00475,0.627,0.47049,0.47197,13.85034,1,0.63835,0.83868,1.26118,0.00282,1,1,0.05347,0.00479,0.60236,0.73404,0.47076,16.75464,1,0.62551,0.86399,1.26855,0.00327,1,1,participant_9,question_14,Timer-Correct,True,Answer_Area,NOT_RANDOM,0
0.0,0,37,1,0.62974,0.83453,0,0.63177,0.82963,0.86328,8108,3437.01978,1,0.62772,0.83631,-0.00766,0.00475,0.627,0.47044,0.47213,14.20497,1,0.63047,0.82618,1.26855,0.00284,1,1,0.05347,0.00479,0.60236,0.73411,0.47082,16.92923,1,0.62902,0.84289,1.26855,0.00325,1,1,participant_9,question_14,Timer-Correct,True,Answer_Area,NOT_RANDOM,0
0.0,0,37,1,0.63275,0.82407,0,0.63177,0.82963,0.86987,8108,3437.01978,1,0.62804,0.83661,-0.00766,0.00475,0.627,0.47036,0.47201,13.88585,1,0.63965,0.79563,1.26855,0.00286,1,1,0.05347,0.00479,0.60236,0.7342,0.47074,17.06412,1,0.62584,0.8525,1.26855,0.00328,1,1,participant_9,question_14,Timer-Correct,True,Answer_Area,NOT_RANDOM,0
0.0,0,37,1,0.6313,0.82687,0,0.63177,0.82963,0.87646,8108,3437.01978,1,0.62836,0.83693,-0.00741,0.00457,0.60978,0.4704,0.47207,14.04182,1,0.63873,0.79802,1.26044,0.00289,1,1,0.05282,0.00468,0.59458,0.7342,0.47073,17.08862,1,0.62387,0.85572,1.25307,0.00327,1,1,participant_9,question_14,Timer-Correct,True,Answer_Area,NOT_RANDOM,0
0.0,0,37,1,0.62978,0.85164,0,0.63177,0.82963,0.8833,8108,3437.01978,1,0.62833,0.83728,-0.00741,0.00457,0.60978,0.47057,0.47209,14.12124,1,0.62441,0.84603,1.24495,0.00281,1,1,0.05282,0.00468,0.59458,0.73433,0.47091,16.78808,1,0.63516,0.85725,1.23758,0.00327,1,1,participant_9,question_14,Timer-Correct,True,Answer_Area,NOT_RANDOM,0
0.0,0,37,1,0.62967,0.85769,0,0.63177,0.82963,0.88989,8108,3437.01978,1,0.62817,0.83782,-0.00741,0.00457,0.60978,0.47058,0.47213,14.3149,1,0.62535,0.85598,1.22946,0.00279,1,1,0.05282,0.00468,0.59458,0.73433,0.47089,16.81646,1,0.634,0.85941,1.22209,0.00326,1,1,participant_9,question_14,Timer-Correct,True,Answer_Area,NOT_RANDOM,0
0.0,0,37,1,0.62777,0.86128,0,0.63177,0.82963,0.89673,8108,3437.01978,1,0.62797,0.83845,-0.00741,0.00457,0.60978,0.47064,0.47214,14.15596,1,0.6237,0.8599,1.21398,0.00283,1,1,0.05282,0.00468,0.59458,0.73434,0.47093,16.81191,1,0.63185,0.86267,1.2066,0.00327,1,1,participant_9,question_14,Timer-Correct,True,Answer_Area,NOT_RANDOM,0
0.0,0,37,1,0.63603,0.86897,0,0.63177,0.82963,0.90332,8108,3437.01978,1,0.62817,0.8395,-0.00741,0.00457,0.60978,0.47064,0.47214,14.15596,1,0.63251,0.86312,1.2066,0.00283,1,1,0.05282,0.00468,0.59458,0.73431,0.47101,16.53231,1,0.63956,0.87482,1.2066,0.00329,1,1,participant_9,question_14,Timer-Correct,True,Answer_Area,NOT_RANDOM,0
0.0,0,37,1,0.629,0.85001,0,0.63229,0.82963,0.91016,8108,3437.01978,1,0.6283,0.84006,-0.00741,0.00457,0.60978,0.4706,0.47216,14.22279,1,0.62294,0.8822,1.2066,0.0028,1,1,0.05282,0.00468,0.59458,0.7343,0.47097,16.73319,1,0.63506,0.81781,1.2066,0.00326,1,1,participant_9,question_14,Timer-Correct,True,Answer_Area,NOT_RANDOM,0
0.0,0,37,1,0.629,0.85001,0,0.63229,0.82963,0.91675,8108,3437.01978,1,0.62842,0.84064,-0.00741,0.00457,0.60978,0.47062,0.47215,14.29703,1,0.62294,0.8822,1.2066,0.0028,1,1,0.05239,0.0046,0.5897,0.73438,0.47111,16.81663,1,0.63506,0.81781,1.2066,0.00332,1,1,participant_9,question_14,Timer-Correct,True,Answer_Area,NOT_RANDOM,0
0.0,0,37,1,0.62625,0.86274,0,0.63229,0.82963,0.92358,8108,3437.01978,1,0.62829,0.84176,-0.00741,0.00457,0.60978,0.47061,0.47225,14.17687,1,0.62554,0.88434,1.2066,0.00282,1,1,0.05239,0.0046,0.5897,0.7343,0.47115,16.52322,1,0.62696,0.84113,1.2066,0.00328,1,1,participant_9,question_14,Timer-Correct,True,Answer_Area,NOT_RANDOM,0
0.0,0,37,1,0.61986,0.86349,0,0.63229,0.82963,0.93018,8108,3437.01978,1,0.62832,0.84271,-0.00741,0.00457,0.60978,0.47061,0.4722,14.27477,1,0.63034,0.87406,1.2066,0.00281,1,1,0.05239,0.0046,0.5897,0.73442,0.47115,16.71936,1,0.60938,0.85293,1.2066,0.00336,1,1,participant_9,question_14,Timer-Correct,True,Answer_Area,NOT_RANDOM,0
0.0,0,37,1,0.62174,0.85993,0,0.63229,0.82963,0.93701,8108,3437.01978,1,0.62841,0.84354,-0.00751,0.00467,0.62231,0.47134,0.47219,13.82768,1,0.63125,0.87209,1.21472,0.00289,1,1,0.05516,0.00483,0.61979,0.73486,0.47131,16.96883,1,0.61223,0.84778,1.23024,0.0033,1,1,participant_9,question_14,Timer-Correct,True,Answer_Area,NOT_RANDOM,0
0.0,0,37,1,0.71534,0.84065,0,0.65677,0.82778,0.94409,8108,3437.01978,1,0.63024,0.84398,-0.00751,0.00467,0.62231,0.47229,0.47235,13.9884,1,0.72582,0.83461,1.23835,0.00286,1,1,0.05516,0.00483,0.61979,0.73576,0.4715,17.21616,1,0.70485,0.84668,1.25388,0.00327,1,1,participant_9,question_14,Timer-Correct,True,Answer_Area,NOT_RANDOM,0
0.0,0,37,1,0.72733,0.83705,0,0.65677,0.82778,0.95044,8108,3437.01978,1,0.63238,0.84397,-0.00751,0.00467,0.62231,0.47249,0.47255,13.758,1,0.71549,0.82568,1.26199,0.00281,1,1,0.05516,0.00483,0.61979,0.73602,0.47143,17.25267,1,0.73918,0.84843,1.27752,0.00334,1,1,participant_9,question_14,Timer-Correct,True,Answer_Area,NOT_RANDOM,0
0.0,0,37,1,0.73276,0.82997,0,0.65677,0.82778,0.95728,8108,3437.01978,1,0.63464,0.84381,-0.00711,0.00482,0.6494,0.47557,0.47263,13.26699,1,0.72117,0.81674,1.29465,0.00317,1,1,0.0547,0.00476,0.61006,0.73817,0.47151,16.69437,1,0.74435,0.84321,1.30202,0.00345,1,1,participant_9,question_14,Timer-Correct,True,Answer_Area,NOT_RANDOM,0
0.0,0,37,1,0.85523,0.84047,0,0.65677,0.82778,0.95728,8108,3437.01978,0,0.67083,0.85186,-0.00711,0.00482,0.6494,0.47667,0.47245,13.47015,1,0.83671,0.83595,1.31104,0.0029,1,1,0.0547,0.00476,0.61006,0.73934,0.47163,17.23557,1,0.87375,0.84499,1.30289,0.00347,1,1,participant_9,question_14,Timer-Correct,True,Submit,NOT_RANDOM,0
0.0,0,37,1,0.837,0.82066,0,0.73229,0.8287,0.95728,8108,3437.01978,0,0.75392,0.83626,-0.00711,0.00482,0.6494,0.47682,0.47237,12.63573,1,0.8012,0.82674,1.3119,0.00292,1,1,0.0547,0.00476,0.61006,0.73971,0.47153,16.50511,1,0.87279,0.81457,1.30375,0.00344,1,1,participant_9,question_14,Timer-Correct,True,Submit,NOT_RANDOM,0
0.0,0,37,1,0.83605,0.82173,0,0.73229,0.8287,0.95728,8108,3437.01978,0,0.78129,0.83142,-0.00643,0.0047,0.62622,0.47872,0.47266,13.21375,1,0.79931,0.82889,1.30375,0.00319,1,1,0.05607,0.00476,0.62165,0.74126,0.4716,16.86683,1,0.87279,0.81457,1.30375,0.00347,1,1,participant_9,question_14,Timer-Correct,True,Submit,NOT_RANDOM,0
0.0,0,37,1,0.87257,0.80887,0,0.73229,0.8287,0.95728,8108,3437.01978,0,0.84854,0.81709,-0.00643,0.0047,0.62622,0.47857,0.4727,13.32745,1,0.85839,0.7959,1.29474,0.00329,1,1,0.05607,0.00476,0.62165,0.74155,0.4718,16.85518,1,0.88676,0.82184,1.30289,0.00357,1,1,participant_9,question_14,Timer-Correct,True,Submit,NOT_RANDOM,0
0.0,0,37,1,0.8845,0.85956,0,0.73229,0.8287,0.95728,8108,3437.01978,0,0.86652,0.83832,-0.00643,0.0047,0.62622,0.47873,0.47263,13.33784,1,0.86806,0.89776,1.29387,0.00322,1,1,0.05607,0.00476,0.62165,0.74156,0.47177,17.02105,1,0.90093,0.82136,1.30202,0.00357,1,1,participant_9,question_14,Timer-Correct,True,Submit,NOT_RANDOM,0
0.0,0,37,1,0.88567,0.85869,0,0.73229,0.8287,0.95728,8108,3437.01978,0,0.8729,0.84511,-0.00662,0.0048,0.64021,0.47891,0.47261,13.30998,1,0.8704,0.89602,1.30202,0.00339,1,1,0.05515,0.00463,0.61092,0.74167,0.47159,16.70421,1,0.90093,0.82136,1.30202,0.00377,1,1,participant_9,question_14,Timer-Correct,True,Submit,NOT_RANDOM,0
0.0,0,37,1,0.88691,0.82697,0,0.78698,0.83796,0.02002,8109,3438.00342,1,0.8764,0.84058,-0.00662,0.0048,0.64021,0.47868,0.47269,13.20639,1,0.87177,0.82984,1.31104,0.00332,1,1,0.05515,0.00463,0.61092,0.74181,0.47167,16.84369,1,0.90204,0.82411,1.30289,0.00371,1,1,participant_9,question_14,Timer-Correct,True,Submit,NOT_RANDOM,0
0.0,0,37,1,0.8939,0.81844,0,0.78698,0.83796,0.0271,8109,3438.00342,1,0.8799,0.83615,-0.00662,0.0048,0.64021,0.47872,0.47266,13.24218,1,0.8737,0.82128,1.3119,0.00338,1,1,0.05515,0.00463,0.61092,0.74165,0.47169,16.88839,1,0.9141,0.8156,1.30375,0.00375,1,1,participant_9,question_14,Timer-Correct,True,Submit,NOT_RANDOM,0
0.0,0,37,1,0.89553,0.81724,0,0.78698,0.83796,0.03345,8109,3438.00342,1,0.88251,0.833,-0.00662,0.0048,0.64021,0.47864,0.47276,13.30614,1,0.87395,0.82105,1.31277,0.00329,1,1,0.05703,0.00483,0.63127,0.74184,0.47179,16.48427,1,0.91712,0.81343,1.31277,0.00363,1,1,participant_9,question_14,Timer-Correct,True,Submit,NOT_RANDOM,0
0.0,0,37,1,0.89142,0.81122,0,0.78698,0.83796,0.04053,8109,3438.00342,1,0.88378,0.82989,-0.00662,0.0048,0.64021,0.47859,0.47273,13.36449,1,0.86351,0.80239,1.31277,0.00328,1,1,0.05703,0.00483,0.63127,0.74198,0.47182,16.69868,1,0.91934,0.82004,1.32092,0.00368,1,1,participant_9,question_14,Timer-Correct,True,Submit,NOT_RANDOM,0
0.0,0,37,1,0.89412,0.79022,0,0.78698,0.83796,0.04688,8109,3438.00342,1,0.88507,0.82493,-0.00662,0.0048,0.64021,0.47857,0.47269,13.22164,1,0.87361,0.77012,1.32092,0.00328,1,1,0.05703,0.00483,0.63127,0.74185,0.47165,16.6041,1,0.91462,0.81032,1.32907,0.00363,1,1,participant_9,question_14,Timer-Correct,True,Other,NOT_RANDOM,0
0.0,0,37,1,0.89661,0.78798,0,0.81042,0.84259,0.05371,8109,3438.00342,1,0.88635,0.82082,-0.00662,0.0048,0.64021,0.47861,0.47252,13.44777,1,0.87592,0.76761,1.32907,0.00327,1,1,0.05703,0.00483,0.63127,0.74187,0.47164,16.53356,1,0.9173,0.80836,1.33722,0.00364,1,1,participant_9,question_14,Timer-Correct,True,Other,NOT_RANDOM,0
0.0,0,37,1,0.9025,0.84959,0,0.81042,0.84259,0.0603,8109,3438.00342,1,0.88797,0.8237,-0.00662,0.0048,0.64021,0.4786,0.47273,13.10637,1,0.8829,0.87557,1.33722,0.00328,1,1,0.05703,0.00483,0.63127,0.74179,0.47153,16.46557,1,0.92209,0.82361,1.33722,0.00368,1,1,participant_9,question_14,Timer-Correct,True,Submit,NOT_RANDOM,0
0.0,0,37,1,0.89694,0.85423,0,0.81042,0.84259,0.06738,8109,3438.00342,1,0.88878,0.82648,-0.00662,0.0048,0.64021,0.47851,0.4724,13.78491,1,0.87043,0.89925,1.33722,0.00323,1,1,0.05703,0.00483,0.63127,0.74187,0.47166,16.61847,1,0.92345,0.80921,1.33722,0.00368,1,1,participant_9,question_14,Timer-Correct,True,Submit,NOT_RANDOM,0
0.0,0,37,1,0.89867,0.85297,0,0.81042,0.84259,0.07397,8109,3438.00342,1,0.88961,0.82868,-0.00691,0.00497,0.66303,0.47856,0.4724,13.58062,1,0.87325,0.89719,1.34729,0.00321,1,1,0.05515,0.00477,0.61092,0.74187,0.47166,16.61847,1,0.92409,0.80874,1.33914,0.00368,1,1,participant_9,question_14,Timer-Correct,True,Submit,NOT_RANDOM,0
0.0,0,37,1,0.8858,0.84524,0,0.83073,0.84259,0.08081,8109,3438.00342,1,0.88932,0.82996,-0.00691,0.00497,0.66303,0.47848,0.47258,13.29188,1,0.85903,0.88125,1.34922,0.0032,1,1,0.05515,0.00477,0.61092,0.74191,0.47162,16.51452,1,0.91256,0.80922,1.34107,0.00369,1,1,participant_9,question_14,Timer-Correct,True,Submit,NOT_RANDOM,0
0.0,0,37,1,0.91201,0.87313,0,0.83073,0.84259,0.0874,8109,3438.00342,1,0.89094,0.83304,-0.00691,0.00497,0.66303,0.47846,0.47236,13.66417,1,0.90883,0.94434,1.35115,0.00322,1,1,0.05515,0.00477,0.61092,0.74186,0.4717,16.65203,1,0.9152,0.80192,1.343,0.00368,1,1,participant_9,question_14,Timer-Correct,True,Submit,NOT_RANDOM,0
0.0,0,37,1,0.90945,0.87481,0,0.83073,0.84259,0.09424,8109,3438.00342,1,0.89217,0.83582,-0.0052,0.00372,0.49562,0.47836,0.47226,13.02777,1,0.90634,0.94571,1.343,0.0032,1,1,0.05515,0.00477,0.61092,0.74177,0.47171,16.75574,1,0.91255,0.80391,1.33485,0.00361,1,1,participant_9,question_14,Timer-Correct,True,Submit,NOT_RANDOM,0
0.0,0,37,1,0.87823,0.84817,0,0.83073,0.84259,0.10059,8109,3438.00342,1,0.8913,0.8366,-0.0052,0.00372,0.49562,0.47833,0.4724,12.94479,1,0.8485,0.89111,1.32477,0.00319,1,1,0.05515,0.00477,0.61092,0.74184,0.47168,16.73559,1,0.90797,0.80523,1.32477,0.00364,1,1,participant_9,question_14,Timer-Correct,True,Submit,NOT_RANDOM,0
0.0,0,37,1,0.90779,0.8762,0,0.83073,0.84259,0.10742,8109,3438.00342,1,0.89227,0.83893,-0.0052,0.00372,0.49562,0.47834,0.47223,13.25944,1,0.90515,0.93329,1.31469,0.00318,1,1,0.05515,0.00477,0.61092,0.74185,0.47172,16.78309,1,0.91043,0.81911,1.31469,0.00363,1,1,participant_9,question_14,Timer-Correct,True,Submit,NOT_RANDOM,0
0.0,0,37,1,0.9059,0.87734,0,0.8401,0.84167,0.11401,8109,3438.00342,1,0.89303,0.84106,-0.0052,0.00372,0.49562,0.47837,0.47192,12.90227,1,0.90201,0.93512,1.30462,0.00317,1,1,0.05703,0.00488,0.63127,0.74184,0.47165,16.61383,1,0.90979,0.81957,1.31277,0.00365,1,1,participant_9,question_14,Timer-Correct,True,Submit,NOT_RANDOM,0
0.0,0,37,1,0.90141,0.84748,0,0.8401,0.84167,0.12109,8109,3438.00342,1,0.89347,0.8414,-0.0052,0.00372,0.49562,0.47855,0.47175,12.80899,1,0.88848,0.87892,1.31277,0.00309,1,1,0.05703,0.00488,0.63127,0.74183,0.47166,16.46355,1,0.91433,0.81604,1.32092,0.00362,1,1,participant_9,question_14,Timer-Correct,True,Submit,NOT_RANDOM,0
0.0,0,37,1,0.90178,0.82996,0,0.8401,0.84167,0.12744,8109,3438.00342,1,0.89388,0.84083,-0.0052,0.00372,0.49562,0.47855,0.47175,12.80899,1,0.88345,0.8556,1.32092,0.00309,1,1,0.05703,0.00488,0.63127,0.74176,0.47172,16.56118,1,0.92011,0.80431,1.32907,0.00367,1,1,participant_9,question_14,Timer-Correct,True,Submit,NOT_RANDOM,0
0.0,0,37,1,0.90151,0.83017,0,0.8401,0.84167,0.13428,8109,3438.00342,1,0.89425,0.84032,-0.00647,0.00475,0.62108,0.47853,0.47178,13.0765,1,0.8832,0.85581,1.32005,0.00312,1,1,0.05703,0.00492,0.63127,0.74181,0.47166,16.51243,1,0.91983,0.80452,1.3282,0.00368,1,1,participant_9,question_14,Timer-Correct,True,Submit,NOT_RANDOM,0
0.0,0,37,1,0.88215,0.82738,0,0.8401,0.84167,0.14087,8109,3438.00342,1,0.8937,0.83973,-0.00647,0.00475,0.62108,0.47854,0.47179,13.30222,1,0.86923,0.84807,1.31919,0.00316,1,1,0.05703,0.00492,0.63127,0.74176,0.47176,16.61115,1,0.89507,0.80669,1.31919,0.00366,1,1,participant_9,question_14,Timer-Correct,True,Submit,NOT_RANDOM,0
0.0,0,37,1,0.8798,0.85338,0,0.8401,0.84167,0.14771,8109,3438.00342,1,0.89309,0.84032,-0.00647,0.00475,0.62108,0.47854,0.47179,13.30222,1,0.8645,0.89124,1.31017,0.00316,1,1,0.05703,0.00492,0.63127,0.74204,0.47164,16.85863,1,0.8951,0.81552,1.31017,0.00346,1,1,participant_9,question_14,Timer-Correct,True,Submit,NOT_RANDOM,0
0.0,0,37,1,0.8798,0.85338,0,0.84062,0.84074,0.1543,8109,3438.00342,1,0.89254,0.84087,-0.00662,0.0049,0.64021,0.47868,0.47171,13.21323,1,0.8645,0.89124,1.31017,0.00327,1,1,0.05645,0.00487,0.62375,0.7422,0.4717,17.01619,1,0.8951,0.81552,1.31017,0.00342,1,1,participant_9,question_14,Timer-Correct,True,Submit,NOT_RANDOM,0
0.0,0,37,1,0.88392,0.81458,0,0.84062,0.84074,0.16113,8109,3438.00342,1,0.89219,0.83982,-0.00662,0.0049,0.64021,0.47857,0.47172,13.22165,1,0.86649,0.82047,1.31919,0.00329,1,1,0.05645,0.00487,0.62375,0.7422,0.4717,17.01619,1,0.90135,0.80869,1.31919,0.00342,1,1,participant_9,question_14,Timer-Correct,True,Submit,NOT_RANDOM,0
0.0,0,37,1,0.91798,0.82323,0,0.84062,0.84074,0.16748,8109,3438.00342,1,0.89319,0.83918,-0.00662,0.0049,0.64021,0.47879,0.47166,13.2282,1,0.90948,0.84467,1.3282,0.0033,1,1,0.05645,0.00487,0.62375,0.74233,0.47167,16.90851,1,0.92647,0.80178,1.3282,0.00346,1,1,participant_9,question_14,Timer-Correct,True,Submit,NOT_RANDOM,0
0.0,0,37,1,0.91661,0.82424,0,0.84062,0.84074,0.17456,8109,3438.00342,1,0.89405,0.83863,-0.00637,0.00479,0.62018,0.47903,0.47192,13.13927,1,0.90948,0.84467,1.3282,0.00336,1,1,0.05664,0.00478,0.62533,0.74264,0.47171,16.62329,1,0.92373,0.8038,1.32005,0.00363,1,1,participant_9,question_14,Timer-Correct,True,Submit,NOT_RANDOM,0
0.0,0,37,1,0.9432,0.83923,0,0.84115,0.84074,0.18091,8109,3438.00342,1,0.89581,0.83865,-0.00637,0.00479,0.62018,0.47995,0.47188,12.96488,1,0.93291,0.85488,1.31104,0.00342,1,1,0.05664,0.00478,0.62533,0.74283,0.47188,17.02201,1,0.9535,0.82358,1.30289,0.00372,1,1,participant_9,question_14,Timer-Correct,True,Submit,NOT_RANDOM,0
0.0,0,37,1,0.92655,0.84719,0,0.84115,0.84074,0.18774,8109,3438.00342,1,0.89687,0.83894,-0.00637,0.00479,0.62018,0.47973,0.47202,13.11106,1,0.92162,0.82538,1.29387,0.00334,1,1,0.05664,0.00478,0.62533,0.7429,0.47179,16.64388,1,0.93149,0.86899,1.28572,0.00377,1,1,participant_9,question_14,Timer-Correct,True,Submit,NOT_RANDOM,0
0.0,0,37,1,0.92522,0.84829,0,0.84115,0.84074,0.19434,8109,3438.00342,1,0.89781,0.83925,-0.00644,0.005,0.64053,0.48004,0.47191,13.11902,1,0.91896,0.82759,1.28572,0.00343,1,1,0.05638,0.00475,0.62098,0.74312,0.47162,16.26862,1,0.93149,0.86899,1.28572,0.00387,1,1,participant_9,question_14,Timer-Correct,True,Submit,NOT_RANDOM,0
0.0,0,37,1,0.92603,0.84168,0,0.84427,0.83889,0.20142,8109,3438.00342,1,0.89872,0.83933,-0.00644,0.005,0.64053,0.48001,0.47192,13.26211,1,0.91406,0.84429,1.29474,0.00339,1,1,0.05638,0.00475,0.62098,0.7433,0.47176,16.55035,1,0.938,0.83907,1.30289,0.00385,1,1,participant_9,question_14,Timer-Correct,True,Submit,NOT_RANDOM,0
0.0,0,37,1,0.93712,0.82924,0,0.84427,0.83889,0.20776,8109,3438.00342,1,0.89992,0.83902,-0.00644,0.005,0.64053,0.48004,0.47185,13.12508,1,0.92436,0.84349,1.3119,0.0034,1,1,0.05638,0.00475,0.62098,0.74311,0.47164,16.25113,1,0.94987,0.815,1.32005,0.00385,1,1,participant_9,question_14,Timer-Correct,True,Submit,NOT_RANDOM,0
0.0,0,37,1,0.94295,0.82501,0,0.84427,0.83889,0.2146,8109,3438.00342,1,0.90123,0.83859,-0.00645,0.00496,0.64188,0.47994,0.47198,13.30972,1,0.92993,0.83913,1.32907,0.00345,1,1,0.05638,0.00475,0.62098,0.74329,0.47189,16.63148,1,0.95598,0.81088,1.33722,0.00392,1,1,participant_9,question_14,Timer-Correct,True,Submit,NOT_RANDOM,0
0.0,0,37,1,0.94828,0.84417,0,0.84427,0.83889,0.22144,8109,3438.00342,1,0.90261,0.83876,-0.00645,0.00496,0.64188,0.47979,0.47208,13.26033,1,0.94226,0.87076,1.33722,0.00332,1,1,0.05638,0.00475,0.62098,0.74348,0.47182,16.7347,1,0.95429,0.81758,1.33722,0.00363,1,1,participant_9,question_14,Timer-Correct,True,Submit,NOT_RANDOM,0
0.0,0,37,1,0.93084,0.81571,0,0.84427,0.83889,0.22778,8109,3438.00342,1,0.90342,0.8381,-0.00645,0.00496,0.64188,0.4798,0.47206,13.3558,1,0.91186,0.80694,1.33722,0.00334,1,1,0.05638,0.00475,0.62098,0.74328,0.47203,16.32813,1,0.94982,0.82448,1.33722,0.00388,1,1,participant_9,question_14,Timer-Correct,True,Submit,NOT_RANDOM,0
0.0,0,37,1,0.93084,0.81571,0,0.84896,0.83704,0.23462,8109,3438.00342,1,0.90418,0.83747,-0.00645,0.00496,0.64188,0.47976,0.472,13.17609,1,0.91186,0.80694,1.33722,0.00332,1,1,0.05638,0.00475,0.62098,0.74325,0.47204,16.06669,1,0.94982,0.82448,1.33722,0.00386,1,1,participant_9,question_14,Timer-Correct,True,Submit,NOT_RANDOM,0
0.0,0,37,1,0.93831,0.84124,0,0.84896,0.83704,0.23462,8109,3438.00342,0,0.93199,0.83291,-0.00645,0.00496,0.64188,0.47983,0.47204,13.19274,1,0.9048,0.83441,1.33722,0.00329,1,1,0.05638,0.00475,0.62098,0.74315,0.47213,16.15312,1,0.97182,0.84808,1.33722,0.00392,1,1,participant_9,question_14,Timer-Correct,True,Submit,NOT_RANDOM,0
0.0,0,37,1,0.94048,0.83719,0,0.84896,0.83704,0.23462,8109,3438.00342,0,0.93624,0.83505,-0.00645,0.00496,0.64188,0.47985,0.47208,13.26987,1,0.90157,0.84243,1.33722,0.00328,1,1,0.05638,0.00475,0.62098,0.74333,0.47215,16.23901,1,0.97939,0.83194,1.33722,0.00392,1,1,participant_9,question_14,Timer-Correct,True,Submit,NOT_RANDOM,0
0.0,0,37,1,0.94048,0.83719,0,0.84896,0.83704,0.23462,8109,3438.00342,0,0.93765,0.83576,-0.00649,0.00492,0.63664,0.4798,0.47205,13.2181,1,0.90157,0.84243,1.33722,0.00328,1,1,0.05638,0.00475,0.62098,0.74312,0.47229,16.31096,1,0.97939,0.83194,1.33722,0.00378,1,1,participant_9,question_14,Timer-Correct,True,Submit,NOT_RANDOM,0
0.0,0,37,1,0.95065,0.83235,0,0.84896,0.83704,0.02026,8110,3438.24487,1,0.9409,0.83491,-0.00649,0.00492,0.63664,0.47951,0.47211,12.9675,1,0.93415,0.83809,1.33722,0.00344,1,1,0.05638,0.00475,0.62098,0.74304,0.47224,16.13077,1,0.96714,0.8266,1.33722,0.0038,1,1,participant_9,question_14,Timer-Correct,True,Submit,NOT_RANDOM,0
0.0,0,37,1,0.93784,0.8413,0,0.85833,0.83704,0.02686,8110,3438.24487,1,0.94029,0.83619,-0.00649,0.00492,0.63664,0.47967,0.47214,13.00869,1,0.91635,0.82951,1.33722,0.00356,1,1,0.05638,0.00475,0.62098,0.74285,0.47209,16.00754,1,0.95933,0.8531,1.33722,0.00376,1,1,participant_9,question_14,Timer-Correct,True,Submit,NOT_RANDOM,0
0.0,0,37,1,0.93334,0.84424,0,0.85833,0.83704,0.03369,8110,3438.24487,1,0.93913,0.83753,-0.00637,0.00479,0.62018,0.47949,0.47203,13.4029,1,0.91354,0.83185,1.3282,0.00349,1,1,0.05664,0.00474,0.62533,0.74277,0.47207,16.19146,1,0.95314,0.85663,1.32005,0.00378,1,1,participant_9,question_14,Timer-Correct,True,Submit,NOT_RANDOM,0
0.0,0,37,1,0.93061,0.83654,0,0.85833,0.83704,0.04028,8110,3438.24487,1,0.93791,0.83739,-0.00637,0.00479,0.62018,0.4795,0.47209,13.57294,1,0.92681,0.8582,1.31104,0.00345,1,1,0.05664,0.00474,0.62533,0.74272,0.47226,16.4949,1,0.93442,0.81487,1.30289,0.00382,1,1,participant_9,question_14,Timer-Correct,True,Submit,NOT_RANDOM,0
0.0,0,37,1,0.92762,0.83468,0,0.85833,0.83704,0.04688,8110,3438.24487,1,0.93663,0.83705,-0.00637,0.00479,0.62018,0.4792,0.47188,13.44917,1,0.92686,0.85485,1.29387,0.00343,1,1,0.05664,0.00474,0.62533,0.74264,0.47212,16.33746,1,0.92838,0.8145,1.28572,0.0038,1,1,participant_9,question_14,Timer-Correct,True,Submit,NOT_RANDOM,0
0.0,0,37,1,0.9232,0.83791,0,0.85833,0.83704,0.05371,8110,3438.24487,1,0.93513,0.83714,-0.00637,0.00479,0.62018,0.4792,0.47193,13.54836,1,0.92117,0.85911,1.2767,0.00333,1,1,0.05645,0.00472,0.62375,0.74264,0.47234,16.554,1,0.92522,0.81672,1.2767,0.00373,1,1,participant_9,question_14,Timer-Correct,True,Submit,NOT_RANDOM,0
0.0,0,37,1,0.927,0.84173,0,0.8651,0.83704,0.0603,8110,3438.24487,1,0.93432,0.8376,-0.00637,0.00479,0.62018,0.47924,0.47178,13.13613,1,0.90286,0.87353,1.2767,0.00339,1,1,0.05645,0.00472,0.62375,0.74282,0.47217,16.22979,1,0.95114,0.80993,1.28486,0.0037,1,1,participant_9,question_14,Timer-Correct,True,Submit,NOT_RANDOM,0
0.0,0,37,1,0.93467,0.83342,0,0.8651,0.83704,0.06714,8110,3438.24487,1,0.93435,0.83722,-0.00637,0.00479,0.62018,0.47916,0.47182,13.10581,1,0.91994,0.85441,1.28486,0.00344,1,1,0.05645,0.00472,0.62375,0.74276,0.4722,16.2753,1,0.94941,0.81244,1.29301,0.00365,1,1,participant_9,question_14,Timer-Correct,True,Submit,NOT_RANDOM,0
0.0,0,37,1,0.9406,0.82916,0,0.8651,0.83704,0.07349,8110,3438.24487,1,0.93487,0.83655,-0.00669,0.00499,0.64621,0.47916,0.47182,13.10581,1,0.92556,0.85011,1.30202,0.00344,1,1,0.05645,0.00468,0.62375,0.7428,0.47217,16.25257,1,0.95563,0.80821,1.31017,0.00371,1,1,participant_9,question_14,Timer-Correct,True,Submit,NOT_RANDOM,0
0.0,0,37,1,0.93557,0.85106,0,0.8651,0.83704,0.08032,8110,3438.24487,1,0.93493,0.83767,-0.00669,0.00499,0.64621,0.47916,0.47182,13.10581,1,0.92107,0.84768,1.31919,0.00344,1,1,0.05645,0.00468,0.62375,0.74277,0.47236,16.42131,1,0.95008,0.85443,1.31919,0.0037,1,1,participant_9,question_14,Timer-Correct,True,Submit,NOT_RANDOM,0
0.0,0,37,1,0.94234,0.85246,0,0.8651,0.83704,0.08716,8110,3438.24487,1,0.93546,0.83872,-0.00669,0.00499,0.64621,0.47916,0.47182,13.10581,1,0.92149,0.85114,1.3282,0.00344,1,1,0.05645,0.00468,0.62375,0.74271,0.47237,16.32743,1,0.96319,0.85378,1.3282,0.00375,1,1,participant_9,question_14,Timer-Correct,True,Submit,NOT_RANDOM,0
0.0,0,37,1,0.94542,0.85042,0,0.8651,0.83704,0.09375,8110,3438.24487,1,0.93612,0.8395,-0.00669,0.00499,0.64621,0.47903,0.47195,13.30901,1,0.92436,0.84894,1.33722,0.00331,1,1,0.05645,0.00472,0.62375,0.74262,0.47224,16.49446,1,0.96649,0.85191,1.33722,0.00382,1,1,participant_9,question_14,Timer-Correct,True,Submit,NOT_RANDOM,0
0.0,0,37,1,0.93486,0.83862,0,0.86615,0.83704,0.10034,8110,3438.24487,1,0.93604,0.83945,-0.00669,0.00499,0.64621,0.47903,0.47195,13.30901,1,0.91923,0.85118,1.33722,0.00331,1,1,0.05645,0.00472,0.62375,0.74263,0.47218,16.26719,1,0.95049,0.82606,1.33722,0.00395,1,1,participant_9,question_14,Timer-Correct,True,Submit,NOT_RANDOM,0
0.0,0,37,1,0.9178,0.76451,0,0.86615,0.83704,0.10742,8110,3438.24487,1,0.93497,0.83504,-0.00669,0.00499,0.64621,0.4787,0.47179,13.46018,1,0.9004,0.76518,1.33722,0.00351,1,1,0.05645,0.00472,0.62375,0.74196,0.47179,16.60484,1,0.9352,0.76385,1.33722,0.00385,1,1,participant_9,question_14,Timer-Correct,True,Other,NOT_RANDOM,0
0.0,0,37,1,0.91642,0.76564,1,0.86615,0.83704,0.11401,8110,3438.24487,1,0.93394,0.83118,-0.00679,0.00512,0.63763,0.47749,0.46999,13.48497,1,0.9004,0.76518,1.33722,0.00331,1,1,0.05422,0.00488,0.60269,0.74112,0.46974,16.44258,1,0.93244,0.76611,1.32907,0.0036,1,1,participant_9,question_14,Timer-Correct,True,Other,NOT_RANDOM,0
0.0,0,37,1,0.80694,0.56412,0,0.86615,0.83704,0.12061,8110,3438.24487,1,0.92725,0.81713,-0.00679,0.00512,0.63763,0.47664,0.46868,12.54532,1,0.80445,0.56039,1.32907,0.00336,1,1,0.05422,0.00488,0.60269,0.73965,0.4683,16.09015,1,0.80942,0.56785,1.32092,0.00375,1,1,participant_9,question_14,Timer-Correct,True,Other,NOT_RANDOM,0
0.0,0,37,1,0.7697,0.55511,0,0.86615,0.83704,0.1272,8110,3438.24487,1,0.91938,0.80403,-0.00679,0.00512,0.63763,0.47641,0.46835,12.9467,1,0.78758,0.51634,1.32092,0.00336,1,1,0.05422,0.00488,0.60269,0.73937,0.46833,16.13372,1,0.75181,0.59388,1.31277,0.00367,1,1,participant_9,question_14,Timer-Correct,True,Other,NOT_RANDOM,0
0.0,0,37,1,0.76881,0.55716,0,0.86615,0.83704,0.1272,8110,3438.24487,0,0.89501,0.75862,-0.00722,0.00559,0.64203,0.47441,0.46477,13.21513,1,0.78582,0.52045,1.31277,0.00345,1,1,0.05561,0.00558,0.62489,0.73637,0.46428,16.02089,1,0.75181,0.59388,1.31277,0.00363,1,1,participant_9,question_14,Timer-Correct,True,Other,NOT_RANDOM,0
0.0,0,37,1,0.67816,0.38299,0,0.86615,0.83704,0.1272,8110,3438.24487,0,0.78659,0.5708,-0.00722,0.00559,0.64203,0.47346,0.46389,12.73811,1,0.70086,0.47,1.31277,0.00354,1,1,0.05561,0.00558,0.62489,0.7347,0.46276,16.48888,1,0.65546,0.29597,1.32092,0.00371,1,1,participant_9,question_14,Timer-Correct,True,Question,NOT_RANDOM,0
0.0,0,37,1,0.62796,0.31475,0,0.86615,0.83704,0.1272,8110,3438.24487,0,0.73371,0.48545,-0.00722,0.00559,0.64203,0.4725,0.4638,12.34734,1,0.66167,0.36338,1.32092,0.00334,1,1,0.05561,0.00558,0.62489,0.73472,0.46237,16.21119,1,0.59424,0.26611,1.32907,0.00366,1,1,participant_9,question_14,Timer-Correct,True,Question,NOT_RANDOM,0
0.0,0,37,1,0.62752,0.31795,0,0.86615,0.83704,0.1272,8110,3438.24487,0,0.64455,0.33856,-0.00755,0.00582,0.62552,0.4707,0.46105,12.95874,1,0.66156,0.36391,1.32005,0.00349,1,1,0.05307,0.0058,0.60395,0.73173,0.45967,15.36715,1,0.59348,0.27199,1.32005,0.00392,1,1,participant_9,question_14,Timer-Correct,True,Question,NOT_RANDOM,0
0.0,0,37,1,0.52253,0.13637,0,0.86615,0.83704,0.1272,8110,3438.24487,0,0.58354,0.23747,-0.00755,0.00582,0.62552,0.4699,0.46034,13.11557,1,0.52644,0.15108,1.31104,0.00345,1,1,0.05307,0.0058,0.60395,0.73054,0.45893,16.44592,1,0.51863,0.12166,1.30289,0.0039,1,1,participant_9,question_14,Timer-Correct,True,Question,NOT_RANDOM,0
0.0,0,37,1,0.48872,0.10437,0,0.86615,0.83704,0.1272,8110,3438.24487,0,0.55193,0.1931,-0.00755,0.00582,0.62552,0.46951,0.45996,12.74643,1,0.51294,0.11111,1.29387,0.00339,1,1,0.05307,0.0058,0.60395,0.72986,0.45818,17.00093,1,0.46449,0.09763,1.28572,0.00395,1,1,participant_9,question_14,Timer-Correct,True,Question,NOT_RANDOM,0
0.0,0,37,1,0.48861,0.11819,0,0.86615,0.83704,0.1272,8110,3438.24487,0,0.49995,0.11965,-0.00784,0.00603,0.61846,0.4676,0.45641,13.22748,1,0.51269,0.12512,1.2767,0.00273,1,1,0.05318,0.00617,0.60938,0.72801,0.45694,17.06223,1,0.46453,0.11127,1.26855,0.00404,1,1,participant_9,question_14,Timer-Correct,True,Question,NOT_RANDOM,0
0.0,0,37,1,0.46736,0.05678,0,0.86615,0.83704,0.1272,8110,3438.24487,0,0.48366,0.08821,-0.00784,0.00603,0.61846,0.46736,0.45606,13.18388,1,0.49926,0.0491,1.26855,0.00275,1,1,0.05318,0.00617,0.60938,0.72742,0.4561,16.53651,1,0.43547,0.06447,1.26855,0.00402,1,1,participant_9,question_14,Timer-Correct,True,Question,NOT_RANDOM,0
0.0,0,37,1,0.46277,0.07508,0,0.86615,0.83704,0.1272,8110,3438.24487,0,0.47669,0.08384,-0.00784,0.00603,0.61846,0.4673,0.45608,13.3297,1,0.48493,0.06284,1.26855,0.00275,1,1,0.05318,0.00617,0.60938,0.72755,0.45613,16.33913,1,0.44061,0.08732,1.26855,0.00411,1,1,participant_9,question_14,Timer-Correct,True,Question,NOT_RANDOM,0
0.0,0,37,1,0.46266,0.06751,0,0.86615,0.83704,0.02026,8111,3438.41919,1,0.47319,0.07976,-0.00824,0.0064,0.64626,0.46699,0.45598,13.53115,1,0.48488,0.05501,1.27757,0.00274,1,1,0.05318,0.00617,0.60938,0.72755,0.45616,16.37429,1,0.44044,0.08001,1.27757,0.00407,1,1,participant_9,question_14,Timer-Correct,True,Question,NOT_RANDOM,0
0.0,0,37,1,0.46295,0.04265,0,0.86615,0.83704,0.02661,8111,3438.41919,1,0.47114,0.07233,-0.00824,0.0064,0.64626,0.46688,0.45596,13.60832,1,0.48293,0.0233,1.28659,0.00278,1,1,0.05318,0.00617,0.60938,0.72777,0.45642,17.19294,1,0.44296,0.062,1.28659,0.00406,1,1,participant_9,question_14,Timer-Correct,True,Question,NOT_RANDOM,0
0.0,0,37,1,0.4612,0.04959,3,0.86615,0.83704,0.03369,8111,3438.41919,1,0.46948,0.06854,-0.00824,0.0064,0.64626,0.46689,0.45593,13.56663,1,0.48633,0.0183,1.2956,0.00278,1,1,0.05318,0.00617,0.60938,0.72804,0.45667,17.1516,1,0.43608,0.08089,1.2956,0.00409,1,1,participant_9,question_14,Timer-Correct,True,Question,NOT_RANDOM,0
