trial_file,fixation_count,mean_fixation_duration,fixation_dispersion,saccade_count,mean_saccade_velocity,mean_saccade_amplitude,aoi_switch_count,aoi_unique_visited,aoi_revisit_rate,aoi_entropy,pupil_mean,pupil_std,pupil_change_rate,pupil_peak_to_peak,scan_path_length,scan_path_straightness,spatial_spread,trial_duration,sampling_count
participant_10_question_1.csv,32,0.180598125,0.0419247949360824,123,,0.0827934536107495,347,3,0.999236835410837,0.4598588550361303,0.0047786499308163,0.0003682957547977,0.0104387165974763,0.0034899999999999,124.29203702130144,0.0038682196515924,0.425440510822758,-0.8314999999999999,5059
participant_10_question_10.csv,97,0.1999440206185567,0.0452737126390971,290,,0.042749721276411,306,4,0.9994139194139194,0.631326962105393,0.0043947827166625,0.0003778824440405,0.0131649760772065,0.0040649999999999,200.07740334178112,0.0031464761078636,0.55613901473687,-0.1133399999999999,8054
participant_10_question_11.csv,40,0.3047912499999999,0.0414577284741046,123,,0.0372431553813186,627,4,0.9992050874403816,0.7705836411439286,0.0046590957160781,0.0003675179102996,0.00931770349603,0.0032199999999999,112.39203289897262,0.0048971702040965,0.3196485992300641,0.28656,5579
participant_10_question_12.csv,51,0.1961717647058823,0.0445039958848776,172,,0.0293924355554408,589,4,0.9991421831438988,0.7748365961813444,0.0042617184,0.0002164511748673,0.0090695425999344,0.00163,131.086936618957,0.0043538177108983,0.342697765989685,-0.20636,6250
participant_10_question_13.csv,27,0.1775292592592592,0.0465884787843485,74,,0.0436196270914206,355,4,0.9983505154639176,0.781747823663114,0.0044318631252423,0.0002951642524068,0.0109071356569168,0.0024149999999999,58.47137698841068,0.0077276367278078,0.2694969248560525,-0.0468799999999999,2579
participant_10_question_14.csv,46,0.214970652173913,0.041514500591237,138,,0.036229415254102,461,4,0.99893219434063,0.7994328741545471,0.0045855278658812,0.0003348539842574,0.0111104711420164,0.002575,102.73610337197168,0.0045939521746956,0.361987834385501,0.01978,4414
participant_10_question_15.csv,68,0.1632791176470588,0.0455499414859232,240,,0.0319840184527485,545,4,0.9991796554552912,0.7419686449983401,0.0044245006602839,0.0003103237732676,0.0134384915160656,0.002785,156.73276473404664,0.0029035426852934,0.3542611934381892,0.11426,6058
participant_10_question_2.csv,27,0.2870314814814815,0.0387240255415138,95,,0.0447248443433502,100,3,0.997968855788761,0.5127321586188978,0.0045405991796073,0.0001660772659657,0.0082961319177308,0.0010799999999999,64.84345022044566,0.0128257266046975,0.382697549856131,0.02032,3413
participant_10_question_3.csv,185,0.1889414594594594,0.0464551163678394,564,,0.1328112713335549,1346,3,0.9998234463276836,0.6892876914483639,0.0043200715082665,0.0003807139714593,0.0104171062621408,0.00409,538.1392734427419,0.0016030885268072,0.4893850688005169,0.0879799999999999,19718
participant_10_question_4.csv,149,0.181053288590604,0.0462380514082322,429,,0.0343117611762248,749,3,0.9997800263968324,0.5445116128792516,0.0045663136693521,0.0004575542677506,0.0107044274267394,0.0036049999999999,335.1734968797685,0.000966497965455,0.3385842182551593,-0.1722199999999999,15019
participant_10_question_5.csv,23,0.2874,0.0443858172914816,88,,0.03737901101017,374,3,0.9990648379052368,0.5400743357591538,0.0044959279538904,0.000281771087619,0.0100525062257569,0.00228,75.04150213210573,0.0080819617661915,0.2737216331588852,0.08075,3470
participant_10_question_6.csv,62,0.2042693548387096,0.0461604040333164,207,,0.0346969730396287,404,4,0.99930094372597,0.7570468198766626,0.0047399062372604,0.0003827713496888,0.0099416840127454,0.0035849999999999,160.2831839078482,0.0047794112519599,0.4203246046660235,0.00031,7359
participant_10_question_7.csv,101,0.2500635643564357,0.0461191641126511,300,,0.0271543696731675,701,4,0.9993705743509048,0.7389615043304107,0.0043556416256157,0.0002835160659698,0.0092709215810295,0.00234,257.6399925248815,0.0011884163476289,0.3808941761877242,0.15363,12180
participant_10_question_8.csv,72,0.2340409722222222,0.0472464001156608,228,,0.0269410396490593,782,4,0.9993473649861316,0.7549418199849648,0.0045108649653757,0.0002795871793744,0.0093502791098337,0.002265,164.04952281815662,0.0031740863096663,0.334707579951128,0.0008499999999999,7798
participant_10_question_9.csv,35,0.203528,0.0486989230149561,119,,0.0382127169433126,340,3,0.9990974729241876,0.6916291868299598,0.0042632171635777,0.0002533738188576,0.0087102579936256,0.002215,100.93114610870548,0.0058226782066065,0.3811529520199331,-0.0072599999999999,4964
participant_11_question_1.csv,36,0.1952516666666667,0.046340335429642,97,,0.0479754116309758,65,3,0.9990712074303404,0.3688222207340957,0.0039200039904229,0.0002528811499794,0.0120001720051396,0.00171,87.63777602666248,0.0023694625066944,0.4675669119037556,-0.5893600000000001,3759
participant_11_question_11.csv,69,0.2482343478260869,0.0405469431391147,194,,0.0338099951327365,49,4,0.9992401215805472,0.2298396482328485,0.0035864927869537,0.0001948245625739,0.0092585629897304,0.00147,167.9829134250544,0.0047388114051709,0.4559777104497046,-0.32105,9566
participant_11_question_12.csv,83,0.2067816867469879,0.0484077097122816,294,,0.0406082864791305,118,4,0.999608342308822,0.3204175799001746,0.0037403675994823,0.0002826171484984,0.0138430392825499,0.00206,241.04967697664367,5.685582956288376e-05,0.3912642729822651,-0.12061,12364
participant_11_question_13.csv,50,0.1784173999999999,0.047007851976611,150,,0.0201389018281937,137,3,0.9994715518759908,0.426377157979634,0.003645828289264,0.0001662594651849,0.0105465234001777,0.00148,116.5399879115617,0.0002777325998262,0.3289353197045313,0.2482899999999999,6278
participant_11_question_14.csv,33,0.1773527272727272,0.0493900733652588,94,,0.0252938453177286,34,3,0.9991066110780228,0.3413429025338573,0.0036711267258382,0.0002594317730874,0.0109492542180828,0.0016249999999999,73.35241946594762,0.0143242309244065,0.3504799939656403,-0.0605499999999999,4056
participant_11_question_15.csv,106,0.174098679245283,0.0556514453624435,315,,0.0237733255743881,355,4,0.9996123655392964,0.3763567798491506,0.0036152924002477,0.0001936642339114,0.0114119740524552,0.00215,221.5520971032158,0.0023274694197548,0.3080537919885541,-0.15405,11303
participant_11_question_2.csv,50,0.1760958,0.0584982605592325,218,,0.0380144911755932,73,3,0.9995914476372056,0.2398331601707951,0.0037877630205312,0.0001901676422222,0.011420180668555,0.00205,160.2684040731157,0.0018567229619413,0.3756505144318414,0.22729,8621
participant_11_question_3.csv,17,0.1838376470588235,0.0532049148636375,79,,0.0532177245779429,43,3,0.9989458889669712,0.3508881643273703,0.0036866546658986,0.0002908003658982,0.0126951041611975,0.0019449999999999,70.02462225701933,0.0017101242078526,0.3932617863310539,-0.2489,3472
participant_11_question_4.csv,24,0.1767583333333333,0.0550871619332,88,,0.0349361280391189,28,3,0.9991284137129576,0.3144248167528636,0.0038222370789406,0.0002374205622455,0.0127553753610896,0.001565,68.36707892065527,0.0006453523914696,0.3426833826709977,0.02734,3889
participant_11_question_5.csv,15,0.1825113333333333,0.058752317627996,55,,0.0332466575705082,48,3,0.9986187845303868,0.4139206599340064,0.0035642302158273,0.0002709336459833,0.010465911671797,0.001765,55.51622554509248,0.0009454610898152,0.4655291746660486,0.11108,3475
participant_11_question_6.csv,39,0.1325025641025641,0.0546539076460224,124,,0.0360220388154747,172,4,0.999231950844854,0.6722847933665529,0.0036326966292134,0.0002661428415501,0.0115302984083944,0.002215,106.34534801166194,0.0103410216918204,0.4078704699614001,0.0034099999999999,5963
participant_11_question_7.csv,42,0.1783997619047619,0.0490950626662341,130,,0.0214650359508434,47,4,0.999252615844544,0.278944342247942,0.0037110660506502,0.0002247994233,0.0127036822340817,0.00179,110.3588876666517,0.0097122347902614,0.3465768464818741,-0.1351299999999999,5844
participant_11_question_8.csv,44,0.1490729545454545,0.0522442565990457,127,,0.0294733217471156,46,4,0.9989290495314592,0.3014605588371444,0.0036703577088521,0.0002577400144719,0.0138367295559948,0.001845,90.10410552182238,0.0105789345452455,0.4072049475102545,-0.0460199999999999,4417
participant_11_question_9.csv,46,0.1695586956521739,0.0487392959486001,144,,0.0462101892040253,42,3,0.999210110584518,0.2439367488933789,0.0036041229410765,0.0002494734972081,0.0127068274032557,0.001555,120.1617168337161,0.0002191968343581,0.4420428313789339,-0.08679,5889
participant_12_question_1.csv,76,0.1653849999999999,0.0587961173661658,287,,0.0280748821954254,496,3,0.9996078943928898,0.7214117148829488,0.0039514005989403,0.0002402049508635,0.0140038563875816,0.001785,203.64802507972456,0.0015890247652632,0.303253432244547,-0.00594,8682
participant_12_question_11.csv,35,0.1747302857142857,0.0532366556302301,116,,0.038477428339063,230,4,0.9987980769230768,0.7105709931137199,0.0039995568584674,0.0003163725254003,0.0170592841988521,0.0020099999999999,81.31694422873186,0.0005258147324001,0.2929770166528136,-0.01367,3667
participant_12_question_12.csv,32,0.1430925,0.0564000040963109,135,,0.0264157754149682,278,4,0.9988626670457776,0.7556436655852563,0.0036934506863243,0.0004767020536717,0.0206543888529381,0.002575,91.1395926615646,0.0005225962173518,0.3023322230725336,0.0131199999999999,3934
participant_12_question_13.csv,16,0.13572125,0.0557472446829855,75,,0.0629407622241178,106,3,0.9972972972972972,0.8095158726014579,0.0039219635488308,0.0002542073326977,0.0265023652692399,0.001585,39.96151192358632,0.0007057331337097,0.391291602139364,-0.0460499999999999,1454
participant_12_question_14.csv,93,0.1409831182795698,0.0556361213309384,378,,0.0317982885242587,560,4,0.999579699485132,0.6798803311170101,0.0038501136258232,0.0003042607164941,0.0198975199179092,0.0025599999999999,230.800382325123,0.0011628753723998,0.3319647776913726,-0.0609399999999999,10781
participant_12_question_2.csv,26,0.1455065384615384,0.0581725439023518,118,,0.0259276664032814,145,3,0.9989403037795832,0.6839924866221458,0.0039244078558771,0.0002657625843783,0.0166758160573211,0.0016949999999999,71.27780128103488,0.004233820291639,0.338935350514886,-0.1270299999999999,3386
participant_12_question_3.csv,35,0.1479534285714285,0.0495895645716471,193,,0.048941159492258,302,3,0.9993822075782536,0.5883961643561876,0.0038112317795931,0.0003054072409605,0.0157650721752701,0.0019,128.3000927915151,0.0050750124225711,0.5791666040561441,0.02029,6243
participant_12_question_5.csv,23,0.1728326086956522,0.0441742102500304,97,,0.0428961508545403,38,3,0.997431506849315,0.4785885760678445,0.0037585576544667,0.0002600488396017,0.0150860732003116,0.001595,55.28987347104399,0.0114377552203945,0.438371507993145,-0.03366,2541
participant_12_question_6.csv,84,0.1698423809523809,0.055702870375623,424,,0.0479980800133747,663,4,0.9995762262951584,0.6353873330338827,0.0040897999320363,0.0002705571916206,0.0160458311898737,0.00278,270.0385771403039,0.0009948827562018,0.4208255287863669,0.0673899999999999,11771
participant_12_question_7.csv,15,0.1536713333333333,0.0494263536198242,72,,0.0278049876477947,43,4,0.9968847352024922,0.4457681058346124,0.0039451161504424,0.0002071371382229,0.0165245663395185,0.0011099999999999,41.623616687882965,0.0064308511832094,0.3805963268562051,0.0245399999999999,1808
participant_12_question_8.csv,84,0.1511172619047619,0.0507342437118859,376,,0.0340895338018667,569,4,0.9993870671161508,0.8549804443190332,0.0038334557661927,0.0003029173739563,0.0164961458771389,0.0027749999999999,226.13455547285253,0.0036563468090004,0.4015036578534018,-0.07407,10128
participant_13_question_10.csv,75,0.0830849333333333,0.0876368859197552,1330,,0.1577118359014046,111,4,0.9994200376975496,0.0946824048609024,0.0041864346852778,0.0003232993213097,0.0187434080808227,0.003255,952.4363800486016,0.0045372215626199,2.2992058472108705,-0.0138599999999999,7594
participant_13_question_11.csv,145,0.0946302758620689,0.0852577486181171,1876,,0.1645386981344054,283,4,0.9996625611607896,0.1950552524040881,0.0040632361832416,0.0003547093493682,0.018166782888669,0.00337,1455.2488176636168,0.0032830618494447,2.42140730329282,0.04669,12901
participant_13_question_12.csv,95,0.1027418947368421,0.0858575719045347,1248,,0.1768027559835312,86,3,0.999618611746758,0.1082495136826434,0.0042058776239392,0.0003344221185909,0.0192432446786246,0.0029649999999999,997.7310957257578,0.0049481528382351,2.2469174766724382,-0.08106,8956
participant_13_question_13.csv,66,0.117525303030303,0.0812440390603366,1698,,0.6914100468520482,21,4,0.9996306896870096,0.0143311510877167,0.0045239845402766,0.0007561724700624,0.0300004926834019,0.006345,137252.26093904854,3.3705444045956434e-05,853.0669768622379,0.1001,12290
participant_13_question_14.csv,95,0.085862947368421,0.0993599981535277,1142,,0.2411421632201409,8,3,0.9996350364963504,0.0055216514870363,0.004276227494055,0.0002925743401808,0.0240227073369,0.00301,1367.8129299996283,0.0044440499882175,3.531683002179572,-0.08252,8831
participant_13_question_15.csv,134,0.1150652985074626,0.0861548026089118,1536,,0.2349872053048522,73,4,0.9996125532739248,0.0880582390626847,0.0042004393253805,0.0002358188345913,0.0207912553003592,0.002555,1494.3416775020128,0.0039002727416155,3.0527047307939004,0.10681,12155
participant_13_question_2.csv,140,0.0846818571428571,0.0943258891344346,1968,,0.1742934502623829,174,4,0.9996663051639276,0.1139771541948148,0.0043918463693495,0.0003278382772652,0.0153893061150412,0.00219,1544.183129399616,0.0001568226315411,2.4531577088129684,0.0269,13207
participant_13_question_3.csv,210,0.0844035238095237,0.0951879500915281,3519,,0.1988059857700966,216,4,0.999815438564112,0.0896459944794546,0.0043396286324786,0.0003307838510315,0.0154270430482178,0.00292,2915.387397328737,1.541110191080823e-05,2.1040065716925485,-0.0265799999999999,23400
participant_13_question_4.csv,56,0.0970149999999999,0.0883604411668428,992,,0.1862116004432891,52,4,0.999327731092437,0.0856710581993967,0.0044415163106235,0.0009670992656547,0.0246038856287437,0.006335,828.9714122366022,0.0007909831687049,2.807086467052081,-0.00797,6928
participant_13_question_6.csv,146,0.0984830821917808,0.0784008466974283,1681,,0.1327308637433142,139,3,0.9997090768037238,0.1239522816699359,0.0042650813586097,0.0002826742309955,0.0153439265786453,0.0020349999999999,1187.5442832447152,0.0003999747228179,2.3437153676456304,-0.02008,12660
participant_13_question_7.csv,112,0.1153984821428571,0.0741768017706275,1071,,0.2082869028642004,108,3,0.9996458505489316,0.1086683765961868,0.0042331984542951,0.0002857062311457,0.0201443099886851,0.00277,1037.1289002177386,0.0004531878348431,3.046054656101261,0.13727,11257
participant_13_question_8.csv,110,0.1031977272727272,0.0862903747265619,1824,,0.2474009194156564,202,4,0.9996309963099632,0.1537566099436673,0.0042531425545269,0.000290225324625,0.020733349471199,0.0021599999999999,1733.5476594317074,0.0024672889919679,3.392591359670945,-0.07458,12746
participant_13_question_9.csv,51,0.0933688235294117,0.0821365847000626,650,,0.2062770799366718,34,4,0.9990421455938696,0.0623936347831075,0.0041835116033755,0.0002827404411087,0.0207162940102482,0.002075,597.8922286570192,0.007667775468116,2.916031426416936,-0.0400399999999999,4740
participant_14_question_1.csv,14,0.3717392857142857,0.0499113072138083,44,,0.0345294584208481,75,3,0.9983731019522776,0.4364199361523946,0.0038759015625,0.000403662886884,0.0125213703221413,0.0019449999999999,49.15371010682929,0.0119765700368151,0.4155255904527187,-0.34009,3200
participant_14_question_10.csv,52,0.1692696153846154,0.0625394199602568,175,,0.0283419583050059,314,4,0.9994101165019909,0.7259844396188568,0.0039615838264299,0.0004049768295269,0.0209622458271975,0.0022449999999999,133.83228943161345,0.0003197860363125,0.311564070544026,0.2001899999999999,7605
participant_14_question_11.csv,39,0.1771402564102564,0.0488001024078353,159,,0.0300186365703245,412,4,0.99934821574059,0.6330434848481833,0.0039708240469208,0.0003825342103912,0.0231697260258111,0.00222,120.01845287958392,0.0007045169087752,0.3324816047109821,-0.22045,6820
participant_14_question_12.csv,32,0.21972625,0.0511665632704235,115,,17.401219733040485,461,4,0.9992935358530556,0.7822562905199951,0.0038944393793985,0.0003426111020478,0.0184166726091254,0.0023799999999999,4096.576428329844,1.724582669464678e-05,23.97618154884176,0.01636,6252
participant_14_question_13.csv,24,0.22394875,0.0485312878939526,62,,0.0392635212151402,126,4,0.9989115646258504,0.4234478075245702,0.0039469248826291,0.0004073645477488,0.0205120646420909,0.002355,63.72400516561585,0.0005160851002378,0.285760377700817,0.03491,4047
participant_14_question_14.csv,75,0.1918650666666666,0.0585875768584039,297,,0.0347071974179672,235,4,0.9992871145963288,0.4451119644152653,0.0036031611073728,0.0005255284137128,0.0244791757342927,0.002395,201.85845893815207,0.0011666010900005,0.4284632165632273,-0.08813,10403
participant_14_question_15.csv,37,0.1763556756756757,0.0552981796938043,126,,0.0502058871913869,165,4,0.9990042320139408,0.483110235486607,0.0038513616071428,0.0004572200025066,0.0243594853638377,0.0023899999999999,105.3177284685683,0.0131720641375618,0.3579583785588871,-0.00659,5152
participant_14_question_2.csv,30,0.2633636666666666,0.0469387095707682,101,,0.030489930696259,44,3,0.999043062200957,0.2226884704211472,0.0036361248992747,0.0005897582165098,0.0154852964253526,0.0020449999999999,92.80948650132127,0.0003671720030387,0.4102119688855387,-0.36865,6205
participant_14_question_3.csv,18,0.2931316666666667,0.0490308154703428,101,,0.0332690999757752,151,3,0.99921875,0.3797880861487019,0.0038116585314091,0.0004466198303148,0.0218065752808979,0.00201,76.4283183364474,0.0015497156218712,0.3846650341717742,1.05176,4712
participant_14_question_4.csv,28,0.2121675,0.059293152714816,108,,0.0343695235940934,186,3,0.999138178684286,0.7112333112640628,0.0036196374865735,0.0004692839005603,0.0207010222359456,0.0022549999999999,92.58384810179004,0.0118123103136945,0.41081007136247,-1.08252,5586
participant_14_question_5.csv,33,0.2182769696969697,0.0562838549517598,121,,0.0294402127218451,341,3,0.9995420546481452,0.6759719967310864,0.0039662620357634,0.0003974132220075,0.0191589513272437,0.0021349999999999,111.30604649013458,0.0098083822206063,0.2991962595868143,0.54101,7270
participant_14_question_6.csv,65,0.2418907692307692,0.0480759163351044,232,,0.0974580561702027,309,4,0.9995667244367418,0.7076656070767928,0.0039770294039264,0.0003888310157217,0.0182231908239904,0.002595,212.1871878551728,0.0035930359714267,0.3520395045785084,-0.59522,11257
participant_14_question_7.csv,25,0.1941808,0.0510387625772627,82,,0.0550814079291547,51,4,0.9987377721678764,0.3502638072747699,0.0040030447166049,0.0004539725919112,0.0244822462223903,0.002475,66.28566009189439,0.0007161964068578,0.3653677451273041,0.302,3511
participant_14_question_8.csv,76,0.1890452631578947,0.0466656843908082,229,,0.0444996550380468,105,4,0.9996200968752968,0.278570617808049,0.0038079978787631,0.000429788670408,0.0194723969732798,0.0026749999999999,208.7946506433908,0.0035695996425023,0.3545266810433303,-0.33594,12257
participant_14_question_9.csv,25,0.1660832,0.0466875217804699,97,,0.0684689377216931,56,3,0.9992581602373888,0.2356566249605238,0.0040181789540012,0.0004443144791015,0.0200137919825013,0.0025,92.7093244277471,0.0081063341133335,0.3316592542477899,0.0258799999999999,4761
participant_15_question_1.csv,78,0.2233919230769231,0.0461950839287305,179,,0.0202834623996045,38,3,0.9981108312342568,0.3471562831437141,0.0031807745030843,0.0004300691122006,0.0236204088088698,0.00216,192.66161289378124,0.0017143002556956,0.1963648053305186,-0.34721,7295
participant_15_question_10.csv,101,0.1961260396039604,0.0516330586249128,268,,0.0254805414624912,77,3,0.999270250547312,0.3283273720586488,0.0032778485287023,0.0003333775479151,0.0293712989822473,0.002785,214.60396035099745,0.0017943238595566,0.1977572019633886,0.18756,8292
participant_15_question_11.csv,97,0.3234636082474227,0.0412124342137979,251,,0.0287494846546973,45,3,0.9988734509951184,0.3180214599450342,0.002933097101932,0.0003423670359035,0.0166159905439957,0.00215,261.2651901613227,0.0001993688690491,0.2232896125975748,0.0941199999999999,12008
participant_15_question_12.csv,37,0.1987932432432432,0.045334725264338,133,,0.0438996224457975,82,2,0.9990825688073396,0.3636217759726327,0.0032440867389491,0.0004420022696512,0.037757154622735,0.00433,100.005755215383,0.000179268041722,0.2144835457298459,-0.1943299999999999,3597
participant_15_question_13.csv,129,0.2010366666666666,0.0481627699839395,437,,0.0454067253346084,79,3,0.9991314418066012,0.5342542837061414,0.0031532193478045,0.0004744117532324,0.0376751879038207,0.0048,314.547555724395,0.0001095766944277,0.2426149761378326,-0.07379,10089
participant_15_question_14.csv,32,0.2595990625,0.0378610684335133,119,,0.0777328089244287,19,4,0.998286203941731,0.2712778566770383,0.0031240499485066,0.0004172659387279,0.0243602461948735,0.002545,131.0520925662919,0.0035225134473619,0.2391088433320513,-0.14045,3884
participant_15_question_15.csv,37,0.1874024324324324,0.0489058428412245,126,,0.0276670141039981,24,3,0.9965075669383004,0.3949595431056983,0.002988107515085,0.0005363512528593,0.029361186361162,0.004,90.2213464392968,0.0054114067806745,0.2030769648615682,-0.0067699999999999,3646
participant_15_question_2.csv,59,0.1850694915254237,0.0465541535416197,169,,0.0234224199482198,30,3,0.9985279685966634,0.3457087720997308,0.0032372607052896,0.000376427036283,0.0259618036305818,0.0021,122.22719733996864,0.0027821119032979,0.210955176416934,-0.28104,4764
participant_15_question_3.csv,120,0.2523995833333333,0.0446596644442833,355,,0.031997602068141,92,3,0.9992002132764596,0.3110534675343396,0.003185216698534,0.0004732028336893,0.0310376313959448,0.0047449999999999,270.7109227386122,0.0012741352034376,0.1946296189978994,0.10724,10983
participant_15_question_4.csv,93,0.1816490322580645,0.0499815993784552,304,,0.0283083854756676,28,2,0.9992652461425422,0.2132850701864466,0.0031610113334104,0.0003879500141405,0.0304367642422723,0.00276,231.8109467341345,0.0001071200527164,0.1982321378549726,6.999999999998674e-05,8647
participant_15_question_5.csv,15,0.2942013333333333,0.0438294901803963,51,,0.2189452604367665,7,2,0.9903846153846154,0.3860209737338596,0.0034318086283185,0.0003916332418478,0.0254661651036454,0.0026949999999999,64.13205368888357,0.0015280528244229,0.2601193216956929,-0.1282599999999999,1808
participant_15_question_6.csv,83,0.3002606024096385,0.0442606083887039,199,,0.0770462452108288,21,3,0.9969293756397134,0.5800374024073979,0.003644096749811,0.0007656099987302,0.0282482803054165,0.0108949999999999,226.4534271758396,0.0003116447471308,0.1731363787934726,0.00046,7938
participant_15_question_7.csv,122,0.1957549180327868,0.0462376728471577,400,,0.0260520027584358,104,3,0.9991044776119404,0.5894671803050763,0.0030978807445671,0.0006015265913101,0.0299641340126137,0.009625,285.99019909170613,0.0002590455683079,0.2308809438191603,-0.08005,11228
participant_15_question_8.csv,111,0.3152670270270271,0.0433424146417386,299,,0.0436024402828408,110,3,0.9992270033496522,0.5176143772621236,0.0033162379598202,0.0005023014429925,0.0275377890038397,0.00486,300.6041947617174,0.0001630955169239,0.2166160358722749,0.35544,10901
participant_15_question_9.csv,143,0.2124991608391608,0.0441333798938407,459,,0.0288099179816773,124,3,0.9994001199760048,0.393791216328168,0.003053444479396,0.0004034190374419,0.0294408716996483,0.00416,311.70636109824187,0.0012314364677613,0.217350340339082,-0.26147,12716
participant_16_question_10.csv,80,0.1326348749999999,0.0548406023449723,354,,0.0720792988527568,122,3,0.999614890885751,0.5398236851817805,0.0050412806088682,0.0003600210919457,0.0107529293492028,0.00268,273.3679475592287,0.0018711461841898,0.4067900057270771,-0.14698,10577
participant_16_question_11.csv,73,0.1392732876712328,0.0541032757143216,299,,0.0664013046154746,71,3,0.9995229007633588,0.6580799168851089,0.0052116469984607,0.0003646019678906,0.0109580875584445,0.0027599999999999,204.8365318956901,0.0035718982774211,0.502707779510775,0.24805,7796
participant_16_question_15.csv,86,0.1816858139534883,0.0438904846980358,409,,0.0943964345066038,196,3,0.9996886674968868,0.7040462464794839,0.0053249891040147,0.0004946063073405,0.0140671770871768,0.005025,325.3737453618486,0.0004976937956767,0.4532230418971893,0.1211,11931
participant_16_question_3.csv,68,0.1532839705882352,0.049494270678351,286,,0.0867674633997757,94,2,0.9997358689910196,0.6216837692282517,0.005166758681126,0.0003884615430119,0.0096137496010137,0.0031499999999999,222.2327895986197,0.0019319520233447,0.4829808520230789,-0.2705,9129
participant_16_question_4.csv,54,0.1997877777777777,0.0372244967181436,243,,0.0784491026758477,174,2,0.9996355685131196,0.6792136952487182,0.0055830187695516,0.0004586664376751,0.0125402758291458,0.0031049999999999,207.7268747208231,0.0031345414369544,0.3464324011336046,0.12061,8631
participant_16_question_5.csv,62,0.157108064516129,0.0549171742664542,257,,0.0601978386470197,80,2,0.99967958987504,0.559946603125914,0.0051788393092538,0.0003907782741144,0.01068246389344,0.0028899999999999,198.8433099462426,0.0020090090937753,0.4383914223650498,-0.0332,7586
participant_16_question_7.csv,75,0.1630657333333333,0.0470881968399021,321,,0.0967063028948099,94,3,0.9996533394961868,0.596363211878754,0.0051907113977666,0.0003341047674697,0.0094030661809481,0.002385,272.2934212807937,0.0033417804592805,0.5149414128187765,0.06738,10388
participant_16_question_8.csv,67,0.1446116417910447,0.0439169688693823,371,,0.0884549033386918,117,2,0.9997329773030708,0.6147718001275715,0.0053481413527304,0.0003833773852428,0.0131145386184062,0.00302,268.86888068824544,0.0029994292065551,0.4542016768396947,0.07422,9211
participant_17_question_1.csv,80,0.22335225,0.0615151253514718,267,,0.0281025572000517,614,3,0.9997806376133372,0.422244408241076,0.0046327356020942,0.0002272223871209,0.0062796730699238,0.00225,269.24291517296047,0.0017809142715833,0.2681238843320892,-0.95168,15280
participant_17_question_10.csv,63,0.1650411111111111,0.0587780860877065,200,,0.0232706840769645,869,4,0.9995982322217758,0.7354892530130108,0.0045765749480838,0.000263640377287,0.0071766179981812,0.002775,168.2383669463621,0.003310966534533,0.2620439702867602,-0.08033,10594
participant_17_question_11.csv,86,0.1555531395348837,0.0557420000820498,300,,0.0266561366471087,578,3,0.9997099207116612,0.6887444114232181,0.0045674329023629,0.0002191677288749,0.0095587012766904,0.002265,200.31282923300336,0.0041088509773171,0.2695838993449153,0.04767,11215
participant_17_question_12.csv,32,0.28449875,0.0459231009637436,105,,0.0368618608128208,614,4,0.9993582544521096,0.7471238381001167,0.0046568194127708,0.0002754642603875,0.0075901569093064,0.0021749999999999,105.89254123394277,0.0072111749492079,0.2817416607092353,0.15374,7016
participant_17_question_13.csv,3,0.35246,0.0953337748610241,16,,0.0275247563964749,34,3,0.9942084942084942,0.5854724416295581,0.0044237739726027,0.0001345297629924,0.0078131502114355,0.000595,12.47712319035188,0.0103797845247433,0.369312760307605,-0.07995,730
participant_17_question_14.csv,38,0.2780234210526315,0.0401199736043125,130,,0.0348572442179543,618,4,0.9994662396583934,0.6870261683475059,0.0045616287703016,0.0002476914483865,0.0066601632344669,0.002165,135.9485922511303,0.0070308450159563,0.2958972171562277,-0.16144,8620
participant_17_question_15.csv,27,0.1559855555555555,0.0680666320726382,136,,0.0270034621268315,209,4,0.9991410779471764,0.6627442957749257,0.0045559803523035,0.0002803427495086,0.0071057983006094,0.0024699999999999,106.25107799775488,0.0028960762854188,0.3667335612644928,-0.0546799999999999,7380
participant_17_question_2.csv,42,0.1779664285714286,0.0687021651909245,169,,0.0267428549597364,564,3,0.9996300406955236,0.7550992960186891,0.0045029179663131,0.0002036059141981,0.0068207622304714,0.00273,147.79138631947177,0.0067823306907903,0.3118594764669353,0.0009799999999999,9618
participant_17_question_3.csv,42,0.1955864285714285,0.0524374156247921,182,,0.0283484601601343,534,3,0.9995597945707996,0.676645977973478,0.0045919713105846,0.0002636211870001,0.0074570269283567,0.00224,149.95582337881422,0.0061101079315174,0.355629126542654,0.32241,9202
participant_17_question_4.csv,37,0.2603518918918918,0.0462768516786701,155,,0.026857801566318,640,3,0.999701343952215,0.7089060091553582,0.0046228408499566,0.0002570938933304,0.0059968932922261,0.002555,165.79575688253308,0.000491059173767,0.2679765730728847,-0.0338399999999999,11530
participant_17_question_5.csv,27,0.169547037037037,0.0755641376472099,82,,0.023261913536637,270,3,0.9992348890589136,0.7294906534077801,0.0046208436902485,0.0002254793978102,0.0077808539345922,0.001985,73.24472710866587,0.0050261122833749,0.265333749344843,0.03427,4184
participant_17_question_6.csv,82,0.1564339024390244,0.0560475725132346,289,,0.0830019498347635,700,4,0.9995503091624508,0.6295992756250846,0.0046426661240903,0.0003216326431512,0.0102344862270879,0.003005,224.41752520083668,0.0037435962347688,0.3650347404461117,0.03344,10444
participant_17_question_7.csv,53,0.1704626415094339,0.0542825662892111,189,,0.0247145805336018,574,3,0.9996001066382298,0.7273634522579631,0.0046525456093407,0.0002345809702896,0.0079920129895157,0.00249,141.00890721029498,0.004304065312472,0.2639867678619245,0.34115,8222
participant_17_question_8.csv,26,0.2477061538461538,0.0508550518713111,104,,0.0323986566999302,340,4,0.999113867966327,0.6189927361461851,0.0045994013663535,0.0002591520452224,0.0067809368180321,0.0021149999999999,91.67262822563538,0.0013285497296358,0.355332551548473,-0.1738299999999999,5855
participant_17_question_9.csv,39,0.2152666666666666,0.0416719323239781,152,,0.0344985604539177,198,4,0.9991397849462366,0.4491862323653461,0.0044755400499205,0.0002213322261181,0.0053648580785213,0.00138,135.72938380989996,0.0037189163505601,0.3988252905449114,-0.00689,8814
participant_18_question_1.csv,35,0.2045091428571428,0.0556176362801372,122,,0.0470644872494696,326,3,0.9992877492877492,0.6612429701220028,0.0034123013962445,0.0002707706382931,0.0144464139514311,0.00362,117.70168565648888,0.0033812147505121,0.3990789298820014,0.05973,6231
participant_18_question_10.csv,39,0.3090471794871794,0.0351289738647294,174,,0.0534471048457361,242,4,0.9984709480122324,0.880506143587162,0.0034283145321831,0.0002445314786417,0.0157186324949455,0.0025649999999999,140.90502378163467,0.0057245689970647,0.3973424066652004,-0.05804,9042
participant_18_question_11.csv,68,0.2752486764705882,0.0498355238876351,215,,0.0446196236978558,455,4,0.9995533221663876,0.4925722761541639,0.0035005687454264,0.0004124562964601,0.0177985536024898,0.00283,198.7078963907984,0.0001004599067153,0.340389386131845,-0.02221,12299
participant_18_question_12.csv,72,0.20033375,0.0538644457852347,286,,0.0695715940535118,1004,4,0.9996496452658316,0.7696152323031156,0.0034995630690218,0.0003835847690501,0.0189171428631547,0.003055,256.7222576603551,0.0009907867851641,0.333039496050971,-0.0003699999999999,12851
participant_18_question_13.csv,35,0.1651565714285714,0.0564267609517942,162,,0.0431403567777414,333,4,0.999102937878448,0.7378544355705541,0.0035559759259259,0.0004130724550537,0.0229661097250901,0.0027649999999999,118.4562160572564,0.0025271310384192,0.3510180942050293,0.12085,5400
participant_18_question_14.csv,31,0.2117535483870967,0.0390261450177951,109,,0.0425844202253802,320,4,0.998952056588944,0.7602714359376271,0.0034821146919431,0.0004057419593247,0.0194144628088879,0.00654,88.49957910783087,0.0053521961756021,0.3665874692088351,-0.14722,5275
participant_18_question_15.csv,21,0.2733133333333333,0.0422711237962059,63,,0.0266077125181767,301,4,0.9986366734832992,0.8461734782006719,0.003549019454032,0.000319156654032,0.018250467974504,0.002295,54.92381637778258,0.0010996467517337,0.2885977169879484,0.18042,3187
participant_18_question_2.csv,69,0.2015523188405797,0.0546353335234136,238,,0.055718732591538,659,3,0.9997570063178356,0.5789444996282657,0.0034403719443399,0.0004010824143509,0.0229991627246928,0.00281,228.67851517010405,0.0002125853122141,0.8035931012135403,-0.02591,13295
participant_18_question_3.csv,22,0.285035,0.0493780093089908,77,,0.0915464284907959,500,3,0.9993940618056958,0.7313400145281578,0.0034373588596981,0.0002477749076302,0.0106569581588086,0.002355,83.96209532317053,0.0004203668226254,0.2685599199369184,0.03979,5367
participant_18_question_4.csv,58,0.1865972413793103,0.0507531006684426,260,,1.0150522084228586,611,3,0.9996495327102805,0.6002659410854582,0.0035465312499999,0.0009363112607506,0.017206515684664,0.00782,700.069754007786,0.0002061803199374,1.8897444457797803,0.16758,10720
participant_18_question_5.csv,56,0.2361935714285714,0.0519409778468166,182,,0.0266885494793207,1130,4,0.9996303483966362,0.7211384308784224,0.0034006954187234,0.0002136037913972,0.0105490996442879,0.00227,169.9172710812417,0.0008555194425954,0.232655577602416,0.0932,11547
participant_18_question_6.csv,63,0.2611366666666667,0.0417937551301048,218,,0.0601765772163809,1090,4,0.9996435572981645,0.7788017998360105,0.0036930329678996,0.0003467859982869,0.015499155277818,0.00269,212.0636566041046,0.0002927997113717,0.3136139025097498,-0.25433,12679
participant_18_question_7.csv,68,0.2108272058823529,0.0499833892929255,328,,0.0989158943724598,394,3,0.9997157475838544,0.4352338859582144,0.0035816064893876,0.0004120711218735,0.0211032075791583,0.0031799999999999,289.79403253921475,0.0002535067590016,0.355635431915654,-0.02008,12297
participant_18_question_8.csv,64,0.1735978125,0.0601946817563875,234,,0.027054547525632,721,4,0.9996184662342618,0.7061603998430727,0.0036239215844785,0.0003725714207178,0.014051303813954,0.002805,196.38545932640727,0.0002862336951686,0.3115635296193327,0.0271,12370
participant_18_question_9.csv,51,0.1969654901960784,0.0573101248056693,174,,0.0619817289525153,647,4,0.9995075104654026,0.7321551806795016,0.0034774119396157,0.0003409790999331,0.0152125632641099,0.003995,154.03931639365197,0.0028582396508725,0.2785766516299625,0.10669,8744
participant_1_question_1.csv,330,0.1858321818181818,0.0503496774670891,1113,,0.1750507248551628,3174,4,0.9998320033599328,0.6966981919822602,0.0033259662209167,0.0003295073922241,0.0136015885292388,0.00279,1324.5136756606014,0.0003520022541896,0.5356990825460116,-0.8623,25874
participant_1_question_10.csv,137,0.2053950364963504,0.0455445449768304,489,,0.1339236278493099,771,4,0.9995011224744326,0.671480563301488,0.0033533140364789,0.0002703768050081,0.0115206683952126,0.002025,467.8761080523027,0.0006061570578082,0.5231009440916556,0.03418,12610
participant_1_question_11.csv,65,0.1674807692307692,0.0459919332495185,238,,0.1043090213241343,715,4,0.9992437133673664,0.7572083165400176,0.0033382324696502,0.0002738851234253,0.0122248095713761,0.001875,191.2802779633801,0.0001611919513376,0.4365775562034832,0.08789,5519
participant_1_question_12.csv,136,0.2253775,0.0437199594588078,618,,0.1837585186400929,2141,4,0.9996513553560532,0.7755893186062607,0.0036439685007974,0.0003246624652041,0.0128703482647932,0.0023899999999999,575.3698341139066,0.0001282434293755,0.4840548945169382,0.00683,12540
participant_1_question_13.csv,68,0.2072470588235294,0.0444816899946448,264,,0.1450668395675557,819,4,0.9992478375329072,0.6387059648308043,0.0033910418355764,0.00027784705054,0.0120405403078679,0.0022199999999999,247.4884164623776,0.0004084125422042,0.4905396628155994,0.13281,6167
participant_1_question_14.csv,147,0.1749038775510204,0.0474058884490845,473,,0.0930331462137135,740,4,0.99962602842184,0.4886940489302016,0.0034793409425625,0.0006871062589959,0.0155028861969663,0.014635,386.0924027574372,0.0019067695261304,0.3896546437311202,0.19239,12222
participant_1_question_15.csv,87,0.193195632183908,0.0449172758662503,252,,0.0863695748853112,710,3,0.9994220766711616,0.7185776936562129,0.0033561314199395,0.0003559108194895,0.0110610428644973,0.0024999999999999,212.4168404588728,0.0024151279587443,0.4547408609886474,-0.14648,6620
participant_1_question_2.csv,86,0.1774782558139535,0.0437921712039957,243,,0.1416301473729384,747,4,0.9993936637865696,0.7368426708418352,0.0033130045398266,0.0003158924322164,0.0107678605781564,0.002335,235.80362333068464,0.0016634339211379,0.4557021112298737,0.0537199999999999,7269
participant_1_question_3.csv,118,0.2030664406779661,0.0434594828801985,323,,0.0410238579951548,912,3,0.9996630349320452,0.7348202800638596,0.003289659879474,0.0003109450441702,0.0100948834018019,0.002065,267.4514282535948,0.0012751796357567,0.3501947527188079,-0.04687,10952
participant_1_question_4.csv,65,0.1876872307692307,0.0403859585705116,258,,0.3083234352837207,673,3,0.999259624876604,0.7710070327043734,0.0035600547253209,0.0002665731950448,0.0135797597176063,0.0017949999999999,291.475036946713,0.0024347567285729,0.4543225119151131,0.03272,4751
participant_1_question_5.csv,118,0.2220431355932202,0.0462615399110071,465,,0.1020703585453858,825,3,0.999711093990755,0.5385873279159369,0.0035636927052444,0.000379826663584,0.0152810580697051,0.002705,478.0673639137888,0.0018798054893188,0.8432200941422716,0.03418,11803
participant_1_question_6.csv,144,0.1833964583333333,0.0452409233082659,423,,0.0372753327141879,1154,4,0.9996527476343432,0.7043105729890495,0.0033342406843215,0.0003376192246255,0.0108427397750445,0.00276,321.7955024814883,0.0024802825027932,0.3257551835843878,-0.0502899999999999,12801
participant_1_question_7.csv,81,0.2383834567901235,0.0404547297357816,314,,0.1273501040730233,628,4,0.9994020926756352,0.5699689456292376,0.0034248120423997,0.0002825317434705,0.0109510035542161,0.0023449999999999,321.7796052828382,0.0023226416261541,0.4623860036971901,-0.0551799999999999,9151
participant_1_question_8.csv,58,0.2073586206896551,0.0441718245477039,198,,0.0552106074464382,634,3,0.9994297662041436,0.6351621583457933,0.0034404954954954,0.0002639163361856,0.0103052494688991,0.00225,168.50414785807408,0.004806148592139,0.4094529357773345,0.13379,5883
participant_1_question_9.csv,158,0.1672880379746835,0.0487521137299767,974,,0.2543563615184592,903,4,0.999628079962808,0.633196019694004,0.0031273898819023,0.0004422780444238,0.0150700045213047,0.00265,1011.2358423621716,0.000335804323763,1.0075026288259248,-0.1001,12532
participant_20_question_1.csv,223,0.2057630493273542,0.0498716819123687,550,,0.0222596707692753,1774,3,0.999904156416728,0.5455072097608239,0.0034295115120426,0.000239699644986,0.0127745254459615,0.00313,656.5137212651964,0.0007736846707601,0.3034173575397713,0.0947899999999999,33921
participant_20_question_10.csv,73,0.2504247945205479,0.0487861858408434,216,,0.0406918405961534,874,4,0.9996581196581196,0.5449281439705495,0.0034834126732673,0.0002264725961998,0.0146835064725844,0.00319,235.2090394650118,0.0014284889675484,0.2701934323664108,0.09986,12625
participant_20_question_11.csv,99,0.2386943434343434,0.039885692112224,310,,0.0317317711493076,980,4,0.9996423142269516,0.5966034056525112,0.0032883783282652,0.0003126579899844,0.0173202491315998,0.00266,276.4080501548979,0.0018020503893067,0.3452764562406056,-0.43018,13483
participant_20_question_12.csv,51,0.1997786274509803,0.0457782538054659,147,,0.0315197834249559,391,4,0.9991706406800748,0.7189175762429837,0.0033710435718128,0.0003155306889001,0.0156644031832579,0.002065,126.44793674525296,0.0049471672977016,0.3613412596609534,0.11548,5577
participant_20_question_13.csv,62,0.2467204838709677,0.0398806905467809,187,,0.0267897640506708,478,4,0.99873417721519,0.8039912229746093,0.0031755699633699,0.0003253452002375,0.0161896115675818,0.001595,157.2836997902786,6.724681871822824e-05,0.3632984662343858,-0.04028,6825
participant_20_question_14.csv,90,0.202116,0.0452469647004269,240,,0.0216560086108343,193,4,0.999418181818182,0.3501372835470027,0.0032525189035916,0.0002587490118917,0.0185614479922919,0.00186,204.8014991382089,0.000371386998174,0.3091383519157551,-0.0002499999999999,8464
participant_20_question_15.csv,40,0.1778835,0.0479484378250452,89,,0.0243151591841499,327,4,0.9984697781178272,0.8057528775554554,0.0034389481320275,0.0002509286340609,0.0187442108414774,0.00142,66.82173468052659,0.0073352105761942,0.2624130643078195,-0.01428,2757
participant_20_question_3.csv,75,0.2389611999999999,0.0426407338703531,215,,0.0251356530088284,498,3,0.9996828082046944,0.4896220847046156,0.0034093968222832,0.0002141732098899,0.01553792765382,0.001575,202.2867391420078,0.0006206596594744,0.2858256551011181,0.0009799999999999,10196
participant_20_question_4.csv,48,0.2564264583333333,0.0428430053258729,124,,0.0356688027759004,962,3,0.9996972143722244,0.6496639268265982,0.0032091584975249,0.0003264962131007,0.0132030723593603,0.001995,175.78349834905475,0.0023383878704512,0.1839190633463076,0.05352,10303
participant_20_question_5.csv,55,0.180732,0.0487494073955726,146,,0.026642761820301,522,3,0.999558693733451,0.7126316359756473,0.0034563834364076,0.0002400466070298,0.0156428616956528,0.00214,145.7092197434846,0.0028278028576678,0.2884075787341874,0.23523,7438
participant_20_question_6.csv,77,0.2217006493506493,0.0487228585590165,254,,0.0252184346107934,746,4,0.9995289684408856,0.8380552867343338,0.0033613126855823,0.0003561901501942,0.0138388003282419,0.00174,225.9748266499372,0.0033514470094733,0.3807346015431233,-0.2898,12124
participant_20_question_7.csv,66,0.1847683333333333,0.0494498810432293,200,,0.025101650394367,525,4,0.9993044687880368,0.7610144726273762,0.0034304999327143,0.0002738239721482,0.0157024970991545,0.0016099999999999,153.65467306965354,0.0041483438551703,0.3497521583528258,0.11999,7431
participant_20_question_8.csv,103,0.1932917475728155,0.0499559496129091,277,,0.0244278469186844,879,4,0.99965283804895,0.6746941754509711,0.0035096495781959,0.0002044707334524,0.0161741410484264,0.001705,244.2203845886185,0.0011509833140733,0.2850042784677949,0.34192,12328
participant_20_question_9.csv,72,0.2232919444444444,0.0422217074693654,246,,0.0316500053640247,494,4,0.9993299832495812,0.8235971088092061,0.0032002629371802,0.0003681588257358,0.0141250504681413,0.002695,211.845483664386,0.0002105882720541,0.4320506170078873,-0.1940899999999999,11923
participant_21_question_1.csv,60,0.2449466666666667,0.0499331925241349,203,,0.0680688302833883,676,3,0.999729070712544,0.5875832707800618,0.0038082705649157,0.0003804486256056,0.0131179234926112,0.002775,255.3320394330105,0.0052363825522845,0.4070407010252533,0.20069,15135
participant_21_question_10.csv,40,0.21999475,0.0565368421145555,187,,0.0312067809053562,403,4,0.9996249765610352,0.6276271433571953,0.0038831138535031,0.0003486858309329,0.0140007109569989,0.002185,165.91090109882748,0.0014302420014404,0.3471075732557964,-0.13379,12560
participant_21_question_11.csv,41,0.2992319512195122,0.0498021065738711,176,,0.0302701262515851,598,4,0.9996346698328614,0.5699869150227757,0.004167085066644,0.0004006593429028,0.0143986541168857,0.0030799999999999,159.01529077698177,0.0001869854140381,0.2800400470688176,-0.04663,11779
participant_21_question_12.csv,37,0.2165535135135135,0.0604982253817931,198,,0.0342724089395423,621,4,0.99965283804895,0.8458874398211533,0.0040310877360745,0.0003316502735243,0.0145757406586707,0.0031599999999999,176.05468420704574,0.0027909715152381,0.3244851290415133,-0.02759,12549
participant_21_question_13.csv,19,0.334678947368421,0.0507223017663419,78,,0.0340249121649329,46,4,0.9981317141522652,0.6087729117769705,0.0039169465240641,0.0003893050778815,0.0158556726986475,0.0018549999999999,54.24651353142949,0.0162374668001785,0.4123945155282922,0.0134299999999999,3740
participant_21_question_15.csv,20,0.218358,0.0614590677001223,69,,0.0241930635573518,147,4,0.9988898140438524,0.6138851839951245,0.0038569023819651,0.000336951220014,0.014107940648748,0.0018,67.03435289003009,0.0087452784093842,0.3601864091215959,-0.0341799999999999,4702
participant_21_question_2.csv,21,0.2276547619047619,0.047830787516924,91,,0.0301425190379493,43,3,0.9992467988953052,0.2444915431458742,0.0038069862890131,0.0003909654390798,0.0173805034241741,0.001945,77.66768288333822,0.0063107749980844,0.3768740537880738,-0.36133,5543
participant_21_question_3.csv,27,0.1817377777777778,0.0547500707911768,126,,0.0248840658866853,292,3,0.999655607852141,0.4555578218228747,0.003739171629094,0.0003550949045192,0.0138860936832143,0.0015999999999999,129.1001389548898,0.0046405684705809,0.3109064647350748,0.52271,9404
participant_21_question_4.csv,44,0.2355634090909091,0.0545890803133017,150,,0.0353562555704285,418,3,0.99972833469166,0.6470271075937605,0.0039975549995686,0.0004466931245674,0.014807012704847,0.002615,162.09218654757225,0.0023461965726232,0.2877308975306255,-0.3081,11591
participant_21_question_5.csv,12,0.3297325,0.0464247502710181,59,,0.0264776668596594,17,3,0.9990313206328704,0.2618753813080142,0.0040191194615816,0.0002843986064188,0.01553717915975,0.00134,54.88051209236687,0.0114553234702681,0.3450367588908508,0.24169,3566
participant_21_question_6.csv,46,0.2037036956521739,0.0480377335816193,180,,0.0382202653655068,640,4,0.9996119142330456,0.838718497943358,0.0040104392241379,0.0002828101725894,0.0150123259309423,0.002015,160.56704165078884,0.0017064798316984,0.3179624386044413,-0.1950599999999999,11600
participant_21_question_7.csv,21,0.289852380952381,0.0448685539168725,64,,0.0222967000114011,75,4,0.9990253411306044,0.3992032725308875,0.0040968962491774,0.0003107886549591,0.0122587406314423,0.00268,61.49058469194244,0.0064043138244939,0.3244756472533274,0.24878,4559
participant_21_question_8.csv,30,0.232593,0.0576868640950862,151,,0.0290594433031312,327,4,0.9994822676676158,0.5972407094969988,0.0038936039706219,0.0003825401601132,0.0146163208630125,0.0017449999999999,118.1728620223837,0.0003038942652691,0.3362080085848041,-0.24805,8714
participant_21_question_9.csv,19,0.2391163157894737,0.0596566930500268,92,,0.0298873977861199,280,4,0.9993685872138912,0.8024122929041203,0.0038451617930829,0.0003017589382724,0.0128297825142254,0.00226,88.95614201720498,0.0022629577978111,0.3314653355027266,0.12647,6737
participant_22_question_1.csv,69,0.2299704347826086,0.053633623872495,194,,0.0327114301557384,338,3,0.999667147453678,0.5593043000425522,0.0036494414547348,0.0002419182520043,0.012645094134731,0.0020299999999999,212.63057313041585,0.0006228365947281,0.3422484251962263,-0.55071,11521
participant_22_question_10.csv,51,0.239320588235294,0.0415849576375001,175,,0.0182035340828999,395,2,0.9996604990663724,0.6380714826168872,0.0036472203963748,0.0002467340543633,0.0100563637149027,0.0017249999999999,177.12624615803173,0.0024417147025924,0.4056310552299239,-0.17352,10041
participant_22_question_11.csv,20,0.255824,0.0416843052925636,59,,0.021672261544276,65,2,0.999194847020934,0.231331681553614,0.0036906688476917,0.000214779370215,0.0154884490685448,0.00123,59.52557113763955,0.0012308639862855,0.265308196019983,0.03875,2751
participant_22_question_12.csv,47,0.202721914893617,0.0492991622405108,118,,0.0287543148298841,200,2,0.9994927720010144,0.610239842382355,0.0035752254464285,0.0001679136498822,0.0132759531487219,0.0020949999999999,97.6238669922216,0.00299038182744,0.3086794498117879,-0.01953,4480
participant_22_question_13.csv,52,0.1801430769230769,0.0499155729462412,117,,0.0193687732860473,318,2,0.9995508645856724,0.6175775671352004,0.0036613290870488,0.0001852887400232,0.0137686257017785,0.0019449999999999,106.92118599758408,0.0026697521237621,0.2675520137279919,-0.0343,4710
participant_22_question_14.csv,113,0.1829589380530973,0.0470747679820841,251,,0.020824632809071,497,2,0.9997574287446938,0.6905759788204938,0.0036263807096035,0.0001864698498109,0.0126604086188859,0.00168,211.3362133207811,0.0027359357224963,0.3407242660650618,0.04651,9611
participant_22_question_15.csv,37,0.1694737837837837,0.0473558664000553,83,,0.0204243425249438,257,2,0.9993315508021392,0.6930969119804911,0.0036444766728054,0.0001452802933515,0.0129604522419555,0.0013549999999999,70.92400351384013,0.0080871210798911,0.2607153386114846,-0.0602399999999999,3258
participant_22_question_2.csv,71,0.3880684507042253,0.036012001392213,203,,0.0293118585649069,957,2,0.99975944190522,0.6925880406229117,0.0034606627491057,0.0003027267288546,0.0306397958630137,0.00389,248.3161250038445,0.0001055787066401,0.3678664262436489,-0.15932,19570
participant_22_question_3.csv,49,0.2860744897959184,0.0405218664213038,141,,0.029315320504868,679,2,0.999692827522654,0.4949899062598862,0.0035578058804932,0.0002881316652346,0.0117982182881268,0.001975,160.6119633668328,0.0039861234673816,0.334735542196398,-0.02749,9489
participant_22_question_4.csv,65,0.2042523076923076,0.0445067408354365,161,,0.0410832959357843,634,2,0.9997566613943302,0.6210443981231996,0.0037383857721226,0.0001714552918808,0.0120837480538135,0.0015399999999999,170.1603977756219,0.0007202537963114,0.2639077871868207,0.16104,8645
participant_22_question_5.csv,57,0.1859550877192982,0.048005649967198,131,,0.0202490443517232,404,2,0.999582027168234,0.683517068807203,0.0035667490418924,0.000272150949559,0.0164028007354182,0.0015499999999999,130.08354014995462,0.0002154807002716,0.3765476383268571,0.07279,7567
participant_22_question_6.csv,72,0.2055661111111111,0.047263741535776,197,,0.0189530178957157,448,4,0.9995557036543374,0.696647766167441,0.0036400404817326,0.0002046305326038,0.0123521097790887,0.001805,179.49873959075688,0.0043028256745678,0.2804173921788212,-0.0599699999999999,9881
participant_22_question_7.csv,43,0.1559983720930232,0.0432382985448889,135,,0.0172333896908085,438,2,0.9996167848246792,0.638008775170674,0.0037180022340608,0.0001738520648881,0.0122659912247653,0.001735,110.5673144658016,0.0063612428599435,0.2979963666961074,-0.1944,5819
participant_22_question_8.csv,20,0.21337,0.0441499609778186,65,,0.019414313097113,422,2,0.9993944898577052,0.689925284886806,0.0037499113175675,0.0001699695231897,0.0123909459737565,0.0016799999999999,64.1568285723981,0.0065599192622562,0.255090134774119,0.1673599999999999,3552
participant_22_question_9.csv,52,0.1860840384615384,0.0438955283021099,160,,0.0256833472790979,507,2,0.9996890547263682,0.6700186473716905,0.0036855891567906,0.0001940958230259,0.0114443528091646,0.0018249999999999,135.7934790448999,0.003256170510248,0.288833199009421,-0.02631,7341
participant_23_question_1.csv,204,0.1905254411764706,0.0469116065429461,589,,0.0403646749531013,638,3,0.999871371607426,0.2621892278045873,0.0036347866164587,0.0002324650873466,0.0140663839756225,0.0019249999999999,609.0711366527848,8.322303618481023e-05,0.3198633391503749,-0.34729,25494
participant_23_question_10.csv,59,0.2089179661016949,0.0368900076633061,224,,0.1143062931010101,54,4,0.9995181883883402,0.2018174243335128,0.0035743577198771,0.0002269428198926,0.0116906058510867,0.00197,262.44214894030586,0.001012482982053,0.3419074552170767,-0.0207499999999999,8789
participant_23_question_11.csv,94,0.1588475531914893,0.0526286581079776,287,,0.0325962006415483,253,4,0.9994793022650352,0.4643346074345179,0.0033670926218188,0.0002197325779276,0.0134362546344757,0.001975,226.84638280203507,0.001638854831535,0.4059618217813397,-0.08643,10138
participant_23_question_12.csv,135,0.1588538518518518,0.0485161937672287,346,,0.0353458375959849,652,4,0.9996535896769724,0.5877252874291675,0.003555628921075,0.0002535603030671,0.0131710637447557,0.002115,275.5501813856415,0.001393403545401,0.3433582502948208,0.41528,12911
participant_23_question_13.csv,142,0.1732841549295774,0.0479506593924312,397,,0.0294105730211098,427,4,0.9996007984031936,0.480604983625889,0.0034666317060288,0.0002561065620848,0.0134989564509794,0.0025299999999999,294.8037096591353,0.0021286368703426,0.4371015071959084,-0.37476,13253
participant_23_question_14.csv,55,0.1981181818181818,0.0471916498933254,172,,0.0342399820311533,73,4,0.998716714789862,0.3537697483589362,0.0035107142857142,0.0002616480082413,0.0136807722318877,0.0026249999999999,127.79664083148242,0.0055411688966254,0.4649509611893886,0.0397899999999999,6013
participant_23_question_15.csv,65,0.1759167692307692,0.0425538348244477,150,,0.0371158847246745,91,3,0.9994036970781156,0.2704231261811415,0.0035436942793462,0.0002451546691575,0.0137673862572585,0.002145,120.07832476962813,0.0064260680232938,0.2867937630737618,-0.11377,5384
participant_23_question_2.csv,99,0.1855956565656565,0.0464282492507537,298,,0.0260602677890325,184,3,0.9996097814776276,0.2931012595716347,0.0034427558792725,0.0002244391289428,0.013254762439859,0.002035,236.6076009666673,0.0021666304746239,0.4268723177205523,-0.12,10503
participant_23_question_3.csv,261,0.1635359770114942,0.0497324509006119,756,,0.0320439262550674,761,3,0.9998698029684924,0.498215434958967,0.0034557370918754,0.0002183858403388,0.013734512970737,0.00213,593.9723581644874,0.0008777843738145,0.3263271938044179,0.04248,26340
participant_23_question_4.csv,50,0.1915619999999999,0.0430024411239474,159,,0.0367490493949487,77,3,0.9993770764119602,0.2962655780792925,0.0034770654162854,0.0002419458795288,0.0130860616962772,0.001745,139.66784103398766,0.0040521667882422,0.3989213802970527,-0.02954,6558
participant_23_question_5.csv,112,0.1725153571428571,0.0517836044489902,314,,0.0333892354642966,504,3,0.9997111496244944,0.683233796476721,0.0032980106524633,0.0002161989801058,0.0144270629661248,0.00163,263.51671255424674,0.0025933903673653,0.3102022841948081,0.05994,11265
participant_23_question_6.csv,136,0.1854108823529411,0.0485604219029223,370,,0.0373729998251768,743,4,0.999649706629302,0.7182417439196034,0.0035269769517305,0.0003018542934037,0.013846010279001,0.00265,295.5593729321446,0.0029107088658869,0.3549321751510454,-0.07348,12886
participant_23_question_7.csv,120,0.1721011666666666,0.0472741332993817,362,,0.046226111083278,136,4,0.9996403201150976,0.1810899871212413,0.0037053921813786,0.0002049708147703,0.0115278835673182,0.00187,310.2608335240405,0.0025452242194131,0.3636521776500152,0.13391,11997
participant_23_question_8.csv,110,0.1644816363636363,0.0480544621834003,354,,0.0310802225612512,479,4,0.999631030347754,0.4493254041712328,0.003591910796165,0.0002345826879338,0.014130465464682,0.0021799999999999,267.4260768694326,0.0004418427979637,0.342786045490539,-0.16784,11995
participant_23_question_9.csv,112,0.1780270535714286,0.0502448389573548,347,,0.0321783047082134,270,4,0.9996198080030416,0.3560146427434302,0.0036102061128526,0.0002587026209289,0.013815845411661,0.00223,272.84369795226576,0.0026645188382923,0.3936992587956221,0.10706,12760
participant_24_question_1.csv,22,0.2139890909090909,0.0447400177349387,71,,0.0412258959514728,156,3,0.999034749034749,0.5447090623886488,0.0040482356995175,0.0003301288654585,0.0141919463981981,0.002445,78.87548600335225,0.0098827728738773,0.3125849536234769,-0.22265,4353
participant_24_question_10.csv,58,0.2062275862068965,0.0446741035311782,218,,0.0268904170806843,39,3,0.9991245987744384,0.2728193109480411,0.0042168442662083,0.0003713930067893,0.0185826589165219,0.002745,153.86324315031976,0.002462459083518,0.236284090104786,0.7204600000000001,10473
participant_24_question_11.csv,25,0.1776567999999999,0.0404235444175912,84,,0.0215064493055025,10,2,0.9983235540653814,0.2778676645670394,0.0041758258757351,0.0003572228681873,0.0159833151343817,0.002115,55.257549755494935,0.0089443075026094,0.2288092437144263,-0.7954100000000001,3911
participant_24_question_12.csv,30,0.180013,0.0481284264231431,103,,0.0193577225886289,46,2,0.9989065062875888,0.5287150293935098,0.003868478659095,0.0004204112185083,0.0126828105014931,0.00241,81.3922774531913,0.001003899024679,0.3043309976673085,0.17969,5459
participant_24_question_13.csv,23,0.1833173913043478,0.0483398930171902,86,,0.0325436158972948,19,3,0.9983342587451416,0.2152783593037411,0.004124811101424,0.0003382562629048,0.0153526551578281,0.00206,58.96724461561051,0.002227068473768,0.2983813904802212,-0.11352,3441
participant_24_question_14.csv,30,0.2074703333333333,0.048658622102016,101,,0.0790042953022508,104,2,0.9992545657845696,0.3549028928734029,0.0042900651748859,0.0004035360838169,0.01301112142155,0.00241,87.74495982773391,0.0025397075748,0.3537366769116697,0.2617199999999999,4603
participant_24_question_15.csv,38,0.1844868421052631,0.0480449433387321,135,,0.0280210798731263,71,3,0.9988146977479258,0.2933088518725847,0.0041412306832991,0.0003323945847439,0.0144146677652923,0.0025749999999999,87.96314506552774,0.0052995159424316,0.3028217014190671,-0.3147,5371
participant_24_question_2.csv,32,0.247680625,0.0494791840560737,121,,0.0300784833436709,63,3,0.9993791390728476,0.3465030145240398,0.004069715841974,0.0003110907567858,0.0150912266610868,0.0018149999999999,108.49550690847418,0.0011591840378226,0.2757999856172959,0.16064,7619
participant_24_question_3.csv,40,0.1901485,0.049654124698823,122,,0.0306444713495229,387,3,0.9993297587131368,0.661823958207884,0.0038011088709677,0.0002788026208017,0.0117897998266148,0.0018249999999999,91.23127033719666,0.0064972696582079,0.2928580766923504,0.06738,5704
participant_24_question_4.csv,28,0.2102478571428571,0.0522641268748539,106,,0.0305346307888143,38,2,0.9993346640053228,0.2990295142773478,0.0041177152899824,0.0003603146475157,0.0170549236004621,0.002235,74.04746258871866,0.0017861723761559,0.2632273874680516,-0.08838,4552
participant_24_question_5.csv,25,0.1918935999999999,0.0519226106567442,75,,0.0139945257504043,30,2,0.9992803166606692,0.1513980626543198,0.0040923138944113,0.0003569901195114,0.0142196759608033,0.00221,60.31256642833358,0.0019137419415713,0.2324116697968753,0.00585,4527
participant_24_question_6.csv,44,0.2853563636363636,0.0452826854635822,141,,0.0950058770040252,80,3,0.9990186457311088,0.4564201141240262,0.004065308901087,0.0004218742760531,0.0127772797390207,0.00261,133.40048497131033,0.000897460741186,0.2488752590527519,0.05468,9291
participant_24_question_7.csv,31,0.1966035483870968,0.0605447683532561,111,,0.0487796274355224,64,4,0.998194130925508,0.5873389364861258,0.0041749323480432,0.0003723001906183,0.0174057731894108,0.002565,90.0045377197269,0.0003825665364531,0.3491060650664268,-0.24072,4804
participant_24_question_8.csv,51,0.228611568627451,0.045670700408221,174,,0.0265767675350532,180,2,0.9996132276155484,0.4604349162191552,0.0041499818572772,0.0003858094276546,0.016474748624059,0.0026049999999999,117.03165507106344,0.0002437581684896,0.2827466771194422,-0.08106,7441
participant_24_question_9.csv,19,0.1653873684210526,0.0629634325083338,64,,0.0222213003550122,30,2,0.9987707437000616,0.400723511644802,0.0041895140873826,0.0002989569602686,0.0137974445346562,0.001765,41.28883008762261,0.0011983039012067,0.2820042087512196,0.03637,2449
participant_25_question_1.csv,43,0.1978558139534883,0.053511475688894,118,,0.0216028964785186,351,4,0.999264841021871,0.5254824166716247,0.004956829768532,0.0003125808295561,0.0109643374793178,0.0031,123.6119151663401,0.0040525515984717,0.3397687731467886,0.1811499999999999,6826
participant_25_question_10.csv,34,0.248305294117647,0.045319933479921,107,,0.0320589348528443,262,4,0.9994560043519652,0.4449900518435288,0.0047283870377151,0.0003104640360789,0.0094812101350891,0.0023799999999999,120.87853428917184,0.0051670701451598,0.28711914098264,0.42847,8193
participant_25_question_11.csv,47,0.2090465957446808,0.050612471979126,126,,0.0256617565082159,702,4,0.9994666666666666,0.5632105298700522,0.0046507176096007,0.0002595798841185,0.0071877275019373,0.002395,124.67032365584672,0.0006782391683261,0.2457141135499858,-0.0334399999999999,8166
participant_25_question_12.csv,23,0.232941304347826,0.0600454823023205,84,,0.0358350905557856,206,4,0.9991924086412276,0.419695273512329,0.0047562749685081,0.000294114480547,0.0085937586739652,0.00308,84.57616968777957,0.0005522463837434,0.2613459315701738,-0.2944299999999999,5557
participant_25_question_13.csv,37,0.195794054054054,0.0524650038388758,116,,0.0300763166721817,175,3,0.9995089212637092,0.3497974837462738,0.0047328109129561,0.000192015012439,0.0067247816280986,0.00169,125.33021983435192,0.000843996256922,0.3014845885886385,-0.0004899999999999,8467
participant_25_question_14.csv,36,0.2383208333333333,0.0470255377953341,107,,0.0300682265674586,87,3,0.9995636363636364,0.2222033521229344,0.0048037568848469,0.0002687487934783,0.0070283035865313,0.0026299999999999,115.87578403082392,0.0005690075762452,0.2675911146029785,-0.10107,7807
participant_25_question_15.csv,18,0.2839077777777777,0.0387989729211878,65,,0.0374688876914623,208,3,0.999198717948718,0.4696207575241038,0.0046764822759087,0.0002688033422711,0.0085144408717494,0.0021199999999999,62.07350280484664,0.0011942285961241,0.2961202164722172,0.27539,4429
participant_25_question_2.csv,17,0.1861076470588235,0.0437819218801512,49,,0.0146089445194403,198,2,0.999315302978432,0.4969662880061201,0.0048686050566695,0.0002101113059889,0.0064355000255813,0.00144,52.28344135315638,0.0086808434663598,0.3000724794516614,-0.1804199999999999,3441
participant_25_question_3.csv,49,0.2057002040816326,0.0480131494835352,140,,0.0236734171395658,419,3,0.99965079734606,0.3638291081833461,0.004757108233018,0.0002050187615959,0.0071105071309856,0.002165,152.84053401095804,0.0023016327609311,0.2552890240851512,-0.15405,9304
participant_25_question_4.csv,35,0.3044777142857143,0.0471975373747585,115,,0.02516922849431,510,3,0.9992800575953924,0.7052593296746688,0.0045152565357192,0.0002864163313584,0.0089267729326516,0.0026449999999999,112.72312195732208,0.0004760567772546,0.3926783990727594,0.01978,7153
participant_25_question_5.csv,40,0.181422,0.048014981991876,120,,0.0284518191123778,337,3,0.9995212256623044,0.4367394440446285,0.0048131760185587,0.0002905045543312,0.0090774977663738,0.002165,113.7726112003484,0.0010778025484381,0.2835659175176427,-0.01342,6897
participant_25_question_6.csv,58,0.1814932758620689,0.0526312430368822,177,,0.025234687142607,189,4,0.9994985583552716,0.2976614426307965,0.0047862470474554,0.0002676525010951,0.0081966636919645,0.002955,158.47409780196716,0.0009079367816299,0.2725959337321603,0.04663,9314
participant_25_question_7.csv,28,0.1998724999999999,0.0567793154697009,101,,0.0295729317265966,259,4,0.9993142465283732,0.4271725243568802,0.0047035615703113,0.0002496785565838,0.0074284398507712,0.00222,98.45644500692688,0.0014755516181497,0.2753219332935612,0.3415499999999999,6521
participant_25_question_8.csv,42,0.2188721428571428,0.0508291799198959,127,,0.0236406618068722,246,4,0.9993610223642172,0.3524898985252305,0.0047460808310801,0.0002918979632684,0.0083792380303749,0.00315,111.16248183805185,0.0011205872600894,0.27600011959118,-0.43091,7027
participant_25_question_9.csv,55,0.2492234545454545,0.0520832444047149,182,,0.0318336375192458,271,3,0.9995541685242978,0.6254230685934747,0.0046449257222587,0.0003972161630878,0.0094376143004824,0.0033549999999999,178.87814964000307,0.0035691019425661,0.3909790097716418,0.00098,12184
participant_26_question_1.csv,18,0.1727438888888889,0.0607117897128249,71,,0.0391692709618638,136,3,0.9986882378662004,0.5234311886800447,0.0055300629921259,0.0002977427084605,0.0064406369684948,0.00183,66.00714998280161,0.0125956222942094,0.4784415227944831,-0.05371,3175
participant_26_question_10.csv,6,0.2459316666666666,0.058139213187706,26,,0.0326228929608399,22,4,0.9956188389923328,0.4298731281535437,0.0053975339185953,0.0002187175670786,0.006222149192841,0.00119,20.617147544204563,0.0207413425282294,0.3760700799638869,-0.0473699999999999,1253
participant_26_question_11.csv,46,0.2692130434782608,0.0538276002729833,178,,0.043525323387852,363,4,0.9994988724630418,0.8144827127289551,0.005396805763874,0.00038045455075,0.0097092155778104,0.0037149999999999,144.2541324073585,0.003909451879327,0.3910305490736422,-0.01367,9334
participant_26_question_12.csv,18,0.2065983333333333,0.0540510216195279,60,,0.040120098266723,89,4,0.997926386728875,0.522435575077886,0.0053585592166614,0.0002991218350967,0.0062970458161573,0.00283,48.97921436091537,0.0038793519263976,0.4475888124677545,0.0131899999999999,3217
participant_26_question_13.csv,51,0.2051549019607843,0.058130357951959,228,,0.0468636965090199,515,4,0.9995708614955476,0.7071647756446556,0.0054199480200359,0.0003364597693524,0.0080416670206205,0.00338,172.85581079586555,0.0022414588021017,0.3477228090573909,0.13428,10581
participant_26_question_14.csv,56,0.1947373214285714,0.0494027884877431,207,,0.0669730884314401,321,4,0.9994389114882872,0.6189922458050365,0.0054360898455247,0.0002638502394904,0.0080597129570793,0.002555,156.87474249999832,0.0004758296186653,0.3963036764227261,-0.1201199999999999,8804
participant_26_question_15.csv,17,0.1590935294117647,0.0656052006813086,57,,0.0376653427769554,64,4,0.9979777553083924,0.5395561712651522,0.0053251839464882,0.0002502033195493,0.007243077842509,0.001445,42.14435637812176,0.0187315909351362,0.3906307095284668,-0.1210999999999999,2392
participant_26_question_2.csv,23,0.2243756521739131,0.0579530400967704,96,,0.0326209186852079,277,3,0.9991666666666666,0.8085650362232676,0.005279527826468,0.0002851317051439,0.0071452760944226,0.0031299999999999,74.07926292698193,0.0007475598505396,0.3492566843926398,0.53711,4564
participant_26_question_3.csv,23,0.2497460869565217,0.0423712791584632,69,,0.0265484890935191,60,3,0.999084528532194,0.3704143146461884,0.0050888074341765,0.000308085286428,0.0078816689023531,0.0023999999999999,59.70927785922437,0.0058234550880256,0.3239545443279925,-0.66943,3874
participant_26_question_6.csv,33,0.277979696969697,0.0572284833959443,135,,0.0253616435455955,167,4,0.9987889797154104,0.7289718796458247,0.0052506407056082,0.0002092676502863,0.0056939062590508,0.001515,97.38032448689955,0.0015546360337036,0.4401652745061486,0.2480399999999999,6009
participant_26_question_7.csv,13,0.2175115384615384,0.0377926525238908,49,,0.1896000569636955,30,4,0.9980059820538384,0.3047528558246711,0.0053155850835833,0.0002568363414397,0.0081365866239708,0.0023049999999999,55.32343154277905,0.0007978438714362,0.3928073188450351,-0.2280299999999999,2333
participant_26_question_8.csv,33,0.2150063636363636,0.0453587512746274,131,,0.0679475670040231,118,4,0.9992563673545268,0.5167505917206792,0.0056872909809084,0.0003100855866122,0.0104316890729206,0.00289,118.433677837928,0.0089404278610731,0.4536261171193975,0.46875,6076
participant_26_question_9.csv,9,0.2584066666666667,0.0490634343628643,36,,0.0523512051216288,24,3,0.9963325183374084,0.4903185971540574,0.0052869702216066,0.0001119178372684,0.0054904375550283,0.0006999999999999,24.78448846319567,0.0365113183705244,0.3908479475434247,-0.3872,1444
participant_27_question_1.csv,30,0.2345213333333333,0.0462923331188104,100,,0.0454607567564068,469,3,0.9988776655443322,0.8081240154413996,0.0046820911285455,0.0003769078638916,0.012626665598534,0.00275,88.20414819256149,0.0062294135862793,0.3592051692936447,-0.33301,3314
participant_27_question_11.csv,43,0.2034888372093023,0.0476270351436246,171,,0.0264471254233538,596,4,0.9992790194664743,0.7367960601356539,0.0041923008155583,0.0002549217063841,0.0097481649784512,0.00227,127.10337695809125,0.0055582759912593,0.3076032724911541,0.19434,6376
participant_27_question_12.csv,81,0.1789753086419753,0.0497613588822377,304,,0.040092105625237,944,4,0.9993212285762768,0.9683407456649976,0.0044175118714233,0.0004097132081763,0.0122582015129023,0.0026599999999999,219.73043437914515,0.0001746497175278,0.4104743276320152,-0.3291,8213
participant_27_question_13.csv,121,0.1766804132231405,0.0519837863926783,401,,0.0377631650866302,1006,4,0.9996540690132318,0.5872244210600378,0.0044429372819536,0.0007451078160771,0.0133290410479976,0.010445,301.3124968243003,0.0024795184252491,0.2818233168358766,0.1543,12612
participant_27_question_14.csv,61,0.1736283606557377,0.0567730328276726,195,,0.0175719916435581,469,4,0.999206978588422,0.6897205640094294,0.004300777424094,0.0001955299822695,0.0082392372916234,0.00205,154.57345474665817,0.0004588117256247,0.3868263937292486,-0.26758,8168
participant_27_question_15.csv,65,0.1499915384615384,0.0509060208659872,206,,0.0537558741192604,470,4,0.9991171926726992,0.843866170130737,0.0044510166537567,0.0008112002638324,0.0186628764051932,0.00469,148.70548139050888,0.0055475859509782,0.3757928495626718,0.0068299999999999,5164
participant_27_question_3.csv,45,0.1891482222222222,0.0561234208417261,162,,0.0347281452422482,437,3,0.9995885338088054,0.5803411368272368,0.0043443957420162,0.0002606119813361,0.0092000847860381,0.00326,143.5291916913909,0.0013432767821264,0.3514237598204424,0.06787,7985
participant_27_question_4.csv,44,0.1891977272727272,0.0524428200255384,156,,0.0404741848393763,401,3,0.9993018384919712,0.6211658462661568,0.0042566948750395,0.0003135291315935,0.0121678844994063,0.00794,141.99164911055857,0.0020592719728494,0.4058713980351452,0.00439,6322
participant_27_question_5.csv,37,0.1827094594594594,0.054636158498137,98,,0.033716768572633,425,3,0.9991092636579572,0.7330376712107064,0.0043510443565181,0.0003462477173776,0.0099652195546933,0.00265,88.43699558335291,0.002793205430558,0.3331395299121433,0.0263599999999999,4802
participant_27_question_6.csv,18,0.2247716666666666,0.0589031353678396,45,,0.0203330531049927,220,4,0.9967611336032388,0.8712341295018277,0.0045806804536357,0.0001940136545631,0.0076564021057095,0.0008599999999999,36.00139310066025,0.0156948686897672,0.3712288281968185,-0.05371,1499
participant_27_question_7.csv,53,0.1625599999999999,0.0558352328087018,169,,0.0390608941606042,546,4,0.9991523627887264,0.7676516191805247,0.0043792146059021,0.0003372781641808,0.0137497334250525,0.0027799999999999,130.41138996334348,0.0056402904299542,0.352879819479939,0.00635,5354
participant_27_question_8.csv,55,0.1661487272727272,0.0500999096626611,173,,0.0273652447890805,495,3,0.9995530393325388,0.649658906229059,0.0041631374894455,0.0002645162104564,0.0103263345854867,0.0024149999999999,149.42766953137092,0.0004682551597075,0.3750707188591919,0.32715,7106
participant_27_question_9.csv,27,0.1586551851851851,0.0455584922393363,70,,0.0267652185627294,212,4,0.9974953036944272,0.783620623220555,0.0042778978388998,0.0001786359618103,0.008868494488538,0.00107,48.79653710735074,0.0159901217422579,0.3553529856625518,-0.26074,2036
participant_28_question_1.csv,64,0.1888231249999999,0.050392925803236,245,,0.0919835127127438,278,4,0.9994879672299029,0.6273807636005153,0.0047131418355184,0.0012132106696157,0.0472966131189689,0.030515,263.3867209043036,0.0021539487206,0.3478335965189712,-0.24606,8390
participant_28_question_10.csv,118,0.1780962711864406,0.0487188431516971,424,,0.0854440031340719,337,4,0.9996122528111672,0.528037486115933,0.0034795953244659,0.0005689741200236,0.020006615312075,0.005475,332.1196087855037,0.0024866703026782,0.4400424305832311,-0.02002,12405
participant_28_question_11.csv,89,0.2102907865168539,0.0449163437326304,309,,0.05364904931945,229,4,0.999403608170568,0.5580921902286933,0.0036130390676606,0.000414676131947,0.0206242869003739,0.005245,260.08260548262257,0.0032172453651151,0.431239936610905,-0.20099,10597
participant_28_question_12.csv,43,0.1676165116279069,0.0494313012255015,120,,0.0318850707584439,115,4,0.9991249179610588,0.2908965254466128,0.0040239892451702,0.0003708401474235,0.0162488287407715,0.0028399999999999,103.52179087054762,0.0067730235992529,0.2392183806482693,0.06519,5021
participant_28_question_13.csv,111,0.1886181081081081,0.0512613405613257,368,,0.0546591102219083,390,4,0.9996209249431388,0.6055453245754463,0.0038337485005997,0.0022525035760634,0.0175832877325541,0.022755,285.19608885206355,0.0023628987363347,0.2937304356163613,0.0268599999999999,12505
participant_28_question_14.csv,120,0.1728746666666666,0.0538457417191238,416,,0.0777623761142855,276,4,0.9996651598861545,0.4473756459925932,0.0038803508293746,0.0016175731047957,0.0385408393736753,0.02638,346.5049717120922,9.50112694258295e-05,0.4056428615754154,0.02491,12841
participant_28_question_15.csv,53,0.1949788679245283,0.0427852013345668,179,,0.0345757181564435,526,4,0.9990478457510116,0.7878226116912707,0.0038630078671328,0.0004199878504415,0.009679321348604,0.0024349999999999,124.6640728310085,0.0034009679593497,0.3101820997642064,-0.13892,5720
participant_28_question_2.csv,47,0.209513829787234,0.0541136573603084,233,,0.12072632360127,149,3,0.9994476155404162,0.4610294255134671,0.0042861957478005,0.0005679010879549,0.0178828490559029,0.00676,216.28199481159027,0.0004852456761472,0.3647940314372814,-0.16159,6820
participant_28_question_3.csv,116,0.243288448275862,0.0538341220722347,418,,0.1373390189847715,330,4,0.9996584407821706,0.7445182143225587,0.004234009605051,0.0020543203101191,0.0585650197436487,0.050545,370.7729213593776,0.0006543528863508,1.0206970376390276,-0.0050899999999999,14888
participant_28_question_4.csv,24,0.2008925,0.0534456016709092,75,,0.0413309947974225,52,3,0.9987129987129988,0.4744745979455165,0.0041353795620437,0.0004414948914136,0.0133648613874247,0.002095,53.56076398065931,0.0145299911295864,0.2982167953851083,0.01923,2740
participant_28_question_5.csv,111,0.2158615315315315,0.0520616684300508,344,,0.0461891067260057,341,3,0.9997772166938956,0.4204377502042327,0.004005118411806,0.0008598196903379,0.0135166657046871,0.008955,287.66651844624346,0.0029080741134398,0.3289988764473819,0.0063399999999999,14230
participant_28_question_6.csv,131,0.1905645801526717,0.0530136213241279,396,,0.0509438034756742,660,4,0.9996210685865858,0.7803780977124425,0.0037841805321115,0.0004373667717064,0.0131193697602223,0.0029699999999999,286.28204918622623,0.0011117559458145,0.3440666311857877,0.07379,12441
participant_28_question_7.csv,39,0.2063230769230769,0.0490712592201162,121,,0.0195552622533213,348,4,0.9989171629669734,0.5808971107028745,0.0043147625300941,0.0003384981627775,0.00762546307575,0.00299,94.54915273104952,0.0039657494616513,0.2817145988730525,-0.08667,4569
participant_28_question_8.csv,65,0.1840913846153845,0.0542414935555517,231,,0.0490884086799691,194,4,0.999385937979736,0.4840077647808947,0.0037287375553097,0.0004497287582667,0.0184010227076656,0.00324,189.62543038496472,0.0038622699454611,0.2861654805453847,0.4460999999999999,7232
participant_28_question_9.csv,87,0.1894565517241379,0.0444167128194544,310,,0.0444454982483614,231,4,0.999399128736668,0.53769434464041,0.0036752109129066,0.0003137495251627,0.0135085935084462,0.003115,228.24870325541065,0.0033496667658555,0.3376843461919257,-0.33972,9530
participant_29_question_1.csv,28,0.2015453571428571,0.0686811146298216,120,,0.0600359468472845,464,3,0.9996126033057852,0.7672271222659878,0.0045024556916854,0.0002559360165886,0.0085325274601495,0.0022549999999999,115.0696047246963,0.0045067839635851,0.3251580650368087,0.1674699999999999,8407
participant_29_question_10.csv,11,0.16622,0.0728252921689625,62,,0.1169442059913333,124,3,0.9982014388489208,0.7362619893399162,0.0046136613216715,0.0003708334039426,0.0183739347038031,0.00263,53.07121158717711,0.0140730229866916,0.402513468151747,-0.3685,2058
participant_29_question_11.csv,8,0.2202675,0.0451327893798896,42,,0.0977096709323105,58,3,0.9971209213051824,0.7873663049354723,0.0045561426319936,0.0001654289578562,0.0150141021074771,0.001585,32.2094565508461,0.0232762048494785,0.4003992075378111,-0.04017,1269
participant_29_question_12.csv,13,0.2200376923076923,0.0549253021111102,54,,0.0487368018552476,108,3,0.9986642920747996,0.6053831170878103,0.0045746085702513,0.0001663394746438,0.009614798940244,0.00177,39.008456353214086,0.0220228115475535,0.3031385257585437,0.0067699999999999,2427
participant_29_question_14.csv,14,0.1670321428571428,0.0412489021206671,64,,0.0842566316994775,37,3,0.998598785614199,0.3364773289280577,0.0046409326211996,0.0002619356499141,0.0139091271477323,0.00199,51.8042519014149,0.0018849486922201,0.3388987821913602,-0.25443,2434
participant_29_question_2.csv,19,0.2802636842105263,0.0486388435309858,88,,0.0845099349938867,142,4,0.9990976765170314,0.4124673375647811,0.0045591108569051,0.000238614633687,0.0113372373140401,0.00242,84.48081644586867,0.0041555669229502,0.2911620463737943,-0.44239,4808
participant_29_question_3.csv,24,0.1635866666666666,0.0637111814543618,112,,0.0577848136857053,378,3,0.9995092425977424,0.6522144148818787,0.0044381647201577,0.0002513376599526,0.0088439507820286,0.002105,100.80968612275214,0.0084750958879212,0.3069793810922498,-0.03383,6593
participant_29_question_4.csv,27,0.2579403703703704,0.0463803498770125,139,,0.0974110166543777,88,3,0.999316317228806,0.4269391442894802,0.0046093732406027,0.0002368521843484,0.0110030560341322,0.0026349999999999,112.41114057344312,0.007654429202756,0.374145025560071,-0.07326,6039
participant_29_question_5.csv,10,0.1628109999999999,0.0423857007280507,42,,0.1175481434151114,43,3,0.997240110395584,0.5784316042315181,0.0045547206923682,0.0002351152283676,0.0182628521861076,0.001755,39.77932709396586,0.0041456134892947,0.4656697586681953,0.18781,1271
participant_29_question_6.csv,6,0.1966483333333333,0.0444814969681043,31,,0.0500855754712993,32,4,0.9940387481371088,0.8701981774556121,0.0046481549295774,0.0001323352884871,0.0137092821370435,0.0017749999999999,20.98311398664203,0.0326771846445616,0.372690137198913,0.2544,1065
participant_29_question_7.csv,10,0.193239,0.0617979130253624,60,,0.0770680241619767,116,4,0.9973509933774836,0.8931220750013796,0.0045249971428571,0.0002785838421996,0.015609618758167,0.00189,42.9082621652629,0.0114161658446914,0.3640816317272776,-0.36795,1750
participant_29_question_8.csv,10,0.157885,0.0666190368632123,56,,0.1121075254418397,80,3,0.9978525411596276,0.849847194963169,0.0044756534226902,0.0002741098418495,0.0137044970159201,0.0018899999999999,43.87958090167901,0.0117776989851052,0.3737322384002035,0.28797,2089
participant_29_question_9.csv,15,0.1362906666666666,0.0673924873487481,51,,0.0871967540330857,122,3,0.9983127109111362,0.7986220791175818,0.0046219094977623,0.0002530453183365,0.0124033102317956,0.002195,40.34151351862271,0.0015292311374351,0.3563216940351111,-0.03952,2011
participant_2_question_1.csv,47,0.1871302127659574,0.0475863781947535,170,,0.0554204349143301,54,2,0.999680204669012,0.6897659836429556,0.0036844583041345,0.000323840323615,0.0112866192664437,0.004165,128.13142734421882,0.0018485823278209,0.4674771447465591,-0.52247,7135
participant_2_question_10.csv,63,0.1734673015873016,0.0542625493721891,451,,0.2468692625672553,107,3,0.9996725963112518,0.3688335217342223,0.0036280505733607,0.0005668020094155,0.0216225213053453,0.00518,420.8097080834465,0.0008824658691562,0.8719913796585755,-0.1536799999999999,10203
participant_2_question_13.csv,131,0.1611657251908397,0.0597976172952582,632,,0.0894499644133944,101,3,0.9997533706017756,0.2979333719794909,0.0037919523597506,0.0003442064095074,0.0102290145513686,0.00371,626544.9913762724,6.9535782165587e-07,3792.967838710281,-0.13452,13476
participant_2_question_15.csv,145,0.1758359310344827,0.051479675983133,519,,0.0412455690783168,70,3,0.9997380598969702,0.3618620851477524,0.0039468454222084,0.0002770102179365,0.0052086786079941,0.00213,304.1674654315363,0.0010071271004428,0.5417499316988126,0.07349,12932
participant_2_question_2.csv,61,0.1963313114754098,0.0444134659009821,331,,1.1582414282620823,417,2,0.9996940492580696,0.4765361886688215,0.0036637474978553,0.0003378489369751,0.0202258415901834,0.002495,972.918815241877,0.0003274417139384,4.253011464885179,0.65628,6994
participant_2_question_4.csv,20,0.2885775,0.0450385256758635,150,,0.0694410748232767,50,2,0.9994952044422007,0.6330179302831302,0.0036108750736593,0.0002711671980388,0.0131278035049899,0.00289,99.09721519351316,0.0019014097199139,0.5501905238171345,-0.14101,5091
participant_2_question_6.csv,84,0.1645429761904762,0.0547193906028033,318,,0.0756063642000244,44,3,0.9997105643994212,0.2078645808120807,0.0038144316028798,0.0002805666716135,0.0082206273069533,0.001785,250.74348523770803,0.0044645780610782,0.4443663381177652,-0.0518799999999999,10556
participant_2_question_9.csv,86,0.1803202325581395,0.0526334756978919,461,,0.1207578729215611,285,2,0.9998047637641546,0.5406738313413567,0.0037415977772703,0.0003227174679275,0.0143672992421472,0.0030149999999999,352.26943453603,0.0027816913405335,0.5130513375462786,0.0060999999999999,13137
participant_30_question_1.csv,36,0.2948033333333333,0.0484412789928138,129,,0.025509954372421,262,3,0.9994666666666666,0.8860793848518266,0.004007186540259,0.0003334775055115,0.0122917732965146,0.0024799999999999,112.93666028463949,0.0053965074986798,0.4280594630713534,0.36865,7489
participant_30_question_10.csv,39,0.2234528205128205,0.0440383837230706,221,,0.0499042974670607,352,3,0.9996545768566494,0.6948935963968743,0.0116708876149056,0.0155869741484547,0.0854155339333231,0.055165,157.20754521713528,0.0018288506853443,0.6254095002060601,-0.00695,10117
participant_30_question_11.csv,18,0.15499,0.0415077083202466,84,,0.0820011640208736,129,4,0.9980925131139724,0.86104101824593,0.0038837138899881,0.0005796502466537,0.0304487755570018,0.00647,56.12786034595332,0.0051272985320324,0.3891452356403404,0.2205499999999999,2527
participant_30_question_13.csv,32,0.1829940625,0.0416840275672037,111,,0.0300903955468149,159,4,0.9987187700192184,0.842128330478929,0.003968888603696,0.0004895308584861,0.0211619528457764,0.00427,72.59624168783002,0.0095379368618927,0.3932726700534207,0.0139199999999999,3896
participant_30_question_14.csv,13,0.2210123076923077,0.0421481268219174,54,,0.0408278026207183,31,3,0.9980237154150198,0.51562540762421,0.0038774541904475,0.0002543354030126,0.0106214085493948,0.0020399999999999,44.00944769849917,0.0070221905217503,0.4501500706342511,0.03308,3329
participant_30_question_15.csv,70,0.1406078571428571,0.0543746051292596,277,,0.0487649072544967,530,4,0.999628149112206,0.7777476001293535,0.0047803027493348,0.0038527073919542,0.0537336094713318,0.033245,204.67505841636847,0.0038095760377427,0.4345987905272375,-0.0805599999999999,12403
participant_30_question_2.csv,23,0.1974269565217391,0.045884035135027,80,,0.0327415071779114,81,3,0.9987694831829368,0.6315735261394219,0.0040689453246349,0.0002899439396795,0.0113796596920297,0.00185,51.01052360888772,0.0010477505263213,0.3818794386942356,-0.3546499999999999,3219
participant_30_question_3.csv,18,0.223355,0.0396058994850476,63,,0.0332633994181025,113,3,0.9980928162746344,0.8569587876637216,0.0040098773773773,0.0002703204961695,0.0125136203650883,0.0014799999999999,37.319915568058015,0.0257989883388303,0.3654047433306713,-0.1141799999999999,1998
participant_30_question_4.csv,51,0.2005101960784313,0.0446587042313986,197,,0.0219573138933377,531,3,0.9996055745464107,0.6930566984013227,0.0040926400717167,0.0003137732867402,0.0144954807230796,0.002515,138.9022639956981,0.0041313948793548,0.296982064884832,0.22772,8924
participant_30_question_5.csv,31,0.1917590322580645,0.0556075447276098,135,,0.0600397452595857,206,3,0.9991939817302524,0.7953122619592655,0.0041440192483959,0.0010811902624796,0.0162180315656758,0.00747,102.46191006875056,0.0023291922461809,0.5243504704125925,-0.33458,5455
participant_30_question_6.csv,29,0.2319610344827586,0.0420469757626706,120,,0.0727777256381448,212,4,0.9991449337323642,0.7034184351908244,0.0039908026315789,0.0003510361612203,0.0151519374005169,0.002485,95.87572884564904,0.0099534077570234,0.3721573418261101,0.48937,5700
participant_30_question_8.csv,46,0.2401630434782609,0.0403622632379079,177,,0.0427249141905928,322,3,0.9996132026817948,0.6990639285103253,0.0042137351383166,0.0006553919417415,0.0428781995909152,0.005195,118.27712727374386,0.0065926446734455,0.2747909905896222,0.0703099999999999,8495
participant_30_question_9.csv,37,0.1709216216216216,0.0471935151908472,146,,0.0284916182640808,262,4,0.999195494770716,0.7569472090102475,0.0042958610220947,0.0011445126203093,0.0168476271371445,0.006375,99.46737507699636,0.0007194628510968,0.3427001271277283,0.2682799999999999,5929
participant_3_question_1.csv,27,0.2477611111111111,0.0505666106980183,72,,0.0222867960199262,6,2,0.999494438827098,0.2363510612935578,0.0041125631405563,0.0001840926754207,0.0054539908413301,0.0012749999999999,91.0811792873554,0.0022410595460694,0.2795780148889148,-1.052,5464
participant_3_question_10.csv,29,0.2739172413793103,0.0485933692355201,69,,0.0153344898570663,67,3,0.9991615427613192,0.3060327999301074,0.0040517585335018,0.0001543847087004,0.0067290810921113,0.001155,71.36234405418838,0.0082301685909357,0.2068075608408308,-0.07348,3955
participant_3_question_11.csv,35,0.3194262857142857,0.0479996949131056,120,,0.0344493497229434,130,3,0.9992566897918732,0.3650893249663589,0.0041405846306724,0.0002523234976014,0.007018181694833,0.002945,115.19711316150648,0.0037684524480372,0.2914795568401716,-0.04101,6038
participant_3_question_13.csv,51,0.2240039215686274,0.0451083382588759,150,,0.0290221497660445,79,3,0.9995680345572354,0.3409073855376031,0.0039458303770857,0.0002542119378987,0.0079658910745845,0.0018099999999999,137.9752353442621,0.0001716593543305,0.2338130570202845,0.15357,7611
participant_3_question_14.csv,43,0.2383044186046511,0.050057905249741,134,,0.0225822630555182,135,4,0.9994794377928162,0.5743815365844724,0.0038714926761218,0.0002068204435958,0.0067300656766931,0.001605,139.97551322463818,0.00032993700701,0.2698896592530887,-0.25439,8602
participant_3_question_15.csv,110,0.220021,0.0445942556653385,279,,0.0226450290935666,108,4,0.9995673336938886,0.184650128596183,0.0037108345780433,0.0002674031636147,0.0068212310533211,0.001975,229.90964771984932,0.0002584554627524,0.265006297759744,0.1464899999999999,10712
participant_3_question_2.csv,20,0.4369989999999999,0.0395676760253209,58,,0.0280541043332883,62,3,0.9992473657802308,0.2782381443830699,0.0041064638041163,0.0002616647459069,0.006057531103721,0.0016749999999999,84.82475450435524,0.0023345439130615,0.2313852817225736,0.06397,5636
participant_3_question_3.csv,22,0.2703695454545455,0.0431092011517264,75,,0.0137358109068274,30,3,0.9993045897079276,0.2871908570251923,0.0038912497594766,0.0001478605085897,0.006949955381871,0.001125,84.71357162557243,0.0033587404339382,0.2491003560411315,-0.0692099999999999,5197
participant_3_question_5.csv,69,0.3899362318840579,0.0478539876264165,245,,0.0294162130739529,102,4,0.9997478408876,0.1702623319231725,0.0038379432101564,0.0002470835048998,0.0069524326179099,0.0032099999999999,263.6204486044587,0.0005683924925752,0.2305292308494242,-0.401,17644
participant_3_question_6.csv,47,0.2598206382978724,0.04606262441499,171,,0.0214014193326969,56,4,0.9994173343044428,0.3665769185786134,0.0039180915612234,0.0001892462274063,0.0067453593755507,0.00148,166.7776876016171,0.0019545386038111,0.2771929155285256,0.13391,10037
participant_3_question_7.csv,83,0.2958761445783133,0.0403799822209748,255,,0.0232399322505766,289,3,0.9995698924731182,0.5072311313650669,0.0039007041868101,0.0002684146183441,0.0062623695442883,0.00168,222.3077311712921,0.0024633223434311,0.3171286325177271,-0.19312,10963
participant_3_question_8.csv,43,0.2302360465116279,0.0435583127593404,153,,0.0289558914516092,83,3,0.9996221662468514,0.2891766569175005,0.0038134580143818,0.0001840515520796,0.0074975694785206,0.00158,143.60205075982236,0.0020966081371368,0.2383153029479337,0.30811,8622
participant_3_question_9.csv,22,0.2345022727272726,0.0502006776802391,66,,0.0126241685671977,58,3,0.9990689013035382,0.3116318262234284,0.0038321153846153,0.0002036965970338,0.0081118099711497,0.001605,61.002359224640514,0.0060007604722356,0.2265263385308826,-0.20788,3562
participant_5_question_1.csv,47,0.2740395744680851,0.0629965909849904,134,,0.0446991485280169,124,3,0.9996944699052857,0.2817999991788831,0.0034481779818215,0.000309460067587,0.0125362181474455,0.00881,157.31565819343837,0.0018404618961699,0.2440688485132887,-0.29443,10782
participant_5_question_10.csv,16,0.332456875,0.0395736298212065,48,,0.0174574017938303,15,3,0.998819362455726,0.2454338205877881,0.0034696643271284,0.0002042879001752,0.0090458778541547,0.00132,40.72760055194131,0.0140823905106569,0.2530387118202226,-0.0405199999999999,3277
participant_5_question_11.csv,13,0.3417592307692307,0.0434040138947223,41,,0.0241803393412695,95,3,0.9987704918032788,0.4766357088709819,0.0035639925373134,0.0001811173356786,0.0100241748681823,0.0011749999999999,38.49060043150031,0.0008726720847019,0.2778172041256188,-0.0542,2814
participant_5_question_12.csv,36,0.2897277777777778,0.0562880111242075,154,,0.0207623023696984,51,3,0.9996855675505713,0.2095119539909555,0.0034999496785015,0.0002040345604015,0.009939342046336,0.001905,133.95404000470887,0.0045935986685712,0.2339640675212074,0.6831,10731
participant_5_question_13.csv,35,0.205636,0.0493909372086,137,,0.0156454751179554,94,3,0.9996408045977012,0.3724710300445745,0.0034851712217781,0.0002015672640945,0.010494927324526,0.0021849999999999,124.29031367064609,8.97252333973896e-05,0.2637645279990518,-0.25537,9257
participant_5_question_14.csv,30,0.176236,0.0515378318928114,96,,0.0399811014406926,40,2,0.9995150339476236,0.2082526610034156,0.0034031332907144,0.0002882215661985,0.0104251974544501,0.002405,81.0269436878225,0.0081902982003099,0.2639162243056076,-0.3754899999999999,6257
participant_5_question_15.csv,17,0.1886764705882352,0.0474033658215271,63,,0.0291926478564065,34,3,0.9989521480964024,0.324238342304704,0.0034675423968343,0.0001870469889395,0.01208459321596,0.00125,48.91676431364657,0.0070750657634149,0.2850577927814879,-0.1001,3538
participant_5_question_2.csv,46,0.391219347826087,0.0510098319617524,130,,0.0210231980523022,5,2,0.9998063516653756,0.0762893285528783,0.0036753394907638,0.0002717495559788,0.0110011952286211,0.00499,107.63451362552968,0.0048582049950524,0.1927019045248316,0.71631,12018
participant_5_question_3.csv,88,0.3341117045454545,0.0502673232001531,301,,0.0199877405319298,92,4,0.9997615783513144,0.2393089911141827,0.0034929416410904,0.0002827321179348,0.0101898229977611,0.00259,252.2005758557788,0.002656636675426,0.2835816320201691,-0.65039,22156
participant_5_question_4.csv,28,0.2229521428571429,0.0408803427246762,96,,0.0196245318549024,24,2,0.999650471862985,0.1906704927614372,0.0034282713837886,0.000233972547751,0.0109039093564938,0.0021049999999999,81.74097074199219,0.007682168912838,0.2540368265589751,0.20508,6699
participant_5_question_5.csv,7,0.2287942857142857,0.0568874982838793,22,,0.0184502053320834,2,2,0.9985454545454544,0.2995832654154128,0.0036147324840764,0.0002360532537931,0.0092920457439032,0.0010699999999999,20.38121565746556,0.0027130552520092,0.2392397519057509,-0.08544,1570
participant_5_question_6.csv,22,0.205255,0.04659356219772,90,,0.0232208154737015,31,2,0.9996108949416342,0.2019380927564718,0.0035265272201702,0.0002520203655972,0.0090927809619828,0.00187,71.42540009446964,0.008625906101138,0.250078009798454,-0.11279,6227
participant_5_question_7.csv,35,0.2702985714285715,0.0475779789802352,133,,0.2174303767807915,25,3,0.9987829614604462,0.4061210559944351,0.0033586625013822,0.0002450808301091,0.0080699445957699,0.0029499999999999,151.68975165046896,0.0041279767001319,0.3514514616127375,0.20068,9043
participant_5_question_8.csv,12,0.3197,0.0470924180535733,43,,0.0240001975624311,6,2,0.9994855967078188,0.2685759463881693,0.0037167828162291,0.0002172449165938,0.0080636164200691,0.0011099999999999,40.569315920874445,0.0003007610983722,0.2329246648236829,0.04052,4190
participant_5_question_9.csv,39,0.2248592307692307,0.0515747537074293,138,,0.0273373278448763,53,3,0.999622641509434,0.1685491878932933,0.0034553533645981,0.0002192915488826,0.0099353340390627,0.00212,110.31344126240842,0.0002001594161984,0.2527536477953452,-0.1875,9169
participant_6_question_1.csv,70,0.2128831428571428,0.0445305371138006,183,,0.026439258951214,812,3,0.9995250910242204,0.7363133318296397,0.003778161800785,0.0003283299213299,0.0172583497177581,0.0022,195.12692262320328,0.0020507749446173,0.3747466751183412,0.06445,8152
participant_6_question_10.csv,91,0.1748151648351648,0.047933462310382,245,,0.0298726418601251,775,3,0.9995750708215296,0.6933779593927721,0.0037436455242334,0.0002636672476764,0.0163556000573802,0.002055,182.63719414202453,0.0001595257812598,0.3179093649516165,-0.22852,8088
participant_6_question_11.csv,32,0.1964571875,0.0402643099572755,82,,0.0098649603134022,554,3,0.9992311635058944,0.6817296061729197,0.0037213554481546,0.0001886296590178,0.0119422067745675,0.0016449999999999,87.5976958506925,0.0022406888340059,0.3321699634786059,0.01367,4552
participant_6_question_12.csv,90,0.2104387777777777,0.0435174256488487,230,,0.0227636095351777,1230,4,0.9995035989079176,0.7211516611912965,0.0037108515304217,0.0001989970899416,0.0122858434965296,0.001785,205.13962620405096,0.0033211952856435,0.3756840732394952,0.0600599999999999,10716
participant_6_question_13.csv,114,0.2011327192982456,0.0440608212808531,315,,0.0229327023225732,958,4,0.9996226059062177,0.8294258344328638,0.0037395401620643,0.0002581530804032,0.0156408043593705,0.00205,276.60474941468345,0.0013531864873237,0.3301229781215711,0.0874,12711
participant_6_question_14.csv,34,0.1771026470588235,0.0461834251389331,85,,0.0219909058825258,429,3,0.9988657844990548,0.7378976838531864,0.0037655318404478,0.0002385662076033,0.0163448904244216,0.0017,68.56509024464714,0.0063815703552514,0.2850247473617906,-0.18945,2858
participant_6_question_15.csv,113,0.2040970796460177,0.0458192214487606,303,,0.022576623205214,1065,4,0.9996282873338908,0.7525722681849303,0.0038143138088246,0.0002663321803267,0.0144481528741143,0.0021649999999999,265.8798570003363,0.0016690579885308,0.3246027896462251,0.2431699999999999,12941
participant_6_question_2.csv,141,0.1992529787234042,0.0432317091377523,364,,0.0188300546226653,1074,3,0.9997043169722056,0.7280402575429907,0.0037754079696394,0.0003361593636251,0.0172900761209514,0.002585,287.8481047282384,0.0036018795904617,0.3396861636976047,0.2211899999999999,13702
participant_6_question_3.csv,86,0.2056398837209301,0.0447229534780976,220,,0.0242415353341867,817,3,0.999533509563054,0.7553502083703507,0.0037620976037405,0.0003352282618623,0.0179677845076287,0.00209,195.73257441901325,0.0039489850081594,0.3782905340401611,-0.24072,8555
participant_6_question_4.csv,62,0.1918622580645161,0.0477308941573673,182,,0.0330523418043264,614,3,0.9994741454864154,0.7463075238352115,0.0038273223694714,0.0002965824408184,0.0210613824178746,0.00192,160.0576181442194,0.001962411186887,0.3549268472843615,0.04004,6263
participant_6_question_5.csv,43,0.2216790697674419,0.0435449962758855,107,,0.0151292881605653,437,3,0.9992716678805535,0.576624430780139,0.0040849093521998,0.0003070806433493,0.0187404330450284,0.0017999999999999,94.50610950611755,0.0019263365119945,0.2736896683326768,-0.0400399999999999,4523
participant_6_question_6.csv,49,0.203363469387755,0.0441499261316099,141,,0.016825774850331,750,4,0.9992486851990984,0.7066168360305969,0.0040307186147186,0.0002345291747508,0.0163134520700605,0.0020799999999999,122.8110738218018,0.0012868734671408,0.2458616709866068,0.06788,5775
participant_6_question_7.csv,33,0.2024290909090909,0.0419901220220681,78,,0.0199105638088846,542,3,0.9992594421130584,0.7694628017633915,0.0042126887123159,0.0003222007793616,0.0124433197604218,0.00205,75.39111562934363,0.0020009968158611,0.2628067712725198,-0.08691,4279
participant_6_question_8.csv,130,0.2087322307692307,0.0465711086387827,331,,0.0329128674666425,843,3,0.9995848899958488,0.7417140764693501,0.0037196187346583,0.0002578200392424,0.0154399829407554,0.0022549999999999,281.2095048431358,0.0032103193809753,0.4247509590115024,0.05323,12629
participant_6_question_9.csv,96,0.2176661458333333,0.0462823623934223,230,,0.0185248354772373,562,4,0.9995457126632596,0.5882658481090942,0.00367330831349,0.000235086020836,0.0156413378218767,0.00227,204.34326678005027,0.0038612267881116,0.2838494588514766,0.20069,9659
participant_7_question_1.csv,34,0.2286758823529411,0.0507758154175877,138,,0.0716865357976208,340,3,0.9995295593539282,0.7201104628841367,0.0044151638900176,0.0004542460374153,0.0158246207782608,0.00452,121.49693331487724,0.0016501629725556,0.3627544654665769,0.4415,7383
participant_7_question_10.csv,17,0.2227888235294118,0.0564829116744734,79,,0.027576578293462,285,4,0.999327505043712,0.7579896020942427,0.0038891351766513,0.0003198891131428,0.0079181068309345,0.00267,63.10567899717972,0.0116135593346441,0.274192804718823,0.27459,6510
participant_7_question_11.csv,25,0.3189408,0.0654857205570279,114,,0.0616448572582471,350,4,0.9994194484760522,0.7660675971112202,0.0040407530784186,0.0004075880995883,0.0110778256608513,0.009285,92.96830378400604,0.0011587376801047,0.3060158670159945,-0.3147,7715
participant_7_question_12.csv,51,0.3074841176470588,0.0383837924221937,495,,0.2080434881856926,360,4,0.9995204411941014,0.5966483730748587,0.0037532894104068,0.0010005329517661,0.0191362477896721,0.0036,429.6302945822829,0.0001222446738383,0.7456767064436892,0.32184,10397
participant_7_question_13.csv,32,0.250410625,0.0587500225686259,189,,0.0490684049531845,326,4,0.9996501661710688,0.5297647275406557,0.004228228169014,0.000404283992673,0.0114612675173278,0.003575,152.29620407862276,0.0003829381214301,0.2794210085362806,-0.34296,12425
participant_7_question_14.csv,17,0.1735370588235294,0.0852811660953341,73,,0.0363417604678178,317,4,0.9993112947658402,0.8581201308667941,0.0039272310050008,0.000270419394063,0.0051218382740607,0.0022199999999999,62.24642090591858,0.0017509606789426,0.3107402599000197,-0.0125799999999999,6199
participant_7_question_15.csv,24,0.2413233333333333,0.0563006206045951,83,,0.0283007829074915,326,4,0.99919935948759,0.8633126900895577,0.0039436571428571,0.0002136678940212,0.0065332780823723,0.00203,64.47301430412082,0.0011992363451007,0.3470588227536262,0.24841,6475
participant_7_question_2.csv,15,0.4261286666666667,0.0484348555735231,74,,0.0154082652813308,451,3,0.9994214079074252,0.6721174209455235,0.004343427238161,0.0003222447724555,0.0069378126760211,0.00217,62.85602379662201,0.0085716287913216,0.2900106056426471,-0.5954200000000001,5786
participant_7_question_3.csv,20,0.5457845,0.049172843758262,58,,0.032278456262599,261,3,0.999483204134367,0.7298380251787732,0.0042813001263024,0.0003255891937568,0.0058462620964081,0.002255,55.39004967448654,0.0091682982911723,0.254731971851355,0.0055,6334
participant_7_question_4.csv,24,0.2641520833333333,0.0535015248310511,107,,0.0242894754512078,158,3,0.9992590763151395,0.7319724489724877,0.0040567253064167,0.0003870946411943,0.009666130233922,0.0032249999999999,79.57840722582284,0.0050617324694168,0.4014782675623623,0.00064,6935
participant_7_question_5.csv,24,0.3305675,0.0514900159195809,98,,0.0187705881472416,534,3,0.9996010638297872,0.7314096421749077,0.0043052691887959,0.0004229617279442,0.0076825424762725,0.003315,76.32154576657399,0.0068789682960804,0.2737518754242825,0.38189,8247
participant_7_question_6.csv,23,0.3263934782608695,0.0477687117172258,132,,0.0352933486378033,610,4,0.9993923742974328,0.7605691477424662,0.0042851502411277,0.0005275521200122,0.0109745061090043,0.0035099999999999,257.5329747629679,0.0010678569860379,1.547158009338207,-0.29415,8087
participant_7_question_7.csv,14,0.3572071428571428,0.0408053532249148,74,,0.0333184209590019,475,4,0.9991485738612176,0.8268846577200832,0.0042048811361531,0.0003837820815091,0.0078628739509634,0.0028,62.766593070060594,0.0005968495946466,0.3100775510526586,-0.11448,6478
participant_7_question_8.csv,17,0.3002482352941176,0.0574254654262381,65,,0.0269853966936559,224,4,0.9989088925259136,0.8288936749682971,0.0037978328205128,0.0002933771279948,0.007131763010256,0.0025949999999999,48.13341637470857,0.0002281501003266,0.346498797844873,0.40186,4875
participant_7_question_9.csv,33,0.3201545454545454,0.0564571878494016,151,,0.0488602909127449,232,4,0.9995698462200237,0.503866702106877,0.0041189735285834,0.0003487928520359,0.0099391544279409,0.0026949999999999,113.89537797346212,0.0045934927114354,0.3059865024267073,-0.32147,10653
participant_8_question_1.csv,20,0.2372995,0.0477974464913379,105,,0.0889262751298295,416,3,0.9992610837438424,0.7249040626001049,0.0056262227731538,0.0004806869552582,0.0139258505767623,0.0042899999999999,103.92264961166644,0.0016266344783442,0.4061146119745712,-0.1809099999999999,5647
participant_8_question_10.csv,31,0.3582483870967741,0.060080581677014,149,,0.0495364996271076,295,4,0.9993680884676144,0.5504472892793322,0.0050996172122492,0.0004776493239865,0.013819347088875,0.003415,116.8639318695557,0.0066515684389864,0.3250168660696534,-0.08764,7576
participant_8_question_11.csv,43,0.2378797674418604,0.0590986632272505,159,,0.0522644805711486,476,4,0.9994865870876652,0.665027670330593,0.0052652534399623,0.0005175592294799,0.0148281063280455,0.0044449999999999,119.55569820043516,0.0068135702053385,0.2768296456618502,-0.06738,8503
participant_8_question_12.csv,40,0.2492407499999999,0.0410060393594826,241,,0.1421361193337975,270,4,0.999343724364233,0.7817938743808321,0.0049402008928571,0.0007174239341276,0.0104096098250641,0.002735,187.72017925492548,0.0020313533164041,0.514520401863119,0.0200199999999999,8064
participant_8_question_13.csv,22,0.3189754545454545,0.0551664806955317,121,,0.047938497601473,224,4,0.999344154779472,0.3935736791497636,0.005123614987864,0.0004212095938745,0.0121955512148654,0.003675,88.49324774482963,0.0048180703696855,0.2567474816744656,0.2545199999999999,6592
participant_8_question_14.csv,63,0.1940769841269841,0.0470876196487111,520,,0.4034732161780462,324,4,0.9995588397485388,0.7141739312557267,0.0046658189275004,0.0008876740533655,0.0115495140294749,0.0036349999999999,1160.8287869364208,1.416837493407896e-05,2.833786232633197,-0.1342799999999999,11338
participant_8_question_15.csv,59,0.3823581355932203,0.0384368891550707,365,,0.1289529469063598,432,4,0.9992096423631692,0.708079892246401,0.0050130578657095,0.0006604883796512,0.0123848834420217,0.006335,500.3843589361289,0.0003679890985018,1.727243636995809,-0.11865,11423
participant_8_question_2.csv,27,0.5201696296296296,0.0310838277008521,141,,0.0379134884420151,618,3,0.9996437054631828,0.6486438031405936,0.0052737618862798,0.0003563410439658,0.007732395230878,0.00378,107.1675799972456,0.004076874953833,0.3277980184200766,-0.11316,10306
participant_8_question_3.csv,26,0.1975988461538461,0.0617963663607906,152,,0.0462973650993385,402,3,0.999587912087912,0.6477834279969444,0.0053157703117015,0.0004831047531135,0.0120676124133007,0.004475,107.7742708153288,0.0006555005652003,0.2840571289873158,0.0199,7828
participant_8_question_4.csv,28,0.3541646428571429,0.0489274273139759,137,,0.0510753779152579,490,3,0.9995209198339188,0.7617810772799798,0.0056207357357357,0.0004497374832135,0.0079893791095304,0.00471,98.2829142287028,0.0023697283203079,0.3721864484614546,-0.07422,8658
participant_8_question_6.csv,30,0.338021,0.0454390636816758,126,,0.0485293305546862,463,3,0.9995649021029732,0.5656004051572879,0.0055322160797981,0.0005105470796832,0.0108021274747674,0.00452,110.68479078677348,0.0121801687842775,0.3642500790649561,-0.0741,8321
participant_8_question_7.csv,25,0.1663864,0.051343547471429,118,,0.0580851194815585,301,4,0.9992602182356204,0.656775660946276,0.004993664317745,0.0004252694552996,0.0136154700787608,0.0030299999999999,102.18660669368808,0.0016526031053714,0.3081626041000456,0.0339399999999999,6244
participant_8_question_8.csv,24,0.263265,0.03893837719042,133,,0.0705009244473537,552,4,0.999439540423147,0.5980461795666698,0.0053541712811477,0.0007357029328624,0.0134133697129287,0.0056,115.82449090250368,0.0003061987474693,0.2708243676983912,0.1005899999999999,7946
participant_9_question_1.csv,38,0.2398994736842105,0.0551484339752695,127,,0.0236469500249579,536,3,0.999645390070922,0.64375985374921,0.0034784573502722,0.000348538317799,0.011608343714309,0.00413,127.51273782216104,0.002934924097345,0.2863443952088945,0.0473699999999999,9367
participant_9_question_10.csv,24,0.2086291666666666,0.0461451350404688,84,,0.03197502267902,282,3,0.999330805264332,0.7849042458571058,0.0034200518754988,0.000332181697374,0.0137745968873622,0.0022099999999999,75.1403184404648,0.0009104996505696,0.3295064178759334,0.34253,5012
participant_9_question_11.csv,10,0.236204,0.0416425858211869,66,,7.774446076477723,89,3,0.9980645161290322,0.5146396354825966,0.0033562367661212,0.0003954632166003,0.0199041354157996,0.0028299999999999,1069.407301826242,0.0003633168138673,13.335425799357685,0.45581,2078
participant_9_question_12.csv,32,0.26979125,0.0462292441265198,125,,0.0449373046081338,246,3,0.9993294590970048,0.7740478568123507,0.0033617298136645,0.0003877718034009,0.0151522813831657,0.00254,86.36352356937671,0.0049367893016089,0.3394684427412964,-0.45556,4830
participant_9_question_13.csv,69,0.2299130434782609,0.0417676634473472,375,,0.3204726563907388,342,4,0.9996191564314958,0.5488066970221044,0.0033025710919727,0.0002939082189664,0.0153965383443336,0.00347,496.00229409744895,0.0008403273284974,0.6237359719413831,0.34815,12308
participant_9_question_14.csv,14,0.309345,0.0470454872155919,59,,0.0370526816450545,199,4,0.9983416252072967,0.8058005833401828,0.0032583923809523,0.0002488701829105,0.0131709068032344,0.00176,49.8884910937382,0.018202193743383,0.3387577493034641,-0.35498,2625
participant_9_question_15.csv,25,0.1755376,0.0484886897501743,173,,3.79121415669446,341,3,0.9992458521870288,0.6964329711625895,0.0033530715379566,0.0003810861331925,0.0179132820637637,0.002525,1521.6207455855645,0.0003715705316005,8.673688652411855,0.0739799999999999,4571
participant_9_question_2.csv,25,0.3847268,0.0431251198758827,87,,0.0329144902075646,188,3,0.9994998332777592,0.7058473058944831,0.0034985674074074,0.0002855511361948,0.0103480113207962,0.0023799999999999,83.30689399274388,0.0022024866519779,0.3572820358401115,-0.26807,6750
participant_9_question_3.csv,50,0.2620814,0.044876778927056,189,,0.1696013606747373,346,3,0.9996687279151945,0.7279069246671078,0.0033184801843317,0.0003155109875232,0.0098955183835881,0.002765,206.830912452214,0.0045451337328428,0.601873274513595,0.02735,10850
participant_9_question_4.csv,20,0.1610475,0.04567281798326,87,,0.0168295834319275,186,3,0.9989708404802744,0.8012154027341096,0.0032063700670141,0.0002004669017864,0.0103806826841044,0.001955,63.57966708770829,0.0002535538357053,0.3754895749166615,0.1613799999999999,4029
participant_9_question_5.csv,28,0.2354207142857142,0.0570292499519024,99,,0.0242809122916978,236,3,0.999135197463246,0.8157175777046191,0.0031654041749944,0.0002264137926624,0.0128414891220276,0.00223,74.63287495404465,0.0113497608568181,0.3939948895031809,0.05298,4503
participant_9_question_6.csv,24,0.2719933333333333,0.0363769614363332,120,,0.0444909993088053,93,3,0.9992348890589136,0.4335285251252116,0.0033616799173159,0.0002402451862386,0.0112898689591544,0.003065,89.46819459162533,0.0086967268042595,0.4164764089854478,-0.15405,6289
participant_9_question_7.csv,9,0.3740788888888888,0.0368291389378884,40,,0.0278701586835813,147,3,0.9988408037094282,0.743265741874689,0.0034431965782122,0.0002783013872138,0.0118724112323485,0.00157,40.24260400031653,0.006896128322246,0.3221936555124544,0.30103,2864
participant_9_question_8.csv,33,0.3028378787878788,0.0517883121701936,138,,0.0496772878708007,222,4,0.9991793188346328,0.8081488455904859,0.0033526791620727,0.0003015996433188,0.0112421939635849,0.00214,107.0042183258732,0.0038449789374321,0.4286081540977364,-0.3711,6349
participant_9_question_9.csv,73,0.2446964383561644,0.0444108160232107,277,,0.0393551461006664,761,4,0.9996459550362896,0.6687555109331229,0.0034414381526104,0.0003600285157021,0.0149266621859264,0.00396,215.12287424750164,0.0002216746245071,0.312886583859401,0.12232,12450
