BKDUR,BKID,BKPMIN,BPOGV,BPOGX,BPOGY,CS,CX,CY,FPOGD,FPOGID,FPOGS,FPOGV,FPOGX,FPOGY,LEYEX,LEYEY,LEYEZ,LPCX,LPCY,LPD,LPOGV,LPOGX,LPOGY,LPS,LPUPILD,LPUPILV,LPV,REYEX,REYEY,REYEZ,RPCX,RPCY,RPD,RPOGV,RPOGX,RPOGY,RPS,RPUPILD,RPUPILV,RPV,participant_id,question_id,part,is_valid,AOI
0.0,0,6,1,0.88674,0.02412,0,0.98073,0.89352,0.16077,2651,740.21149,1,0.87006,0.03943,-0.05354,-0.06054,0.65093,0.28989,0.79392,21.15475,1,0.87809,0.04896,1.10773,0.00413,1,1,0.00976,-0.06274,0.62613,0.54641,0.81615,16.59063,1,0.89539,-0.00072,1.11572,0.00363,1,1,participant_10,question_13,Timer-Correct,True,Other
0.0,0,6,1,0.85128,0.17825,0,0.98073,0.89352,0.0329,2652,740.45905,1,0.86559,0.14929,-0.05298,-0.05984,0.64239,0.28883,0.79469,20.33969,1,0.85733,0.184,0.96209,0.00421,1,1,0.00915,-0.06116,0.60992,0.54411,0.81751,17.36797,1,0.84522,0.17249,0.96209,0.00422,1,1,participant_10,question_13,Timer-Correct,True,Other
0.0,0,6,1,0.84855,0.18658,0,0.98073,0.89352,0.03986,2652,740.45905,1,0.86316,0.15462,-0.05298,-0.05984,0.64239,0.28875,0.79475,20.41074,1,0.8525,0.19273,0.96209,0.00415,1,1,0.00915,-0.06116,0.60992,0.54423,0.81749,16.71159,1,0.84459,0.18042,0.96209,0.00421,1,1,participant_10,question_13,Timer-Correct,True,Other
0.0,0,6,1,0.85173,0.17792,0,0.98073,0.89352,0.04633,2652,740.45905,1,0.86173,0.15753,-0.05298,-0.05984,0.64239,0.28871,0.79447,20.56816,1,0.85409,0.1869,0.9683,0.00407,1,1,0.00939,-0.06312,0.62943,0.54437,0.81771,16.96012,1,0.84937,0.16895,0.97473,0.00429,1,1,participant_10,question_13,Timer-Correct,True,Other
0.0,0,6,1,0.88365,0.14987,0,0.98073,0.89352,0.05341,2652,740.45905,1,0.86417,0.15668,-0.05298,-0.05984,0.64239,0.2886,0.79455,20.37413,1,0.87526,0.15839,0.98095,0.00408,1,1,0.00939,-0.06312,0.62943,0.54438,0.81762,17.02626,1,0.89205,0.14136,0.98738,0.00435,1,1,participant_10,question_13,Timer-Correct,True,Timer
0.0,0,6,1,0.8827,0.14324,0,0.98073,0.89352,0.0603,2652,740.45905,1,0.86602,0.15534,-0.05298,-0.05984,0.64239,0.28858,0.79456,20.61004,1,0.87228,0.1559,0.99359,0.00408,1,1,0.00939,-0.06312,0.62943,0.54521,0.81601,15.63059,1,0.89313,0.13059,1.00003,0.00356,1,1,participant_10,question_13,Timer-Correct,True,Timer
0.0,0,6,1,0.89172,0.11797,0,0.98073,0.89352,0.06873,2652,740.45905,1,0.86836,0.15194,-0.0545,-0.06117,0.65664,0.28854,0.79457,20.59768,1,0.87944,0.13008,1.02086,0.00411,1,1,0.00939,-0.06312,0.62943,0.54514,0.816,15.77714,1,0.904,0.10587,1.02729,0.00354,1,1,participant_10,question_13,Timer-Correct,True,Timer
0.0,0,6,1,0.90662,0.08027,0,0.98073,0.89352,0.07373,2652,740.45905,1,0.87155,0.14597,-0.0545,-0.06117,0.65664,0.28834,0.7947,20.70675,1,0.90836,0.09996,1.04191,0.00411,1,1,0.00939,-0.06312,0.62943,0.54507,0.81605,15.57544,1,0.90487,0.06057,1.04191,0.00354,1,1,participant_10,question_13,Timer-Correct,True,Timer
0.0,0,6,1,0.90636,0.08794,0,0.98073,0.89352,0.08026,2652,740.45905,1,0.87422,0.1415,-0.0545,-0.06117,0.65664,0.2883,0.79465,20.60164,1,0.90746,0.12773,1.05653,0.00412,1,1,0.00939,-0.06312,0.62943,0.545,0.81598,15.5733,1,0.90526,0.04815,1.05653,0.00354,1,1,participant_10,question_13,Timer-Correct,True,Timer
0.0,0,6,1,0.91115,0.07446,0,0.98073,0.89352,0.08691,2652,740.45905,1,0.87686,0.13671,-0.0545,-0.06117,0.65664,0.28826,0.7945,20.31115,1,0.91148,0.11431,1.07115,0.00412,1,1,0.00912,-0.06179,0.61714,0.5448,0.81578,15.58435,1,0.91082,0.0346,1.07115,0.0035,1,1,participant_10,question_13,Timer-Correct,True,Timer
0.0,0,6,1,0.9047,0.07591,0,0.98073,0.89352,0.09363,2652,740.45905,1,0.87872,0.13266,-0.0545,-0.06117,0.65664,0.28824,0.79451,20.22296,1,0.90139,0.12806,1.07115,0.00411,1,1,0.00912,-0.06179,0.61714,0.54482,0.81579,15.73263,1,0.908,0.02376,1.07115,0.00356,1,1,participant_10,question_13,Timer-Correct,True,Timer
0.0,0,6,1,0.89511,0.06484,0,0.98073,0.89352,0.1004,2652,740.45905,1,0.87974,0.12842,-0.0545,-0.06117,0.65664,0.28812,0.79448,20.4518,1,0.89221,0.12602,1.07115,0.00412,1,1,0.00912,-0.06179,0.61714,0.54482,0.81579,15.73423,1,0.898,0.00366,1.07115,0.00356,1,1,participant_10,question_13,Timer-Correct,True,Timer
0.0,0,6,1,0.89269,0.07202,0,0.98073,0.89352,0.10742,2652,740.45905,1,0.8805,0.1251,-0.05287,-0.05928,0.63644,0.28812,0.79452,20.12845,1,0.89021,0.13301,1.06343,0.00411,1,1,0.00912,-0.06179,0.61714,0.54482,0.81581,15.6879,1,0.89517,0.01102,1.06343,0.00357,1,1,participant_10,question_13,Timer-Correct,True,Timer
0.0,0,6,1,0.88208,0.09313,0,0.98073,0.89352,0.11377,2652,740.45905,1,0.88059,0.12333,-0.05287,-0.05928,0.63644,0.28787,0.79438,20.2518,1,0.88304,0.15016,1.05572,0.0041,1,1,0.00912,-0.06179,0.61714,0.54477,0.81581,15.56609,1,0.88111,0.03609,1.05572,0.00353,1,1,participant_10,question_13,Timer-Correct,True,Timer
0.0,0,6,1,0.88784,0.07141,0,0.98073,0.89352,0.12061,2652,740.45905,1,0.88097,0.12059,-0.05287,-0.05928,0.63644,0.28789,0.7945,20.40671,1,0.87651,0.10398,1.048,0.0041,1,1,0.00912,-0.06179,0.61714,0.54467,0.81588,15.34543,1,0.89917,0.03885,1.048,0.00354,1,1,participant_10,question_13,Timer-Correct,True,Timer
0.0,0,6,1,0.88784,0.07141,0,0.98073,0.89352,0.12061,2652,740.45905,0,0.89437,0.09187,-0.0546,-0.06116,0.65659,0.2879,0.79441,20.56901,1,0.87651,0.10398,1.048,0.00405,1,1,0.00898,-0.06152,0.61443,0.54451,0.81566,15.2193,1,0.89917,0.03885,1.048,0.00364,1,1,participant_10,question_13,Timer-Correct,True,Timer
0.0,0,6,1,0.88032,0.05684,0,0.98073,0.89352,0.12061,2652,740.45905,0,0.88735,0.07436,-0.0546,-0.06116,0.65659,0.28786,0.79447,20.6547,1,0.86314,0.08176,1.05572,0.00406,1,1,0.00898,-0.06152,0.61443,0.54443,0.81582,15.56333,1,0.89751,0.03193,1.05572,0.00354,1,1,participant_10,question_13,Timer-Correct,True,Timer
0.0,0,6,1,0.8806,0.04746,0,0.98073,0.89352,0.12061,2652,740.45905,0,0.8851,0.06539,-0.0546,-0.06116,0.65659,0.28788,0.79435,20.61626,1,0.86323,0.07475,1.06343,0.00414,1,1,0.00898,-0.06152,0.61443,0.54433,0.8157,15.55847,1,0.89796,0.02016,1.06343,0.00357,1,1,participant_10,question_13,Timer-Correct,True,Other
0.0,0,6,1,0.88174,0.04314,0,0.98073,0.89352,0.02008,2653,740.58655,1,0.88426,0.05983,-0.05499,-0.06149,0.66017,0.28778,0.79454,20.59031,1,0.86504,0.06733,1.07115,0.00405,1,1,0.0089,-0.0613,0.6122,0.54429,0.81569,15.6401,1,0.89844,0.01895,1.06472,0.00349,1,1,participant_10,question_13,Timer-Correct,True,Other
0.0,0,6,1,0.91144,0.0493,0,0.98073,0.89352,0.02667,2653,740.58655,1,0.8897,0.05772,-0.05499,-0.06149,0.66017,0.28764,0.79466,20.53138,1,0.91173,0.0727,1.06472,0.00409,1,1,0.0089,-0.0613,0.6122,0.54419,0.81572,15.81454,1,0.91116,0.02591,1.05829,0.00347,1,1,participant_10,question_13,Timer-Correct,True,Other
0.0,0,6,1,0.90694,0.05272,0,0.98073,0.89352,0.03326,2653,740.58655,1,0.89257,0.05689,-0.05499,-0.06149,0.66017,0.28752,0.7945,20.23626,1,0.90304,0.07138,1.05829,0.00411,1,1,0.0089,-0.0613,0.6122,0.54415,0.8157,15.74183,1,0.91085,0.03405,1.05185,0.00352,1,1,participant_10,question_13,Timer-Correct,True,Timer
0.0,0,6,1,0.90483,0.05887,0,0.98073,0.89352,0.0401,2653,740.58655,1,0.89432,0.05717,-0.05499,-0.06149,0.66017,0.28751,0.79457,20.3639,1,0.90131,0.07762,1.05185,0.00411,1,1,0.00887,-0.06101,0.60983,0.54409,0.81574,15.54914,1,0.90836,0.04012,1.04542,0.00352,1,1,participant_10,question_13,Timer-Correct,True,Timer
0.0,0,6,1,0.89545,0.0771,0,0.98073,0.89352,0.04694,2653,740.58655,1,0.89446,0.05966,-0.05499,-0.06149,0.66017,0.28741,0.79453,20.32709,1,0.89579,0.12299,1.04542,0.0041,1,1,0.00887,-0.06101,0.60983,0.54393,0.81589,16.08419,1,0.89511,0.0312,1.04542,0.00349,1,1,participant_10,question_13,Timer-Correct,True,Timer
0.0,0,6,1,0.89142,0.06797,0,0.98073,0.89352,0.05371,2653,740.58655,1,0.89412,0.06059,-0.05499,-0.06149,0.66017,0.28742,0.79458,20.25563,1,0.89242,0.13911,1.04542,0.0041,1,1,0.00887,-0.06101,0.60983,0.54398,0.81577,15.72704,1,0.89041,-0.00317,1.04542,0.00349,1,1,participant_10,question_13,Timer-Correct,True,Timer
0.0,0,6,1,0.89261,0.0648,0,0.98073,0.89352,0.06006,2653,740.58655,1,0.89397,0.06101,-0.05416,-0.06036,0.649,0.28736,0.79436,20.43191,1,0.89242,0.13911,1.04542,0.00406,1,1,0.00887,-0.0613,0.6127,0.54348,0.81694,16.827,1,0.89279,-0.00951,1.05185,0.00431,1,1,participant_10,question_13,Timer-Correct,True,Timer
0.0,0,6,1,0.88125,0.05381,0,0.98073,0.89352,0.06696,2653,740.58655,1,0.89282,0.06035,-0.05416,-0.06036,0.649,0.28715,0.79434,20.38081,1,0.87768,0.11287,1.05185,0.00418,1,1,0.00887,-0.0613,0.6127,0.54269,0.81724,16.69488,1,0.88482,-0.00525,1.05829,0.00424,1,1,participant_10,question_13,Timer-Correct,True,Timer
0.0,0,6,1,0.89229,0.07798,0,0.98073,0.89352,0.07373,2653,740.58655,1,0.89277,0.06182,-0.05416,-0.06036,0.649,0.28717,0.79435,20.25701,1,0.87775,0.10198,1.05829,0.00417,1,1,0.00887,-0.0613,0.6127,0.54247,0.81669,17.35536,1,0.90683,0.05399,1.06472,0.00414,1,1,participant_10,question_13,Timer-Correct,True,Timer
0.0,0,6,1,0.89431,0.07202,0,0.97552,0.87963,0.08051,2653,740.58655,1,0.89289,0.06261,-0.05416,-0.06036,0.649,0.28714,0.79426,20.34284,1,0.87936,0.09593,1.06472,0.00406,1,1,0.00888,-0.06138,0.61393,0.5425,0.81688,17.44084,1,0.90927,0.0481,1.07115,0.00414,1,1,participant_10,question_13,Timer-Correct,True,Timer
0.0,0,6,1,0.90244,0.06837,0,0.97552,0.87963,0.08716,2653,740.58655,1,0.89357,0.06302,-0.05416,-0.06036,0.649,0.28706,0.79419,20.36237,1,0.87166,0.07058,1.07115,0.00407,1,1,0.00888,-0.06138,0.61393,0.54273,0.81699,16.95591,1,0.93321,0.06616,1.07115,0.00422,1,1,participant_10,question_13,Timer-Correct,True,Timer
0.0,0,6,1,0.90598,0.08034,0,0.97552,0.87963,0.09381,2653,740.58655,1,0.8944,0.06417,-0.05416,-0.06036,0.649,0.28697,0.79418,20.23207,1,0.88344,0.07845,1.07115,0.00411,1,1,0.00888,-0.06138,0.61393,0.54274,0.81715,17.04925,1,0.92851,0.08222,1.07115,0.00425,1,1,participant_10,question_13,Timer-Correct,True,Timer
0.0,0,6,1,0.90598,0.08034,0,0.97552,0.87963,0.10059,2653,740.58655,1,0.89512,0.06518,-0.05356,-0.05958,0.64068,0.287,0.79399,20.31945,1,0.88344,0.07845,1.07115,0.00403,1,1,0.00899,-0.06279,0.62809,0.54351,0.8151,15.25274,1,0.92851,0.08222,1.07115,0.00357,1,1,participant_10,question_13,Timer-Correct,True,Timer
0.0,0,6,1,0.88608,0.04629,0,0.97552,0.87963,0.10724,2653,740.58655,1,0.89459,0.06407,-0.05356,-0.05958,0.64068,0.28637,0.79428,20.47043,1,0.89505,0.06286,1.07115,0.00421,1,1,0.00899,-0.06279,0.62809,0.54219,0.81604,17.42864,1,0.87711,0.02972,1.07115,0.00405,1,1,participant_10,question_13,Timer-Correct,True,Other
0.0,0,6,1,0.84171,0.07543,0,0.97552,0.87963,0.11389,2653,740.58655,1,0.89165,0.0647,-0.05356,-0.05958,0.64068,0.28509,0.79368,19.6937,1,0.84317,0.08953,1.07115,0.00427,1,1,0.00899,-0.06279,0.62809,0.54136,0.81615,17.23124,1,0.84025,0.06133,1.07115,0.00397,1,1,participant_10,question_13,Timer-Correct,True,Timer
0.0,0,6,1,0.84566,0.06438,0,0.97552,0.87963,0.12073,2653,740.58655,1,0.88923,0.06469,-0.0562,-0.06153,0.66268,0.28424,0.79391,20.18819,1,0.84317,0.08953,1.07115,0.00425,1,1,0.0089,-0.06724,0.67459,0.53957,0.81553,17.23616,1,0.84814,0.03923,1.09527,0.004,1,1,participant_10,question_13,Timer-Correct,True,Timer
0.0,0,6,1,0.70965,0.03212,0,0.9125,0.72685,0.12689,2653,740.58655,1,0.88025,0.06306,-0.0562,-0.06153,0.66268,0.27988,0.79292,19.31425,1,0.7106,0.06773,1.09527,0.00429,1,1,0.0089,-0.06724,0.67459,0.53637,0.81443,18.31572,1,0.70871,-0.00348,1.1194,0.00375,1,1,participant_10,question_13,Timer-Correct,True,Question
0.0,0,6,1,0.61967,-0.01572,0,0.9125,0.72685,0.13483,2653,740.58655,1,0.86784,0.05931,-0.0562,-0.06153,0.66268,0.27682,0.79276,19.0316,1,0.60187,0.01395,1.1194,0.00431,1,1,0.0089,-0.06724,0.67459,0.53374,0.81362,16.18658,1,0.63747,-0.04538,1.14352,0.00381,1,1,participant_10,question_13,Timer-Correct,True,Other
0.0,0,6,1,0.6213,-0.03938,0,0.9125,0.72685,0.13483,2653,740.58655,0,0.82553,0.04966,-0.05914,-0.06313,0.68107,0.27558,0.79266,19.47424,1,0.60258,-0.01773,1.1522,0.00414,1,1,0.00717,-0.06418,0.64628,0.53185,0.81379,18.55234,1,0.64002,-0.06103,1.15935,0.00385,1,1,participant_10,question_13,Timer-Correct,True,Other
0.0,0,6,1,0.45666,-0.01499,0,0.9125,0.72685,0.13483,2653,740.58655,0,0.64109,0.01734,-0.05914,-0.06313,0.68107,0.27124,0.79243,18.57279,1,0.46761,0.02636,1.16803,0.00394,1,1,0.00717,-0.06418,0.64628,0.52739,0.81374,18.98251,1,0.44571,-0.05635,1.15105,0.00374,1,1,participant_10,question_13,Timer-Correct,True,Other
0.0,0,6,1,0.351,-0.03087,0,0.87813,0.62778,0.13483,2653,740.58655,0,0.54439,0.00127,-0.05914,-0.06313,0.68107,0.26886,0.79266,17.97564,1,0.35059,-0.02778,1.15973,0.00394,1,1,0.00717,-0.06418,0.64628,0.52475,0.81372,17.96366,1,0.35141,-0.03397,1.14276,0.00379,1,1,participant_10,question_13,Timer-Correct,True,Other
0.0,0,6,1,0.35255,-0.018,0,0.87813,0.62778,0.13483,2653,740.58655,0,0.38673,-0.02129,-0.05891,-0.06152,0.66416,0.26732,0.79243,18.76528,1,0.35335,-0.01137,1.14276,0.00389,1,1,0.00594,-0.06501,0.6547,0.52338,0.81355,18.63826,1,0.35175,-0.02464,1.13377,0.00378,1,1,participant_10,question_13,Timer-Correct,True,Other
0.0,0,6,1,0.23195,-0.00338,0,0.87813,0.62778,0.13483,2653,740.58655,0,0.30934,-0.01234,-0.05891,-0.06152,0.66416,0.26427,0.79267,18.97326,1,0.22762,-0.01096,1.12509,0.00393,1,1,0.00594,-0.06501,0.6547,0.52023,0.81383,19.00233,1,0.23628,0.0042,1.13308,0.00383,1,1,participant_10,question_13,Timer-Correct,True,Other
0.0,0,6,1,0.19878,0.00477,0,0.87813,0.62778,0.13483,2653,740.58655,0,0.27249,-0.00663,-0.05891,-0.06152,0.66416,0.26301,0.79306,19.20029,1,0.19286,0.04843,1.1244,0.00404,1,1,0.00594,-0.06501,0.6547,0.51873,0.81352,18.46671,1,0.20469,-0.03888,1.13239,0.00387,1,1,participant_10,question_13,Timer-Correct,True,Other
0.0,0,6,1,0.19829,0.00061,0,0.87813,0.62778,0.13483,2653,740.58655,0,0.20967,0.00067,-0.05869,-0.06062,0.65501,0.26229,0.79268,19.41488,1,0.19306,0.04907,1.12371,0.00399,1,1,0.00542,-0.06749,0.6817,0.51784,0.81355,18.8488,1,0.20351,-0.04786,1.14068,0.00405,1,1,participant_10,question_13,Timer-Correct,True,Other
0.0,0,6,1,0.21205,-0.03543,0,0.87813,0.62778,0.13483,2653,740.58655,0,0.21086,-0.01738,-0.05869,-0.06062,0.65501,0.26167,0.79248,19.47936,1,0.21355,0.00796,1.14068,0.00412,1,1,0.00542,-0.06749,0.6817,0.51736,0.81312,19.03185,1,0.21055,-0.07881,1.14967,0.00401,1,1,participant_10,question_13,Timer-Correct,True,Other
0.0,0,6,1,0.18639,-0.03741,0,0.8349,0.50926,0.13483,2653,740.58655,0,0.2027,-0.02406,-0.05869,-0.06062,0.65501,0.26146,0.79235,19.47457,1,0.1969,-0.0364,1.14967,0.00404,1,1,0.00542,-0.06749,0.6817,0.51705,0.81285,19.08653,1,0.17587,-0.03842,1.15865,0.00392,1,1,participant_10,question_13,Timer-Correct,True,Other
0.0,0,6,1,0.18579,-0.03757,0,0.8349,0.50926,0.02393,2654,740.76703,1,0.19847,-0.02743,-0.05875,-0.06028,0.65138,0.26134,0.79233,20.1891,1,0.19442,-0.04521,1.15865,0.00397,1,1,0.00483,-0.06373,0.64467,0.5169,0.81262,18.78014,1,0.17715,-0.02993,1.15067,0.00402,1,1,participant_10,question_13,Timer-Correct,True,Other
0.0,0,6,1,0.20516,0.00677,0,0.8349,0.50926,0.03259,2654,740.76703,1,0.19981,-0.02059,-0.05875,-0.06028,0.65138,0.26059,0.79239,19.67387,1,0.22149,0.00639,1.15067,0.00392,1,1,0.00483,-0.06373,0.64467,0.51639,0.8121,18.57342,1,0.18884,0.00716,1.13369,0.00396,1,1,participant_10,question_13,Timer-Correct,True,Other
0.0,0,6,1,0.2317,-0.00051,0,0.8349,0.50926,0.03888,2654,740.76703,1,0.20513,-0.01725,-0.05875,-0.06028,0.65138,0.26048,0.79223,19.95155,1,0.22833,0.02612,1.13369,0.00398,1,1,0.00483,-0.06373,0.64467,0.51604,0.81199,18.90228,1,0.23507,-0.02714,1.11672,0.00386,1,1,participant_10,question_13,Timer-Correct,True,Other
0.0,0,6,1,0.23224,-0.0013,0,0.8349,0.50926,0.04401,2654,740.76703,1,0.209,-0.01497,-0.06055,-0.06162,0.66744,0.26045,0.7918,19.54504,1,0.23048,0.03392,1.1254,0.00395,1,1,0.00481,-0.06719,0.68177,0.51564,0.81164,18.94385,1,0.23401,-0.03652,1.1254,0.00385,1,1,participant_10,question_13,Timer-Correct,True,Other
0.0,0,6,1,0.22193,-0.02404,0,0.7849,0.43796,0.04736,2654,740.76703,1,0.21062,-0.0161,-0.06055,-0.06162,0.66744,0.25943,0.79155,18.93083,1,0.229,0.00683,1.13408,0.00401,1,1,0.00481,-0.06719,0.68177,0.51509,0.81126,18.64043,1,0.21487,-0.05492,1.15105,0.00385,1,1,participant_10,question_13,Timer-Correct,True,Other
0.0,0,6,1,0.23138,-0.0522,0,0.7849,0.43796,0.05396,2654,740.76703,1,0.21292,-0.02011,-0.06055,-0.06162,0.66744,0.25914,0.79148,18.99759,1,0.24718,-0.04927,1.15973,0.00403,1,1,0.00481,-0.06719,0.68177,0.5148,0.81124,19.0859,1,0.21558,-0.05514,1.17671,0.00378,1,1,participant_10,question_13,Timer-Correct,True,Other
0.0,0,6,1,0.22937,-0.06056,0,0.7849,0.43796,0.06079,2654,740.76703,1,0.21457,-0.02416,-0.05955,-0.06015,0.65258,0.25879,0.79155,19.4663,1,0.24317,-0.06597,1.17671,0.00391,1,1,0.00423,-0.0631,0.64127,0.51463,0.81077,18.65179,1,0.21558,-0.05514,1.17671,0.00376,1,1,participant_10,question_13,Timer-Correct,True,Other
0.0,0,6,1,0.22966,-0.0147,0,0.7849,0.43796,0.0675,2654,740.76703,1,0.21594,-0.0233,-0.05955,-0.06015,0.65258,0.25828,0.79136,19.45112,1,0.24538,-0.00539,1.16803,0.00401,1,1,0.00423,-0.0631,0.64127,0.51385,0.81093,19.43755,1,0.21395,-0.02402,1.15105,0.00379,1,1,participant_10,question_13,Timer-Correct,True,Other
0.0,0,6,1,0.2292,-0.01888,0,0.7849,0.43796,0.0741,2654,740.76703,1,0.21705,-0.02293,-0.05955,-0.06015,0.65258,0.25803,0.79125,19.1656,1,0.22711,-0.01729,1.14237,0.00395,1,1,0.00423,-0.0631,0.64127,0.51376,0.8107,19.2921,1,0.23129,-0.02046,1.1254,0.00385,1,1,participant_10,question_13,Timer-Correct,True,Other
0.0,0,6,1,0.23361,0.00299,0,0.7849,0.43796,0.08081,2654,740.76703,1,0.21832,-0.02094,-0.05924,-0.05965,0.64711,0.25794,0.79122,19.58045,1,0.23371,0.00762,1.11672,0.00392,1,1,0.00409,-0.0644,0.65651,0.51338,0.81036,19.26785,1,0.23351,-0.00163,1.10773,0.00382,1,1,participant_10,question_13,Timer-Correct,True,Other
0.0,0,6,1,0.25158,0.03688,0,0.72031,0.36574,0.08752,2654,740.76703,1,0.22069,-0.01681,-0.05924,-0.05965,0.64711,0.25756,0.7913,19.43001,1,0.2573,0.07873,1.10773,0.00401,1,1,0.00409,-0.0644,0.65651,0.51312,0.80993,19.21221,1,0.24585,-0.00497,1.11572,0.0038,1,1,participant_10,question_13,Timer-Correct,True,Question
0.0,0,6,1,0.22987,0.03696,0,0.72031,0.36574,0.0943,2654,740.76703,1,0.22131,-0.01322,-0.05924,-0.05965,0.64711,0.25724,0.79118,19.68273,1,0.22818,0.0695,1.11572,0.00397,1,1,0.00409,-0.0644,0.65651,0.51287,0.80998,19.2707,1,0.23156,0.00443,1.12371,0.0038,1,1,participant_10,question_13,Timer-Correct,True,Question
0.0,0,6,1,0.22712,0.02479,0,0.72031,0.36574,0.10101,2654,740.76703,1,0.22167,-0.01085,-0.06315,-0.06332,0.68699,0.25727,0.79092,19.82787,1,0.22377,0.05423,1.13239,0.00389,1,1,0.0038,-0.0621,0.63354,0.51281,0.80987,18.9291,1,0.23047,-0.00464,1.13239,0.00385,1,1,participant_10,question_13,Timer-Correct,True,Other
0.0,0,6,1,0.23121,0.00152,0,0.72031,0.36574,0.1076,2654,740.76703,1,0.22223,-0.01012,-0.06315,-0.06332,0.68699,0.25694,0.79123,19.80484,1,0.26178,0.0032,1.14107,0.00414,1,1,0.0038,-0.0621,0.63354,0.51239,0.80985,19.54529,1,0.20064,-0.00015,1.13308,0.00382,1,1,participant_10,question_13,Timer-Correct,True,Other
0.0,0,6,1,0.23478,-0.0129,0,0.69375,0.32685,0.1142,2654,740.76703,1,0.22293,-0.01027,-0.06315,-0.06332,0.68699,0.25668,0.79116,19.90445,1,0.24732,0.00287,1.14176,0.00399,1,1,0.0038,-0.0621,0.63354,0.51227,0.80972,19.48031,1,0.22225,-0.02866,1.13377,0.00381,1,1,participant_10,question_13,Timer-Correct,True,Other
0.0,0,6,1,0.23413,-0.01786,0,0.69375,0.32685,0.12054,2654,740.76703,1,0.22352,-0.01067,-0.06262,-0.06268,0.68003,0.25656,0.79117,19.99409,1,0.24715,0.00221,1.14245,0.00395,1,1,0.0038,-0.0644,0.65753,0.51242,0.80955,19.04323,1,0.22112,-0.03794,1.14245,0.00404,1,1,participant_10,question_13,Timer-Correct,True,Other
0.0,0,6,1,0.23091,-0.0209,0,0.69375,0.32685,0.12762,2654,740.76703,1,0.22389,-0.01118,-0.06262,-0.06268,0.68003,0.25647,0.79098,20.0297,1,0.22995,0.01006,1.14245,0.00398,1,1,0.0038,-0.0644,0.65753,0.51214,0.8093,18.71507,1,0.23187,-0.05186,1.15044,0.00391,1,1,participant_10,question_13,Timer-Correct,True,Other
0.0,0,6,1,0.24232,-0.0306,0,0.69375,0.32685,0.13519,2654,740.76703,1,0.22477,-0.01211,-0.06262,-0.06268,0.68003,0.25627,0.79062,18.82091,1,0.2512,-0.00551,1.15044,0.00404,1,1,0.0038,-0.0644,0.65753,0.51203,0.80916,18.76048,1,0.23344,-0.0557,1.15843,0.004,1,1,participant_10,question_13,Timer-Correct,True,Other
0.0,0,6,1,0.24292,-0.02564,0,0.6849,0.3037,0.14075,2654,740.76703,1,0.22559,-0.01272,-0.06152,-0.06149,0.66759,0.25637,0.791,20.18121,1,0.25136,-0.00485,1.14975,0.00397,1,1,0.00366,-0.06282,0.64233,0.51192,0.80919,19.10335,1,0.23448,-0.04643,1.14975,0.00383,1,1,participant_10,question_13,Timer-Correct,True,Other
0.0,0,6,1,0.25057,-0.00693,0,0.6849,0.3037,0.14746,2654,740.76703,1,0.22668,-0.01247,-0.06152,-0.06149,0.66759,0.25583,0.79072,19.17964,1,0.25065,-0.01074,1.14107,0.00405,1,1,0.00366,-0.06282,0.64233,0.51163,0.80922,19.09324,1,0.25048,-0.00312,1.13308,0.00389,1,1,participant_10,question_13,Timer-Correct,True,Other
0.0,0,6,1,0.21162,0.0219,0,0.6849,0.3037,0.15393,2654,740.76703,1,0.22605,-0.01104,-0.06152,-0.06149,0.66759,0.25525,0.79073,19.247,1,0.2105,0.01723,1.1244,0.00404,1,1,0.00366,-0.06282,0.64233,0.51083,0.80917,18.94293,1,0.21275,0.02656,1.11641,0.00385,1,1,participant_10,question_13,Timer-Correct,True,Other
0.0,0,6,1,0.21389,0.0297,0,0.6849,0.3037,0.16046,2654,740.76703,1,0.22556,-0.00941,-0.06114,-0.06076,0.65915,0.25462,0.79095,19.72797,1,0.21508,0.03316,1.10773,0.00402,1,1,0.00339,-0.06711,0.68563,0.50986,0.80929,18.8997,1,0.2127,0.02624,1.11672,0.00403,1,1,participant_10,question_13,Timer-Correct,True,Question
0.0,0,6,1,0.12329,0.00303,0,0.6849,0.3037,0.16791,2654,740.76703,1,0.22163,-0.00893,-0.06114,-0.06076,0.65915,0.25274,0.79092,19.24287,1,0.13277,0.03837,1.11672,0.00409,1,1,0.00339,-0.06711,0.68563,0.50809,0.80921,19.42443,1,0.1138,-0.03231,1.13369,0.00398,1,1,participant_10,question_13,Timer-Correct,True,Other
0.0,0,6,1,0.08789,-0.0039,0,0.6849,0.3037,0.1745,2654,740.76703,1,0.21668,-0.00874,-0.06114,-0.06076,0.65915,0.25262,0.79086,19.64221,1,0.0759,0.0274,1.13369,0.00398,1,1,0.00339,-0.06711,0.68563,0.50762,0.80935,19.9938,1,0.09988,-0.03519,1.15067,0.00395,1,1,participant_10,question_13,Timer-Correct,True,Other
0.0,0,6,1,0.08517,-0.01325,0,0.67135,0.2713,0.18207,2654,740.76703,1,0.21198,-0.00891,-0.06002,-0.05941,0.64559,0.25209,0.79104,20.04178,1,0.07244,0.01871,1.14295,0.00411,1,1,0.00318,-0.067,0.68503,0.50736,0.80944,20.16585,1,0.09791,-0.04521,1.15993,0.00395,1,1,participant_10,question_13,Timer-Correct,True,Other
0.0,0,6,1,0.06042,-0.01924,0,0.67135,0.2713,0.18799,2654,740.76703,1,0.20675,-0.00926,-0.06002,-0.05941,0.64559,0.25205,0.79101,20.29598,1,0.072,-0.0009,1.15221,0.00413,1,1,0.00318,-0.067,0.68503,0.5075,0.80934,19.84611,1,0.04884,-0.03758,1.15221,0.00408,1,1,participant_10,question_13,Timer-Correct,True,Other
0.0,0,6,1,0.08609,-0.01519,0,0.67135,0.2713,0.18799,2654,740.76703,0,0.17244,-0.00824,-0.06002,-0.05941,0.64559,0.25206,0.791,20.32519,1,0.08326,-0.00755,1.14449,0.00408,1,1,0.00318,-0.067,0.68503,0.5075,0.80934,19.84611,1,0.08891,-0.02282,1.14449,0.00408,1,1,participant_10,question_13,Timer-Correct,True,Other
0.0,0,6,1,0.08836,-0.00733,0,0.67135,0.2713,0.18799,2654,740.76703,0,0.1304,-0.00778,-0.05898,-0.05833,0.63438,0.25206,0.79088,20.41887,1,0.08606,-0.00015,1.13678,0.00405,1,1,0.00318,-0.06694,0.68503,0.50752,0.80941,20.11836,1,0.09065,-0.01451,1.13678,0.00395,1,1,participant_10,question_13,Timer-Correct,True,Other
0.0,0,6,1,0.10318,0.0065,0,0.66354,0.25185,0.18799,2654,740.76703,0,0.12132,-0.00302,-0.05898,-0.05833,0.63438,0.25221,0.79066,20.13653,1,0.10156,0.03558,1.13678,0.00406,1,1,0.00318,-0.06694,0.68503,0.5076,0.80937,19.93538,1,0.10481,-0.02257,1.13678,0.00397,1,1,participant_10,question_13,Timer-Correct,True,Other
0.0,0,6,1,0.08852,0.0066,0,0.66354,0.25185,0.02014,2655,740.96173,1,0.11312,-0.00062,-0.05898,-0.05833,0.63438,0.25246,0.79103,20.55973,1,0.09611,0.04669,1.13678,0.00415,1,1,0.00318,-0.06694,0.68503,0.5076,0.8093,19.64656,1,0.08092,-0.0335,1.13678,0.00402,1,1,participant_10,question_13,Timer-Correct,True,Other
0.0,0,6,1,0.08852,0.0066,0,0.66354,0.25185,0.02704,2655,740.96173,1,0.1082,0.00083,-0.05898,-0.05833,0.63438,0.25244,0.79063,20.58915,1,0.09611,0.04669,1.13678,0.00405,1,1,0.00318,-0.06694,0.68503,0.5077,0.80926,19.70111,1,0.08092,-0.0335,1.13678,0.00408,1,1,participant_10,question_13,Timer-Correct,True,Other
0.0,0,6,1,0.10233,-0.01314,0,0.66354,0.25185,0.03339,2655,740.96173,1,0.10722,-0.0015,-0.05898,-0.05833,0.63438,0.25244,0.79063,20.58915,1,0.09832,0.00931,1.13678,0.00405,1,1,0.00318,-0.06694,0.68503,0.50772,0.8093,20.02915,1,0.10634,-0.0356,1.13678,0.004,1,1,participant_10,question_13,Timer-Correct,True,Other
0.0,0,6,1,0.09743,-0.00405,0,0.65312,0.2287,0.04022,2655,740.96173,1,0.10582,-0.00187,-0.05898,-0.05833,0.63438,0.2522,0.79072,20.50883,1,0.09034,0.03011,1.13678,0.00407,1,1,0.00318,-0.06694,0.68503,0.50764,0.80933,19.8921,1,0.10453,-0.03822,1.13678,0.00396,1,1,participant_10,question_13,Timer-Correct,True,Other
0.0,0,6,1,0.09743,-0.00405,0,0.65312,0.2287,0.04688,2655,740.96173,1,0.10478,-0.00214,-0.05898,-0.05833,0.63438,0.25206,0.79094,20.4137,1,0.09034,0.03011,1.13678,0.00407,1,1,0.00318,-0.067,0.68503,0.50769,0.80935,19.76181,1,0.10453,-0.03822,1.13678,0.00398,1,1,participant_10,question_13,Timer-Correct,True,Other
0.0,0,6,1,0.1039,0.00711,0,0.65312,0.2287,0.05353,2655,740.96173,1,0.10468,-0.00111,-0.05898,-0.05833,0.63438,0.252,0.791,20.37374,1,0.11415,0.02413,1.13678,0.00409,1,1,0.00318,-0.067,0.68503,0.50735,0.80905,19.41489,1,0.09364,-0.00991,1.13678,0.00401,1,1,participant_10,question_13,Timer-Correct,True,Other
0.0,0,6,1,0.09179,-0.03297,0,0.65312,0.2287,0.0603,2655,740.96173,1,0.10339,-0.0043,-0.05898,-0.05833,0.63438,0.25196,0.791,20.29156,1,0.10257,-0.02512,1.13678,0.0041,1,1,0.00318,-0.067,0.68503,0.50738,0.80926,19.84714,1,0.08102,-0.04081,1.13678,0.00398,1,1,participant_10,question_13,Timer-Correct,True,Other
0.0,0,6,1,0.08956,-0.04101,0,0.65312,0.2287,0.06696,2655,740.96173,1,0.10213,-0.00764,-0.06131,-0.06058,0.65889,0.25197,0.79092,20.40532,1,0.09988,-0.03269,1.14449,0.00405,1,1,0.00318,-0.067,0.68503,0.50734,0.80922,19.6268,1,0.07924,-0.04934,1.14449,0.00398,1,1,participant_10,question_13,Timer-Correct,True,Other
0.0,0,6,1,0.09423,-0.01587,0,0.65312,0.2287,0.07336,2655,740.96173,1,0.10147,-0.00832,-0.06131,-0.06058,0.65889,0.25194,0.79091,20.73198,1,0.08331,0.02507,1.15221,0.00404,1,1,0.00318,-0.067,0.68503,0.5073,0.80928,19.75721,1,0.10515,-0.05682,1.15221,0.00387,1,1,participant_10,question_13,Timer-Correct,True,Other
0.0,0,6,1,0.09107,-0.0293,0,0.64635,0.21852,0.08032,2655,740.96173,1,0.10067,-0.00994,-0.06131,-0.06058,0.65889,0.25193,0.79083,20.11908,1,0.08719,0.00775,1.15993,0.00413,1,1,0.00318,-0.067,0.68503,0.50719,0.80913,19.52772,1,0.09496,-0.06635,1.15993,0.00383,1,1,participant_10,question_13,Timer-Correct,True,Other
0.0,0,6,1,0.09401,-0.01732,0,0.64635,0.21852,0.08722,2655,740.96173,1,0.1002,-0.01046,-0.05786,-0.05713,0.62085,0.25193,0.79071,19.99485,1,0.08965,0.0142,1.15302,0.0041,1,1,0.00293,-0.06464,0.66145,0.50718,0.80909,19.39716,1,0.09837,-0.04884,1.14404,0.00385,1,1,participant_10,question_13,Timer-Correct,True,Other
0.0,0,6,1,0.1016,0.00746,0,0.64635,0.21852,0.09369,2655,740.96173,1,0.10029,-0.00927,-0.05786,-0.05713,0.62085,0.25171,0.79054,19.7428,1,0.11392,0.04355,1.12942,0.00402,1,1,0.00293,-0.06464,0.66145,0.50716,0.8092,19.76169,1,0.08929,-0.02862,1.12043,0.00392,1,1,participant_10,question_13,Timer-Correct,True,Other
0.0,0,6,1,0.09176,-0.00779,0,0.64635,0.21852,0.10052,2655,740.96173,1,0.09976,-0.00918,-0.05786,-0.05713,0.62085,0.25164,0.79067,19.90137,1,0.09942,-0.02514,1.10581,0.00407,1,1,0.00293,-0.06464,0.66145,0.50706,0.80925,19.45051,1,0.0841,0.00957,1.09682,0.00402,1,1,participant_10,question_13,Timer-Correct,True,Other
0.0,0,6,1,0.0968,0.00976,0,0.64479,0.21481,0.10712,2655,740.96173,1,0.09958,-0.00806,-0.06206,-0.06118,0.66535,0.25152,0.79086,20.06268,1,0.10548,-0.00829,1.08911,0.00408,1,1,0.00284,-0.06492,0.66428,0.50692,0.80925,19.48758,1,0.08812,0.02782,1.08012,0.0039,1,1,participant_10,question_13,Timer-Correct,True,Other
0.0,0,6,1,0.12211,0.02407,0,0.64479,0.21481,0.11346,2655,740.96173,1,0.10084,-0.00628,-0.06206,-0.06118,0.66535,0.25123,0.79102,20.51456,1,0.148,0.02333,1.08702,0.00408,1,1,0.00284,-0.06492,0.66428,0.50691,0.80915,19.23295,1,0.09622,0.0248,1.08702,0.00389,1,1,participant_10,question_13,Timer-Correct,True,Other
0.0,0,6,1,0.13648,0.01843,0,0.64479,0.21481,0.12048,2655,740.96173,1,0.10271,-0.00498,-0.06206,-0.06118,0.66535,0.25128,0.79107,20.63794,1,0.15712,0.04293,1.09393,0.00411,1,1,0.00284,-0.06492,0.66428,0.50654,0.80923,19.64245,1,0.11583,-0.00608,1.09393,0.00387,1,1,participant_10,question_13,Timer-Correct,True,Other
0.0,0,6,1,0.13365,0.00633,0,0.64479,0.21481,0.12842,2655,740.96173,1,0.10426,-0.00441,-0.05997,-0.05898,0.64092,0.2513,0.79085,20.5549,1,0.15488,0.03632,1.10083,0.00403,1,1,0.00284,-0.06606,0.6755,0.50637,0.80921,19.47698,1,0.11242,-0.02367,1.10982,0.00379,1,1,participant_10,question_13,Timer-Correct,True,Other
0.0,0,6,1,0.10969,-0.00169,0,0.64167,0.20278,0.13373,2655,740.96173,1,0.10452,-0.00428,-0.05997,-0.05898,0.64092,0.25091,0.79077,19.75783,1,0.11989,0.01034,1.10982,0.00401,1,1,0.00284,-0.06606,0.6755,0.50639,0.80926,19.28592,1,0.0995,-0.01373,1.1188,0.00389,1,1,participant_10,question_13,Timer-Correct,True,Other
0.0,0,6,1,0.10672,-0.01237,0,0.64167,0.20278,0.1405,2655,740.96173,1,0.10462,-0.00465,-0.05997,-0.05898,0.64092,0.25086,0.79076,19.99691,1,0.11878,0.01125,1.1188,0.00398,1,1,0.00284,-0.06606,0.6755,0.50625,0.80926,19.17642,1,0.09465,-0.03598,1.12779,0.00381,1,1,participant_10,question_13,Timer-Correct,True,Other
0.0,0,6,1,0.10517,-0.0167,0,0.64167,0.20278,0.14697,2655,740.96173,1,0.10464,-0.00517,-0.05997,-0.05898,0.64092,0.25088,0.79092,19.9694,1,0.11568,0.00258,1.12779,0.00403,1,1,0.00273,-0.06472,0.66179,0.50621,0.80936,19.42439,1,0.09465,-0.03598,1.12779,0.00382,1,1,participant_10,question_13,Timer-Correct,True,Other
0.0,0,6,1,0.09075,-0.00869,0,0.64167,0.20278,0.15369,2655,740.96173,1,0.10406,-0.00532,-0.05997,-0.05898,0.64092,0.25085,0.79096,19.89443,1,0.10624,-0.00893,1.12779,0.00401,1,1,0.00273,-0.06472,0.66179,0.50613,0.80941,19.37372,1,0.07525,-0.00846,1.1188,0.00382,1,1,participant_10,question_13,Timer-Correct,True,Other
0.0,0,6,1,0.09747,0.02242,0,0.64167,0.20278,0.16034,2655,740.96173,1,0.1038,-0.00421,-0.05997,-0.05898,0.64092,0.2509,0.79101,20.05722,1,0.09739,0.04,1.1188,0.00401,1,1,0.00273,-0.06472,0.66179,0.50618,0.80938,18.98678,1,0.09756,0.00484,1.10982,0.00383,1,1,participant_10,question_13,Timer-Correct,True,Other
0.0,0,6,1,0.10217,0.03848,0,0.64167,0.20278,0.16705,2655,740.96173,1,0.10374,-0.00257,-0.06072,-0.05972,0.64841,0.2507,0.79115,20.01581,1,0.10317,0.05493,1.10291,0.00405,1,1,0.00263,-0.06468,0.66132,0.50581,0.80945,19.2724,1,0.10118,0.02203,1.09393,0.0038,1,1,participant_10,question_13,Timer-Correct,True,Question
0.0,0,6,1,0.0859,0.05445,0,0.64167,0.20278,0.17413,2655,740.96173,1,0.10308,-0.00046,-0.06072,-0.05972,0.64841,0.25031,0.79121,20.03616,1,0.09648,0.0832,1.08702,0.00399,1,1,0.00263,-0.06468,0.66132,0.50529,0.80933,19.30146,1,0.07531,0.0257,1.08702,0.00378,1,1,participant_10,question_13,Timer-Correct,True,Question
0.0,0,6,1,0.08723,0.04835,0,0.64167,0.20278,0.18073,2655,740.96173,1,0.10251,0.00129,-0.06072,-0.05972,0.64841,0.25027,0.79119,20.14577,1,0.10875,0.07778,1.08012,0.00395,1,1,0.00263,-0.06468,0.66132,0.50537,0.80939,19.14621,1,0.0657,0.01892,1.08012,0.00381,1,1,participant_10,question_13,Timer-Correct,True,Question
0.0,0,6,1,0.08481,0.04047,0,0.63646,0.18796,0.18719,2655,740.96173,1,0.1019,0.00264,-0.06183,-0.06076,0.65914,0.25023,0.791,19.94632,1,0.10591,0.07054,1.08783,0.00395,1,1,0.00263,-0.06468,0.66132,0.50522,0.80941,18.94764,1,0.06371,0.01039,1.08783,0.00387,1,1,participant_10,question_13,Timer-Correct,True,Question
0.0,0,6,1,0.06882,0.0297,0,0.63646,0.18796,0.19403,2655,740.96173,1,0.1008,0.00354,-0.06183,-0.06076,0.65914,0.25033,0.7911,20.00357,1,0.07559,0.05731,1.10245,0.00414,1,1,0.00263,-0.06468,0.66132,0.50519,0.80943,18.83598,1,0.06205,0.00209,1.10245,0.00387,1,1,participant_10,question_13,Timer-Correct,True,Question
0.0,0,6,1,0.06259,0.00661,0,0.63646,0.18796,0.20056,2655,740.96173,1,0.09956,0.00364,-0.06183,-0.06076,0.65914,0.25013,0.79089,19.88001,1,0.06987,0.03225,1.11707,0.00402,1,1,0.00263,-0.06468,0.66132,0.50518,0.80937,18.96402,1,0.0553,-0.01902,1.11707,0.00383,1,1,participant_10,question_13,Timer-Correct,True,Other
0.0,0,6,1,0.05894,-0.00399,0,0.63646,0.18796,0.20721,2655,740.96173,1,0.0983,0.0034,-0.06183,-0.06076,0.65914,0.25016,0.79092,20.00302,1,0.06427,0.01839,1.13169,0.00404,1,1,0.00251,-0.06291,0.64375,0.50506,0.8095,19.31608,1,0.05362,-0.02637,1.12371,0.00384,1,1,participant_10,question_13,Timer-Correct,True,Other
0.0,0,6,1,0.08772,3e-05,0,0.63437,0.18426,0.21429,2655,740.96173,1,0.09797,0.0033,-0.06183,-0.06076,0.65914,0.25007,0.79111,20.18433,1,0.09514,0.02672,1.12371,0.00404,1,1,0.00251,-0.06291,0.64375,0.50516,0.80916,18.29812,1,0.08029,-0.02666,1.11572,0.00391,1,1,participant_10,question_13,Timer-Correct,True,Other
0.0,0,6,1,0.09012,0.00944,0,0.63437,0.18426,0.22101,2655,740.96173,1,0.09774,0.00348,-0.06183,-0.06076,0.65914,0.25002,0.79122,20.47644,1,0.09478,0.02864,1.11572,0.00406,1,1,0.00251,-0.06291,0.64375,0.50511,0.80937,18.57126,1,0.08545,-0.00976,1.10773,0.00392,1,1,participant_10,question_13,Timer-Correct,True,Other
0.0,0,6,1,0.09158,0.01324,0,0.63437,0.18426,0.22772,2655,740.96173,1,0.09757,0.00376,-0.06183,-0.06071,0.65914,0.25,0.7912,20.50408,1,0.0977,0.03624,1.10773,0.00401,1,1,0.00243,-0.06474,0.66198,0.50506,0.80949,19.41668,1,0.08545,-0.00976,1.10773,0.00389,1,1,participant_10,question_13,Timer-Correct,True,Other
0.0,0,6,1,0.09206,0.00564,0,0.63437,0.18426,0.23438,2655,740.96173,1,0.09741,0.00381,-0.06183,-0.06071,0.65914,0.24976,0.79108,19.61539,1,0.08181,0.03597,1.10773,0.00405,1,1,0.00243,-0.06474,0.66198,0.50484,0.80935,19.20554,1,0.10231,-0.0247,1.11572,0.00386,1,1,participant_10,question_13,Timer-Correct,True,Other
0.0,0,6,1,0.09017,0.00029,0,0.63437,0.18426,0.24115,2655,740.96173,1,0.09722,0.00372,-0.06183,-0.06071,0.65914,0.24962,0.7911,19.97533,1,0.08494,0.024,1.11572,0.00399,1,1,0.00243,-0.06474,0.66198,0.50468,0.80936,19.20479,1,0.09539,-0.02342,1.12371,0.00381,1,1,participant_10,question_13,Timer-Correct,True,Other
0.0,0,6,1,0.09009,1e-05,0,0.63437,0.18426,0.24786,2655,740.96173,1,0.09703,0.00362,-0.06049,-0.0593,0.6444,0.24964,0.79108,20.00552,1,0.08484,0.02374,1.11599,0.00399,1,1,0.00243,-0.06474,0.66198,0.50464,0.80926,19.30955,1,0.09533,-0.02372,1.12398,0.00378,1,1,participant_10,question_13,Timer-Correct,True,Other
0.0,0,6,1,0.08487,0.01833,0,0.63437,0.18426,0.25452,2655,740.96173,1,0.09672,0.00399,-0.06049,-0.0593,0.6444,0.2496,0.79107,20.0969,1,0.09367,0.01884,1.11626,0.00399,1,1,0.00243,-0.06474,0.66198,0.50467,0.80919,19.0702,1,0.07607,0.01781,1.11626,0.00383,1,1,participant_10,question_13,Timer-Correct,True,Other
0.0,0,6,1,0.087,0.04082,0,0.63333,0.18241,0.26123,2655,740.96173,1,0.09648,0.00492,-0.06049,-0.0593,0.6444,0.24963,0.79113,20.22516,1,0.10802,0.04565,1.10855,0.00397,1,1,0.00243,-0.06474,0.66198,0.50465,0.8093,19.3325,1,0.06598,0.03598,1.10855,0.00381,1,1,participant_10,question_13,Timer-Correct,True,Question
0.0,0,6,1,0.09037,0.05277,0,0.63333,0.18241,0.26849,2655,740.96173,1,0.09633,0.00608,-0.06049,-0.0593,0.6444,0.24961,0.79117,20.23744,1,0.11079,0.05293,1.10083,0.00395,1,1,0.00228,-0.06192,0.63363,0.50455,0.80932,19.01278,1,0.06996,0.0526,1.09284,0.00383,1,1,participant_10,question_13,Timer-Correct,True,Question
0.0,0,6,1,0.08301,0.05675,0,0.63333,0.18241,0.27515,2655,740.96173,1,0.09601,0.00729,-0.06049,-0.0593,0.6444,0.24955,0.79122,20.30222,1,0.09593,0.04588,1.09284,0.00397,1,1,0.00228,-0.06192,0.63363,0.5044,0.80921,19.06016,1,0.07009,0.06762,1.08485,0.00393,1,1,participant_10,question_13,Timer-Correct,True,Question
0.0,0,6,1,0.07631,0.05006,0,0.63333,0.18241,0.28131,2655,740.96173,1,0.09555,0.00828,-0.06049,-0.0593,0.6444,0.24955,0.79122,20.30222,1,0.09652,0.02668,1.08485,0.00397,1,1,0.00228,-0.06192,0.63363,0.50439,0.8092,19.04964,1,0.0561,0.07345,1.07687,0.00391,1,1,participant_10,question_13,Timer-Correct,True,Question
0.0,0,6,1,0.07532,0.04613,0,0.63333,0.18241,0.28766,2655,740.96173,1,0.09509,0.00914,-0.06183,-0.06047,0.65707,0.24949,0.79097,19.65942,1,0.09662,0.02695,1.08458,0.0041,1,1,0.00236,-0.06531,0.66827,0.50436,0.80901,18.86861,1,0.05402,0.06531,1.08458,0.00389,1,1,participant_10,question_13,Timer-Correct,True,Question
0.0,0,6,1,0.10327,0.02814,0,0.63333,0.18241,0.29462,2655,740.96173,1,0.09527,0.00957,-0.06183,-0.06047,0.65707,0.24927,0.79064,19.57351,1,0.11498,0.02445,1.0923,0.00403,1,1,0.00236,-0.06531,0.66827,0.50447,0.80907,18.71345,1,0.09156,0.03183,1.10029,0.00394,1,1,participant_10,question_13,Timer-Correct,True,Question
0.0,0,6,1,0.08537,0.00076,0,0.63333,0.18241,0.30145,2655,740.96173,1,0.09506,0.00937,-0.06183,-0.06047,0.65707,0.24916,0.79081,19.80015,1,0.10567,0.00235,1.108,0.00397,1,1,0.00236,-0.06531,0.66827,0.50437,0.80902,19.06794,1,0.06506,-0.00084,1.11599,0.00381,1,1,participant_10,question_13,Timer-Correct,True,Other
0.0,0,6,1,0.08295,-0.00752,0,0.63333,0.18241,0.30786,2655,740.96173,1,0.0948,0.00902,-0.061,-0.05961,0.64778,0.24918,0.79082,19.7685,1,0.10282,-0.0055,1.11599,0.00398,1,1,0.00223,-0.06441,0.66009,0.50431,0.80877,18.68921,1,0.06308,-0.00954,1.12398,0.00386,1,1,participant_10,question_13,Timer-Correct,True,Other
0.0,0,6,1,0.09177,0.00237,0,0.63333,0.18241,0.3147,2655,740.96173,1,0.09474,0.00888,-0.061,-0.05961,0.64778,0.24924,0.79074,19.81318,1,0.09278,0.00995,1.11626,0.00396,1,1,0.00223,-0.06441,0.66009,0.50391,0.80875,19.00538,1,0.09077,-0.0052,1.11626,0.00377,1,1,participant_10,question_13,Timer-Correct,True,Other
0.0,0,6,1,0.08589,0.01575,0,0.63333,0.18241,0.32141,2655,740.96173,1,0.09293,0.00938,-0.061,-0.05961,0.64778,0.24905,0.7908,20.05681,1,0.08918,0.0259,1.10855,0.00393,1,1,0.00223,-0.06441,0.66009,0.50387,0.80866,18.74454,1,0.08261,0.0056,1.10855,0.00377,1,1,participant_10,question_13,Timer-Correct,True,Other
0.0,0,6,1,0.08589,0.01575,0,0.63333,0.18241,0.328,2655,740.96173,1,0.09288,0.00986,-0.06263,-0.06115,0.66451,0.24892,0.79111,20.49026,1,0.08918,0.0259,1.10855,0.00404,1,1,0.00214,-0.06469,0.663,0.50375,0.80867,19.06005,1,0.08261,0.0056,1.10855,0.0037,1,1,participant_10,question_13,Timer-Correct,True,Other
0.0,0,6,1,0.0832,0.01411,0,0.63333,0.18241,0.33459,2655,740.96173,1,0.09247,0.01002,-0.06263,-0.06115,0.66451,0.24879,0.79094,20.45145,1,0.10657,0.00481,1.11626,0.00407,1,1,0.00214,-0.06469,0.663,0.50361,0.80873,19.13566,1,0.05982,0.02341,1.11626,0.00377,1,1,participant_10,question_13,Timer-Correct,True,Other
0.0,0,6,1,0.08129,0.03075,0,0.63333,0.18241,0.34161,2655,740.96173,1,0.09232,0.01052,-0.06263,-0.06115,0.66451,0.24865,0.79104,20.34935,1,0.07106,0.00152,1.12398,0.00403,1,1,0.00214,-0.06469,0.663,0.50344,0.80878,19.13623,1,0.09153,0.05997,1.12398,0.00381,1,1,participant_10,question_13,Timer-Correct,True,Question
0.0,0,6,1,0.08129,0.03075,0,0.63333,0.18241,0.34747,2655,740.96173,1,0.09217,0.01102,-0.06114,-0.05955,0.64716,0.24858,0.79075,19.89993,1,0.07106,0.00152,1.12398,0.0041,1,1,0.00203,-0.06449,0.66144,0.50328,0.80876,19.21271,1,0.09153,0.05997,1.12398,0.00386,1,1,participant_10,question_13,Timer-Correct,True,Question
0.0,0,6,1,0.08202,0.02891,0,0.63333,0.18241,0.35461,2655,740.96173,1,0.09174,0.0119,-0.06114,-0.05955,0.64716,0.24845,0.79089,19.56692,1,0.08766,0.0203,1.11626,0.00399,1,1,0.00203,-0.06449,0.66144,0.50292,0.80863,18.9103,1,0.07638,0.03751,1.11626,0.00377,1,1,participant_10,question_13,Timer-Correct,True,Question
0.0,0,6,1,0.08013,0.01396,0,0.63333,0.18241,0.36133,2655,740.96173,1,0.09138,0.01227,-0.06114,-0.05955,0.64716,0.24843,0.79087,19.57693,1,0.08829,0.01977,1.10855,0.004,1,1,0.00203,-0.06449,0.66144,0.50296,0.80848,19.03119,1,0.07198,0.00814,1.10855,0.00376,1,1,participant_10,question_13,Timer-Correct,True,Other
0.0,0,6,1,0.08351,0.0262,0,0.63333,0.18241,0.36829,2655,740.96173,1,0.09109,0.0129,-0.06114,-0.05955,0.64716,0.24808,0.79101,20.05789,1,0.09117,0.02722,1.10083,0.00403,1,1,0.00193,-0.06277,0.64382,0.50282,0.80826,18.70128,1,0.07585,0.02517,1.09284,0.00386,1,1,participant_10,question_13,Timer-Correct,True,Question
0.0,0,6,1,0.07275,0.03329,0,0.63333,0.18241,0.37488,2655,740.96173,1,0.09044,0.01345,-0.06114,-0.05955,0.64716,0.24793,0.79092,20.24675,1,0.08786,0.03581,1.09284,0.00405,1,1,0.00193,-0.06277,0.64382,0.50282,0.80833,18.81945,1,0.05765,0.03077,1.08485,0.00377,1,1,participant_10,question_13,Timer-Correct,True,Question
0.0,0,6,1,0.06936,0.04409,0,0.63333,0.18241,0.38153,2655,740.96173,1,0.08998,0.01505,-0.06114,-0.05955,0.64716,0.24784,0.79115,20.19499,1,0.07782,0.04093,1.08485,0.00397,1,1,0.00193,-0.06277,0.64382,0.50286,0.80855,18.58614,1,0.0609,0.04725,1.07687,0.00383,1,1,participant_10,question_13,Timer-Correct,True,Question
0.0,0,6,1,0.07318,0.05502,0,0.63333,0.18241,0.38849,2655,740.96173,1,0.08964,0.01706,-0.05856,-0.057,0.61942,0.24778,0.79108,20.19755,1,0.08364,0.05534,1.06996,0.00403,1,1,0.00193,-0.06436,0.66116,0.50286,0.80845,18.81191,1,0.06273,0.0547,1.06996,0.0039,1,1,participant_10,question_13,Timer-Correct,True,Question
0.0,0,6,1,0.09074,0.06216,0,0.63333,0.18241,0.39594,2655,740.96173,1,0.08956,0.01868,-0.05856,-0.057,0.61942,0.24784,0.7911,20.46475,1,0.10189,0.10151,1.06306,0.00399,1,1,0.00193,-0.06436,0.66116,0.50277,0.80835,18.63773,1,0.07959,0.0228,1.07105,0.00397,1,1,participant_10,question_13,Timer-Correct,True,Question
0.0,0,6,1,0.08647,0.04614,0,0.63333,0.18241,0.40619,2655,740.96173,1,0.08947,0.02025,-0.05856,-0.057,0.61942,0.24783,0.79105,20.443,1,0.09831,0.05659,1.06414,0.00399,1,1,0.00193,-0.06436,0.66116,0.50272,0.80843,18.69467,1,0.07463,0.03569,1.07213,0.00385,1,1,participant_10,question_13,Timer-Correct,True,Question
0.0,0,6,1,0.08393,0.03789,0,0.63333,0.18241,0.41388,2655,740.96173,1,0.08926,0.0214,-0.06096,-0.05923,0.64421,0.24783,0.791,20.21225,1,0.09526,0.04882,1.07213,0.00401,1,1,0.00185,-0.06496,0.66672,0.50251,0.80835,18.75813,1,0.07261,0.02695,1.08012,0.00394,1,1,participant_10,question_13,Timer-Correct,True,Question
0.0,0,6,1,0.08462,0.0561,0,0.63333,0.18241,0.41797,2655,740.96173,1,0.0889,0.02242,-0.06096,-0.05923,0.64421,0.24791,0.79084,20.08195,1,0.10702,0.05425,1.08702,0.00404,1,1,0.00185,-0.06496,0.66672,0.5025,0.80825,18.81786,1,0.06222,0.05794,1.08702,0.00389,1,1,participant_10,question_13,Timer-Correct,True,Question
0.0,0,6,1,0.07771,0.00511,0,0.63333,0.18241,0.422,2655,740.96173,1,0.08861,0.02268,-0.06096,-0.05923,0.64421,0.24797,0.7908,19.90374,1,0.1018,0.00951,1.09393,0.00401,1,1,0.00185,-0.06496,0.66672,0.50241,0.80834,18.76863,1,0.05362,0.00071,1.09393,0.0039,1,1,participant_10,question_13,Timer-Correct,True,Other
0.0,0,6,1,0.07659,0.0023,0,0.63333,0.18241,0.42816,2655,740.96173,1,0.08819,0.02253,-0.06054,-0.05873,0.63877,0.24767,0.79077,19.86351,1,0.09927,0.00269,1.10083,0.00404,1,1,0.00173,-0.0624,0.64094,0.50235,0.80837,18.75749,1,0.0539,0.00192,1.09284,0.00392,1,1,participant_10,question_13,Timer-Correct,True,Other
0.0,0,6,1,0.0868,0.06443,0,0.63333,0.18241,0.43542,2655,740.96173,1,0.08745,0.02337,-0.06054,-0.05873,0.63877,0.24731,0.79091,20.38608,1,0.09384,0.07015,1.09284,0.00409,1,1,0.00173,-0.0624,0.64094,0.50219,0.80826,18.77675,1,0.07976,0.05871,1.08485,0.00383,1,1,participant_10,question_13,Timer-Correct,True,Question
0.0,0,6,1,0.08024,0.05812,0,0.63333,0.18241,0.44208,2655,740.96173,1,0.08628,0.0242,-0.06054,-0.05873,0.63877,0.24725,0.79086,20.2964,1,0.08557,0.07029,1.08485,0.00407,1,1,0.00173,-0.0624,0.64094,0.50222,0.80818,18.7231,1,0.0749,0.04595,1.07687,0.00382,1,1,participant_10,question_13,Timer-Correct,True,Question
0.0,0,6,1,0.08399,0.06884,0,0.63333,0.18241,0.44843,2655,740.96173,1,0.08525,0.0255,-0.05864,-0.05681,0.61831,0.24727,0.79082,20.45104,1,0.09133,0.0843,1.06996,0.00404,1,1,0.00174,-0.06448,0.66289,0.50211,0.80801,18.68481,1,0.07666,0.05339,1.06996,0.00395,1,1,participant_10,question_13,Timer-Correct,True,Question
0.0,0,6,1,0.09202,0.09986,0,0.63333,0.18241,0.45526,2655,740.96173,1,0.08488,0.02761,-0.05864,-0.05681,0.61831,0.24718,0.79087,20.28276,1,0.08718,0.0907,1.06306,0.00407,1,1,0.00174,-0.06448,0.66289,0.50201,0.80797,18.63203,1,0.09686,0.10902,1.07105,0.00396,1,1,participant_10,question_13,Timer-Correct,True,Question
0.0,0,6,1,0.08762,0.11139,0,0.63333,0.18241,0.45526,2655,740.96173,0,0.08366,0.05561,-0.05864,-0.05681,0.61831,0.24714,0.79091,20.43391,1,0.08507,0.11263,1.06414,0.00403,1,1,0.00174,-0.06448,0.66289,0.50209,0.80794,18.42072,1,0.09017,0.11016,1.07213,0.00395,1,1,participant_10,question_13,Timer-Correct,True,Question
0.0,0,6,1,0.08617,0.10578,0,0.63333,0.18241,0.45526,2655,740.96173,0,0.08491,0.0807,-0.05864,-0.05681,0.61831,0.24715,0.79085,20.44777,1,0.08464,0.11163,1.06523,0.00403,1,1,0.00174,-0.06652,0.68436,0.502,0.80815,18.97609,1,0.08769,0.09992,1.0822,0.00388,1,1,participant_10,question_13,Timer-Correct,True,Question
0.0,0,6,1,0.08459,0.08353,0,0.63333,0.18241,0.45526,2655,740.96173,0,0.08481,0.08164,-0.05864,-0.05681,0.61831,0.24715,0.79074,20.5732,1,0.07624,0.09622,1.0822,0.0041,1,1,0.00174,-0.06652,0.68436,0.50183,0.80767,19.00443,1,0.09295,0.07085,1.09119,0.00383,1,1,participant_10,question_13,Timer-Correct,True,Question
0.0,0,6,1,0.07708,0.04867,0,0.63333,0.18241,0.02026,2656,741.42365,1,0.08287,0.0734,-0.05864,-0.05681,0.61831,0.24711,0.79066,20.65895,1,0.07209,0.0821,1.09119,0.00407,1,1,0.00174,-0.06652,0.68436,0.5018,0.80761,19.14715,1,0.08206,0.01523,1.10018,0.00383,1,1,participant_10,question_13,Timer-Correct,True,Question
0.0,0,6,1,0.07422,0.03963,0,0.63333,0.18241,0.02771,2656,741.42365,1,0.08114,0.06664,-0.05864,-0.05681,0.61831,0.24726,0.79059,20.58525,1,0.06855,0.07379,1.10018,0.00419,1,1,0.00174,-0.06638,0.6834,0.50173,0.80771,19.00969,1,0.0799,0.00548,1.10916,0.00384,1,1,participant_10,question_13,Timer-Correct,True,Question
0.0,0,6,1,0.06938,0.0339,0,0.63333,0.18241,0.03375,2656,741.42365,1,0.07918,0.06119,-0.05864,-0.05681,0.61831,0.24684,0.79026,19.77435,1,0.07648,0.05598,1.10916,0.00414,1,1,0.00174,-0.06638,0.6834,0.50172,0.80779,19.00596,1,0.06229,0.01182,1.10916,0.00388,1,1,participant_10,question_13,Timer-Correct,True,Question
0.0,0,6,1,0.07363,0.02927,0,0.63333,0.18241,0.04095,2656,741.42365,1,0.07839,0.05663,-0.05864,-0.05681,0.61831,0.24685,0.79026,19.80881,1,0.08238,0.05808,1.10916,0.00411,1,1,0.00174,-0.06638,0.6834,0.50165,0.80753,19.13237,1,0.06488,0.00046,1.10916,0.00391,1,1,participant_10,question_13,Timer-Correct,True,Question
0.0,0,6,1,0.07146,0.02228,0,0.63333,0.18241,0.04688,2656,741.42365,1,0.07752,0.05233,-0.0607,-0.05875,0.63944,0.24689,0.79012,19.79514,1,0.07977,0.05165,1.11607,0.00414,1,1,0.00174,-0.06638,0.6834,0.50158,0.80712,18.74623,1,0.06315,-0.0071,1.11607,0.00396,1,1,participant_10,question_13,Timer-Correct,True,Other
0.0,0,6,1,0.0836,0.00482,0,0.63333,0.18241,0.05371,2656,741.42365,1,0.0782,0.04705,-0.0607,-0.05875,0.63944,0.24689,0.79021,20.23362,1,0.10075,0.03686,1.12297,0.00409,1,1,0.00174,-0.06638,0.6834,0.50168,0.80735,18.93612,1,0.06646,-0.02722,1.12297,0.0039,1,1,participant_10,question_13,Timer-Correct,True,Other
0.0,0,6,1,0.08503,-0.01236,0,0.63333,0.18241,0.06036,2656,741.42365,1,0.07888,0.04111,-0.0607,-0.05875,0.63944,0.24691,0.79022,20.22363,1,0.09362,0.01207,1.12987,0.00409,1,1,0.00174,-0.06638,0.6834,0.50174,0.80729,18.81726,1,0.07645,-0.0368,1.12987,0.00399,1,1,participant_10,question_13,Timer-Correct,True,Other
0.0,0,6,1,0.08497,-0.01008,0,0.63333,0.18241,0.06683,2656,741.42365,1,0.07944,0.03646,-0.0607,-0.05875,0.63944,0.24679,0.79017,20.06068,1,0.09113,0.00548,1.13678,0.00413,1,1,0.00153,-0.06192,0.63853,0.50159,0.80731,18.82482,1,0.07882,-0.02565,1.1198,0.00391,1,1,participant_10,question_13,Timer-Correct,True,Other
0.0,0,6,1,0.08201,0.02752,0,0.63333,0.18241,0.07336,2656,741.42365,1,0.07965,0.03571,-0.0607,-0.05875,0.63944,0.24661,0.78994,19.82306,1,0.08338,0.02493,1.1198,0.00409,1,1,0.00153,-0.06192,0.63853,0.50143,0.80714,18.85037,1,0.08064,0.0301,1.10283,0.00387,1,1,participant_10,question_13,Timer-Correct,True,Question
0.0,0,6,1,0.09499,0.03559,0,0.63333,0.18241,0.08002,2656,741.42365,1,0.08083,0.0357,-0.0607,-0.05875,0.63944,0.24682,0.79015,20.30725,1,0.10558,0.03229,1.10283,0.00413,1,1,0.00153,-0.06192,0.63853,0.50143,0.80714,18.85037,1,0.0844,0.03889,1.08585,0.00388,1,1,participant_10,question_13,Timer-Correct,True,Question
0.0,0,6,1,0.09917,0.04856,0,0.63333,0.18241,0.08649,2656,741.42365,1,0.08214,0.03662,-0.0607,-0.05875,0.63944,0.24674,0.79026,20.90313,1,0.11174,0.04858,1.08585,0.00405,1,1,0.00164,-0.06429,0.66295,0.50147,0.80706,18.91738,1,0.0866,0.04854,1.07687,0.00392,1,1,participant_10,question_13,Timer-Correct,True,Question
0.0,0,6,1,0.09141,0.07302,0,0.63333,0.18241,0.0932,2656,741.42365,1,0.08276,0.03905,-0.0607,-0.05875,0.63944,0.24669,0.79035,20.83244,1,0.10509,0.05203,1.07687,0.00406,1,1,0.00164,-0.06429,0.66295,0.5014,0.80673,19.13806,1,0.07772,0.09402,1.08485,0.0037,1,1,participant_10,question_13,Timer-Correct,True,Question
0.0,0,6,1,0.08866,0.0555,0,0.63333,0.18241,0.1001,2656,741.42365,1,0.08313,0.04008,-0.0607,-0.05875,0.63944,0.24668,0.79036,20.7622,1,0.10453,0.0429,1.08485,0.00406,1,1,0.00164,-0.06429,0.66295,0.5014,0.80673,19.13806,1,0.0728,0.0681,1.09284,0.0037,1,1,participant_10,question_13,Timer-Correct,True,Question
0.0,0,6,1,0.08618,0.04748,0,0.63333,0.18241,0.10663,2656,741.42365,1,0.08331,0.04051,-0.0607,-0.05875,0.63944,0.24673,0.79031,20.62979,1,0.10158,0.03518,1.09284,0.00408,1,1,0.00164,-0.06429,0.66295,0.50136,0.80662,18.9652,1,0.07078,0.05978,1.10083,0.00377,1,1,participant_10,question_13,Timer-Correct,True,Question
0.0,0,6,1,0.09453,0.03349,0,0.63333,0.18241,0.11377,2656,741.42365,1,0.08393,0.04012,-0.0607,-0.05875,0.63944,0.24672,0.79007,20.87327,1,0.10247,0.02152,1.10083,0.00412,1,1,0.00164,-0.06429,0.66295,0.50165,0.80665,18.95442,1,0.0866,0.04546,1.10083,0.00382,1,1,participant_10,question_13,Timer-Correct,True,Question
0.0,0,6,1,0.10446,0.01461,0,0.63333,0.18241,0.12024,2656,741.42365,1,0.08501,0.03878,-0.0607,-0.05875,0.63944,0.24713,0.78995,20.19916,1,0.11753,0.00664,1.10083,0.00415,1,1,0.00164,-0.06429,0.66295,0.50174,0.80662,19.08456,1,0.09138,0.02258,1.10083,0.00386,1,1,participant_10,question_13,Timer-Correct,True,Other
0.0,0,6,1,0.10543,0.01689,0,0.63333,0.18241,0.12695,2656,741.42365,1,0.08603,0.03769,-0.05864,-0.05671,0.61831,0.24696,0.78999,20.64779,1,0.11996,0.01344,1.09393,0.00408,1,1,0.00172,-0.06531,0.67402,0.50172,0.80671,19.12477,1,0.0909,0.02034,1.10291,0.00387,1,1,participant_10,question_13,Timer-Correct,True,Other
0.0,0,6,1,0.0804,0.0399,0,0.63333,0.18241,0.13385,2656,741.42365,1,0.08576,0.03779,-0.05864,-0.05671,0.61831,0.24721,0.78987,20.81257,1,0.08724,0.07469,1.09601,0.0041,1,1,0.00172,-0.06531,0.67402,0.5019,0.80667,19.33932,1,0.07356,0.0051,1.105,0.00387,1,1,participant_10,question_13,Timer-Correct,True,Question
0.0,0,6,1,0.11485,0.01399,0,0.63333,0.18241,0.14087,2656,741.42365,1,0.08709,0.03671,-0.05864,-0.05671,0.61831,0.24801,0.78971,20.94454,1,0.12651,0.02424,1.09809,0.00421,1,1,0.00172,-0.06531,0.67402,0.50251,0.80638,18.45818,1,0.10319,0.00374,1.10708,0.00397,1,1,participant_10,question_13,Timer-Correct,True,Other
0.0,0,6,1,0.1111,0.00169,0,0.63333,0.18241,0.14758,2656,741.42365,1,0.08813,0.03519,-0.06263,-0.06076,0.66347,0.24845,0.78945,20.50579,1,0.12074,0.00801,1.1148,0.0042,1,1,0.00201,-0.06333,0.65406,0.50315,0.80633,19.13783,1,0.10147,-0.00464,1.1148,0.00382,1,1,participant_10,question_13,Timer-Correct,True,Other
0.0,0,6,1,0.14749,0.03855,0,0.63333,0.18241,0.15405,2656,741.42365,1,0.0906,0.03533,-0.06263,-0.06076,0.66347,0.24972,0.7893,20.77881,1,0.16152,0.06307,1.12942,0.00418,1,1,0.00201,-0.06333,0.65406,0.5044,0.80615,19.05509,1,0.13345,0.01402,1.12043,0.00384,1,1,participant_10,question_13,Timer-Correct,True,Question
0.0,0,6,1,0.16546,0.01112,0,0.63333,0.18241,0.16071,2656,741.42365,1,0.0936,0.03436,-0.06263,-0.06076,0.66347,0.24996,0.78936,21.06717,1,0.15596,0.02829,1.13505,0.0041,1,1,0.00201,-0.06333,0.65406,0.50467,0.80597,18.52354,1,0.17497,-0.00605,1.12606,0.00402,1,1,participant_10,question_13,Timer-Correct,True,Other
0.0,0,6,1,0.1613,-0.00798,0,0.63333,0.18241,0.16748,2656,741.42365,1,0.0962,0.03273,-0.06346,-0.06185,0.67486,0.25047,0.7891,20.69959,1,0.15148,0.01489,1.14936,0.00409,1,1,0.00235,-0.06588,0.68089,0.5051,0.80593,19.12497,1,0.17112,-0.03084,1.14936,0.00378,1,1,participant_10,question_13,Timer-Correct,True,Other
0.0,0,6,1,0.17161,-0.01484,0,0.63333,0.18241,0.17389,2656,741.42365,1,0.09899,0.03097,-0.06346,-0.06185,0.67486,0.25067,0.78928,20.69644,1,0.18095,-0.00174,1.15804,0.00414,1,1,0.00235,-0.06588,0.68089,0.50534,0.80612,19.18921,1,0.16227,-0.02795,1.16703,0.00395,1,1,participant_10,question_13,Timer-Correct,True,Other
0.0,0,6,1,0.14734,-0.03562,0,0.63333,0.18241,0.17389,2656,741.42365,0,0.12418,0.01327,-0.06346,-0.06185,0.67486,0.25062,0.78911,20.35363,1,0.15628,-0.01653,1.17571,0.00413,1,1,0.00235,-0.06588,0.68089,0.50549,0.80607,18.79858,1,0.13839,-0.05471,1.1847,0.00395,1,1,participant_10,question_13,Timer-Correct,True,Other
0.0,0,6,1,0.14703,-0.03689,0,0.63333,0.18241,0.17389,2656,741.42365,0,0.13561,-0.01181,-0.0603,-0.05887,0.64238,0.25087,0.78935,20.78295,1,0.1559,-0.01772,1.17698,0.00417,1,1,0.00245,-0.06589,0.68054,0.50561,0.80599,18.62153,1,0.13816,-0.05606,1.18597,0.00383,1,1,participant_10,question_13,Timer-Correct,True,Other
0.0,0,6,1,0.16011,-0.04004,0,0.63333,0.18241,0.17389,2656,741.42365,0,0.14377,-0.02122,-0.0603,-0.05887,0.64238,0.25122,0.78903,20.75919,1,0.15657,-0.00326,1.16957,0.00412,1,1,0.00245,-0.06589,0.68054,0.50601,0.80586,18.55764,1,0.16365,-0.07683,1.16957,0.00382,1,1,participant_10,question_13,Timer-Correct,True,Other
0.0,0,6,1,0.1658,-0.02325,0,0.63333,0.18241,0.0199,2657,741.60449,1,0.14928,-0.02173,-0.0603,-0.05887,0.64238,0.25126,0.78911,20.97829,1,0.17131,0.01869,1.15318,0.00409,1,1,0.00245,-0.06589,0.68054,0.50602,0.80591,18.65732,1,0.16029,-0.0652,1.15318,0.00388,1,1,participant_10,question_13,Timer-Correct,True,Other
0.0,0,6,1,0.17041,-0.00174,0,0.63333,0.18241,0.02686,2657,741.60449,1,0.15351,-0.01773,-0.05959,-0.05837,0.63684,0.25135,0.78922,20.34092,1,0.17618,0.03395,1.13678,0.00415,1,1,0.00253,-0.06422,0.6628,0.50622,0.80624,19.19557,1,0.16463,-0.03742,1.12779,0.00388,1,1,participant_10,question_13,Timer-Correct,True,Other
0.0,0,6,1,0.17647,0.01273,0,0.63333,0.18241,0.0332,2657,741.60449,1,0.15733,-0.01265,-0.05959,-0.05837,0.63684,0.25178,0.78951,20.86666,1,0.17987,0.03561,1.12779,0.00413,1,1,0.00253,-0.06422,0.6628,0.50646,0.80615,18.88098,1,0.17308,-0.01014,1.11881,0.00389,1,1,participant_10,question_13,Timer-Correct,True,Other
0.0,0,6,1,0.18555,0.02355,0,0.63333,0.18241,0.04016,2657,741.60449,1,0.16137,-0.00748,-0.05959,-0.05837,0.63684,0.25194,0.78924,20.5219,1,0.18755,0.0467,1.11881,0.0042,1,1,0.00253,-0.06422,0.6628,0.50653,0.80611,18.79234,1,0.18355,0.00039,1.10982,0.0038,1,1,participant_10,question_13,Timer-Correct,True,Other
0.0,0,6,1,0.18846,0.03466,0,0.63333,0.18241,0.04663,2657,741.60449,1,0.16475,-0.00221,-0.05835,-0.05729,0.62507,0.25218,0.7891,20.36495,1,0.19224,0.06154,1.10291,0.00409,1,1,0.0028,-0.06698,0.69126,0.50681,0.8062,19.03861,1,0.18468,0.00778,1.10291,0.0038,1,1,participant_10,question_13,Timer-Correct,True,Question
0.0,0,6,1,0.17675,0.04514,0,0.63333,0.18241,0.05371,2657,741.60449,1,0.16608,0.00305,-0.05835,-0.05729,0.62507,0.25238,0.78918,20.51534,1,0.1891,0.07423,1.09601,0.00411,1,1,0.0028,-0.06698,0.69126,0.50709,0.80618,18.91164,1,0.1644,0.01605,1.105,0.00385,1,1,participant_10,question_13,Timer-Correct,True,Question
0.0,0,6,1,0.18766,0.03803,0,0.63333,0.18241,0.06,2657,741.60449,1,0.16824,0.00655,-0.05835,-0.05729,0.62507,0.25274,0.78917,20.34608,1,0.19955,0.07267,1.09809,0.00424,1,1,0.0028,-0.06698,0.69126,0.50728,0.80623,18.9984,1,0.17577,0.0034,1.10708,0.00384,1,1,participant_10,question_13,Timer-Correct,True,Question
0.0,0,6,1,0.18718,0.03595,0,0.63333,0.18241,0.06702,2657,741.60449,1,0.16996,0.00922,-0.05717,-0.05631,0.61444,0.25285,0.7893,20.58205,1,0.19894,0.07073,1.10018,0.00417,1,1,0.00297,-0.0662,0.68314,0.50754,0.80627,19.11167,1,0.17541,0.00117,1.10916,0.00386,1,1,participant_10,question_13,Timer-Correct,True,Question
0.0,0,6,1,0.1753,0.04158,0,0.63333,0.18241,0.07343,2657,741.60449,1,0.17041,0.01192,-0.05717,-0.05631,0.61444,0.25323,0.78903,20.57985,1,0.18908,0.06007,1.10916,0.00416,1,1,0.00297,-0.0662,0.68314,0.50803,0.80621,18.96473,1,0.16153,0.02308,1.10916,0.00392,1,1,participant_10,question_13,Timer-Correct,True,Question
0.0,0,6,1,0.19072,0.02132,0,0.63333,0.18241,0.08038,2657,741.60449,1,0.17197,0.01264,-0.05717,-0.05631,0.61444,0.25356,0.78927,20.61717,1,0.20058,0.01823,1.10916,0.00421,1,1,0.00297,-0.0662,0.68314,0.50787,0.80615,19.05499,1,0.18086,0.0244,1.10916,0.00385,1,1,participant_10,question_13,Timer-Correct,True,Other
0.0,0,6,1,0.18916,0.01436,0,0.63333,0.18241,0.08691,2657,741.60449,1,0.1732,0.01276,-0.05906,-0.05832,0.63632,0.25359,0.78935,20.19298,1,0.1986,0.01155,1.11607,0.0042,1,1,0.00314,-0.06552,0.67621,0.50837,0.80632,19.11569,1,0.17971,0.01716,1.11607,0.0038,1,1,participant_10,question_13,Timer-Correct,True,Other
0.0,0,6,1,0.17838,0.02671,0,0.63333,0.18241,0.09381,2657,741.60449,1,0.17354,0.01369,-0.05906,-0.05832,0.63632,0.25397,0.78908,20.22115,1,0.17594,0.05343,1.12297,0.00416,1,1,0.00314,-0.06552,0.67621,0.50876,0.80619,19.02228,1,0.18082,-1e-05,1.12297,0.00391,1,1,participant_10,question_13,Timer-Correct,True,Question
0.0,0,6,1,0.18573,-0.00285,0,0.63333,0.18241,0.10022,2657,741.60449,1,0.17431,0.01266,-0.05906,-0.05832,0.63632,0.25422,0.78923,20.90549,1,0.18022,0.00569,1.12988,0.00417,1,1,0.00314,-0.06552,0.67621,0.50884,0.80637,19.14489,1,0.19123,-0.01139,1.12988,0.00381,1,1,participant_10,question_13,Timer-Correct,True,Other
0.0,0,6,1,0.18487,-0.00506,0,0.63333,0.18241,0.10718,2657,741.60449,1,0.17493,0.01162,-0.05903,-0.05857,0.63908,0.25439,0.78921,19.92167,1,0.17819,-0.00094,1.13678,0.00428,1,1,0.00333,-0.06423,0.6628,0.50923,0.80633,19.34271,1,0.19155,-0.00918,1.12779,0.00378,1,1,participant_10,question_13,Timer-Correct,True,Other
0.0,0,6,1,0.18944,-0.03747,0,0.63333,0.18241,0.11365,2657,741.60449,1,0.17573,0.00889,-0.05903,-0.05857,0.63908,0.25507,0.7893,20.81815,1,0.19986,-0.05149,1.12779,0.0042,1,1,0.00333,-0.06423,0.6628,0.50962,0.80653,19.10923,1,0.17902,-0.02345,1.11881,0.00385,1,1,participant_10,question_13,Timer-Correct,True,Other
0.0,0,6,1,0.17385,-0.00612,0,0.63333,0.18241,0.12061,2657,741.60449,1,0.17563,0.0081,-0.05903,-0.05857,0.63908,0.25522,0.78934,20.20972,1,0.16976,-0.01699,1.11881,0.00424,1,1,0.00333,-0.06423,0.6628,0.50979,0.80652,19.2661,1,0.17793,0.00475,1.10982,0.00382,1,1,participant_10,question_13,Timer-Correct,True,Other
0.0,0,6,1,0.17415,-0.00481,0,0.63333,0.18241,0.12695,2657,741.60449,1,0.17556,0.00745,-0.06098,-0.06075,0.66286,0.2554,0.78941,20.24161,1,0.17015,-0.01573,1.11753,0.00426,1,1,0.00361,-0.06393,0.65874,0.51015,0.80646,18.77078,1,0.17815,0.00611,1.10855,0.00386,1,1,participant_10,question_13,Timer-Correct,True,Other
0.0,0,6,1,0.16817,0.03058,0,0.63333,0.18241,0.13403,2657,741.60449,1,0.17521,0.00855,-0.06098,-0.06075,0.66286,0.25601,0.78939,20.37427,1,0.16759,0.04177,1.11626,0.00426,1,1,0.00361,-0.06393,0.65874,0.51078,0.80703,19.52196,1,0.16876,0.01939,1.11626,0.00392,1,1,participant_10,question_13,Timer-Correct,True,Question
0.0,0,6,1,0.17351,-0.00349,0,0.63333,0.18241,0.14038,2657,741.60449,1,0.17513,0.00801,-0.06098,-0.06075,0.66286,0.2564,0.7891,20.48172,1,0.1783,-0.01025,1.12398,0.00416,1,1,0.00361,-0.06393,0.65874,0.51084,0.80702,19.34238,1,0.16873,0.00328,1.12398,0.00389,1,1,participant_10,question_13,Timer-Correct,True,Other
0.0,0,6,1,0.17094,-0.0161,0,0.63333,0.18241,0.14716,2657,741.60449,1,0.17495,0.00696,-0.0601,-0.06016,0.65645,0.25661,0.78927,20.86019,1,0.176,-0.01781,1.1317,0.00421,1,1,0.00398,-0.06619,0.68096,0.51124,0.80694,19.01391,1,0.16587,-0.01439,1.14068,0.00385,1,1,participant_10,question_13,Timer-Correct,True,Other
0.0,0,6,1,0.16418,0.02103,0,0.63333,0.18241,0.15381,2657,741.60449,1,0.1745,0.00754,-0.0601,-0.06016,0.65645,0.25753,0.7894,21.15358,1,0.18532,0.04336,1.14068,0.00437,1,1,0.00398,-0.06619,0.68096,0.51174,0.80708,19.24102,1,0.14304,-0.00131,1.14967,0.00404,1,1,participant_10,question_13,Timer-Correct,True,Other
0.0,0,6,1,0.16664,-0.03874,0,0.63333,0.18241,0.16077,2657,741.60449,1,0.17419,0.00569,-0.0601,-0.06016,0.65645,0.25748,0.78942,21.17626,1,0.15444,-0.02561,1.14967,0.00421,1,1,0.00398,-0.06619,0.68096,0.512,0.80715,19.46342,1,0.17885,-0.05188,1.15866,0.00388,1,1,participant_10,question_13,Timer-Correct,True,Other
0.0,0,6,1,0.16526,-0.04311,0,0.63333,0.18241,0.1673,2657,741.60449,1,0.17384,0.00382,-0.05949,-0.05985,0.65301,0.25773,0.78929,20.41789,1,0.15168,-0.03434,1.15866,0.00434,1,1,0.00413,-0.06455,0.66413,0.51235,0.80718,19.33831,1,0.17885,-0.05188,1.15866,0.00387,1,1,participant_10,question_13,Timer-Correct,True,Other
0.0,0,6,1,0.15573,-0.01788,0,0.63333,0.18241,0.17432,2657,741.60449,1,0.17317,0.00301,-0.05949,-0.05985,0.65301,0.25835,0.78927,20.9498,1,0.14458,-0.00177,1.15866,0.0043,1,1,0.00413,-0.06455,0.66413,0.51269,0.80737,19.46767,1,0.16688,-0.034,1.14967,0.00384,1,1,participant_10,question_13,Timer-Correct,True,Other
0.0,0,6,1,0.15247,-0.0135,0,0.63333,0.18241,0.1806,2657,741.60449,1,0.17243,0.00242,-0.05949,-0.05985,0.65301,0.25873,0.78897,20.865,1,0.17753,-0.00537,1.14967,0.00426,1,1,0.00413,-0.06455,0.66413,0.5129,0.8073,19.38958,1,0.12742,-0.02163,1.14068,0.00385,1,1,participant_10,question_13,Timer-Correct,True,Other
0.0,0,6,1,0.15467,-0.00439,0,0.63333,0.18241,0.18701,2657,741.60449,1,0.17182,0.00219,-0.05957,-0.06003,0.6561,0.2589,0.78937,21.12734,1,0.18015,0.00321,1.14068,0.00426,1,1,0.00433,-0.06456,0.66423,0.51326,0.80734,19.25245,1,0.12919,-0.01199,1.1317,0.00389,1,1,participant_10,question_13,Timer-Correct,True,Other
0.0,0,6,1,0.17932,-0.00108,0,0.63333,0.18241,0.19397,2657,741.60449,1,0.17207,0.00208,-0.05957,-0.06003,0.6561,0.25925,0.78864,19.93723,1,0.17045,-0.00997,1.1317,0.00436,1,1,0.00433,-0.06456,0.66423,0.51368,0.80745,19.25858,1,0.1882,0.00782,1.1317,0.00384,1,1,participant_10,question_13,Timer-Correct,True,Other
0.0,0,6,1,0.17241,-0.01641,0,0.63333,0.18241,0.20093,2657,741.60449,1,0.17208,0.00148,-0.05957,-0.06003,0.6561,0.2596,0.78888,20.73246,1,0.20092,-0.04885,1.1317,0.00435,1,1,0.00433,-0.06456,0.66423,0.51384,0.80737,18.80902,1,0.1439,0.01602,1.1317,0.00402,1,1,participant_10,question_13,Timer-Correct,True,Other
0.0,0,6,1,0.17583,-0.00143,0,0.63333,0.18241,0.20734,2657,741.60449,1,0.1722,0.00139,-0.05535,-0.05597,0.61269,0.25985,0.78855,20.68781,1,0.20498,-0.03411,1.11708,0.00433,1,1,0.00458,-0.06391,0.65702,0.51412,0.80741,19.05852,1,0.14668,0.03125,1.11708,0.00384,1,1,participant_10,question_13,Timer-Correct,True,Other
0.0,0,6,1,0.19209,0.04847,0,0.63333,0.18241,0.21442,2657,741.60449,1,0.1728,0.00282,-0.05535,-0.05597,0.61269,0.26034,0.78818,21.21808,1,0.19479,0.04849,1.10246,0.00423,1,1,0.00458,-0.06391,0.65702,0.51449,0.80737,19.2261,1,0.1894,0.04845,1.10246,0.00385,1,1,participant_10,question_13,Timer-Correct,True,Question
0.0,0,6,1,0.18232,0.04257,0,0.63333,0.18241,0.22089,2657,741.60449,1,0.17308,0.00399,-0.05535,-0.05597,0.61269,0.26043,0.78773,20.42378,1,0.21316,0.01997,1.08784,0.00436,1,1,0.00458,-0.06391,0.65702,0.51464,0.80736,18.89875,1,0.15148,0.06516,1.08784,0.00401,1,1,participant_10,question_13,Timer-Correct,True,Question
0.0,0,6,1,0.18416,0.05036,0,0.63333,0.18241,0.22784,2657,741.60449,1,0.1734,0.00531,-0.05869,-0.05939,0.65227,0.26061,0.78743,20.10531,1,0.21533,0.02758,1.08012,0.00436,1,1,0.00482,-0.06437,0.66222,0.51483,0.80724,19.24189,1,0.15298,0.07314,1.08012,0.00385,1,1,participant_10,question_13,Timer-Correct,True,Question
0.0,0,6,1,0.18877,0.05518,0,0.63333,0.18241,0.23425,2657,741.60449,1,0.17382,0.0067,-0.05869,-0.05939,0.65227,0.26121,0.78711,20.78945,1,0.1908,0.07202,1.08702,0.00436,1,1,0.00482,-0.06437,0.66222,0.51523,0.80727,19.62507,1,0.18674,0.03835,1.08702,0.00387,1,1,participant_10,question_13,Timer-Correct,True,Question
0.0,0,6,1,0.17121,0.02755,0,0.63333,0.18241,0.24097,2657,741.60449,1,0.17375,0.00726,-0.05869,-0.05939,0.65227,0.26111,0.78683,20.43193,1,0.17246,0.03739,1.09393,0.00432,1,1,0.00482,-0.06437,0.66222,0.51529,0.80723,19.69137,1,0.16997,0.01771,1.09393,0.00388,1,1,participant_10,question_13,Timer-Correct,True,Question
0.0,0,6,1,0.17192,0.03183,0,0.63333,0.18241,0.24756,2657,741.60449,1,0.17371,0.00791,-0.05564,-0.05627,0.62002,0.26114,0.78663,20.10531,1,0.17246,0.03739,1.09393,0.00438,1,1,0.00485,-0.06282,0.64627,0.51551,0.80698,18.94516,1,0.17138,0.02627,1.08594,0.00399,1,1,participant_10,question_13,Timer-Correct,True,Question
0.0,0,6,1,0.18481,0.04187,0,0.63333,0.18241,0.25452,2657,741.60449,1,0.17399,0.00878,-0.05564,-0.05627,0.62002,0.26192,0.78667,20.85894,1,0.20608,0.05557,1.07904,0.00437,1,1,0.00485,-0.06282,0.64627,0.51592,0.80727,19.49578,1,0.16354,0.02816,1.07105,0.00393,1,1,participant_10,question_13,Timer-Correct,True,Question
0.0,0,6,1,0.22125,0.09172,0,0.63333,0.18241,0.26093,2657,741.60449,1,0.17517,0.01085,-0.05564,-0.05627,0.62002,0.26262,0.78661,20.94415,1,0.22728,0.12445,1.06414,0.00434,1,1,0.00485,-0.06282,0.64627,0.51674,0.80713,19.18363,1,0.21522,0.05899,1.05616,0.00398,1,1,participant_10,question_13,Timer-Correct,True,Question
0.0,0,6,1,0.22005,0.08299,0,0.63333,0.18241,0.26093,2657,741.60449,0,0.18701,0.0378,-0.05862,-0.05967,0.65752,0.26311,0.78632,20.69616,1,0.22736,0.1247,1.06387,0.00442,1,1,0.00536,-0.06554,0.67424,0.51723,0.80704,19.42973,1,0.21273,0.04128,1.07286,0.00397,1,1,participant_10,question_13,Timer-Correct,True,Question
0.0,0,6,1,0.22393,0.03689,0,0.63333,0.18241,0.26093,2657,741.60449,0,0.20547,0.03735,-0.05862,-0.05967,0.65752,0.26394,0.78616,20.86047,1,0.23498,0.05064,1.08748,0.0044,1,1,0.00536,-0.06554,0.67424,0.51793,0.8071,19.20263,1,0.21287,0.02314,1.10445,0.00393,1,1,participant_10,question_13,Timer-Correct,True,Question
0.0,0,6,1,0.22332,0.01893,0,0.63333,0.18241,0.26093,2657,741.60449,0,0.21142,0.03121,-0.05862,-0.05967,0.65752,0.26402,0.78616,20.95202,1,0.23392,0.01959,1.11907,0.00437,1,1,0.00536,-0.06554,0.67424,0.51792,0.8071,19.22219,1,0.21271,0.01826,1.13605,0.00391,1,1,participant_10,question_13,Timer-Correct,True,Other
0.0,0,6,1,0.21708,-0.0124,0,0.63333,0.18241,0.01978,2658,741.8725,1,0.21283,0.0203,-0.05862,-0.05957,0.65752,0.26424,0.78591,20.91024,1,0.2258,-0.01068,1.15067,0.00433,1,1,0.00536,-0.06554,0.67424,0.51806,0.80715,18.98052,1,0.20835,-0.01412,1.16764,0.00393,1,1,participant_10,question_13,Timer-Correct,True,Other
0.0,0,6,1,0.21449,-0.05025,0,0.63333,0.18241,0.02692,2658,741.8725,1,0.21316,0.00619,-0.05862,-0.05957,0.65752,0.26417,0.78581,20.89893,1,0.22279,-0.04309,1.16764,0.00438,1,1,0.00536,-0.06554,0.67424,0.51805,0.80711,18.82362,1,0.20618,-0.0574,1.16764,0.00391,1,1,participant_10,question_13,Timer-Correct,True,Other
0.0,0,6,1,0.22923,-0.05718,0,0.63333,0.18241,0.03326,2658,741.8725,1,0.21584,-0.00437,-0.05862,-0.05957,0.65752,0.26409,0.78571,20.61368,1,0.25444,-0.05599,1.16764,0.00441,1,1,0.00536,-0.06554,0.67424,0.51793,0.80717,18.89438,1,0.20401,-0.05837,1.16764,0.00397,1,1,participant_10,question_13,Timer-Correct,True,Other
0.0,0,6,1,0.22923,-0.05718,0,0.63333,0.18241,0.04022,2658,741.8725,1,0.21775,-0.01191,-0.0588,-0.05971,0.65959,0.26409,0.7857,20.90987,1,0.25444,-0.05599,1.16764,0.00441,1,1,0.00536,-0.06559,0.67424,0.51783,0.8073,19.20732,1,0.20401,-0.05837,1.16764,0.00393,1,1,participant_10,question_13,Timer-Correct,True,Other
0.0,0,6,1,0.24205,-0.02021,0,0.63333,0.18241,0.04694,2658,741.8725,1,0.22079,-0.01295,-0.0588,-0.05971,0.65959,0.26388,0.78545,20.71728,1,0.23813,-0.04186,1.16764,0.00441,1,1,0.00536,-0.06559,0.67424,0.51774,0.80726,19.08709,1,0.24596,0.00144,1.16764,0.00392,1,1,participant_10,question_13,Timer-Correct,True,Other
0.0,0,6,1,0.23798,0.0063,0,0.63333,0.18241,0.05377,2658,741.8725,1,0.2227,-0.01081,-0.0588,-0.05971,0.65959,0.26373,0.7853,20.50212,1,0.23259,0.02036,1.16764,0.00441,1,1,0.00536,-0.06559,0.67424,0.51771,0.80716,19.00412,1,0.24336,-0.00775,1.16764,0.00401,1,1,participant_10,question_13,Timer-Correct,True,Other
0.0,0,6,1,0.23692,0.00247,0,0.63333,0.18241,0.06,2658,741.8725,1,0.22412,-0.00948,-0.06041,-0.06103,0.67589,0.26359,0.78511,20.55562,1,0.23044,0.01239,1.17632,0.00443,1,1,0.00516,-0.06367,0.65506,0.51754,0.80705,19.07398,1,0.2434,-0.00744,1.16734,0.00396,1,1,participant_10,question_13,Timer-Correct,True,Other
0.0,0,6,1,0.24436,-0.06839,0,0.63333,0.18241,0.06702,2658,741.8725,1,0.22596,-0.01484,-0.06041,-0.06103,0.67589,0.26344,0.785,20.6817,1,0.27054,-0.05251,1.17602,0.00442,1,1,0.00516,-0.06367,0.65506,0.51726,0.80694,19.23618,1,0.21818,-0.08426,1.16703,0.00393,1,1,participant_10,question_13,Timer-Correct,True,Other
0.0,0,6,1,0.24296,-0.068,0,0.63333,0.18241,0.0733,2658,741.8725,1,0.22738,-0.01927,-0.06041,-0.06103,0.67589,0.26332,0.78469,20.84924,1,0.24533,-0.05793,1.17571,0.00432,1,1,0.00516,-0.06367,0.65506,0.51723,0.8069,19.46589,1,0.2406,-0.07807,1.16672,0.00391,1,1,participant_10,question_13,Timer-Correct,True,Other
0.0,0,6,1,0.24252,-0.07253,0,0.63333,0.18241,0.08032,2658,741.8725,1,0.22854,-0.02336,-0.06042,-0.06089,0.67486,0.26327,0.78478,21.26189,1,0.2454,-0.05763,1.17541,0.00436,1,1,0.00524,-0.0666,0.68568,0.51711,0.80677,19.70974,1,0.23963,-0.08744,1.17541,0.00385,1,1,participant_10,question_13,Timer-Correct,True,Other
0.0,0,6,1,0.22403,-0.04259,0,0.63333,0.18241,0.08679,2658,741.8725,1,0.22822,-0.02474,-0.06042,-0.06089,0.67486,0.2628,0.78473,21.08171,1,0.215,0.00331,1.17541,0.00443,1,1,0.00524,-0.0666,0.68568,0.51693,0.80671,19.75711,1,0.23306,-0.08848,1.18439,0.00396,1,1,participant_10,question_13,Timer-Correct,True,Other
0.0,0,6,1,0.23515,-0.06641,0,0.63333,0.18241,0.09381,2658,741.8725,1,0.22868,-0.02752,-0.06042,-0.06089,0.67486,0.2625,0.78444,20.4035,1,0.25198,-0.04331,1.18439,0.00445,1,1,0.00524,-0.0666,0.68568,0.51668,0.80645,19.13918,1,0.21831,-0.0895,1.19338,0.00398,1,1,participant_10,question_13,Timer-Correct,True,Other
0.0,0,6,1,0.23509,-0.06672,0,0.63333,0.18241,0.1001,2658,741.8725,1,0.22908,-0.02997,-0.05981,-0.06012,0.66635,0.26252,0.78466,21.00399,1,0.25191,-0.04361,1.1847,0.00444,1,1,0.00498,-0.06571,0.6781,0.51645,0.80619,19.0501,1,0.21827,-0.08983,1.19369,0.00393,1,1,participant_10,question_13,Timer-Correct,True,Other
0.0,0,6,1,0.22791,-0.03142,0,0.63333,0.18241,0.10724,2658,741.8725,1,0.22901,-0.03005,-0.05981,-0.06012,0.66635,0.26193,0.78442,20.443,1,0.20761,-0.01641,1.185,0.00443,1,1,0.00498,-0.06571,0.6781,0.51602,0.80628,19.48463,1,0.24822,-0.04642,1.185,0.004,1,1,participant_10,question_13,Timer-Correct,True,Other
0.0,0,6,1,0.22314,-0.02379,0,0.63333,0.18241,0.11365,2658,741.8725,1,0.22869,-0.0297,-0.05981,-0.06012,0.66635,0.26183,0.78445,20.46724,1,0.22421,-0.02063,1.17632,0.00448,1,1,0.00498,-0.06571,0.6781,0.51605,0.80619,19.2226,1,0.22208,-0.02696,1.17632,0.00404,1,1,participant_10,question_13,Timer-Correct,True,Other
0.0,0,6,1,0.22586,-0.00652,0,0.63333,0.18241,0.12067,2658,741.8725,1,0.22854,-0.02848,-0.05959,-0.0597,0.66169,0.26169,0.78452,21.22474,1,0.22639,-0.01242,1.16764,0.00443,1,1,0.0046,-0.06188,0.63862,0.51573,0.80611,19.5853,1,0.22533,-0.00061,1.15067,0.00394,1,1,participant_10,question_13,Timer-Correct,True,Other
0.0,0,6,1,0.21029,0.00609,0,0.63333,0.18241,0.12701,2658,741.8725,1,0.22763,-0.02675,-0.05959,-0.0597,0.66169,0.26119,0.7844,20.44607,1,0.22669,-0.00397,1.15067,0.00451,1,1,0.0046,-0.06188,0.63862,0.51545,0.80615,19.5148,1,0.1939,0.01615,1.13369,0.00398,1,1,participant_10,question_13,Timer-Correct,True,Other
0.0,0,6,1,0.24017,0.03684,0,0.63333,0.18241,0.13361,2658,741.8725,1,0.22822,-0.02373,-0.05959,-0.0597,0.66169,0.26105,0.78445,20.46724,1,0.24568,0.04024,1.13369,0.00448,1,1,0.0046,-0.06188,0.63862,0.51523,0.80626,19.58197,1,0.23467,0.03343,1.11672,0.00395,1,1,participant_10,question_13,Timer-Correct,True,Question
0.0,0,6,1,0.24335,0.05339,0,0.63333,0.18241,0.14008,2658,741.8725,1,0.22891,-0.02022,-0.06019,-0.06011,0.66621,0.26103,0.78464,20.99067,1,0.24988,0.056,1.11672,0.00444,1,1,0.00439,-0.0616,0.63572,0.51525,0.80616,19.23279,1,0.23682,0.05078,1.09974,0.00408,1,1,participant_10,question_13,Timer-Correct,True,Question
0.0,0,6,1,0.23361,0.02315,0,0.63333,0.18241,0.14703,2658,741.8725,1,0.22912,-0.01833,-0.06019,-0.06011,0.66621,0.2604,0.78482,21.23751,1,0.23905,0.01935,1.09974,0.00444,1,1,0.00439,-0.0616,0.63572,0.51466,0.80649,20.04611,1,0.22818,0.02695,1.09974,0.00393,1,1,participant_10,question_13,Timer-Correct,True,Other
0.0,0,6,1,0.22636,0.02514,0,0.63333,0.18241,0.15411,2658,741.8725,1,0.229,-0.01652,-0.06019,-0.06011,0.66621,0.26029,0.78484,21.32938,1,0.23726,0.02406,1.09974,0.00441,1,1,0.00439,-0.0616,0.63572,0.51449,0.8066,20.27184,1,0.21545,0.02621,1.09974,0.00395,1,1,participant_10,question_13,Timer-Correct,True,Question
0.0,0,6,1,0.22579,0.02094,0,0.63333,0.18241,0.16077,2658,741.8725,1,0.22887,-0.01502,-0.05979,-0.05956,0.65953,0.26012,0.78479,21.05966,1,0.23726,0.02406,1.09974,0.00446,1,1,0.00427,-0.06361,0.65497,0.51433,0.80657,19.6886,1,0.21432,0.01782,1.10773,0.00405,1,1,participant_10,question_13,Timer-Correct,True,Other
0.0,0,6,1,0.23979,0.02073,0,0.63333,0.18241,0.16711,2658,741.8725,1,0.22929,-0.01365,-0.05979,-0.05956,0.65953,0.25964,0.78501,21.02742,1,0.25762,0.06544,1.10773,0.00448,1,1,0.00427,-0.06361,0.65497,0.51383,0.80674,19.77985,1,0.22195,-0.02397,1.11572,0.00401,1,1,participant_10,question_13,Timer-Correct,True,Other
0.0,0,6,1,0.23671,0.02726,0,0.63333,0.18241,0.17413,2658,741.8725,1,0.22957,-0.01213,-0.05979,-0.05956,0.65953,0.25936,0.7851,20.86405,1,0.25057,0.07554,1.11572,0.00449,1,1,0.00427,-0.06361,0.65497,0.51357,0.80676,19.67879,1,0.22285,-0.02102,1.12371,0.00409,1,1,participant_10,question_13,Timer-Correct,True,Question
0.0,0,6,1,0.23607,0.02218,0,0.63333,0.18241,0.17413,2658,741.8725,0,0.23075,0.0145,-0.05796,-0.05755,0.63573,0.25907,0.78509,20.52432,1,0.2505,0.0753,1.11599,0.00446,1,1,0.00418,-0.06602,0.67922,0.51341,0.80687,19.55998,1,0.22163,-0.03093,1.13297,0.00392,1,1,participant_10,question_13,Timer-Correct,True,Other
0.0,0,6,1,0.24526,0.02613,0,0.63333,0.18241,0.17413,2658,741.8725,0,0.23801,0.02031,-0.05796,-0.05755,0.63573,0.25867,0.78531,20.93515,1,0.25597,0.03552,1.12525,0.00445,1,1,0.00418,-0.06602,0.67922,0.51284,0.80714,19.89327,1,0.23455,0.01673,1.13424,0.00401,1,1,participant_10,question_13,Timer-Correct,True,Question
0.0,0,6,1,0.21793,0.00183,0,0.63333,0.18241,0.17413,2658,741.8725,0,0.23131,0.01415,-0.05796,-0.05755,0.63573,0.2583,0.78569,21.19069,1,0.23166,-0.00871,1.12652,0.00451,1,1,0.00418,-0.06602,0.67922,0.51251,0.8071,19.69155,1,0.20419,0.01237,1.13551,0.00403,1,1,participant_10,question_13,Timer-Correct,True,Other
0.0,0,6,1,0.21612,-0.00719,0,0.63333,0.18241,0.02032,2659,742.05304,1,0.22752,0.00882,-0.05924,-0.05868,0.64711,0.25815,0.78575,21.32717,1,0.22936,-0.01749,1.13551,0.00445,1,1,0.00396,-0.06585,0.67696,0.51222,0.80712,19.48054,1,0.20289,0.0031,1.1445,0.00403,1,1,participant_10,question_13,Timer-Correct,True,Other
0.0,0,6,1,0.22465,-0.03188,0,0.63333,0.18241,0.02679,2659,742.05304,1,0.22694,0.00068,-0.05924,-0.05868,0.64711,0.25745,0.786,20.56248,1,0.23196,-0.01737,1.15221,0.00449,1,1,0.00396,-0.06585,0.67696,0.51199,0.80744,19.7657,1,0.21733,-0.04639,1.15221,0.00407,1,1,participant_10,question_13,Timer-Correct,True,Other
0.0,0,6,1,0.23192,-0.03554,0,0.63333,0.18241,0.03357,2659,742.05304,1,0.22777,-0.00536,-0.05924,-0.05868,0.64711,0.25736,0.78645,21.41386,1,0.23975,-0.03586,1.15993,0.00448,1,1,0.00396,-0.06585,0.67696,0.51192,0.80757,19.79102,1,0.22409,-0.03522,1.15993,0.00408,1,1,participant_10,question_13,Timer-Correct,True,Other
0.0,0,6,1,0.23107,-0.03863,0,0.63333,0.18241,0.04053,2659,742.05304,1,0.22824,-0.01011,-0.06081,-0.06023,0.66202,0.25726,0.78654,21.56647,1,0.23788,-0.04336,1.16764,0.00436,1,1,0.00358,-0.06376,0.6544,0.51144,0.80757,19.64259,1,0.22425,-0.03389,1.15866,0.00407,1,1,participant_10,question_13,Timer-Correct,True,Other
0.0,0,6,1,0.2169,0.00378,0,0.63333,0.18241,0.04694,2659,742.05304,1,0.22682,-0.00838,-0.06081,-0.06023,0.66202,0.25676,0.7869,20.62802,1,0.20609,0.04592,1.15866,0.00457,1,1,0.00358,-0.06376,0.6544,0.51122,0.80774,19.99172,1,0.22771,-0.03836,1.14967,0.00403,1,1,participant_10,question_13,Timer-Correct,True,Other
0.0,0,6,1,0.26526,-0.00377,0,0.63333,0.18241,0.05389,2659,742.05304,1,0.2311,-0.00786,-0.06081,-0.06023,0.66202,0.25717,0.78731,21.24599,1,0.27679,0.01758,1.14967,0.00448,1,1,0.00358,-0.06376,0.6544,0.51141,0.80772,19.67741,1,0.25373,-0.02511,1.14068,0.00401,1,1,participant_10,question_13,Timer-Correct,True,Other
0.0,0,6,1,0.26673,0.00516,0,0.63333,0.18241,0.06,2659,742.05304,1,0.23466,-0.00656,-0.06081,-0.06023,0.66202,0.25725,0.78797,22.03754,1,0.27876,0.02598,1.14068,0.0046,1,1,0.00358,-0.0638,0.65441,0.51157,0.80779,19.77765,1,0.2547,-0.01566,1.1317,0.00407,1,1,participant_10,question_13,Timer-Correct,True,Other
0.0,0,6,1,0.28949,0.02928,0,0.63333,0.18241,0.06726,2659,742.05304,1,0.23964,-0.0033,-0.06081,-0.06023,0.66202,0.25729,0.78826,21.54763,1,0.29742,0.05326,1.1317,0.00458,1,1,0.00358,-0.0638,0.65441,0.51188,0.80794,19.55956,1,0.28157,0.00529,1.1317,0.00406,1,1,participant_10,question_13,Timer-Correct,True,Question
0.0,0,6,1,0.29808,0.00113,0,0.63333,0.18241,0.07416,2659,742.05304,1,0.24451,-0.00293,-0.06081,-0.06023,0.66202,0.25722,0.78849,21.43173,1,0.32251,0.02008,1.1317,0.00463,1,1,0.00358,-0.0638,0.65441,0.51156,0.80824,20.22969,1,0.27365,-0.01781,1.1317,0.004,1,1,participant_10,question_13,Timer-Correct,True,Other
0.0,0,6,1,0.29644,-0.01226,0,0.63333,0.18241,0.08032,2659,742.05304,1,0.24851,-0.00365,-0.06081,-0.06023,0.66202,0.2572,0.78859,21.60412,1,0.32088,0.01185,1.14038,0.00465,1,1,0.00358,-0.06659,0.68141,0.51148,0.80839,20.10796,1,0.27199,-0.03637,1.14936,0.00403,1,1,participant_10,question_13,Timer-Correct,True,Other
0.0,0,6,1,0.28436,-0.04972,0,0.63333,0.18241,0.08679,2659,742.05304,1,0.25107,-0.00694,-0.06081,-0.06023,0.66202,0.25693,0.78894,21.63609,1,0.29068,-0.01549,1.15804,0.00461,1,1,0.00358,-0.06659,0.68141,0.51131,0.80852,20.12644,1,0.27804,-0.08395,1.16703,0.00401,1,1,participant_10,question_13,Timer-Correct,True,Other
0.0,0,6,1,0.28209,-0.0507,0,0.63333,0.18241,0.09393,2659,742.05304,1,0.25314,-0.00986,-0.06081,-0.06023,0.66202,0.25684,0.78913,21.46878,1,0.30202,-0.00912,1.17571,0.00457,1,1,0.00358,-0.06659,0.68141,0.51126,0.80852,19.88414,1,0.26215,-0.09228,1.1847,0.00401,1,1,participant_10,question_13,Timer-Correct,True,Other
0.0,0,6,1,0.28121,-0.05491,0,0.63333,0.18241,0.1004,2659,742.05304,1,0.25489,-0.01267,-0.06081,-0.06023,0.66202,0.2567,0.78933,21.22582,1,0.30027,-0.01754,1.1847,0.00462,1,1,0.0035,-0.06626,0.67747,0.51118,0.8086,19.70906,1,0.26215,-0.09228,1.1847,0.00404,1,1,participant_10,question_13,Timer-Correct,True,Other
0.0,0,6,1,0.27786,-0.04322,0,0.63333,0.18241,0.10687,2659,742.05304,1,0.25624,-0.01447,-0.06081,-0.06023,0.66202,0.25656,0.78954,21.64367,1,0.27896,-0.02829,1.17602,0.00462,1,1,0.0035,-0.06626,0.67747,0.51109,0.80866,19.64751,1,0.27677,-0.05815,1.16703,0.00403,1,1,participant_10,question_13,Timer-Correct,True,Other
0.0,0,6,1,0.26985,-0.01897,0,0.63333,0.18241,0.11383,2659,742.05304,1,0.257,-0.01472,-0.06081,-0.06023,0.66202,0.25648,0.78954,21.63516,1,0.27262,0.01051,1.15835,0.00461,1,1,0.0035,-0.06626,0.67747,0.51098,0.80866,19.65551,1,0.26707,-0.04845,1.14936,0.00407,1,1,participant_10,question_13,Timer-Correct,True,Other
0.0,0,6,1,0.27084,-0.01477,0,0.63333,0.18241,0.12079,2659,742.05304,1,0.25773,-0.01472,-0.06081,-0.06023,0.66202,0.25639,0.78955,21.6149,1,0.2746,0.0189,1.14936,0.00463,1,1,0.00335,-0.06612,0.67612,0.51077,0.80875,19.74974,1,0.26707,-0.04845,1.14936,0.00405,1,1,participant_10,question_13,Timer-Correct,True,Other
0.0,0,6,1,0.26289,0.01165,0,0.63333,0.18241,0.12695,2659,742.05304,1,0.25798,-0.01341,-0.06081,-0.06023,0.66202,0.25618,0.78991,21.52049,1,0.26648,0.03973,1.15804,0.00462,1,1,0.00335,-0.06612,0.67612,0.51071,0.80885,19.44543,1,0.2593,-0.01643,1.16703,0.00406,1,1,participant_10,question_13,Timer-Correct,True,Other
0.0,0,6,1,0.2689,-0.02635,0,0.63333,0.18241,0.13391,2659,742.05304,1,0.2585,-0.01402,-0.06081,-0.06023,0.66202,0.25617,0.78996,21.52731,1,0.29518,0.00899,1.17571,0.00464,1,1,0.00335,-0.06612,0.67612,0.51064,0.80888,19.46546,1,0.24261,-0.06168,1.1847,0.00404,1,1,participant_10,question_13,Timer-Correct,True,Other
0.0,0,6,1,0.26616,-0.04375,0,0.63333,0.18241,0.14081,2659,742.05304,1,0.25885,-0.01537,-0.06081,-0.06023,0.66202,0.25616,0.78984,21.67242,1,0.29164,-0.00729,1.19338,0.00462,1,1,0.00335,-0.06612,0.67612,0.51058,0.80877,19.38844,1,0.24069,-0.0802,1.20237,0.00401,1,1,participant_10,question_13,Timer-Correct,True,Other
0.0,0,6,1,0.27366,-0.05236,0,0.63333,0.18241,0.14758,2659,742.05304,1,0.2595,-0.01698,-0.06081,-0.06023,0.66202,0.25614,0.78983,21.6105,1,0.27604,-0.02394,1.20237,0.00462,1,1,0.00335,-0.06612,0.67612,0.51052,0.80874,19.48933,1,0.27128,-0.08077,1.20237,0.00407,1,1,participant_10,question_13,Timer-Correct,True,Other
0.0,0,6,1,0.28878,-0.02509,0,0.63333,0.18241,0.15405,2659,742.05304,1,0.26072,-0.01732,-0.06081,-0.06023,0.66202,0.25615,0.78981,21.72913,1,0.27702,-0.00178,1.20237,0.0046,1,1,0.00335,-0.06612,0.67612,0.51058,0.80882,19.36327,1,0.30055,-0.04839,1.20237,0.00404,1,1,participant_10,question_13,Timer-Correct,True,Other
0.0,0,6,1,0.28878,-0.02509,0,0.63333,0.18241,0.16113,2659,742.05304,1,0.26184,-0.01763,-0.06081,-0.06023,0.66202,0.25607,0.78979,21.6972,1,0.27702,-0.00178,1.20237,0.00462,1,1,0.00335,-0.06612,0.67612,0.51052,0.80883,19.36329,1,0.30055,-0.04839,1.20237,0.00407,1,1,participant_10,question_13,Timer-Correct,True,Other
0.0,0,6,1,0.27986,-0.07051,0,0.63333,0.18241,0.16754,2659,742.05304,1,0.26253,-0.01966,-0.06081,-0.06023,0.66202,0.25598,0.78979,21.50609,1,0.30263,-0.04912,1.20237,0.00466,1,1,0.00335,-0.06612,0.67612,0.51038,0.80863,19.66301,1,0.25709,-0.0919,1.20237,0.00405,1,1,participant_10,question_13,Timer-Correct,True,Other
0.0,0,6,1,0.28145,-0.09214,0,0.63333,0.18241,0.17456,2659,742.05304,1,0.26323,-0.02235,-0.06081,-0.06023,0.66202,0.25596,0.78968,21.56415,1,0.30281,-0.07888,1.20237,0.00474,1,1,0.00335,-0.06612,0.67612,0.5104,0.80859,19.74624,1,0.26009,-0.1054,1.20237,0.00404,1,1,participant_10,question_13,Timer-Correct,True,Other
0.0,0,6,1,0.28311,-0.07849,0,0.63333,0.18241,0.18091,2659,742.05304,1,0.26394,-0.02435,-0.06081,-0.06023,0.66202,0.25601,0.78948,21.79031,1,0.30445,-0.07043,1.19369,0.00466,1,1,0.00323,-0.06473,0.66182,0.51037,0.80855,19.85467,1,0.26176,-0.08655,1.1847,0.00402,1,1,participant_10,question_13,Timer-Correct,True,Other
0.0,0,6,1,0.30318,-0.02294,0,0.63333,0.18241,0.18787,2659,742.05304,1,0.2653,-0.0243,-0.06081,-0.06023,0.66202,0.25604,0.78925,21.34253,1,0.30944,-0.00314,1.17602,0.00462,1,1,0.00323,-0.06473,0.66182,0.51042,0.8085,19.86372,1,0.29691,-0.04273,1.16703,0.00402,1,1,participant_10,question_13,Timer-Correct,True,Other
0.0,0,6,1,0.29751,0.03442,0,0.63333,0.18241,0.19421,2659,742.05304,1,0.26637,-0.02235,-0.06081,-0.06023,0.66202,0.25604,0.78916,21.31682,1,0.30437,0.04437,1.15835,0.00461,1,1,0.00323,-0.06473,0.66182,0.5104,0.80834,19.54959,1,0.29065,0.02447,1.14936,0.00401,1,1,participant_10,question_13,Timer-Correct,True,Question
0.0,0,6,1,0.29999,0.05117,0,0.63333,0.18241,0.20087,2659,742.05304,1,0.26745,-0.01997,-0.06081,-0.06023,0.66202,0.25599,0.78894,21.31781,1,0.30788,0.06036,1.14068,0.00458,1,1,0.00324,-0.0649,0.66566,0.51046,0.80792,19.13745,1,0.29211,0.04198,1.1317,0.00401,1,1,participant_10,question_13,Timer-Correct,True,Question
0.0,0,6,1,0.29035,-0.00571,0,0.63333,0.18241,0.20764,2659,742.05304,1,0.26817,-0.01953,-0.06081,-0.06023,0.66202,0.25605,0.7887,21.45978,1,0.28307,0.02228,1.1317,0.00461,1,1,0.00324,-0.0649,0.66566,0.51029,0.80765,19.62326,1,0.29763,-0.03369,1.1317,0.00404,1,1,participant_10,question_13,Timer-Correct,True,Other
0.0,0,6,1,0.28678,0.00872,0,0.63333,0.18241,0.2146,2659,742.05304,1,0.26873,-0.01867,-0.06081,-0.06023,0.66202,0.256,0.7884,21.54681,1,0.28116,0.00596,1.1317,0.00466,1,1,0.00324,-0.0649,0.66566,0.5103,0.80757,19.57489,1,0.29241,0.01149,1.1317,0.004,1,1,participant_10,question_13,Timer-Correct,True,Other
0.0,0,6,1,0.28511,-0.00445,0,0.63333,0.18241,0.22119,2659,742.05304,1,0.26922,-0.01825,-0.06081,-0.06023,0.66202,0.25589,0.78829,20.95585,1,0.27926,-0.00237,1.14038,0.00463,1,1,0.00338,-0.06633,0.68238,0.51043,0.80722,19.32957,1,0.29097,-0.00652,1.14936,0.00399,1,1,participant_10,question_13,Timer-Correct,True,Other
0.0,0,6,1,0.29018,-0.02468,0,0.63333,0.18241,0.22791,2659,742.05304,1,0.26981,-0.01844,-0.06081,-0.06023,0.66202,0.25615,0.7881,21.3989,1,0.29071,-0.01283,1.15804,0.00462,1,1,0.00338,-0.06633,0.68238,0.51036,0.80687,19.21877,1,0.28966,-0.03652,1.16703,0.004,1,1,participant_10,question_13,Timer-Correct,True,Other
0.0,0,6,1,0.29485,-0.08398,0,0.63333,0.18241,0.23456,2659,742.05304,1,0.27051,-0.02026,-0.06081,-0.06023,0.66202,0.25653,0.78787,21.16305,1,0.30757,-0.05805,1.17571,0.00459,1,1,0.00338,-0.06633,0.68238,0.51088,0.80674,19.59472,1,0.28213,-0.10991,1.1847,0.00406,1,1,participant_10,question_13,Timer-Correct,True,Other
0.0,0,6,1,0.29363,-0.09324,0,0.63333,0.18241,0.24109,2659,742.05304,1,0.27113,-0.02223,-0.06081,-0.06023,0.66095,0.25708,0.78736,21.41428,1,0.30586,-0.06685,1.1847,0.00449,1,1,0.00359,-0.06644,0.68351,0.51121,0.80665,19.79669,1,0.28141,-0.11964,1.19369,0.00404,1,1,participant_10,question_13,Timer-Correct,True,Other
0.0,0,6,1,0.34175,-0.03174,0,0.63333,0.18241,0.2478,2659,742.05304,1,0.27299,-0.02248,-0.06081,-0.06023,0.66095,0.25846,0.78692,20.75681,1,0.34243,-0.05906,1.185,0.0046,1,1,0.00359,-0.06644,0.68351,0.51239,0.80643,20.20069,1,0.34106,-0.00441,1.185,0.00407,1,1,participant_10,question_13,Timer-Correct,True,Other
0.0,0,6,1,0.35526,-0.0359,0,0.63333,0.18241,0.2478,2659,742.05304,0,0.30181,-0.0239,-0.06081,-0.06023,0.66095,0.25873,0.78674,20.74849,1,0.35791,-0.03398,1.17632,0.00456,1,1,0.00359,-0.06644,0.68351,0.51273,0.80629,20.1592,1,0.35261,-0.03781,1.17632,0.00402,1,1,participant_10,question_13,Timer-Correct,True,Other
0.0,0,6,1,0.35557,-0.0273,0,0.63333,0.18241,0.2478,2659,742.05304,0,0.32869,-0.0256,-0.06195,-0.06146,0.67615,0.25904,0.78667,20.72233,1,0.35791,-0.03398,1.17632,0.00463,1,1,0.00354,-0.06187,0.63853,0.51319,0.80616,20.19419,1,0.35323,-0.02063,1.15935,0.00404,1,1,participant_10,question_13,Timer-Correct,True,Other
0.0,0,6,1,0.37547,-0.02469,0,0.63333,0.18241,0.2478,2659,742.05304,0,0.34428,-0.0253,-0.06195,-0.06146,0.67615,0.25928,0.78671,20.82483,1,0.37438,-0.01381,1.16803,0.00462,1,1,0.00354,-0.06187,0.63853,0.51338,0.80575,19.69109,1,0.37657,-0.03558,1.15105,0.00406,1,1,participant_10,question_13,Timer-Correct,True,Other
0.0,0,6,1,0.38718,-0.00784,0,0.63333,0.18241,0.02039,2660,742.30768,1,0.35501,-0.02093,-0.06195,-0.06146,0.67615,0.25935,0.7866,20.99511,1,0.38987,-0.01646,1.15973,0.00454,1,1,0.00354,-0.06187,0.63853,0.51341,0.80573,19.53021,1,0.38449,0.00078,1.14276,0.00406,1,1,participant_10,question_13,Timer-Correct,True,Other
0.0,0,6,1,0.38767,-0.00822,0,0.63333,0.18241,0.02667,2660,742.30768,1,0.36154,-0.01839,-0.06195,-0.06146,0.67615,0.25958,0.78646,20.55546,1,0.39099,-0.00852,1.15144,0.00453,1,1,0.00389,-0.06615,0.68265,0.51341,0.80571,19.53951,1,0.38436,-0.00791,1.15144,0.00406,1,1,participant_10,question_13,Timer-Correct,True,Other
0.0,0,6,1,0.38948,-0.00902,0,0.63333,0.18241,0.03363,2660,742.30768,1,0.3662,-0.01683,-0.06195,-0.06146,0.67615,0.25974,0.78654,20.64926,1,0.4127,0.02206,1.15144,0.00456,1,1,0.00389,-0.06615,0.68265,0.51365,0.80574,19.9174,1,0.36626,-0.0401,1.16841,0.00402,1,1,participant_10,question_13,Timer-Correct,True,Other
0.0,0,6,1,0.37625,-0.03614,0,0.63333,0.18241,0.0401,2660,742.30768,1,0.36763,-0.01959,-0.06195,-0.06146,0.67615,0.2598,0.78659,20.74135,1,0.39996,-0.01228,1.16841,0.00456,1,1,0.00389,-0.06615,0.68265,0.51375,0.80584,19.67781,1,0.35254,-0.06001,1.18539,0.00405,1,1,participant_10,question_13,Timer-Correct,True,Other
0.0,0,6,1,0.37504,-0.04826,0,0.63333,0.18241,0.04681,2660,742.30768,1,0.36856,-0.02317,-0.06157,-0.06138,0.67414,0.25988,0.78672,20.55272,1,0.39783,-0.02834,1.18539,0.00459,1,1,0.00384,-0.06278,0.64791,0.51389,0.80595,19.76368,1,0.35226,-0.06819,1.19338,0.00403,1,1,participant_10,question_13,Timer-Correct,True,Other
0.0,0,6,1,0.38672,-0.03876,0,0.63333,0.18241,0.05347,2660,742.30768,1,0.37058,-0.0249,-0.06157,-0.06138,0.67414,0.26008,0.7868,20.60451,1,0.38965,-0.06226,1.19338,0.00452,1,1,0.00384,-0.06278,0.64791,0.51421,0.80624,20.24578,1,0.38379,-0.01526,1.18439,0.00397,1,1,participant_10,question_13,Timer-Correct,True,Other
0.0,0,6,1,0.37857,-0.03704,0,0.63333,0.18241,0.06012,2660,742.30768,1,0.37138,-0.02612,-0.06157,-0.06138,0.67414,0.26036,0.7867,20.45009,1,0.38006,-0.05985,1.18439,0.00449,1,1,0.00384,-0.06278,0.64791,0.51442,0.80626,20.26746,1,0.37707,-0.01423,1.1754,0.00398,1,1,participant_10,question_13,Timer-Correct,True,Other
0.0,0,6,1,0.37927,-0.02823,0,0.63333,0.18241,0.06683,2660,742.30768,1,0.37209,-0.02631,-0.06143,-0.06144,0.67484,0.26051,0.78686,20.55648,1,0.38129,-0.0511,1.1754,0.00453,1,1,0.00413,-0.06455,0.66413,0.5146,0.8064,20.13118,1,0.37725,-0.00535,1.16642,0.00406,1,1,participant_10,question_13,Timer-Correct,True,Other
0.0,0,6,1,0.37297,-0.0525,0,0.63333,0.18241,0.07385,2660,742.30768,1,0.37217,-0.02849,-0.06143,-0.06144,0.67484,0.26092,0.7871,20.69997,1,0.38991,-0.02098,1.16642,0.00447,1,1,0.00413,-0.06455,0.66413,0.51504,0.80663,19.87056,1,0.35602,-0.08403,1.16642,0.00403,1,1,participant_10,question_13,Timer-Correct,True,Other
0.0,0,6,1,0.36593,-0.01615,0,0.63333,0.18241,0.08032,2660,742.30768,1,0.37169,-0.02754,-0.06143,-0.06144,0.67484,0.2612,0.78723,21.21303,1,0.38295,0.01127,1.16642,0.00447,1,1,0.00413,-0.06455,0.66413,0.5152,0.80671,19.93462,1,0.34891,-0.04357,1.16642,0.00402,1,1,participant_10,question_13,Timer-Correct,True,Other
0.0,0,6,1,0.36593,-0.01615,0,0.63333,0.18241,0.08722,2660,742.30768,1,0.37128,-0.02673,-0.06116,-0.06138,0.6741,0.26149,0.78714,21.00745,1,0.38295,0.01127,1.16642,0.00447,1,1,0.00433,-0.06456,0.66423,0.51542,0.80686,19.86887,1,0.34891,-0.04357,1.16642,0.00398,1,1,participant_10,question_13,Timer-Correct,True,Other
0.0,0,6,1,0.37053,-0.03924,0,0.63333,0.18241,0.09363,2660,742.30768,1,0.37123,-0.02756,-0.06116,-0.06138,0.6741,0.26175,0.78712,20.69568,1,0.36898,-0.05491,1.16642,0.00449,1,1,0.00433,-0.06456,0.66423,0.51588,0.8069,19.45026,1,0.37207,-0.02358,1.16642,0.00402,1,1,participant_10,question_13,Timer-Correct,True,Other
0.0,0,6,1,0.36735,-0.01395,0,0.63333,0.18241,0.10089,2660,742.30768,1,0.37098,-0.02671,-0.06116,-0.06138,0.6741,0.26218,0.78723,20.99686,1,0.37284,-0.03935,1.16642,0.00442,1,1,0.00433,-0.06456,0.66423,0.51622,0.80717,20.35025,1,0.36185,0.01146,1.16642,0.00401,1,1,participant_10,question_13,Timer-Correct,True,Other
0.0,0,6,1,0.36797,-0.00989,0,0.63333,0.18241,0.10706,2660,742.30768,1,0.37081,-0.02572,-0.05993,-0.06049,0.66327,0.26236,0.78728,20.58,1,0.3741,-0.03093,1.15774,0.00448,1,1,0.00469,-0.06609,0.67943,0.51643,0.80731,20.05223,1,0.36184,0.01116,1.16672,0.00403,1,1,participant_10,question_13,Timer-Correct,True,Other
0.0,0,6,1,0.35789,-0.03782,0,0.63333,0.18241,0.11407,2660,742.30768,1,0.37009,-0.0264,-0.05993,-0.06049,0.66327,0.263,0.78723,20.88662,1,0.35649,-0.03579,1.15804,0.00444,1,1,0.00469,-0.06609,0.67943,0.51698,0.80737,19.87728,1,0.35929,-0.03985,1.16703,0.00403,1,1,participant_10,question_13,Timer-Correct,True,Other
0.0,0,6,1,0.37606,-0.04345,0,0.63333,0.18241,0.12042,2660,742.30768,1,0.3704,-0.02729,-0.05993,-0.06049,0.66327,0.26314,0.78734,21.04437,1,0.38623,-0.03996,1.15835,0.00449,1,1,0.00469,-0.06609,0.67943,0.51737,0.80718,19.89692,1,0.36589,-0.04694,1.16734,0.00398,1,1,participant_10,question_13,Timer-Correct,True,Other
0.0,0,6,1,0.37465,-0.05771,0,0.63333,0.18241,0.12744,2660,742.30768,1,0.37062,-0.02881,-0.06407,-0.06494,0.71262,0.2634,0.78726,21.15929,1,0.38367,-0.05838,1.17717,0.00447,1,1,0.00478,-0.06404,0.65728,0.51748,0.80742,19.77405,1,0.36563,-0.05703,1.17717,0.00403,1,1,participant_10,question_13,Timer-Correct,True,Other
0.0,0,6,1,0.3843,-0.09311,0,0.63333,0.18241,0.13397,2660,742.30768,1,0.37127,-0.03188,-0.06407,-0.06494,0.71262,0.26405,0.78716,20.97436,1,0.38526,-0.0763,1.19569,0.00451,1,1,0.00478,-0.06404,0.65728,0.51797,0.80745,19.73709,1,0.38333,-0.10992,1.18671,0.00401,1,1,participant_10,question_13,Timer-Correct,True,Other
0.0,0,6,1,0.37104,-0.11456,0,0.63333,0.18241,0.14099,2660,742.30768,1,0.37126,-0.03563,-0.06407,-0.06494,0.71262,0.26428,0.78715,21.04729,1,0.38071,-0.10401,1.20522,0.00442,1,1,0.00478,-0.06404,0.65728,0.51833,0.80755,20.11595,1,0.36137,-0.12511,1.19624,0.00402,1,1,participant_10,question_13,Timer-Correct,True,Other
0.0,0,6,1,0.37107,-0.11425,0,0.63333,0.18241,0.14728,2660,742.30768,1,0.37125,-0.03905,-0.06042,-0.06145,0.67486,0.2646,0.78703,20.86513,1,0.38076,-0.10371,1.20492,0.00448,1,1,0.00521,-0.0645,0.66209,0.51864,0.80748,19.7582,1,0.36138,-0.12478,1.19593,0.00402,1,1,participant_10,question_13,Timer-Correct,True,Other
0.0,0,6,1,0.36982,-0.09216,0,0.63333,0.18241,0.1543,2660,742.30768,1,0.37119,-0.04126,-0.06042,-0.06145,0.67486,0.2651,0.78696,20.7774,1,0.38151,-0.05002,1.18609,0.00448,1,1,0.00521,-0.0645,0.66209,0.51922,0.80758,20.22973,1,0.35812,-0.13431,1.18609,0.004,1,1,participant_10,question_13,Timer-Correct,True,Other
0.0,0,6,1,0.36847,-0.07027,0,0.63333,0.18241,0.16064,2660,742.30768,1,0.37108,-0.04242,-0.06042,-0.06145,0.67486,0.26534,0.78687,20.5619,1,0.37946,-0.04839,1.17626,0.00448,1,1,0.00521,-0.0645,0.66209,0.51948,0.80746,19.92299,1,0.35747,-0.09216,1.17626,0.00398,1,1,participant_10,question_13,Timer-Correct,True,Other
0.0,0,6,1,0.36847,-0.07027,0,0.63333,0.18241,0.16766,2660,742.30768,1,0.37098,-0.0435,-0.06156,-0.06292,0.69166,0.26582,0.78683,20.73713,1,0.37946,-0.04839,1.17626,0.00451,1,1,0.00546,-0.06508,0.66796,0.51984,0.80751,19.98326,1,0.35747,-0.09216,1.17626,0.00402,1,1,participant_10,question_13,Timer-Correct,True,Other
0.0,0,6,1,0.37832,-0.01933,0,0.63333,0.18241,0.17407,2660,742.30768,1,0.37125,-0.0426,-0.06156,-0.06292,0.69166,0.2663,0.78647,20.62823,1,0.37678,-0.03764,1.18609,0.00449,1,1,0.00546,-0.06508,0.66796,0.52039,0.80723,20.05148,1,0.37985,-0.00102,1.18609,0.004,1,1,participant_10,question_13,Timer-Correct,True,Other
0.0,0,6,1,0.37564,-0.05309,0,0.63333,0.18241,0.18109,2660,742.30768,1,0.37141,-0.04298,-0.06156,-0.06292,0.69166,0.26665,0.78651,20.85201,1,0.39196,-0.08113,1.19593,0.00448,1,1,0.00546,-0.06508,0.66796,0.52072,0.80732,20.28801,1,0.35932,-0.02504,1.19593,0.004,1,1,participant_10,question_13,Timer-Correct,True,Other
0.0,0,6,1,0.37633,-0.04456,0,0.63333,0.18241,0.18744,2660,742.30768,1,0.37158,-0.04303,-0.05807,-0.05951,0.65573,0.26699,0.78627,20.78046,1,0.39306,-0.07261,1.18725,0.00449,1,1,0.00581,-0.06437,0.66227,0.52107,0.80728,19.89537,1,0.35959,-0.01651,1.18725,0.00405,1,1,participant_10,question_13,Timer-Correct,True,Other
0.0,0,6,1,0.39689,-0.01314,0,0.63333,0.18241,0.1944,2660,742.30768,1,0.37242,-0.04203,-0.05807,-0.05951,0.65573,0.26812,0.78626,21.38978,1,0.41275,-0.01891,1.16873,0.00454,1,1,0.00581,-0.06437,0.66227,0.52218,0.80695,19.72355,1,0.38102,-0.00736,1.16873,0.00413,1,1,participant_10,question_13,Timer-Correct,True,Other
0.0,0,6,1,0.38844,0.01427,0,0.63333,0.18241,0.20087,2660,742.30768,1,0.37294,-0.04022,-0.05807,-0.05951,0.65573,0.26852,0.7859,20.5544,1,0.39283,0.02427,1.15021,0.00462,1,1,0.00581,-0.06437,0.66227,0.5226,0.80683,19.71295,1,0.38406,0.00428,1.15021,0.0041,1,1,participant_10,question_13,Timer-Correct,True,Other
0.0,0,6,1,0.38924,0.02768,0,0.63333,0.18241,0.20795,2660,742.30768,1,0.37345,-0.0381,-0.06061,-0.06243,0.68851,0.26888,0.78551,20.26323,1,0.39414,0.03341,1.14038,0.0046,1,1,0.00595,-0.06226,0.64049,0.52302,0.80672,19.85514,1,0.38434,0.02195,1.13239,0.00401,1,1,participant_10,question_13,Timer-Correct,True,Question
0.0,0,6,1,0.39326,-0.00771,0,0.63333,0.18241,0.21423,2660,742.30768,1,0.37405,-0.03717,-0.06061,-0.06243,0.68851,0.26952,0.78561,20.42304,1,0.39895,0.01249,1.14107,0.00461,1,1,0.00595,-0.06226,0.64049,0.52365,0.80663,19.66012,1,0.38757,-0.0279,1.13308,0.00419,1,1,participant_10,question_13,Timer-Correct,True,Other
0.0,0,6,1,0.39112,0.00918,0,0.63333,0.18241,0.22125,2660,742.30768,1,0.37455,-0.03581,-0.06061,-0.06243,0.68851,0.2698,0.78557,20.64183,1,0.39391,0.02891,1.14176,0.00455,1,1,0.00595,-0.06226,0.64049,0.52387,0.80662,19.60707,1,0.38832,-0.01055,1.13377,0.00406,1,1,participant_10,question_13,Timer-Correct,True,Other
0.0,0,6,1,0.39096,-0.00014,0,0.63333,0.18241,0.2276,2660,742.30768,1,0.37502,-0.03479,-0.05999,-0.06222,0.68619,0.27012,0.78562,20.7855,1,0.39382,0.02827,1.14245,0.0046,1,1,0.00672,-0.06701,0.68942,0.52423,0.80661,19.58924,1,0.3881,-0.02855,1.15144,0.00408,1,1,participant_10,question_13,Timer-Correct,True,Other
0.0,0,6,1,0.38949,-0.01011,0,0.63333,0.18241,0.23462,2660,742.30768,1,0.37542,-0.03411,-0.05999,-0.06222,0.68619,0.27073,0.78549,20.53316,1,0.39829,0.00804,1.15144,0.00458,1,1,0.00672,-0.06701,0.68942,0.52472,0.80677,19.72655,1,0.38069,-0.02827,1.16841,0.00406,1,1,participant_10,question_13,Timer-Correct,True,Other
0.0,0,6,1,0.40721,-0.02487,0,0.63333,0.18241,0.24103,2660,742.30768,1,0.37628,-0.03386,-0.05999,-0.06222,0.68619,0.27098,0.78565,20.86222,1,0.42091,-0.02703,1.16841,0.00456,1,1,0.00672,-0.06701,0.68942,0.52506,0.8068,19.82868,1,0.39351,-0.0227,1.18539,0.00405,1,1,participant_10,question_13,Timer-Correct,True,Other
0.0,0,6,1,0.40625,-0.03694,0,0.63333,0.18241,0.24811,2660,742.30768,1,0.37707,-0.03394,-0.05852,-0.0609,0.67161,0.27131,0.78568,20.8046,1,0.41904,-0.04331,1.18539,0.00454,1,1,0.00677,-0.06409,0.65931,0.52538,0.80687,19.66173,1,0.39345,-0.03056,1.19338,0.00409,1,1,participant_10,question_13,Timer-Correct,True,Other
0.0,0,6,1,0.41208,-0.02068,0,0.63333,0.18241,0.24811,2660,742.30768,0,0.39307,-0.01334,-0.05852,-0.0609,0.67161,0.27195,0.78559,20.40903,1,0.42504,-0.02382,1.19338,0.00459,1,1,0.00677,-0.06409,0.65931,0.52606,0.80717,20.08599,1,0.39911,-0.01754,1.18439,0.00401,1,1,participant_10,question_13,Timer-Correct,True,Other
0.0,0,6,1,0.39687,-0.00689,0,0.63333,0.18241,0.24811,2660,742.30768,0,0.39497,-0.01012,-0.05852,-0.0609,0.67161,0.27221,0.78554,20.68181,1,0.39745,-0.01832,1.18439,0.00454,1,1,0.00677,-0.06409,0.65931,0.52632,0.80713,20.08142,1,0.39629,0.00453,1.1754,0.00404,1,1,participant_10,question_13,Timer-Correct,True,Other
0.0,0,6,1,0.39747,0.00167,0,0.63333,0.18241,0.24811,2660,742.30768,0,0.3958,-0.00619,-0.05741,-0.06017,0.66354,0.27243,0.78576,20.82332,1,0.39858,-0.00989,1.1754,0.0046,1,1,0.007,-0.06353,0.65256,0.52671,0.80727,20.24627,1,0.39635,0.01323,1.16642,0.004,1,1,participant_10,question_13,Timer-Correct,True,Other
0.0,0,6,1,0.38642,-0.03082,0,0.63333,0.18241,0.02051,2661,742.56213,1,0.39346,-0.01234,-0.05741,-0.06017,0.66354,0.27314,0.78569,20.95647,1,0.40035,-0.00858,1.16642,0.00456,1,1,0.007,-0.06353,0.65256,0.5272,0.80728,20.04978,1,0.37249,-0.05305,1.16642,0.00403,1,1,participant_10,question_13,Timer-Correct,True,Other
0.0,0,6,1,0.4024,-0.04002,0,0.63333,0.18241,0.02679,2661,742.56213,1,0.39525,-0.01788,-0.05741,-0.06017,0.66354,0.27339,0.78562,21.1411,1,0.39685,-0.04023,1.16642,0.00457,1,1,0.007,-0.06353,0.65256,0.52759,0.80735,20.42283,1,0.40794,-0.03981,1.16642,0.004,1,1,participant_10,question_13,Timer-Correct,True,Other
0.0,0,6,1,0.40294,-0.03141,0,0.63333,0.18241,0.03369,2661,742.56213,1,0.39653,-0.02014,-0.05689,-0.05983,0.66037,0.27378,0.78548,20.89914,1,0.39796,-0.03179,1.15774,0.00458,1,1,0.00742,-0.06463,0.66437,0.5279,0.80737,20.0856,1,0.40792,-0.03103,1.15774,0.00404,1,1,participant_10,question_13,Timer-Correct,True,Other
0.0,0,6,1,0.415,-0.01618,0,0.63333,0.18241,0.0401,2661,742.56213,1,0.39917,-0.01957,-0.05689,-0.05983,0.66037,0.27431,0.78515,20.48821,1,0.42895,-0.0476,1.14906,0.00463,1,1,0.00742,-0.06463,0.66437,0.52847,0.80721,20.28169,1,0.40105,0.01524,1.14906,0.00406,1,1,participant_10,question_13,Timer-Correct,True,Other
0.0,0,6,1,0.38939,0.00797,0,0.63333,0.18241,0.04706,2661,742.56213,1,0.39795,-0.01613,-0.05689,-0.05983,0.66037,0.27463,0.78493,20.62579,1,0.40181,0.04063,1.14038,0.00455,1,1,0.00742,-0.06463,0.66437,0.52882,0.80689,19.78485,1,0.37697,-0.02468,1.14038,0.00408,1,1,participant_10,question_13,Timer-Correct,True,Other
0.0,0,6,1,0.39003,0.01644,0,0.63333,0.18241,0.05353,2661,742.56213,1,0.39707,-0.01251,-0.05654,-0.05962,0.6597,0.27479,0.78483,20.62203,1,0.40293,0.04864,1.1317,0.0046,1,1,0.00758,-0.06343,0.65258,0.52907,0.80682,19.90948,1,0.37714,-0.01576,1.1317,0.00403,1,1,participant_10,question_13,Timer-Correct,True,Other
0.0,0,6,1,0.39118,-0.01733,0,0.63333,0.18241,0.06061,2661,742.56213,1,0.39648,-0.01299,-0.05654,-0.05962,0.6597,0.27546,0.78455,21.00402,1,0.40547,0.00732,1.1317,0.00457,1,1,0.00758,-0.06343,0.65258,0.52965,0.80659,19.95514,1,0.37689,-0.04199,1.1317,0.00406,1,1,participant_10,question_13,Timer-Correct,True,Other
0.0,0,6,1,0.41244,0.01671,0,0.63333,0.18241,0.06696,2661,742.56213,1,0.39793,-0.01029,-0.05654,-0.05962,0.6597,0.27569,0.78419,20.6889,1,0.42154,0.01781,1.1317,0.00458,1,1,0.00758,-0.06343,0.65258,0.5299,0.80651,20.29743,1,0.40334,0.01561,1.1317,0.00405,1,1,participant_10,question_13,Timer-Correct,True,Other
0.0,0,6,1,0.41245,0.02068,0,0.63333,0.18241,0.07373,2661,742.56213,1,0.39914,-0.00771,-0.05643,-0.05957,0.66076,0.27584,0.784,20.4662,1,0.42154,0.01781,1.1317,0.00463,1,1,0.00772,-0.06239,0.64337,0.53021,0.80633,20.11247,1,0.40336,0.02355,1.12371,0.00409,1,1,participant_10,question_13,Timer-Correct,True,Other
0.0,0,6,1,0.4034,0.02751,0,0.63333,0.18241,0.08032,2661,742.56213,1,0.39947,-0.005,-0.05643,-0.05957,0.66076,0.27631,0.78379,20.99838,1,0.41296,0.02826,1.12371,0.00457,1,1,0.00772,-0.06239,0.64337,0.53068,0.80619,20.40276,1,0.39384,0.02676,1.11572,0.00396,1,1,participant_10,question_13,Timer-Correct,True,Question
0.0,0,6,1,0.40527,0.04561,0,0.63333,0.18241,0.08728,2661,742.56213,1,0.39988,-0.00139,-0.05643,-0.05957,0.66076,0.27647,0.78374,21.00804,1,0.40416,0.02935,1.11572,0.00461,1,1,0.00772,-0.06239,0.64337,0.53077,0.80617,20.1571,1,0.40638,0.06187,1.10773,0.00408,1,1,participant_10,question_13,Timer-Correct,True,Question
0.0,0,6,1,0.40522,0.04106,0,0.63333,0.18241,0.09412,2661,742.56213,1,0.40024,0.00144,-0.05792,-0.06126,0.68118,0.27684,0.78347,20.52464,1,0.40407,0.02869,1.11641,0.00459,1,1,0.00819,-0.06413,0.66184,0.53105,0.80602,20.20152,1,0.40638,0.05343,1.11641,0.00401,1,1,participant_10,question_13,Timer-Correct,True,Question
0.0,0,6,1,0.40549,0.00513,0,0.63333,0.18241,0.10077,2661,742.56213,1,0.40057,0.00167,-0.05792,-0.06126,0.68118,0.27721,0.78351,20.81746,1,0.41498,0.00188,1.12509,0.00461,1,1,0.00819,-0.06413,0.66184,0.53146,0.80613,20.57033,1,0.396,0.00838,1.13308,0.00401,1,1,participant_10,question_13,Timer-Correct,True,Other
0.0,0,6,1,0.42458,-0.01396,0,0.63333,0.18241,0.10706,2661,742.56213,1,0.40198,0.00075,-0.05792,-0.06126,0.68118,0.2774,0.78336,20.80946,1,0.43206,-0.0126,1.14176,0.00457,1,1,0.00819,-0.06413,0.66184,0.53164,0.80602,20.20451,1,0.4171,-0.01532,1.14975,0.00403,1,1,participant_10,question_13,Timer-Correct,True,Other
0.0,0,6,1,0.42374,-0.02639,0,0.63333,0.18241,0.11377,2661,742.56213,1,0.40319,-0.00075,-0.05804,-0.06165,0.68501,0.27763,0.78348,20.96726,1,0.43032,-0.02875,1.15843,0.0046,1,1,0.00809,-0.06224,0.64228,0.53194,0.80601,20.23276,1,0.41717,-0.02403,1.15843,0.00403,1,1,participant_10,question_13,Timer-Correct,True,Other
0.0,0,6,1,0.40274,-0.01031,0,0.63333,0.18241,0.12079,2661,742.56213,1,0.40316,-0.00126,-0.05804,-0.06165,0.68501,0.27793,0.78346,20.77621,1,0.41152,-0.03785,1.15843,0.00461,1,1,0.00809,-0.06224,0.64228,0.53231,0.80617,20.29058,1,0.39395,0.01722,1.15044,0.00406,1,1,participant_10,question_13,Timer-Correct,True,Other
0.0,0,6,1,0.41091,-0.00433,0,0.63333,0.18241,0.12701,2661,742.56213,1,0.40355,-0.00141,-0.05804,-0.06165,0.68501,0.27817,0.78336,20.87524,1,0.40498,-0.0238,1.15044,0.00457,1,1,0.00809,-0.06224,0.64228,0.53241,0.80612,20.23418,1,0.41683,0.01514,1.14245,0.00406,1,1,participant_10,question_13,Timer-Correct,True,Other
0.0,0,6,1,0.41188,0.01195,0,0.63333,0.18241,0.13385,2661,742.56213,1,0.40395,-0.00077,-0.05559,-0.05932,0.65906,0.27835,0.78351,20.99641,1,0.40704,-0.00762,1.13377,0.00459,1,1,0.00822,-0.06176,0.63734,0.53263,0.80625,20.43427,1,0.41671,0.03151,1.12578,0.00401,1,1,participant_10,question_13,Timer-Correct,True,Other
0.0,0,6,1,0.41276,0.02538,0,0.63333,0.18241,0.14081,2661,742.56213,1,0.40435,0.00042,-0.05559,-0.05932,0.65906,0.27889,0.78335,20.79125,1,0.42001,-0.0028,1.1171,0.00456,1,1,0.00822,-0.06176,0.63734,0.53321,0.80617,20.27191,1,0.4055,0.05356,1.1171,0.00405,1,1,participant_10,question_13,Timer-Correct,True,Question
0.0,0,6,1,0.41836,0.03841,0,0.63333,0.18241,0.14734,2661,742.56213,1,0.40496,0.00207,-0.05559,-0.05932,0.65906,0.27899,0.78337,21.09555,1,0.41265,0.00865,1.10842,0.00459,1,1,0.00822,-0.06176,0.63734,0.53343,0.80626,20.39823,1,0.42407,0.06817,1.10842,0.00403,1,1,participant_10,question_13,Timer-Correct,True,Question
0.0,0,6,1,0.41884,0.04683,0,0.63333,0.18241,0.15375,2661,742.56213,1,0.40554,0.00393,-0.05505,-0.05885,0.65494,0.27924,0.78319,20.99728,1,0.41372,0.01714,1.09974,0.00459,1,1,0.00848,-0.06224,0.64226,0.53371,0.80615,20.14115,1,0.42396,0.07652,1.09974,0.00394,1,1,participant_10,question_13,Timer-Correct,True,Question
0.0,0,6,1,0.42039,0.04347,0,0.63333,0.18241,0.16089,2661,742.56213,1,0.40613,0.00551,-0.05505,-0.05885,0.65494,0.27957,0.78292,20.7059,1,0.42834,0.03535,1.09974,0.00459,1,1,0.00848,-0.06224,0.64226,0.53393,0.80622,20.21366,1,0.41244,0.0516,1.09974,0.00409,1,1,participant_10,question_13,Timer-Correct,True,Question
0.0,0,6,1,0.39198,0.05953,0,0.63333,0.18241,0.16791,2661,742.56213,1,0.40559,0.00759,-0.05505,-0.05885,0.65494,0.27986,0.78293,20.88466,1,0.38352,0.06988,1.09974,0.00461,1,1,0.00848,-0.06224,0.64226,0.53421,0.80623,20.56562,1,0.40044,0.04918,1.09974,0.00399,1,1,participant_10,question_13,Timer-Correct,True,Question
0.0,0,6,1,0.39196,0.05557,0,0.63333,0.18241,0.17645,2661,742.56213,1,0.40508,0.00937,-0.05524,-0.05916,0.65958,0.28005,0.78278,20.86964,1,0.38352,0.06988,1.09974,0.00464,1,1,0.00889,-0.06346,0.65492,0.53445,0.80601,20.41647,1,0.40041,0.04126,1.10773,0.00401,1,1,participant_10,question_13,Timer-Correct,True,Question
0.0,0,6,1,0.40554,0.03136,0,0.63333,0.18241,0.18573,2661,742.56213,1,0.4051,0.01015,-0.05524,-0.05916,0.65958,0.28051,0.78254,21.00361,1,0.39916,0.04508,1.10773,0.00456,1,1,0.00889,-0.06346,0.65492,0.53487,0.80594,20.18345,1,0.41191,0.01764,1.11572,0.00405,1,1,participant_10,question_13,Timer-Correct,True,Question
0.0,0,6,1,0.38037,0.00849,0,0.63333,0.18241,0.19324,2661,742.56213,1,0.40424,0.0101,-0.05524,-0.05916,0.65958,0.28072,0.7825,20.99623,1,0.38439,0.00459,1.11572,0.0046,1,1,0.00889,-0.06346,0.65492,0.53512,0.80597,20.28373,1,0.37634,0.01239,1.12371,0.00406,1,1,participant_10,question_13,Timer-Correct,True,Other
0.0,0,6,1,0.37971,0.00056,0,0.63333,0.18241,0.19989,2661,742.56213,1,0.40343,0.00978,-0.0546,-0.05864,0.65426,0.28085,0.78243,21.01999,1,0.38325,-0.0032,1.12371,0.00458,1,1,0.00918,-0.06416,0.66212,0.53529,0.80585,20.04179,1,0.37617,0.00432,1.1317,0.0041,1,1,participant_10,question_13,Timer-Correct,True,Other
0.0,0,6,1,0.42205,-0.01401,0,0.63333,0.18241,0.2066,2661,742.56213,1,0.40403,0.00901,-0.0546,-0.05864,0.65426,0.2813,0.78234,21.33804,1,0.42725,-0.01887,1.1317,0.00455,1,1,0.00918,-0.06416,0.66212,0.53558,0.80563,19.85646,1,0.41686,-0.00916,1.1317,0.00406,1,1,participant_10,question_13,Timer-Correct,True,Other
0.0,0,6,1,0.39441,-0.00149,0,0.63333,0.18241,0.20935,2661,742.56213,1,0.40373,0.00868,-0.0546,-0.05864,0.65426,0.28154,0.78232,20.79361,1,0.40135,0.00168,1.1317,0.00457,1,1,0.00918,-0.06416,0.66212,0.53596,0.8058,19.83401,1,0.38747,-0.00465,1.1317,0.00408,1,1,participant_10,question_13,Timer-Correct,True,Other
0.0,0,6,1,0.39435,-0.00605,0,0.63333,0.18241,0.21429,2661,742.56213,1,0.40344,0.00824,-0.0545,-0.0589,0.65664,0.28203,0.78222,20.41192,1,0.40135,0.00168,1.1317,0.00462,1,1,0.00991,-0.06669,0.68826,0.53627,0.80571,19.62808,1,0.38735,-0.01378,1.14068,0.00412,1,1,participant_10,question_13,Timer-Correct,True,Other
0.0,0,6,1,0.41931,-0.00626,0,0.63333,0.18241,0.22424,2661,742.56213,1,0.40391,0.00781,-0.0545,-0.0589,0.65664,0.28276,0.78218,19.89225,0,0.40135,0.00168,1.14068,0.00466,1,1,0.00991,-0.06669,0.68826,0.53708,0.80588,19.80773,1,0.41931,-0.00626,1.14967,0.00413,1,1,participant_10,question_13,Timer-Correct,True,Other
0.0,0,6,1,0.42288,0.01685,0,0.63333,0.18241,0.22772,2661,742.56213,1,0.40445,0.00807,-0.0545,-0.0589,0.65664,0.28297,0.78221,19.90078,0,0.40135,0.00168,1.14967,0.00475,1,1,0.00991,-0.06669,0.68826,0.53721,0.80583,19.54909,1,0.42288,0.01685,1.15866,0.00411,1,1,participant_10,question_13,Timer-Correct,True,Other
0.0,0,6,1,0.42308,-0.00022,0,0.63333,0.18241,0.23712,2661,742.56213,1,0.40497,0.00784,-0.0545,-0.0589,0.65664,0.28318,0.7824,20.23407,0,0.40135,0.00168,1.16734,0.0047,1,1,0.00984,-0.06578,0.67676,0.53736,0.80619,20.30931,1,0.42308,-0.00022,1.17632,0.00407,1,1,participant_10,question_13,Timer-Correct,True,Other
0.0,0,6,1,0.42,-0.012,0,0.63333,0.18241,0.24127,2661,742.56213,1,0.40538,0.0073,-0.0545,-0.0589,0.65664,0.28341,0.78258,19.7161,0,0.40135,0.00168,1.185,0.00472,1,1,0.00984,-0.06578,0.67676,0.5377,0.80649,20.34352,1,0.42,-0.012,1.185,0.0041,1,1,participant_10,question_13,Timer-Correct,True,Other
0.0,0,6,1,0.43287,-0.07077,0,0.63333,0.18241,0.25372,2661,742.56213,1,0.4061,0.00525,-0.0545,-0.0589,0.65664,0.28357,0.78263,19.81876,0,0.40135,0.00168,1.19369,0.00478,1,1,0.00984,-0.06578,0.67676,0.53782,0.8066,19.86977,1,0.43287,-0.07077,1.19369,0.0041,1,1,participant_10,question_13,Timer-Correct,True,Other
0.0,0,6,1,0.4327,-0.0617,0,0.63333,0.18241,0.2569,2661,742.56213,1,0.40678,0.00353,-0.0545,-0.0589,0.65664,0.28369,0.78298,19.74749,0,0.40135,0.00168,1.19369,0.00471,1,1,0.00972,-0.06394,0.65785,0.53803,0.80665,19.95524,1,0.4327,-0.0617,1.1847,0.00411,1,1,participant_10,question_13,Timer-Correct,True,Other
0.0,0,6,1,0.42975,0.0098,0,0.63333,0.18241,0.26166,2661,742.56213,1,0.40735,0.00369,-0.0545,-0.0589,0.65664,0.28391,0.78317,19.95306,0,0.40135,0.00168,1.17602,0.00472,1,1,0.00972,-0.06394,0.65785,0.53825,0.80702,20.24443,1,0.42975,0.0098,1.16703,0.00409,1,1,participant_10,question_13,Timer-Correct,True,Other
0.0,0,6,1,0.43989,-0.05012,0,0.63333,0.18241,0.26831,2661,742.56213,1,0.40815,0.00238,-0.0545,-0.0589,0.65664,0.28401,0.7833,19.90798,0,0.40135,0.00168,1.15835,0.00471,1,1,0.00972,-0.06394,0.65785,0.53835,0.80718,19.90181,1,0.43989,-0.05012,1.14936,0.00409,1,1,participant_10,question_13,Timer-Correct,True,Other
0.0,0,6,1,0.43989,-0.05012,0,0.63333,0.18241,0.26831,2661,742.56213,0,0.4226,-0.02051,-0.0545,-0.0589,0.65664,0.28405,0.7835,20.13543,0,0.40135,0.00168,1.14936,0.00475,1,1,0.01001,-0.06505,0.66717,0.53844,0.80741,20.18816,1,0.43989,-0.05012,1.14936,0.0041,1,1,participant_10,question_13,Timer-Correct,True,Other
0.0,0,6,1,0.39227,-0.01512,0,0.63333,0.18241,0.26831,2661,742.56213,0,0.40744,-0.01781,-0.0545,-0.0589,0.65664,0.28423,0.7839,20.05558,0,0.40135,0.00168,1.15804,0.00475,1,1,0.01001,-0.06505,0.66717,0.53855,0.80798,20.57865,1,0.39227,-0.01512,1.16703,0.0041,1,1,participant_10,question_13,Timer-Correct,True,Other
0.0,0,6,1,0.40374,0.00104,0,0.63333,0.18241,0.26831,2661,742.56213,0,0.40621,-0.01153,-0.0545,-0.0589,0.65664,0.28417,0.78397,20.25267,0,0.40135,0.00168,1.17571,0.0047,1,1,0.01001,-0.06505,0.66717,0.53867,0.80815,20.4851,1,0.40374,0.00104,1.1847,0.0041,1,1,participant_10,question_13,Timer-Correct,True,Other
0.0,0,6,1,0.40374,0.00104,0,0.63333,0.18241,0.02051,2662,742.83685,1,0.40559,-0.00839,-0.0545,-0.0589,0.65664,0.28429,0.78406,20.31977,0,0.40135,0.00168,1.1847,0.00467,1,1,0.00988,-0.06406,0.65551,0.5387,0.80835,20.47645,1,0.40374,0.00104,1.1847,0.0041,1,1,participant_10,question_13,Timer-Correct,True,Other
0.0,0,6,1,0.40825,-0.06283,0,0.63333,0.18241,0.0271,2662,742.83685,1,0.40612,-0.01927,-0.0545,-0.0589,0.65664,0.28435,0.78416,20.32018,0,0.40135,0.00168,1.17602,0.00464,1,1,0.00988,-0.06406,0.65551,0.53878,0.80849,19.95029,1,0.40825,-0.06283,1.16703,0.00413,1,1,participant_10,question_13,Timer-Correct,True,Other
0.0,0,6,1,0.41841,-0.00485,0,0.63333,0.18241,0.03357,2662,742.83685,1,0.40817,-0.01687,-0.0545,-0.0589,0.65664,0.28425,0.78439,20.22699,0,0.40135,0.00168,1.15835,0.00471,1,1,0.00988,-0.06406,0.65551,0.53884,0.80881,20.6542,1,0.41841,-0.00485,1.14936,0.00409,1,1,participant_10,question_13,Timer-Correct,True,Other
0.0,0,6,1,0.41826,0.01271,0,0.63333,0.18241,0.04047,2662,742.83685,1,0.40961,-0.01264,-0.0545,-0.0589,0.65664,0.28439,0.78447,20.45805,0,0.40135,0.00168,1.14068,0.00471,1,1,0.00999,-0.06493,0.66286,0.53891,0.809,20.56928,1,0.41826,0.01271,1.1317,0.0041,1,1,participant_10,question_13,Timer-Correct,True,Other
0.0,0,6,1,0.40641,0.04646,0,0.63333,0.18241,0.04724,2662,742.83685,1,0.40921,-0.00526,-0.0545,-0.0589,0.65664,0.28439,0.78452,20.3349,0,0.40135,0.00168,1.1317,0.00472,1,1,0.00999,-0.06493,0.66286,0.53872,0.80924,20.5864,1,0.40641,0.04646,1.1317,0.0041,1,1,participant_10,question_13,Timer-Correct,True,Question
0.0,0,6,1,0.41323,0.00039,0,0.63333,0.18241,0.05396,2662,742.83685,1,0.40966,-0.00463,-0.0545,-0.0589,0.65664,0.28437,0.78454,20.29975,0,0.40135,0.00168,1.1317,0.00472,1,1,0.00999,-0.06493,0.66286,0.53869,0.80924,20.58859,1,0.41323,0.00039,1.1317,0.00412,1,1,participant_10,question_13,Timer-Correct,True,Other
0.0,0,6,1,0.41332,-0.01738,0,0.63333,0.18241,0.06067,2662,742.83685,1,0.41003,-0.0059,-0.0545,-0.0589,0.65664,0.28432,0.78468,20.44188,0,0.40135,0.00168,1.14038,0.00473,1,1,0.01013,-0.06622,0.67558,0.53871,0.80933,20.44795,1,0.41332,-0.01738,1.14936,0.0041,1,1,participant_10,question_13,Timer-Correct,True,Other
0.0,0,6,1,0.42915,-0.07432,0,0.63333,0.18241,0.06738,2662,742.83685,1,0.41176,-0.01212,-0.0545,-0.0589,0.65664,0.28418,0.7848,20.38179,0,0.40135,0.00168,1.15804,0.00469,1,1,0.01013,-0.06622,0.67558,0.53844,0.80946,20.03194,1,0.42915,-0.07432,1.16703,0.00415,1,1,participant_10,question_13,Timer-Correct,True,Other
0.0,0,6,1,0.41068,-0.07067,0,0.63333,0.18241,0.0744,2662,742.83685,1,0.41167,-0.017,-0.0545,-0.0589,0.65664,0.28393,0.78513,20.78055,0,0.40135,0.00168,1.17571,0.00478,1,1,0.01013,-0.06622,0.67558,0.53839,0.80943,20.01885,1,0.41068,-0.07067,1.1847,0.00413,1,1,participant_10,question_13,Timer-Correct,True,Other
0.0,0,6,1,0.41072,-0.07986,0,0.63333,0.18241,0.0813,2662,742.83685,1,0.4116,-0.02184,-0.0545,-0.0589,0.65664,0.28395,0.78485,20.00504,0,0.40135,0.00168,1.1847,0.00481,1,1,0.00998,-0.06595,0.6723,0.53829,0.80956,20.38848,1,0.41072,-0.07986,1.19369,0.00417,1,1,participant_10,question_13,Timer-Correct,True,Other
0.0,0,6,1,0.43881,-0.05586,0,0.63333,0.18241,0.08765,2662,742.83685,1,0.41354,-0.02427,-0.0545,-0.0589,0.65664,0.28353,0.78512,20.09146,0,0.40135,0.00168,1.185,0.00479,1,1,0.00998,-0.06595,0.6723,0.53806,0.80964,20.16389,1,0.43881,-0.05586,1.185,0.00418,1,1,participant_10,question_13,Timer-Correct,True,Other
0.0,0,6,1,0.4171,-0.03233,0,0.63333,0.18241,0.0943,2662,742.83685,1,0.41378,-0.0248,-0.0545,-0.0589,0.65664,0.2833,0.78529,20.50478,0,0.40135,0.00168,1.17632,0.00475,1,1,0.00998,-0.06595,0.6723,0.53787,0.8097,20.21549,1,0.4171,-0.03233,1.17632,0.00416,1,1,participant_10,question_13,Timer-Correct,True,Other
0.0,0,6,1,0.41703,-0.02339,0,0.63333,0.18241,0.10083,2662,742.83685,1,0.41398,-0.02472,-0.0545,-0.0589,0.65664,0.28324,0.78524,20.08001,0,0.40135,0.00168,1.17632,0.00473,1,1,0.00951,-0.06448,0.65683,0.53768,0.80969,19.92694,1,0.41703,-0.02339,1.16734,0.00416,1,1,participant_10,question_13,Timer-Correct,True,Other
0.0,0,6,1,0.42349,-0.01193,0,0.63333,0.18241,0.10718,2662,742.83685,1,0.41454,-0.02396,-0.0545,-0.0589,0.65664,0.28282,0.7855,20.32943,0,0.40135,0.00168,1.17602,0.00475,1,1,0.00951,-0.06448,0.65683,0.53717,0.80995,20.5944,1,0.42349,-0.01193,1.16703,0.0042,1,1,participant_10,question_13,Timer-Correct,True,Other
0.0,0,6,1,0.41558,0.0071,0,0.63333,0.18241,0.11426,2662,742.83685,1,0.4146,-0.02224,-0.0545,-0.0589,0.65664,0.28272,0.78549,20.16151,0,0.40135,0.00168,1.17571,0.00475,1,1,0.00951,-0.06448,0.65683,0.5371,0.80998,20.38207,1,0.41558,0.0071,1.16672,0.00412,1,1,participant_10,question_13,Timer-Correct,True,Other
0.0,0,6,1,0.41558,0.0071,0,0.63333,0.18241,0.12091,2662,742.83685,1,0.41465,-0.02069,-0.0545,-0.0589,0.65664,0.28238,0.78576,19.98057,0,0.40135,0.00168,1.16672,0.00491,1,1,0.00929,-0.06406,0.65203,0.53685,0.80996,20.3399,1,0.41558,0.0071,1.16672,0.00419,1,1,participant_10,question_13,Timer-Correct,True,Other
0.0,0,6,1,0.3947,0.02468,0,0.63333,0.18241,0.12744,2662,742.83685,1,0.41365,-0.01842,-0.0545,-0.0589,0.65664,0.28185,0.78611,19.82448,0,0.40135,0.00168,1.15804,0.00478,1,1,0.00929,-0.06406,0.65203,0.53646,0.81008,20.42164,1,0.3947,0.02468,1.16703,0.00418,1,1,participant_10,question_13,Timer-Correct,True,Other
0.0,0,6,1,0.41216,0.0063,0,0.63333,0.18241,0.13409,2662,742.83685,1,0.41358,-0.01725,-0.0545,-0.0589,0.65664,0.28169,0.78641,20.67789,0,0.40135,0.00168,1.15835,0.00478,1,1,0.00929,-0.06406,0.65203,0.53623,0.81007,20.33488,1,0.41216,0.0063,1.16734,0.00418,1,1,participant_10,question_13,Timer-Correct,True,Other
0.0,0,6,1,0.41212,0.01472,0,0.63333,0.18241,0.14081,2662,742.83685,1,0.41352,-0.01579,-0.0545,-0.0589,0.65664,0.28168,0.78624,20.25967,0,0.40135,0.00168,1.15866,0.00475,1,1,0.00918,-0.06505,0.66212,0.536,0.81001,20.28145,1,0.41212,0.01472,1.15866,0.00419,1,1,participant_10,question_13,Timer-Correct,True,Other
0.0,0,6,1,0.43928,-0.01791,0,0.63333,0.18241,0.14746,2662,742.83685,1,0.41464,-0.01589,-0.0545,-0.0589,0.65664,0.28116,0.7866,20.25536,0,0.40135,0.00168,1.15866,0.00478,1,1,0.00918,-0.06505,0.66212,0.53558,0.81013,20.44475,1,0.43928,-0.01791,1.14967,0.00413,1,1,participant_10,question_13,Timer-Correct,True,Other
0.0,0,6,1,0.42323,-0.0205,0,0.63333,0.18241,0.15436,2662,742.83685,1,0.41499,-0.01608,-0.0545,-0.0589,0.65664,0.281,0.78682,20.27555,0,0.40135,0.00168,1.14967,0.00484,1,1,0.00918,-0.06505,0.66212,0.53542,0.81015,20.23957,1,0.42323,-0.0205,1.14068,0.00422,1,1,participant_10,question_13,Timer-Correct,True,Other
0.0,0,6,1,0.42323,-0.02019,0,0.63333,0.18241,0.16077,2662,742.83685,1,0.41532,-0.01624,-0.0545,-0.0589,0.65664,0.28087,0.78682,19.97185,0,0.40135,0.00168,1.14936,0.00483,1,1,0.00889,-0.06435,0.65492,0.53526,0.81,20.19709,1,0.42323,-0.02019,1.14038,0.00422,1,1,participant_10,question_13,Timer-Correct,True,Other
0.0,0,6,1,0.41943,0.03272,0,0.63333,0.18241,0.16779,2662,742.83685,1,0.41548,-0.01436,-0.0545,-0.0589,0.65664,0.28049,0.78707,20.51513,0,0.40135,0.00168,1.14906,0.00475,1,1,0.00889,-0.06435,0.65492,0.53497,0.81004,20.37096,1,0.41943,0.03272,1.14906,0.00423,1,1,participant_10,question_13,Timer-Correct,True,Question
0.0,0,6,1,0.43263,0.041,0,0.63333,0.18241,0.1745,2662,742.83685,1,0.41612,-0.01231,-0.0545,-0.0589,0.65664,0.28039,0.78696,20.1055,0,0.40135,0.00168,1.15774,0.00481,1,1,0.00889,-0.06435,0.65492,0.53478,0.81011,20.35967,1,0.43263,0.041,1.15774,0.00416,1,1,participant_10,question_13,Timer-Correct,True,Question
0.0,0,6,1,0.43279,0.03252,0,0.63333,0.18241,0.18121,2662,742.83685,1,0.41671,-0.01071,-0.0545,-0.0589,0.65664,0.28031,0.78715,20.17277,0,0.40135,0.00168,1.15774,0.00478,1,1,0.00902,-0.06646,0.67591,0.53472,0.81016,20.5928,1,0.43279,0.03252,1.16672,0.00412,1,1,participant_10,question_13,Timer-Correct,True,Question
0.0,0,6,1,0.41473,-0.03524,0,0.63333,0.18241,0.18787,2662,742.83685,1,0.41664,-0.01155,-0.0545,-0.0589,0.65664,0.27931,0.78756,20.59829,1,0.40375,-0.03124,1.15804,0.00481,1,1,0.00902,-0.06646,0.67591,0.53365,0.8102,20.40696,1,0.4257,-0.03924,1.16703,0.00429,1,1,participant_10,question_13,Timer-Correct,True,Other
0.0,0,6,1,0.36881,-0.08513,0,0.63333,0.18241,0.19464,2662,742.83685,1,0.41505,-0.01401,-0.0545,-0.0589,0.65664,0.27805,0.78795,20.70942,1,0.37965,-0.06906,1.15835,0.00496,1,1,0.00902,-0.06646,0.67591,0.53227,0.81027,20.10611,1,0.35796,-0.1012,1.16734,0.00439,1,1,participant_10,question_13,Timer-Correct,True,Other
0.0,0,6,1,0.36804,-0.09447,0,0.63333,0.18241,0.20148,2662,742.83685,1,0.41353,-0.0166,-0.05531,-0.06007,0.65808,0.27715,0.78839,21.82228,1,0.37839,-0.07808,1.16734,0.00486,1,1,0.00822,-0.06659,0.67673,0.53139,0.81033,20.04711,1,0.35769,-0.11087,1.17632,0.00438,1,1,participant_10,question_13,Timer-Correct,True,Other
0.0,0,6,1,0.24984,-0.07937,0,0.63333,0.18241,0.20819,2662,742.83685,1,0.40842,-0.01856,-0.05531,-0.06007,0.65808,0.2741,0.78881,21.71348,1,0.25603,-0.05789,1.185,0.00485,1,1,0.00822,-0.06659,0.67673,0.5282,0.81043,20.08165,1,0.24365,-0.10085,1.185,0.00442,1,1,participant_10,question_13,Timer-Correct,True,Other
0.0,0,6,1,0.18088,-0.05958,0,0.63333,0.18241,0.21472,2662,742.83685,1,0.40152,-0.01981,-0.05531,-0.06007,0.65808,0.27251,0.78954,21.9808,1,0.18968,-0.03315,1.19369,0.00485,1,1,0.00822,-0.06659,0.67673,0.5264,0.8109,20.08172,1,0.17208,-0.08602,1.19369,0.00441,1,1,participant_10,question_13,Timer-Correct,True,Other
0.0,0,6,1,0.1822,-0.05047,0,0.63333,0.18241,0.21472,2662,742.83685,0,0.36126,-0.02972,-0.05689,-0.06052,0.66037,0.27149,0.78895,21.48357,1,0.18968,-0.03315,1.19369,0.00466,1,1,0.00688,-0.06275,0.63768,0.52535,0.81078,20.24204,1,0.17472,-0.06778,1.17671,0.00437,1,1,participant_10,question_13,Timer-Correct,True,Other
0.0,0,6,1,0.07575,-0.00313,0,0.63333,0.18241,0.21472,2662,742.83685,0,0.2185,-0.01642,-0.05689,-0.06052,0.66037,0.26928,0.7895,20.90591,1,0.06843,-0.03824,1.16803,0.00476,1,1,0.00688,-0.06275,0.63768,0.52297,0.81142,21.07182,1,0.08307,0.03198,1.15105,0.00431,1,1,participant_10,question_13,Timer-Correct,True,Other
0.0,0,6,1,0.0908,0.00783,0,0.63333,0.18241,0.21472,2662,742.83685,0,0.17594,-0.00834,-0.05689,-0.06052,0.66037,0.26897,0.78953,21.30263,1,0.07567,0.00351,1.14237,0.00474,1,1,0.00688,-0.06275,0.63768,0.52284,0.81152,21.12395,1,0.10594,0.01215,1.1254,0.00432,1,1,participant_10,question_13,Timer-Correct,True,Other
0.0,0,6,1,0.09978,0.03714,0,0.63333,0.18241,0.21472,2662,742.83685,0,0.08878,0.01395,-0.05513,-0.05845,0.63718,0.26871,0.7897,21.60875,1,0.08806,0.03527,1.109,0.00481,1,1,0.00679,-0.06423,0.65123,0.52244,0.81183,20.84091,1,0.1115,0.039,1.10002,0.0044,1,1,participant_10,question_13,Timer-Correct,True,Question
0.0,0,6,1,0.10537,0.06121,0,0.63333,0.18241,0.21472,2662,742.83685,0,0.09707,0.03758,-0.05513,-0.05845,0.63718,0.26866,0.78972,21.6072,1,0.09505,0.06636,1.0923,0.0048,1,1,0.00679,-0.06423,0.65123,0.52245,0.81183,20.84242,1,0.11569,0.05606,1.10029,0.00438,1,1,participant_10,question_13,Timer-Correct,True,Question
0.0,0,6,1,0.12256,0.06176,0,0.63333,0.18241,0.21472,2662,742.83685,0,0.10557,0.04564,-0.05513,-0.05845,0.63718,0.26879,0.78993,22.13571,1,0.1308,0.06046,1.09257,0.00479,1,1,0.00679,-0.06423,0.65123,0.52249,0.81182,20.82804,1,0.11431,0.06306,1.10056,0.0044,1,1,participant_10,question_13,Timer-Correct,True,Question
0.0,0,6,1,0.12117,0.05799,0,0.63333,0.18241,0.02014,2663,743.07812,1,0.10947,0.04873,-0.05735,-0.06074,0.66217,0.26876,0.79,22.1466,1,0.12803,0.05292,1.10056,0.00479,1,1,0.00675,-0.06348,0.64317,0.52247,0.81186,20.93228,1,0.11431,0.06306,1.10056,0.00433,1,1,participant_10,question_13,Timer-Correct,True,Question
0.0,0,6,1,0.12153,0.02432,0,0.63333,0.18241,0.02765,2663,743.07812,1,0.11188,0.04385,-0.05735,-0.06074,0.66217,0.26872,0.79013,22.17162,1,0.12011,0.03934,1.10828,0.00471,1,1,0.00675,-0.06348,0.64317,0.52249,0.81185,20.9361,1,0.12296,0.0093,1.10029,0.00441,1,1,participant_10,question_13,Timer-Correct,True,Other
0.0,0,6,1,0.12256,0.0311,0,0.63333,0.18241,0.03296,2663,743.07812,1,0.11366,0.04172,-0.05735,-0.06074,0.66217,0.26874,0.79012,22.1477,1,0.11981,0.05189,1.108,0.00472,1,1,0.00675,-0.06348,0.64317,0.52248,0.81184,20.92764,1,0.1253,0.01032,1.10002,0.00441,1,1,participant_10,question_13,Timer-Correct,True,Question
0.0,0,6,1,0.1218,0.02706,0,0.63333,0.18241,0.03961,2663,743.07812,1,0.11482,0.03963,-0.05708,-0.06051,0.6591,0.26871,0.79013,22.43219,1,0.11991,0.05215,1.10773,0.00471,1,1,0.00683,-0.06457,0.65515,0.52251,0.81174,20.63799,1,0.1237,0.00197,1.10773,0.00445,1,1,participant_10,question_13,Timer-Correct,True,Question
0.0,0,6,1,0.11701,0.04247,0,0.63333,0.18241,0.04633,2663,743.07812,1,0.1151,0.03998,-0.05708,-0.06051,0.6591,0.26888,0.79014,22.15257,1,0.13016,0.04532,1.10773,0.00471,1,1,0.00683,-0.06457,0.65515,0.52256,0.81184,20.79404,1,0.10385,0.03962,1.11572,0.00441,1,1,participant_10,question_13,Timer-Correct,True,Question
0.0,0,6,1,0.11055,0.04036,0,0.63333,0.18241,0.05298,2663,743.07812,1,0.11459,0.04002,-0.05708,-0.06051,0.6591,0.269,0.7897,21.46085,1,0.10369,0.04277,1.11572,0.00471,1,1,0.00683,-0.06457,0.65515,0.52255,0.81177,20.65725,1,0.11742,0.03796,1.12371,0.00443,1,1,participant_10,question_13,Timer-Correct,True,Question
0.0,0,6,1,0.10733,0.02783,0,0.63333,0.18241,0.05969,2663,743.07812,1,0.11387,0.0388,-0.05796,-0.0615,0.67044,0.26904,0.78972,21.71365,1,0.10082,0.03526,1.12371,0.00474,1,1,0.00699,-0.06657,0.67551,0.52259,0.81181,20.8562,1,0.11385,0.02039,1.14068,0.00436,1,1,participant_10,question_13,Timer-Correct,True,Question
0.0,0,6,1,0.09028,0.01871,0,0.63333,0.18241,0.06641,2663,743.07812,1,0.11172,0.03698,-0.05796,-0.0615,0.67044,0.26896,0.7897,21.54248,1,0.1029,0.05849,1.14068,0.00471,1,1,0.00699,-0.06657,0.67551,0.5226,0.8116,21.23432,1,0.07767,-0.02107,1.14967,0.00427,1,1,participant_10,question_13,Timer-Correct,True,Other
0.0,0,6,1,0.09447,0.03059,0,0.63333,0.18241,0.07373,2663,743.07812,1,0.11029,0.03645,-0.05796,-0.0615,0.67044,0.26904,0.78968,21.58266,1,0.10919,0.0406,1.14967,0.00471,1,1,0.00699,-0.06657,0.67551,0.52268,0.81159,21.2581,1,0.07976,0.02059,1.15866,0.00429,1,1,participant_10,question_13,Timer-Correct,True,Question
0.0,0,6,1,0.09607,0.03806,0,0.63333,0.18241,0.07983,2663,743.07812,1,0.10919,0.03657,-0.05566,-0.05911,0.64443,0.26898,0.78947,21.32239,1,0.10875,0.03944,1.15094,0.00477,1,1,0.00667,-0.06261,0.63582,0.5227,0.81154,21.21201,1,0.08339,0.03668,1.14295,0.0043,1,1,participant_10,question_13,Timer-Correct,True,Question
0.0,0,6,1,0.10812,0.03687,0,0.63333,0.18241,0.08679,2663,743.07812,1,0.10912,0.03659,-0.05566,-0.05911,0.64443,0.26912,0.78945,21.59278,1,0.12111,0.00646,1.13524,0.00479,1,1,0.00667,-0.06261,0.63582,0.52268,0.81125,21.0799,1,0.09513,0.06729,1.11826,0.00433,1,1,participant_10,question_13,Timer-Correct,True,Question
0.0,0,6,1,0.12509,0.08437,0,0.63333,0.18241,0.09351,2663,743.07812,1,0.11018,0.03978,-0.05566,-0.05911,0.64443,0.26926,0.78936,21.63482,1,0.13837,0.08858,1.11055,0.00474,1,1,0.00667,-0.06261,0.63582,0.52276,0.81137,20.88907,1,0.11181,0.08017,1.09357,0.00435,1,1,participant_10,question_13,Timer-Correct,True,Question
0.0,0,6,1,0.13114,0.10405,0,0.63333,0.18241,0.10059,2663,743.07812,1,0.11149,0.04379,-0.05566,-0.05901,0.64443,0.26933,0.78918,21.45687,1,0.14672,0.11088,1.08585,0.00479,1,1,0.00697,-0.06488,0.65934,0.52279,0.81127,20.60304,1,0.11556,0.09722,1.07687,0.00435,1,1,participant_10,question_13,Timer-Correct,True,Question
0.0,0,6,1,0.11824,0.07169,0,0.63333,0.18241,0.10706,2663,743.07812,1,0.11189,0.04543,-0.05566,-0.05901,0.64443,0.26962,0.78937,22.09166,1,0.14074,0.09157,1.07687,0.00472,1,1,0.00697,-0.06488,0.65934,0.52301,0.81101,20.7166,1,0.09574,0.05181,1.08486,0.00432,1,1,participant_10,question_13,Timer-Correct,True,Question
0.0,0,6,1,0.12339,0.04555,0,0.63333,0.18241,0.11371,2663,743.07812,1,0.11253,0.04544,-0.05566,-0.05901,0.64443,0.26975,0.78921,21.98306,1,0.14827,0.0648,1.08486,0.00474,1,1,0.00697,-0.06488,0.65934,0.52315,0.81088,20.7669,1,0.0985,0.0263,1.09284,0.00428,1,1,participant_10,question_13,Timer-Correct,True,Question
0.0,0,6,1,0.12113,0.03746,0,0.63333,0.18241,0.12079,2663,743.07812,1,0.11298,0.04502,-0.05497,-0.05838,0.6386,0.27001,0.78895,22.15343,1,0.14559,0.05724,1.09284,0.00466,1,1,0.007,-0.06416,0.65258,0.52319,0.81086,20.82215,1,0.09666,0.01768,1.10083,0.00437,1,1,participant_10,question_13,Timer-Correct,True,Question
0.0,0,6,1,0.12459,0.04951,0,0.63333,0.18241,0.1275,2663,743.07812,1,0.11356,0.04525,-0.05497,-0.05838,0.6386,0.26987,0.78886,21.58111,1,0.129,0.1007,1.10083,0.00475,1,1,0.007,-0.06416,0.65258,0.52335,0.81083,20.81051,1,0.12018,-0.00168,1.10083,0.00439,1,1,participant_10,question_13,Timer-Correct,True,Question
0.0,0,6,1,0.13419,0.03861,0,0.63333,0.18241,0.13422,2663,743.07812,1,0.11454,0.04493,-0.05497,-0.05838,0.6386,0.26996,0.7885,20.99757,1,0.13899,0.0952,1.10083,0.0048,1,1,0.007,-0.06416,0.65258,0.52331,0.81074,20.9218,1,0.12939,-0.01797,1.10083,0.00433,1,1,participant_10,question_13,Timer-Correct,True,Question
0.0,0,6,1,0.13328,0.03363,0,0.63333,0.18241,0.14099,2663,743.07812,1,0.11539,0.04442,-0.05497,-0.05838,0.6386,0.26998,0.78863,21.17305,1,0.13899,0.0952,1.10083,0.00477,1,1,0.00732,-0.06661,0.67793,0.52346,0.81077,20.93221,1,0.12757,-0.02793,1.10982,0.00433,1,1,participant_10,question_13,Timer-Correct,True,Question
0.0,0,6,1,0.11743,0.07896,0,0.63333,0.18241,0.14771,2663,743.07812,1,0.11548,0.04592,-0.05497,-0.05838,0.6386,0.27046,0.7885,21.60969,1,0.13538,0.06581,1.10982,0.00479,1,1,0.00732,-0.06661,0.67793,0.52363,0.81058,20.77284,1,0.09947,0.09211,1.11881,0.0043,1,1,participant_10,question_13,Timer-Correct,True,Question
0.0,0,6,1,0.1076,0.07476,0,0.63333,0.18241,0.15442,2663,743.07812,1,0.11515,0.04712,-0.05497,-0.05838,0.6386,0.27043,0.78848,21.59231,1,0.11039,0.06746,1.11881,0.00477,1,1,0.00732,-0.06661,0.67793,0.52364,0.81066,20.77701,1,0.10482,0.08207,1.12779,0.00431,1,1,participant_10,question_13,Timer-Correct,True,Question
0.0,0,6,1,0.10601,0.07065,0,0.63333,0.18241,0.16119,2663,743.07812,1,0.11479,0.04806,-0.05514,-0.05873,0.64286,0.27043,0.78836,21.42206,1,0.1072,0.05924,1.12779,0.00479,1,1,0.00708,-0.06402,0.65163,0.52374,0.81071,20.54369,1,0.10482,0.08207,1.12779,0.00434,1,1,participant_10,question_13,Timer-Correct,True,Question
0.0,0,6,1,0.10584,0.06883,0,0.63333,0.18241,0.16779,2663,743.07812,1,0.11444,0.04886,-0.05514,-0.05873,0.64286,0.27063,0.7884,21.31523,1,0.12081,0.04488,1.12779,0.00483,1,1,0.00708,-0.06402,0.65163,0.5239,0.81069,20.45891,1,0.09088,0.09279,1.11881,0.00439,1,1,participant_10,question_13,Timer-Correct,True,Question
0.0,0,6,1,0.11502,0.0804,0,0.63333,0.18241,0.17456,2663,743.07812,1,0.11447,0.05003,-0.05514,-0.05873,0.64286,0.27075,0.78835,21.22848,1,0.13503,0.05097,1.11881,0.00482,1,1,0.00708,-0.06402,0.65163,0.52396,0.81079,20.79971,1,0.095,0.10984,1.10982,0.00436,1,1,participant_10,question_13,Timer-Correct,True,Question
0.0,0,6,1,0.11853,0.0929,0,0.63333,0.18241,0.18103,2663,743.07812,1,0.11461,0.05156,-0.05514,-0.05873,0.64286,0.27075,0.78847,21.38364,1,0.13804,0.05933,1.10982,0.00482,1,1,0.00705,-0.06324,0.64364,0.52399,0.81092,21.04199,1,0.09901,0.12647,1.09284,0.00435,1,1,participant_10,question_13,Timer-Correct,True,Question
0.0,0,6,1,0.12604,0.08014,0,0.63333,0.18241,0.18762,2663,743.07812,1,0.115,0.05255,-0.05514,-0.05873,0.64286,0.271,0.78843,21.27311,1,0.12631,0.07554,1.09284,0.00484,1,1,0.00705,-0.06324,0.64364,0.52403,0.81096,21.22777,1,0.12577,0.08474,1.08486,0.00438,1,1,participant_10,question_13,Timer-Correct,True,Question
0.0,0,6,1,0.13738,0.06783,0,0.63333,0.18241,0.19427,2663,743.07812,1,0.11575,0.05305,-0.05514,-0.05873,0.64286,0.27126,0.78854,21.75421,1,0.14036,0.09426,1.08486,0.00483,1,1,0.00705,-0.06324,0.64364,0.52411,0.81103,20.86287,1,0.13439,0.04139,1.07687,0.00434,1,1,participant_10,question_13,Timer-Correct,True,Question
0.0,0,6,1,0.13782,0.06668,0,0.63333,0.18241,0.20099,2663,743.07812,1,0.11646,0.05349,-0.05439,-0.05807,0.63517,0.27127,0.78846,21.90723,1,0.14311,0.1016,1.07687,0.00471,1,1,0.00736,-0.06521,0.66325,0.52419,0.81115,20.88971,1,0.13253,0.03175,1.08585,0.00433,1,1,participant_10,question_13,Timer-Correct,True,Question
0.0,0,6,1,0.12814,0.07115,0,0.63333,0.18241,0.20746,2663,743.07812,1,0.11683,0.05405,-0.05439,-0.05807,0.63517,0.27143,0.78848,21.95953,1,0.15516,0.11475,1.08585,0.00471,1,1,0.00736,-0.06521,0.66325,0.52422,0.81109,20.67653,1,0.10112,0.02755,1.10283,0.00433,1,1,participant_10,question_13,Timer-Correct,True,Question
0.0,0,6,1,0.11704,0.04214,0,0.63333,0.18241,0.2146,2663,743.07812,1,0.11683,0.05368,-0.05439,-0.05807,0.63517,0.27138,0.78837,21.25557,1,0.12946,0.04569,1.10283,0.00482,1,1,0.00736,-0.06521,0.66325,0.52436,0.81112,20.70004,1,0.10461,0.03859,1.1198,0.0044,1,1,participant_10,question_13,Timer-Correct,True,Question
0.0,0,6,1,0.11324,0.02994,0,0.63333,0.18241,0.22131,2663,743.07812,1,0.11673,0.05299,-0.0546,-0.0584,0.63881,0.27135,0.78856,21.26893,1,0.12363,0.0296,1.1198,0.00483,1,1,0.00683,-0.06012,0.611,0.52441,0.81112,20.43215,1,0.10285,0.03028,1.12779,0.0044,1,1,participant_10,question_13,Timer-Correct,True,Question
0.0,0,6,1,0.11429,0.05274,0,0.63333,0.18241,0.22803,2663,743.07812,1,0.11666,0.05298,-0.0546,-0.0584,0.63881,0.27145,0.78874,21.21908,1,0.10958,0.01792,1.12779,0.00487,1,1,0.00683,-0.06012,0.611,0.52461,0.81131,20.50908,1,0.11901,0.08755,1.11881,0.00446,1,1,participant_10,question_13,Timer-Correct,True,Question
0.0,0,6,1,0.10787,0.07041,0,0.63333,0.18241,0.2345,2663,743.07812,1,0.11641,0.05346,-0.0546,-0.0584,0.63881,0.2716,0.78879,21.33315,1,0.1168,0.03335,1.11881,0.00482,1,1,0.00683,-0.06012,0.611,0.52462,0.81162,20.57664,1,0.09893,0.10746,1.10982,0.00431,1,1,participant_10,question_13,Timer-Correct,True,Question
0.0,0,6,1,0.11048,0.07907,0,0.63333,0.18241,0.24139,2663,743.07812,1,0.11625,0.05416,-0.0546,-0.0584,0.63881,0.27168,0.78879,21.27872,1,0.11993,0.04185,1.10982,0.00485,1,1,0.0074,-0.06529,0.66251,0.52471,0.81166,20.43622,1,0.10103,0.11628,1.10083,0.00439,1,1,participant_10,question_13,Timer-Correct,True,Question
0.0,0,6,1,0.12313,0.0386,0,0.63333,0.18241,0.24841,2663,743.07812,1,0.11643,0.05375,-0.0546,-0.0584,0.63881,0.27199,0.78895,21.6802,1,0.12888,0.06429,1.10083,0.00492,1,1,0.0074,-0.06529,0.66251,0.52485,0.81181,20.64844,1,0.11738,0.01291,1.10083,0.00448,1,1,participant_10,question_13,Timer-Correct,True,Question
0.0,0,6,1,0.13063,0.05308,0,0.63333,0.18241,0.25537,2663,743.07812,1,0.1168,0.05373,-0.0546,-0.0584,0.63881,0.27208,0.78914,21.91977,1,0.13772,0.06115,1.10083,0.00481,1,1,0.0074,-0.06529,0.66251,0.52493,0.81189,20.60735,1,0.12354,0.04501,1.10083,0.0044,1,1,participant_10,question_13,Timer-Correct,True,Question
0.0,0,6,1,0.12757,0.04072,0,0.63333,0.18241,0.26196,2663,743.07812,1,0.11707,0.0534,-0.05632,-0.0605,0.66065,0.27213,0.78922,22.06734,1,0.13511,0.05393,1.10855,0.0048,1,1,0.00771,-0.06678,0.67655,0.52491,0.81223,20.77206,1,0.12002,0.0275,1.11754,0.00434,1,1,participant_10,question_13,Timer-Correct,True,Question
0.0,0,6,1,0.10078,0.05076,0,0.63333,0.18241,0.26849,2663,743.07812,1,0.11667,0.05334,-0.05632,-0.0605,0.66065,0.27219,0.78935,22.04124,1,0.11485,0.06502,1.12525,0.00478,1,1,0.00771,-0.06678,0.67655,0.52509,0.81231,20.38109,1,0.08672,0.0365,1.13424,0.00434,1,1,participant_10,question_13,Timer-Correct,True,Question
0.0,0,6,1,0.09837,0.0504,0,0.63333,0.18241,0.27484,2663,743.07812,1,0.11623,0.05327,-0.05632,-0.0605,0.66065,0.27224,0.78931,21.97555,1,0.11467,0.04563,1.14195,0.00479,1,1,0.00771,-0.06678,0.67655,0.52516,0.81256,21.18163,1,0.08206,0.05518,1.15094,0.00427,1,1,participant_10,question_13,Timer-Correct,True,Question
0.0,0,6,1,0.09683,0.04629,0,0.63333,0.18241,0.28162,2663,743.07812,1,0.11578,0.05311,-0.0543,-0.05843,0.63752,0.27227,0.78932,21.82786,1,0.11159,0.0374,1.15094,0.00478,1,1,0.00736,-0.06426,0.65007,0.52512,0.81269,20.95202,1,0.08206,0.05518,1.15094,0.00427,1,1,participant_10,question_13,Timer-Correct,True,Question
0.0,0,6,1,0.11112,0.01209,0,0.63333,0.18241,0.28815,2663,743.07812,1,0.11568,0.05217,-0.0543,-0.05843,0.63752,0.27225,0.78953,21.64756,1,0.1234,0.04009,1.14323,0.00477,1,1,0.00736,-0.06426,0.65007,0.52517,0.81285,20.75471,1,0.09884,-0.01591,1.13424,0.00422,1,1,participant_10,question_13,Timer-Correct,True,Other
0.0,0,6,1,0.11556,0.014,0,0.63333,0.18241,0.29492,2663,743.07812,1,0.11567,0.05133,-0.0543,-0.05843,0.63752,0.27223,0.78956,21.63096,1,0.12669,0.01303,1.12652,0.00481,1,1,0.00736,-0.06426,0.65007,0.52516,0.81281,20.5527,1,0.10444,0.01496,1.11754,0.00424,1,1,participant_10,question_13,Timer-Correct,True,Other
0.0,0,6,1,0.12112,0.03511,0,0.63333,0.18241,0.30151,2663,743.07812,1,0.11579,0.05097,-0.05404,-0.05824,0.63444,0.27223,0.7894,21.10597,1,0.13233,0.02902,1.10982,0.00486,1,1,0.00731,-0.06354,0.64185,0.52504,0.81302,20.1773,1,0.10992,0.0412,1.09284,0.00434,1,1,participant_10,question_13,Timer-Correct,True,Question
0.0,0,6,1,0.11473,0.06502,0,0.63333,0.18241,0.30835,2663,743.07812,1,0.11577,0.05127,-0.05404,-0.05824,0.63444,0.27215,0.78967,21.22584,1,0.13202,0.05537,1.09284,0.0048,1,1,0.00731,-0.06354,0.64185,0.52497,0.81311,20.14194,1,0.09743,0.07467,1.08486,0.00432,1,1,participant_10,question_13,Timer-Correct,True,Question
0.0,0,6,1,0.14114,0.09082,0,0.63333,0.18241,0.315,2663,743.07812,1,0.1163,0.0521,-0.05404,-0.05824,0.63444,0.27212,0.78966,21.15347,1,0.15689,0.06156,1.08486,0.00478,1,1,0.00731,-0.06354,0.64185,0.52493,0.81311,19.95124,1,0.12538,0.12008,1.07687,0.00428,1,1,participant_10,question_13,Timer-Correct,True,Question
0.0,0,6,1,0.13935,0.08263,0,0.63333,0.18241,0.32172,2663,743.07812,1,0.11735,0.05353,-0.05722,-0.0615,0.66994,0.27224,0.78982,21.62785,1,0.15698,0.06182,1.08458,0.00474,1,1,0.00774,-0.06819,0.68824,0.52484,0.81343,20.36534,1,0.12173,0.10344,1.09357,0.00431,1,1,participant_10,question_13,Timer-Correct,True,Question
0.0,0,6,1,0.11276,0.07474,0,0.63333,0.18241,0.32812,2663,743.07812,1,0.11751,0.05381,-0.05722,-0.0615,0.66994,0.27193,0.79008,21.53074,1,0.13651,0.07338,1.10129,0.00475,1,1,0.00774,-0.06819,0.68824,0.52479,0.81366,21.17571,1,0.089,0.0761,1.11826,0.00421,1,1,participant_10,question_13,Timer-Correct,True,Question
0.0,0,6,1,0.11005,0.06453,0,0.63333,0.18241,0.33508,2663,743.07812,1,0.11725,0.05387,-0.05722,-0.0615,0.66994,0.2718,0.79016,21.60224,1,0.11342,0.07356,1.12598,0.00475,1,1,0.00774,-0.06819,0.68824,0.52471,0.81361,20.68461,1,0.10668,0.0555,1.14295,0.00418,1,1,participant_10,question_13,Timer-Correct,True,Question
0.0,0,6,1,0.10709,0.05686,0,0.63333,0.18241,0.3418,2663,743.07812,1,0.11695,0.05384,-0.0546,-0.05869,0.63881,0.27181,0.79043,22.31664,1,0.10749,0.05822,1.14295,0.00474,1,1,0.00701,-0.06259,0.63175,0.52456,0.81373,20.59647,1,0.10668,0.0555,1.14295,0.00423,1,1,participant_10,question_13,Timer-Correct,True,Question
0.0,0,6,1,0.10553,0.03712,0,0.63333,0.18241,0.34894,2663,743.07812,1,0.11662,0.05411,-0.0546,-0.05869,0.63881,0.27165,0.79043,22.11864,1,0.08941,0.0459,1.13524,0.00474,1,1,0.00701,-0.06259,0.63175,0.52443,0.81374,20.54742,1,0.12166,0.02833,1.11826,0.00427,1,1,participant_10,question_13,Timer-Correct,True,Question
0.0,0,6,1,0.1291,0.06201,0,0.63333,0.18241,0.35529,2663,743.07812,1,0.11676,0.05475,-0.0546,-0.05869,0.63881,0.27153,0.79041,22.10394,1,0.1451,0.06583,1.11055,0.00471,1,1,0.00701,-0.06259,0.63175,0.52425,0.81367,20.78845,1,0.11309,0.0582,1.09357,0.00421,1,1,participant_10,question_13,Timer-Correct,True,Question
0.0,0,6,1,0.13505,0.08212,0,0.63333,0.18241,0.36194,2663,743.07812,1,0.11703,0.0559,-0.05433,-0.05815,0.6334,0.27142,0.79017,21.79025,1,0.15328,0.08863,1.08585,0.00466,1,1,0.0071,-0.06472,0.65326,0.52407,0.81358,20.49625,1,0.11681,0.07561,1.07687,0.00429,1,1,participant_10,question_13,Timer-Correct,True,Question
0.0,0,6,1,0.11815,0.10382,0,0.63333,0.18241,0.36871,2663,743.07812,1,0.11706,0.05718,-0.05433,-0.05815,0.6334,0.271,0.79023,21.48151,1,0.12848,0.10576,1.07687,0.00475,1,1,0.0071,-0.06472,0.65326,0.5236,0.81357,20.01995,1,0.10782,0.10187,1.08486,0.0043,1,1,participant_10,question_13,Timer-Correct,True,Question
0.0,0,6,1,0.10059,0.0898,0,0.63333,0.18241,0.37537,2663,743.07812,1,0.11685,0.05821,-0.05433,-0.05815,0.6334,0.27086,0.79024,21.90544,1,0.10322,0.09835,1.08486,0.00472,1,1,0.0071,-0.06472,0.65326,0.52343,0.81347,19.7783,1,0.09795,0.08126,1.09284,0.00425,1,1,participant_10,question_13,Timer-Correct,True,Question
0.0,0,6,1,0.09711,0.07745,0,0.63333,0.18241,0.38184,2663,743.07812,1,0.11663,0.05924,-0.05497,-0.05873,0.63975,0.27084,0.79025,21.88026,1,0.10024,0.09104,1.09284,0.00467,1,1,0.0073,-0.06788,0.68568,0.52333,0.81329,19.96596,1,0.09398,0.06387,1.10982,0.00426,1,1,participant_10,question_13,Timer-Correct,True,Question
0.0,0,6,1,0.11545,0.03183,0,0.63333,0.18241,0.38879,2663,743.07812,1,0.11716,0.05952,-0.05497,-0.05873,0.63975,0.27044,0.79028,21.99538,1,0.12673,0.03285,1.10982,0.00472,1,1,0.0073,-0.06788,0.68568,0.5231,0.81324,19.89241,1,0.10418,0.03081,1.11881,0.0042,1,1,participant_10,question_13,Timer-Correct,True,Question
0.0,0,6,1,0.09772,0.02825,0,0.63333,0.18241,0.39545,2663,743.07812,1,0.11723,0.05947,-0.05497,-0.05873,0.63975,0.27013,0.79011,21.62409,1,0.10143,0.03556,1.11881,0.00473,1,1,0.0073,-0.06788,0.68568,0.52275,0.81297,20.08915,1,0.094,0.02095,1.12779,0.00416,1,1,participant_10,question_13,Timer-Correct,True,Question
0.0,0,6,1,0.09508,0.01929,0,0.63333,0.18241,0.40216,2663,743.07812,1,0.11721,0.05908,-0.05494,-0.05849,0.63719,0.27017,0.79001,21.84558,1,0.0982,0.02708,1.12779,0.00466,1,1,0.00699,-0.06682,0.6755,0.52264,0.81303,19.97601,1,0.09197,0.0115,1.13678,0.00424,1,1,participant_10,question_13,Timer-Correct,True,Other
0.0,0,6,1,0.11474,0.00345,0,0.63333,0.18241,0.40894,2663,743.07812,1,0.11734,0.05838,-0.05494,-0.05849,0.63719,0.26987,0.78984,21.81352,1,0.11738,0.01571,1.13678,0.00465,1,1,0.00699,-0.06682,0.6755,0.5222,0.81295,20.30786,1,0.11209,-0.00882,1.13678,0.00419,1,1,participant_10,question_13,Timer-Correct,True,Other
0.0,0,6,1,0.09942,0.03181,0,0.63333,0.18241,0.41559,2663,743.07812,1,0.11681,0.05729,-0.05494,-0.05849,0.63719,0.2695,0.78977,21.6137,1,0.10547,0.01107,1.13678,0.00463,1,1,0.00699,-0.06682,0.6755,0.52215,0.81288,19.94077,1,0.09337,0.05256,1.13678,0.00428,1,1,participant_10,question_13,Timer-Correct,True,Question
0.0,0,6,1,0.10044,0.03636,0,0.63333,0.18241,0.42224,2663,743.07812,1,0.11617,0.05588,-0.05504,-0.0584,0.63723,0.26947,0.78975,21.75566,1,0.10547,0.01107,1.13678,0.00464,1,1,0.00677,-0.06515,0.65858,0.52208,0.81294,20.22503,1,0.09541,0.06165,1.12779,0.00424,1,1,participant_10,question_13,Timer-Correct,True,Question
0.0,0,6,1,0.16276,0.06584,0,0.63333,0.18241,0.42896,2663,743.07812,1,0.1171,0.05575,-0.05504,-0.0584,0.63723,0.27038,0.78959,21.40138,1,0.14342,0.06457,1.12779,0.00482,1,1,0.00677,-0.06515,0.65858,0.52304,0.81225,19.02809,1,0.18209,0.06712,1.11881,0.00442,1,1,participant_10,question_13,Timer-Correct,True,Question
0.0,0,6,1,0.21171,0.05619,0,0.63333,0.18241,0.43567,2663,743.07812,1,0.11894,0.05597,-0.05504,-0.0584,0.63723,0.27181,0.78913,21.59145,1,0.21301,0.08032,1.11881,0.00486,1,1,0.00677,-0.06515,0.65858,0.52444,0.8121,19.66249,1,0.21041,0.03205,1.10982,0.00436,1,1,participant_10,question_13,Timer-Correct,True,Question
0.0,0,6,1,0.21198,0.05742,0,0.63333,0.18241,0.44312,2663,743.07812,1,0.12083,0.05639,-0.05504,-0.0584,0.63723,0.27255,0.78961,21.85275,1,0.21336,0.08147,1.11754,0.00488,1,1,0.00683,-0.06031,0.61099,0.52559,0.81173,19.66113,1,0.2106,0.03337,1.10855,0.00425,1,1,participant_10,question_13,Timer-Correct,True,Question
0.0,0,6,1,0.34923,0.0395,0,0.63333,0.18241,0.44922,2663,743.07812,1,0.12551,0.05618,-0.05504,-0.0584,0.63723,0.27545,0.78913,21.64217,1,0.34739,0.07403,1.11627,0.00485,1,1,0.00683,-0.06031,0.61099,0.52821,0.81153,19.71258,1,0.35106,0.00497,1.11627,0.00426,1,1,participant_10,question_13,Timer-Correct,True,Question
0.0,0,6,1,0.40544,0.01774,0,0.63333,0.18241,0.44922,2663,743.07812,0,0.17176,0.03876,-0.05504,-0.0584,0.63723,0.27682,0.78922,21.79821,1,0.39946,0.02018,1.12398,0.00485,1,1,0.00683,-0.06031,0.61099,0.52925,0.81165,19.83688,1,0.41143,0.0153,1.12398,0.00423,1,1,participant_10,question_13,Timer-Correct,True,Other
0.0,0,6,1,0.40377,-0.0079,0,0.63333,0.18241,0.44922,2663,743.07812,0,0.28777,0.01543,-0.06001,-0.0648,0.70757,0.27772,0.78886,21.25926,1,0.39603,-0.00487,1.15022,0.00479,1,1,0.00792,-0.06729,0.68175,0.53001,0.81161,19.87423,1,0.41152,-0.01093,1.15022,0.00424,1,1,participant_10,question_13,Timer-Correct,True,Other
0.0,0,6,1,0.46027,0.0146,0,0.63333,0.18241,0.44922,2663,743.07812,0,0.34527,0.01515,-0.06001,-0.0648,0.70757,0.27803,0.78897,21.3936,1,0.46727,0.03298,1.16873,0.00492,1,1,0.00792,-0.06729,0.68175,0.53007,0.81156,19.77166,1,0.45328,-0.00378,1.16873,0.00433,1,1,participant_10,question_13,Timer-Correct,True,Other
0.0,0,6,1,0.45948,-0.01395,0,0.63333,0.18241,0.44922,2663,743.07812,0,0.44118,-0.00242,-0.06001,-0.0648,0.70757,0.27765,0.78906,21.46959,1,0.45981,0.03321,1.18725,0.00483,1,1,0.00792,-0.06729,0.68175,0.52974,0.81151,19.9267,1,0.45914,-0.06112,1.18725,0.00432,1,1,participant_10,question_13,Timer-Correct,True,Other
0.0,0,6,1,0.45964,-0.01846,0,0.63333,0.18241,0.44922,2663,743.07812,0,0.45041,-0.01044,-0.05632,-0.0606,0.66065,0.27762,0.78896,21.33373,1,0.45981,0.03321,1.18725,0.0048,1,1,0.0076,-0.0667,0.67577,0.52945,0.8115,19.69433,1,0.45947,-0.07012,1.19624,0.00436,1,1,participant_10,question_13,Timer-Correct,True,Other
0.0,0,6,1,0.43488,-0.031,0,0.63333,0.18241,0.44922,2663,743.07812,0,0.44523,-0.01729,-0.05632,-0.0606,0.66065,0.27686,0.78896,21.1293,1,0.44357,-0.0004,1.17772,0.00479,1,1,0.0076,-0.0667,0.67577,0.52892,0.81141,20.11617,1,0.4262,-0.0616,1.18671,0.00425,1,1,participant_10,question_13,Timer-Correct,True,Other
0.0,0,6,1,0.44829,-0.02294,0,0.63333,0.18241,0.02057,2664,743.55402,1,0.446,-0.0187,-0.05632,-0.0606,0.66065,0.27645,0.78907,21.21208,1,0.46247,0.0047,1.16819,0.00479,1,1,0.0076,-0.0667,0.67577,0.52871,0.8115,20.03471,1,0.43411,-0.05058,1.17718,0.00421,1,1,participant_10,question_13,Timer-Correct,True,Other
0.0,0,6,1,0.44858,-0.0137,0,0.63333,0.18241,0.0274,2664,743.55402,1,0.44651,-0.0177,-0.05568,-0.05969,0.6508,0.2763,0.78908,21.23657,1,0.46324,0.01358,1.15866,0.00475,1,1,0.00741,-0.06678,0.67662,0.52838,0.81146,19.94152,1,0.43392,-0.04099,1.16764,0.00417,1,1,participant_10,question_13,Timer-Correct,True,Other
0.0,0,6,1,0.42742,0.0107,0,0.63333,0.18241,0.03339,2664,743.55402,1,0.44333,-0.01297,-0.05568,-0.05969,0.6508,0.27572,0.78907,21.30029,1,0.44211,0.07108,1.16764,0.00479,1,1,0.00741,-0.06678,0.67662,0.52807,0.81143,19.85143,1,0.41273,-0.04967,1.16764,0.00425,1,1,participant_10,question_13,Timer-Correct,True,Other
0.0,0,6,1,0.4397,-0.01912,0,0.63333,0.18241,0.03998,2664,743.55402,1,0.44281,-0.01385,-0.05568,-0.05969,0.6508,0.27554,0.78916,21.36131,1,0.45008,0.00682,1.16764,0.00472,1,1,0.00741,-0.06678,0.67662,0.52784,0.81139,19.97523,1,0.42932,-0.04505,1.16764,0.00415,1,1,participant_10,question_13,Timer-Correct,True,Other
0.0,0,6,1,0.43938,-0.02755,0,0.63333,0.18241,0.04681,2664,743.55402,1,0.44238,-0.01556,-0.05867,-0.06257,0.68275,0.27544,0.78908,21.14006,1,0.4493,-0.00126,1.17633,0.00476,1,1,0.0073,-0.06768,0.68569,0.52761,0.81143,20.05544,1,0.42946,-0.05383,1.17633,0.00416,1,1,participant_10,question_13,Timer-Correct,True,Other
0.0,0,6,1,0.4298,-0.01242,0,0.63333,0.18241,0.05359,2664,743.55402,1,0.44099,-0.01521,-0.05867,-0.06257,0.68275,0.27501,0.78873,20.6403,1,0.43734,0.02611,1.18501,0.00476,1,1,0.0073,-0.06768,0.68569,0.52734,0.81139,20.30948,1,0.42226,-0.05095,1.18501,0.00422,1,1,participant_10,question_13,Timer-Correct,True,Other
0.0,0,6,1,0.41734,-0.02123,0,0.63333,0.18241,0.06134,2664,743.55402,1,0.43862,-0.01581,-0.05867,-0.06257,0.68275,0.27486,0.78877,20.60327,1,0.42215,0.02526,1.19369,0.00477,1,1,0.0073,-0.06768,0.68569,0.52721,0.81145,20.09495,1,0.41253,-0.06773,1.19369,0.00418,1,1,participant_10,question_13,Timer-Correct,True,Other
0.0,0,6,1,0.41732,-0.01669,0,0.63333,0.18241,0.06665,2664,743.55402,1,0.43668,-0.01589,-0.05609,-0.05962,0.65101,0.2746,0.78874,20.8066,1,0.42215,0.02526,1.19369,0.00481,1,1,0.00695,-0.06488,0.65733,0.52706,0.81139,19.97523,1,0.41249,-0.05864,1.1847,0.00415,1,1,participant_10,question_13,Timer-Correct,True,Other
0.0,0,6,1,0.44246,0.01369,0,0.63333,0.18241,0.07373,2664,743.55402,1,0.43717,-0.01343,-0.05609,-0.05962,0.65101,0.27424,0.78869,20.71252,1,0.44733,-0.03453,1.17602,0.00477,1,1,0.00695,-0.06488,0.65733,0.52672,0.81131,20.00532,1,0.4376,0.06191,1.16703,0.00419,1,1,participant_10,question_13,Timer-Correct,True,Other
0.0,0,6,1,0.42926,0.05621,0,0.63333,0.18241,0.08038,2664,743.55402,1,0.43656,-0.00807,-0.05609,-0.05962,0.65101,0.27416,0.7889,21.57626,1,0.43171,0.03692,1.15835,0.00474,1,1,0.00695,-0.06488,0.65733,0.52658,0.81133,20.26893,1,0.42681,0.07549,1.14936,0.00417,1,1,participant_10,question_13,Timer-Correct,True,Question
0.0,0,6,1,0.43012,0.06826,0,0.63333,0.18241,0.08704,2664,743.55402,1,0.4361,-0.00262,-0.05616,-0.05948,0.64956,0.27397,0.78866,20.68752,1,0.43356,0.05304,1.14068,0.00494,1,1,0.00694,-0.06702,0.68061,0.52655,0.81129,20.26468,1,0.42669,0.08349,1.14068,0.00421,1,1,participant_10,question_13,Timer-Correct,True,Question
0.0,0,6,1,0.44381,0.02863,0,0.63333,0.18241,0.09381,2664,743.55402,1,0.43661,-0.00054,-0.05616,-0.05948,0.64956,0.27361,0.78836,20.61358,1,0.46686,0.02361,1.14068,0.0048,1,1,0.00694,-0.06702,0.68061,0.52619,0.81109,20.37424,1,0.42075,0.03366,1.14967,0.00416,1,1,participant_10,question_13,Timer-Correct,True,Question
0.0,0,6,1,0.43305,0.03096,0,0.63333,0.18241,0.10052,2664,743.55402,1,0.43639,0.00143,-0.05616,-0.05948,0.64956,0.2734,0.78858,21.06319,1,0.43445,0.04149,1.14967,0.00474,1,1,0.00694,-0.06702,0.68061,0.52602,0.81105,20.36152,1,0.43165,0.02042,1.15866,0.00419,1,1,participant_10,question_13,Timer-Correct,True,Question
0.0,0,6,1,0.43259,0.02685,0,0.63333,0.18241,0.10724,2664,743.55402,1,0.43617,0.00293,-0.05715,-0.06028,0.65877,0.27318,0.78848,20.97544,1,0.43353,0.03327,1.15866,0.00482,1,1,0.00761,-0.07509,0.76314,0.52579,0.81094,20.3735,1,0.43165,0.02042,1.15866,0.00415,1,1,participant_10,question_13,Timer-Correct,True,Question
0.0,0,6,1,0.43997,0.02303,0,0.63333,0.18241,0.11383,2664,743.55402,1,0.43638,0.00405,-0.05715,-0.06028,0.65877,0.27277,0.78834,21.04589,1,0.45187,0.05422,1.15866,0.00478,1,1,0.00761,-0.07509,0.76314,0.52553,0.81068,19.85255,1,0.42807,-0.00816,1.14967,0.00421,1,1,participant_10,question_13,Timer-Correct,True,Other
0.0,0,6,1,0.43537,0.04619,0,0.63333,0.18241,0.12054,2664,743.55402,1,0.43632,0.00626,-0.05715,-0.06028,0.65877,0.27263,0.78826,21.04782,1,0.42831,0.08054,1.14967,0.00481,1,1,0.00761,-0.07509,0.76314,0.5253,0.81069,20.12275,1,0.44243,0.01185,1.14068,0.00417,1,1,participant_10,question_13,Timer-Correct,True,Question
0.0,0,6,1,0.43574,0.05457,0,0.63333,0.18241,0.12793,2664,743.55402,1,0.43629,0.00868,-0.05653,-0.05937,0.64943,0.27238,0.78819,20.92529,1,0.42928,0.08846,1.14068,0.00473,1,1,0.00638,-0.06494,0.65998,0.52508,0.81053,19.9221,1,0.4422,0.02067,1.1317,0.00419,1,1,participant_10,question_13,Timer-Correct,True,Question
0.0,0,6,1,0.42832,0.08654,0,0.63333,0.18241,0.13531,2664,743.55402,1,0.43591,0.01239,-0.05653,-0.05937,0.64943,0.27183,0.78831,21.03103,1,0.44379,0.08098,1.1317,0.00486,1,1,0.00638,-0.06494,0.65998,0.52454,0.81036,19.97577,1,0.41284,0.0921,1.1317,0.00423,1,1,participant_10,question_13,Timer-Correct,True,Question
0.0,0,6,1,0.43739,0.08366,0,0.63333,0.18241,0.13531,2664,743.55402,0,0.43378,0.04183,-0.05653,-0.05937,0.64943,0.27169,0.78812,21.15264,1,0.45129,0.07198,1.1317,0.00478,1,1,0.00638,-0.06494,0.65998,0.5243,0.81034,20.13706,1,0.42349,0.09535,1.1317,0.00421,1,1,participant_10,question_13,Timer-Correct,True,Question
0.0,0,6,1,0.43704,0.07576,0,0.63333,0.18241,0.13531,2664,743.55402,0,0.43541,0.05879,-0.05937,-0.06203,0.67907,0.27149,0.78814,21.11731,1,0.45049,0.06414,1.14038,0.00478,1,1,0.0062,-0.06494,0.66201,0.52417,0.8102,20.29016,1,0.42358,0.08737,1.14038,0.00421,1,1,participant_10,question_13,Timer-Correct,True,Question
0.0,0,6,1,0.43294,0.02578,0,0.63333,0.18241,0.13531,2664,743.55402,0,0.43459,0.04779,-0.05937,-0.06203,0.67907,0.27089,0.78812,21.06722,1,0.45956,0.04233,1.14906,0.00479,1,1,0.0062,-0.06494,0.66201,0.52359,0.81004,20.43679,1,0.40633,0.00924,1.14906,0.00418,1,1,participant_10,question_13,Timer-Correct,True,Question
0.0,0,6,1,0.42611,0.01067,0,0.63333,0.18241,0.02008,2665,743.6947,1,0.43247,0.03851,-0.05937,-0.06203,0.67907,0.27069,0.78812,21.34071,1,0.43513,0.03013,1.15774,0.00478,1,1,0.0062,-0.06494,0.66201,0.52342,0.80997,20.16435,1,0.41709,-0.00879,1.15774,0.00419,1,1,participant_10,question_13,Timer-Correct,True,Other
0.0,0,6,1,0.42574,-0.00207,0,0.63333,0.18241,0.02673,2665,743.6947,1,0.43112,0.0304,-0.06,-0.06248,0.68397,0.27037,0.78802,21.10678,1,0.43425,0.02216,1.16642,0.00484,1,1,0.00617,-0.06722,0.68524,0.52315,0.80972,19.87449,1,0.41722,-0.02629,1.17541,0.00424,1,1,participant_10,question_13,Timer-Correct,True,Other
0.0,0,6,1,0.42093,-0.01674,0,0.63333,0.18241,0.03448,2665,743.6947,1,0.42942,0.02254,-0.06,-0.06248,0.68397,0.26982,0.78821,21.14013,1,0.40501,0.01665,1.17541,0.00483,1,1,0.00617,-0.06722,0.68524,0.52263,0.80951,19.83885,1,0.43685,-0.05013,1.18439,0.00428,1,1,participant_10,question_13,Timer-Correct,True,Other
0.0,0,6,1,0.42029,-0.03445,0,0.63333,0.18241,0.04004,2665,743.6947,1,0.42812,0.0144,-0.06,-0.06248,0.68397,0.26962,0.78815,21.28119,1,0.4405,0.02009,1.18439,0.00488,1,1,0.00617,-0.06722,0.68524,0.52245,0.80963,20.24609,1,0.40008,-0.089,1.19338,0.00419,1,1,participant_10,question_13,Timer-Correct,True,Other
0.0,0,6,1,0.41986,-0.03853,0,0.63333,0.18241,0.04669,2665,743.6947,1,0.42709,0.00778,-0.05965,-0.06179,0.67643,0.26952,0.78826,21.76445,1,0.43965,0.01195,1.19338,0.0048,1,1,0.00571,-0.06496,0.66222,0.52216,0.80948,20.14877,1,0.40008,-0.089,1.19338,0.00424,1,1,participant_10,question_13,Timer-Correct,True,Other
0.0,0,6,1,0.43322,-0.03836,0,0.63333,0.18241,0.05359,2665,743.6947,1,0.42777,0.00266,-0.05965,-0.06179,0.67643,0.26873,0.78815,21.32634,1,0.45207,0.00738,1.19338,0.00486,1,1,0.00571,-0.06496,0.66222,0.52181,0.80946,20.08751,1,0.41437,-0.08409,1.18439,0.00422,1,1,participant_10,question_13,Timer-Correct,True,Other
0.0,0,6,1,0.43928,0.00082,0,0.63333,0.18241,0.06006,2665,743.6947,1,0.42892,0.00247,-0.05965,-0.06179,0.67643,0.26871,0.78824,21.34794,1,0.42435,0.0336,1.18439,0.00483,1,1,0.00571,-0.06496,0.66222,0.52142,0.80936,20.4601,1,0.4542,-0.03196,1.17541,0.00424,1,1,participant_10,question_13,Timer-Correct,True,Other
0.0,0,6,1,0.44008,0.01302,0,0.63333,0.18241,0.06653,2665,743.6947,1,0.42993,0.00343,-0.05807,-0.06,0.65573,0.26843,0.78835,21.33619,1,0.42625,0.04942,1.16673,0.00484,1,1,0.00556,-0.06604,0.67419,0.52129,0.80939,20.28409,1,0.45392,-0.02338,1.16673,0.00422,1,1,participant_10,question_13,Timer-Correct,True,Other
0.0,0,6,1,0.42547,0.06418,0,0.63333,0.18241,0.07318,2665,743.6947,1,0.42956,0.00849,-0.05807,-0.06,0.65573,0.268,0.78822,20.95887,1,0.44709,0.0727,1.15805,0.00485,1,1,0.00556,-0.06604,0.67419,0.5209,0.80923,20.28965,1,0.40386,0.05565,1.16703,0.00427,1,1,participant_10,question_13,Timer-Correct,True,Question
0.0,0,6,1,0.42313,0.05378,0,0.63333,0.18241,0.08118,2665,743.6947,1,0.42907,0.01198,-0.05807,-0.06,0.65573,0.26782,0.78849,21.09072,1,0.42567,0.06631,1.15835,0.00495,1,1,0.00556,-0.06604,0.67419,0.52067,0.80919,20.23911,1,0.42059,0.04125,1.16734,0.00417,1,1,participant_10,question_13,Timer-Correct,True,Question
0.0,0,6,1,0.42311,0.0535,0,0.63333,0.18241,0.08691,2665,743.6947,1,0.42864,0.01494,-0.05771,-0.05948,0.64949,0.26754,0.78855,21.13092,1,0.42564,0.06604,1.15866,0.00492,1,1,0.00547,-0.06738,0.68843,0.52063,0.80908,20.07505,1,0.42059,0.04096,1.16764,0.0042,1,1,participant_10,question_13,Timer-Correct,True,Question
0.0,0,6,1,0.43009,0.04255,0,0.63333,0.18241,0.09375,2665,743.6947,1,0.42874,0.01678,-0.05771,-0.05948,0.64949,0.26727,0.78861,21.24984,1,0.44369,0.06288,1.16764,0.00488,1,1,0.00547,-0.06738,0.68843,0.5202,0.80917,20.55077,1,0.4165,0.02221,1.16764,0.00422,1,1,participant_10,question_13,Timer-Correct,True,Question
0.0,0,6,1,0.43618,0.05067,0,0.63333,0.18241,0.10046,2665,743.6947,1,0.4292,0.0189,-0.05771,-0.05948,0.64949,0.26701,0.78869,21.13934,1,0.43896,0.08513,1.16764,0.00497,1,1,0.00547,-0.06738,0.68843,0.51995,0.809,20.11732,1,0.4334,0.01621,1.16764,0.00421,1,1,participant_10,question_13,Timer-Correct,True,Question
0.0,0,6,1,0.43567,0.05089,0,0.63333,0.18241,0.10712,2665,743.6947,1,0.42958,0.02078,-0.06138,-0.0631,0.68904,0.26707,0.78858,20.9862,1,0.43811,0.07763,1.17633,0.00493,1,1,0.00494,-0.062,0.63395,0.51993,0.80911,20.34291,1,0.43324,0.02415,1.15935,0.00418,1,1,participant_10,question_13,Timer-Correct,True,Question
0.0,0,6,1,0.42948,0.02614,0,0.63333,0.18241,0.11835,2665,743.6947,1,0.42958,0.02108,-0.06138,-0.0631,0.68904,0.26678,0.78866,21.22253,1,0.44427,0.0314,1.16803,0.00491,1,1,0.00494,-0.062,0.63395,0.51969,0.80905,20.58982,1,0.41468,0.02088,1.15106,0.00424,1,1,participant_10,question_13,Timer-Correct,True,Question
0.0,0,6,1,0.42054,-0.00246,0,0.63333,0.18241,0.12427,2665,743.6947,1,0.4291,0.01984,-0.06138,-0.0631,0.68904,0.26673,0.78871,21.30249,1,0.41234,-0.03058,1.15974,0.00492,1,1,0.00494,-0.062,0.63395,0.5196,0.80907,20.81477,1,0.42875,0.02566,1.14276,0.00423,1,1,participant_10,question_13,Timer-Correct,True,Other
0.0,0,6,1,0.42147,0.01013,0,0.63333,0.18241,0.13239,2665,743.6947,1,0.42872,0.01936,-0.05862,-0.06026,0.65752,0.26671,0.78854,20.96146,1,0.41433,-0.01413,1.14276,0.0049,1,1,0.00496,-0.06401,0.65451,0.5195,0.8088,20.55516,1,0.42861,0.03438,1.13377,0.00425,1,1,participant_10,question_13,Timer-Correct,True,Other
0.0,0,6,1,0.4235,0.06943,0,0.63333,0.18241,0.13611,2665,743.6947,1,0.42847,0.02174,-0.05862,-0.06026,0.65752,0.26646,0.78887,21.37967,1,0.42687,0.10514,1.12509,0.00496,1,1,0.00496,-0.06401,0.65451,0.51938,0.80896,20.77464,1,0.42013,0.03371,1.13308,0.00424,1,1,participant_10,question_13,Timer-Correct,True,Question
0.0,0,6,1,0.42897,0.06911,0,0.63333,0.18241,0.14062,2665,743.6947,1,0.4285,0.02389,-0.05862,-0.06026,0.65752,0.26646,0.78913,21.62262,1,0.42037,0.10688,1.1244,0.00488,1,1,0.00496,-0.06401,0.65451,0.51924,0.8089,20.40892,1,0.43758,0.03134,1.13239,0.00424,1,1,participant_10,question_13,Timer-Correct,True,Question
0.0,0,6,1,0.4286,0.06172,0,0.63333,0.18241,0.14734,2665,743.6947,1,0.4285,0.02554,-0.06138,-0.0631,0.6879,0.26641,0.78917,21.53715,1,0.41943,0.09987,1.13239,0.00485,1,1,0.00496,-0.06401,0.65451,0.5193,0.80904,20.80766,1,0.43776,0.02357,1.14038,0.00422,1,1,participant_10,question_13,Timer-Correct,True,Question
0.0,0,6,1,0.42756,0.03372,0,0.63333,0.18241,0.15399,2665,743.6947,1,0.42846,0.02588,-0.06138,-0.0631,0.6879,0.2664,0.78928,21.55429,1,0.44651,0.04222,1.14906,0.00485,1,1,0.00496,-0.06401,0.65451,0.5193,0.80909,20.67776,1,0.40861,0.02522,1.14906,0.00423,1,1,participant_10,question_13,Timer-Correct,True,Question
0.0,0,6,1,0.42554,0.0433,0,0.63333,0.18241,0.16071,2665,743.6947,1,0.42834,0.02658,-0.06138,-0.0631,0.6879,0.26638,0.78927,21.35679,1,0.44017,0.05694,1.15774,0.00486,1,1,0.00496,-0.06401,0.65451,0.51938,0.80916,20.48491,1,0.41092,0.02966,1.15774,0.00425,1,1,participant_10,question_13,Timer-Correct,True,Question
0.0,0,6,1,0.42513,0.03526,0,0.63333,0.18241,0.1673,2665,743.6947,1,0.42822,0.02691,-0.05909,-0.06085,0.66229,0.26646,0.78923,21.07316,1,0.43932,0.04917,1.16642,0.00487,1,1,0.00496,-0.0642,0.65544,0.51935,0.8092,20.4074,1,0.41095,0.02135,1.16642,0.00424,1,1,participant_10,question_13,Timer-Correct,True,Question
0.0,0,6,1,0.43036,0.04866,0,0.63333,0.18241,0.17468,2665,743.6947,1,0.4283,0.02772,-0.05909,-0.06085,0.66229,0.26646,0.78928,21.07169,1,0.44492,0.05738,1.16642,0.00487,1,1,0.00496,-0.0642,0.65544,0.51948,0.80928,20.51047,1,0.4158,0.03993,1.16642,0.00421,1,1,participant_10,question_13,Timer-Correct,True,Question
0.0,0,6,1,0.44102,0.01949,0,0.63333,0.18241,0.18079,2665,743.6947,1,0.42875,0.02742,-0.05909,-0.06085,0.66229,0.26649,0.78928,21.08307,1,0.45457,0.05782,1.16642,0.00485,1,1,0.00496,-0.0642,0.65544,0.51947,0.80931,20.42934,1,0.42747,-0.01884,1.16642,0.00421,1,1,participant_10,question_13,Timer-Correct,True,Other
0.0,0,6,1,0.4414,0.02319,0,0.63333,0.18241,0.18732,2665,743.6947,1,0.42919,0.02728,-0.05917,-0.06093,0.66369,0.26643,0.78945,21.20292,1,0.45532,0.06553,1.15774,0.00483,1,1,0.00516,-0.06613,0.67407,0.51948,0.80929,20.37757,1,0.42747,-0.01915,1.16673,0.00422,1,1,participant_10,question_13,Timer-Correct,True,Other
0.0,0,6,1,0.43405,-0.00613,0,0.63333,0.18241,0.19403,2665,743.6947,1,0.42935,0.02616,-0.05917,-0.06093,0.66369,0.26647,0.78943,21.04535,1,0.43104,0.01027,1.15805,0.00481,1,1,0.00516,-0.06613,0.67407,0.51955,0.80931,19.97325,1,0.43706,-0.02253,1.16703,0.00423,1,1,participant_10,question_13,Timer-Correct,True,Other
0.0,0,6,1,0.44138,-0.01251,0,0.63333,0.18241,0.20068,2665,743.6947,1,0.42974,0.02491,-0.05917,-0.06093,0.66369,0.26655,0.78956,21.19385,1,0.43544,-0.00234,1.15835,0.00483,1,1,0.00516,-0.06613,0.67407,0.51968,0.80938,20.21754,1,0.44732,-0.02269,1.16734,0.00424,1,1,participant_10,question_13,Timer-Correct,True,Other
0.0,0,6,1,0.44105,-0.02121,0,0.63333,0.18241,0.20752,2665,743.6947,1,0.43009,0.02347,-0.06138,-0.06331,0.68904,0.26655,0.78955,21.11721,1,0.43454,-0.01084,1.16734,0.00481,1,1,0.00528,-0.06641,0.67691,0.51972,0.80933,20.12065,1,0.44757,-0.03157,1.17633,0.00429,1,1,participant_10,question_13,Timer-Correct,True,Other
0.0,0,6,1,0.40796,-0.03102,0,0.63333,0.18241,0.21405,2665,743.6947,1,0.42942,0.02182,-0.06138,-0.06331,0.68904,0.26673,0.7896,21.08627,1,0.413,-0.02652,1.18501,0.00482,1,1,0.00528,-0.06641,0.67691,0.51995,0.80924,20.43358,1,0.40292,-0.03552,1.18501,0.00418,1,1,participant_10,question_13,Timer-Correct,True,Other
0.0,0,6,1,0.41802,-0.03151,0,0.63333,0.18241,0.22095,2665,743.6947,1,0.42909,0.02025,-0.06138,-0.06331,0.68904,0.26682,0.78947,21.15941,1,0.42375,0.03517,1.19369,0.00479,1,1,0.00528,-0.06641,0.67691,0.51994,0.80927,20.37022,1,0.41229,-0.09819,1.19369,0.00418,1,1,participant_10,question_13,Timer-Correct,True,Other
0.0,0,6,1,0.41758,-0.03987,0,0.63333,0.18241,0.2276,2665,743.6947,1,0.42876,0.01854,-0.06138,-0.0632,0.68904,0.26693,0.78942,21.20131,1,0.42282,0.02747,1.20237,0.00476,1,1,0.00536,-0.06614,0.67425,0.52007,0.80925,20.32533,1,0.41234,-0.1072,1.20237,0.00419,1,1,participant_10,question_13,Timer-Correct,True,Other
0.0,0,6,1,0.41247,-0.06682,0,0.63333,0.18241,0.23401,2665,743.6947,1,0.42831,0.01616,-0.06138,-0.0632,0.68904,0.26701,0.78946,21.20765,1,0.40678,-0.04782,1.20237,0.00483,1,1,0.00536,-0.06614,0.67425,0.52025,0.80934,20.18503,1,0.41816,-0.08582,1.20237,0.00423,1,1,participant_10,question_13,Timer-Correct,True,Other
0.0,0,6,1,0.42377,-0.08571,0,0.63333,0.18241,0.23401,2665,743.6947,0,0.42785,-0.01401,-0.06138,-0.0632,0.68904,0.26704,0.78941,21.28958,1,0.4201,-0.04868,1.20237,0.00483,1,1,0.00536,-0.06614,0.67425,0.5203,0.80933,20.02494,1,0.42743,-0.12274,1.20237,0.00419,1,1,participant_10,question_13,Timer-Correct,True,Other
0.0,0,6,1,0.42377,-0.08571,0,0.63333,0.18241,0.23401,2665,743.6947,0,0.42581,-0.04986,-0.06011,-0.06205,0.67592,0.26727,0.78934,20.82395,1,0.4201,-0.04868,1.20237,0.0048,1,1,0.00536,-0.06614,0.67425,0.52031,0.80938,20.23863,1,0.42743,-0.12274,1.20237,0.00417,1,1,participant_10,question_13,Timer-Correct,True,Other
0.0,0,6,1,0.43486,-0.09047,0,0.63333,0.18241,0.23401,2665,743.6947,0,0.42882,-0.0634,-0.06011,-0.06205,0.67592,0.26736,0.78936,21.08206,1,0.42602,-0.0629,1.20237,0.00475,1,1,0.00536,-0.06614,0.67425,0.52037,0.80934,20.30957,1,0.44369,-0.11803,1.20237,0.00415,1,1,participant_10,question_13,Timer-Correct,True,Other
0.0,0,6,1,0.42355,-0.04858,0,0.63333,0.18241,0.01996,2666,743.93567,1,0.4275,-0.05969,-0.06011,-0.06205,0.67592,0.26745,0.78924,20.92739,1,0.39905,-0.06556,1.20237,0.00471,1,1,0.00536,-0.06614,0.67425,0.52047,0.80936,20.18816,1,0.44804,-0.0316,1.20237,0.00412,1,1,participant_10,question_13,Timer-Correct,True,Other
0.0,0,6,1,0.42355,-0.04858,0,0.63333,0.18241,0.02655,2666,743.93567,1,0.42671,-0.05747,-0.06179,-0.06384,0.696,0.26748,0.78921,21.12189,1,0.39905,-0.06556,1.20237,0.00468,1,1,0.00536,-0.06614,0.67425,0.52053,0.80937,20.1428,1,0.44804,-0.0316,1.20237,0.00416,1,1,participant_10,question_13,Timer-Correct,True,Other
0.0,0,6,1,0.41708,-0.04175,0,0.63333,0.18241,0.03326,2666,743.93567,1,0.42511,-0.05485,-0.06179,-0.06384,0.696,0.26757,0.7893,20.99648,1,0.4081,-0.03532,1.20237,0.0047,1,1,0.00536,-0.06614,0.67425,0.52059,0.80934,20.1364,1,0.42606,-0.04818,1.20237,0.0042,1,1,participant_10,question_13,Timer-Correct,True,Other
0.0,0,6,1,0.41974,-0.06763,0,0.63333,0.18241,0.04041,2666,743.93567,1,0.42434,-0.05668,-0.06179,-0.06384,0.696,0.26767,0.78928,20.9435,1,0.4083,-0.0221,1.20237,0.00469,1,1,0.00536,-0.06614,0.67425,0.52053,0.80937,20.1428,1,0.43117,-0.11315,1.20237,0.00416,1,1,participant_10,question_13,Timer-Correct,True,Other
0.0,0,6,1,0.41966,-0.06296,0,0.63333,0.18241,0.04712,2666,743.93567,1,0.42375,-0.05746,-0.05975,-0.06178,0.67299,0.26763,0.78947,21.021,1,0.4083,-0.0221,1.20237,0.00468,1,1,0.00536,-0.06432,0.65565,0.52066,0.8094,20.01985,1,0.43101,-0.10382,1.19338,0.00411,1,1,participant_10,question_13,Timer-Correct,True,Other
0.0,0,6,1,0.42387,-0.01901,0,0.63333,0.18241,0.05371,2666,743.93567,1,0.42377,-0.05319,-0.05975,-0.06178,0.67299,0.26767,0.78948,20.88757,1,0.41713,0.03812,1.19338,0.00473,1,1,0.00536,-0.06432,0.65565,0.52073,0.80944,19.96401,1,0.43062,-0.07614,1.18439,0.00415,1,1,participant_10,question_13,Timer-Correct,True,Other
0.0,0,6,1,0.42788,-0.0222,0,0.63333,0.18241,0.0603,2666,743.93567,1,0.42418,-0.05009,-0.05975,-0.06178,0.67299,0.26763,0.78947,21.021,1,0.42099,0.03325,1.18439,0.00467,1,1,0.00536,-0.06432,0.65565,0.52071,0.80944,20.15601,1,0.43477,-0.07765,1.17541,0.00406,1,1,participant_10,question_13,Timer-Correct,True,Other
0.0,0,6,1,0.42828,-0.01354,0,0.63333,0.18241,0.06665,2666,743.93567,1,0.42455,-0.04677,-0.05975,-0.06178,0.67299,0.26767,0.78948,20.88757,1,0.42197,0.0413,1.17541,0.00473,1,1,0.00536,-0.06432,0.65565,0.52073,0.80947,20.01819,1,0.43459,-0.06838,1.16642,0.00407,1,1,participant_10,question_13,Timer-Correct,True,Other
0.0,0,6,1,0.43986,-0.02296,0,0.63333,0.18241,0.07385,2666,743.93567,1,0.42583,-0.04478,-0.05975,-0.06178,0.67299,0.26767,0.78947,20.80502,1,0.45213,-0.01814,1.16642,0.00474,1,1,0.00536,-0.06432,0.65565,0.52069,0.80947,19.98859,1,0.4276,-0.02779,1.16642,0.00411,1,1,participant_10,question_13,Timer-Correct,True,Other
0.0,0,6,1,0.43511,-0.02376,0,0.63333,0.18241,0.08069,2666,743.93567,1,0.42654,-0.04317,-0.05975,-0.06178,0.67299,0.26728,0.78956,20.91758,1,0.44692,-0.00106,1.16642,0.0048,1,1,0.00536,-0.06432,0.65565,0.52034,0.80952,19.81414,1,0.42331,-0.04646,1.16642,0.00416,1,1,participant_10,question_13,Timer-Correct,True,Other
0.0,0,6,1,0.43546,-0.01528,0,0.63333,0.18241,0.08752,2666,743.93567,1,0.42718,-0.04117,-0.05938,-0.0612,0.66609,0.26698,0.78944,20.46116,1,0.44772,0.00708,1.15774,0.00473,1,1,0.00496,-0.06421,0.65451,0.51983,0.80964,19.92934,1,0.4232,-0.03765,1.15774,0.00418,1,1,participant_10,question_13,Timer-Correct,True,Other
0.0,0,6,1,0.34019,-0.00228,0,0.63333,0.18241,0.09387,2666,743.93567,1,0.42138,-0.03858,-0.05938,-0.0612,0.66609,0.26456,0.79008,20.55143,1,0.35,0.01379,1.14906,0.00486,1,1,0.00496,-0.06421,0.65451,0.51741,0.80995,19.76137,1,0.33038,-0.01834,1.14906,0.00432,1,1,participant_10,question_13,Timer-Correct,True,Other
0.0,0,6,1,0.27367,0.01506,0,0.63333,0.18241,0.10059,2666,743.93567,1,0.41215,-0.03523,-0.05938,-0.0612,0.66609,0.26309,0.79019,20.33689,1,0.29208,0.02927,1.14038,0.00481,1,1,0.00496,-0.06421,0.65451,0.51564,0.80976,19.16947,1,0.25526,0.00085,1.14038,0.00427,1,1,participant_10,question_13,Timer-Correct,True,Other
0.0,0,6,1,0.27671,0.03523,0,0.63333,0.18241,0.10718,2666,743.93567,1,0.40418,-0.03108,-0.05806,-0.05923,0.64311,0.26221,0.79034,21.4455,1,0.29553,0.04456,1.12398,0.00462,1,1,0.00402,-0.06267,0.63887,0.51457,0.80973,19.47631,1,0.25789,0.02589,1.11599,0.00421,1,1,participant_10,question_13,Timer-Correct,True,Question
0.0,0,6,1,0.17335,0.04584,0,0.63333,0.18241,0.11371,2666,743.93567,1,0.39136,-0.02681,-0.05806,-0.05923,0.64311,0.25926,0.79081,21.25023,1,0.18373,0.04361,1.10828,0.0047,1,1,0.00402,-0.06267,0.63887,0.5119,0.81016,19.68767,1,0.16297,0.04806,1.10029,0.00421,1,1,participant_10,question_13,Timer-Correct,True,Question
0.0,0,6,1,0.14076,0.06186,0,0.63333,0.18241,0.11371,2666,743.93567,0,0.35123,-0.002,-0.05806,-0.05923,0.64311,0.25834,0.79091,20.98733,1,0.14826,0.03227,1.09257,0.00476,1,1,0.00402,-0.06267,0.63887,0.5111,0.81037,19.65489,1,0.13326,0.09144,1.08458,0.00414,1,1,participant_10,question_13,Timer-Correct,True,Question
0.0,0,6,1,0.14208,0.06573,0,0.63333,0.18241,0.11371,2666,743.93567,0,0.24666,0.03186,-0.05883,-0.05962,0.64787,0.25801,0.79098,21.37812,1,0.15091,0.04001,1.08458,0.00467,1,1,0.0038,-0.0645,0.65752,0.51053,0.81038,19.78279,1,0.13326,0.09144,1.08458,0.00422,1,1,participant_10,question_13,Timer-Correct,True,Question
0.0,0,6,1,0.11558,0.06993,0,0.63333,0.18241,0.11371,2666,743.93567,0,0.20297,0.04455,-0.05883,-0.05962,0.64787,0.25782,0.79079,20.95956,1,0.13511,0.05925,1.0923,0.00478,1,1,0.0038,-0.0645,0.65752,0.51061,0.81036,19.72145,1,0.09606,0.08062,1.10029,0.00426,1,1,participant_10,question_13,Timer-Correct,True,Question
0.0,0,6,1,0.12808,0.0328,0,0.63333,0.18241,0.11371,2666,743.93567,0,0.12858,0.05615,-0.05883,-0.05962,0.64787,0.25803,0.79091,21.61629,1,0.14652,0.02509,1.108,0.00474,1,1,0.0038,-0.0645,0.65752,0.51075,0.81053,20.25106,1,0.10963,0.0405,1.11599,0.00414,1,1,participant_10,question_13,Timer-Correct,True,Question
0.0,0,6,1,0.12282,0.01238,0,0.63333,0.18241,0.11371,2666,743.93567,0,0.1257,0.03427,-0.05957,-0.06043,0.6561,0.25808,0.79096,21.82191,1,0.14138,0.00998,1.12371,0.00473,1,1,0.00395,-0.06634,0.67569,0.51076,0.81039,19.45416,1,0.10426,0.01479,1.14068,0.00416,1,1,participant_10,question_13,Timer-Correct,True,Other
0.0,0,6,1,0.12923,0.00406,0,0.63333,0.18241,0.11371,2666,743.93567,0,0.12688,0.0242,-0.05957,-0.06043,0.6561,0.25827,0.79081,21.76689,1,0.14522,-0.03235,1.14068,0.00463,1,1,0.00395,-0.06634,0.67569,0.5114,0.8105,20.03454,1,0.11323,0.04046,1.14967,0.00422,1,1,participant_10,question_13,Timer-Correct,True,Other
0.0,0,6,1,0.13002,-0.00564,0,0.63333,0.18241,0.02002,2667,744.07648,1,0.12766,0.01674,-0.05957,-0.06043,0.6561,0.25829,0.79081,21.76258,1,0.1463,-0.03458,1.14967,0.00464,1,1,0.00395,-0.06634,0.67569,0.51129,0.81045,20.03486,1,0.11374,0.0233,1.15866,0.00406,1,1,participant_10,question_13,Timer-Correct,True,Other
0.0,0,6,1,0.12769,-0.01461,0,0.63333,0.18241,0.02637,2667,744.07648,1,0.12767,0.01047,-0.05957,-0.06033,0.6561,0.25832,0.79078,21.77778,1,0.14349,-0.04338,1.15866,0.00463,1,1,0.00395,-0.06634,0.67569,0.51105,0.81023,19.38751,1,0.11189,0.01416,1.16765,0.00412,1,1,participant_10,question_13,Timer-Correct,True,Other
0.0,0,6,1,0.13121,-0.03032,0,0.63333,0.18241,0.0329,2667,744.07648,1,0.12826,0.00367,-0.05957,-0.06033,0.6561,0.25835,0.79074,21.78955,1,0.14592,-0.06265,1.16765,0.00464,1,1,0.00395,-0.06634,0.67569,0.51115,0.81065,20.48209,1,0.11651,0.00202,1.16765,0.00408,1,1,participant_10,question_13,Timer-Correct,True,Other
0.0,0,6,1,0.13185,-0.03862,0,0.63333,0.18241,0.04077,2667,744.07648,1,0.12877,-0.00237,-0.05957,-0.06033,0.6561,0.25834,0.79075,21.81962,1,0.14583,-0.0764,1.16765,0.00464,1,1,0.00395,-0.06634,0.67569,0.51114,0.81022,19.43554,1,0.11788,-0.00085,1.16765,0.0041,1,1,participant_10,question_13,Timer-Correct,True,Other
0.0,0,6,1,0.13185,-0.03862,0,0.63333,0.18241,0.04785,2667,744.07648,1,0.12916,-0.0069,-0.05957,-0.06033,0.6561,0.25831,0.79042,21.27234,1,0.14583,-0.0764,1.16765,0.00462,1,1,0.004,-0.06708,0.6838,0.51119,0.81021,19.37817,1,0.11788,-0.00085,1.16765,0.00414,1,1,participant_10,question_13,Timer-Correct,True,Other
0.0,0,6,1,0.13464,-0.01676,0,0.63333,0.18241,0.05273,2667,744.07648,1,0.12977,-0.008,-0.05957,-0.06033,0.6561,0.25845,0.79028,21.37624,1,0.14585,-0.02531,1.16765,0.00468,1,1,0.004,-0.06708,0.6838,0.51108,0.81031,19.53135,1,0.12343,-0.00821,1.16765,0.00418,1,1,participant_10,question_13,Timer-Correct,True,Other
0.0,0,6,1,0.11708,0.0124,0,0.63333,0.18241,0.05963,2667,744.07648,1,0.1285,-0.00596,-0.05957,-0.06033,0.6561,0.25831,0.7902,21.46578,1,0.14444,0.02879,1.16765,0.00462,1,1,0.004,-0.06708,0.6838,0.51114,0.81034,19.90024,1,0.08971,-0.00398,1.16765,0.0041,1,1,participant_10,question_13,Timer-Correct,True,Other
0.0,0,6,1,0.11708,0.0124,0,0.63333,0.18241,0.0661,2667,744.07648,1,0.12746,-0.00429,-0.05814,-0.05883,0.64029,0.25839,0.79011,21.4257,1,0.14444,0.02879,1.16765,0.00462,1,1,0.004,-0.06708,0.6838,0.51116,0.81029,20.13854,1,0.08971,-0.00398,1.16765,0.00411,1,1,participant_10,question_13,Timer-Correct,True,Other
0.0,0,6,1,0.11991,-0.02578,0,0.63333,0.18241,0.07281,2667,744.07648,1,0.12683,-0.00608,-0.05814,-0.05883,0.64029,0.25843,0.79003,21.69492,1,0.12098,0.00071,1.16765,0.00462,1,1,0.004,-0.06708,0.6838,0.51102,0.81013,20.3626,1,0.11884,-0.05226,1.16765,0.0041,1,1,participant_10,question_13,Timer-Correct,True,Other
0.0,0,6,1,0.11927,-0.04547,0,0.63333,0.18241,0.07953,2667,744.07648,1,0.12625,-0.00911,-0.05814,-0.05883,0.64029,0.25848,0.78988,21.52966,1,0.11595,-0.02866,1.16765,0.00458,1,1,0.004,-0.06708,0.6838,0.51101,0.81015,20.41459,1,0.12258,-0.06227,1.16765,0.00409,1,1,participant_10,question_13,Timer-Correct,True,Other
0.0,0,6,1,0.11927,-0.04547,0,0.63333,0.18241,0.08624,2667,744.07648,1,0.12575,-0.01171,-0.06017,-0.06078,0.66265,0.25844,0.78985,21.79485,1,0.11595,-0.02866,1.16765,0.00459,1,1,0.00395,-0.06614,0.6752,0.51105,0.81001,20.51864,1,0.12258,-0.06227,1.16765,0.00409,1,1,participant_10,question_13,Timer-Correct,True,Other
0.0,0,6,1,0.13728,0.02286,0,0.63333,0.18241,0.09314,2667,744.07648,1,0.12652,-0.0094,-0.06017,-0.06078,0.66265,0.25832,0.78971,21.44255,1,0.1366,0.01987,1.16765,0.00464,1,1,0.00395,-0.06614,0.6752,0.51116,0.8097,20.44665,1,0.13796,0.02586,1.16765,0.004,1,1,participant_10,question_13,Timer-Correct,True,Other
0.0,0,6,1,0.13171,-0.00169,0,0.63333,0.18241,0.09961,2667,744.07648,1,0.12684,-0.00892,-0.06017,-0.06078,0.66265,0.25817,0.78957,21.01369,1,0.12949,0.00656,1.16765,0.00467,1,1,0.00395,-0.06614,0.6752,0.51101,0.80953,20.00029,1,0.13392,-0.00993,1.16765,0.00401,1,1,participant_10,question_13,Timer-Correct,True,Other
0.0,0,6,1,0.13454,0.01054,0,0.63333,0.18241,0.10632,2667,744.07648,1,0.1273,-0.00777,-0.05808,-0.05858,0.63915,0.25813,0.78947,20.97349,1,0.13199,0.01372,1.15993,0.00468,1,1,0.00381,-0.06448,0.65929,0.51096,0.8095,20.06382,1,0.13709,0.00736,1.15094,0.00405,1,1,participant_10,question_13,Timer-Correct,True,Other
0.0,0,6,1,0.13324,0.05372,0,0.63333,0.18241,0.11304,2667,744.07648,1,0.12763,-0.00436,-0.05808,-0.05858,0.63915,0.25808,0.78942,21.23467,1,0.13074,0.08344,1.14323,0.00463,1,1,0.00381,-0.06448,0.65929,0.51083,0.80942,20.35896,1,0.13574,0.024,1.13424,0.00408,1,1,participant_10,question_13,Timer-Correct,True,Question
0.0,0,6,1,0.12815,0.04932,0,0.63333,0.18241,0.12012,2667,744.07648,1,0.12765,-0.00153,-0.05808,-0.05858,0.63915,0.25812,0.7894,21.41881,1,0.12412,0.08582,1.12652,0.0046,1,1,0.00381,-0.06448,0.65929,0.51074,0.80949,20.33208,1,0.13219,0.01282,1.11754,0.00411,1,1,participant_10,question_13,Timer-Correct,True,Question
0.0,0,6,1,0.1306,0.0581,0,0.63333,0.18241,0.12701,2667,744.07648,1,0.1278,0.00145,-0.06059,-0.06106,0.66623,0.2581,0.7891,21.22585,1,0.12721,0.09385,1.11754,0.00469,1,1,0.00381,-0.06441,0.65907,0.51073,0.80915,19.82068,1,0.13399,0.02236,1.10855,0.00404,1,1,participant_10,question_13,Timer-Correct,True,Question
0.0,0,6,1,0.14329,0.05339,0,0.63333,0.18241,0.13391,2667,744.07648,1,0.12854,0.00392,-0.06059,-0.06106,0.66623,0.25824,0.78918,21.50451,1,0.15758,0.08475,1.11627,0.0047,1,1,0.00381,-0.06441,0.65907,0.51062,0.80904,19.73035,1,0.12901,0.02204,1.11627,0.00409,1,1,participant_10,question_13,Timer-Correct,True,Question
0.0,0,6,1,0.13325,0.04044,0,0.63333,0.18241,0.14032,2667,744.07648,1,0.12875,0.00558,-0.06059,-0.06106,0.66623,0.25795,0.78934,21.38972,1,0.15209,0.07138,1.12398,0.00468,1,1,0.00381,-0.06441,0.65907,0.51058,0.80919,19.88266,1,0.11441,0.00951,1.12398,0.0041,1,1,participant_10,question_13,Timer-Correct,True,Question
0.0,0,6,1,0.13025,0.02807,0,0.63333,0.18241,0.14685,2667,744.07648,1,0.12882,0.00656,-0.05898,-0.05934,0.64849,0.25788,0.78935,21.4061,1,0.14961,0.06437,1.1317,0.00469,1,1,0.00383,-0.06565,0.67174,0.51051,0.80913,20.21747,1,0.11089,-0.00824,1.14068,0.00414,1,1,participant_10,question_13,Timer-Correct,True,Question
0.0,0,6,1,0.13763,-0.00321,0,0.63333,0.18241,0.15424,2667,744.07648,1,0.12918,0.00615,-0.05898,-0.05934,0.64849,0.25769,0.78929,21.78162,1,0.16678,0.0359,1.14068,0.00465,1,1,0.00383,-0.06565,0.67174,0.5105,0.80918,20.25159,1,0.10848,-0.04232,1.14967,0.00417,1,1,participant_10,question_13,Timer-Correct,True,Other
0.0,0,6,1,0.12866,0.00178,0,0.63333,0.18241,0.16119,2667,744.07648,1,0.12916,0.00598,-0.05898,-0.05934,0.64849,0.25773,0.78937,21.74243,1,0.15728,0.03379,1.14967,0.00467,1,1,0.00383,-0.06565,0.67174,0.51036,0.80925,20.27144,1,0.10005,-0.03022,1.15866,0.00412,1,1,participant_10,question_13,Timer-Correct,True,Other
0.0,0,6,1,0.12632,-0.00716,0,0.63333,0.18241,0.16748,2667,744.07648,1,0.12905,0.00547,-0.06041,-0.06073,0.66315,0.25771,0.78923,21.62051,1,0.15451,0.02552,1.15866,0.00468,1,1,0.00382,-0.06721,0.68773,0.51027,0.80921,20.41363,1,0.09814,-0.03984,1.16765,0.00416,1,1,participant_10,question_13,Timer-Correct,True,Other
0.0,0,6,1,0.14645,-0.01017,0,0.63333,0.18241,0.17456,2667,744.07648,1,0.1297,0.00489,-0.06041,-0.06073,0.66315,0.25763,0.78927,21.72219,1,0.14308,0.02618,1.16765,0.0047,1,1,0.00382,-0.06721,0.68773,0.51021,0.80912,20.26183,1,0.14982,-0.04652,1.16765,0.00411,1,1,participant_10,question_13,Timer-Correct,True,Other
0.0,0,6,1,0.13371,0.0145,0,0.63333,0.18241,0.18115,2667,744.07648,1,0.12984,0.00524,-0.06041,-0.06073,0.66315,0.25751,0.78935,21.70279,1,0.13494,0.05381,1.16765,0.00465,1,1,0.00382,-0.06721,0.68773,0.5102,0.80903,20.01442,1,0.13247,-0.0248,1.16765,0.00411,1,1,participant_10,question_13,Timer-Correct,True,Other
0.0,0,6,1,0.13568,0.02198,0,0.63333,0.18241,0.18774,2667,744.07648,1,0.13004,0.00581,-0.05832,-0.05863,0.63969,0.25748,0.78936,21.57245,1,0.13742,0.06066,1.15993,0.00466,1,1,0.00382,-0.06721,0.68773,0.51018,0.80909,20.06872,1,0.13393,-0.0167,1.15993,0.00411,1,1,participant_10,question_13,Timer-Correct,True,Other
0.0,0,6,1,0.13423,0.03317,0,0.63333,0.18241,0.19415,2667,744.07648,1,0.13018,0.00673,-0.05832,-0.05863,0.63969,0.25736,0.78922,21.04664,1,0.13145,0.06268,1.15221,0.0047,1,1,0.00382,-0.06721,0.68773,0.51011,0.80912,19.80229,1,0.13702,0.00365,1.15221,0.00415,1,1,participant_10,question_13,Timer-Correct,True,Question
0.0,0,6,1,0.13535,0.02929,0,0.63333,0.18241,0.20093,2667,744.07648,1,0.13035,0.00745,-0.05832,-0.05863,0.63969,0.25731,0.78921,20.85904,1,0.13288,0.06871,1.1445,0.00474,1,1,0.00382,-0.06721,0.68773,0.51001,0.80903,19.71063,1,0.13783,-0.01014,1.1445,0.00414,1,1,participant_10,question_13,Timer-Correct,True,Question
0.0,0,6,1,0.13822,0.04155,0,0.63333,0.18241,0.20764,2667,744.07648,1,0.1306,0.00852,-0.05796,-0.05831,0.63573,0.25732,0.78935,21.34581,1,0.13543,0.07561,1.13678,0.00473,1,1,0.00363,-0.06473,0.66237,0.51002,0.80899,19.46476,1,0.14101,0.00749,1.12779,0.00413,1,1,participant_10,question_13,Timer-Correct,True,Question
0.0,0,6,1,0.13098,0.04946,0,0.63333,0.18241,0.2146,2667,744.07648,1,0.13061,0.00976,-0.05796,-0.05831,0.63573,0.25722,0.78938,21.46805,1,0.12876,0.08207,1.12779,0.00468,1,1,0.00363,-0.06473,0.66237,0.50995,0.80885,19.84718,1,0.13319,0.01685,1.11881,0.00413,1,1,participant_10,question_13,Timer-Correct,True,Question
0.0,0,6,1,0.13703,0.02126,0,0.63333,0.18241,0.22107,2667,744.07648,1,0.1308,0.0101,-0.05796,-0.05831,0.63573,0.25726,0.78933,21.50445,1,0.13815,0.02797,1.11881,0.00467,1,1,0.00363,-0.06473,0.66237,0.50987,0.80897,19.95409,1,0.13591,0.01454,1.10982,0.00414,1,1,participant_10,question_13,Timer-Correct,True,Other
0.0,0,6,1,0.13942,0.03031,0,0.63333,0.18241,0.22766,2667,744.07648,1,0.13104,0.01068,-0.05796,-0.05822,0.63573,0.2573,0.78924,21.48548,1,0.14113,0.03651,1.10982,0.00463,1,1,0.00363,-0.06473,0.66237,0.50989,0.80888,20.0426,1,0.1377,0.02412,1.10083,0.0041,1,1,participant_10,question_13,Timer-Correct,True,Question
0.0,0,6,1,0.13582,0.05695,0,0.63333,0.18241,0.23462,2667,744.07648,1,0.13118,0.01196,-0.05796,-0.05822,0.63573,0.25715,0.78936,21.42245,1,0.13687,0.09755,1.10083,0.00473,1,1,0.00363,-0.06473,0.66237,0.50988,0.80888,20.04668,1,0.13477,0.01635,1.10083,0.00414,1,1,participant_10,question_13,Timer-Correct,True,Question
0.0,0,6,1,0.13278,0.07889,0,0.63333,0.18241,0.24109,2667,744.07648,1,0.13122,0.01377,-0.05796,-0.05822,0.63573,0.2572,0.78929,21.42381,1,0.13594,0.09416,1.10083,0.00473,1,1,0.00363,-0.06473,0.66237,0.50984,0.80895,20.18375,1,0.12963,0.06361,1.10083,0.00412,1,1,participant_10,question_13,Timer-Correct,True,Question
0.0,0,6,1,0.13185,0.07426,0,0.63333,0.18241,0.24744,2667,744.07648,1,0.13124,0.01536,-0.05742,-0.05763,0.62983,0.25716,0.78918,21.50763,1,0.13594,0.09416,1.10083,0.00472,1,1,0.00367,-0.06645,0.68046,0.50988,0.80891,20.20257,1,0.12776,0.05437,1.10982,0.00414,1,1,participant_10,question_13,Timer-Correct,True,Question
0.0,0,6,1,0.13052,0.04911,0,0.63333,0.18241,0.24744,2667,744.07648,0,0.13463,0.04173,-0.05742,-0.05763,0.62983,0.25738,0.78908,21.8304,1,0.13549,0.06792,1.10982,0.00465,1,1,0.00367,-0.06645,0.68046,0.50988,0.80889,20.25067,1,0.12555,0.0303,1.11881,0.00414,1,1,participant_10,question_13,Timer-Correct,True,Question
0.0,0,6,1,0.1281,0.02885,0,0.63333,0.18241,0.24744,2667,744.07648,0,0.13136,0.03529,-0.05742,-0.05763,0.62983,0.25739,0.78913,21.98855,1,0.13305,0.04912,1.11881,0.00466,1,1,0.00367,-0.06645,0.68046,0.50991,0.80887,20.29006,1,0.12315,0.00859,1.12779,0.00412,1,1,participant_10,question_13,Timer-Correct,True,Question
0.0,0,6,1,0.12659,0.02467,0,0.63333,0.18241,0.24744,2667,744.07648,0,0.12977,0.03175,-0.05742,-0.05763,0.62983,0.25739,0.7888,21.52392,1,0.13003,0.04075,1.12779,0.00466,1,1,0.00358,-0.0639,0.6544,0.50992,0.80881,20.16908,1,0.12315,0.00859,1.12779,0.00411,1,1,participant_10,question_13,Timer-Correct,True,Other
0.0,0,6,1,0.15548,0.0298,0,0.63333,0.18241,0.02063,2668,744.33069,1,0.1362,0.03126,-0.05742,-0.05763,0.62983,0.25773,0.78892,21.62341,1,0.17068,0.04861,1.12779,0.00478,1,1,0.00358,-0.0639,0.6544,0.51021,0.80872,19.99701,1,0.14028,0.011,1.11881,0.00424,1,1,participant_10,question_13,Timer-Correct,True,Question
0.0,0,6,1,0.16745,0.03201,0,0.63333,0.18241,0.02722,2668,744.33069,1,0.14245,0.03141,-0.05742,-0.05763,0.62983,0.25792,0.78868,21.81603,1,0.16399,0.04599,1.11881,0.00472,1,1,0.00358,-0.0639,0.6544,0.51058,0.80882,20.75207,1,0.17092,0.01802,1.10982,0.00412,1,1,participant_10,question_13,Timer-Correct,True,Question
0.0,0,6,1,0.16698,0.02853,0,0.63333,0.18241,0.03412,2668,744.33069,1,0.14654,0.03093,-0.06059,-0.06091,0.66623,0.25804,0.78876,21.71917,1,0.16438,0.04718,1.11754,0.00476,1,1,0.00381,-0.06706,0.6873,0.51069,0.8087,20.73946,1,0.16958,0.00987,1.11754,0.00412,1,1,participant_10,question_13,Timer-Correct,True,Question
0.0,0,6,1,0.17604,0.04236,0,0.63333,0.18241,0.04083,2668,744.33069,1,0.15075,0.03256,-0.06059,-0.06091,0.66623,0.2581,0.78853,20.74737,1,0.18446,0.05229,1.12525,0.00481,1,1,0.00381,-0.06706,0.6873,0.5107,0.80845,19.95464,1,0.16761,0.03242,1.13424,0.00414,1,1,participant_10,question_13,Timer-Correct,True,Question
0.0,0,6,1,0.15594,0.01589,0,0.63333,0.18241,0.04724,2668,744.33069,1,0.1514,0.03048,-0.06059,-0.06091,0.66623,0.25821,0.78836,21.10588,1,0.17747,0.02015,1.14196,0.0048,1,1,0.00381,-0.06706,0.6873,0.51077,0.80838,19.9929,1,0.13442,0.01163,1.15094,0.00415,1,1,participant_10,question_13,Timer-Correct,True,Other
0.0,0,6,1,0.15539,0.01579,0,0.63333,0.18241,0.05396,2668,744.33069,1,0.15184,0.02885,-0.05808,-0.05839,0.63915,0.25824,0.78831,20.97292,1,0.17482,0.01172,1.15094,0.00478,1,1,0.00366,-0.06263,0.64233,0.51085,0.80824,19.98304,1,0.13596,0.01986,1.14295,0.00409,1,1,participant_10,question_13,Timer-Correct,True,Other
0.0,0,6,1,0.17373,0.04471,0,0.63333,0.18241,0.06061,2668,744.33069,1,0.15403,0.03043,-0.05808,-0.05839,0.63915,0.25853,0.78816,21.47688,1,0.19567,0.06486,1.13524,0.00479,1,1,0.00366,-0.06263,0.64233,0.51101,0.80824,20.18591,1,0.15179,0.02456,1.11826,0.00412,1,1,participant_10,question_13,Timer-Correct,True,Question
0.0,0,6,1,0.17217,0.03614,0,0.63333,0.18241,0.06744,2668,744.33069,1,0.15568,0.03095,-0.05808,-0.05839,0.63915,0.25853,0.78819,21.65964,1,0.17552,0.04581,1.11055,0.00475,1,1,0.00366,-0.06263,0.64233,0.51102,0.80817,20.28702,1,0.16881,0.02647,1.09357,0.00411,1,1,participant_10,question_13,Timer-Correct,True,Question
0.0,0,6,1,0.17418,0.04445,0,0.63333,0.18241,0.07404,2668,744.33069,1,0.15722,0.03208,-0.06116,-0.06148,0.67408,0.25859,0.78795,21.61106,1,0.17806,0.05362,1.10225,0.00474,1,1,0.00366,-0.06263,0.64233,0.51104,0.8081,20.17301,1,0.17029,0.03529,1.08528,0.00411,1,1,participant_10,question_13,Timer-Correct,True,Question
0.0,0,6,1,0.16627,0.05824,0,0.63333,0.18241,0.08063,2668,744.33069,1,0.15792,0.03409,-0.06116,-0.06148,0.67408,0.25863,0.78748,21.32327,1,0.1861,0.06306,1.10167,0.00477,1,1,0.00366,-0.06263,0.64233,0.51135,0.80766,20.01034,1,0.14645,0.05343,1.10167,0.00419,1,1,participant_10,question_13,Timer-Correct,True,Question
0.0,0,6,1,0.18263,0.06641,0,0.63333,0.18241,0.0874,2668,744.33069,1,0.15968,0.0364,-0.06116,-0.06148,0.67408,0.25872,0.78739,21.74946,1,0.19182,0.05927,1.11807,0.00474,1,1,0.00366,-0.06263,0.64233,0.51121,0.80752,19.8001,1,0.17344,0.07356,1.11807,0.00413,1,1,participant_10,question_13,Timer-Correct,True,Question
0.0,0,6,1,0.17738,0.04222,0,0.63333,0.18241,0.09387,2668,744.33069,1,0.16086,0.03679,-0.06116,-0.06127,0.67408,0.25888,0.78714,21.61576,1,0.18704,0.04412,1.13447,0.00483,1,1,0.00398,-0.06619,0.68096,0.51115,0.80742,19.72342,1,0.16771,0.04031,1.15144,0.0041,1,1,participant_10,question_13,Timer-Correct,True,Question
0.0,0,6,1,0.16515,-0.00851,0,0.63333,0.18241,0.10052,2668,744.33069,1,0.16113,0.03396,-0.06116,-0.06127,0.67408,0.25869,0.78642,21.02838,1,0.19363,-0.00471,1.15144,0.00477,1,1,0.00398,-0.06619,0.68096,0.51141,0.80702,20.26288,1,0.13667,-0.01232,1.16842,0.00406,1,1,participant_10,question_13,Timer-Correct,True,Other
0.0,0,6,1,0.15368,-0.01999,0,0.63333,0.18241,0.1073,2668,744.33069,1,0.16069,0.03078,-0.06116,-0.06127,0.67408,0.25898,0.78603,21.6381,1,0.15839,0.03933,1.16842,0.00466,1,1,0.00398,-0.06619,0.68096,0.51135,0.80661,19.90559,1,0.14897,-0.07932,1.18539,0.00418,1,1,participant_10,question_13,Timer-Correct,True,Other
0.0,0,6,1,0.15354,-0.02057,0,0.63333,0.18241,0.11407,2668,744.33069,1,0.1603,0.02793,-0.05819,-0.05806,0.6424,0.25897,0.78585,21.70136,1,0.15821,0.03881,1.169,0.00471,1,1,0.00395,-0.06543,0.6752,0.51139,0.80629,19.59484,1,0.14888,-0.07995,1.18597,0.00416,1,1,participant_10,question_13,Timer-Correct,True,Other
0.0,0,6,1,0.16847,-0.04716,0,0.63333,0.18241,0.12091,2668,744.33069,1,0.16073,0.02398,-0.05819,-0.05806,0.6424,0.25908,0.78508,21.95907,1,0.17646,-0.04163,1.16957,0.00471,1,1,0.00395,-0.06543,0.6752,0.51154,0.80597,20.35361,1,0.16048,-0.05269,1.16957,0.00407,1,1,participant_10,question_13,Timer-Correct,True,Other
0.0,0,6,1,0.15554,0.0201,0,0.63333,0.18241,0.1275,2668,744.33069,1,0.16047,0.02378,-0.05819,-0.05806,0.6424,0.25908,0.78464,21.17781,1,0.18041,0.04076,1.15318,0.00476,1,1,0.00395,-0.06543,0.6752,0.5115,0.80567,19.88043,1,0.13068,-0.00057,1.15318,0.00412,1,1,participant_10,question_13,Timer-Correct,True,Other
0.0,0,6,1,0.15853,0.03324,0,0.63333,0.18241,0.1344,2668,744.33069,1,0.16037,0.02423,-0.05993,-0.05965,0.66219,0.25916,0.78475,22.02539,1,0.18294,0.04867,1.1445,0.00475,1,1,0.00384,-0.06259,0.64791,0.51148,0.80509,19.74207,1,0.13412,0.01781,1.13551,0.00412,1,1,participant_10,question_13,Timer-Correct,True,Question
0.0,0,6,1,0.1439,0.03797,0,0.63333,0.18241,0.14081,2668,744.33069,1,0.15963,0.02486,-0.05993,-0.05965,0.66219,0.25916,0.78324,21.28794,1,0.15555,0.03911,1.14323,0.0047,1,1,0.00384,-0.06259,0.64791,0.51155,0.80467,19.7288,1,0.13225,0.03683,1.13424,0.00411,1,1,participant_10,question_13,Timer-Correct,True,Question
0.0,0,6,1,0.18404,0.00762,0,0.63333,0.18241,0.1474,2668,744.33069,1,0.16069,0.02411,-0.05993,-0.05965,0.66219,0.25923,0.78299,21.26959,1,0.19457,0.02247,1.14196,0.00475,1,1,0.00384,-0.06259,0.64791,0.51161,0.8045,20.18288,1,0.17351,-0.00724,1.13297,0.00407,1,1,participant_10,question_13,Timer-Correct,True,Other
0.0,0,6,1,0.18238,0.00023,0,0.63333,0.18241,0.15411,2668,744.33069,1,0.16159,0.02311,-0.06068,-0.05995,0.66997,0.25913,0.78237,20.87452,1,0.19249,0.01553,1.14937,0.00474,1,1,0.00381,-0.06172,0.64241,0.51151,0.80395,20.31862,1,0.17227,-0.01508,1.14038,0.00408,1,1,participant_10,question_13,Timer-Correct,True,Other
0.0,0,6,1,0.17854,-0.00023,0,0.63333,0.18241,0.16107,2668,744.33069,1,0.16227,0.02218,-0.06068,-0.05995,0.66997,0.25907,0.78172,21.00339,1,0.19042,0.01191,1.14906,0.00474,1,1,0.00381,-0.06172,0.64241,0.51146,0.80349,20.2358,1,0.16667,-0.01237,1.14906,0.00406,1,1,participant_10,question_13,Timer-Correct,True,Other
0.0,0,6,1,0.16575,-0.01218,0,0.63333,0.18241,0.16779,2668,744.33069,1,0.1624,0.02086,-0.06068,-0.05995,0.66997,0.25916,0.78143,21.51488,1,0.17546,-0.00354,1.15774,0.0047,1,1,0.00381,-0.06172,0.64241,0.51143,0.80332,20.44722,1,0.15605,-0.02081,1.15774,0.00409,1,1,participant_10,question_13,Timer-Correct,True,Other
0.0,0,6,1,0.16497,-0.0169,0,0.63333,0.18241,0.17651,2668,744.33069,1,0.1625,0.01946,-0.05814,-0.05691,0.64029,0.25902,0.7809,21.40423,1,0.17546,-0.00354,1.15774,0.00473,1,1,0.004,-0.06539,0.68381,0.51134,0.80273,20.39229,1,0.15448,-0.03026,1.16673,0.00412,1,1,participant_10,question_13,Timer-Correct,True,Other
0.0,0,6,1,0.1634,-0.00939,0,0.63333,0.18241,0.18121,2668,744.33069,1,0.16253,0.01843,-0.05814,-0.05691,0.64029,0.25894,0.78017,21.73245,1,0.16857,0.00955,1.15805,0.00472,1,1,0.004,-0.06539,0.68381,0.51137,0.80193,19.80729,1,0.15824,-0.02834,1.16703,0.00418,1,1,participant_10,question_13,Timer-Correct,True,Other
0.0,0,6,1,0.15172,-0.01487,0,0.63333,0.18241,0.18756,2668,744.33069,1,0.16216,0.01728,-0.05814,-0.05691,0.64029,0.25875,0.77987,20.72471,1,0.15012,0.00466,1.15835,0.00473,1,1,0.004,-0.06539,0.68381,0.51119,0.80165,19.70329,1,0.15332,-0.03441,1.16734,0.00413,1,1,participant_10,question_13,Timer-Correct,True,Other
0.0,0,6,1,0.15165,-0.01518,0,0.63333,0.18241,0.19458,2668,744.33069,1,0.16181,0.0162,-0.05814,-0.05662,0.64029,0.25869,0.77954,21.10285,1,0.15003,0.00438,1.15866,0.00474,1,1,0.00389,-0.06502,0.68265,0.51093,0.80114,19.85481,1,0.15326,-0.03473,1.16765,0.00413,1,1,participant_10,question_13,Timer-Correct,True,Other
0.0,0,6,1,0.14077,-0.02033,0,0.63333,0.18241,0.20129,2668,744.33069,1,0.16113,0.01502,-0.05814,-0.05662,0.64029,0.25859,0.77888,21.51097,1,0.15374,-0.00336,1.16765,0.00472,1,1,0.00389,-0.06502,0.68265,0.51077,0.80064,19.88602,1,0.12779,-0.0373,1.16765,0.00408,1,1,participant_10,question_13,Timer-Correct,True,Other
0.0,0,6,1,0.15337,-0.02714,0,0.63333,0.18241,0.20801,2668,744.33069,1,0.16089,0.0137,-0.05814,-0.05662,0.64029,0.25844,0.7786,21.70131,1,0.15525,-0.01729,1.16765,0.00471,1,1,0.00389,-0.06502,0.68265,0.51077,0.80028,19.83839,1,0.15149,-0.03699,1.16765,0.00409,1,1,participant_10,question_13,Timer-Correct,True,Other
0.0,0,6,1,0.15337,-0.02714,0,0.63333,0.18241,0.2146,2668,744.33069,1,0.16066,0.01247,-0.05957,-0.05777,0.6561,0.2585,0.778,21.69412,1,0.15525,-0.01729,1.16765,0.00466,1,1,0.00382,-0.0652,0.68773,0.51071,0.79985,20.29985,1,0.15149,-0.03699,1.16765,0.0041,1,1,participant_10,question_13,Timer-Correct,True,Other
0.0,0,6,1,0.18014,-0.03279,0,0.63333,0.18241,0.2146,2668,744.33069,0,0.16418,-0.01403,-0.05957,-0.05777,0.6561,0.25886,0.77735,21.4883,1,0.19578,-0.03373,1.16765,0.00467,1,1,0.00382,-0.0652,0.68773,0.51101,0.79924,20.10863,1,0.1645,-0.03185,1.16765,0.00411,1,1,participant_10,question_13,Timer-Correct,True,Other
0.0,0,6,1,0.18899,-0.02673,0,0.63333,0.18241,0.2146,2668,744.33069,0,0.17658,-0.02038,-0.05957,-0.05777,0.6561,0.25909,0.7767,20.9624,1,0.2068,-0.0351,1.16765,0.0047,1,1,0.00382,-0.0652,0.68773,0.51123,0.79866,19.63283,1,0.17118,-0.01836,1.16765,0.00413,1,1,participant_10,question_13,Timer-Correct,True,Other
0.0,0,6,1,0.18899,-0.02673,0,0.63333,0.18241,0.2146,2668,744.33069,0,0.18072,-0.02249,-0.05814,-0.05604,0.64029,0.25907,0.7763,21.38708,1,0.2068,-0.0351,1.16765,0.00469,1,1,0.00379,-0.06448,0.68344,0.51123,0.79779,19.4852,1,0.17118,-0.01836,1.16765,0.00409,1,1,participant_10,question_13,Timer-Correct,True,Other
0.0,0,6,1,0.19906,-0.03261,0,0.63333,0.18241,0.02002,2669,744.55225,1,0.1853,-0.02502,-0.05814,-0.05604,0.64029,0.25916,0.77545,21.2321,1,0.20513,-0.01283,1.16765,0.00472,1,1,0.00379,-0.06448,0.68344,0.51107,0.79747,19.81679,1,0.19299,-0.0524,1.16765,0.00419,1,1,participant_10,question_13,Timer-Correct,True,Other
0.0,0,6,1,0.18807,0.00163,0,0.63333,0.18241,0.02618,2669,744.55225,1,0.18586,-0.01969,-0.05814,-0.05604,0.64029,0.25903,0.77502,21.32889,1,0.19072,-0.0088,1.16765,0.00467,1,1,0.00379,-0.06448,0.68344,0.51124,0.79712,19.93416,1,0.18543,0.01205,1.16765,0.00408,1,1,participant_10,question_13,Timer-Correct,True,Other
0.0,0,6,1,0.1862,-0.00683,0,0.63333,0.18241,0.03339,2669,744.55225,1,0.18591,-0.01755,-0.06125,-0.05864,0.67399,0.25893,0.77426,20.45001,1,0.18832,-0.01698,1.17633,0.00475,1,1,0.00382,-0.06453,0.68774,0.51102,0.79661,20.723,1,0.18409,0.00331,1.17633,0.00405,1,1,participant_10,question_13,Timer-Correct,True,Other
0.0,0,6,1,0.20961,-0.02061,0,0.63333,0.18241,0.04004,2669,744.55225,1,0.1893,-0.01799,-0.06125,-0.05864,0.67399,0.25885,0.77341,21.0365,1,0.21816,-0.02907,1.18501,0.00464,1,1,0.00382,-0.06453,0.68774,0.51096,0.79571,19.29904,1,0.20106,-0.01215,1.18501,0.00417,1,1,participant_10,question_13,Timer-Correct,True,Other
0.0,0,6,1,0.19618,-0.05207,0,0.63333,0.18241,0.04688,2669,744.55225,1,0.19016,-0.02225,-0.06125,-0.05864,0.67399,0.2588,0.77314,21.05835,1,0.20071,-0.04382,1.19369,0.00473,1,1,0.00382,-0.06453,0.68774,0.51087,0.79537,19.61806,1,0.19165,-0.06032,1.19369,0.0041,1,1,participant_10,question_13,Timer-Correct,True,Other
0.0,0,6,1,0.19563,-0.05185,0,0.63333,0.18241,0.05328,2669,744.55225,1,0.19077,-0.02554,-0.06115,-0.058,0.67183,0.25866,0.77219,20.47913,1,0.19843,-0.05207,1.20237,0.0047,1,1,0.00346,-0.05981,0.6411,0.51071,0.79475,19.94847,1,0.19284,-0.05162,1.18539,0.00406,1,1,participant_10,question_13,Timer-Correct,True,Other
0.0,0,6,1,0.20557,-0.02572,0,0.63333,0.18241,0.05994,2669,744.55225,1,0.19225,-0.02555,-0.06115,-0.058,0.67183,0.25868,0.7714,21.37362,1,0.19009,-0.05919,1.18539,0.00462,1,1,0.00346,-0.05981,0.6411,0.51067,0.79406,20.17095,1,0.22104,0.00775,1.16842,0.0041,1,1,participant_10,question_13,Timer-Correct,True,Other
0.0,0,6,1,0.22252,0.00288,0,0.63333,0.18241,0.06641,2669,744.55225,1,0.195,-0.02297,-0.06115,-0.058,0.67183,0.25868,0.77087,21.34713,1,0.22477,0.01343,1.16842,0.00473,1,1,0.00346,-0.05981,0.6411,0.51063,0.79346,20.14271,1,0.22027,-0.00768,1.15144,0.00408,1,1,participant_10,question_13,Timer-Correct,True,Other
0.0,0,6,1,0.22337,0.00573,0,0.63333,0.18241,0.07324,2669,744.55225,1,0.19736,-0.02058,-0.06139,-0.05777,0.67387,0.2585,0.77026,21.27422,1,0.22658,0.02002,1.16128,0.0047,1,1,0.00354,-0.06158,0.66428,0.51053,0.79294,20.37062,1,0.22016,-0.00856,1.15229,0.00407,1,1,participant_10,question_13,Timer-Correct,True,Other
0.0,0,6,1,0.18702,0.01147,0,0.63333,0.18241,0.08057,2669,744.55225,1,0.19657,-0.01811,-0.06139,-0.05777,0.67387,0.25851,0.7691,21.61776,1,0.21449,0.04974,1.16213,0.00468,1,1,0.00354,-0.06158,0.66428,0.51041,0.79179,19.58013,1,0.15955,-0.0268,1.17012,0.00412,1,1,participant_10,question_13,Timer-Correct,True,Other
0.0,0,6,1,0.19027,-0.00086,0,0.63333,0.18241,0.08698,2669,744.55225,1,0.19612,-0.01688,-0.06139,-0.05777,0.67387,0.25842,0.76846,21.48804,1,0.19743,0.03187,1.17996,0.00474,1,1,0.00354,-0.06158,0.66428,0.51046,0.79133,20.26144,1,0.18311,-0.0336,1.18795,0.00407,1,1,participant_10,question_13,Timer-Correct,True,Other
0.0,0,6,1,0.18974,-0.00483,0,0.63333,0.18241,0.09344,2669,744.55225,1,0.19569,-0.01608,-0.06067,-0.05634,0.66484,0.25837,0.76752,21.12366,1,0.19762,0.03249,1.17927,0.00469,1,1,0.00359,-0.06285,0.6835,0.5102,0.79065,20.50873,1,0.18186,-0.04215,1.19624,0.00407,1,1,participant_10,question_13,Timer-Correct,True,Other
0.0,0,6,1,0.17734,-0.00071,0,0.63333,0.18241,0.10046,2669,744.55225,1,0.19455,-0.01512,-0.06067,-0.05634,0.66484,0.25826,0.76605,20.90269,1,0.19305,-0.03123,1.17772,0.00472,1,1,0.00359,-0.06285,0.6835,0.51014,0.78929,19.685,1,0.16162,0.0298,1.18671,0.00418,1,1,participant_10,question_13,Timer-Correct,True,Other
0.0,0,6,1,0.19126,-0.00704,0,0.63333,0.18241,0.10693,2669,744.55225,1,0.19435,-0.01464,-0.06067,-0.05634,0.66484,0.25818,0.76546,21.17851,1,0.19069,0.05674,1.16819,0.00475,1,1,0.00359,-0.06285,0.6835,0.50999,0.78875,19.83776,1,0.19182,-0.07082,1.17718,0.00414,1,1,participant_10,question_13,Timer-Correct,True,Other
0.0,0,6,1,0.19559,0.01465,0,0.63333,0.18241,0.11365,2669,744.55225,1,0.19442,-0.01301,-0.05796,-0.05335,0.63573,0.25807,0.7645,20.81174,1,0.19554,0.07202,1.15094,0.00469,1,1,0.00329,-0.05964,0.65452,0.50991,0.78818,20.0956,1,0.19563,-0.04272,1.15094,0.00407,1,1,participant_10,question_13,Timer-Correct,True,Other
0.0,0,6,1,0.21176,-0.01517,0,0.63333,0.18241,0.12036,2669,744.55225,1,0.19533,-0.01313,-0.05796,-0.05335,0.63573,0.25796,0.76328,21.17078,1,0.21273,-0.0447,1.14323,0.00474,1,1,0.00329,-0.05964,0.65452,0.50977,0.78675,19.31173,1,0.21079,0.01436,1.13424,0.00418,1,1,participant_10,question_13,Timer-Correct,True,Other
0.0,0,6,1,0.22083,0.02794,0,0.63333,0.18241,0.12708,2669,744.55225,1,0.19661,-0.01107,-0.05796,-0.05335,0.63573,0.25783,0.76267,21.5547,1,0.24153,0.03174,1.12652,0.00469,1,1,0.00329,-0.05964,0.65452,0.50968,0.78626,19.84951,1,0.20014,0.02415,1.11754,0.00417,1,1,participant_10,question_13,Timer-Correct,True,Question
0.0,0,6,1,0.22196,0.03217,0,0.63333,0.18241,0.13379,2669,744.55225,1,0.19782,-0.00901,-0.06017,-0.05461,0.65829,0.25767,0.76163,20.66492,1,0.24379,0.0402,1.11754,0.00472,1,1,0.00338,-0.06162,0.68239,0.5094,0.78539,19.62619,1,0.20014,0.02415,1.11754,0.0041,1,1,participant_10,question_13,Timer-Correct,True,Question
0.0,0,6,1,0.20653,0.04984,0,0.63333,0.18241,0.1405,2669,744.55225,1,0.19821,-0.00634,-0.06017,-0.05461,0.65829,0.2577,0.76045,21.57644,1,0.21559,0.04469,1.12525,0.0047,1,1,0.00338,-0.06162,0.68239,0.50929,0.78436,19.89616,1,0.19747,0.055,1.13424,0.00416,1,1,participant_10,question_13,Timer-Correct,True,Question
0.0,0,6,1,0.19624,0.01114,0,0.63333,0.18241,0.14716,2669,744.55225,1,0.19813,-0.00558,-0.06017,-0.05461,0.65829,0.25757,0.75988,21.47514,1,0.20648,0.02296,1.14196,0.00471,1,1,0.00338,-0.06162,0.68239,0.50922,0.78379,19.72786,1,0.18599,-0.00069,1.15094,0.00411,1,1,participant_10,question_13,Timer-Correct,True,Other
0.0,0,6,1,0.19398,0.00346,0,0.63333,0.18241,0.15375,2669,744.55225,1,0.19795,-0.0052,-0.0601,-0.05396,0.65646,0.25755,0.75917,21.95808,1,0.20192,0.00733,1.15866,0.00457,1,1,0.00309,-0.0577,0.64432,0.50902,0.78301,20.2109,1,0.18604,-0.00041,1.15067,0.0041,1,1,participant_10,question_13,Timer-Correct,True,Other
0.0,0,6,1,0.21858,0.01753,0,0.63333,0.18241,0.16016,2669,744.55225,1,0.19878,-0.00429,-0.0601,-0.05396,0.65646,0.25708,0.7578,20.70767,1,0.21968,0.02947,1.15067,0.00472,1,1,0.00309,-0.0577,0.64432,0.50865,0.78198,19.81915,1,0.21748,0.00559,1.1337,0.00415,1,1,participant_10,question_13,Timer-Correct,True,Other
0.0,0,6,1,0.19611,0.02604,0,0.63333,0.18241,0.16687,2669,744.55225,1,0.19868,-0.00313,-0.0601,-0.05396,0.65646,0.25645,0.75745,20.98959,1,0.21179,-0.02509,1.1337,0.00482,1,1,0.00309,-0.0577,0.64432,0.50819,0.78161,20.24693,1,0.18043,0.07718,1.11672,0.0041,1,1,participant_10,question_13,Timer-Correct,True,Question
0.0,0,6,1,0.20009,0.04203,0,0.63333,0.18241,0.17389,2669,744.55225,1,0.19873,-0.00145,-0.05934,-0.05259,0.64443,0.25604,0.75703,21.26085,1,0.21846,-0.00077,1.109,0.00477,1,1,0.00276,-0.06066,0.68136,0.50752,0.78138,20.47674,1,0.18173,0.08483,1.109,0.00419,1,1,participant_10,question_13,Timer-Correct,True,Question
0.0,0,6,1,0.13536,0.04907,0,0.63333,0.18241,0.18054,2669,744.55225,1,0.19646,0.00035,-0.05934,-0.05259,0.64443,0.25433,0.75634,21.04945,1,0.15199,0.06134,1.10129,0.00479,1,1,0.00276,-0.06066,0.68136,0.50555,0.7803,19.84967,1,0.11874,0.03681,1.11826,0.00424,1,1,participant_10,question_13,Timer-Correct,True,Question
0.0,0,6,1,0.10134,0.055,0,0.63333,0.18241,0.18744,2669,744.55225,1,0.19318,0.00223,-0.05934,-0.05259,0.64443,0.25402,0.75628,21.55797,1,0.10436,0.0556,1.11055,0.00471,1,1,0.00276,-0.06066,0.68136,0.50524,0.7802,20.42229,1,0.09832,0.0544,1.12752,0.00418,1,1,participant_10,question_13,Timer-Correct,True,Question
0.0,0,6,1,0.09862,0.04597,0,0.63333,0.18241,0.18744,2669,744.55225,0,0.18345,0.02875,-0.05903,-0.05186,0.63909,0.25356,0.75589,21.53777,1,0.10102,0.04696,1.11981,0.00466,1,1,0.00254,-0.06003,0.67827,0.50481,0.77953,20.43222,1,0.09623,0.04497,1.13678,0.00419,1,1,participant_10,question_13,Timer-Correct,True,Question
0.0,0,6,1,0.08985,0.05869,0,0.63333,0.18241,0.18744,2669,744.55225,0,0.13665,0.04372,-0.05903,-0.05186,0.63909,0.25332,0.75548,21.68844,1,0.09563,0.0811,1.13678,0.00473,1,1,0.00254,-0.06003,0.67827,0.50486,0.77887,20.2367,1,0.08408,0.03628,1.13678,0.00419,1,1,participant_10,question_13,Timer-Correct,True,Question
0.0,0,6,1,0.09446,0.05293,0,0.63333,0.18241,0.18744,2669,744.55225,0,0.12259,0.04679,-0.05903,-0.05186,0.63909,0.25346,0.75529,21.85643,1,0.12218,0.03819,1.13678,0.00478,1,1,0.00254,-0.06003,0.67827,0.50458,0.77858,19.91104,1,0.06674,0.06767,1.13678,0.00423,1,1,participant_10,question_13,Timer-Correct,True,Question
0.0,0,6,1,0.0943,0.05399,0,0.63333,0.18241,0.02002,2670,744.74585,1,0.11552,0.04859,-0.06061,-0.05297,0.65452,0.25357,0.75465,21.89081,1,0.11957,0.03104,1.1445,0.00461,1,1,0.00231,-0.05666,0.64243,0.50453,0.77841,20.70756,1,0.06904,0.07694,1.12752,0.00413,1,1,participant_10,question_13,Timer-Correct,True,Question
0.0,0,6,1,0.08863,0.01691,0,0.63333,0.18241,0.02716,2670,744.74585,1,0.11014,0.04225,-0.06061,-0.05297,0.65452,0.25299,0.75452,20.86463,1,0.10185,0.00476,1.13524,0.00473,1,1,0.00231,-0.05666,0.64243,0.50447,0.77808,19.99585,1,0.0754,0.02905,1.11826,0.00422,1,1,participant_10,question_13,Timer-Correct,True,Other
0.0,0,6,1,0.10122,0.00906,0,0.63333,0.18241,0.03394,2670,744.74585,1,0.10865,0.03672,-0.06061,-0.05297,0.65452,0.25288,0.75444,21.164,1,0.10316,0.01608,1.12598,0.00468,1,1,0.00231,-0.05666,0.64243,0.50448,0.77803,20.06661,1,0.09928,0.00203,1.109,0.00421,1,1,participant_10,question_13,Timer-Correct,True,Other
0.0,0,6,1,0.10526,0.02204,0,0.63333,0.18241,0.04071,2670,744.74585,1,0.10817,0.03462,-0.05896,-0.05144,0.63618,0.25281,0.7545,21.27246,1,0.1092,0.03229,1.109,0.00472,1,1,0.00231,-0.05781,0.65652,0.50434,0.77785,20.42201,1,0.10131,0.01178,1.10002,0.00415,1,1,participant_10,question_13,Timer-Correct,True,Other
0.0,0,6,1,0.11437,0.04316,0,0.63333,0.18241,0.04742,2670,744.74585,1,0.10894,0.03569,-0.05896,-0.05144,0.63618,0.25264,0.75457,21.15443,1,0.13087,0.04737,1.0923,0.00475,1,1,0.00231,-0.05781,0.65652,0.50425,0.7777,20.07318,1,0.09786,0.03895,1.10029,0.00418,1,1,participant_10,question_13,Timer-Correct,True,Question
0.0,0,6,1,0.13303,0.05348,0,0.63333,0.18241,0.05408,2670,744.74585,1,0.11162,0.03767,-0.05896,-0.05144,0.63618,0.25268,0.75482,21.79368,1,0.14796,0.07336,1.09257,0.00466,1,1,0.00231,-0.05781,0.65652,0.50424,0.77774,20.07895,1,0.11809,0.0336,1.10056,0.00418,1,1,participant_10,question_13,Timer-Correct,True,Question
0.0,0,6,1,0.13084,0.04552,0,0.63333,0.18241,0.06073,2670,744.74585,1,0.11354,0.03845,-0.06117,-0.05344,0.65848,0.2527,0.75499,21.7798,1,0.14529,0.06591,1.10056,0.00462,1,1,0.00223,-0.05822,0.6601,0.50429,0.77802,19.7199,1,0.11638,0.02513,1.10855,0.00419,1,1,participant_10,question_13,Timer-Correct,True,Question
0.0,0,6,1,0.11186,0.04002,0,0.63333,0.18241,0.0675,2670,744.74585,1,0.11339,0.03859,-0.06117,-0.05344,0.65848,0.25235,0.75541,21.32022,1,0.12102,0.04505,1.11627,0.00471,1,1,0.00223,-0.05822,0.6601,0.50401,0.77832,19.67257,1,0.1027,0.03499,1.11627,0.00427,1,1,participant_10,question_13,Timer-Correct,True,Question
0.0,0,6,1,0.0927,0.0621,0,0.63333,0.18241,0.07416,2670,744.74585,1,0.11166,0.04055,-0.06117,-0.05344,0.65848,0.25209,0.75582,21.23934,1,0.10197,0.06257,1.12398,0.00472,1,1,0.00223,-0.05822,0.6601,0.50401,0.77862,20.41813,1,0.08343,0.06163,1.12398,0.00412,1,1,participant_10,question_13,Timer-Correct,True,Question
0.0,0,6,1,0.0904,0.05464,0,0.63333,0.18241,0.08246,2670,744.74585,1,0.11003,0.04164,-0.06038,-0.053,0.64891,0.2521,0.75621,21.66303,1,0.0992,0.05551,1.1317,0.00469,1,1,0.00214,-0.05867,0.66299,0.50385,0.77896,20.25657,1,0.0816,0.05378,1.1317,0.00421,1,1,participant_10,question_13,Timer-Correct,True,Question
0.0,0,6,1,0.11161,0.05832,0,0.63333,0.18241,0.08752,2670,744.74585,1,0.11014,0.04283,-0.06038,-0.053,0.64891,0.25186,0.75693,21.42001,1,0.13229,0.07175,1.1317,0.00471,1,1,0.00214,-0.05867,0.66299,0.50367,0.77966,20.61554,1,0.09094,0.04489,1.1317,0.00413,1,1,participant_10,question_13,Timer-Correct,True,Question
0.0,0,6,1,0.11551,0.02963,0,0.63333,0.18241,0.09424,2670,744.74585,1,0.1105,0.04195,-0.06038,-0.053,0.64891,0.25192,0.75762,21.97032,1,0.11952,0.03533,1.1317,0.00475,1,1,0.00214,-0.05867,0.66299,0.5035,0.77985,20.46948,1,0.1115,0.02394,1.1317,0.00419,1,1,participant_10,question_13,Timer-Correct,True,Question
0.0,0,6,1,0.11636,0.03379,0,0.63333,0.18241,0.10095,2670,744.74585,1,0.11086,0.04144,-0.06133,-0.05399,0.65803,0.25175,0.75781,21.74874,1,0.11952,0.03533,1.1317,0.00466,1,1,0.00191,-0.05658,0.63608,0.50343,0.78028,20.04977,1,0.11321,0.03225,1.12371,0.00423,1,1,participant_10,question_13,Timer-Correct,True,Question
0.0,0,6,1,0.11274,0.05933,0,0.63333,0.18241,0.10767,2670,744.74585,1,0.11098,0.04249,-0.06133,-0.05399,0.65803,0.25123,0.75882,21.42789,1,0.12945,0.05013,1.12371,0.00471,1,1,0.00191,-0.05658,0.63608,0.50324,0.78068,20.12697,1,0.09603,0.06852,1.11572,0.00418,1,1,participant_10,question_13,Timer-Correct,True,Question
0.0,0,6,1,0.10522,0.0456,0,0.63333,0.18241,0.11469,2670,744.74585,1,0.11066,0.04266,-0.06133,-0.05399,0.65803,0.25123,0.75994,22.27999,1,0.12291,0.04176,1.11572,0.00472,1,1,0.00191,-0.05658,0.63608,0.50309,0.78142,20.61097,1,0.08753,0.04944,1.10773,0.00422,1,1,participant_10,question_13,Timer-Correct,True,Question
0.0,0,6,1,0.10553,0.04467,0,0.63333,0.18241,0.12146,2670,744.74585,1,0.11039,0.04277,-0.06074,-0.05374,0.64964,0.2512,0.75984,21.90229,1,0.12567,0.04927,1.10773,0.00467,1,1,0.00193,-0.06055,0.67675,0.50314,0.78161,20.32289,1,0.0854,0.04006,1.11672,0.00417,1,1,participant_10,question_13,Timer-Correct,True,Question
0.0,0,6,1,0.11295,0.00318,0,0.63333,0.18241,0.12732,2670,744.74585,1,0.11051,0.04079,-0.06074,-0.05374,0.64964,0.25092,0.76106,21.92157,1,0.1276,0.01862,1.11672,0.00476,1,1,0.00193,-0.06055,0.67675,0.50302,0.78253,20.48383,1,0.0983,-0.01227,1.1337,0.00422,1,1,participant_10,question_13,Timer-Correct,True,Other
0.0,0,6,1,0.11115,0.04993,0,0.63333,0.18241,0.13452,2670,744.74585,1,0.11054,0.04122,-0.06074,-0.05374,0.64964,0.2508,0.7621,22.68558,1,0.10455,0.0563,1.1337,0.00483,1,1,0.00193,-0.06055,0.67675,0.50272,0.78279,19.86521,1,0.11775,0.04357,1.15067,0.0043,1,1,participant_10,question_13,Timer-Correct,True,Question
0.0,0,6,1,0.10733,0.03817,0,0.63333,0.18241,0.14111,2670,744.74585,1,0.1104,0.04109,-0.06202,-0.05523,0.66224,0.25067,0.76204,21.63521,1,0.09855,0.0408,1.15067,0.0047,1,1,0.00166,-0.05371,0.59678,0.50279,0.78333,20.0203,1,0.11611,0.03554,1.15866,0.0043,1,1,participant_10,question_13,Timer-Correct,True,Question
0.0,0,6,1,0.09304,0.00607,0,0.63333,0.18241,0.14825,2670,744.74585,1,0.10964,0.03956,-0.06202,-0.05523,0.66224,0.25049,0.76281,21.27546,1,0.09314,0.00599,1.15866,0.00473,1,1,0.00166,-0.05371,0.59678,0.50288,0.78424,20.98015,1,0.09294,0.00615,1.14967,0.00421,1,1,participant_10,question_13,Timer-Correct,True,Other
0.0,0,6,1,0.10409,0.01112,0,0.63333,0.18241,0.1546,2670,744.74585,1,0.10941,0.03838,-0.06202,-0.05523,0.66224,0.25046,0.7636,22.11428,1,0.11511,0.00984,1.14967,0.00471,1,1,0.00166,-0.05371,0.59678,0.50275,0.78456,20.49849,1,0.09307,0.0124,1.14068,0.00423,1,1,participant_10,question_13,Timer-Correct,True,Other
0.0,0,6,1,0.10663,0.02005,0,0.63333,0.18241,0.16168,2670,744.74585,1,0.1093,0.03765,-0.06183,-0.05541,0.66019,0.2506,0.76396,22.01433,1,0.11816,0.01829,1.14068,0.0047,1,1,0.00182,-0.05922,0.65523,0.5028,0.78504,20.0249,1,0.09509,0.02181,1.1317,0.00425,1,1,participant_10,question_13,Timer-Correct,True,Other
0.0,0,6,1,0.08933,0.02501,0,0.63333,0.18241,0.16833,2670,744.74585,1,0.10853,0.03716,-0.06183,-0.05541,0.66019,0.25028,0.7646,21.91726,1,0.08939,0.03373,1.1317,0.00468,1,1,0.00182,-0.05922,0.65523,0.50256,0.78556,20.72731,1,0.08926,0.01629,1.1317,0.00422,1,1,participant_10,question_13,Timer-Correct,True,Question
0.0,0,6,1,0.09333,-0.01044,0,0.63333,0.18241,0.17487,2670,744.74585,1,0.10797,0.0354,-0.06183,-0.05541,0.66019,0.24995,0.7649,21.40019,1,0.10746,-0.0114,1.1317,0.00476,1,1,0.00182,-0.05922,0.65523,0.50231,0.78607,20.22836,1,0.0792,-0.00948,1.1317,0.00427,1,1,participant_10,question_13,Timer-Correct,True,Other
0.0,0,6,1,0.09558,-0.00252,0,0.63333,0.18241,0.18134,2670,744.74585,1,0.10753,0.03404,-0.05999,-0.05391,0.64007,0.24994,0.76529,22.10943,1,0.11015,-0.00388,1.12398,0.00476,1,1,0.0018,-0.0588,0.64799,0.50232,0.78614,20.17813,1,0.08101,-0.00116,1.12398,0.00432,1,1,participant_10,question_13,Timer-Correct,True,Other
0.0,0,6,1,0.0686,0.1742,0,0.63333,0.18241,0.18799,2670,744.74585,1,0.10618,0.03888,-0.05999,-0.05391,0.64007,0.24987,0.76608,20.47976,1,0.06069,0.18666,1.11627,0.00459,1,1,0.0018,-0.0588,0.64799,0.50232,0.7869,19.41241,1,0.0765,0.16173,1.11627,0.00415,1,1,participant_10,question_13,Timer-Correct,True,Question
0.0,0,6,1,0.03912,0.26652,0,0.63333,0.18241,0.1947,2670,744.74585,1,0.10395,0.04646,-0.05999,-0.05391,0.64007,0.24991,0.76693,18.29934,1,0.07369,0.28383,1.10855,0.00449,1,1,0.0018,-0.0588,0.64799,0.50226,0.78784,18.04411,1,0.00455,0.2492,1.10855,0.00403,1,1,participant_10,question_13,Timer-Correct,True,Other
0.0,0,6,1,0.04293,0.27426,0,0.63333,0.18241,0.20276,2670,744.74585,1,0.10198,0.05381,-0.05716,-0.05149,0.61135,0.25,0.76784,16.7869,1,0.07954,0.29448,1.09393,0.00446,1,1,0.00199,-0.06031,0.664,0.50212,0.7893,15.06587,1,0.00632,0.25404,1.10292,0.00403,1,1,participant_10,question_13,Timer-Correct,True,Other
0.0,0,6,1,0.09598,0.62817,0,0.63333,0.18241,0.20276,2670,744.74585,0,0.08726,0.12338,-0.05716,-0.05149,0.61135,0.25144,0.77021,11.50826,1,0.09598,0.62817,1.09601,0.00377,1,1,0.00199,-0.06031,0.664,0.50212,0.7893,15.06587,0,0.00632,0.25404,1.105,0.00403,1,0,participant_10,question_13,Timer-Correct,True,Answer_Area
0.0,0,6,0,0.09598,0.62817,0,0.63333,0.18241,0.20276,2670,744.74585,0,0.08726,0.12338,-0.05716,-0.05149,0.61135,0.25144,0.77021,11.50826,0,0.09598,0.62817,1.0981,0.00377,1,0,0.00199,-0.06031,0.664,0.50212,0.7893,15.06587,0,0.00632,0.25404,1.10708,0.00403,1,0,participant_10,question_13,Timer-Correct,False,Answer_Area
0.0,0,6,0,0.09598,0.62817,0,0.63333,0.18241,0.20276,2670,744.74585,0,0.08726,0.12338,-0.05716,-0.05149,0.61135,0.25144,0.77021,11.50826,0,0.09598,0.62817,1.10018,0.00377,1,0,0.00199,-0.06031,0.664,0.50212,0.7893,15.06587,0,0.00632,0.25404,1.10917,0.00403,1,0,participant_10,question_13,Timer-Correct,False,Answer_Area
0.0,0,6,0,0.09598,0.62817,0,0.63333,0.18241,0.20276,2670,744.74585,0,0.0,0.0,-0.05716,-0.05149,0.61135,0.25144,0.77021,11.50826,0,0.09598,0.62817,1.10917,0.00377,1,0,0.00199,-0.06031,0.664,0.50212,0.7893,15.06587,0,0.00632,0.25404,1.10917,0.00403,1,0,participant_10,question_13,Timer-Correct,False,Answer_Area
0.0,0,6,0,0.09598,0.62817,0,0.63333,0.18241,0.20276,2670,744.74585,0,0.0,0.0,-0.05716,-0.05149,0.61135,0.25144,0.77021,11.50826,0,0.09598,0.62817,1.10917,0.00377,1,0,0.00199,-0.06031,0.664,0.50212,0.7893,15.06587,0,0.00632,0.25404,1.10917,0.00403,1,0,participant_10,question_13,Timer-Correct,False,Answer_Area
0.0,0,6,0,0.09598,0.62817,0,0.63333,0.18241,0.20276,2670,744.74585,0,0.0,0.0,-0.05716,-0.05149,0.61135,0.25144,0.77021,11.50826,0,0.09598,0.62817,1.10917,0.00377,1,0,0.00199,-0.06031,0.664,0.50212,0.7893,15.06587,0,0.00632,0.25404,1.10917,0.00403,1,0,participant_10,question_13,Timer-Correct,False,Answer_Area
0.0,0,6,0,0.09598,0.62817,0,0.63333,0.18241,0.20276,2670,744.74585,0,0.0,0.0,-0.05716,-0.05149,0.61135,0.25144,0.77021,11.50826,0,0.09598,0.62817,1.10917,0.00377,1,0,0.00199,-0.06031,0.664,0.50212,0.7893,15.06587,0,0.00632,0.25404,1.10917,0.00403,1,0,participant_10,question_13,Timer-Correct,False,Answer_Area
0.0,0,6,0,0.09598,0.62817,0,0.63333,0.18241,0.20276,2670,744.74585,0,0.0,0.0,-0.05716,-0.05149,0.61135,0.25144,0.77021,11.50826,0,0.09598,0.62817,1.10917,0.00377,1,0,0.00199,-0.06031,0.664,0.50212,0.7893,15.06587,0,0.00632,0.25404,1.10917,0.00403,1,0,participant_10,question_13,Timer-Correct,False,Answer_Area
0.0,102,6,0,0.09598,0.62817,0,0.63333,0.18241,0.20276,2670,744.74585,0,0.0,0.0,-0.05716,-0.05149,0.61135,0.25144,0.77021,11.50826,0,0.09598,0.62817,1.10917,0.00377,1,0,0.00199,-0.06031,0.664,0.50212,0.7893,15.06587,0,0.00632,0.25404,1.10917,0.00403,1,0,participant_10,question_13,Timer-Correct,True,Answer_Area
0.0,102,6,0,0.09598,0.62817,0,0.63333,0.18241,0.20276,2670,744.74585,0,0.0,0.0,-0.05716,-0.05149,0.61135,0.25144,0.77021,11.50826,0,0.09598,0.62817,1.10917,0.00377,1,0,0.00199,-0.06031,0.664,0.50212,0.7893,15.06587,0,0.00632,0.25404,1.10917,0.00403,1,0,participant_10,question_13,Timer-Correct,True,Answer_Area
0.0,102,6,0,0.09598,0.62817,0,0.63333,0.18241,0.20276,2670,744.74585,0,0.0,0.0,-0.05716,-0.05149,0.61135,0.25144,0.77021,11.50826,0,0.09598,0.62817,1.10917,0.00377,1,0,0.00199,-0.06031,0.664,0.50212,0.7893,15.06587,0,0.00632,0.25404,1.10917,0.00403,1,0,participant_10,question_13,Timer-Correct,True,Answer_Area
0.0,102,6,0,0.09598,0.62817,0,0.63333,0.18241,0.20276,2670,744.74585,0,0.0,0.0,-0.05716,-0.05149,0.61135,0.25144,0.77021,11.50826,0,0.09598,0.62817,1.10917,0.00377,1,0,0.00199,-0.06031,0.664,0.50212,0.7893,15.06587,0,0.00632,0.25404,1.10917,0.00403,1,0,participant_10,question_13,Timer-Correct,True,Answer_Area
0.0,102,6,0,0.09598,0.62817,0,0.63333,0.18241,0.20276,2670,744.74585,0,0.0,0.0,-0.05716,-0.05149,0.61135,0.25144,0.77021,11.50826,0,0.09598,0.62817,1.10917,0.00377,1,0,0.00199,-0.06031,0.664,0.50212,0.7893,15.06587,0,0.00632,0.25404,1.10917,0.00403,1,0,participant_10,question_13,Timer-Correct,True,Answer_Area
0.0,102,6,0,0.09598,0.62817,0,0.63333,0.18241,0.20276,2670,744.74585,0,0.0,0.0,-0.05716,-0.05149,0.61135,0.25144,0.77021,11.50826,0,0.09598,0.62817,1.10917,0.00377,1,0,0.00199,-0.06031,0.664,0.50212,0.7893,15.06587,0,0.00632,0.25404,1.10917,0.00403,1,0,participant_10,question_13,Timer-Correct,True,Answer_Area
0.0,102,6,0,0.09598,0.62817,0,0.63333,0.18241,0.20276,2670,744.74585,0,0.0,0.0,-0.05716,-0.05149,0.61135,0.25144,0.77021,11.50826,0,0.09598,0.62817,1.10917,0.00377,1,0,0.00199,-0.06031,0.664,0.50212,0.7893,15.06587,0,0.00632,0.25404,1.10917,0.00403,1,0,participant_10,question_13,Timer-Correct,True,Answer_Area
0.04701,0,7,1,0.39807,0.39237,0,0.63333,0.18241,0.20276,2670,744.74585,0,0.39807,0.39237,-0.05716,-0.05149,0.61135,0.26214,0.7573,15.28375,1,0.39807,0.39237,1.10917,0.00492,1,1,0.00199,-0.06031,0.664,0.50212,0.7893,15.06587,0,0.00632,0.25404,1.10917,0.00403,1,0,participant_10,question_13,Timer-Correct,True,Question
0.0,0,7,1,0.41721,0.4594,0,0.63333,0.18241,0.20276,2670,744.74585,0,0.40764,0.42589,-0.05716,-0.05149,0.61135,0.26286,0.75684,13.97563,1,0.41721,0.4594,1.10917,0.0046,1,1,0.00199,-0.06031,0.664,0.50212,0.7893,15.06587,0,0.00632,0.25404,1.10917,0.00403,1,0,participant_10,question_13,Timer-Correct,True,Question
0.0,0,7,1,0.41427,0.44608,0,0.63333,0.18241,0.20276,2670,744.74585,0,0.40985,0.43262,-0.06134,-0.05467,0.68059,0.2636,0.75612,14.48917,1,0.41427,0.44608,1.13247,0.00442,1,1,0.00199,-0.06031,0.664,0.50212,0.7893,15.06587,0,0.00632,0.25404,1.13247,0.00403,1,0,participant_10,question_13,Timer-Correct,True,Question
0.0,0,7,1,0.40348,0.28502,0,0.63333,0.18241,0.02039,2671,745.05402,1,0.40826,0.39572,-0.06134,-0.05467,0.68059,0.26376,0.75456,13.85744,1,0.40348,0.28502,1.15577,0.00485,1,1,0.00199,-0.06031,0.664,0.50212,0.7893,15.06587,0,0.00632,0.25404,1.15577,0.00403,1,0,participant_10,question_13,Timer-Correct,True,Question
0.0,0,7,1,0.43978,0.24213,0,0.63333,0.18241,0.02679,2671,745.05402,1,0.41456,0.365,-0.06134,-0.05467,0.68059,0.26351,0.75361,15.0947,1,0.43978,0.24213,1.17907,0.00478,1,1,0.00199,-0.06031,0.664,0.50212,0.7893,15.06587,0,0.00632,0.25404,1.17907,0.00403,1,0,participant_10,question_13,Timer-Correct,True,Question
0.0,0,7,1,0.43749,0.2253,0,0.63333,0.18241,0.03308,2671,745.05402,1,0.41838,0.34172,-0.06168,-0.05432,0.68203,0.26327,0.752,16.98678,1,0.43749,0.2253,1.20237,0.00483,1,1,0.00199,-0.06031,0.664,0.50212,0.7893,15.06587,0,0.00632,0.25404,1.20237,0.00403,1,0,participant_10,question_13,Timer-Correct,True,Question
0.0,0,7,1,0.45845,0.05317,0,0.63333,0.18241,0.04004,2671,745.05402,1,0.42411,0.3005,-0.06168,-0.05432,0.68203,0.2631,0.7504,18.83779,1,0.45845,0.05317,1.20237,0.00494,1,1,0.00199,-0.06031,0.664,0.50212,0.7893,15.06587,0,0.00632,0.25404,1.20237,0.00403,1,0,participant_10,question_13,Timer-Correct,True,Question
0.0,0,7,1,0.42681,0.01301,0,0.63333,0.18241,0.04681,2671,745.05402,1,0.42444,0.26456,-0.06168,-0.05432,0.68203,0.26286,0.75003,19.98839,1,0.42681,0.01301,1.20237,0.00495,1,1,0.00199,-0.06031,0.664,0.50212,0.7893,15.06587,0,0.00632,0.25404,1.20237,0.00403,1,0,participant_10,question_13,Timer-Correct,True,Other
0.0,0,7,1,0.42681,0.01301,0,0.63333,0.18241,0.05365,2671,745.05402,1,0.42471,0.23661,-0.06116,-0.05349,0.67411,0.26272,0.7492,20.92581,1,0.42681,0.01301,1.20237,0.00489,1,1,0.00199,-0.06031,0.664,0.50212,0.7893,15.06587,0,0.00632,0.25404,1.20237,0.00403,1,0,participant_10,question_13,Timer-Correct,True,Other
0.0,0,7,1,0.42482,-0.06041,0,0.63333,0.18241,0.06055,2671,745.05402,1,0.42472,0.20691,-0.06116,-0.05349,0.67411,0.26225,0.74869,21.06388,1,0.42482,-0.06041,1.20237,0.00498,1,1,0.00199,-0.06031,0.664,0.50212,0.7893,15.06587,0,0.00632,0.25404,1.20237,0.00403,1,0,participant_10,question_13,Timer-Correct,True,Other
0.0,0,7,1,0.42416,-0.0084,0,0.63333,0.18241,0.06696,2671,745.05402,1,0.42467,0.18733,-0.06116,-0.05349,0.67411,0.26197,0.74859,21.20577,1,0.42416,-0.0084,1.20237,0.00496,1,1,0.00199,-0.06031,0.664,0.50212,0.7893,15.06587,0,0.00632,0.25404,1.20237,0.00403,1,0,participant_10,question_13,Timer-Correct,True,Other
0.0,0,7,1,0.42507,-0.00044,0,0.63333,0.18241,0.07391,2671,745.05402,1,0.4247,0.17169,-0.05949,-0.05182,0.65302,0.26164,0.74849,20.92539,1,0.42507,-0.00044,1.19369,0.005,1,1,0.00199,-0.06031,0.664,0.50212,0.7893,15.06587,0,0.00632,0.25404,1.19369,0.00403,1,0,participant_10,question_13,Timer-Correct,True,Other
0.0,0,7,1,0.40648,0.04478,0,0.63333,0.18241,0.08051,2671,745.05402,1,0.4233,0.16192,-0.05949,-0.05182,0.65302,0.26098,0.74861,21.11948,1,0.4138,0.02723,1.18501,0.00498,1,1,0.00199,-0.06031,0.664,0.51278,0.77411,18.51837,1,0.39917,0.06234,1.18501,0.00427,1,1,participant_10,question_13,Timer-Correct,True,Question
0.0,0,7,1,0.4228,0.03629,0,0.63333,0.18241,0.08051,2671,745.05402,0,0.42587,0.10746,-0.05949,-0.05182,0.65302,0.26068,0.74887,21.68972,1,0.44611,-0.00502,1.17633,0.00487,1,1,0.00199,-0.06031,0.664,0.51236,0.77398,18.83179,1,0.3995,0.0776,1.17633,0.00427,1,1,participant_10,question_13,Timer-Correct,True,Question
0.0,0,7,1,0.4228,0.03629,0,0.63333,0.18241,0.08051,2671,745.05402,0,0.42434,0.07188,-0.06144,-0.05326,0.67059,0.26031,0.74892,21.17114,1,0.44611,-0.00502,1.17633,0.00497,1,1,0.00318,-0.0596,0.68504,0.51194,0.77375,18.98582,1,0.3995,0.0776,1.17633,0.00427,1,1,participant_10,question_13,Timer-Correct,True,Question
0.0,0,7,1,0.41341,0.03589,0,0.63333,0.18241,0.08051,2671,745.05402,0,0.42069,0.05988,-0.06144,-0.05326,0.67059,0.25938,0.74971,21.79509,1,0.41548,0.0083,1.18501,0.00487,1,1,0.00318,-0.0596,0.68504,0.51131,0.77403,18.6053,1,0.41135,0.06347,1.18501,0.00432,1,1,participant_10,question_13,Timer-Correct,True,Question
0.0,0,7,1,0.42361,0.00665,0,0.63333,0.18241,0.02039,2672,745.14111,1,0.42142,0.04657,-0.06144,-0.05326,0.67059,0.25883,0.7502,21.75774,1,0.42494,-0.06371,1.19369,0.00499,1,1,0.00318,-0.0596,0.68504,0.5108,0.77418,18.11106,1,0.42228,0.07702,1.19369,0.00425,1,1,participant_10,question_13,Timer-Correct,True,Other
0.0,0,7,1,0.4232,-0.0014,0,0.63333,0.18241,0.02698,2672,745.14111,1,0.42178,0.03698,-0.06224,-0.05395,0.67485,0.25877,0.75036,20.79318,1,0.42403,-0.07212,1.20237,0.005,1,1,0.0028,-0.06024,0.69127,0.5103,0.77446,17.30993,1,0.42237,0.06932,1.20237,0.00433,1,1,participant_10,question_13,Timer-Correct,True,Other
0.0,0,7,1,0.37127,0.16481,0,0.63333,0.18241,0.03351,2672,745.14111,1,0.41336,0.05828,-0.06224,-0.05395,0.67485,0.25771,0.75234,18.50786,1,0.38345,0.13819,1.20237,0.00486,1,1,0.0028,-0.06024,0.69127,0.50915,0.77614,15.92458,1,0.35909,0.19143,1.20237,0.00376,1,1,participant_10,question_13,Timer-Correct,True,Question
0.0,0,7,1,0.41313,0.23103,0,0.63333,0.18241,0.04047,2672,745.14111,1,0.41333,0.08296,-0.06224,-0.05395,0.67485,0.25716,0.75461,16.02723,1,0.40344,0.29996,1.20237,0.00429,1,1,0.0028,-0.06024,0.69127,0.50924,0.77753,12.69422,1,0.42282,0.1621,1.20237,0.00356,1,1,participant_10,question_13,Timer-Correct,True,Question
0.0,0,7,1,0.41261,0.21969,0,0.63333,0.18241,0.04773,2672,745.14111,1,0.41324,0.10005,-0.06565,-0.05692,0.70665,0.25633,0.75747,11.28496,1,0.40222,0.29346,1.21221,0.00361,1,1,0.0028,-0.06024,0.69127,0.50848,0.78062,7.96755,1,0.42301,0.14591,1.22239,0.00268,1,1,participant_10,question_13,Timer-Correct,True,Question
0.0,0,7,0,0.41261,0.21969,0,0.63333,0.18241,0.05688,2672,745.14111,1,0.41324,0.10005,-0.06565,-0.05692,0.70665,0.25633,0.75747,11.28496,0,0.40222,0.29346,1.23223,0.00361,1,0,0.0028,-0.06024,0.69127,0.50848,0.78062,7.96755,0,0.42301,0.14591,1.24241,0.00268,1,0,participant_10,question_13,Timer-Correct,False,Question
0.0,0,7,0,0.41261,0.21969,0,0.63333,0.18241,0.06104,2672,745.14111,1,0.41324,0.10005,-0.06565,-0.05692,0.70665,0.25633,0.75747,11.28496,0,0.40222,0.29346,1.25225,0.00361,1,0,0.0028,-0.06024,0.69127,0.50848,0.78062,7.96755,0,0.42301,0.14591,1.26244,0.00268,1,0,participant_10,question_13,Timer-Correct,False,Question
0.0,0,7,0,0.41261,0.21969,0,0.63333,0.18241,0.07196,2672,745.14111,1,0.41324,0.10005,-0.06565,-0.05692,0.70665,0.25633,0.75747,11.28496,0,0.40222,0.29346,1.27227,0.00361,1,0,0.0028,-0.06024,0.69127,0.50848,0.78062,7.96755,0,0.42301,0.14591,1.28246,0.00268,1,0,participant_10,question_13,Timer-Correct,False,Question
0.0,0,7,0,0.41261,0.21969,0,0.63333,0.18241,0.07196,2672,745.14111,0,0.41143,0.09899,-0.06565,-0.05692,0.70665,0.25633,0.75747,11.28496,0,0.40222,0.29346,1.28246,0.00361,1,0,0.0028,-0.06024,0.69127,0.50848,0.78062,7.96755,0,0.42301,0.14591,1.28246,0.00268,1,0,participant_10,question_13,Timer-Correct,False,Question
0.0,0,7,0,0.41261,0.21969,0,0.63333,0.18241,0.07196,2672,745.14111,0,0.41143,0.09899,-0.06565,-0.05692,0.70665,0.25633,0.75747,11.28496,0,0.40222,0.29346,1.28246,0.00361,1,0,0.0028,-0.06024,0.69127,0.50848,0.78062,7.96755,0,0.42301,0.14591,1.28246,0.00268,1,0,participant_10,question_13,Timer-Correct,False,Question
0.0,0,7,0,0.41261,0.21969,0,0.63333,0.18241,0.07196,2672,745.14111,0,0.41143,0.09899,-0.06565,-0.05692,0.70665,0.25633,0.75747,11.28496,0,0.40222,0.29346,1.28246,0.00361,1,0,0.0028,-0.06024,0.69127,0.50848,0.78062,7.96755,0,0.42301,0.14591,1.28246,0.00268,1,0,participant_10,question_13,Timer-Correct,False,Question
0.0,0,7,0,0.41261,0.21969,0,0.63333,0.18241,0.07196,2672,745.14111,0,0.0,0.0,-0.06565,-0.05692,0.70665,0.25633,0.75747,11.28496,0,0.40222,0.29346,1.28246,0.00361,1,0,0.0028,-0.06024,0.69127,0.50848,0.78062,7.96755,0,0.42301,0.14591,1.28246,0.00268,1,0,participant_10,question_13,Timer-Correct,False,Question
0.0,0,7,0,0.41261,0.21969,0,0.63333,0.18241,0.07196,2672,745.14111,0,0.0,0.0,-0.06565,-0.05692,0.70665,0.25633,0.75747,11.28496,0,0.40222,0.29346,1.28246,0.00361,1,0,0.0028,-0.06024,0.69127,0.50848,0.78062,7.96755,0,0.42301,0.14591,1.28246,0.00268,1,0,participant_10,question_13,Timer-Correct,False,Question
0.0,0,7,0,0.41261,0.21969,0,0.63333,0.18241,0.07196,2672,745.14111,0,0.0,0.0,-0.06565,-0.05692,0.70665,0.25633,0.75747,11.28496,0,0.40222,0.29346,1.28246,0.00361,1,0,0.0028,-0.06024,0.69127,0.50848,0.78062,7.96755,0,0.42301,0.14591,1.28246,0.00268,1,0,participant_10,question_13,Timer-Correct,False,Question
0.0,0,7,0,0.41261,0.21969,0,0.63333,0.18241,0.07196,2672,745.14111,0,0.0,0.0,-0.06565,-0.05692,0.70665,0.25633,0.75747,11.28496,0,0.40222,0.29346,1.28246,0.00361,1,0,0.0028,-0.06024,0.69127,0.50848,0.78062,7.96755,0,0.42301,0.14591,1.28246,0.00268,1,0,participant_10,question_13,Timer-Correct,False,Question
0.0,0,7,0,0.41261,0.21969,0,0.63333,0.18241,0.07196,2672,745.14111,0,0.0,0.0,-0.06565,-0.05692,0.70665,0.25633,0.75747,11.28496,0,0.40222,0.29346,1.28246,0.00361,1,0,0.0028,-0.06024,0.69127,0.50848,0.78062,7.96755,0,0.42301,0.14591,1.28246,0.00268,1,0,participant_10,question_13,Timer-Correct,False,Question
0.0,0,7,0,0.41261,0.21969,0,0.63333,0.18241,0.07196,2672,745.14111,0,0.0,0.0,-0.06565,-0.05692,0.70665,0.25633,0.75747,11.28496,0,0.40222,0.29346,1.28246,0.00361,1,0,0.0028,-0.06024,0.69127,0.50848,0.78062,7.96755,0,0.42301,0.14591,1.28246,0.00268,1,0,participant_10,question_13,Timer-Correct,False,Question
0.0,0,7,0,0.41261,0.21969,0,0.63333,0.18241,0.07196,2672,745.14111,0,0.0,0.0,-0.06565,-0.05692,0.70665,0.25633,0.75747,11.28496,0,0.40222,0.29346,1.28246,0.00361,1,0,0.0028,-0.06024,0.69127,0.50848,0.78062,7.96755,0,0.42301,0.14591,1.28246,0.00268,1,0,participant_10,question_13,Timer-Correct,False,Question
0.0,0,7,0,0.41261,0.21969,0,0.63333,0.18241,0.07196,2672,745.14111,0,0.0,0.0,-0.06565,-0.05692,0.70665,0.25633,0.75747,11.28496,0,0.40222,0.29346,1.28246,0.00361,1,0,0.0028,-0.06024,0.69127,0.50848,0.78062,7.96755,0,0.42301,0.14591,1.28246,0.00268,1,0,participant_10,question_13,Timer-Correct,False,Question
0.0,0,7,1,0.42236,-0.09585,0,0.63333,0.18241,0.07196,2672,745.14111,0,0.21118,-0.04793,-0.06565,-0.05692,0.70665,0.2537,0.76796,21.85045,1,0.42236,-0.09585,1.28246,0.0049,1,1,0.0028,-0.06024,0.69127,0.50848,0.78062,7.96755,0,0.42301,0.14591,1.28246,0.00268,1,0,participant_10,question_13,Timer-Correct,True,Other
0.0,0,7,1,0.42419,-0.07868,0,0.63333,0.18241,0.07196,2672,745.14111,0,0.42328,-0.08727,-0.06183,-0.0563,0.66019,0.25405,0.76819,21.70569,1,0.42419,-0.07868,1.26394,0.00497,1,1,0.0028,-0.06024,0.69127,0.50848,0.78062,7.96755,0,0.42301,0.14591,1.24477,0.00268,1,0,participant_10,question_13,Timer-Correct,True,Other
0.0,0,7,1,0.39739,-0.01701,0,0.63333,0.18241,0.07196,2672,745.14111,0,0.41033,-0.05214,-0.06183,-0.0563,0.66019,0.25492,0.76833,21.54476,1,0.3802,-0.03056,1.22625,0.00495,1,1,0.0028,-0.06024,0.69127,0.50667,0.78544,20.238,1,0.41457,-0.00346,1.20708,0.00435,1,1,participant_10,question_13,Timer-Correct,True,Other
0.0,0,7,1,0.41229,-0.00704,0,0.63333,0.18241,0.07196,2672,745.14111,0,0.41098,-0.03711,-0.06183,-0.0563,0.66019,0.25552,0.76864,22.14364,1,0.42738,-0.0563,1.18856,0.00485,1,1,0.0028,-0.06024,0.69127,0.50701,0.7855,20.56822,1,0.39719,0.04222,1.16939,0.00436,1,1,participant_10,question_13,Timer-Correct,True,Other
0.0,0,7,1,0.41386,0.0164,0,0.63333,0.18241,0.01801,2673,745.33038,1,0.4117,-0.02373,-0.06297,-0.0578,0.67725,0.25568,0.76882,21.64897,1,0.43039,-0.02823,1.15955,0.00498,1,1,0.00223,-0.06117,0.67462,0.50731,0.78559,20.34713,1,0.39733,0.06103,1.14936,0.0044,1,1,participant_10,question_13,Timer-Correct,True,Other
0.0,0,7,1,0.42973,0.01019,0,0.63333,0.18241,0.0249,2673,745.33038,1,0.41531,-0.01695,-0.06297,-0.0578,0.67725,0.25668,0.76898,21.93255,1,0.4377,0.02245,1.15805,0.00489,1,1,0.00223,-0.06117,0.67462,0.50831,0.78558,20.13543,1,0.42176,-0.00207,1.16703,0.00432,1,1,participant_10,question_13,Timer-Correct,True,Other
0.0,0,7,1,0.40285,-0.00799,0,0.63333,0.18241,0.03162,2673,745.33038,1,0.41323,-0.01545,-0.06297,-0.0578,0.67725,0.25732,0.76892,21.72723,1,0.41156,0.00997,1.17571,0.00478,1,1,0.00223,-0.06117,0.67462,0.50869,0.78557,20.17739,1,0.39414,-0.02594,1.1847,0.00433,1,1,participant_10,question_13,Timer-Correct,True,Other
0.0,0,7,1,0.40277,-0.0092,0,0.63333,0.18241,0.03833,2673,745.33038,1,0.41174,-0.01456,-0.05821,-0.05383,0.63014,0.25752,0.76908,21.94276,1,0.41141,0.0088,1.17698,0.00489,1,1,0.0027,-0.06272,0.69171,0.50905,0.78573,20.43499,1,0.39413,-0.0272,1.18597,0.00435,1,1,participant_10,question_13,Timer-Correct,True,Other
0.0,0,7,1,0.41402,0.00341,0,0.63333,0.18241,0.04547,2673,745.33038,1,0.41202,-0.01231,-0.05821,-0.05383,0.63014,0.25842,0.76897,21.80567,1,0.41244,-0.04587,1.16957,0.0049,1,1,0.0027,-0.06272,0.69171,0.50989,0.78556,20.10907,1,0.41561,0.05269,1.16957,0.00434,1,1,participant_10,question_13,Timer-Correct,True,Other
0.0,0,7,1,0.41348,0.03984,0,0.63333,0.18241,0.05249,2673,745.33038,1,0.41219,-0.00652,-0.05821,-0.05383,0.63014,0.25899,0.76901,21.97929,1,0.42961,0.03192,1.15318,0.00481,1,1,0.0027,-0.06272,0.69171,0.5102,0.78558,20.27991,1,0.39735,0.04777,1.15318,0.00435,1,1,participant_10,question_13,Timer-Correct,True,Question
0.0,0,7,1,0.41351,0.0441,0,0.63333,0.18241,0.05859,2673,745.33038,1,0.41232,-0.00146,-0.06144,-0.05729,0.67059,0.25923,0.76909,22.00855,1,0.42961,0.03192,1.15318,0.00488,1,1,0.003,-0.05946,0.65631,0.51056,0.78548,20.29358,1,0.39741,0.05629,1.14419,0.00437,1,1,participant_10,question_13,Timer-Correct,True,Question
0.0,0,7,1,0.38757,0.01018,0,0.63333,0.18241,0.06561,2673,745.33038,1,0.41007,-0.0004,-0.06144,-0.05729,0.67059,0.2602,0.76872,21.52873,1,0.39685,0.02525,1.16059,0.00493,1,1,0.003,-0.05946,0.65631,0.51146,0.78547,20.76931,1,0.37829,-0.00488,1.1516,0.00438,1,1,participant_10,question_13,Timer-Correct,True,Other
0.0,0,7,1,0.40038,-0.01302,0,0.63333,0.18241,0.07227,2673,745.33038,1,0.40926,-0.00145,-0.06144,-0.05729,0.67059,0.26065,0.76848,21.45002,1,0.40721,0.00709,1.168,0.00487,1,1,0.003,-0.05946,0.65631,0.51172,0.78515,20.16211,1,0.39356,-0.03313,1.15901,0.00442,1,1,participant_10,question_13,Timer-Correct,True,Other
0.0,0,7,1,0.40043,-0.01635,0,0.63333,0.18241,0.07892,2673,745.33038,1,0.40858,-0.0026,-0.0606,-0.05676,0.66623,0.26092,0.76834,21.12397,1,0.40736,0.00827,1.16673,0.00496,1,1,0.00353,-0.06081,0.67172,0.5122,0.78487,19.91417,1,0.39349,-0.04097,1.16673,0.00436,1,1,participant_10,question_13,Timer-Correct,True,Other
0.0,0,7,1,0.41611,0.04195,0,0.63333,0.18241,0.08545,2673,745.33038,1,0.40912,0.00059,-0.0606,-0.05676,0.66623,0.26192,0.76776,20.88174,1,0.41326,0.04421,1.15805,0.00498,1,1,0.00353,-0.06081,0.67172,0.51295,0.78479,20.42174,1,0.41896,0.0397,1.16703,0.00436,1,1,participant_10,question_13,Timer-Correct,True,Question
0.0,0,7,1,0.41846,-0.00291,0,0.63333,0.18241,0.09216,2673,745.33038,1,0.40974,0.00035,-0.0606,-0.05676,0.66623,0.26216,0.76762,21.09286,1,0.43147,0.0036,1.15835,0.00486,1,1,0.00353,-0.06081,0.67172,0.51318,0.78436,20.08003,1,0.40545,-0.00942,1.16734,0.00439,1,1,participant_10,question_13,Timer-Correct,True,Other
0.0,0,7,1,0.41799,-0.01157,0,0.63333,0.18241,0.0993,2673,745.33038,1,0.41026,-0.00039,-0.06116,-0.05723,0.67411,0.26219,0.76742,21.42501,1,0.43054,-0.00486,1.16734,0.0049,1,1,0.00353,-0.06061,0.67171,0.51315,0.784,19.74915,1,0.40544,-0.01827,1.17633,0.00438,1,1,participant_10,question_13,Timer-Correct,True,Other
0.0,0,7,1,0.3162,-0.01381,0,0.63333,0.18241,0.10559,2673,745.33038,1,0.40472,-0.00118,-0.06116,-0.05723,0.67411,0.26131,0.76672,21.10896,1,0.31346,-0.00324,1.18501,0.00502,1,1,0.00353,-0.06061,0.67171,0.51168,0.78365,20.08626,1,0.31893,-0.02437,1.18501,0.00456,1,1,participant_10,question_13,Timer-Correct,True,Other
0.0,0,7,1,0.28705,-0.04452,0,0.63333,0.18241,0.1123,2673,745.33038,1,0.39819,-0.00359,-0.06116,-0.05723,0.67411,0.26,0.76638,21.01929,1,0.27147,0.02229,1.19369,0.00502,1,1,0.00353,-0.06061,0.67171,0.51051,0.78344,20.29058,1,0.30264,-0.11132,1.19369,0.00451,1,1,participant_10,question_13,Timer-Correct,True,Other
0.0,0,7,1,0.28613,-0.04824,0,0.63333,0.18241,0.11902,2673,745.33038,1,0.39229,-0.00594,-0.06143,-0.05699,0.67485,0.25926,0.76597,21.02535,1,0.2696,0.01451,1.20237,0.00502,1,1,0.003,-0.05887,0.65632,0.5096,0.78304,20.47522,1,0.30266,-0.111,1.19338,0.0045,1,1,participant_10,question_13,Timer-Correct,True,Other
0.0,0,7,1,0.15497,-0.00433,0,0.63333,0.18241,0.12585,2673,745.33038,1,0.38042,-0.00586,-0.06143,-0.05699,0.67485,0.25788,0.76539,21.71374,1,0.17945,0.0139,1.19338,0.00487,1,1,0.003,-0.05887,0.65632,0.50783,0.78253,20.20546,1,0.13048,-0.02255,1.18439,0.00446,1,1,participant_10,question_13,Timer-Correct,True,Other
0.0,0,7,1,0.1059,-0.02344,0,0.63333,0.18241,0.12585,2673,745.33038,0,0.33372,-0.00683,-0.06143,-0.05699,0.67485,0.25779,0.76527,21.88751,1,0.1144,-0.03791,1.18439,0.00498,1,1,0.003,-0.05887,0.65632,0.50784,0.78225,20.59769,1,0.0974,-0.00897,1.17541,0.00443,1,1,participant_10,question_13,Timer-Correct,True,Other
0.0,0,7,1,0.10972,-0.01053,0,0.63333,0.18241,0.12585,2673,745.33038,0,0.22172,-0.00868,-0.0606,-0.05586,0.66623,0.2577,0.76523,22.48778,1,0.12019,-0.02108,1.16673,0.00496,1,1,0.00323,-0.06002,0.67306,0.50765,0.78175,20.44614,1,0.09925,1e-05,1.16673,0.00445,1,1,participant_10,question_13,Timer-Correct,True,Other
0.0,0,7,1,0.13018,0.00428,0,0.63333,0.18241,0.12585,2673,745.33038,0,0.19121,-0.00436,-0.0606,-0.05586,0.66623,0.25862,0.76342,22.06336,1,0.14159,0.03977,1.15805,0.00493,1,1,0.00323,-0.06002,0.67306,0.50854,0.78085,20.44793,1,0.11877,-0.03122,1.16703,0.00445,1,1,participant_10,question_13,Timer-Correct,True,Other
0.0,0,7,1,0.12458,0.02461,0,0.63333,0.18241,0.12585,2673,745.33038,0,0.12149,0.00612,-0.0606,-0.05586,0.66623,0.25904,0.76299,21.9156,1,0.12212,0.05566,1.15835,0.00497,1,1,0.00323,-0.06002,0.67306,0.50883,0.78051,20.27743,1,0.12703,-0.00644,1.16734,0.00443,1,1,participant_10,question_13,Timer-Correct,True,Other
0.0,0,7,1,0.12537,0.02896,0,0.63333,0.18241,0.12585,2673,745.33038,0,0.12343,0.01754,-0.06019,-0.05531,0.66622,0.25928,0.76284,22.63706,1,0.12202,0.05539,1.15866,0.00494,1,1,0.00342,-0.05852,0.66074,0.50904,0.77976,20.28442,1,0.12872,0.00254,1.15866,0.00443,1,1,participant_10,question_13,Timer-Correct,True,Question
0.0,0,7,1,0.14016,0.01906,0,0.63333,0.18241,0.12585,2673,745.33038,0,0.12901,0.01805,-0.06019,-0.05531,0.66622,0.25979,0.76103,21.71208,1,0.14247,0.02011,1.15866,0.00494,1,1,0.00342,-0.05852,0.66074,0.50962,0.77872,20.34396,1,0.13784,0.018,1.14967,0.00435,1,1,participant_10,question_13,Timer-Correct,True,Other
0.0,0,7,1,0.1434,0.01535,0,0.63333,0.18241,0.02026,2674,745.48303,1,0.13261,0.01737,-0.06019,-0.05531,0.66622,0.26017,0.76039,21.77044,1,0.14827,0.0463,1.14967,0.00497,1,1,0.00342,-0.05852,0.66074,0.50974,0.77831,20.33477,1,0.13853,-0.01559,1.14068,0.00437,1,1,participant_10,question_13,Timer-Correct,True,Other
0.0,0,7,1,0.14482,0.01944,0,0.63333,0.18241,0.02686,2674,745.48303,1,0.13505,0.01778,-0.05864,-0.05363,0.65124,0.26029,0.76021,22.46564,1,0.15111,0.05447,1.14068,0.0049,1,1,0.00366,-0.05967,0.67881,0.50986,0.77752,20.53077,1,0.13853,-0.01559,1.14068,0.0043,1,1,participant_10,question_13,Timer-Correct,True,Other
0.0,0,7,1,0.16221,0.07366,0,0.63333,0.18241,0.03326,2674,745.48303,1,0.13958,0.0271,-0.05864,-0.05363,0.65124,0.26067,0.75844,21.41123,1,0.16525,0.06646,1.14068,0.00493,1,1,0.00366,-0.05967,0.67881,0.51024,0.77672,20.73593,1,0.15918,0.08085,1.14967,0.00427,1,1,participant_10,question_13,Timer-Correct,True,Question
0.0,0,7,1,0.15946,0.01302,0,0.63333,0.18241,0.04102,2674,745.48303,1,0.14242,0.02509,-0.05864,-0.05363,0.65124,0.26096,0.75783,21.76696,1,0.17368,0.06539,1.14967,0.00484,1,1,0.00366,-0.05967,0.67881,0.51033,0.77632,20.69028,1,0.14524,-0.03935,1.15866,0.00433,1,1,participant_10,question_13,Timer-Correct,True,Other
0.0,0,7,1,0.15524,-0.00432,0,0.63333,0.18241,0.047,2674,745.48303,1,0.14402,0.02141,-0.0591,-0.05374,0.65793,0.26098,0.75837,22.72633,1,0.16842,0.04962,1.16734,0.00502,1,1,0.00389,-0.0596,0.68265,0.51042,0.77557,20.44163,1,0.14206,-0.05826,1.17633,0.00432,1,1,participant_10,question_13,Timer-Correct,True,Other
0.0,0,7,1,0.15162,-0.0063,0,0.63333,0.18241,0.05371,2674,745.48303,1,0.14486,0.01833,-0.0591,-0.05374,0.65793,0.26106,0.75614,21.16713,1,0.15205,-0.0331,1.18501,0.00492,1,1,0.00389,-0.0596,0.68265,0.51073,0.77472,20.2794,1,0.15119,0.02049,1.18501,0.00432,1,1,participant_10,question_13,Timer-Correct,True,Other
0.0,0,7,1,0.14197,-0.02003,0,0.63333,0.18241,0.06024,2674,745.48303,1,0.14457,0.0145,-0.0591,-0.05374,0.65793,0.26141,0.75569,21.81169,1,0.15857,0.01411,1.19369,0.00478,1,1,0.00389,-0.0596,0.68265,0.5107,0.77448,20.41774,1,0.12537,-0.05417,1.19369,0.00429,1,1,participant_10,question_13,Timer-Correct,True,Other
0.0,0,7,1,0.14197,-0.02003,0,0.63333,0.18241,0.06708,2674,745.48303,1,0.14434,0.01136,-0.05981,-0.05393,0.66636,0.26133,0.75591,22.12482,1,0.15857,0.01411,1.19369,0.00495,1,1,0.00382,-0.05824,0.67114,0.51075,0.77375,20.17005,1,0.12537,-0.05417,1.19369,0.00431,1,1,participant_10,question_13,Timer-Correct,True,Other
0.0,0,7,1,0.13776,0.02685,0,0.63333,0.18241,0.07379,2674,745.48303,1,0.14379,0.01265,-0.05981,-0.05393,0.66636,0.26141,0.75421,21.47666,1,0.14725,-0.02047,1.18501,0.00483,1,1,0.00382,-0.05824,0.67114,0.51086,0.77316,20.81513,1,0.12827,0.07418,1.18501,0.00431,1,1,participant_10,question_13,Timer-Correct,True,Question
0.0,0,7,1,0.14422,0.02609,0,0.63333,0.18241,0.08044,2674,745.48303,1,0.14382,0.01368,-0.05981,-0.05393,0.66636,0.26157,0.75401,22.0621,1,0.14818,0.04607,1.17633,0.00476,1,1,0.00382,-0.05824,0.67114,0.51096,0.77285,20.67267,1,0.14025,0.00611,1.17633,0.00426,1,1,participant_10,question_13,Timer-Correct,True,Question
0.0,0,7,1,0.14422,0.02609,0,0.63333,0.18241,0.08722,2674,745.48303,1,0.14385,0.01457,-0.06137,-0.05497,0.68429,0.2615,0.75391,21.91533,1,0.14818,0.04607,1.17633,0.00488,1,1,0.00386,-0.05837,0.67731,0.511,0.77196,20.17926,1,0.14025,0.00611,1.17633,0.00429,1,1,participant_10,question_13,Timer-Correct,True,Question
0.0,0,7,1,0.13964,-0.01147,0,0.63333,0.18241,0.09387,2674,745.48303,1,0.14357,0.01283,-0.06137,-0.05497,0.68429,0.26151,0.75216,20.95821,1,0.14634,-0.04093,1.18501,0.00481,1,1,0.00386,-0.05837,0.67731,0.51088,0.77123,20.23419,1,0.13294,0.01799,1.18501,0.00434,1,1,participant_10,question_13,Timer-Correct,True,Other
0.0,0,7,1,0.13164,-0.01308,0,0.63333,0.18241,0.10034,2674,745.48303,1,0.14282,0.01121,-0.06137,-0.05497,0.68429,0.26147,0.75168,21.05214,1,0.13495,-0.00231,1.19369,0.00483,1,1,0.00386,-0.05837,0.67731,0.51081,0.77081,20.21568,1,0.12832,-0.02384,1.19369,0.00425,1,1,participant_10,question_13,Timer-Correct,True,Other
0.0,0,7,1,0.12947,-0.02151,0,0.63333,0.18241,0.10724,2674,745.48303,1,0.14204,0.00929,-0.06137,-0.05455,0.68429,0.26135,0.75112,21.23991,1,0.13226,-0.01026,1.20237,0.00479,1,1,0.00389,-0.05837,0.68266,0.51091,0.76998,20.46812,1,0.12669,-0.03276,1.20237,0.00423,1,1,participant_10,question_13,Timer-Correct,True,Other
0.0,0,7,1,0.14383,0.02376,0,0.63333,0.18241,0.11395,2674,745.48303,1,0.14214,0.01009,-0.06137,-0.05455,0.68429,0.26142,0.75003,21.27492,1,0.16747,0.03735,1.20237,0.00474,1,1,0.00389,-0.05837,0.68266,0.5108,0.76907,20.68312,1,0.12018,0.01016,1.20237,0.00421,1,1,participant_10,question_13,Timer-Correct,True,Other
0.0,0,7,1,0.13684,0.03252,0,0.63333,0.18241,0.12067,2674,745.48303,1,0.14186,0.01127,-0.06137,-0.05455,0.68429,0.26147,0.74928,21.23062,1,0.15764,0.04816,1.20237,0.00468,1,1,0.00389,-0.05837,0.68266,0.51076,0.76831,19.98519,1,0.11605,0.01688,1.20237,0.00419,1,1,participant_10,question_13,Timer-Correct,True,Question
0.0,0,7,1,0.13899,0.04056,0,0.63333,0.18241,0.12732,2674,745.48303,1,0.14172,0.01274,-0.05981,-0.05253,0.66636,0.26129,0.7487,21.28688,1,0.1602,0.05569,1.19369,0.00475,1,1,0.00389,-0.05775,0.68265,0.51078,0.76767,20.82385,1,0.11777,0.02543,1.19369,0.00418,1,1,participant_10,question_13,Timer-Correct,True,Question
0.0,0,7,1,0.13578,0.04297,0,0.63333,0.18241,0.13397,2674,745.48303,1,0.14143,0.01418,-0.05981,-0.05253,0.66636,0.26129,0.74732,20.86333,1,0.15634,0.08185,1.18501,0.0047,1,1,0.00389,-0.05775,0.68265,0.51073,0.76605,20.13487,1,0.11522,0.00409,1.18501,0.00417,1,1,participant_10,question_13,Timer-Correct,True,Question
0.0,0,7,1,0.13286,0.00014,0,0.63333,0.18241,0.14075,2674,745.48303,1,0.14104,0.01354,-0.05981,-0.05253,0.66636,0.26126,0.74659,20.97327,1,0.16126,-0.02755,1.17633,0.00471,1,1,0.00389,-0.05775,0.68265,0.5107,0.7654,19.9987,1,0.10447,0.02782,1.17633,0.00413,1,1,participant_10,question_13,Timer-Correct,True,Other
0.0,0,7,1,0.13399,0.00351,0,0.63333,0.18241,0.14728,2674,745.48303,1,0.14074,0.0131,-0.05981,-0.05203,0.66636,0.26112,0.74586,20.45052,1,0.16383,-0.01929,1.16765,0.00472,1,1,0.00394,-0.05866,0.70086,0.51056,0.76467,20.523,1,0.10415,0.02632,1.17783,0.00413,1,1,participant_10,question_13,Timer-Correct,True,Other
0.0,0,7,1,0.14534,0.01566,0,0.63333,0.18241,0.15417,2674,745.48303,1,0.14093,0.01321,-0.05981,-0.05203,0.66636,0.26106,0.74473,20.45223,1,0.14848,0.02875,1.17783,0.00483,1,1,0.00394,-0.05866,0.70086,0.51063,0.76316,20.33132,1,0.1422,0.00257,1.18802,0.00412,1,1,participant_10,question_13,Timer-Correct,True,Other
0.0,0,7,1,0.13814,0.04365,0,0.63333,0.18241,0.16077,2674,745.48303,1,0.14082,0.01443,-0.05981,-0.05203,0.66636,0.26125,0.74429,21.39205,1,0.14536,0.06028,1.18802,0.00472,1,1,0.00394,-0.05866,0.70086,0.51044,0.7627,20.2366,1,0.13092,0.02702,1.1982,0.00417,1,1,participant_10,question_13,Timer-Correct,True,Question
0.0,0,7,1,0.13561,0.03425,0,0.63333,0.18241,0.16754,2674,745.48303,1,0.14062,0.01519,-0.05981,-0.05163,0.66636,0.26112,0.74401,21.76909,1,0.14222,0.05144,1.1982,0.00468,1,1,0.00391,-0.0577,0.69499,0.51047,0.76186,20.63569,1,0.12901,0.01707,1.20839,0.00413,1,1,participant_10,question_13,Timer-Correct,True,Question
0.0,0,7,1,0.14852,-0.03316,0,0.63333,0.18241,0.17426,2674,745.48303,1,0.14091,0.0134,-0.05981,-0.05163,0.66636,0.26112,0.74317,21.65533,1,0.16535,-0.00238,1.20839,0.00466,1,1,0.00391,-0.0577,0.69499,0.51056,0.7607,19.72885,1,0.13169,-0.06394,1.20839,0.00426,1,1,participant_10,question_13,Timer-Correct,True,Other
0.0,0,7,1,0.14024,0.00145,0,0.63333,0.18241,0.18103,2674,745.48303,1,0.14089,0.01297,-0.05981,-0.05163,0.66636,0.26098,0.74275,21.12257,1,0.15651,0.00614,1.20839,0.00466,1,1,0.00391,-0.0577,0.69499,0.51043,0.76056,20.33182,1,0.12397,-0.00324,1.20839,0.00408,1,1,participant_10,question_13,Timer-Correct,True,Other
0.0,0,7,1,0.14121,0.00653,0,0.63333,0.18241,0.18793,2674,745.48303,1,0.1409,0.01275,-0.06042,-0.05172,0.67209,0.26105,0.74205,20.9677,1,0.15651,0.00614,1.20839,0.00459,1,1,0.00382,-0.05674,0.68774,0.51054,0.75991,20.04346,1,0.12591,0.00691,1.1982,0.00422,1,1,participant_10,question_13,Timer-Correct,True,Other
0.0,0,7,1,0.13089,0.02019,0,0.63333,0.18241,0.19434,2674,745.48303,1,0.14056,0.013,-0.06042,-0.05172,0.67209,0.26093,0.7418,20.87678,1,0.14631,-0.00379,1.1982,0.00467,1,1,0.00382,-0.05674,0.68774,0.51037,0.75939,20.02827,1,0.11547,0.04417,1.18801,0.00419,1,1,participant_10,question_13,Timer-Correct,True,Other
0.0,0,7,1,0.13225,-0.01433,0,0.63333,0.18241,0.20087,2674,745.48303,1,0.1403,0.01212,-0.06042,-0.05172,0.67209,0.26066,0.74154,20.73644,1,0.14621,-0.01705,1.18801,0.00465,1,1,0.00382,-0.05674,0.68774,0.5103,0.75877,19.52066,1,0.1183,-0.01162,1.17783,0.00415,1,1,participant_10,question_13,Timer-Correct,True,Other
0.0,0,7,1,0.13766,0.00787,0,0.63333,0.18241,0.20758,2674,745.48303,1,0.14021,0.01198,-0.05869,-0.05014,0.65228,0.26065,0.74144,20.78191,1,0.15166,-0.00035,1.17011,0.00468,1,1,0.00361,-0.05415,0.65876,0.5103,0.7586,19.54783,1,0.12366,0.01608,1.15094,0.00413,1,1,participant_10,question_13,Timer-Correct,True,Other
0.0,0,7,1,0.15372,0.07379,0,0.63333,0.18241,0.21429,2674,745.48303,1,0.14062,0.01386,-0.05869,-0.05014,0.65228,0.26106,0.74128,21.34675,1,0.16768,0.0994,1.14323,0.00459,1,1,0.00361,-0.05415,0.65876,0.51038,0.75844,19.95561,1,0.13975,0.04818,1.13424,0.00415,1,1,participant_10,question_13,Timer-Correct,True,Question
0.0,0,7,1,0.1506,0.0869,0,0.63333,0.18241,0.22107,2674,745.48303,1,0.14092,0.016,-0.05869,-0.05014,0.65228,0.26098,0.7411,21.41918,1,0.15148,0.07821,1.12652,0.00458,1,1,0.00361,-0.05415,0.65876,0.51043,0.75826,19.7515,1,0.14972,0.0956,1.11754,0.00415,1,1,participant_10,question_13,Timer-Correct,True,Question
0.0,0,7,1,0.15291,0.09534,0,0.63333,0.18241,0.22797,2674,745.48303,1,0.14126,0.01827,-0.06042,-0.05157,0.67209,0.26104,0.7411,21.55217,1,0.15438,0.08629,1.11754,0.00462,1,1,0.00366,-0.0548,0.66847,0.51064,0.75806,19.78392,1,0.15145,0.10439,1.10855,0.00415,1,1,participant_10,question_13,Timer-Correct,True,Question
0.0,0,7,1,0.17038,0.07165,0,0.63333,0.18241,0.23456,2674,745.48303,1,0.14207,0.01975,-0.06042,-0.05157,0.67209,0.26118,0.74096,21.83692,1,0.18742,0.07112,1.11626,0.00456,1,1,0.00366,-0.0548,0.66847,0.51067,0.75804,19.98356,1,0.15335,0.07219,1.11626,0.00411,1,1,participant_10,question_13,Timer-Correct,True,Question
0.0,0,7,1,0.15543,0.07617,0,0.63333,0.18241,0.24121,2674,745.48303,1,0.14243,0.02128,-0.06042,-0.05157,0.67209,0.26119,0.74099,21.79157,1,0.16157,0.05789,1.12398,0.00455,1,1,0.00366,-0.0548,0.66847,0.51066,0.75803,20.07348,1,0.14929,0.09445,1.12398,0.0041,1,1,participant_10,question_13,Timer-Correct,True,Question
0.0,0,7,1,0.15045,0.05626,0,0.63333,0.18241,0.24786,2674,745.48303,1,0.14264,0.0222,-0.0591,-0.05043,0.65793,0.26123,0.74089,21.73924,1,0.15644,0.04281,1.14038,0.00453,1,1,0.00382,-0.05633,0.68774,0.51072,0.75813,20.13784,1,0.14447,0.0697,1.14936,0.00412,1,1,participant_10,question_13,Timer-Correct,True,Question
0.0,0,7,1,0.14617,0.02963,0,0.63333,0.18241,0.25458,2674,745.48303,1,0.14273,0.02239,-0.0591,-0.05043,0.65793,0.2611,0.74055,20.55124,1,0.15869,0.0008,1.15804,0.00463,1,1,0.00382,-0.05633,0.68774,0.51071,0.75816,20.25689,1,0.13366,0.05847,1.16703,0.00408,1,1,participant_10,question_13,Timer-Correct,True,Question
0.0,0,7,1,0.14436,0.01331,0,0.63333,0.18241,0.26123,2674,745.48303,1,0.14277,0.02216,-0.0591,-0.05043,0.65793,0.26117,0.74046,20.61458,1,0.15543,-0.01112,1.17571,0.00462,1,1,0.00382,-0.05633,0.68774,0.51098,0.75805,20.00031,1,0.13329,0.03774,1.1847,0.00399,1,1,participant_10,question_13,Timer-Correct,True,Other
0.0,0,7,1,0.14216,0.0047,0,0.63333,0.18241,0.26788,2674,745.48303,1,0.14276,0.02174,-0.05981,-0.05103,0.66636,0.26116,0.74036,20.53938,1,0.15273,-0.01954,1.1847,0.00465,1,1,0.00389,-0.05601,0.68265,0.51104,0.75814,19.99999,1,0.13159,0.02894,1.19369,0.00399,1,1,participant_10,question_13,Timer-Correct,True,Other
0.0,0,7,1,0.14834,0.00507,0,0.63333,0.18241,0.27472,2674,745.48303,1,0.14289,0.02134,-0.05981,-0.05103,0.66636,0.26139,0.74025,20.58857,1,0.16951,0.01551,1.18501,0.0046,1,1,0.00389,-0.05601,0.68265,0.51112,0.75825,19.99069,1,0.12717,-0.00537,1.18501,0.00404,1,1,participant_10,question_13,Timer-Correct,True,Other
0.0,0,7,1,0.15806,0.0219,0,0.63333,0.18241,0.27472,2674,745.48303,0,0.15085,0.04522,-0.05981,-0.05103,0.66636,0.26174,0.74033,21.53822,1,0.18138,0.03518,1.17633,0.0045,1,1,0.00389,-0.05601,0.68265,0.51121,0.75827,19.99322,1,0.13473,0.00862,1.17633,0.00405,1,1,participant_10,question_13,Timer-Correct,True,Other
0.0,0,7,1,0.1589,0.02644,0,0.63333,0.18241,0.27472,2674,745.48303,0,0.15488,0.03583,-0.06042,-0.05158,0.67487,0.26179,0.7401,21.5199,1,0.18138,0.03518,1.17633,0.00456,1,1,0.00392,-0.05433,0.66156,0.51135,0.75829,19.92439,1,0.13642,0.01771,1.16734,0.0041,1,1,participant_10,question_13,Timer-Correct,True,Question
0.0,0,7,1,0.15757,-0.01003,0,0.63333,0.18241,0.27472,2674,745.48303,0,0.15578,0.02054,-0.06042,-0.05158,0.67487,0.26179,0.73964,20.70392,1,0.14457,-0.02377,1.17602,0.00458,1,1,0.00392,-0.05433,0.66156,0.51161,0.75829,19.85651,1,0.17058,0.0037,1.16703,0.00405,1,1,participant_10,question_13,Timer-Correct,True,Other
0.0,0,7,1,0.14904,0.02925,0,0.63333,0.18241,0.02002,2675,745.7644,1,0.15409,0.02272,-0.06042,-0.05158,0.67487,0.26199,0.73948,21.28709,1,0.15924,0.00341,1.17571,0.0046,1,1,0.00392,-0.05433,0.66156,0.51167,0.75829,20.09368,1,0.13885,0.05509,1.16673,0.00403,1,1,participant_10,question_13,Timer-Correct,True,Question
0.0,0,7,1,0.14912,0.02954,0,0.63333,0.18241,0.02643,2675,745.7644,1,0.1531,0.02408,-0.06042,-0.05132,0.67487,0.262,0.73911,20.76069,1,0.15933,0.00369,1.17541,0.0046,1,1,0.00405,-0.05468,0.66698,0.51191,0.75815,19.90532,1,0.13891,0.05538,1.16642,0.00411,1,1,participant_10,question_13,Timer-Correct,True,Question
0.0,0,7,1,0.1606,0.00814,0,0.63333,0.18241,0.03314,2675,745.7644,1,0.15435,0.02143,-0.06042,-0.05132,0.67487,0.26228,0.73846,20.85625,1,0.18249,-0.01874,1.16642,0.00453,1,1,0.00405,-0.05468,0.66698,0.51205,0.75801,19.8734,1,0.1387,0.03502,1.16642,0.00404,1,1,participant_10,question_13,Timer-Correct,True,Other
0.0,0,7,1,0.15268,0.03112,0,0.63333,0.18241,0.04016,2675,745.7644,1,0.15411,0.02281,-0.06042,-0.05132,0.67487,0.26234,0.73846,20.98742,1,0.15686,0.06015,1.16642,0.00453,1,1,0.00405,-0.05468,0.66698,0.51199,0.75779,19.67039,1,0.1485,0.0021,1.16642,0.00404,1,1,participant_10,question_13,Timer-Correct,True,Question
0.0,0,7,1,0.15586,0.04216,0,0.63333,0.18241,0.047,2675,745.7644,1,0.15433,0.02523,-0.05738,-0.04863,0.64197,0.26262,0.73818,21.29618,1,0.16189,0.07465,1.15002,0.00458,1,1,0.00423,-0.05629,0.68797,0.51227,0.75785,20.199,1,0.14983,0.00968,1.15901,0.00409,1,1,participant_10,question_13,Timer-Correct,True,Question
0.0,0,7,1,0.15803,0.00514,0,0.63333,0.18241,0.05341,2675,745.7644,1,0.15474,0.023,-0.05738,-0.04863,0.64197,0.26258,0.73767,21.4224,1,0.17863,0.04723,1.14261,0.00457,1,1,0.00423,-0.05629,0.68797,0.51232,0.75741,19.66185,1,0.13743,-0.03695,1.1516,0.00405,1,1,participant_10,question_13,Timer-Correct,True,Other
0.0,0,7,1,0.14896,0.06681,0,0.63333,0.18241,0.05988,2675,745.7644,1,0.15416,0.02738,-0.05738,-0.04863,0.64197,0.26269,0.73738,21.35652,1,0.16276,0.05544,1.1352,0.00457,1,1,0.00423,-0.05629,0.68797,0.51253,0.75723,19.86601,1,0.13516,0.07818,1.14419,0.00395,1,1,participant_10,question_13,Timer-Correct,True,Question
0.0,0,7,1,0.14977,0.07089,0,0.63333,0.18241,0.06647,2675,745.7644,1,0.15376,0.03133,-0.05729,-0.04836,0.64159,0.26285,0.73696,21.38552,1,0.16266,0.05516,1.13551,0.00454,1,1,0.00413,-0.05419,0.66414,0.51245,0.75706,20.014,1,0.13687,0.08663,1.13551,0.00399,1,1,participant_10,question_13,Timer-Correct,True,Question
0.0,0,7,1,0.15034,0.05277,0,0.63333,0.18241,0.07318,2675,745.7644,1,0.15348,0.03312,-0.05729,-0.04836,0.64159,0.26279,0.73656,21.24434,1,0.15643,0.09507,1.14323,0.0046,1,1,0.00413,-0.05419,0.66414,0.51253,0.75665,19.59897,1,0.14425,0.01048,1.13424,0.00407,1,1,participant_10,question_13,Timer-Correct,True,Question
0.0,0,7,1,0.1788,0.00803,0,0.63333,0.18241,0.07996,2675,745.7644,1,0.15542,0.03119,-0.05729,-0.04836,0.64159,0.26276,0.73606,20.47892,1,0.19459,0.03443,1.14195,0.00457,1,1,0.00413,-0.05419,0.66414,0.5125,0.75647,19.73631,1,0.16301,-0.01837,1.13297,0.00412,1,1,participant_10,question_13,Timer-Correct,True,Other
0.0,0,7,1,0.17909,0.0093,0,0.63333,0.18241,0.08691,2675,745.7644,1,0.15711,0.02963,-0.05729,-0.04817,0.64159,0.26263,0.73571,20.52025,1,0.19495,0.0356,1.14068,0.00458,1,1,0.00413,-0.05409,0.66414,0.51277,0.75621,19.35269,1,0.16323,-0.01701,1.1317,0.00414,1,1,participant_10,question_13,Timer-Correct,True,Other
0.0,0,7,1,0.15941,0.05337,0,0.63333,0.18241,0.09326,2675,745.7644,1,0.15727,0.03121,-0.05729,-0.04817,0.64159,0.26269,0.73545,20.89848,1,0.18498,0.04911,1.1317,0.00455,1,1,0.00413,-0.05409,0.66414,0.51258,0.75606,19.96102,1,0.13383,0.05763,1.1317,0.00397,1,1,participant_10,question_13,Timer-Correct,True,Question
0.0,0,7,1,0.16129,0.01983,0,0.63333,0.18241,0.10046,2675,745.7644,1,0.15752,0.0305,-0.05729,-0.04817,0.64159,0.26257,0.73527,20.68621,1,0.17774,0.0097,1.1317,0.00457,1,1,0.00413,-0.05409,0.66414,0.51238,0.75581,19.53193,1,0.14485,0.02996,1.1317,0.00403,1,1,participant_10,question_13,Timer-Correct,True,Other
0.0,0,7,1,0.15596,-0.00319,0,0.63333,0.18241,0.10724,2675,745.7644,1,0.15743,0.02852,-0.06348,-0.05326,0.71083,0.26254,0.73478,20.11589,1,0.17225,-0.008,1.15022,0.00453,1,1,0.00423,-0.05588,0.68797,0.5123,0.75537,19.33928,1,0.13968,0.00162,1.1592,0.00405,1,1,participant_10,question_13,Timer-Correct,True,Other
0.0,0,7,1,0.15116,-0.01244,0,0.63333,0.18241,0.11389,2675,745.7644,1,0.15708,0.02624,-0.06348,-0.05326,0.71083,0.2624,0.73468,20.41711,1,0.14884,0.05045,1.17772,0.00455,1,1,0.00423,-0.05588,0.68797,0.51218,0.75551,19.73134,1,0.15349,-0.07533,1.18671,0.00407,1,1,participant_10,question_13,Timer-Correct,True,Other
0.0,0,7,1,0.13993,0.01908,0,0.63333,0.18241,0.12061,2675,745.7644,1,0.15618,0.02586,-0.06348,-0.05326,0.71083,0.26232,0.73453,20.59567,1,0.15969,0.01449,1.20523,0.00455,1,1,0.00423,-0.05588,0.68797,0.51209,0.75536,19.64246,1,0.12018,0.02367,1.21421,0.0041,1,1,participant_10,question_13,Timer-Correct,True,Other
0.0,0,7,1,0.13469,-0.00233,0,0.63333,0.18241,0.12738,2675,745.7644,1,0.1551,0.02445,-0.06042,-0.05046,0.67487,0.26219,0.7344,20.53853,1,0.15455,-0.00129,1.22289,0.00457,1,1,0.00418,-0.05582,0.68783,0.51204,0.75524,20.07013,1,0.11484,-0.00336,1.24207,0.00405,1,1,participant_10,question_13,Timer-Correct,True,Other
0.0,0,7,1,0.14332,-0.03375,0,0.63333,0.18241,0.13391,2675,745.7644,1,0.15454,0.02168,-0.06042,-0.05046,0.67487,0.26197,0.73455,20.9707,1,0.16157,-0.0133,1.23223,0.00462,1,1,0.00418,-0.05582,0.68783,0.51174,0.75489,19.5694,1,0.12508,-0.0542,1.24241,0.00405,1,1,participant_10,question_13,Timer-Correct,True,Other
0.0,0,7,1,0.13503,-0.05227,0,0.63333,0.18241,0.14069,2675,745.7644,1,0.15366,0.01832,-0.06042,-0.05046,0.67487,0.2619,0.73488,21.01385,1,0.14751,-0.02577,1.23257,0.00459,1,1,0.00418,-0.05582,0.68783,0.51169,0.75489,19.58187,1,0.12256,-0.07878,1.24276,0.00404,1,1,participant_10,question_13,Timer-Correct,True,Other
0.0,0,7,1,0.13793,-0.03892,0,0.63333,0.18241,0.14734,2675,745.7644,1,0.15297,0.01583,-0.05981,-0.04983,0.66636,0.26167,0.73444,20.89155,1,0.14994,-0.01821,1.22424,0.0046,1,1,0.004,-0.05534,0.68382,0.51154,0.7546,19.34871,1,0.12593,-0.05962,1.22424,0.00399,1,1,participant_10,question_13,Timer-Correct,True,Other
0.0,0,7,1,0.14001,-0.04386,0,0.63333,0.18241,0.15375,2675,745.7644,1,0.15243,0.01335,-0.05981,-0.04983,0.66636,0.26146,0.73449,20.76067,1,0.15519,-0.00486,1.21556,0.00458,1,1,0.004,-0.05534,0.68382,0.51137,0.75452,19.29158,1,0.12483,-0.08286,1.20538,0.00415,1,1,participant_10,question_13,Timer-Correct,True,Other
0.0,0,7,1,0.14782,-0.02272,0,0.63333,0.18241,0.16046,2675,745.7644,1,0.15225,0.0119,-0.05981,-0.04983,0.66636,0.26137,0.73442,20.49247,1,0.15602,0.00236,1.1967,0.00458,1,1,0.004,-0.05534,0.68382,0.51144,0.75449,19.20997,1,0.13962,-0.0478,1.18651,0.00413,1,1,participant_10,question_13,Timer-Correct,True,Other
0.0,0,7,1,0.15314,0.00051,0,0.63333,0.18241,0.16699,2675,745.7644,1,0.15228,0.01146,-0.05903,-0.04921,0.65877,0.26151,0.73447,20.73215,1,0.16161,0.01953,1.17783,0.00457,1,1,0.00392,-0.05354,0.66156,0.51143,0.75448,20.2621,1,0.14466,-0.01851,1.15866,0.00406,1,1,participant_10,question_13,Timer-Correct,True,Other
0.0,0,7,1,0.21626,0.00181,0,0.63333,0.18241,0.16699,2675,745.7644,0,0.15138,-0.01402,-0.05903,-0.04921,0.65877,0.26305,0.73398,20.87057,1,0.23444,-0.01124,1.15866,0.00463,1,1,0.00392,-0.05354,0.66156,0.51294,0.75374,19.00617,1,0.19808,0.01486,1.14967,0.00424,1,1,participant_10,question_13,Timer-Correct,True,Other
0.0,0,7,1,0.27736,-0.00088,0,0.63333,0.18241,0.16699,2675,745.7644,0,0.21437,-0.00745,-0.05903,-0.04921,0.65877,0.26439,0.73361,19.82624,1,0.26793,-0.01306,1.14967,0.00471,1,1,0.00392,-0.05354,0.66156,0.51441,0.75346,18.86717,1,0.28678,0.0113,1.14068,0.00415,1,1,participant_10,question_13,Timer-Correct,True,Other
0.0,0,7,1,0.27775,0.00347,0,0.63333,0.18241,0.16699,2675,745.7644,0,0.2355,-0.00381,-0.06047,-0.05092,0.6823,0.26527,0.73375,20.36958,1,0.268,-0.01276,1.14936,0.00475,1,1,0.00445,-0.05204,0.64481,0.51534,0.75334,19.00492,1,0.28749,0.0197,1.13239,0.00418,1,1,participant_10,question_13,Timer-Correct,True,Other
0.0,0,7,1,0.40128,0.03101,0,0.63333,0.18241,0.16699,2675,745.7644,0,0.3188,0.0112,-0.06047,-0.05092,0.6823,0.26799,0.73353,20.69347,1,0.41129,0.02516,1.14107,0.00458,1,1,0.00445,-0.05204,0.64481,0.51765,0.75313,19.30193,1,0.39128,0.03686,1.13308,0.00417,1,1,participant_10,question_13,Timer-Correct,True,Question
0.0,0,7,1,0.43436,0.02479,0,0.63333,0.18241,0.16699,2675,745.7644,0,0.37658,0.01799,-0.06047,-0.05092,0.6823,0.26857,0.73351,20.46468,1,0.42894,0.02777,1.14176,0.00466,1,1,0.00445,-0.05204,0.64481,0.51793,0.75318,19.45748,1,0.43977,0.02181,1.13377,0.00428,1,1,participant_10,question_13,Timer-Correct,True,Other
0.0,0,7,1,0.43453,0.01582,0,0.63333,0.18241,0.16699,2675,745.7644,0,0.39589,0.01727,-0.05978,-0.05045,0.67677,0.2689,0.73356,20.81328,1,0.42887,0.02712,1.14245,0.00465,1,1,0.00487,-0.05456,0.67609,0.51828,0.7532,19.29247,1,0.44019,0.00451,1.15144,0.00433,1,1,participant_10,question_13,Timer-Correct,True,Other
0.0,0,7,1,0.45757,0.00375,0,0.63333,0.18241,0.16699,2675,745.7644,0,0.44215,0.01478,-0.05978,-0.05045,0.67677,0.26877,0.73355,20.2819,1,0.47665,-0.00719,1.15144,0.0047,1,1,0.00487,-0.05456,0.67609,0.518,0.7533,19.66461,1,0.43849,0.01469,1.16842,0.00425,1,1,participant_10,question_13,Timer-Correct,True,Other
0.0,0,7,1,0.43755,-0.00286,0,0.63333,0.18241,0.16699,2675,745.7644,0,0.43985,0.00596,-0.05978,-0.05045,0.67677,0.26861,0.73376,20.07056,1,0.45601,-0.00278,1.16842,0.00473,1,1,0.00487,-0.05456,0.67609,0.51791,0.75355,20.55007,1,0.41909,-0.00294,1.18539,0.00419,1,1,participant_10,question_13,Timer-Correct,True,Other
0.0,0,7,1,0.43653,-0.02834,0,0.63333,0.18241,0.16699,2675,745.7644,0,0.43874,-0.00547,-0.06286,-0.05308,0.70982,0.26847,0.73386,20.15362,1,0.45373,-0.02794,1.19523,0.00467,1,1,0.00473,-0.05422,0.67125,0.51785,0.75345,19.97962,1,0.41933,-0.02874,1.2122,0.00416,1,1,participant_10,question_13,Timer-Correct,True,Other
0.0,0,7,1,0.42605,-0.09936,0,0.63333,0.18241,0.02008,2676,745.97888,1,0.43557,-0.02894,-0.06286,-0.05308,0.70982,0.26823,0.73431,20.85289,1,0.42801,-0.06581,1.22204,0.00461,1,1,0.00473,-0.05422,0.67125,0.51771,0.7535,19.53103,1,0.42408,-0.13291,1.22204,0.00416,1,1,participant_10,question_13,Timer-Correct,True,Other
0.0,0,7,1,0.41259,-0.07597,0,0.63333,0.18241,0.02673,2676,745.97888,1,0.43097,-0.03835,-0.06286,-0.05308,0.70982,0.26826,0.73441,20.64847,1,0.42342,-0.04408,1.23188,0.00461,1,1,0.00473,-0.05422,0.67125,0.51762,0.7537,19.53861,1,0.40176,-0.10787,1.23188,0.00409,1,1,participant_10,question_13,Timer-Correct,True,Other
0.0,0,7,1,0.41259,-0.07597,0,0.63333,0.18241,0.03345,2676,745.97888,1,0.42791,-0.04462,-0.06047,-0.05112,0.6823,0.26812,0.73467,20.33445,1,0.42342,-0.04408,1.23188,0.00461,1,1,0.00473,-0.05437,0.67125,0.51759,0.75405,19.7362,1,0.40176,-0.10787,1.23188,0.00422,1,1,participant_10,question_13,Timer-Correct,True,Other
0.0,0,7,1,0.41959,-0.03522,0,0.63333,0.18241,0.0401,2676,745.97888,1,0.42672,-0.04328,-0.06047,-0.05112,0.6823,0.26789,0.73493,20.205,1,0.40726,-0.02451,1.22204,0.00468,1,1,0.00473,-0.05437,0.67125,0.51757,0.75446,19.76121,1,0.43193,-0.04593,1.22204,0.00418,1,1,participant_10,question_13,Timer-Correct,True,Other
0.0,0,7,1,0.43477,-0.05447,0,0.63333,0.18241,0.04681,2676,745.97888,1,0.42773,-0.04468,-0.06047,-0.05112,0.6823,0.26779,0.73522,20.73685,1,0.44392,-0.05083,1.2122,0.00459,1,1,0.00473,-0.05437,0.67125,0.5176,0.7547,19.63056,1,0.42561,-0.05811,1.2122,0.00409,1,1,participant_10,question_13,Timer-Correct,True,Other
0.0,0,7,1,0.43514,-0.04498,0,0.63333,0.18241,0.05353,2676,745.97888,1,0.42855,-0.04471,-0.06047,-0.05133,0.6823,0.26787,0.73546,20.82577,1,0.44481,-0.04154,1.20237,0.00461,1,1,0.00473,-0.05457,0.67125,0.51758,0.75508,19.65703,1,0.42547,-0.04841,1.20237,0.00422,1,1,participant_10,question_13,Timer-Correct,True,Other
0.0,0,7,1,0.41519,-0.03708,0,0.63333,0.18241,0.0603,2676,745.97888,1,0.42721,-0.04395,-0.06047,-0.05133,0.6823,0.26781,0.73578,20.44809,1,0.43162,-0.03933,1.20237,0.00468,1,1,0.00473,-0.05457,0.67125,0.51755,0.75542,19.77279,1,0.39876,-0.03484,1.20237,0.00417,1,1,participant_10,question_13,Timer-Correct,True,Other
0.0,0,7,1,0.41864,-0.03255,0,0.63333,0.18241,0.06689,2676,745.97888,1,0.42644,-0.04291,-0.06047,-0.05133,0.6823,0.26771,0.73603,20.65418,1,0.43724,0.01152,1.20237,0.00463,1,1,0.00473,-0.05457,0.67125,0.51767,0.75567,19.66468,1,0.40004,-0.07661,1.20237,0.00408,1,1,participant_10,question_13,Timer-Correct,True,Other
0.0,0,7,1,0.41864,-0.03255,0,0.63333,0.18241,0.07361,2676,745.97888,1,0.42579,-0.04205,-0.06047,-0.05148,0.6823,0.26792,0.73612,20.8256,1,0.43724,0.01152,1.20237,0.00461,1,1,0.00473,-0.05477,0.67124,0.51761,0.75615,19.68575,1,0.40004,-0.07661,1.20237,0.00426,1,1,participant_10,question_13,Timer-Correct,True,Other
0.0,0,7,1,0.41529,-0.00175,0,0.63333,0.18241,0.08032,2676,745.97888,1,0.42498,-0.03895,-0.06047,-0.05148,0.6823,0.2679,0.73655,20.65156,1,0.43175,0.00327,1.20237,0.00463,1,1,0.00473,-0.05477,0.67124,0.51767,0.75648,19.81661,1,0.39883,-0.00678,1.20237,0.00413,1,1,participant_10,question_13,Timer-Correct,True,Other
0.0,0,7,1,0.40495,-0.04986,0,0.63333,0.18241,0.08691,2676,745.97888,1,0.42355,-0.03973,-0.06047,-0.05148,0.6823,0.2678,0.7369,20.59448,1,0.43025,-0.01836,1.20237,0.00466,1,1,0.00473,-0.05477,0.67124,0.51769,0.75657,19.61008,1,0.37965,-0.08136,1.20237,0.00413,1,1,participant_10,question_13,Timer-Correct,True,Other
0.0,0,7,1,0.40495,-0.04986,0,0.63333,0.18241,0.09332,2676,745.97888,1,0.42231,-0.0404,-0.06047,-0.05168,0.6823,0.26777,0.73688,20.0667,1,0.43025,-0.01836,1.20237,0.00469,1,1,0.00473,-0.05497,0.67124,0.5177,0.75694,19.92777,1,0.37965,-0.08136,1.20237,0.00418,1,1,participant_10,question_13,Timer-Correct,True,Other
0.0,0,7,1,0.42372,-0.01902,0,0.63333,0.18241,0.10034,2676,745.97888,1,0.4224,-0.03907,-0.06047,-0.05168,0.6823,0.26792,0.73715,20.87617,1,0.43458,-0.00959,1.20237,0.0046,1,1,0.00473,-0.05497,0.67124,0.51769,0.75738,20.49829,1,0.41286,-0.02844,1.20237,0.00416,1,1,participant_10,question_13,Timer-Correct,True,Other
0.0,0,7,1,0.43,0.00222,0,0.63333,0.18241,0.10675,2676,745.97888,1,0.42284,-0.03664,-0.06047,-0.05168,0.6823,0.26784,0.73737,20.33488,1,0.43647,0.02297,1.20237,0.00471,1,1,0.00473,-0.05497,0.67124,0.51777,0.75739,20.38674,1,0.42353,-0.01854,1.20237,0.00419,1,1,participant_10,question_13,Timer-Correct,True,Other
0.0,0,7,1,0.43006,-0.00268,0,0.63333,0.18241,0.11353,2676,745.97888,1,0.42324,-0.03475,-0.06047,-0.05179,0.6823,0.2679,0.7377,20.62379,1,0.43647,0.02297,1.20237,0.00471,1,1,0.00506,-0.05831,0.71062,0.51768,0.7575,20.47426,1,0.42366,-0.02832,1.21255,0.00415,1,1,participant_10,question_13,Timer-Correct,True,Other
0.0,0,7,1,0.42842,-0.0584,0,0.63333,0.18241,0.12061,2676,745.97888,1,0.42352,-0.036,-0.06047,-0.05179,0.6823,0.26788,0.73796,20.77294,1,0.42452,-0.0332,1.21255,0.00467,1,1,0.00506,-0.05831,0.71062,0.51777,0.75755,20.58118,1,0.43231,-0.08361,1.22274,0.00416,1,1,participant_10,question_13,Timer-Correct,True,Other
0.0,0,7,1,0.41161,-0.07007,0,0.63333,0.18241,0.12665,2676,745.97888,1,0.42292,-0.0377,-0.06047,-0.05179,0.6823,0.2678,0.73811,20.91179,1,0.42986,-0.06939,1.22274,0.00461,1,1,0.00506,-0.05831,0.71062,0.51777,0.75755,20.58118,1,0.39335,-0.07076,1.23292,0.00416,1,1,participant_10,question_13,Timer-Correct,True,Other
0.0,0,7,1,0.41114,-0.07049,0,0.63333,0.18241,0.1333,2676,745.97888,1,0.42236,-0.03926,-0.06047,-0.05194,0.6823,0.26787,0.73802,20.58311,1,0.42886,-0.07907,1.23292,0.00466,1,1,0.00468,-0.05382,0.6565,0.51792,0.75764,20.40569,1,0.39341,-0.0619,1.22394,0.00425,1,1,participant_10,question_13,Timer-Correct,True,Other
0.0,0,7,1,0.4113,-0.03958,0,0.63333,0.18241,0.14008,2676,745.97888,1,0.42186,-0.03928,-0.06047,-0.05194,0.6823,0.26786,0.73811,21.12762,1,0.42865,-0.07983,1.22394,0.00464,1,1,0.00468,-0.05382,0.6565,0.51794,0.75751,20.58442,1,0.39395,0.00066,1.20476,0.0042,1,1,participant_10,question_13,Timer-Correct,True,Other
0.0,0,7,1,0.41217,-0.02652,0,0.63333,0.18241,0.14697,2676,745.97888,1,0.42144,-0.03872,-0.06047,-0.05194,0.6823,0.26785,0.73802,20.70536,1,0.43002,-0.06567,1.20476,0.00465,1,1,0.00468,-0.05382,0.6565,0.51794,0.75751,20.4718,1,0.39432,0.01262,1.18559,0.00419,1,1,participant_10,question_13,Timer-Correct,True,Other
0.0,0,7,1,0.41317,-0.01245,0,0.63333,0.18241,0.1532,2676,745.97888,1,0.42109,-0.03763,-0.06047,-0.05189,0.6823,0.26774,0.73798,20.62388,1,0.43195,-0.04722,1.18559,0.00467,1,1,0.00487,-0.05537,0.67609,0.51785,0.75726,20.3083,1,0.3944,0.02233,1.17541,0.00414,1,1,participant_10,question_13,Timer-Correct,True,Other
0.0,0,7,1,0.42746,-0.03954,0,0.63333,0.18241,0.16064,2676,745.97888,1,0.42135,-0.0377,-0.06047,-0.05189,0.6823,0.26784,0.73764,20.56102,1,0.4255,-0.01137,1.17541,0.00472,1,1,0.00487,-0.05537,0.67609,0.51796,0.75686,19.94729,1,0.42942,-0.0677,1.18439,0.0042,1,1,participant_10,question_13,Timer-Correct,True,Other
0.0,0,7,1,0.42726,-0.0355,0,0.63333,0.18241,0.16693,2676,745.97888,1,0.42157,-0.03762,-0.06047,-0.05189,0.6823,0.26782,0.73758,20.74024,1,0.42466,0.01753,1.18439,0.00477,1,1,0.00487,-0.05537,0.67609,0.51793,0.75675,19.93812,1,0.42986,-0.08854,1.19338,0.00423,1,1,participant_10,question_13,Timer-Correct,True,Other
0.0,0,7,1,0.42642,-0.05371,0,0.63333,0.18241,0.17401,2676,745.97888,1,0.42175,-0.03821,-0.06212,-0.05299,0.70028,0.26762,0.73726,20.72873,1,0.42266,0.00043,1.20322,0.00471,1,1,0.00473,-0.05477,0.67124,0.51796,0.75638,19.8294,1,0.43018,-0.10786,1.2122,0.00422,1,1,participant_10,question_13,Timer-Correct,True,Other
0.0,0,7,1,0.4139,-0.04043,0,0.63333,0.18241,0.17999,2676,745.97888,1,0.42147,-0.03829,-0.06212,-0.05299,0.70028,0.26774,0.73651,20.29997,1,0.41995,-0.00654,1.22204,0.00481,1,1,0.00473,-0.05477,0.67124,0.51782,0.75581,19.78899,1,0.40786,-0.07432,1.22204,0.00428,1,1,participant_10,question_13,Timer-Correct,True,Other
0.0,0,7,1,0.40737,-0.08139,0,0.63333,0.18241,0.18665,2676,745.97888,1,0.42099,-0.03978,-0.06212,-0.05299,0.70028,0.26772,0.73642,21.0998,1,0.41735,-0.08217,1.23188,0.00477,1,1,0.00473,-0.05477,0.67124,0.51797,0.7558,19.98632,1,0.3974,-0.08062,1.23188,0.00426,1,1,participant_10,question_13,Timer-Correct,True,Other
0.0,0,7,1,0.40737,-0.08139,0,0.63333,0.18241,0.1933,2676,745.97888,1,0.42053,-0.04117,-0.06047,-0.05128,0.6823,0.26761,0.73599,20.87786,1,0.41735,-0.08217,1.23188,0.00471,1,1,0.00489,-0.05517,0.67864,0.51796,0.75535,20.07331,1,0.3974,-0.08062,1.23188,0.00423,1,1,participant_10,question_13,Timer-Correct,True,Other
0.0,0,7,1,0.42019,-0.08345,0,0.63333,0.18241,0.20001,2676,745.97888,1,0.42052,-0.04253,-0.06047,-0.05128,0.6823,0.26762,0.73536,21.26485,1,0.41478,-0.07831,1.22204,0.00472,1,1,0.00489,-0.05517,0.67864,0.5179,0.75485,19.91547,1,0.42559,-0.08859,1.22204,0.00429,1,1,participant_10,question_13,Timer-Correct,True,Other
0.0,0,7,1,0.42634,-0.02129,0,0.63333,0.18241,0.20721,2676,745.97888,1,0.4207,-0.04187,-0.06047,-0.05128,0.6823,0.2677,0.73481,20.75844,1,0.41423,-0.02061,1.2122,0.00477,1,1,0.00489,-0.05517,0.67864,0.51791,0.75458,20.42803,1,0.43844,-0.02197,1.2122,0.00424,1,1,participant_10,question_13,Timer-Correct,True,Other
0.0,0,7,1,0.42668,-0.0078,0,0.63333,0.18241,0.2135,2676,745.97888,1,0.42088,-0.04083,-0.0608,-0.05116,0.68486,0.2675,0.73437,20.72488,1,0.41532,-0.01157,1.20237,0.00479,1,1,0.00469,-0.05333,0.65837,0.51803,0.75421,20.50056,1,0.43804,-0.00404,1.19338,0.00423,1,1,participant_10,question_13,Timer-Correct,True,Other
0.0,0,7,1,0.41585,0.00979,0,0.63333,0.18241,0.22015,2676,745.97888,1,0.42074,-0.03935,-0.0608,-0.05116,0.68486,0.26749,0.73362,20.73595,1,0.43886,0.00599,1.19338,0.00473,1,1,0.00469,-0.05333,0.65837,0.51791,0.75369,20.2194,1,0.39285,0.0136,1.18439,0.00429,1,1,participant_10,question_13,Timer-Correct,True,Other
0.0,0,7,1,0.41637,-0.026,0,0.63333,0.18241,0.22754,2676,745.97888,1,0.42061,-0.03896,-0.0608,-0.05116,0.68486,0.26749,0.73346,21.12738,1,0.43981,-0.04217,1.18439,0.0047,1,1,0.00469,-0.05333,0.65837,0.51792,0.75347,20.19014,1,0.39293,-0.00983,1.17541,0.00429,1,1,participant_10,question_13,Timer-Correct,True,Other
0.0,0,7,1,0.41629,-0.03123,0,0.63333,0.18241,0.23352,2676,745.97888,1,0.42049,-0.03875,-0.06242,-0.0524,0.70364,0.26754,0.73326,21.44955,1,0.43973,-0.04299,1.18524,0.00472,1,1,0.00477,-0.05461,0.67667,0.51784,0.75302,19.90815,1,0.39285,-0.01948,1.18524,0.00432,1,1,participant_10,question_13,Timer-Correct,True,Other
0.0,0,7,1,0.41342,-0.01748,0,0.63333,0.18241,0.24066,2676,745.97888,1,0.4203,-0.03817,-0.06242,-0.0524,0.70364,0.26718,0.73274,21.17507,1,0.43604,0.00836,1.19508,0.0048,1,1,0.00477,-0.05461,0.67667,0.51759,0.75287,20.12137,1,0.39081,-0.04333,1.20407,0.00435,1,1,participant_10,question_13,Timer-Correct,True,Other
0.0,0,7,1,0.41079,0.00837,0,0.63333,0.18241,0.24719,2676,745.97888,1,0.42005,-0.03695,-0.06242,-0.0524,0.70364,0.26693,0.73269,21.04651,1,0.43459,0.02558,1.21391,0.00481,1,1,0.00477,-0.05461,0.67667,0.51722,0.75264,19.88281,1,0.38698,-0.00883,1.22289,0.00428,1,1,participant_10,question_13,Timer-Correct,True,Other
0.0,0,7,1,0.40976,-0.00879,0,0.63333,0.18241,0.25366,2676,745.97888,1,0.41979,-0.03623,-0.06276,-0.05236,0.70513,0.26677,0.73242,20.99962,1,0.43277,0.00902,1.23273,0.00479,1,1,0.00456,-0.05438,0.67573,0.51712,0.75248,19.85172,1,0.38675,-0.02659,1.24172,0.00425,1,1,participant_10,question_13,Timer-Correct,True,Other
0.0,0,7,1,0.40302,-0.07295,0,0.63333,0.18241,0.2619,2676,745.97888,1,0.41937,-0.03715,-0.06276,-0.05236,0.70513,0.26634,0.73244,21.2351,1,0.40233,-0.06206,1.24172,0.0048,1,1,0.00456,-0.05438,0.67573,0.51684,0.75255,20.06125,1,0.40372,-0.08385,1.24172,0.00429,1,1,participant_10,question_13,Timer-Correct,True,Other
0.0,0,7,1,0.38881,-0.09766,0,0.63333,0.18241,0.2677,2676,745.97888,1,0.41862,-0.03862,-0.06276,-0.05236,0.70513,0.26621,0.73267,21.21809,1,0.38051,-0.10534,1.24172,0.00478,1,1,0.00456,-0.05438,0.67573,0.51676,0.7529,20.71771,1,0.39711,-0.08997,1.24172,0.00418,1,1,participant_10,question_13,Timer-Correct,True,Other
0.0,0,7,1,0.38883,-0.09319,0,0.63333,0.18241,0.27411,2676,745.97888,1,0.41791,-0.03992,-0.06348,-0.05289,0.71083,0.26618,0.7326,20.86103,1,0.38051,-0.10534,1.24172,0.00475,1,1,0.00439,-0.05308,0.65718,0.51666,0.75321,20.40715,1,0.39715,-0.08104,1.23273,0.00428,1,1,participant_10,question_13,Timer-Correct,True,Other
0.0,0,7,1,0.39111,-0.09311,0,0.63333,0.18241,0.28088,2676,745.97888,1,0.41729,-0.04116,-0.06348,-0.05289,0.71083,0.26563,0.73326,21.22329,1,0.40615,-0.10219,1.23273,0.00477,1,1,0.00439,-0.05308,0.65718,0.51636,0.75389,20.51099,1,0.37607,-0.08402,1.22374,0.00418,1,1,participant_10,question_13,Timer-Correct,True,Other
0.0,0,7,1,0.39841,-0.06812,0,0.63333,0.18241,0.28766,2676,745.97888,1,0.41686,-0.04177,-0.06348,-0.05289,0.71083,0.26521,0.73436,21.74786,1,0.38319,-0.02422,1.22374,0.00483,1,1,0.00439,-0.05308,0.65718,0.51615,0.75416,20.06805,1,0.41363,-0.11201,1.21476,0.00419,1,1,participant_10,question_13,Timer-Correct,True,Other
0.0,0,7,1,0.399,-0.06401,0,0.63333,0.18241,0.29425,2676,745.97888,1,0.41646,-0.04226,-0.06352,-0.05311,0.70883,0.26534,0.73436,21.20068,1,0.38437,-0.01602,1.21476,0.00471,1,1,0.00446,-0.05629,0.69108,0.51606,0.75488,20.29052,1,0.41363,-0.11201,1.21476,0.0043,1,1,participant_10,question_13,Timer-Correct,True,Other
0.0,0,7,1,0.4022,-0.03349,0,0.63333,0.18241,0.3009,2676,745.97888,1,0.41615,-0.04207,-0.06352,-0.05311,0.70883,0.26469,0.73541,21.22976,1,0.40592,-0.0184,1.21476,0.00477,1,1,0.00446,-0.05629,0.69108,0.5156,0.75608,20.8156,1,0.39848,-0.04858,1.22374,0.00422,1,1,participant_10,question_13,Timer-Correct,True,Other
0.0,0,7,1,0.38786,-0.03804,0,0.63333,0.18241,0.30774,2676,745.97888,1,0.41555,-0.04199,-0.06352,-0.05311,0.70883,0.26432,0.73634,21.68836,1,0.40478,-0.04006,1.22374,0.00481,1,1,0.00446,-0.05629,0.69108,0.51533,0.75673,20.68377,1,0.37094,-0.03602,1.23273,0.00422,1,1,participant_10,question_13,Timer-Correct,True,Other
0.0,0,7,1,0.38852,-0.02904,0,0.63333,0.18241,0.3147,2676,745.97888,1,0.41499,-0.04172,-0.05864,-0.04923,0.65124,0.2645,0.73642,20.97034,1,0.40589,-0.03123,1.21421,0.00478,1,1,0.00411,-0.05501,0.66923,0.5154,0.75752,20.52086,1,0.37115,-0.02686,1.2232,0.00429,1,1,participant_10,question_13,Timer-Correct,True,Other
0.0,0,7,1,0.40428,-0.08113,0,0.63333,0.18241,0.32141,2676,745.97888,1,0.4142,-0.04372,-0.05864,-0.04923,0.65124,0.26408,0.73781,21.8954,1,0.39835,-0.08943,1.20468,0.00463,1,1,0.00411,-0.05501,0.66923,0.51497,0.75842,19.90937,1,0.41021,-0.07283,1.20468,0.00425,1,1,participant_10,question_13,Timer-Correct,True,Other
0.0,0,7,1,0.39268,-0.07458,0,0.63333,0.18241,0.32812,2676,745.97888,1,0.41327,-0.04521,-0.05864,-0.04923,0.65124,0.26337,0.73873,21.41761,1,0.3935,-0.08441,1.18616,0.00486,1,1,0.00411,-0.05501,0.66923,0.51477,0.75908,20.27303,1,0.39186,-0.06475,1.18616,0.00425,1,1,participant_10,question_13,Timer-Correct,True,Other
0.0,0,7,1,0.39394,-0.05594,0,0.63333,0.18241,0.32812,2676,745.97888,0,0.39489,-0.06677,-0.05915,-0.05008,0.65462,0.26345,0.73921,21.24135,1,0.39586,-0.06602,1.16764,0.00472,1,1,0.004,-0.05683,0.68382,0.51461,0.76009,20.24697,1,0.39202,-0.04587,1.16764,0.00428,1,1,participant_10,question_13,Timer-Correct,True,Other
0.0,0,7,1,0.39361,-0.018,0,0.63333,0.18241,0.32812,2676,745.97888,0,0.39425,-0.04239,-0.05915,-0.05008,0.65462,0.26295,0.74045,21.00396,1,0.40918,0.00359,1.16764,0.00472,1,1,0.004,-0.05683,0.68382,0.51427,0.76122,20.28738,1,0.37803,-0.0396,1.16764,0.00428,1,1,participant_10,question_13,Timer-Correct,True,Other
0.0,0,7,1,0.39653,-0.0525,0,0.63333,0.18241,0.32812,2676,745.97888,0,0.39501,-0.04576,-0.05915,-0.05008,0.65462,0.26243,0.74184,21.78287,1,0.40613,-0.04608,1.16764,0.0048,1,1,0.004,-0.05683,0.68382,0.51392,0.76192,20.27117,1,0.38693,-0.05892,1.16764,0.00425,1,1,participant_10,question_13,Timer-Correct,True,Other
0.0,0,7,1,0.39595,-0.06121,0,0.63333,0.18241,0.02014,2677,746.31372,1,0.39525,-0.04962,-0.06116,-0.05228,0.67411,0.2624,0.74219,21.28786,1,0.40508,-0.05455,1.17633,0.00477,1,1,0.00382,-0.05777,0.68774,0.51382,0.76297,20.44708,1,0.38682,-0.06787,1.17633,0.00427,1,1,participant_10,question_13,Timer-Correct,True,Other
0.0,0,7,1,0.39761,-0.03773,0,0.63333,0.18241,0.02679,2677,746.31372,1,0.39572,-0.04724,-0.06116,-0.05228,0.67411,0.26188,0.74384,20.97975,1,0.42131,-0.02126,1.18501,0.00473,1,1,0.00382,-0.05777,0.68774,0.51345,0.76424,19.90867,1,0.37392,-0.0542,1.18501,0.00427,1,1,participant_10,question_13,Timer-Correct,True,Other
0.0,0,7,1,0.389,-0.06098,0,0.63333,0.18241,0.03351,2677,746.31372,1,0.3946,-0.04953,-0.06116,-0.05228,0.67411,0.26128,0.74506,21.06293,1,0.38629,-0.06274,1.19369,0.00484,1,1,0.00382,-0.05777,0.68774,0.51324,0.76528,20.99723,1,0.39171,-0.05922,1.19369,0.00417,1,1,participant_10,question_13,Timer-Correct,True,Other
0.0,0,7,1,0.38774,-0.07475,0,0.63333,0.18241,0.04089,2677,746.31372,1,0.39362,-0.05313,-0.06526,-0.05641,0.71635,0.26129,0.74572,20.82072,1,0.38386,-0.08067,1.21221,0.00484,1,1,0.00339,-0.05558,0.65468,0.51314,0.76623,20.48465,1,0.39163,-0.06883,1.20322,0.00429,1,1,participant_10,question_13,Timer-Correct,True,Other
0.0,0,7,1,0.41314,-0.01989,0,0.63333,0.18241,0.04688,2677,746.31372,1,0.39606,-0.04898,-0.06526,-0.05641,0.71635,0.26074,0.74819,21.75694,1,0.40374,-0.02327,1.21306,0.00478,1,1,0.00339,-0.05558,0.65468,0.51269,0.76786,20.62496,1,0.42254,-0.01651,1.20407,0.00423,1,1,participant_10,question_13,Timer-Correct,True,Other
0.0,0,7,1,0.40657,-0.09027,0,0.63333,0.18241,0.05359,2677,746.31372,1,0.39723,-0.05357,-0.06526,-0.05641,0.71635,0.26033,0.74965,21.79584,1,0.41654,-0.094,1.21391,0.00475,1,1,0.00339,-0.05558,0.65468,0.5124,0.7686,20.309,1,0.39661,-0.08653,1.20492,0.00423,1,1,participant_10,question_13,Timer-Correct,True,Other
0.0,0,7,1,0.40708,-0.08128,0,0.63333,0.18241,0.0603,2677,746.31372,1,0.39821,-0.05634,-0.06107,-0.05342,0.66757,0.26057,0.75014,21.32167,1,0.41751,-0.08521,1.20492,0.00476,1,1,0.00329,-0.05635,0.65451,0.51248,0.76969,20.18871,1,0.39666,-0.07735,1.19593,0.00434,1,1,participant_10,question_13,Timer-Correct,True,Other
0.0,0,7,1,0.40473,-0.05038,0,0.63333,0.18241,0.06726,2677,746.31372,1,0.39881,-0.0558,-0.06107,-0.05342,0.66757,0.2599,0.75274,21.67085,1,0.40678,-0.0546,1.1861,0.00487,1,1,0.00329,-0.05635,0.65451,0.51221,0.77148,20.24179,1,0.40268,-0.04616,1.1861,0.00417,1,1,participant_10,question_13,Timer-Correct,True,Other
0.0,0,7,1,0.41082,-0.02954,0,0.63333,0.18241,0.07617,2677,746.31372,1,0.39981,-0.05361,-0.06107,-0.05342,0.66757,0.25967,0.75385,21.36254,1,0.42323,0.0215,1.17626,0.00481,1,1,0.00329,-0.05635,0.65451,0.51214,0.77252,20.39867,1,0.39841,-0.08058,1.17626,0.00422,1,1,participant_10,question_13,Timer-Correct,True,Other
0.0,0,7,1,0.41082,-0.02954,0,0.63333,0.18241,0.08258,2677,746.31372,1,0.40065,-0.05176,-0.06503,-0.05781,0.70915,0.25974,0.7548,21.50174,1,0.42323,0.0215,1.17626,0.00478,1,1,0.00319,-0.05713,0.65445,0.51208,0.77377,20.44578,1,0.39841,-0.08058,1.17626,0.00427,1,1,participant_10,question_13,Timer-Correct,True,Other
0.0,0,7,1,0.4143,-0.06409,0,0.63333,0.18241,0.08716,2677,746.31372,1,0.40163,-0.05264,-0.06503,-0.05781,0.70915,0.25937,0.75696,21.39493,1,0.40826,-0.0372,1.1861,0.00484,1,1,0.00319,-0.05713,0.65445,0.51193,0.77559,20.382,1,0.42033,-0.09098,1.1861,0.0042,1,1,participant_10,question_13,Timer-Correct,True,Other
0.0,0,7,1,0.42151,-0.04416,0,0.63333,0.18241,0.09381,2677,746.31372,1,0.40295,-0.05207,-0.06503,-0.05781,0.70915,0.2592,0.75832,21.675,1,0.42688,-0.03326,1.19593,0.00479,1,1,0.00319,-0.05713,0.65445,0.51189,0.77655,20.12496,1,0.41614,-0.05507,1.19593,0.00422,1,1,participant_10,question_13,Timer-Correct,True,Other
0.0,0,7,1,0.42154,-0.04865,0,0.63333,0.18241,0.10046,2677,746.31372,1,0.40412,-0.05186,-0.06304,-0.05682,0.68686,0.25953,0.75922,21.53173,1,0.42688,-0.03326,1.19593,0.00471,1,1,0.00335,-0.05994,0.67613,0.51189,0.77798,20.64217,1,0.41621,-0.06404,1.20492,0.00429,1,1,participant_10,question_13,Timer-Correct,True,Other
0.0,0,7,1,0.41419,-0.07316,0,0.63333,0.18241,0.10724,2677,746.31372,1,0.40471,-0.05311,-0.06304,-0.05682,0.68686,0.25933,0.76142,21.76059,1,0.42177,-0.06266,1.19508,0.00478,1,1,0.00335,-0.05994,0.67613,0.512,0.77958,20.23488,1,0.40661,-0.08367,1.20407,0.0042,1,1,participant_10,question_13,Timer-Correct,True,Other
0.0,0,7,1,0.39625,-0.02688,0,0.63333,0.18241,0.11444,2677,746.31372,1,0.40424,-0.05165,-0.06304,-0.05682,0.68686,0.25918,0.76256,21.72482,1,0.42622,-0.01948,1.19423,0.00478,1,1,0.00335,-0.05994,0.67613,0.51206,0.78095,20.7298,1,0.36628,-0.03427,1.20322,0.00416,1,1,participant_10,question_13,Timer-Correct,True,Other
0.0,0,7,1,0.39578,-0.03106,0,0.63333,0.18241,0.12054,2677,746.31372,1,0.40379,-0.05057,-0.06444,-0.05903,0.70273,0.25959,0.76319,21.0113,1,0.42528,-0.02785,1.20322,0.00476,1,1,0.00333,-0.05968,0.66367,0.51219,0.78211,20.61727,1,0.36628,-0.03427,1.20322,0.00431,1,1,participant_10,question_13,Timer-Correct,True,Other
0.0,0,7,1,0.40117,-0.07548,0,0.63333,0.18241,0.12738,2677,746.31372,1,0.40366,-0.05182,-0.06444,-0.05903,0.70273,0.25969,0.76507,21.84097,1,0.40742,-0.08649,1.21306,0.00464,1,1,0.00333,-0.05968,0.66367,0.5124,0.78392,21.10345,1,0.39492,-0.06448,1.20407,0.00419,1,1,participant_10,question_13,Timer-Correct,True,Other
0.0,0,7,1,0.4102,-0.03721,0,0.63333,0.18241,0.13397,2677,746.31372,1,0.40397,-0.05112,-0.06444,-0.05903,0.70273,0.25966,0.76624,21.71634,1,0.41454,-0.04567,1.21391,0.00482,1,1,0.00333,-0.05968,0.66367,0.51248,0.78468,20.67427,1,0.40586,-0.02876,1.20492,0.00414,1,1,participant_10,question_13,Timer-Correct,True,Other
0.0,0,7,1,0.4107,-0.033,0,0.63333,0.18241,0.14075,2677,746.31372,1,0.40428,-0.0503,-0.06107,-0.05683,0.66757,0.26006,0.76666,21.24133,1,0.41553,-0.03724,1.20492,0.00472,1,1,0.00359,-0.06222,0.68341,0.5126,0.78599,20.70857,1,0.40586,-0.02876,1.20492,0.0043,1,1,participant_10,question_13,Timer-Correct,True,Other
0.0,0,7,1,0.41558,-0.01629,0,0.63333,0.18241,0.14746,2677,746.31372,1,0.40477,-0.04882,-0.06107,-0.05683,0.66757,0.26027,0.76842,21.37253,1,0.42337,-0.01505,1.19508,0.00469,1,1,0.00359,-0.06222,0.68341,0.51306,0.78745,20.32887,1,0.4078,-0.01753,1.20407,0.00424,1,1,participant_10,question_13,Timer-Correct,True,Other
0.0,0,7,1,0.39716,-0.04263,0,0.63333,0.18241,0.15411,2677,746.31372,1,0.40445,-0.04856,-0.06107,-0.05683,0.66757,0.26017,0.76954,21.7015,1,0.40528,0.00643,1.19423,0.00478,1,1,0.00359,-0.06222,0.68341,0.51304,0.78812,19.9655,1,0.38903,-0.09168,1.20322,0.00423,1,1,participant_10,question_13,Timer-Correct,True,Other
0.0,0,7,1,0.39777,-0.03339,0,0.63333,0.18241,0.16064,2677,746.31372,1,0.40419,-0.04795,-0.05955,-0.05614,0.65259,0.26051,0.76998,21.12482,1,0.40642,0.0151,1.1847,0.00476,1,1,0.00382,-0.06334,0.68774,0.51323,0.78925,20.13759,1,0.38913,-0.08188,1.19369,0.00438,1,1,participant_10,question_13,Timer-Correct,True,Other
0.0,0,7,1,0.38739,-0.0303,0,0.63333,0.18241,0.16791,2677,746.31372,1,0.40354,-0.04728,-0.05955,-0.05614,0.65259,0.2608,0.77138,21.64996,1,0.4072,-0.0027,1.18501,0.00473,1,1,0.00382,-0.06334,0.68774,0.51367,0.79067,20.05237,1,0.36758,-0.0579,1.18501,0.00431,1,1,participant_10,question_13,Timer-Correct,True,Other
0.0,0,7,1,0.40382,-0.04466,0,0.63333,0.18241,0.17426,2677,746.31372,1,0.40355,-0.04718,-0.05955,-0.05614,0.65259,0.26065,0.77223,21.40762,1,0.42922,-0.02556,1.17633,0.00485,1,1,0.00382,-0.06334,0.68774,0.51385,0.79115,20.40287,1,0.37841,-0.06377,1.17633,0.00421,1,1,participant_10,question_13,Timer-Correct,True,Other
0.0,0,7,1,0.40382,-0.04466,0,0.63333,0.18241,0.18091,2677,746.31372,1,0.40356,-0.04709,-0.06157,-0.05855,0.67414,0.26085,0.77247,21.3496,1,0.42922,-0.02556,1.17633,0.00477,1,1,0.00381,-0.06382,0.68731,0.51365,0.79214,20.1956,1,0.37841,-0.06377,1.17633,0.00434,1,1,participant_10,question_13,Timer-Correct,True,Other
0.0,0,7,1,0.32861,-0.02835,0,0.63333,0.18241,0.1875,2677,746.31372,1,0.40098,-0.04644,-0.06157,-0.05855,0.67414,0.25956,0.77359,21.10668,1,0.3508,-0.02943,1.18501,0.00491,1,1,0.00381,-0.06382,0.68731,0.51217,0.79335,20.54832,1,0.30642,-0.02727,1.18501,0.00444,1,1,participant_10,question_13,Timer-Correct,True,Other
0.0,0,7,1,0.28487,-0.05326,0,0.63333,0.18241,0.19409,2677,746.31372,1,0.39711,-0.04667,-0.06157,-0.05855,0.67414,0.25825,0.7747,21.95219,1,0.29079,-0.02262,1.19369,0.00499,1,1,0.00381,-0.06382,0.68731,0.5107,0.79357,19.63058,1,0.27895,-0.0839,1.19369,0.00452,1,1,participant_10,question_13,Timer-Correct,True,Other
0.0,0,7,1,0.28525,-0.04853,0,0.63333,0.18241,0.20093,2677,746.31372,1,0.3935,-0.04673,-0.06098,-0.05797,0.66287,0.25755,0.77474,21.72476,1,0.29079,-0.02262,1.19369,0.0049,1,1,0.00295,-0.06228,0.66643,0.50984,0.79424,19.96039,1,0.2797,-0.07444,1.1847,0.00449,1,1,participant_10,question_13,Timer-Correct,True,Other
0.0,0,7,1,0.14777,-0.02331,0,0.63333,0.18241,0.20093,2677,746.31372,0,0.35608,-0.0363,-0.06098,-0.05797,0.66287,0.2552,0.77582,21.40927,1,0.15265,-0.02042,1.17602,0.00488,1,1,0.00295,-0.06228,0.66643,0.50743,0.79537,20.63528,1,0.14288,-0.0262,1.16703,0.00432,1,1,participant_10,question_13,Timer-Correct,True,Other
0.0,0,7,1,0.11903,-0.02417,0,0.63333,0.18241,0.20093,2677,746.31372,0,0.23755,-0.03023,-0.06098,-0.05797,0.66287,0.25455,0.77687,22.16418,1,0.12414,-0.01031,1.15835,0.00486,1,1,0.00295,-0.06228,0.66643,0.50651,0.79601,20.49953,1,0.11392,-0.03802,1.14936,0.00435,1,1,participant_10,question_13,Timer-Correct,True,Other
0.0,0,7,1,0.12375,-0.00621,0,0.63333,0.18241,0.20093,2677,746.31372,0,0.19962,-0.02223,-0.0608,-0.05786,0.65876,0.25419,0.77688,21.82658,1,0.12995,0.00648,1.14068,0.00487,1,1,0.00276,-0.06303,0.67019,0.50605,0.79639,20.42767,1,0.11755,-0.01891,1.1317,0.00431,1,1,participant_10,question_13,Timer-Correct,True,Other
0.0,0,7,1,0.1035,0.01314,0,0.63333,0.18241,0.20093,2677,746.31372,0,0.11543,-0.00575,-0.0608,-0.05786,0.65876,0.25419,0.77749,22.28755,1,0.10952,0.04744,1.1317,0.00495,1,1,0.00276,-0.06303,0.67019,0.50632,0.79707,20.48537,1,0.09749,-0.02116,1.1317,0.00435,1,1,participant_10,question_13,Timer-Correct,True,Other
0.0,0,7,1,0.11607,0.03367,0,0.63333,0.18241,0.20093,2677,746.31372,0,0.11575,0.01396,-0.0608,-0.05786,0.65876,0.25423,0.77799,22.48946,1,0.1224,0.03192,1.1317,0.00491,1,1,0.00276,-0.06303,0.67019,0.50634,0.79708,20.21046,1,0.10974,0.03543,1.1317,0.00434,1,1,participant_10,question_13,Timer-Correct,True,Question
0.0,0,7,1,0.11607,0.03367,0,0.63333,0.18241,0.20093,2677,746.31372,0,0.11585,0.02053,-0.06007,-0.05745,0.6519,0.25433,0.7778,21.80805,1,0.1224,0.03192,1.1317,0.00491,1,1,0.00272,-0.06232,0.65998,0.50642,0.79775,20.3411,1,0.10974,0.03543,1.1317,0.00436,1,1,participant_10,question_13,Timer-Correct,True,Question
0.0,0,7,1,0.13848,0.00856,0,0.63333,0.18241,0.02002,2678,746.5415,1,0.12151,0.01754,-0.06007,-0.05745,0.6519,0.25466,0.77818,21.90727,1,0.14416,0.0253,1.1317,0.00487,1,1,0.00272,-0.06232,0.65998,0.50663,0.79822,20.73031,1,0.1328,-0.00817,1.1317,0.00429,1,1,participant_10,question_13,Timer-Correct,True,Other
0.0,0,7,1,0.1272,0.02098,0,0.63333,0.18241,0.02692,2678,746.5415,1,0.12265,0.01823,-0.06007,-0.05745,0.6519,0.25462,0.77833,21.45929,1,0.12234,0.01118,1.1317,0.00487,1,1,0.00272,-0.06232,0.65998,0.5067,0.79831,20.46127,1,0.13206,0.03077,1.1317,0.00432,1,1,participant_10,question_13,Timer-Correct,True,Other
0.0,0,7,1,0.12838,0.02401,0,0.63333,0.18241,0.03345,2678,746.5415,1,0.1236,0.01919,-0.05848,-0.05617,0.63517,0.25467,0.77859,21.87014,1,0.12495,0.01855,1.12398,0.00481,1,1,0.00284,-0.06394,0.67551,0.5069,0.7987,20.98115,1,0.1318,0.02946,1.13297,0.0043,1,1,participant_10,question_13,Timer-Correct,True,Other
0.0,0,7,1,0.12026,-0.0026,0,0.63333,0.18241,0.04102,2678,746.5415,1,0.12312,0.01608,-0.05848,-0.05617,0.63517,0.2549,0.77924,22.62354,1,0.13649,0.03165,1.12525,0.00482,1,1,0.00284,-0.06394,0.67551,0.50689,0.79897,20.77578,1,0.10403,-0.03685,1.13424,0.0043,1,1,participant_10,question_13,Timer-Correct,True,Other
0.0,0,7,1,0.13904,0.01253,0,0.63333,0.18241,0.04926,2678,746.5415,1,0.12511,0.01563,-0.05848,-0.05617,0.63517,0.25491,0.77948,22.23625,1,0.13363,0.02296,1.12652,0.00484,1,1,0.00284,-0.06394,0.67551,0.50676,0.79913,20.34075,1,0.14446,0.00209,1.13551,0.00433,1,1,participant_10,question_13,Timer-Correct,True,Other
0.0,0,7,1,0.13755,0.00827,0,0.63333,0.18241,0.05353,2678,746.5415,1,0.1265,0.01482,-0.06152,-0.05918,0.66759,0.255,0.77961,21.94045,1,0.13064,0.01444,1.13551,0.00485,1,1,0.00284,-0.06297,0.66428,0.50687,0.79947,20.44849,1,0.14446,0.00209,1.13551,0.00434,1,1,participant_10,question_13,Timer-Correct,True,Other
0.0,0,7,1,0.12947,-0.00708,0,0.63333,0.18241,0.05994,2678,746.5415,1,0.12679,0.01263,-0.06152,-0.05918,0.66759,0.25518,0.78011,22.14023,1,0.14582,0.03176,1.14323,0.00476,1,1,0.00284,-0.06297,0.66428,0.50699,0.80002,20.61668,1,0.11311,-0.04592,1.13424,0.00435,1,1,participant_10,question_13,Timer-Correct,True,Other
0.0,0,7,1,0.14534,0.01705,0,0.63333,0.18241,0.06659,2678,746.5415,1,0.12848,0.01303,-0.06152,-0.05918,0.66759,0.25501,0.78041,21.71197,1,0.14974,0.01199,1.14195,0.00488,1,1,0.00284,-0.06297,0.66428,0.50698,0.80014,20.26273,1,0.14094,0.0221,1.13297,0.00435,1,1,participant_10,question_13,Timer-Correct,True,Other
0.0,0,7,1,0.14566,0.01831,0,0.63333,0.18241,0.07404,2678,746.5415,1,0.12991,0.01347,-0.06098,-0.05906,0.66287,0.25499,0.78067,21.68387,1,0.15014,0.0132,1.14068,0.00489,1,1,0.00284,-0.06327,0.66428,0.50686,0.80052,20.4857,1,0.14119,0.02342,1.1317,0.00433,1,1,participant_10,question_13,Timer-Correct,True,Other
0.0,0,7,1,0.13721,-0.00628,0,0.63333,0.18241,0.08032,2678,746.5415,1,0.13047,0.01195,-0.06098,-0.05906,0.66287,0.25514,0.78131,21.8492,1,0.16229,0.00649,1.1317,0.00487,1,1,0.00284,-0.06327,0.66428,0.50708,0.80102,20.50578,1,0.11214,-0.01906,1.1317,0.00428,1,1,participant_10,question_13,Timer-Correct,True,Other
0.0,0,7,1,0.12999,0.07061,0,0.63333,0.18241,0.0871,2678,746.5415,1,0.13044,0.01614,-0.06098,-0.05906,0.66287,0.25544,0.78224,22.96587,1,0.13216,0.07768,1.1317,0.00489,1,1,0.00284,-0.06327,0.66428,0.5071,0.80153,21.28253,1,0.12781,0.06355,1.1317,0.00427,1,1,participant_10,question_13,Timer-Correct,True,Question
0.0,0,7,1,0.12999,0.07061,0,0.63333,0.18241,0.09375,2678,746.5415,1,0.13041,0.01977,-0.06088,-0.0593,0.66278,0.25537,0.78202,22.08209,1,0.13216,0.07768,1.1317,0.00482,1,1,0.00293,-0.06325,0.66146,0.50719,0.80183,20.78563,1,0.12781,0.06355,1.1317,0.00431,1,1,participant_10,question_13,Timer-Correct,True,Question
0.0,0,7,1,0.13408,0.01697,0,0.63333,0.18241,0.10046,2678,746.5415,1,0.13064,0.0196,-0.06088,-0.0593,0.66278,0.25548,0.78244,21.3713,1,0.12686,-0.00014,1.1317,0.00484,1,1,0.00293,-0.06325,0.66146,0.50736,0.80237,20.98149,1,0.1413,0.03407,1.1317,0.00423,1,1,participant_10,question_13,Timer-Correct,True,Other
0.0,0,7,1,0.1532,0.00424,0,0.63333,0.18241,0.10718,2678,746.5415,1,0.13197,0.01869,-0.06088,-0.0593,0.66278,0.25565,0.78332,22.61796,1,0.14261,0.02362,1.1317,0.00485,1,1,0.00293,-0.06325,0.66146,0.5073,0.80254,20.49927,1,0.16378,-0.01513,1.1317,0.00428,1,1,participant_10,question_13,Timer-Correct,True,Other
0.0,0,7,1,0.15512,0.012,0,0.63333,0.18241,0.11389,2678,746.5415,1,0.13325,0.01832,-0.05832,-0.05715,0.63655,0.25569,0.78321,21.59257,1,0.14512,0.0309,1.12398,0.00488,1,1,0.0029,-0.063,0.65627,0.50751,0.80307,20.49999,1,0.16512,-0.00689,1.12398,0.00439,1,1,participant_10,question_13,Timer-Correct,True,Other
0.0,0,7,1,0.13103,0.05435,0,0.63333,0.18241,0.12207,2678,746.5415,1,0.13313,0.02022,-0.05832,-0.05715,0.63655,0.25616,0.78422,22.79763,1,0.13903,0.0862,1.11626,0.00491,1,1,0.0029,-0.063,0.65627,0.50774,0.80381,20.88481,1,0.12302,0.02249,1.11626,0.00429,1,1,participant_10,question_13,Timer-Correct,True,Question
0.0,0,7,1,0.14432,0.06153,0,0.63333,0.18241,0.12817,2678,746.5415,1,0.13369,0.02228,-0.05832,-0.05715,0.63655,0.25616,0.78423,22.33879,1,0.15272,0.06382,1.10855,0.0049,1,1,0.0029,-0.063,0.65627,0.50789,0.80389,20.54115,1,0.13591,0.05923,1.10855,0.00427,1,1,participant_10,question_13,Timer-Correct,True,Question
0.0,0,7,1,0.14635,0.06905,0,0.63333,0.18241,0.1344,2678,746.5415,1,0.1343,0.02451,-0.05863,-0.05778,0.64099,0.25633,0.78433,22.05412,1,0.15523,0.07097,1.10083,0.0049,1,1,0.00313,-0.06387,0.66223,0.50798,0.80454,20.6193,1,0.13747,0.06713,1.10083,0.00434,1,1,participant_10,question_13,Timer-Correct,True,Question
0.0,0,7,1,0.13435,0.02633,0,0.63333,0.18241,0.14026,2678,746.5415,1,0.1343,0.02459,-0.05863,-0.05778,0.64099,0.25664,0.7845,21.86537,1,0.14733,0.03467,1.10083,0.00485,1,1,0.00313,-0.06387,0.66223,0.50808,0.80493,20.20733,1,0.12137,0.018,1.10083,0.00438,1,1,participant_10,question_13,Timer-Correct,True,Question
0.0,0,7,1,0.14235,0.05923,0,0.63333,0.18241,0.14734,2678,746.5415,1,0.13465,0.0261,-0.05863,-0.05778,0.64099,0.25666,0.78499,22.7556,1,0.15931,0.08555,1.10083,0.00481,1,1,0.00313,-0.06387,0.66223,0.50821,0.80531,20.78611,1,0.12539,0.03291,1.10083,0.00429,1,1,participant_10,question_13,Timer-Correct,True,Question
0.0,0,7,1,0.1403,0.05162,0,0.63333,0.18241,0.15405,2678,746.5415,1,0.13488,0.02716,-0.06017,-0.05954,0.65828,0.25669,0.78535,22.24914,1,0.15682,0.0785,1.10855,0.0049,1,1,0.00322,-0.0641,0.66146,0.50825,0.80595,20.83051,1,0.12378,0.02474,1.10855,0.00432,1,1,participant_10,question_13,Timer-Correct,True,Question
0.0,0,7,1,0.14417,0.04332,0,0.63333,0.18241,0.16077,2678,746.5415,1,0.13526,0.02781,-0.06017,-0.05954,0.65828,0.25681,0.78619,22.87806,1,0.16095,0.02535,1.11626,0.00489,1,1,0.00322,-0.0641,0.66146,0.50841,0.80646,20.99947,1,0.12738,0.06128,1.11626,0.00434,1,1,participant_10,question_13,Timer-Correct,True,Question
0.0,0,7,1,0.14345,0.03509,0,0.63333,0.18241,0.16827,2678,746.5415,1,0.13557,0.02809,-0.06017,-0.05954,0.65828,0.25671,0.78642,22.40316,1,0.15964,0.05856,1.12398,0.00489,1,1,0.00322,-0.0641,0.66146,0.50814,0.80665,20.29733,1,0.12725,0.01162,1.12398,0.00434,1,1,participant_10,question_13,Timer-Correct,True,Question
0.0,0,7,1,0.14345,0.03509,0,0.63333,0.18241,0.17438,2678,746.5415,1,0.13586,0.02835,-0.05863,-0.05816,0.64092,0.25666,0.7863,22.22583,1,0.15964,0.05856,1.12398,0.0049,1,1,0.00308,-0.0635,0.65274,0.50832,0.80709,20.27164,1,0.12725,0.01162,1.12398,0.0044,1,1,participant_10,question_13,Timer-Correct,True,Question
0.0,0,7,1,0.14138,0.05643,0,0.63333,0.18241,0.18085,2678,746.5415,1,0.13606,0.02935,-0.05863,-0.05816,0.64092,0.25627,0.78703,21.51862,1,0.15422,0.0777,1.11626,0.00496,1,1,0.00308,-0.0635,0.65274,0.5077,0.80795,20.70877,1,0.12854,0.03516,1.11626,0.0044,1,1,participant_10,question_13,Timer-Correct,True,Question
0.0,0,7,1,0.14403,0.09924,0,0.63333,0.18241,0.1875,2678,746.5415,1,0.13633,0.03176,-0.05863,-0.05816,0.64092,0.25627,0.7881,22.8833,1,0.1502,0.10913,1.10855,0.00489,1,1,0.00308,-0.0635,0.65274,0.50772,0.80828,20.88381,1,0.13786,0.08936,1.10855,0.00436,1,1,participant_10,question_13,Timer-Correct,True,Question
0.0,0,7,1,0.14312,0.09478,0,0.63333,0.18241,0.19421,2678,746.5415,1,0.13656,0.03386,-0.0601,-0.05997,0.65646,0.2562,0.78802,22.24053,1,0.1502,0.10913,1.10855,0.00492,1,1,0.00304,-0.06601,0.67599,0.50753,0.80876,20.47283,1,0.13605,0.08042,1.11754,0.00452,1,1,participant_10,question_13,Timer-Correct,True,Question
0.0,0,7,1,0.11727,0.04562,0,0.63333,0.18241,0.20093,2678,746.5415,1,0.13594,0.03424,-0.0601,-0.05997,0.65646,0.25608,0.78932,22.8176,1,0.12684,0.05573,1.12525,0.00495,1,1,0.00304,-0.06601,0.67599,0.50731,0.80909,20.13372,1,0.1077,0.03551,1.13424,0.00449,1,1,participant_10,question_13,Timer-Correct,True,Question
0.0,0,7,1,0.12823,0.03662,0,0.63333,0.18241,0.20764,2678,746.5415,1,0.1357,0.03431,-0.0601,-0.05997,0.65646,0.2559,0.78981,22.62265,1,0.14415,0.06254,1.14195,0.00499,1,1,0.00304,-0.06601,0.67599,0.50727,0.80947,20.9952,1,0.1123,0.01071,1.15094,0.00438,1,1,participant_10,question_13,Timer-Correct,True,Question
0.0,0,7,1,0.12474,0.0251,0,0.63333,0.18241,0.21423,2678,746.5415,1,0.13537,0.03404,-0.05994,-0.0601,0.65365,0.25592,0.78956,21.80739,1,0.13879,0.04749,1.15866,0.00491,1,1,0.00295,-0.06543,0.66642,0.50739,0.80985,20.45649,1,0.11069,0.00271,1.15866,0.00444,1,1,participant_10,question_13,Timer-Correct,True,Question
0.0,0,7,1,0.12911,0.00508,0,0.63333,0.18241,0.22076,2678,746.5415,1,0.13518,0.03318,-0.05994,-0.0601,0.65365,0.25569,0.7911,22.51551,1,0.12688,-0.00077,1.15866,0.00494,1,1,0.00295,-0.06543,0.66642,0.50719,0.81052,21.03847,1,0.13134,0.01092,1.14967,0.00444,1,1,participant_10,question_13,Timer-Correct,True,Other
0.0,0,7,1,0.12681,0.02618,0,0.63333,0.18241,0.22736,2678,746.5415,1,0.13494,0.03298,-0.05994,-0.0601,0.65365,0.25562,0.79162,22.67715,1,0.13023,0.03432,1.14967,0.00497,1,1,0.00295,-0.06543,0.66642,0.50688,0.81092,20.61215,1,0.1234,0.01805,1.14068,0.00441,1,1,participant_10,question_13,Timer-Correct,True,Question
0.0,0,7,1,0.12931,0.03258,0,0.63333,0.18241,0.23431,2678,746.5415,1,0.13479,0.03297,-0.05834,-0.05878,0.63566,0.25559,0.79133,21.66254,1,0.13573,0.04967,1.13297,0.00489,1,1,0.00301,-0.06938,0.70454,0.50692,0.8111,20.35663,1,0.12289,0.01549,1.14315,0.00439,1,1,participant_10,question_13,Timer-Correct,True,Question
0.0,0,7,1,0.11237,0.0209,0,0.63333,0.18241,0.24072,2678,746.5415,1,0.13418,0.03265,-0.05834,-0.05878,0.63566,0.25557,0.79261,22.55571,1,0.12353,0.01789,1.13544,0.00493,1,1,0.00301,-0.06938,0.70454,0.50679,0.81159,20.46931,1,0.1012,0.02391,1.15461,0.00438,1,1,participant_10,question_13,Timer-Correct,True,Other
0.0,0,7,1,0.11829,-0.0045,0,0.63333,0.18241,0.24725,2678,746.5415,1,0.13376,0.03167,-0.05834,-0.05878,0.63566,0.25545,0.79294,22.47665,1,0.11418,0.00972,1.14689,0.00492,1,1,0.00301,-0.06938,0.70454,0.50677,0.81185,20.68864,1,0.12239,-0.01872,1.16606,0.0044,1,1,participant_10,question_13,Timer-Correct,True,Other
0.0,0,7,1,0.11522,-0.0159,0,0.63333,0.18241,0.25372,2678,746.5415,1,0.13329,0.03045,-0.05834,-0.05897,0.63566,0.25547,0.79271,21.69134,1,0.11029,-0.00108,1.15835,0.00492,1,1,0.00299,-0.06901,0.69922,0.50668,0.81203,20.49947,1,0.12014,-0.03073,1.17752,0.00439,1,1,participant_10,question_13,Timer-Correct,True,Other
0.0,0,7,1,0.11,0.01607,0,0.63333,0.18241,0.26129,2678,746.5415,1,0.1327,0.03009,-0.05834,-0.05897,0.63566,0.2556,0.79304,21.86371,1,0.10466,0.00818,1.17752,0.00493,1,1,0.00299,-0.06901,0.69922,0.50653,0.81213,20.15224,1,0.11533,0.02396,1.17752,0.00452,1,1,participant_10,question_13,Timer-Correct,True,Other
0.0,0,7,1,0.11726,-0.00381,0,0.63333,0.18241,0.26752,2678,746.5415,1,0.13233,0.02926,-0.05834,-0.05897,0.63566,0.25557,0.79297,21.75326,1,0.1181,0.00503,1.17752,0.00491,1,1,0.00299,-0.06901,0.69922,0.5066,0.81251,20.92813,1,0.11642,-0.01265,1.17752,0.00445,1,1,participant_10,question_13,Timer-Correct,True,Other
0.0,0,7,1,0.11624,-0.00609,0,0.63333,0.18241,0.27466,2678,746.5415,1,0.13194,0.02842,-0.06077,-0.06158,0.66266,0.25547,0.79328,21.73094,1,0.11557,-0.00208,1.18524,0.00495,1,1,0.00284,-0.06677,0.6755,0.50666,0.81268,20.63916,1,0.11692,-0.0101,1.17505,0.00445,1,1,participant_10,question_13,Timer-Correct,True,Other
0.0,0,7,1,0.1129,-0.02324,0,0.63333,0.18241,0.28131,2678,746.5415,1,0.1315,0.02722,-0.06077,-0.06158,0.66266,0.25556,0.79354,21.61701,1,0.115,-0.03946,1.18277,0.00498,1,1,0.00284,-0.06677,0.6755,0.50666,0.81264,20.60099,1,0.1108,-0.00703,1.17258,0.00438,1,1,participant_10,question_13,Timer-Correct,True,Other
0.0,0,7,1,0.11762,-0.01062,0,0.63333,0.18241,0.28802,2678,746.5415,1,0.13119,0.02636,-0.06077,-0.06158,0.66266,0.25566,0.79372,22.05052,1,0.12001,-0.03145,1.1803,0.00496,1,1,0.00284,-0.06677,0.6755,0.50661,0.81261,20.60476,1,0.11523,0.01021,1.17011,0.00438,1,1,participant_10,question_13,Timer-Correct,True,Other
0.0,0,7,1,0.11724,-0.01338,0,0.63333,0.18241,0.28802,2678,746.5415,0,0.11853,0.00194,-0.05994,-0.06079,0.65365,0.25566,0.79379,22.13416,1,0.12081,-0.0291,1.17783,0.00495,1,1,0.00297,-0.06891,0.69604,0.50662,0.81273,20.28359,1,0.11367,0.00235,1.17783,0.00447,1,1,participant_10,question_13,Timer-Correct,True,Other
0.0,0,7,1,0.11423,-0.00961,0,0.63333,0.18241,0.28802,2678,746.5415,0,0.11638,-0.00383,-0.05994,-0.06079,0.65365,0.25577,0.794,22.69536,1,0.12147,-0.00264,1.17783,0.00492,1,1,0.00297,-0.06891,0.69604,0.50659,0.81288,20.12227,1,0.10698,-0.01657,1.18801,0.00442,1,1,participant_10,question_13,Timer-Correct,True,Other
0.0,0,7,1,0.11593,0.00194,0,0.63333,0.18241,0.28802,2678,746.5415,0,0.11623,-0.00191,-0.05994,-0.06079,0.65365,0.25593,0.79444,22.73141,1,0.12498,0.00624,1.18801,0.00493,1,1,0.00297,-0.06891,0.69604,0.50647,0.81301,19.98722,1,0.10687,-0.00237,1.1982,0.00447,1,1,participant_10,question_13,Timer-Correct,True,Other
0.0,0,7,1,0.11327,-0.00785,0,0.63333,0.18241,0.02002,2679,746.8363,1,0.11549,-0.0034,-0.05994,-0.06089,0.65365,0.25589,0.79404,22.00109,1,0.12172,-0.00306,1.1982,0.00493,1,1,0.00299,-0.06933,0.69922,0.50649,0.81321,19.98583,1,0.10481,-0.01264,1.20838,0.00452,1,1,participant_10,question_13,Timer-Correct,True,Other
0.0,0,7,1,0.12372,-0.04408,0,0.63333,0.18241,0.02716,2679,746.8363,1,0.11713,-0.01153,-0.05994,-0.06089,0.65365,0.2559,0.79493,22.6958,1,0.13299,0.00961,1.20838,0.00495,1,1,0.00299,-0.06933,0.69922,0.50659,0.81372,20.417,1,0.11446,-0.09776,1.20838,0.0044,1,1,participant_10,question_13,Timer-Correct,True,Other
0.0,0,7,1,0.11492,0.00606,0,0.63333,0.18241,0.03351,2679,746.8363,1,0.11676,-0.0086,-0.05994,-0.06089,0.65365,0.25595,0.79527,22.52028,1,0.12876,0.03612,1.20838,0.00492,1,1,0.00299,-0.06933,0.69922,0.50657,0.81384,20.10957,1,0.10107,-0.024,1.20838,0.0044,1,1,participant_10,question_13,Timer-Correct,True,Other
0.0,0,7,1,0.11596,0.01125,0,0.63333,0.18241,0.0401,2679,746.8363,1,0.11665,-0.00576,-0.06023,-0.06133,0.65683,0.25599,0.79489,21.98859,1,0.12876,0.03612,1.20838,0.00488,1,1,0.00284,-0.06713,0.6755,0.50657,0.81415,20.16088,1,0.10315,-0.01362,1.1982,0.00448,1,1,participant_10,question_13,Timer-Correct,True,Other
0.0,0,7,1,0.12085,-0.00918,0,0.63333,0.18241,0.04681,2679,746.8363,1,0.11717,-0.00619,-0.06023,-0.06133,0.65683,0.25651,0.79589,22.52808,1,0.13359,0.01702,1.1982,0.00492,1,1,0.00284,-0.06713,0.6755,0.50722,0.81473,20.28881,1,0.10811,-0.03537,1.18801,0.00439,1,1,participant_10,question_13,Timer-Correct,True,Other
0.0,0,7,1,0.16465,-0.0391,0,0.63333,0.18241,0.05353,2679,746.8363,1,0.12245,-0.00985,-0.06023,-0.06133,0.65683,0.25733,0.79614,22.82705,1,0.16583,-0.02086,1.18801,0.0049,1,1,0.00284,-0.06713,0.6755,0.50814,0.81463,19.44095,1,0.16347,-0.05735,1.17783,0.0044,1,1,participant_10,question_13,Timer-Correct,True,Other
0.0,0,7,1,0.16771,-0.02414,0,0.63333,0.18241,0.06073,2679,746.8363,1,0.12698,-0.01128,-0.05957,-0.06141,0.6561,0.25815,0.7958,21.67541,1,0.16878,-0.01132,1.17783,0.00504,1,1,0.00344,-0.06633,0.66449,0.50911,0.81533,19.85447,1,0.16664,-0.03695,1.15866,0.00455,1,1,participant_10,question_13,Timer-Correct,True,Other
0.0,0,7,1,0.29159,0.04391,0,0.63333,0.18241,0.06696,2679,746.8363,1,0.14194,-0.00626,-0.05957,-0.06141,0.6561,0.2608,0.79578,21.59396,1,0.2784,0.07843,1.15866,0.00501,1,1,0.00344,-0.06633,0.66449,0.51201,0.81578,20.44556,1,0.30478,0.00939,1.14967,0.00446,1,1,participant_10,question_13,Timer-Correct,True,Question
0.0,0,7,1,0.32887,0.05203,0,0.63333,0.18241,0.07343,2679,746.8363,1,0.15752,-0.0014,-0.05957,-0.06141,0.6561,0.26269,0.79591,21.27232,1,0.31699,0.04504,1.14967,0.00496,1,1,0.00344,-0.06633,0.66449,0.51387,0.81603,20.32867,1,0.34076,0.05902,1.14068,0.0045,1,1,participant_10,question_13,Timer-Correct,True,Question
0.0,0,7,1,0.3287,0.04801,0,0.63333,0.18241,0.08008,2679,746.8363,1,0.17069,0.0024,-0.06042,-0.06332,0.67486,0.26345,0.79629,21.36253,1,0.31705,0.04532,1.14936,0.00508,1,1,0.00446,-0.06925,0.69107,0.51502,0.81618,20.22023,1,0.34034,0.0507,1.14936,0.00444,1,1,participant_10,question_13,Timer-Correct,True,Question
0.0,0,7,1,0.48156,0.02382,0,0.63333,0.18241,0.08691,2679,746.8363,1,0.19289,0.00393,-0.06042,-0.06332,0.67486,0.26697,0.79664,21.19853,1,0.4588,0.03526,1.15804,0.00503,1,1,0.00446,-0.06925,0.69107,0.5181,0.81701,20.35924,1,0.50432,0.01238,1.16703,0.00433,1,1,participant_10,question_13,Timer-Correct,True,Other
0.0,0,7,1,0.54503,0.03792,0,0.63333,0.18241,0.08691,2679,746.8363,0,0.2414,0.00822,-0.06042,-0.06332,0.67486,0.26891,0.79762,22.91736,1,0.55734,0.07506,1.17571,0.00499,1,1,0.00446,-0.06925,0.69107,0.51987,0.81742,19.56493,1,0.53273,0.00078,1.1847,0.00426,1,1,participant_10,question_13,Timer-Correct,True,Question
0.0,0,7,1,0.54537,0.02981,0,0.63333,0.18241,0.08691,2679,746.8363,0,0.39339,0.01902,-0.0574,-0.06132,0.65041,0.26964,0.79741,21.71757,1,0.55724,0.06727,1.1847,0.00499,1,1,0.00512,-0.0674,0.6701,0.52094,0.81775,19.6914,1,0.5335,-0.00765,1.19369,0.00422,1,1,participant_10,question_13,Timer-Correct,True,Question
0.0,0,7,1,0.67616,0.01455,0,0.63333,0.18241,0.08691,2679,746.8363,0,0.48765,0.01753,-0.0574,-0.06132,0.65041,0.27243,0.79876,23.18873,1,0.66289,0.01645,1.185,0.00493,1,1,0.00512,-0.0674,0.6701,0.52315,0.81896,20.81275,1,0.68943,0.01266,1.185,0.00417,1,1,participant_10,question_13,Timer-Correct,True,Other
0.0,0,7,1,0.72859,0.01719,0,0.63333,0.18241,0.08691,2679,746.8363,0,0.65004,0.02052,-0.0574,-0.06132,0.65041,0.27369,0.79953,22.9861,1,0.73682,0.05856,1.17632,0.00495,1,1,0.00512,-0.0674,0.6701,0.52417,0.81964,20.98282,1,0.72035,-0.02419,1.17632,0.00424,1,1,participant_10,question_13,Timer-Correct,True,Other
0.0,0,7,1,0.72677,0.02506,0,0.63333,0.18241,0.08691,2679,746.8363,0,0.68841,0.02279,-0.05937,-0.06448,0.67906,0.27416,0.79971,22.51911,1,0.73682,0.05856,1.17632,0.00494,1,1,0.00529,-0.06487,0.64114,0.52486,0.81973,20.34826,1,0.71672,-0.00844,1.15935,0.00418,1,1,participant_10,question_13,Timer-Correct,True,Question
0.0,0,7,1,0.79024,0.04166,0,0.63333,0.18241,0.08691,2679,746.8363,0,0.72235,0.02908,-0.05937,-0.06448,0.67906,0.2758,0.80128,22.97742,1,0.7993,0.03458,1.16803,0.00497,1,1,0.00529,-0.06487,0.64114,0.52611,0.82066,20.21094,1,0.78119,0.04875,1.15105,0.00411,1,1,participant_10,question_13,Timer-Correct,True,Other
0.0,0,7,1,0.79649,0.18971,0,0.63333,0.18241,0.08691,2679,746.8363,0,0.77117,0.08548,-0.05937,-0.06448,0.67906,0.27623,0.80218,23.42629,1,0.81348,0.04363,1.15973,0.00497,1,1,0.00529,-0.06487,0.64114,0.52581,0.8227,16.26693,1,0.7795,0.33579,1.14276,0.00364,1,1,participant_10,question_13,Timer-Correct,True,Other
0.0,0,7,1,0.81046,0.05904,0,0.63333,0.18241,0.08691,2679,746.8363,0,0.79081,0.07226,-0.05714,-0.06287,0.65645,0.27663,0.80266,23.06122,1,0.81046,0.05904,1.14276,0.00496,1,1,0.00529,-0.06487,0.64114,0.52581,0.8227,16.26693,0,0.7795,0.33579,1.12578,0.00364,1,0,participant_10,question_13,Timer-Correct,True,Other
0.0,0,7,1,0.87904,0.55889,0,0.63333,0.18241,0.08691,2679,746.8363,0,0.82022,0.23447,-0.05714,-0.06287,0.65645,0.27685,0.80666,16.60572,1,0.87904,0.55889,1.1171,0.00469,1,1,0.00529,-0.06487,0.64114,0.52581,0.8227,16.26693,0,0.7795,0.33579,1.1171,0.00364,1,0,participant_10,question_13,Timer-Correct,True,Other
0.0,0,7,0,0.87904,0.55889,0,0.63333,0.18241,0.08691,2679,746.8363,0,0.84475,0.30896,-0.05714,-0.06287,0.65645,0.27685,0.80666,16.60572,0,0.87904,0.55889,1.10842,0.00469,1,0,0.00529,-0.06487,0.64114,0.52581,0.8227,16.26693,0,0.7795,0.33579,1.10842,0.00364,1,0,participant_10,question_13,Timer-Correct,False,Other
0.0,0,7,0,0.87904,0.55889,0,0.63333,0.18241,0.08691,2679,746.8363,0,0.84475,0.30896,-0.05714,-0.06287,0.65645,0.27685,0.80666,16.60572,0,0.87904,0.55889,1.09974,0.00469,1,0,0.00529,-0.06487,0.64114,0.52581,0.8227,16.26693,0,0.7795,0.33579,1.09974,0.00364,1,0,participant_10,question_13,Timer-Correct,False,Other
0.0,0,7,0,0.87904,0.55889,0,0.63333,0.18241,0.08691,2679,746.8363,0,0.84475,0.30896,-0.05714,-0.06287,0.65645,0.27685,0.80666,16.60572,0,0.87904,0.55889,1.09974,0.00469,1,0,0.00529,-0.06487,0.64114,0.52581,0.8227,16.26693,0,0.7795,0.33579,1.09974,0.00364,1,0,participant_10,question_13,Timer-Correct,False,Other
0.0,0,7,0,0.87904,0.55889,0,0.63333,0.18241,0.08691,2679,746.8363,0,0.0,0.0,-0.05714,-0.06287,0.65645,0.27685,0.80666,16.60572,0,0.87904,0.55889,1.09974,0.00469,1,0,0.00529,-0.06487,0.64114,0.52581,0.8227,16.26693,0,0.7795,0.33579,1.09974,0.00364,1,0,participant_10,question_13,Timer-Correct,False,Other
0.0,0,7,0,0.87904,0.55889,0,0.63333,0.18241,0.08691,2679,746.8363,0,0.0,0.0,-0.05714,-0.06287,0.65645,0.27685,0.80666,16.60572,0,0.87904,0.55889,1.09974,0.00469,1,0,0.00529,-0.06487,0.64114,0.52581,0.8227,16.26693,0,0.7795,0.33579,1.09974,0.00364,1,0,participant_10,question_13,Timer-Correct,False,Other
0.0,103,7,0,0.87904,0.55889,0,0.63333,0.18241,0.08691,2679,746.8363,0,0.0,0.0,-0.05714,-0.06287,0.65645,0.27685,0.80666,16.60572,0,0.87904,0.55889,1.09974,0.00469,1,0,0.00529,-0.06487,0.64114,0.52581,0.8227,16.26693,0,0.7795,0.33579,1.09974,0.00364,1,0,participant_10,question_13,Timer-Correct,True,Other
0.0,103,7,0,0.87904,0.55889,0,0.63333,0.18241,0.08691,2679,746.8363,0,0.0,0.0,-0.05714,-0.06287,0.65645,0.27685,0.80666,16.60572,0,0.87904,0.55889,1.09974,0.00469,1,0,0.00529,-0.06487,0.64114,0.52581,0.8227,16.26693,0,0.7795,0.33579,1.09974,0.00364,1,0,participant_10,question_13,Timer-Correct,True,Other
0.0,103,7,0,0.87904,0.55889,0,0.63333,0.18241,0.08691,2679,746.8363,0,0.0,0.0,-0.05714,-0.06287,0.65645,0.27685,0.80666,16.60572,0,0.87904,0.55889,1.09974,0.00469,1,0,0.00529,-0.06487,0.64114,0.52581,0.8227,16.26693,0,0.7795,0.33579,1.09974,0.00364,1,0,participant_10,question_13,Timer-Correct,True,Other
0.0,103,7,0,0.87904,0.55889,0,0.63333,0.18241,0.08691,2679,746.8363,0,0.0,0.0,-0.05714,-0.06287,0.65645,0.27685,0.80666,16.60572,0,0.87904,0.55889,1.09974,0.00469,1,0,0.00529,-0.06487,0.64114,0.52581,0.8227,16.26693,0,0.7795,0.33579,1.09974,0.00364,1,0,participant_10,question_13,Timer-Correct,True,Other
0.0,103,7,0,0.87904,0.55889,0,0.63333,0.18241,0.08691,2679,746.8363,0,0.0,0.0,-0.05714,-0.06287,0.65645,0.27685,0.80666,16.60572,0,0.87904,0.55889,1.09974,0.00469,1,0,0.00529,-0.06487,0.64114,0.52581,0.8227,16.26693,0,0.7795,0.33579,1.09974,0.00364,1,0,participant_10,question_13,Timer-Correct,True,Other
0.0,103,7,0,0.87904,0.55889,0,0.63333,0.18241,0.08691,2679,746.8363,0,0.0,0.0,-0.05714,-0.06287,0.65645,0.27685,0.80666,16.60572,0,0.87904,0.55889,1.09974,0.00469,1,0,0.00529,-0.06487,0.64114,0.52581,0.8227,16.26693,0,0.7795,0.33579,1.09974,0.00364,1,0,participant_10,question_13,Timer-Correct,True,Other
0.0,103,7,0,0.87904,0.55889,0,0.63333,0.18241,0.08691,2679,746.8363,0,0.0,0.0,-0.05714,-0.06287,0.65645,0.27685,0.80666,16.60572,0,0.87904,0.55889,1.09974,0.00469,1,0,0.00529,-0.06487,0.64114,0.52581,0.8227,16.26693,0,0.7795,0.33579,1.09974,0.00364,1,0,participant_10,question_13,Timer-Correct,True,Other
0.0,103,7,0,0.87904,0.55889,0,0.63333,0.18241,0.08691,2679,746.8363,0,0.0,0.0,-0.05714,-0.06287,0.65645,0.27685,0.80666,16.60572,0,0.87904,0.55889,1.09974,0.00469,1,0,0.00529,-0.06487,0.64114,0.52581,0.8227,16.26693,0,0.7795,0.33579,1.09974,0.00364,1,0,participant_10,question_13,Timer-Correct,True,Other
0.0,103,7,0,0.87904,0.55889,0,0.63333,0.18241,0.08691,2679,746.8363,0,0.0,0.0,-0.05714,-0.06287,0.65645,0.27685,0.80666,16.60572,0,0.87904,0.55889,1.09974,0.00469,1,0,0.00529,-0.06487,0.64114,0.52581,0.8227,16.26693,0,0.7795,0.33579,1.09974,0.00364,1,0,participant_10,question_13,Timer-Correct,True,Other
0.0,103,7,0,0.87904,0.55889,0,0.63333,0.18241,0.08691,2679,746.8363,0,0.0,0.0,-0.05714,-0.06287,0.65645,0.27685,0.80666,16.60572,0,0.87904,0.55889,1.09974,0.00469,1,0,0.00529,-0.06487,0.64114,0.52581,0.8227,16.26693,0,0.7795,0.33579,1.09974,0.00364,1,0,participant_10,question_13,Timer-Correct,True,Other
0.06318,0,8,1,0.53174,0.05961,0,0.63333,0.18241,0.08691,2679,746.8363,0,0.53174,0.05961,-0.05714,-0.06287,0.65645,0.27032,0.81481,21.71234,1,0.53174,0.05961,1.09974,0.00476,1,1,0.00529,-0.06487,0.64114,0.52581,0.8227,16.26693,0,0.7795,0.33579,1.09974,0.00364,1,0,participant_10,question_13,Timer-Correct,True,Question
0.0,0,8,1,0.52671,0.05731,0,0.63333,0.18241,0.08691,2679,746.8363,0,0.52922,0.05846,-0.05714,-0.06287,0.65645,0.27024,0.8149,21.65885,1,0.52671,0.05731,1.09974,0.00477,1,1,0.00529,-0.06487,0.64114,0.52581,0.8227,16.26693,0,0.7795,0.33579,1.09974,0.00364,1,0,participant_10,question_13,Timer-Correct,True,Question
0.0,0,8,1,0.52671,0.05731,0,0.63333,0.18241,0.08691,2679,746.8363,0,0.52838,0.05808,-0.05861,-0.06626,0.66524,0.27009,0.81485,21.64651,1,0.52671,0.05731,1.09974,0.00481,1,1,0.00529,-0.06487,0.64114,0.52581,0.8227,16.26693,0,0.7795,0.33579,1.09974,0.00364,1,0,participant_10,question_13,Timer-Correct,True,Question
0.0,0,8,1,0.51822,0.0693,0,0.63333,0.18241,0.02032,2680,747.10358,1,0.52584,0.06088,-0.05861,-0.06626,0.66524,0.27041,0.81441,20.87548,1,0.51822,0.0693,1.09974,0.00493,1,1,0.00529,-0.06487,0.64114,0.52581,0.8227,16.26693,0,0.7795,0.33579,1.09974,0.00364,1,0,participant_10,question_13,Timer-Correct,True,Question
0.0,0,8,1,0.5341,0.09129,0,0.63333,0.18241,0.02698,2680,747.10358,1,0.5275,0.06696,-0.05861,-0.06626,0.66524,0.27049,0.81435,21.30097,1,0.5341,0.09129,1.09974,0.00483,1,1,0.00529,-0.06487,0.64114,0.52581,0.8227,16.26693,0,0.7795,0.33579,1.09974,0.00364,1,0,participant_10,question_13,Timer-Correct,True,Question
0.0,0,8,1,0.53384,0.08337,0,0.63333,0.18241,0.03375,2680,747.10358,1,0.52855,0.0697,-0.05956,-0.06713,0.67655,0.27053,0.81399,21.22829,1,0.53384,0.08337,1.10842,0.00484,1,1,0.00529,-0.06487,0.64114,0.52581,0.8227,16.26693,0,0.7795,0.33579,1.10842,0.00364,1,0,participant_10,question_13,Timer-Correct,True,Question
0.0,0,8,1,0.52188,0.03444,0,0.63333,0.18241,0.04047,2680,747.10358,1,0.5276,0.06466,-0.05956,-0.06713,0.67655,0.27071,0.81321,21.1616,1,0.5394,0.08231,1.1171,0.00482,1,1,0.00529,-0.06487,0.64114,0.52006,0.83391,20.11562,1,0.50437,-0.01343,1.1171,0.00411,1,1,participant_10,question_13,Timer-Correct,True,Question
0.0,0,8,1,0.52181,0.01608,0,0.63333,0.18241,0.04688,2680,747.10358,1,0.52688,0.05859,-0.05956,-0.06713,0.67655,0.27061,0.81267,20.92423,1,0.54018,0.05136,1.12578,0.00485,1,1,0.00529,-0.06487,0.64114,0.52007,0.83335,19.82291,1,0.50344,-0.01919,1.12578,0.00416,1,1,participant_10,question_13,Timer-Correct,True,Other
0.0,0,8,1,0.5224,0.00751,0,0.63333,0.18241,0.05334,2680,747.10358,1,0.52638,0.05291,-0.05861,-0.06566,0.66524,0.27059,0.81224,21.11159,1,0.54018,0.05136,1.12578,0.00479,1,1,0.00508,-0.07113,0.67741,0.52008,0.83276,19.89909,1,0.50462,-0.03634,1.14276,0.00413,1,1,participant_10,question_13,Timer-Correct,True,Other
0.0,0,8,1,0.53324,0.0281,0,0.63333,0.18241,0.06024,2680,747.10358,1,0.52706,0.05043,-0.05861,-0.06566,0.66524,0.27046,0.81135,21.41413,1,0.55152,0.05717,1.13408,0.00479,1,1,0.00508,-0.07113,0.67741,0.51984,0.83158,19.78532,1,0.51496,-0.00096,1.15105,0.00411,1,1,participant_10,question_13,Timer-Correct,True,Question
0.0,0,8,1,0.54288,0.00369,0,0.63333,0.18241,0.06671,2680,747.10358,1,0.5285,0.04618,-0.05861,-0.06566,0.66524,0.27029,0.81083,21.08528,1,0.54577,0.0269,1.14237,0.00479,1,1,0.00508,-0.07113,0.67741,0.51973,0.83087,19.73262,1,0.53998,-0.01952,1.15935,0.00417,1,1,participant_10,question_13,Timer-Correct,True,Other
0.0,0,8,1,0.54432,-0.02685,0,0.63333,0.18241,0.07385,2680,747.10358,1,0.52982,0.0401,-0.0623,-0.06914,0.70587,0.27041,0.8103,21.55897,1,0.54523,0.00184,1.16919,0.00468,1,1,0.00493,-0.07211,0.69222,0.51952,0.82993,19.94671,1,0.5434,-0.05554,1.19635,0.0041,1,1,participant_10,question_13,Timer-Correct,True,Other
0.0,0,8,1,0.52322,-0.03137,0,0.63333,0.18241,0.08038,2680,747.10358,1,0.52931,0.0346,-0.0623,-0.06914,0.70587,0.27008,0.80911,20.84663,1,0.53988,-0.00304,1.21487,0.00476,1,1,0.00493,-0.07211,0.69222,0.5193,0.82851,19.8213,1,0.50656,-0.05969,1.22505,0.00417,1,1,participant_10,question_13,Timer-Correct,True,Other
0.0,0,8,1,0.52475,-0.06238,0,0.63333,0.18241,0.08685,2680,747.10358,1,0.52899,0.02767,-0.0623,-0.06914,0.70587,0.26989,0.80857,21.63309,1,0.527,-0.04408,1.24357,0.0047,1,1,0.00493,-0.07211,0.69222,0.51923,0.82815,20.33754,1,0.52249,-0.08067,1.25375,0.00418,1,1,participant_10,question_13,Timer-Correct,True,Other
0.0,0,8,1,0.52477,-0.07514,0,0.63333,0.18241,0.09351,2680,747.10358,1,0.52871,0.02082,-0.06061,-0.06669,0.68503,0.26972,0.80808,21.59867,1,0.52641,-0.06135,1.26244,0.00467,1,1,0.00469,-0.07022,0.6804,0.51916,0.82727,20.38811,1,0.52314,-0.08894,1.26244,0.00408,1,1,participant_10,question_13,Timer-Correct,True,Other
0.0,0,8,1,0.54527,-0.06814,0,0.63333,0.18241,0.1004,2680,747.10358,1,0.52974,0.01526,-0.06061,-0.06669,0.68503,0.26954,0.8067,20.7376,1,0.56197,-0.07232,1.2526,0.00476,1,1,0.00469,-0.07022,0.6804,0.51876,0.82589,20.10023,1,0.52857,-0.06396,1.24241,0.00412,1,1,participant_10,question_13,Timer-Correct,True,Other
0.0,0,8,1,0.53191,-0.04387,0,0.63333,0.18241,0.10687,2680,747.10358,1,0.52987,0.01178,-0.06061,-0.06669,0.68503,0.26932,0.80626,21.08677,1,0.54841,-0.02993,1.23257,0.00476,1,1,0.00469,-0.07022,0.6804,0.51865,0.82537,20.79388,1,0.51541,-0.0578,1.22239,0.00414,1,1,participant_10,question_13,Timer-Correct,True,Other
0.0,0,8,1,0.53136,-0.02513,0,0.63333,0.18241,0.10687,2680,747.10358,0,0.53065,-0.02025,-0.06047,-0.06591,0.68229,0.2693,0.80545,21.16003,1,0.54875,-0.01166,1.21255,0.00468,1,1,0.00456,-0.06918,0.67572,0.5184,0.82424,20.22464,1,0.51397,-0.03859,1.20237,0.0041,1,1,participant_10,question_13,Timer-Correct,True,Other
0.0,0,8,1,0.5272,-0.01362,0,0.63333,0.18241,0.10687,2680,747.10358,0,0.52893,-0.01694,-0.06047,-0.06591,0.68229,0.26903,0.80469,21.17065,1,0.53039,-0.00061,1.20237,0.00474,1,1,0.00456,-0.06918,0.67572,0.5183,0.82292,20.20058,1,0.52401,-0.02662,1.20237,0.00411,1,1,participant_10,question_13,Timer-Correct,True,Other
0.0,0,8,1,0.53156,-0.01581,0,0.63333,0.18241,0.10687,2680,747.10358,0,0.52981,-0.01656,-0.06047,-0.06591,0.68229,0.26882,0.80409,20.85162,1,0.55005,-0.02204,1.20237,0.00471,1,1,0.00456,-0.06918,0.67572,0.51827,0.8224,20.00613,1,0.51308,-0.00958,1.20237,0.00417,1,1,participant_10,question_13,Timer-Correct,True,Other
0.0,0,8,1,0.53156,-0.01581,0,0.63333,0.18241,0.0199,2681,747.21741,1,0.53025,-0.01637,-0.06011,-0.06489,0.67592,0.26882,0.80357,21.06514,1,0.55005,-0.02204,1.20237,0.00467,1,1,0.00436,-0.06869,0.67595,0.51816,0.82156,20.06251,1,0.51308,-0.00958,1.20237,0.00413,1,1,participant_10,question_13,Timer-Correct,True,Other
0.0,0,8,1,0.51087,-0.04177,0,0.63333,0.18241,0.02655,2681,747.21741,1,0.52637,-0.02145,-0.06011,-0.06489,0.67592,0.26754,0.8028,20.69638,1,0.53024,-0.03658,1.20237,0.00486,1,1,0.00436,-0.06869,0.67595,0.51654,0.82041,19.49884,1,0.49151,-0.04696,1.20237,0.00435,1,1,participant_10,question_13,Timer-Correct,True,Other
0.0,0,8,1,0.43297,-0.01117,0,0.63333,0.18241,0.03351,2681,747.21741,1,0.5108,-0.01974,-0.06011,-0.06489,0.67592,0.26676,0.80236,20.54098,1,0.43025,0.02498,1.20237,0.00482,1,1,0.00436,-0.06869,0.67595,0.5157,0.82004,19.6964,1,0.43568,-0.04732,1.20237,0.00443,1,1,participant_10,question_13,Timer-Correct,True,Other
0.0,0,8,1,0.43257,-0.02038,0,0.63333,0.18241,0.04022,2681,747.21741,1,0.49963,-0.01983,-0.06279,-0.06701,0.7019,0.26619,0.80185,20.45592,1,0.42925,0.01623,1.2122,0.00474,1,1,0.00398,-0.06884,0.68088,0.515,0.81973,20.4566,1,0.43588,-0.05699,1.2122,0.0043,1,1,participant_10,question_13,Timer-Correct,True,Other
0.0,0,8,1,0.42686,-0.00799,0,0.63333,0.18241,0.04669,2681,747.21741,1,0.49053,-0.01835,-0.06279,-0.06701,0.7019,0.26556,0.80117,20.33802,1,0.43403,0.00423,1.22204,0.00473,1,1,0.00398,-0.06884,0.68088,0.51471,0.81909,20.51478,1,0.4197,-0.02021,1.22204,0.00435,1,1,participant_10,question_13,Timer-Correct,True,Other
0.0,0,8,1,0.43221,-0.05525,0,0.63333,0.18241,0.05383,2681,747.21741,1,0.48405,-0.02245,-0.06279,-0.06701,0.7019,0.26564,0.80083,20.3885,1,0.43855,-0.00102,1.23188,0.00466,1,1,0.00398,-0.06884,0.68088,0.51477,0.81873,20.0739,1,0.42588,-0.10948,1.23188,0.00431,1,1,participant_10,question_13,Timer-Correct,True,Other
0.0,0,8,1,0.43221,-0.05525,0,0.63333,0.18241,0.06055,2681,747.21741,1,0.47887,-0.02573,-0.06094,-0.06484,0.68182,0.26556,0.80069,21.20476,1,0.43855,-0.00102,1.23188,0.00468,1,1,0.00395,-0.06806,0.67569,0.51473,0.8183,19.81285,1,0.42588,-0.10948,1.23188,0.00429,1,1,participant_10,question_13,Timer-Correct,True,Other
0.0,0,8,1,0.43714,-0.0031,0,0.63333,0.18241,0.06842,2681,747.21741,1,0.47507,-0.02367,-0.06094,-0.06484,0.68182,0.26567,0.80013,20.71478,1,0.41983,-0.00055,1.22204,0.00464,1,1,0.00395,-0.06806,0.67569,0.51499,0.81808,20.01035,1,0.45444,-0.00566,1.22204,0.00427,1,1,participant_10,question_13,Timer-Correct,True,Other
0.0,0,8,1,0.43611,-0.01303,0,0.63333,0.18241,0.07373,2681,747.21741,1,0.47183,-0.02279,-0.06094,-0.06484,0.68182,0.26581,0.79999,20.7928,1,0.43934,-0.01857,1.2122,0.00464,1,1,0.00395,-0.06806,0.67569,0.51523,0.81792,19.8687,1,0.43288,-0.00749,1.2122,0.00422,1,1,participant_10,question_13,Timer-Correct,True,Other
0.0,0,8,1,0.43611,-0.01303,0,0.63333,0.18241,0.08063,2681,747.21741,1,0.46908,-0.02204,-0.06279,-0.06659,0.7019,0.26587,0.79982,20.72064,1,0.43934,-0.01857,1.2122,0.00462,1,1,0.00423,-0.06919,0.68796,0.5152,0.81784,20.17072,1,0.43288,-0.00749,1.2122,0.0042,1,1,participant_10,question_13,Timer-Correct,True,Other
0.0,0,8,1,0.41557,-0.04218,0,0.63333,0.18241,0.08716,2681,747.21741,1,0.46526,-0.02348,-0.06279,-0.06659,0.7019,0.26615,0.79967,21.0604,1,0.41631,-0.05969,1.22204,0.00454,1,1,0.00423,-0.06919,0.68796,0.5154,0.81793,20.18025,1,0.41483,-0.02468,1.22204,0.00427,1,1,participant_10,question_13,Timer-Correct,True,Other
0.0,0,8,1,0.42863,-0.04556,0,0.63333,0.18241,0.09399,2681,747.21741,1,0.46282,-0.02495,-0.06279,-0.06659,0.7019,0.26624,0.79971,20.93423,1,0.42311,-0.05129,1.23188,0.00454,1,1,0.00423,-0.06919,0.68796,0.51559,0.81793,19.99715,1,0.43415,-0.03983,1.23188,0.00423,1,1,participant_10,question_13,Timer-Correct,True,Other
0.0,0,8,1,0.42863,-0.04556,0,0.63333,0.18241,0.1012,2681,747.21741,1,0.46068,-0.02624,-0.06138,-0.06526,0.6879,0.26618,0.79949,20.72576,1,0.42311,-0.05129,1.23188,0.00455,1,1,0.00418,-0.06846,0.67921,0.51565,0.81826,19.96409,1,0.43415,-0.03983,1.23188,0.00426,1,1,participant_10,question_13,Timer-Correct,True,Other
0.0,0,8,1,0.43153,-0.04647,0,0.63333,0.18241,0.1012,2681,747.21741,0,0.43088,-0.02991,-0.06138,-0.06526,0.6879,0.26634,0.79967,20.3365,1,0.43768,-0.03971,1.22204,0.00458,1,1,0.00418,-0.06846,0.67921,0.51594,0.81846,19.74427,1,0.42537,-0.05323,1.22204,0.00432,1,1,participant_10,question_13,Timer-Correct,True,Other
0.0,0,8,1,0.4244,-0.01852,0,0.63333,0.18241,0.1012,2681,747.21741,0,0.42764,-0.02422,-0.06138,-0.06526,0.6879,0.26639,0.79979,20.47539,1,0.44597,0.00377,1.2122,0.00462,1,1,0.00418,-0.06846,0.67921,0.51595,0.81865,20.20154,1,0.40283,-0.04081,1.2122,0.00427,1,1,participant_10,question_13,Timer-Correct,True,Other
0.0,0,8,1,0.42441,-0.01414,0,0.63333,0.18241,0.1012,2681,747.21741,0,0.42656,-0.02086,-0.06231,-0.06636,0.69885,0.26648,0.80003,20.58667,1,0.44597,0.00377,1.2122,0.0046,1,1,0.00419,-0.06629,0.65668,0.516,0.81885,20.04421,1,0.40285,-0.03204,1.20322,0.00419,1,1,participant_10,question_13,Timer-Correct,True,Other
0.0,0,8,1,0.41994,-0.02529,0,0.63333,0.18241,0.01971,2682,747.3252,1,0.42491,-0.02197,-0.06231,-0.06636,0.69885,0.26652,0.80022,20.2449,1,0.42385,0.02998,1.21305,0.0046,1,1,0.00419,-0.06629,0.65668,0.51617,0.81918,19.92563,1,0.41603,-0.08056,1.20407,0.00425,1,1,participant_10,question_13,Timer-Correct,True,Other
0.0,0,8,1,0.42919,-0.05069,0,0.63333,0.18241,0.02643,2682,747.3252,1,0.42576,-0.02771,-0.06231,-0.06636,0.69885,0.26667,0.80021,20.43085,1,0.45772,-0.07292,1.21391,0.00455,1,1,0.00419,-0.06629,0.65668,0.51626,0.81923,19.78447,1,0.40066,-0.02846,1.20492,0.00426,1,1,participant_10,question_13,Timer-Correct,True,Other
0.0,0,8,1,0.42991,-0.03798,0,0.63333,0.18241,0.03308,2682,747.3252,1,0.42645,-0.02942,-0.05917,-0.06322,0.66369,0.26665,0.80041,19.9561,1,0.45914,-0.05594,1.19624,0.00463,1,1,0.00436,-0.06839,0.67595,0.51634,0.81952,19.61695,1,0.40069,-0.02003,1.19624,0.00431,1,1,participant_10,question_13,Timer-Correct,True,Other
0.0,0,8,1,0.44194,-0.02354,0,0.63333,0.18241,0.04004,2682,747.3252,1,0.42867,-0.02858,-0.05917,-0.06322,0.66369,0.26675,0.80069,20.47303,1,0.44043,0.03937,1.17772,0.00448,1,1,0.00436,-0.06839,0.67595,0.51643,0.81989,19.87067,1,0.44345,-0.08645,1.18671,0.00422,1,1,participant_10,question_13,Timer-Correct,True,Other
0.0,0,8,1,0.42114,0.00323,0,0.63333,0.18241,0.04688,2682,747.3252,1,0.42773,-0.02461,-0.05917,-0.06322,0.66369,0.26667,0.80098,20.22175,1,0.41849,0.05159,1.16819,0.00456,1,1,0.00436,-0.06839,0.67595,0.51663,0.82006,19.81911,1,0.4238,-0.04513,1.17718,0.00416,1,1,participant_10,question_13,Timer-Correct,True,Other
0.0,0,8,1,0.42113,0.00855,0,0.63333,0.18241,0.05359,2682,747.3252,1,0.42699,-0.02092,-0.06046,-0.06475,0.67876,0.26669,0.8012,20.2965,1,0.41859,0.05235,1.16734,0.00456,1,1,0.00433,-0.06735,0.66422,0.51664,0.82039,19.66248,1,0.42367,-0.03525,1.16734,0.00427,1,1,participant_10,question_13,Timer-Correct,True,Other
0.0,0,8,1,0.43506,-0.01164,0,0.63333,0.18241,0.06201,2682,747.3252,1,0.4278,-0.01999,-0.06046,-0.06475,0.67876,0.2668,0.80158,20.99055,1,0.44542,-0.02202,1.17602,0.00447,1,1,0.00433,-0.06735,0.66422,0.51672,0.82073,19.9546,1,0.42471,-0.00125,1.16703,0.00424,1,1,participant_10,question_13,Timer-Correct,True,Other
0.0,0,8,1,0.44506,0.02334,0,0.63333,0.18241,0.06665,2682,747.3252,1,0.42937,-0.01605,-0.06046,-0.06475,0.67876,0.26688,0.80174,20.48801,1,0.45949,0.01077,1.17571,0.00448,1,1,0.00433,-0.06735,0.66422,0.51669,0.82088,20.08589,1,0.43064,0.03591,1.16672,0.00417,1,1,participant_10,question_13,Timer-Correct,True,Other
0.0,0,8,1,0.44475,0.01446,0,0.63333,0.18241,0.07367,2682,747.3252,1,0.43065,-0.01351,-0.063,-0.06769,0.70785,0.26686,0.80194,20.43926,1,0.45871,0.00199,1.18524,0.00446,1,1,0.00442,-0.06744,0.66309,0.51688,0.82121,19.94825,1,0.43079,0.02694,1.17626,0.00415,1,1,participant_10,question_13,Timer-Correct,True,Other
0.0,0,8,1,0.436,-0.02227,0,0.63333,0.18241,0.07996,2682,747.3252,1,0.43106,-0.01419,-0.063,-0.06769,0.70785,0.26681,0.80235,20.08758,1,0.42206,-0.03832,1.18609,0.00457,1,1,0.00442,-0.06744,0.66309,0.51693,0.8216,19.93415,1,0.44995,-0.00622,1.18609,0.00417,1,1,participant_10,question_13,Timer-Correct,True,Other
0.0,0,8,1,0.42271,-0.00673,0,0.63333,0.18241,0.08661,2682,747.3252,1,0.43047,-0.01365,-0.063,-0.06769,0.70785,0.26688,0.80263,20.73246,1,0.42504,-0.02784,1.19593,0.00451,1,1,0.00442,-0.06744,0.66309,0.51689,0.8218,20.14567,1,0.42038,0.01437,1.19593,0.00419,1,1,participant_10,question_13,Timer-Correct,True,Other
0.0,0,8,1,0.42275,-0.01095,0,0.63333,0.18241,0.09344,2682,747.3252,1,0.42995,-0.01347,-0.06011,-0.06479,0.67592,0.26689,0.80288,20.49063,1,0.42504,-0.02784,1.19593,0.00447,1,1,0.00455,-0.06884,0.67486,0.51703,0.82216,20.15758,1,0.42047,0.00594,1.20492,0.00419,1,1,participant_10,question_13,Timer-Correct,True,Other
0.0,0,8,1,0.43049,-0.00285,0,0.63333,0.18241,0.10114,2682,747.3252,1,0.42999,-0.01281,-0.06011,-0.06479,0.67592,0.26699,0.80316,20.2236,1,0.43599,0.04919,1.19508,0.00452,1,1,0.00455,-0.06884,0.67486,0.51711,0.82221,19.91409,1,0.42498,-0.05488,1.20407,0.00423,1,1,participant_10,question_13,Timer-Correct,True,Other
0.0,0,8,1,0.4378,-0.0237,0,0.63333,0.18241,0.10712,2682,747.3252,1,0.43045,-0.01345,-0.06011,-0.06479,0.67592,0.26706,0.80322,20.04365,1,0.43638,0.00742,1.19423,0.0045,1,1,0.00455,-0.06884,0.67486,0.51719,0.82236,19.73986,1,0.43922,-0.05481,1.20322,0.00413,1,1,participant_10,question_13,Timer-Correct,True,Other
0.0,0,8,1,0.43773,-0.01845,0,0.63333,0.18241,0.11383,2682,747.3252,1,0.43085,-0.01373,-0.06029,-0.06514,0.678,0.26715,0.8034,20.02783,1,0.43646,0.00819,1.19338,0.00447,1,1,0.00448,-0.06692,0.65611,0.51729,0.82241,19.75412,1,0.439,-0.0451,1.19338,0.00418,1,1,participant_10,question_13,Timer-Correct,True,Other
0.0,0,8,1,0.44455,-0.02212,0,0.63333,0.18241,0.12036,2682,747.3252,1,0.43157,-0.01417,-0.06029,-0.06514,0.678,0.26724,0.80364,20.63806,1,0.44409,-0.03736,1.19338,0.00443,1,1,0.00448,-0.06692,0.65611,0.51737,0.82288,20.1951,1,0.445,-0.00689,1.18439,0.00413,1,1,participant_10,question_13,Timer-Correct,True,Other
0.0,0,8,1,0.4186,-0.00734,0,0.63333,0.18241,0.12689,2682,747.3252,1,0.43092,-0.01383,-0.06029,-0.06514,0.678,0.26691,0.80379,20.34388,1,0.42977,-0.00977,1.18439,0.0045,1,1,0.00448,-0.06692,0.65611,0.51704,0.82262,20.02543,1,0.40744,-0.00492,1.17541,0.0041,1,1,participant_10,question_13,Timer-Correct,True,Other
0.0,0,8,1,0.41856,-0.00815,0,0.63333,0.18241,0.13379,2682,747.3252,1,0.43033,-0.01356,-0.06276,-0.0678,0.70511,0.26689,0.80385,20.43642,1,0.42968,-0.01056,1.18524,0.00446,1,1,0.0044,-0.06725,0.65888,0.51683,0.82283,20.24265,1,0.40744,-0.00575,1.17626,0.00422,1,1,participant_10,question_13,Timer-Correct,True,Other
0.0,0,8,1,0.38874,-0.02197,0,0.63333,0.18241,0.14038,2682,747.3252,1,0.42844,-0.01394,-0.06276,-0.0678,0.70511,0.26666,0.80379,20.08132,1,0.39889,-0.02301,1.18609,0.0044,1,1,0.0044,-0.06725,0.65888,0.51669,0.82274,19.73867,1,0.37859,-0.02094,1.18609,0.00415,1,1,participant_10,question_13,Timer-Correct,True,Other
0.0,0,8,1,0.38946,-0.04007,0,0.63333,0.18241,0.14807,2682,747.3252,1,0.42675,-0.01508,-0.06276,-0.0678,0.70511,0.26671,0.80366,19.70524,1,0.37219,-0.02826,1.19593,0.00441,1,1,0.0044,-0.06725,0.65888,0.51674,0.82265,19.33069,1,0.40672,-0.05187,1.19593,0.00424,1,1,participant_10,question_13,Timer-Correct,True,Other
0.0,0,8,1,0.38877,-0.05407,0,0.63333,0.18241,0.15417,2682,747.3252,1,0.42517,-0.0167,-0.06212,-0.06733,0.70026,0.26683,0.80363,19.77312,1,0.3708,-0.03748,1.20577,0.0045,1,1,0.0048,-0.06946,0.68096,0.51695,0.82246,19.66442,1,0.40675,-0.07065,1.21476,0.00416,1,1,participant_10,question_13,Timer-Correct,True,Other
0.0,0,8,1,0.39203,-0.06892,0,0.63333,0.18241,0.16174,2682,747.3252,1,0.42384,-0.01879,-0.06212,-0.06733,0.70026,0.26733,0.80346,19.93049,1,0.39463,-0.03226,1.21476,0.00449,1,1,0.0048,-0.06946,0.68096,0.5174,0.82234,19.88735,1,0.38942,-0.10558,1.22374,0.00408,1,1,participant_10,question_13,Timer-Correct,True,Other
0.0,0,8,1,0.38257,-0.04382,0,0.63333,0.18241,0.16736,2682,747.3252,1,0.42225,-0.01975,-0.06212,-0.06733,0.70026,0.26761,0.80329,20.51793,1,0.38477,-0.01907,1.22374,0.00441,1,1,0.0048,-0.06946,0.68096,0.5176,0.82223,19.69714,1,0.38038,-0.06857,1.23273,0.00411,1,1,participant_10,question_13,Timer-Correct,True,Other
0.0,0,8,1,0.38271,-0.03858,0,0.63333,0.18241,0.17419,2682,747.3252,1,0.42079,-0.02045,-0.05978,-0.06487,0.67676,0.26779,0.80306,20.17297,1,0.38488,-0.0183,1.22289,0.00436,1,1,0.00488,-0.067,0.6578,0.51788,0.82197,19.52228,1,0.38054,-0.05886,1.22289,0.00419,1,1,participant_10,question_13,Timer-Correct,True,Other
0.0,0,8,1,0.38916,-0.02859,0,0.63333,0.18241,0.18085,2682,747.3252,1,0.41966,-0.02074,-0.05978,-0.06487,0.67676,0.26845,0.80248,20.09232,1,0.39597,-0.02388,1.21306,0.00433,1,1,0.00488,-0.067,0.6578,0.51839,0.82171,19.52997,1,0.38236,-0.0333,1.20407,0.00415,1,1,participant_10,question_13,Timer-Correct,True,Other
0.0,0,8,1,0.39438,-0.01641,0,0.63333,0.18241,0.18756,2682,747.3252,1,0.41879,-0.02059,-0.05978,-0.06487,0.67676,0.26875,0.80252,20.52944,1,0.39725,0.00955,1.19423,0.00438,1,1,0.00488,-0.067,0.6578,0.51872,0.8217,19.74858,1,0.3915,-0.04238,1.18524,0.00406,1,1,participant_10,question_13,Timer-Correct,True,Other
0.0,0,8,1,0.39619,0.00534,0,0.63333,0.18241,0.19415,2682,747.3252,1,0.41803,-0.01973,-0.06031,-0.06546,0.68567,0.26901,0.80201,19.96614,1,0.4007,0.03451,1.16672,0.00439,1,1,0.00523,-0.06817,0.67082,0.51914,0.82129,19.38336,1,0.39168,-0.02384,1.16672,0.00409,1,1,participant_10,question_13,Timer-Correct,True,Other
0.0,0,8,1,0.37934,0.02833,0,0.63333,0.18241,0.20099,2682,747.3252,1,0.41679,-0.01818,-0.06031,-0.06546,0.68567,0.26963,0.80148,20.00093,1,0.40504,-0.00057,1.15804,0.0044,1,1,0.00523,-0.06817,0.67082,0.51975,0.82129,19.92624,1,0.35363,0.05723,1.16703,0.00405,1,1,participant_10,question_13,Timer-Correct,True,Question
0.0,0,8,1,0.39138,0.01883,0,0.63333,0.18241,0.20099,2682,747.3252,0,0.39111,-0.02234,-0.06031,-0.06546,0.68567,0.27013,0.80117,20.29894,1,0.41832,-0.00285,1.15835,0.00435,1,1,0.00523,-0.06817,0.67082,0.5201,0.821,19.04953,1,0.36443,0.04051,1.16734,0.00415,1,1,participant_10,question_13,Timer-Correct,True,Other
0.0,0,8,1,0.39135,0.01854,0,0.63333,0.18241,0.20099,2682,747.3252,0,0.39123,-0.0019,-0.05843,-0.06361,0.6689,0.27039,0.8007,19.44051,1,0.41829,-0.00314,1.15866,0.00441,1,1,0.00572,-0.0691,0.68099,0.52048,0.82094,19.63615,1,0.36442,0.04022,1.16764,0.00404,1,1,participant_10,question_13,Timer-Correct,True,Other
0.0,0,8,1,0.38698,-3e-05,0,0.63333,0.18241,0.20099,2682,747.3252,0,0.38981,-0.00128,-0.05843,-0.06361,0.6689,0.27118,0.80036,20.21994,1,0.39738,-0.01559,1.16764,0.00437,1,1,0.00572,-0.0691,0.68099,0.52118,0.82065,19.28094,1,0.37659,0.01553,1.16764,0.00406,1,1,participant_10,question_13,Timer-Correct,True,Other
0.0,0,8,1,0.39811,0.03219,0,0.63333,0.18241,0.02008,2683,747.53284,1,0.39189,0.00709,-0.05843,-0.06361,0.6689,0.27152,0.7999,19.41377,1,0.41025,0.04444,1.16764,0.00439,1,1,0.00572,-0.0691,0.68099,0.52153,0.82076,19.48422,1,0.38597,0.01994,1.16764,0.00405,1,1,participant_10,question_13,Timer-Correct,True,Question
0.0,0,8,1,0.39753,0.02411,0,0.63333,0.18241,0.02686,2683,747.53284,1,0.39302,0.01049,-0.05932,-0.06477,0.6832,0.27188,0.79953,19.45234,1,0.40922,0.03664,1.17632,0.0044,1,1,0.00601,-0.06888,0.67928,0.52182,0.82063,19.32263,1,0.38584,0.01158,1.17632,0.00407,1,1,participant_10,question_13,Timer-Correct,True,Other
0.0,0,8,1,0.37797,-0.02403,0,0.63333,0.18241,0.03351,2683,747.53284,1,0.39051,0.00474,-0.05932,-0.06477,0.6832,0.27263,0.7994,20.25916,1,0.41385,0.00693,1.185,0.00434,1,1,0.00601,-0.06888,0.67928,0.52261,0.82055,19.31681,1,0.34208,-0.05499,1.185,0.00411,1,1,participant_10,question_13,Timer-Correct,True,Other
0.0,0,8,1,0.38265,-0.01468,0,0.63333,0.18241,0.04016,2683,747.53284,1,0.38939,0.00197,-0.05932,-0.06477,0.6832,0.27289,0.79909,19.86556,1,0.38823,0.02086,1.19369,0.00437,1,1,0.00601,-0.06888,0.67928,0.52296,0.82059,19.27197,1,0.37707,-0.05022,1.19369,0.00409,1,1,participant_10,question_13,Timer-Correct,True,Other
0.0,0,8,1,0.382,-0.02293,0,0.63333,0.18241,0.04688,2683,747.53284,1,0.38846,-0.00115,-0.05832,-0.06391,0.67633,0.27337,0.7987,19.96099,1,0.38709,0.01307,1.20237,0.00433,1,1,0.00647,-0.06942,0.68457,0.52328,0.82058,19.45635,1,0.37691,-0.05893,1.20237,0.00403,1,1,participant_10,question_13,Timer-Correct,True,Other
0.0,0,8,1,0.38379,-0.05985,0,0.63333,0.18241,0.05371,2683,747.53284,1,0.38794,-0.00767,-0.05832,-0.06391,0.67633,0.27388,0.79831,19.69521,1,0.39791,-0.05738,1.20237,0.00437,1,1,0.00647,-0.06942,0.68457,0.52404,0.82048,19.41595,1,0.36966,-0.06233,1.20237,0.00407,1,1,participant_10,question_13,Timer-Correct,True,Other
0.0,0,8,1,0.38298,-0.06232,0,0.63333,0.18241,0.0603,2683,747.53284,1,0.38745,-0.01313,-0.05832,-0.06391,0.67633,0.27425,0.79838,20.0543,1,0.39368,-0.07021,1.20237,0.00428,1,1,0.00647,-0.06942,0.68457,0.52437,0.82061,19.34117,1,0.37228,-0.05442,1.20237,0.00408,1,1,participant_10,question_13,Timer-Correct,True,Other
0.0,0,8,1,0.38298,-0.06232,0,0.63333,0.18241,0.06714,2683,747.53284,1,0.38704,-0.01761,-0.05845,-0.06429,0.68139,0.27446,0.79807,19.74163,1,0.39368,-0.07021,1.20237,0.00436,1,1,0.00685,-0.06909,0.68134,0.52473,0.82041,19.35908,1,0.37228,-0.05442,1.20237,0.00406,1,1,participant_10,question_13,Timer-Correct,True,Other
0.0,0,8,1,0.3827,-0.01099,0,0.63333,0.18241,0.07361,2683,747.53284,1,0.38668,-0.01705,-0.05845,-0.06429,0.68139,0.27501,0.79772,19.41826,1,0.38901,0.01747,1.20237,0.00437,1,1,0.00685,-0.06909,0.68134,0.52531,0.82056,19.29377,1,0.37638,-0.03945,1.20237,0.00405,1,1,participant_10,question_13,Timer-Correct,True,Other
0.0,0,8,1,0.36243,0.09626,0,0.63333,0.18241,0.08057,2683,747.53284,1,0.38481,-0.00834,-0.05845,-0.06429,0.68139,0.27522,0.7984,18.38766,1,0.38151,0.13743,1.20237,0.00409,1,1,0.00685,-0.06909,0.68134,0.52539,0.82128,17.68514,1,0.34336,0.05509,1.20237,0.00393,1,1,participant_10,question_13,Timer-Correct,True,Question
0.0,0,8,1,0.36263,0.10036,0,0.63333,0.18241,0.08783,2683,747.53284,1,0.38323,-0.00057,-0.05715,-0.06304,0.66974,0.27552,0.79878,17.20019,1,0.38151,0.13743,1.20237,0.00394,1,1,0.00688,-0.06697,0.66044,0.52561,0.8222,14.71312,1,0.34376,0.06329,1.19338,0.00393,1,1,participant_10,question_13,Timer-Correct,True,Question
0.0,0,8,0,0.36263,0.10036,0,0.63333,0.18241,0.09387,2683,747.53284,1,0.38323,-0.00057,-0.05715,-0.06304,0.66974,0.27552,0.79878,17.20019,0,0.38151,0.13743,1.19338,0.00394,1,0,0.00688,-0.06697,0.66044,0.52561,0.8222,14.71312,0,0.34376,0.06329,1.18439,0.00393,1,0,participant_10,question_13,Timer-Correct,False,Question
0.0,0,8,0,0.36263,0.10036,0,0.63333,0.18241,0.10028,2683,747.53284,1,0.38323,-0.00057,-0.05715,-0.06304,0.66974,0.27552,0.79878,17.20019,0,0.38151,0.13743,1.18439,0.00394,1,0,0.00688,-0.06697,0.66044,0.52561,0.8222,14.71312,0,0.34376,0.06329,1.17541,0.00393,1,0,participant_10,question_13,Timer-Correct,False,Question
0.0,0,8,0,0.36263,0.10036,0,0.63333,0.18241,0.10968,2683,747.53284,1,0.38323,-0.00057,-0.05715,-0.06304,0.66974,0.27552,0.79878,17.20019,0,0.38151,0.13743,1.17541,0.00394,1,0,0.00688,-0.06697,0.66044,0.52561,0.8222,14.71312,0,0.34376,0.06329,1.16642,0.00393,1,0,participant_10,question_13,Timer-Correct,False,Question
0.0,0,8,0,0.36263,0.10036,0,0.63333,0.18241,0.10968,2683,747.53284,0,0.3819,-0.00035,-0.05715,-0.06304,0.66974,0.27552,0.79878,17.20019,0,0.38151,0.13743,1.16642,0.00394,1,0,0.00688,-0.06697,0.66044,0.52561,0.8222,14.71312,0,0.34376,0.06329,1.16642,0.00393,1,0,participant_10,question_13,Timer-Correct,False,Question
0.0,0,8,0,0.36263,0.10036,0,0.63333,0.18241,0.10968,2683,747.53284,0,0.3819,-0.00035,-0.05715,-0.06304,0.66974,0.27552,0.79878,17.20019,0,0.38151,0.13743,1.16642,0.00394,1,0,0.00688,-0.06697,0.66044,0.52561,0.8222,14.71312,0,0.34376,0.06329,1.16642,0.00393,1,0,participant_10,question_13,Timer-Correct,False,Question
0.0,0,8,0,0.36263,0.10036,0,0.63333,0.18241,0.10968,2683,747.53284,0,0.3819,-0.00035,-0.05715,-0.06304,0.66974,0.27552,0.79878,17.20019,0,0.38151,0.13743,1.16642,0.00394,1,0,0.00688,-0.06697,0.66044,0.52561,0.8222,14.71312,0,0.34376,0.06329,1.16642,0.00393,1,0,participant_10,question_13,Timer-Correct,False,Question
0.0,104,8,0,0.36263,0.10036,0,0.63333,0.18241,0.10968,2683,747.53284,0,0.0,0.0,-0.05715,-0.06304,0.66974,0.27552,0.79878,17.20019,0,0.38151,0.13743,1.16642,0.00394,1,0,0.00688,-0.06697,0.66044,0.52561,0.8222,14.71312,0,0.34376,0.06329,1.16642,0.00393,1,0,participant_10,question_13,Timer-Correct,True,Question
0.0,104,8,0,0.36263,0.10036,0,0.63333,0.18241,0.10968,2683,747.53284,0,0.0,0.0,-0.05715,-0.06304,0.66974,0.27552,0.79878,17.20019,0,0.38151,0.13743,1.16642,0.00394,1,0,0.00688,-0.06697,0.66044,0.52561,0.8222,14.71312,0,0.34376,0.06329,1.16642,0.00393,1,0,participant_10,question_13,Timer-Correct,True,Question
0.0,104,8,0,0.36263,0.10036,0,0.63333,0.18241,0.10968,2683,747.53284,0,0.0,0.0,-0.05715,-0.06304,0.66974,0.27552,0.79878,17.20019,0,0.38151,0.13743,1.16642,0.00394,1,0,0.00688,-0.06697,0.66044,0.52561,0.8222,14.71312,0,0.34376,0.06329,1.16642,0.00393,1,0,participant_10,question_13,Timer-Correct,True,Question
0.0,104,8,0,0.36263,0.10036,0,0.63333,0.18241,0.10968,2683,747.53284,0,0.0,0.0,-0.05715,-0.06304,0.66974,0.27552,0.79878,17.20019,0,0.38151,0.13743,1.16642,0.00394,1,0,0.00688,-0.06697,0.66044,0.52561,0.8222,14.71312,0,0.34376,0.06329,1.16642,0.00393,1,0,participant_10,question_13,Timer-Correct,True,Question
0.0,104,8,0,0.36263,0.10036,0,0.63333,0.18241,0.10968,2683,747.53284,0,0.0,0.0,-0.05715,-0.06304,0.66974,0.27552,0.79878,17.20019,0,0.38151,0.13743,1.16642,0.00394,1,0,0.00688,-0.06697,0.66044,0.52561,0.8222,14.71312,0,0.34376,0.06329,1.16642,0.00393,1,0,participant_10,question_13,Timer-Correct,True,Question
0.0,104,8,0,0.36263,0.10036,0,0.63333,0.18241,0.10968,2683,747.53284,0,0.0,0.0,-0.05715,-0.06304,0.66974,0.27552,0.79878,17.20019,0,0.38151,0.13743,1.16642,0.00394,1,0,0.00688,-0.06697,0.66044,0.52561,0.8222,14.71312,0,0.34376,0.06329,1.16642,0.00393,1,0,participant_10,question_13,Timer-Correct,True,Question
0.0,104,8,0,0.36263,0.10036,0,0.63333,0.18241,0.10968,2683,747.53284,0,0.0,0.0,-0.05715,-0.06304,0.66974,0.27552,0.79878,17.20019,0,0.38151,0.13743,1.16642,0.00394,1,0,0.00688,-0.06697,0.66044,0.52561,0.8222,14.71312,0,0.34376,0.06329,1.16642,0.00393,1,0,participant_10,question_13,Timer-Correct,True,Question
0.0,104,8,0,0.36263,0.10036,0,0.63333,0.18241,0.10968,2683,747.53284,0,0.0,0.0,-0.05715,-0.06304,0.66974,0.27552,0.79878,17.20019,0,0.38151,0.13743,1.16642,0.00394,1,0,0.00688,-0.06697,0.66044,0.52561,0.8222,14.71312,0,0.34376,0.06329,1.16642,0.00393,1,0,participant_10,question_13,Timer-Correct,True,Question
0.0,104,8,0,0.36263,0.10036,0,0.63333,0.18241,0.10968,2683,747.53284,0,0.0,0.0,-0.05715,-0.06304,0.66974,0.27552,0.79878,17.20019,0,0.38151,0.13743,1.16642,0.00394,1,0,0.00688,-0.06697,0.66044,0.52561,0.8222,14.71312,0,0.34376,0.06329,1.16642,0.00393,1,0,participant_10,question_13,Timer-Correct,True,Question
0.0,104,8,0,0.36263,0.10036,0,0.63333,0.18241,0.10968,2683,747.53284,0,0.0,0.0,-0.05715,-0.06304,0.66974,0.27552,0.79878,17.20019,0,0.38151,0.13743,1.16642,0.00394,1,0,0.00688,-0.06697,0.66044,0.52561,0.8222,14.71312,0,0.34376,0.06329,1.16642,0.00393,1,0,participant_10,question_13,Timer-Correct,True,Question
0.0,104,8,0,0.36263,0.10036,0,0.63333,0.18241,0.10968,2683,747.53284,0,0.0,0.0,-0.05715,-0.06304,0.66974,0.27552,0.79878,17.20019,0,0.38151,0.13743,1.16642,0.00394,1,0,0.00688,-0.06697,0.66044,0.52561,0.8222,14.71312,0,0.34376,0.06329,1.16642,0.00393,1,0,participant_10,question_13,Timer-Correct,True,Question
0.0,104,8,0,0.36263,0.10036,0,0.63333,0.18241,0.10968,2683,747.53284,0,0.0,0.0,-0.05715,-0.06304,0.66974,0.27552,0.79878,17.20019,0,0.38151,0.13743,1.16642,0.00394,1,0,0.00688,-0.06697,0.66044,0.52561,0.8222,14.71312,0,0.34376,0.06329,1.16642,0.00393,1,0,participant_10,question_13,Timer-Correct,True,Question
0.07628,0,9,1,0.37988,0.06098,0,0.63333,0.18241,0.10968,2683,747.53284,0,0.37988,0.06098,-0.05715,-0.06304,0.66974,0.27592,0.7984,19.90177,1,0.38792,0.08984,1.16642,0.00445,1,1,0.00688,-0.06697,0.66044,0.52634,0.82203,19.46107,1,0.37183,0.03211,1.16642,0.00415,1,1,participant_10,question_13,Timer-Correct,True,Question
0.0,0,9,1,0.38217,-0.02102,0,0.63333,0.18241,0.10968,2683,747.53284,0,0.38102,0.01998,-0.05715,-0.06304,0.66974,0.2759,0.79868,20.83727,1,0.38646,-0.0041,1.16642,0.00433,1,1,0.00688,-0.06697,0.66044,0.52631,0.82209,19.65503,1,0.37789,-0.03794,1.16642,0.00409,1,1,participant_10,question_13,Timer-Correct,True,Other
0.0,0,9,1,0.38209,-0.02559,0,0.63333,0.18241,0.10968,2683,747.53284,0,0.38138,0.00479,-0.05748,-0.06364,0.6724,0.27595,0.79882,20.98697,1,0.38646,-0.0041,1.16642,0.00434,1,1,0.00708,-0.0687,0.67403,0.52621,0.82224,19.85689,1,0.37772,-0.04708,1.17541,0.00411,1,1,participant_10,question_13,Timer-Correct,True,Other
0.0,0,9,1,0.36808,-0.02621,0,0.63333,0.18241,0.02039,2684,747.74664,1,0.37805,-0.00296,-0.05748,-0.06364,0.6724,0.27577,0.79879,20.56858,1,0.3641,0.00325,1.17541,0.00439,1,1,0.00708,-0.0687,0.67403,0.52615,0.8223,19.56136,1,0.37205,-0.05568,1.18439,0.00412,1,1,participant_10,question_13,Timer-Correct,True,Other
0.0,0,9,1,0.36807,-0.03216,0,0.63333,0.18241,0.02692,2684,747.74664,1,0.37606,-0.0088,-0.05748,-0.06364,0.6724,0.27569,0.79902,20.43597,1,0.36896,-0.00413,1.18439,0.00441,1,1,0.00708,-0.0687,0.67403,0.52616,0.82227,19.75038,1,0.36719,-0.06018,1.19338,0.00413,1,1,participant_10,question_13,Timer-Correct,True,Other
0.0,0,9,1,0.36816,-0.02789,0,0.63333,0.18241,0.03381,2684,747.74664,1,0.37474,-0.01198,-0.0567,-0.06273,0.66271,0.2757,0.79901,20.17927,1,0.36891,-0.00441,1.1847,0.00444,1,1,0.00683,-0.06683,0.65515,0.52618,0.82237,19.51629,1,0.36741,-0.05138,1.1847,0.00412,1,1,participant_10,question_13,Timer-Correct,True,Other
0.0,0,9,1,0.36549,0.09947,0,0.63333,0.18241,0.04034,2684,747.74664,1,0.37342,0.00394,-0.0567,-0.06273,0.66271,0.27565,0.79932,19.50658,1,0.37048,0.11237,1.17602,0.00444,1,1,0.00683,-0.06683,0.65515,0.52611,0.82272,18.8227,1,0.3605,0.08656,1.16703,0.0041,1,1,participant_10,question_13,Timer-Correct,True,Question
0.0,0,9,1,0.34211,0.25814,0,0.63333,0.18241,0.04706,2684,747.74664,1,0.36951,0.03571,-0.0567,-0.06273,0.66271,0.27548,0.80106,15.7342,1,0.3555,0.30993,1.15835,0.00412,1,1,0.00683,-0.06683,0.65515,0.52575,0.8241,15.40474,1,0.32872,0.20635,1.14936,0.00372,1,1,participant_10,question_13,Timer-Correct,True,Question
0.0,0,9,1,0.34201,0.2575,0,0.63333,0.18241,0.05383,2684,747.74664,1,0.36645,0.06036,-0.05976,-0.06623,0.69977,0.27532,0.80313,13.42898,1,0.35536,0.30935,1.1592,0.00346,1,1,0.00694,-0.06783,0.66549,0.52532,0.82655,10.53956,1,0.32866,0.20565,1.15021,0.00346,1,1,participant_10,question_13,Timer-Correct,True,Question
0.0,0,9,0,0.34201,0.2575,0,0.63333,0.18241,0.06055,2684,747.74664,1,0.36645,0.06036,-0.05976,-0.06623,0.69977,0.27532,0.80313,13.42898,0,0.35536,0.30935,1.16873,0.00346,1,0,0.00694,-0.06783,0.66549,0.52532,0.82655,10.53956,0,0.32866,0.20565,1.16873,0.00346,1,0,participant_10,question_13,Timer-Correct,False,Question
0.0,0,9,0,0.34201,0.2575,0,0.63333,0.18241,0.06732,2684,747.74664,1,0.36645,0.06036,-0.05976,-0.06623,0.69977,0.27532,0.80313,13.42898,0,0.35536,0.30935,1.18725,0.00346,1,0,0.00694,-0.06783,0.66549,0.52532,0.82655,10.53956,0,0.32866,0.20565,1.18725,0.00346,1,0,participant_10,question_13,Timer-Correct,False,Question
0.0,0,9,0,0.34201,0.2575,0,0.63333,0.18241,0.078,2684,747.74664,1,0.36645,0.06036,-0.05976,-0.06623,0.69977,0.27532,0.80313,13.42898,0,0.35536,0.30935,1.20577,0.00346,1,0,0.00694,-0.06783,0.66549,0.52532,0.82655,10.53956,0,0.32866,0.20565,1.20577,0.00346,1,0,participant_10,question_13,Timer-Correct,False,Question
0.0,0,9,0,0.34201,0.2575,0,0.63333,0.18241,0.078,2684,747.74664,0,0.36477,0.06028,-0.05976,-0.06623,0.69977,0.27532,0.80313,13.42898,0,0.35536,0.30935,1.20577,0.00346,1,0,0.00694,-0.06783,0.66549,0.52532,0.82655,10.53956,0,0.32866,0.20565,1.20577,0.00346,1,0,participant_10,question_13,Timer-Correct,False,Question
0.0,0,9,0,0.34201,0.2575,0,0.63333,0.18241,0.078,2684,747.74664,0,0.36477,0.06028,-0.05976,-0.06623,0.69977,0.27532,0.80313,13.42898,0,0.35536,0.30935,1.20577,0.00346,1,0,0.00694,-0.06783,0.66549,0.52532,0.82655,10.53956,0,0.32866,0.20565,1.20577,0.00346,1,0,participant_10,question_13,Timer-Correct,False,Question
0.0,0,9,0,0.34201,0.2575,0,0.63333,0.18241,0.078,2684,747.74664,0,0.36477,0.06028,-0.05976,-0.06623,0.69977,0.27532,0.80313,13.42898,0,0.35536,0.30935,1.20577,0.00346,1,0,0.00694,-0.06783,0.66549,0.52532,0.82655,10.53956,0,0.32866,0.20565,1.20577,0.00346,1,0,participant_10,question_13,Timer-Correct,False,Question
0.0,0,9,0,0.34201,0.2575,0,0.63333,0.18241,0.078,2684,747.74664,0,0.0,0.0,-0.05976,-0.06623,0.69977,0.27532,0.80313,13.42898,0,0.35536,0.30935,1.20577,0.00346,1,0,0.00694,-0.06783,0.66549,0.52532,0.82655,10.53956,0,0.32866,0.20565,1.20577,0.00346,1,0,participant_10,question_13,Timer-Correct,False,Question
0.0,0,9,0,0.34201,0.2575,0,0.63333,0.18241,0.078,2684,747.74664,0,0.0,0.0,-0.05976,-0.06623,0.69977,0.27532,0.80313,13.42898,0,0.35536,0.30935,1.20577,0.00346,1,0,0.00694,-0.06783,0.66549,0.52532,0.82655,10.53956,0,0.32866,0.20565,1.20577,0.00346,1,0,participant_10,question_13,Timer-Correct,False,Question
0.0,0,9,0,0.34201,0.2575,0,0.63333,0.18241,0.078,2684,747.74664,0,0.0,0.0,-0.05976,-0.06623,0.69977,0.27532,0.80313,13.42898,0,0.35536,0.30935,1.20577,0.00346,1,0,0.00694,-0.06783,0.66549,0.52532,0.82655,10.53956,0,0.32866,0.20565,1.20577,0.00346,1,0,participant_10,question_13,Timer-Correct,False,Question
0.0,0,8,0,0.34201,0.2575,0,0.63333,0.18241,0.078,2684,747.74664,0,0.0,0.0,-0.05976,-0.06623,0.69977,0.27532,0.80313,13.42898,0,0.35536,0.30935,1.20577,0.00346,1,0,0.00694,-0.06783,0.66549,0.52532,0.82655,10.53956,0,0.32866,0.20565,1.20577,0.00346,1,0,participant_10,question_13,Timer-Correct,False,Question
0.0,0,8,0,0.34201,0.2575,0,0.63333,0.18241,0.078,2684,747.74664,0,0.0,0.0,-0.05976,-0.06623,0.69977,0.27532,0.80313,13.42898,0,0.35536,0.30935,1.20577,0.00346,1,0,0.00694,-0.06783,0.66549,0.52532,0.82655,10.53956,0,0.32866,0.20565,1.20577,0.00346,1,0,participant_10,question_13,Timer-Correct,False,Question
0.0,0,8,0,0.34201,0.2575,0,0.63333,0.18241,0.078,2684,747.74664,0,0.0,0.0,-0.05976,-0.06623,0.69977,0.27532,0.80313,13.42898,0,0.35536,0.30935,1.20577,0.00346,1,0,0.00694,-0.06783,0.66549,0.52532,0.82655,10.53956,0,0.32866,0.20565,1.20577,0.00346,1,0,participant_10,question_13,Timer-Correct,False,Question
0.0,0,8,0,0.34201,0.2575,0,0.63333,0.18241,0.078,2684,747.74664,0,0.0,0.0,-0.05976,-0.06623,0.69977,0.27532,0.80313,13.42898,0,0.35536,0.30935,1.20577,0.00346,1,0,0.00694,-0.06783,0.66549,0.52532,0.82655,10.53956,0,0.32866,0.20565,1.20577,0.00346,1,0,participant_10,question_13,Timer-Correct,False,Question
0.0,0,8,0,0.34201,0.2575,0,0.63333,0.18241,0.078,2684,747.74664,0,0.0,0.0,-0.05976,-0.06623,0.69977,0.27532,0.80313,13.42898,0,0.35536,0.30935,1.20577,0.00346,1,0,0.00694,-0.06783,0.66549,0.52532,0.82655,10.53956,0,0.32866,0.20565,1.20577,0.00346,1,0,participant_10,question_13,Timer-Correct,False,Question
0.0,0,8,0,0.34201,0.2575,0,0.63333,0.18241,0.078,2684,747.74664,0,0.0,0.0,-0.05976,-0.06623,0.69977,0.27532,0.80313,13.42898,0,0.35536,0.30935,1.20577,0.00346,1,0,0.00694,-0.06783,0.66549,0.52532,0.82655,10.53956,0,0.32866,0.20565,1.20577,0.00346,1,0,participant_10,question_13,Timer-Correct,False,Question
0.0,0,8,0,0.34201,0.2575,0,0.63333,0.18241,0.078,2684,747.74664,0,0.0,0.0,-0.05976,-0.06623,0.69977,0.27532,0.80313,13.42898,0,0.35536,0.30935,1.20577,0.00346,1,0,0.00694,-0.06783,0.66549,0.52532,0.82655,10.53956,0,0.32866,0.20565,1.20577,0.00346,1,0,participant_10,question_13,Timer-Correct,False,Question
0.0,0,8,0,0.34201,0.2575,0,0.63333,0.18241,0.078,2684,747.74664,0,0.0,0.0,-0.05976,-0.06623,0.69977,0.27532,0.80313,13.42898,0,0.35536,0.30935,1.20577,0.00346,1,0,0.00694,-0.06783,0.66549,0.52532,0.82655,10.53956,0,0.32866,0.20565,1.20577,0.00346,1,0,participant_10,question_13,Timer-Correct,False,Question
0.0,0,8,1,0.38994,0.01853,0,0.63333,0.18241,0.078,2684,747.74664,0,0.19497,0.00926,-0.05976,-0.06623,0.69977,0.27749,0.79921,19.97711,1,0.40749,0.00343,1.20577,0.00467,1,1,0.00694,-0.06783,0.66549,0.52832,0.82295,18.26818,1,0.37239,0.03362,1.20577,0.00425,1,1,participant_10,question_13,Timer-Correct,True,Other
0.0,0,8,1,0.37495,0.18092,0,0.63333,0.18241,0.078,2684,747.74664,0,0.38245,0.09972,-0.05976,-0.06623,0.69977,0.27766,0.80032,18.13085,1,0.37744,0.20783,1.20577,0.00466,1,1,0.00694,-0.06783,0.66549,0.52822,0.82337,16.86381,1,0.37247,0.154,1.20577,0.00408,1,1,participant_10,question_13,Timer-Correct,True,Question
0.0,0,8,1,0.37566,0.18488,0,0.63333,0.18241,0.078,2684,747.74664,0,0.37905,0.1423,-0.0573,-0.06424,0.6787,0.27785,0.8,18.37499,1,0.37883,0.21506,1.19593,0.0044,1,1,0.00776,-0.07046,0.68974,0.52839,0.82515,14.76271,1,0.3725,0.1547,1.20492,0.00406,1,1,participant_10,question_13,Timer-Correct,True,Question
0.0,0,8,0,0.37566,0.18488,0,0.63333,0.18241,0.078,2684,747.74664,0,0.37905,0.1423,-0.0573,-0.06424,0.6787,0.27785,0.8,18.37499,0,0.37883,0.21506,1.19508,0.0044,1,0,0.00776,-0.07046,0.68974,0.52839,0.82515,14.76271,0,0.3725,0.1547,1.20407,0.00406,1,0,participant_10,question_13,Timer-Correct,False,Question
0.0,0,8,0,0.37566,0.18488,0,0.63333,0.18241,0.078,2684,747.74664,0,0.37566,0.18488,-0.0573,-0.06424,0.6787,0.27785,0.8,18.37499,0,0.37883,0.21506,1.19423,0.0044,1,0,0.00776,-0.07046,0.68974,0.52839,0.82515,14.76271,0,0.3725,0.1547,1.20322,0.00406,1,0,participant_10,question_13,Timer-Correct,False,Question
0.0,0,8,0,0.37566,0.18488,0,0.63333,0.18241,0.078,2684,747.74664,0,0.37566,0.18488,-0.0573,-0.06424,0.6787,0.27785,0.8,18.37499,0,0.37883,0.21506,1.19338,0.0044,1,0,0.00776,-0.07046,0.68974,0.52839,0.82515,14.76271,0,0.3725,0.1547,1.20237,0.00406,1,0,participant_10,question_13,Timer-Correct,False,Question
0.0,0,8,0,0.37566,0.18488,0,0.63333,0.18241,0.078,2684,747.74664,0,0.37566,0.18488,-0.0573,-0.06424,0.6787,0.27785,0.8,18.37499,0,0.37883,0.21506,1.20237,0.0044,1,0,0.00776,-0.07046,0.68974,0.52839,0.82515,14.76271,0,0.3725,0.1547,1.20237,0.00406,1,0,participant_10,question_13,Timer-Correct,False,Question
0.0,0,8,0,0.37566,0.18488,0,0.63333,0.18241,0.078,2684,747.74664,0,0.0,0.0,-0.0573,-0.06424,0.6787,0.27785,0.8,18.37499,0,0.37883,0.21506,1.20237,0.0044,1,0,0.00776,-0.07046,0.68974,0.52839,0.82515,14.76271,0,0.3725,0.1547,1.20237,0.00406,1,0,participant_10,question_13,Timer-Correct,False,Question
0.0,0,8,0,0.37566,0.18488,0,0.63333,0.18241,0.078,2684,747.74664,0,0.0,0.0,-0.0573,-0.06424,0.6787,0.27785,0.8,18.37499,0,0.37883,0.21506,1.20237,0.0044,1,0,0.00776,-0.07046,0.68974,0.52839,0.82515,14.76271,0,0.3725,0.1547,1.20237,0.00406,1,0,participant_10,question_13,Timer-Correct,False,Question
0.0,0,8,0,0.37566,0.18488,0,0.63333,0.18241,0.078,2684,747.74664,0,0.0,0.0,-0.0573,-0.06424,0.6787,0.27785,0.8,18.37499,0,0.37883,0.21506,1.20237,0.0044,1,0,0.00776,-0.07046,0.68974,0.52839,0.82515,14.76271,0,0.3725,0.1547,1.20237,0.00406,1,0,participant_10,question_13,Timer-Correct,False,Question
0.0,0,8,0,0.37566,0.18488,0,0.63333,0.18241,0.078,2684,747.74664,0,0.0,0.0,-0.0573,-0.06424,0.6787,0.27785,0.8,18.37499,0,0.37883,0.21506,1.20237,0.0044,1,0,0.00776,-0.07046,0.68974,0.52839,0.82515,14.76271,0,0.3725,0.1547,1.20237,0.00406,1,0,participant_10,question_13,Timer-Correct,False,Question
0.0,0,8,0,0.37566,0.18488,0,0.63333,0.18241,0.078,2684,747.74664,0,0.0,0.0,-0.0573,-0.06424,0.6787,0.27785,0.8,18.37499,0,0.37883,0.21506,1.20237,0.0044,1,0,0.00776,-0.07046,0.68974,0.52839,0.82515,14.76271,0,0.3725,0.1547,1.20237,0.00406,1,0,participant_10,question_13,Timer-Correct,False,Question
0.0,0,8,0,0.37566,0.18488,0,0.63333,0.18241,0.078,2684,747.74664,0,0.0,0.0,-0.0573,-0.06424,0.6787,0.27785,0.8,18.37499,0,0.37883,0.21506,1.20237,0.0044,1,0,0.00776,-0.07046,0.68974,0.52839,0.82515,14.76271,0,0.3725,0.1547,1.20237,0.00406,1,0,participant_10,question_13,Timer-Correct,False,Question
0.0,0,8,0,0.37566,0.18488,0,0.63333,0.18241,0.078,2684,747.74664,0,0.0,0.0,-0.0573,-0.06424,0.6787,0.27785,0.8,18.37499,0,0.37883,0.21506,1.20237,0.0044,1,0,0.00776,-0.07046,0.68974,0.52839,0.82515,14.76271,0,0.3725,0.1547,1.20237,0.00406,1,0,participant_10,question_13,Timer-Correct,False,Question
0.0,0,8,0,0.37566,0.18488,0,0.63333,0.18241,0.078,2684,747.74664,0,0.0,0.0,-0.0573,-0.06424,0.6787,0.27785,0.8,18.37499,0,0.37883,0.21506,1.20237,0.0044,1,0,0.00776,-0.07046,0.68974,0.52839,0.82515,14.76271,0,0.3725,0.1547,1.20237,0.00406,1,0,participant_10,question_13,Timer-Correct,False,Question
0.0,0,8,0,0.37566,0.18488,0,0.63333,0.18241,0.078,2684,747.74664,0,0.0,0.0,-0.0573,-0.06424,0.6787,0.27785,0.8,18.37499,0,0.37883,0.21506,1.20237,0.0044,1,0,0.00776,-0.07046,0.68974,0.52839,0.82515,14.76271,0,0.3725,0.1547,1.20237,0.00406,1,0,participant_10,question_13,Timer-Correct,False,Question
0.0,0,8,0,0.37566,0.18488,0,0.63333,0.18241,0.078,2684,747.74664,0,0.0,0.0,-0.0573,-0.06424,0.6787,0.27785,0.8,18.37499,0,0.37883,0.21506,1.20237,0.0044,1,0,0.00776,-0.07046,0.68974,0.52839,0.82515,14.76271,0,0.3725,0.1547,1.20237,0.00406,1,0,participant_10,question_13,Timer-Correct,False,Question
0.0,0,8,0,0.37566,0.18488,0,0.63333,0.18241,0.078,2684,747.74664,0,0.0,0.0,-0.0573,-0.06424,0.6787,0.27785,0.8,18.37499,0,0.37883,0.21506,1.20237,0.0044,1,0,0.00776,-0.07046,0.68974,0.52839,0.82515,14.76271,0,0.3725,0.1547,1.20237,0.00406,1,0,participant_10,question_13,Timer-Correct,False,Question
0.0,0,8,0,0.37566,0.18488,0,0.63333,0.18241,0.078,2684,747.74664,0,0.0,0.0,-0.0573,-0.06424,0.6787,0.27785,0.8,18.37499,0,0.37883,0.21506,1.20237,0.0044,1,0,0.00776,-0.07046,0.68974,0.52839,0.82515,14.76271,0,0.3725,0.1547,1.20237,0.00406,1,0,participant_10,question_13,Timer-Correct,False,Question
0.0,0,8,0,0.37566,0.18488,0,0.63333,0.18241,0.078,2684,747.74664,0,0.0,0.0,-0.0573,-0.06424,0.6787,0.27785,0.8,18.37499,0,0.37883,0.21506,1.20237,0.0044,1,0,0.00776,-0.07046,0.68974,0.52839,0.82515,14.76271,0,0.3725,0.1547,1.20237,0.00406,1,0,participant_10,question_13,Timer-Correct,False,Question
0.0,0,8,0,0.37566,0.18488,0,0.63333,0.18241,0.078,2684,747.74664,0,0.0,0.0,-0.0573,-0.06424,0.6787,0.27785,0.8,18.37499,0,0.37883,0.21506,1.20237,0.0044,1,0,0.00776,-0.07046,0.68974,0.52839,0.82515,14.76271,0,0.3725,0.1547,1.20237,0.00406,1,0,participant_10,question_13,Timer-Correct,False,Question
0.0,0,8,0,0.37566,0.18488,0,0.63333,0.18241,0.078,2684,747.74664,0,0.0,0.0,-0.0573,-0.06424,0.6787,0.27785,0.8,18.37499,0,0.37883,0.21506,1.20237,0.0044,1,0,0.00776,-0.07046,0.68974,0.52839,0.82515,14.76271,0,0.3725,0.1547,1.20237,0.00406,1,0,participant_10,question_13,Timer-Correct,False,Question
0.0,0,8,0,0.37566,0.18488,0,0.63333,0.18241,0.078,2684,747.74664,0,0.0,0.0,-0.0573,-0.06424,0.6787,0.27785,0.8,18.37499,0,0.37883,0.21506,1.20237,0.0044,1,0,0.00776,-0.07046,0.68974,0.52839,0.82515,14.76271,0,0.3725,0.1547,1.20237,0.00406,1,0,participant_10,question_13,Timer-Correct,False,Question
0.0,0,8,0,0.37566,0.18488,0,0.63333,0.18241,0.078,2684,747.74664,0,0.0,0.0,-0.0573,-0.06424,0.6787,0.27785,0.8,18.37499,0,0.37883,0.21506,1.20237,0.0044,1,0,0.00776,-0.07046,0.68974,0.52839,0.82515,14.76271,0,0.3725,0.1547,1.20237,0.00406,1,0,participant_10,question_13,Timer-Correct,False,Question
0.0,0,8,0,0.37566,0.18488,0,0.63333,0.18241,0.078,2684,747.74664,0,0.0,0.0,-0.0573,-0.06424,0.6787,0.27785,0.8,18.37499,0,0.37883,0.21506,1.20237,0.0044,1,0,0.00776,-0.07046,0.68974,0.52839,0.82515,14.76271,0,0.3725,0.1547,1.20237,0.00406,1,0,participant_10,question_13,Timer-Correct,False,Question
0.0,0,8,0,0.37566,0.18488,0,0.63333,0.18241,0.078,2684,747.74664,0,0.0,0.0,-0.0573,-0.06424,0.6787,0.27785,0.8,18.37499,0,0.37883,0.21506,1.20237,0.0044,1,0,0.00776,-0.07046,0.68974,0.52839,0.82515,14.76271,0,0.3725,0.1547,1.20237,0.00406,1,0,participant_10,question_13,Timer-Correct,False,Question
0.0,0,8,0,0.37566,0.18488,0,0.63333,0.18241,0.078,2684,747.74664,0,0.0,0.0,-0.0573,-0.06424,0.6787,0.27785,0.8,18.37499,0,0.37883,0.21506,1.20237,0.0044,1,0,0.00776,-0.07046,0.68974,0.52839,0.82515,14.76271,0,0.3725,0.1547,1.20237,0.00406,1,0,participant_10,question_13,Timer-Correct,False,Question
0.0,0,8,1,0.38875,-0.00503,0,0.63333,0.18241,0.078,2684,747.74664,0,0.19437,-0.00252,-0.0573,-0.06424,0.6787,0.2823,0.79225,20.41196,1,0.40078,0.01501,1.20237,0.00461,1,1,0.00776,-0.07046,0.68974,0.53282,0.81748,19.70181,1,0.37671,-0.02507,1.20237,0.00419,1,1,participant_10,question_13,Timer-Correct,True,Other
0.0,0,8,1,0.40753,0.0002,0,0.63333,0.18241,0.078,2684,747.74664,0,0.39814,-0.00242,-0.0573,-0.06424,0.6787,0.28237,0.79218,20.76443,1,0.41006,-0.02222,1.20237,0.0046,1,1,0.00776,-0.07046,0.68974,0.53283,0.81729,19.76569,1,0.40499,0.02261,1.20237,0.0042,1,1,participant_10,question_13,Timer-Correct,True,Other
0.0,0,8,1,0.40804,0.01243,0,0.63333,0.18241,0.078,2684,747.74664,0,0.40309,0.00501,-0.05441,-0.06062,0.65548,0.28231,0.79218,20.9022,1,0.41106,-0.01417,1.19369,0.00461,1,1,0.00865,-0.06685,0.66662,0.53299,0.81719,19.81626,1,0.40501,0.03903,1.1847,0.00414,1,1,participant_10,question_13,Timer-Correct,True,Other
0.0,0,8,1,0.3903,-0.00815,0,0.63333,0.18241,0.078,2684,747.74664,0,0.39883,0.00062,-0.05441,-0.06062,0.65548,0.28241,0.79197,21.04016,1,0.40999,-0.0226,1.17602,0.00454,1,1,0.00865,-0.06685,0.66662,0.53296,0.81688,19.93609,1,0.37061,0.00629,1.16703,0.00414,1,1,participant_10,question_13,Timer-Correct,True,Other
0.0,0,8,1,0.39584,-0.00626,0,0.63333,0.18241,0.02008,2685,748.11511,1,0.39808,-0.0011,-0.05441,-0.06062,0.65548,0.2825,0.7919,21.10838,1,0.41382,-0.02515,1.15835,0.00453,1,1,0.00865,-0.06685,0.66662,0.53296,0.81694,20.13144,1,0.37786,0.01262,1.14936,0.00413,1,1,participant_10,question_13,Timer-Correct,True,Other
0.0,0,8,1,0.39705,0.01098,0,0.63333,0.18241,0.02649,2685,748.11511,1,0.39787,0.00132,-0.0545,-0.06077,0.65664,0.28239,0.79175,20.82076,1,0.41588,-0.00808,1.14068,0.00455,1,1,0.0083,-0.0649,0.64726,0.53286,0.81696,20.40385,1,0.37822,0.03004,1.1317,0.00414,1,1,participant_10,question_13,Timer-Correct,True,Other
0.0,0,8,1,0.39149,0.00852,0,0.63333,0.18241,0.03314,2685,748.11511,1,0.39681,0.00252,-0.0545,-0.06077,0.65664,0.28233,0.79162,20.1891,1,0.41097,-0.0167,1.1317,0.00458,1,1,0.0083,-0.0649,0.64726,0.5328,0.81676,20.39664,1,0.37201,0.03373,1.1317,0.00411,1,1,participant_10,question_13,Timer-Correct,True,Other
0.0,0,8,1,0.38479,0.04014,0,0.63333,0.18241,0.0401,2685,748.11511,1,0.39509,0.00789,-0.0545,-0.06077,0.65664,0.28222,0.79156,20.01301,1,0.40337,0.06741,1.1317,0.00456,1,1,0.0083,-0.0649,0.64726,0.53277,0.81685,20.55261,1,0.36621,0.01288,1.1317,0.00412,1,1,participant_10,question_13,Timer-Correct,True,Question
0.0,0,8,1,0.38479,0.04014,0,0.63333,0.18241,0.04657,2685,748.11511,1,0.39381,0.01192,-0.05441,-0.06062,0.65548,0.28227,0.79146,20.14239,1,0.40337,0.06741,1.1317,0.00457,1,1,0.00849,-0.06634,0.66204,0.53271,0.81687,20.3546,1,0.36621,0.01288,1.1317,0.00412,1,1,participant_10,question_13,Timer-Correct,True,Question
0.0,0,8,1,0.41839,0.03663,0,0.63333,0.18241,0.05353,2685,748.11511,1,0.39654,0.01467,-0.05441,-0.06062,0.65548,0.282,0.79157,20.35381,1,0.42326,0.05582,1.1317,0.00454,1,1,0.00849,-0.06634,0.66204,0.53262,0.81685,20.38862,1,0.41353,0.01744,1.1317,0.00415,1,1,participant_10,question_13,Timer-Correct,True,Question
0.0,0,8,1,0.4049,0.00804,0,0.63333,0.18241,0.05994,2685,748.11511,1,0.39737,0.01401,-0.05441,-0.06062,0.65548,0.28195,0.79167,20.23293,1,0.4109,0.00136,1.1317,0.00457,1,1,0.00849,-0.06634,0.66204,0.53254,0.81684,20.30231,1,0.39891,0.01472,1.1317,0.00412,1,1,participant_10,question_13,Timer-Correct,True,Other
0.0,0,8,1,0.40373,-0.01011,0,0.63333,0.18241,0.06665,2685,748.11511,1,0.39795,0.01181,-0.05892,-0.06552,0.70854,0.2819,0.79157,20.00931,1,0.40865,-0.01651,1.15021,0.00465,1,1,0.00838,-0.06625,0.66122,0.5325,0.81689,20.40061,1,0.39881,-0.00372,1.15021,0.00413,1,1,participant_10,question_13,Timer-Correct,True,Other
0.0,0,8,1,0.40688,-0.0255,0,0.63333,0.18241,0.07355,2685,748.11511,1,0.3987,0.0087,-0.05892,-0.06552,0.70854,0.2817,0.79175,20.60228,1,0.42418,-0.05124,1.16873,0.00456,1,1,0.00838,-0.06625,0.66122,0.53235,0.8171,20.32282,1,0.38958,0.00023,1.16873,0.00414,1,1,participant_10,question_13,Timer-Correct,True,Other
0.0,0,8,1,0.40792,-0.01544,0,0.63333,0.18241,0.08008,2685,748.11511,1,0.39941,0.00685,-0.05892,-0.06552,0.70854,0.2816,0.79191,20.85717,1,0.40541,-0.04653,1.18725,0.00453,1,1,0.00838,-0.06625,0.66122,0.53229,0.8171,20.31882,1,0.41043,0.01565,1.18725,0.00409,1,1,participant_10,question_13,Timer-Correct,True,Other
0.0,0,8,1,0.40792,-0.01544,0,0.63333,0.18241,0.08673,2685,748.11511,1,0.40001,0.00525,-0.05499,-0.0611,0.66017,0.28161,0.79182,20.67504,1,0.40541,-0.04653,1.18725,0.00448,1,1,0.00832,-0.06663,0.6645,0.53207,0.81694,19.90467,1,0.41043,0.01565,1.18725,0.0042,1,1,participant_10,question_13,Timer-Correct,True,Other
0.0,0,8,1,0.4142,0.0061,0,0.63333,0.18241,0.09344,2685,748.11511,1,0.40096,0.00531,-0.05499,-0.0611,0.66017,0.28108,0.7921,20.72309,1,0.4088,0.01068,1.16873,0.00456,1,1,0.00832,-0.06663,0.6645,0.53182,0.81704,19.75287,1,0.4196,0.00152,1.16873,0.00411,1,1,participant_10,question_13,Timer-Correct,True,Other
0.0,0,8,1,0.42157,-0.00134,0,0.63333,0.18241,0.10016,2685,748.11511,1,0.40225,0.00489,-0.05499,-0.0611,0.66017,0.28115,0.79198,20.5455,1,0.43258,0.02811,1.15021,0.00449,1,1,0.00832,-0.06663,0.6645,0.53178,0.81706,19.55233,1,0.41056,-0.03079,1.15021,0.00415,1,1,participant_10,question_13,Timer-Correct,True,Other
0.0,0,8,1,0.42208,0.00365,0,0.63333,0.18241,0.10712,2685,748.11511,1,0.40341,0.00482,-0.05663,-0.06275,0.678,0.2809,0.79212,20.33517,1,0.4336,0.03722,1.14038,0.00452,1,1,0.00848,-0.0684,0.68114,0.53167,0.81733,19.76614,1,0.41055,-0.02992,1.14936,0.00411,1,1,participant_10,question_13,Timer-Correct,True,Other
0.0,0,8,1,0.38958,0.02431,0,0.63333,0.18241,0.11438,2685,748.11511,1,0.40265,0.0059,-0.05663,-0.06275,0.678,0.28064,0.79231,20.31091,1,0.4011,0.06187,1.15804,0.00457,1,1,0.00848,-0.0684,0.68114,0.53128,0.81737,19.59457,1,0.37807,-0.01324,1.16703,0.00416,1,1,participant_10,question_13,Timer-Correct,True,Other
0.0,0,8,1,0.40726,-0.0109,0,0.63333,0.18241,0.12097,2685,748.11511,1,0.40289,0.00502,-0.05663,-0.06275,0.678,0.28051,0.79234,20.5247,1,0.41383,-0.00082,1.17571,0.0045,1,1,0.00848,-0.0684,0.68114,0.53114,0.81748,19.53212,1,0.40069,-0.02098,1.1847,0.00414,1,1,participant_10,question_13,Timer-Correct,True,Other
0.0,0,8,1,0.40622,-0.0278,0,0.63333,0.18241,0.1275,2685,748.11511,1,0.40305,0.00338,-0.05594,-0.06186,0.66735,0.28049,0.7924,20.21476,1,0.4118,-0.01727,1.19338,0.0045,1,1,0.00822,-0.06801,0.67673,0.53115,0.81755,19.6271,1,0.40064,-0.03833,1.20237,0.00419,1,1,participant_10,question_13,Timer-Correct,True,Other
0.0,0,8,1,0.39682,-0.04938,0,0.63333,0.18241,0.13446,2685,748.11511,1,0.40276,0.00087,-0.05594,-0.06186,0.66735,0.28009,0.79246,20.12489,1,0.40365,-0.07473,1.20237,0.00456,1,1,0.00822,-0.06801,0.67673,0.53091,0.81791,20.21211,1,0.39,-0.02403,1.20237,0.00419,1,1,participant_10,question_13,Timer-Correct,True,Other
0.0,0,8,1,0.40201,-0.04762,0,0.63333,0.18241,0.14111,2685,748.11511,1,0.40272,-0.00134,-0.05594,-0.06186,0.66735,0.27996,0.79244,20.23991,1,0.39157,-0.07459,1.20237,0.00455,1,1,0.00822,-0.06801,0.67673,0.53073,0.81783,19.81097,1,0.41244,-0.02065,1.20237,0.00414,1,1,participant_10,question_13,Timer-Correct,True,Other
0.0,0,8,1,0.40252,-0.03489,0,0.63333,0.18241,0.14789,2685,748.11511,1,0.40271,-0.0028,-0.0553,-0.06099,0.65789,0.27971,0.79248,20.3643,1,0.39267,-0.06616,1.19369,0.0045,1,1,0.00805,-0.0679,0.67508,0.53056,0.81783,19.8675,1,0.41237,-0.00361,1.1847,0.00413,1,1,participant_10,question_13,Timer-Correct,True,Other
0.0,0,8,1,0.41536,-0.03127,0,0.63333,0.18241,0.1546,2685,748.11511,1,0.40324,-0.00398,-0.0553,-0.06099,0.65789,0.27939,0.7926,20.34188,1,0.42259,-0.05693,1.17602,0.00457,1,1,0.00805,-0.0679,0.67508,0.53022,0.81788,20.34545,1,0.40813,-0.00561,1.16703,0.00412,1,1,participant_10,question_13,Timer-Correct,True,Other
0.0,0,8,1,0.40158,0.02743,0,0.63333,0.18241,0.16156,2685,748.11511,1,0.40318,-0.00273,-0.0553,-0.06099,0.65789,0.2793,0.79245,20.12316,1,0.41275,0.05953,1.15835,0.00456,1,1,0.00805,-0.0679,0.67508,0.53002,0.81757,19.50253,1,0.39041,-0.00468,1.14936,0.00416,1,1,participant_10,question_13,Timer-Correct,True,Question
0.0,0,8,1,0.40267,0.03965,0,0.63333,0.18241,0.16791,2685,748.11511,1,0.40316,-0.0011,-0.05636,-0.06194,0.66816,0.27908,0.79246,20.60692,1,0.41484,0.0753,1.14068,0.00455,1,1,0.00798,-0.06854,0.68197,0.52982,0.81746,19.69506,1,0.39051,0.00399,1.14068,0.00418,1,1,participant_10,question_13,Timer-Correct,True,Question
0.0,0,8,1,0.40747,0.03109,0,0.63333,0.18241,0.17468,2685,748.11511,1,0.40332,0.0001,-0.05636,-0.06194,0.66816,0.2783,0.79234,20.35127,1,0.41378,0.05466,1.14068,0.00457,1,1,0.00798,-0.06854,0.68197,0.52903,0.81745,19.79011,1,0.40117,0.00752,1.14967,0.00418,1,1,participant_10,question_13,Timer-Correct,True,Question
0.0,0,8,1,0.37349,0.03769,0,0.63333,0.18241,0.18134,2685,748.11511,1,0.40225,0.00144,-0.05636,-0.06194,0.66816,0.27703,0.79248,20.16475,1,0.39438,0.00627,1.14967,0.00464,1,1,0.00798,-0.06854,0.68197,0.52765,0.81715,19.09398,1,0.3526,0.06911,1.15866,0.00433,1,1,participant_10,question_13,Timer-Correct,True,Question
0.0,0,8,1,0.37272,0.02925,0,0.63333,0.18241,0.18805,2685,748.11511,1,0.40123,0.0024,-0.05643,-0.06115,0.66076,0.27628,0.79248,20.26729,1,0.39319,-0.00222,1.15866,0.00462,1,1,0.00699,-0.06769,0.6755,0.52669,0.81731,19.51648,1,0.35225,0.06073,1.16764,0.00428,1,1,participant_10,question_13,Timer-Correct,True,Question
0.0,0,8,1,0.26368,-0.04397,0,0.63333,0.18241,0.19452,2685,748.11511,1,0.39665,0.00085,-0.05643,-0.06115,0.66076,0.27309,0.79229,19.76992,1,0.26816,-0.05902,1.16764,0.00466,1,1,0.00699,-0.06769,0.6755,0.52348,0.81688,19.34719,1,0.2592,-0.02893,1.16764,0.00433,1,1,participant_10,question_13,Timer-Correct,True,Other
0.0,0,8,1,0.19156,-0.05421,0,0.63333,0.18241,0.20117,2685,748.11511,1,0.39003,-0.00092,-0.05643,-0.06115,0.66076,0.27125,0.7925,19.70454,1,0.19264,-0.042,1.16764,0.00468,1,1,0.00699,-0.06769,0.6755,0.52149,0.81687,19.25829,1,0.19049,-0.06641,1.16764,0.00425,1,1,participant_10,question_13,Timer-Correct,True,Other
0.0,0,8,1,0.19319,-0.04631,0,0.63333,0.18241,0.20117,2685,748.11511,0,0.35192,-0.01188,-0.05544,-0.0592,0.63962,0.27078,0.79259,21.52389,1,0.19476,-0.03451,1.15993,0.00443,1,1,0.00601,-0.06796,0.67928,0.52021,0.81677,19.555,1,0.19162,-0.0581,1.15993,0.00419,1,1,participant_10,question_13,Timer-Correct,True,Other
0.0,0,8,1,0.10903,0.03508,0,0.63333,0.18241,0.20117,2685,748.11511,0,0.23048,0.0116,-0.05544,-0.0592,0.63962,0.26847,0.7926,20.81791,1,0.10692,0.06788,1.15221,0.00462,1,1,0.00601,-0.06796,0.67928,0.51846,0.81651,19.45067,1,0.11115,0.00229,1.15221,0.00418,1,1,participant_10,question_13,Timer-Correct,True,Question
0.0,0,8,1,0.1252,0.0051,0,0.63333,0.18241,0.20117,2685,748.11511,0,0.19538,0.00943,-0.05544,-0.0592,0.63962,0.26826,0.79267,21.34883,1,0.14708,0.06119,1.1445,0.00461,1,1,0.00601,-0.06796,0.67928,0.51837,0.81638,19.3098,1,0.10331,-0.05099,1.1445,0.00424,1,1,participant_10,question_13,Timer-Correct,True,Other
0.0,0,8,1,0.1252,0.0051,0,0.63333,0.18241,0.20117,2685,748.11511,0,0.11981,0.01509,-0.05653,-0.06015,0.64943,0.26789,0.79252,21.17209,1,0.14708,0.06119,1.1445,0.00465,1,1,0.00576,-0.06734,0.67353,0.51811,0.81614,19.32814,1,0.10331,-0.05099,1.1445,0.00423,1,1,participant_10,question_13,Timer-Correct,True,Other
0.0,0,8,1,0.1221,0.02969,0,0.63333,0.18241,0.20117,2685,748.11511,0,0.12095,0.02239,-0.05653,-0.06015,0.64943,0.26758,0.79253,21.36944,1,0.12414,0.07015,1.15221,0.00466,1,1,0.00576,-0.06734,0.67353,0.51778,0.816,19.36423,1,0.12006,-0.01076,1.15221,0.00418,1,1,participant_10,question_13,Timer-Correct,True,Question
0.0,0,8,1,0.11076,0.04241,0,0.63333,0.18241,0.20117,2685,748.11511,0,0.11755,0.02907,-0.05653,-0.06015,0.64943,0.26725,0.79241,21.31426,1,0.1241,0.065,1.15993,0.00455,1,1,0.00576,-0.06734,0.67353,0.51753,0.81595,19.65745,1,0.09741,0.01983,1.15993,0.00406,1,1,participant_10,question_13,Timer-Correct,True,Question
0.0,0,8,1,0.10965,0.03721,0,0.63333,0.18241,0.02051,2686,748.34253,1,0.11558,0.0311,-0.0556,-0.05871,0.63487,0.26711,0.79223,21.30979,1,0.1241,0.065,1.15993,0.00447,1,1,0.00569,-0.06938,0.69607,0.51731,0.81586,20.17063,1,0.0952,0.00941,1.17011,0.00404,1,1,participant_10,question_13,Timer-Correct,True,Question
0.0,0,8,1,0.12127,0.02707,0,0.63333,0.18241,0.02881,2686,748.34253,1,0.11672,0.0303,-0.0556,-0.05871,0.63487,0.26642,0.79208,20.70726,1,0.13347,0.1045,1.1624,0.00455,1,1,0.00569,-0.06938,0.69607,0.51679,0.81551,19.44861,1,0.10906,-0.05035,1.17258,0.00409,1,1,participant_10,question_13,Timer-Correct,True,Question
0.0,0,8,1,0.14234,0.0502,0,0.63333,0.18241,0.03387,2686,748.34253,1,0.12099,0.03361,-0.0556,-0.05871,0.63487,0.26627,0.7922,21.30154,1,0.14013,0.09493,1.16487,0.00449,1,1,0.00569,-0.06938,0.69607,0.51661,0.81558,19.76352,1,0.14455,0.00547,1.17505,0.00404,1,1,participant_10,question_13,Timer-Correct,True,Question
0.0,0,8,1,0.14071,0.04585,0,0.63333,0.18241,0.04059,2686,748.34253,1,0.12381,0.03536,-0.0587,-0.06167,0.66745,0.26613,0.79217,21.54112,1,0.13687,0.08622,1.17505,0.00445,1,1,0.00528,-0.06742,0.67691,0.51641,0.81529,19.44658,1,0.14455,0.00547,1.17505,0.00406,1,1,participant_10,question_13,Timer-Correct,True,Question
0.0,0,8,1,0.11409,0.03604,0,0.63333,0.18241,0.04724,2686,748.34253,1,0.12259,0.03545,-0.0587,-0.06167,0.66745,0.26565,0.79236,21.42231,1,0.12048,0.08125,1.18277,0.00444,1,1,0.00528,-0.06742,0.67691,0.51606,0.81523,19.75919,1,0.1077,-0.00917,1.17258,0.004,1,1,participant_10,question_13,Timer-Correct,True,Question
0.0,0,8,1,0.12989,0.00802,0,0.63333,0.18241,0.05396,2686,748.34253,1,0.1234,0.0324,-0.0587,-0.06167,0.66745,0.26546,0.79234,21.44177,1,0.14785,0.03645,1.1803,0.00444,1,1,0.00528,-0.06742,0.67691,0.51582,0.81517,19.94669,1,0.11193,-0.02041,1.17011,0.00395,1,1,participant_10,question_13,Timer-Correct,True,Other
0.0,0,8,1,0.13144,0.01512,0,0.63333,0.18241,0.0611,2686,748.34253,1,0.12421,0.03067,-0.05144,-0.05391,0.58294,0.2651,0.79214,20.72346,1,0.14861,0.03866,1.17783,0.00444,1,1,0.00492,-0.06595,0.66268,0.51553,0.81517,19.76344,1,0.11426,-0.00842,1.15866,0.00402,1,1,participant_10,question_13,Timer-Correct,True,Other
0.0,0,8,1,0.13669,0.02033,0,0.63333,0.18241,0.06781,2686,748.34253,1,0.12534,0.02973,-0.05144,-0.05391,0.58294,0.26484,0.79219,21.11821,1,0.15383,0.05514,1.15866,0.00454,1,1,0.00492,-0.06595,0.66268,0.51527,0.81498,19.50858,1,0.11954,-0.01448,1.14967,0.00399,1,1,participant_10,question_13,Timer-Correct,True,Other
0.0,0,8,1,0.12812,0.00175,0,0.63333,0.18241,0.07458,2686,748.34253,1,0.12557,0.0274,-0.05144,-0.05391,0.58294,0.26446,0.79222,20.53559,1,0.12973,0.01234,1.14967,0.00441,1,1,0.00492,-0.06595,0.66268,0.51514,0.815,19.46051,1,0.12652,-0.00884,1.14068,0.00398,1,1,participant_10,question_13,Timer-Correct,True,Other
0.0,0,8,1,0.12821,0.00206,0,0.63333,0.18241,0.08124,2686,748.34253,1,0.12577,0.02545,-0.06047,-0.06315,0.68229,0.26433,0.79232,20.86552,1,0.12983,0.01263,1.14936,0.00441,1,1,0.00477,-0.06533,0.65639,0.51496,0.81502,19.54598,1,0.12658,-0.00852,1.14038,0.00399,1,1,participant_10,question_13,Timer-Correct,True,Other
0.0,0,8,1,0.13213,0.01011,0,0.63333,0.18241,0.08789,2686,748.34253,1,0.12623,0.02435,-0.06047,-0.06315,0.68229,0.26395,0.79259,20.74876,1,0.15142,0.03468,1.14906,0.00443,1,1,0.00477,-0.06533,0.65639,0.5146,0.81504,19.26306,1,0.11285,-0.01446,1.14906,0.00406,1,1,participant_10,question_13,Timer-Correct,True,Other
0.0,0,8,1,0.12925,-0.02136,0,0.63333,0.18241,0.0954,2686,748.34253,1,0.12643,0.02131,-0.06047,-0.06315,0.68229,0.26383,0.79279,20.89229,1,0.13513,-0.01424,1.15774,0.00442,1,1,0.00477,-0.06533,0.65639,0.51441,0.81494,19.55596,1,0.12338,-0.02848,1.15774,0.00403,1,1,participant_10,question_13,Timer-Correct,True,Other
0.0,0,8,1,0.13036,-0.01836,0,0.63333,0.18241,0.10132,2686,748.34253,1,0.12668,0.01883,-0.056,-0.05847,0.63078,0.26353,0.79277,20.62375,1,0.1376,-0.00687,1.15002,0.00442,1,1,0.00481,-0.0679,0.68177,0.51426,0.81503,19.31462,1,0.12313,-0.02984,1.15901,0.00405,1,1,participant_10,question_13,Timer-Correct,True,Other
0.0,0,8,1,0.15285,0.03403,0,0.63333,0.18241,0.10803,2686,748.34253,1,0.12822,0.01972,-0.056,-0.05847,0.63078,0.26327,0.79321,21.08077,1,0.16008,0.05404,1.14261,0.00444,1,1,0.00481,-0.0679,0.68177,0.51394,0.81524,19.39413,1,0.14563,0.01403,1.1516,0.00392,1,1,participant_10,question_13,Timer-Correct,True,Question
0.0,0,8,1,0.13215,0.0355,0,0.63333,0.18241,0.11469,2686,748.34253,1,0.12843,0.0206,-0.056,-0.05847,0.63078,0.26321,0.79333,21.06965,1,0.14312,0.09957,1.1352,0.00438,1,1,0.00481,-0.0679,0.68177,0.51379,0.81534,19.24768,1,0.12117,-0.02857,1.14419,0.00401,1,1,participant_10,question_13,Timer-Correct,True,Question
0.0,0,8,1,0.13411,0.04273,0,0.63333,0.18241,0.12128,2686,748.34253,1,0.12873,0.02176,-0.05639,-0.05883,0.63311,0.26303,0.79349,20.40371,1,0.14555,0.10605,1.12779,0.00438,1,1,0.00461,-0.06813,0.68303,0.51374,0.81541,19.25023,1,0.12267,-0.02059,1.13678,0.00394,1,1,participant_10,question_13,Timer-Correct,True,Question
0.0,0,8,1,0.13882,0.04902,0,0.63333,0.18241,0.1286,2686,748.34253,1,0.12924,0.02313,-0.05639,-0.05883,0.63311,0.26253,0.79372,20.10853,1,0.148,0.08388,1.13678,0.00442,1,1,0.00461,-0.06813,0.68303,0.51349,0.81603,19.86086,1,0.12964,0.01416,1.13678,0.00391,1,1,participant_10,question_13,Timer-Correct,True,Question
0.0,0,8,1,0.14494,0.03429,0,0.63333,0.18241,0.13477,2686,748.34253,1,0.12999,0.02366,-0.05639,-0.05883,0.63311,0.26267,0.79416,20.80732,1,0.13921,0.06767,1.13678,0.00442,1,1,0.00461,-0.06813,0.68303,0.51343,0.81601,19.83866,1,0.15067,0.00092,1.13678,0.0039,1,1,participant_10,question_13,Timer-Correct,True,Question
0.0,0,8,1,0.1438,0.03149,0,0.63333,0.18241,0.14148,2686,748.34253,1,0.13061,0.02401,-0.05729,-0.05971,0.64158,0.26254,0.79442,20.78877,1,0.13669,0.06072,1.1445,0.00445,1,1,0.0044,-0.06584,0.65908,0.51337,0.81612,19.41758,1,0.15091,0.00225,1.13551,0.00393,1,1,participant_10,question_13,Timer-Correct,True,Question
0.0,0,8,1,0.13615,0.06003,0,0.63333,0.18241,0.14819,2686,748.34253,1,0.13085,0.02558,-0.05729,-0.05971,0.64158,0.26236,0.79458,20.77485,1,0.1468,0.06199,1.14322,0.00438,1,1,0.0044,-0.06584,0.65908,0.51307,0.81622,19.15981,1,0.1255,0.05808,1.13424,0.00393,1,1,participant_10,question_13,Timer-Correct,True,Question
0.0,0,8,1,0.13783,0.01211,0,0.63333,0.18241,0.15491,2686,748.34253,1,0.13114,0.02502,-0.05729,-0.05971,0.64158,0.26227,0.79482,20.58475,1,0.14654,0.03117,1.14195,0.00436,1,1,0.0044,-0.06584,0.65908,0.51306,0.81638,18.89634,1,0.12912,-0.00694,1.13297,0.00397,1,1,participant_10,question_13,Timer-Correct,True,Other
0.0,0,8,1,0.13816,0.01338,0,0.63333,0.18241,0.16156,2686,748.34253,1,0.13142,0.02455,-0.05902,-0.06161,0.65985,0.26192,0.79495,19.99199,1,0.14694,0.03235,1.14068,0.00438,1,1,0.00427,-0.06558,0.65497,0.51292,0.8166,18.8577,1,0.12937,-0.00559,1.1317,0.00396,1,1,participant_10,question_13,Timer-Correct,True,Other
0.0,0,8,1,0.1369,0.03888,0,0.63333,0.18241,0.16815,2686,748.34253,1,0.13164,0.0251,-0.05902,-0.06161,0.65985,0.26188,0.7952,20.27046,1,0.1455,0.04474,1.1317,0.00434,1,1,0.00427,-0.06558,0.65497,0.5128,0.81692,19.57226,1,0.12829,0.03303,1.1317,0.00391,1,1,participant_10,question_13,Timer-Correct,True,Question
0.0,0,8,1,0.15167,-0.02349,0,0.63333,0.18241,0.17499,2686,748.34253,1,0.13238,0.0233,-0.05902,-0.06161,0.65985,0.26174,0.79551,20.49429,1,0.17517,-0.00994,1.1317,0.00441,1,1,0.00427,-0.06558,0.65497,0.51276,0.81701,19.68876,1,0.12817,-0.03704,1.1317,0.00389,1,1,participant_10,question_13,Timer-Correct,True,Other
0.0,0,8,1,0.14865,-0.03741,0,0.63333,0.18241,0.1814,2686,748.34253,1,0.13296,0.02114,-0.06042,-0.06317,0.67486,0.2617,0.79568,20.3365,1,0.17259,-0.01839,1.14038,0.00436,1,1,0.00446,-0.06919,0.69107,0.51266,0.81713,19.46604,1,0.1247,-0.05643,1.14936,0.00393,1,1,participant_10,question_13,Timer-Correct,True,Other
0.0,0,8,1,0.13651,0.00223,0,0.63333,0.18241,0.18829,2686,748.34253,1,0.13308,0.02048,-0.06042,-0.06317,0.67486,0.26182,0.79608,21.3668,1,0.15442,0.02218,1.15804,0.00434,1,1,0.00446,-0.06919,0.69107,0.51252,0.8174,19.58022,1,0.1186,-0.01773,1.16703,0.00392,1,1,participant_10,question_13,Timer-Correct,True,Other
0.0,0,8,1,0.13208,-0.01561,0,0.63333,0.18241,0.19476,2686,748.34253,1,0.13305,0.01928,-0.06042,-0.06317,0.67486,0.26163,0.79622,21.39965,1,0.13926,0.00322,1.17571,0.00423,1,1,0.00446,-0.06919,0.69107,0.51258,0.81725,19.47128,1,0.12489,-0.03444,1.1847,0.00394,1,1,participant_10,question_13,Timer-Correct,True,Other
0.0,0,8,1,0.12981,-0.02447,0,0.63333,0.18241,0.20129,2686,748.34253,1,0.13294,0.01787,-0.05869,-0.06141,0.655,0.2614,0.79611,20.27956,1,0.13645,-0.0051,1.1847,0.00432,1,1,0.00427,-0.06801,0.6787,0.51245,0.81705,19.02302,1,0.12318,-0.04384,1.19368,0.0039,1,1,participant_10,question_13,Timer-Correct,True,Other
0.0,0,8,1,0.13669,-0.03466,0,0.63333,0.18241,0.20813,2686,748.34253,1,0.13306,0.01623,-0.05869,-0.06141,0.655,0.26126,0.79634,20.27787,1,0.15241,-0.02545,1.185,0.00433,1,1,0.00427,-0.06801,0.6787,0.51233,0.8172,19.09303,1,0.12097,-0.04386,1.185,0.00397,1,1,participant_10,question_13,Timer-Correct,True,Other
0.0,0,8,1,0.12891,0.00116,0,0.63333,0.18241,0.21509,2686,748.34253,1,0.13293,0.01577,-0.05869,-0.06141,0.655,0.26123,0.79635,20.34401,1,0.15007,0.00979,1.17632,0.00432,1,1,0.00427,-0.06801,0.6787,0.51229,0.8172,19.04176,1,0.10775,-0.00746,1.17632,0.00402,1,1,participant_10,question_13,Timer-Correct,True,Other
0.0,0,8,1,0.13207,0.01425,0,0.63333,0.18241,0.2215,2686,748.34253,1,0.13291,0.01573,-0.05917,-0.06191,0.65928,0.26115,0.79643,20.31533,1,0.15273,0.01777,1.16764,0.00427,1,1,0.00406,-0.06545,0.65315,0.51225,0.81718,18.96887,1,0.1114,0.01074,1.15866,0.00399,1,1,participant_10,question_13,Timer-Correct,True,Other
0.0,0,8,1,0.13002,0.03438,0,0.63333,0.18241,0.22833,2686,748.34253,1,0.13283,0.01626,-0.05917,-0.06191,0.65928,0.26133,0.79673,20.91312,1,0.14569,0.04278,1.15866,0.00425,1,1,0.00406,-0.06545,0.65315,0.51211,0.81718,18.95044,1,0.11435,0.02599,1.14967,0.00392,1,1,participant_10,question_13,Timer-Correct,True,Question
0.0,0,8,1,0.13023,0.03973,0,0.63333,0.18241,0.23523,2686,748.34253,1,0.13275,0.01691,-0.05917,-0.06191,0.65928,0.2613,0.79676,20.95554,1,0.15192,0.04531,1.14967,0.00419,1,1,0.00406,-0.06545,0.65315,0.51209,0.81715,18.93866,1,0.10855,0.03414,1.14068,0.00391,1,1,participant_10,question_13,Timer-Correct,True,Question
0.0,0,8,1,0.13164,0.04382,0,0.63333,0.18241,0.24207,2686,748.34253,1,0.13272,0.01764,-0.05966,-0.06237,0.66477,0.26123,0.79668,21.09162,1,0.15474,0.05349,1.14068,0.00425,1,1,0.00418,-0.06806,0.67922,0.51211,0.81718,18.95044,1,0.10855,0.03414,1.14068,0.00392,1,1,participant_10,question_13,Timer-Correct,True,Question
0.0,0,8,1,0.13213,0.01866,0,0.63333,0.18241,0.24866,2686,748.34253,1,0.13271,0.01767,-0.05966,-0.06237,0.66477,0.26126,0.79678,20.86607,1,0.15541,0.02299,1.14068,0.00429,1,1,0.00418,-0.06806,0.67922,0.51214,0.8172,18.94345,1,0.10885,0.01434,1.14967,0.0039,1,1,participant_10,question_13,Timer-Correct,True,Other
0.0,0,8,1,0.1369,0.00221,0,0.63333,0.18241,0.25531,2686,748.34253,1,0.13282,0.01727,-0.05966,-0.06237,0.66477,0.2614,0.79669,20.63723,1,0.16154,0.00223,1.14967,0.00433,1,1,0.00418,-0.06806,0.67922,0.5121,0.81735,19.06687,1,0.11226,0.00219,1.15866,0.00389,1,1,participant_10,question_13,Timer-Correct,True,Other
0.0,0,8,1,0.13554,-0.00204,0,0.63333,0.18241,0.26208,2686,748.34253,1,0.13288,0.01679,-0.05917,-0.06191,0.65928,0.2614,0.79669,20.63723,1,0.15882,-0.00628,1.15866,0.00433,1,1,0.00406,-0.06545,0.65315,0.51208,0.81732,19.04474,1,0.11226,0.00219,1.15866,0.00389,1,1,participant_10,question_13,Timer-Correct,True,Other
0.0,0,8,1,0.13034,0.03382,0,0.63333,0.18241,0.2688,2686,748.34253,1,0.13282,0.0172,-0.05917,-0.06191,0.65928,0.26137,0.7968,21.13327,1,0.13921,0.06082,1.15866,0.00422,1,1,0.00406,-0.06545,0.65315,0.51215,0.81727,19.15102,1,0.12147,0.00682,1.14967,0.00384,1,1,participant_10,question_13,Timer-Correct,True,Question
0.0,0,8,1,0.13508,0.04985,0,0.63333,0.18241,0.27545,2686,748.34253,1,0.13288,0.01798,-0.05917,-0.06191,0.65928,0.2613,0.7966,20.17297,1,0.14709,0.05466,1.14967,0.00428,1,1,0.00406,-0.06545,0.65315,0.51222,0.81734,19.09867,1,0.12307,0.04504,1.14068,0.00389,1,1,participant_10,question_13,Timer-Correct,True,Question
0.0,0,8,1,0.13516,0.05014,0,0.63333,0.18241,0.28223,2686,748.34253,1,0.13293,0.01873,-0.06137,-0.0642,0.68428,0.26137,0.79654,20.03245,1,0.14718,0.05493,1.14936,0.00432,1,1,0.0042,-0.06606,0.65928,0.5124,0.81725,18.60283,1,0.12314,0.04535,1.14038,0.0039,1,1,participant_10,question_13,Timer-Correct,True,Question
0.0,0,8,1,0.14219,0.02197,0,0.63333,0.18241,0.28888,2686,748.34253,1,0.13314,0.0188,-0.06137,-0.0642,0.68428,0.2616,0.79668,20.66303,1,0.14721,0.04502,1.14906,0.0043,1,1,0.0042,-0.06606,0.65928,0.51248,0.81722,18.58717,1,0.13717,-0.00109,1.14906,0.00395,1,1,participant_10,question_13,Timer-Correct,True,Other
0.0,0,8,1,0.13519,0.01762,0,0.63333,0.18241,0.29553,2686,748.34253,1,0.13319,0.01878,-0.06137,-0.0642,0.68428,0.26169,0.79669,20.77045,1,0.16524,0.03208,1.15774,0.00431,1,1,0.0042,-0.06606,0.65928,0.51249,0.81718,18.59991,1,0.10514,0.00317,1.15774,0.00395,1,1,participant_10,question_13,Timer-Correct,True,Other
0.0,0,8,1,0.13519,0.01762,0,0.63333,0.18241,0.30231,2686,748.34253,1,0.13323,0.01875,-0.05902,-0.06191,0.65985,0.26167,0.79654,20.33348,1,0.16524,0.03208,1.15774,0.00433,1,1,0.0042,-0.06606,0.65928,0.51269,0.81729,18.93746,1,0.10514,0.00317,1.15774,0.00393,1,1,participant_10,question_13,Timer-Correct,True,Other
0.0,0,8,1,0.1327,0.00829,0,0.63333,0.18241,0.30902,2686,748.34253,1,0.13322,0.01853,-0.05902,-0.06191,0.65985,0.26173,0.79639,20.30111,1,0.13329,0.01808,1.14906,0.00428,1,1,0.0042,-0.06606,0.65928,0.51261,0.81727,19.17801,1,0.13212,-0.0015,1.14906,0.00381,1,1,participant_10,question_13,Timer-Correct,True,Other
0.0,0,8,1,0.14196,0.03491,0,0.63333,0.18241,0.31573,2686,748.34253,1,0.1334,0.01887,-0.05902,-0.06191,0.65985,0.26184,0.79631,20.55952,1,0.14817,0.0755,1.14038,0.00431,1,1,0.0042,-0.06606,0.65928,0.51263,0.81734,19.25039,1,0.13574,-0.00567,1.14038,0.00382,1,1,participant_10,question_13,Timer-Correct,True,Question
0.0,0,8,1,0.14418,0.04336,0,0.63333,0.18241,0.32245,2686,748.34253,1,0.13391,0.01946,-0.05729,-0.0601,0.64158,0.262,0.79635,20.54434,1,0.15096,0.08323,1.1317,0.00431,1,1,0.00427,-0.06563,0.65497,0.51274,0.81732,19.35168,1,0.13741,0.00349,1.1317,0.0038,1,1,participant_10,question_13,Timer-Correct,True,Question
0.0,0,8,1,0.15241,0.03813,0,0.63333,0.18241,0.32916,2686,748.34253,1,0.13454,0.01963,-0.05729,-0.0601,0.64158,0.26251,0.79636,21.09757,1,0.16207,0.07149,1.1317,0.00427,1,1,0.00427,-0.06563,0.65497,0.51329,0.81716,18.96721,1,0.14274,0.00476,1.1317,0.0039,1,1,participant_10,question_13,Timer-Correct,True,Question
0.0,0,8,1,0.16833,0.05833,0,0.63333,0.18241,0.33582,2686,748.34253,1,0.13574,0.01997,-0.05729,-0.0601,0.64158,0.26261,0.79621,20.8279,1,0.17422,0.10364,1.1317,0.00426,1,1,0.00427,-0.06563,0.65497,0.51333,0.81712,19.04897,1,0.16244,0.01303,1.1317,0.00388,1,1,participant_10,question_13,Timer-Correct,True,Question
0.0,0,8,1,0.16547,0.04533,0,0.63333,0.18241,0.34247,2686,748.34253,1,0.1369,0.02013,-0.06045,-0.06331,0.67746,0.26279,0.79602,20.57684,1,0.17158,0.09606,1.14038,0.0043,1,1,0.00461,-0.06838,0.68242,0.51334,0.81702,18.94684,1,0.15935,-0.0054,1.14936,0.00383,1,1,participant_10,question_13,Timer-Correct,True,Question
0.0,0,8,1,0.15254,0.0109,0,0.63333,0.18241,0.34918,2686,748.34253,1,0.13755,0.0198,-0.06045,-0.06331,0.67746,0.26272,0.79575,19.96759,1,0.14762,0.07344,1.15804,0.00425,1,1,0.00461,-0.06838,0.68242,0.51348,0.81718,19.04918,1,0.15746,-0.05163,1.16703,0.00386,1,1,participant_10,question_13,Timer-Correct,True,Other
0.0,0,8,1,0.13628,-0.00982,0,0.63333,0.18241,0.35663,2686,748.34253,1,0.13743,0.01855,-0.06045,-0.06331,0.67746,0.2628,0.7957,20.03597,1,0.147,0.049,1.17571,0.00424,1,1,0.00461,-0.06838,0.68242,0.51353,0.81721,19.13645,1,0.12556,-0.06864,1.1847,0.00383,1,1,participant_10,question_13,Timer-Correct,True,Other
0.0,0,8,1,0.13189,-0.02717,0,0.63333,0.18241,0.36304,2686,748.34253,1,0.13724,0.01703,-0.06045,-0.06331,0.67746,0.26292,0.79573,20.23668,1,0.14154,0.03334,1.19338,0.00421,1,1,0.00454,-0.06734,0.67255,0.51379,0.81682,18.48162,1,0.12225,-0.08768,1.20237,0.00384,1,1,participant_10,question_13,Timer-Correct,True,Other
0.0,0,8,1,0.13652,-0.03706,0,0.63333,0.18241,0.36871,2686,748.34253,1,0.13771,0.0155,-0.06045,-0.06331,0.67746,0.26291,0.79571,20.14285,1,0.1369,0.00447,1.20237,0.00424,1,1,0.00454,-0.06734,0.67255,0.51372,0.81675,18.42874,1,0.13613,-0.0786,1.20237,0.0039,1,1,participant_10,question_13,Timer-Correct,True,Other
0.0,0,8,1,0.14632,-0.05558,0,0.63333,0.18241,0.37579,2686,748.34253,1,0.13805,0.01418,-0.06045,-0.06331,0.67746,0.26289,0.79556,20.18283,1,0.16979,0.00458,1.20237,0.00424,1,1,0.00454,-0.06734,0.67255,0.51375,0.81681,18.42945,1,0.12285,-0.11575,1.20237,0.00391,1,1,participant_10,question_13,Timer-Correct,True,Other
0.0,0,8,1,0.14715,-0.05063,0,0.63333,0.18241,0.38214,2686,748.34253,1,0.13838,0.01281,-0.06045,-0.06331,0.67746,0.26288,0.79553,20.29826,1,0.16979,0.00458,1.20237,0.00423,1,1,0.00442,-0.06634,0.66308,0.51368,0.81689,18.77873,1,0.12451,-0.10583,1.19338,0.00387,1,1,participant_10,question_13,Timer-Correct,True,Other
0.0,0,8,1,0.1364,-0.0345,0,0.63333,0.18241,0.38928,2686,748.34253,1,0.13837,0.01167,-0.06045,-0.06331,0.67746,0.26282,0.79547,20.20534,1,0.14156,0.01975,1.19338,0.0042,1,1,0.00442,-0.06634,0.66308,0.5137,0.81698,18.78917,1,0.13123,-0.08874,1.18439,0.00388,1,1,participant_10,question_13,Timer-Correct,True,Other
0.0,0,8,1,0.14761,-0.02997,0,0.63333,0.18241,0.39612,2686,748.34253,1,0.13878,0.01101,-0.06045,-0.06331,0.67746,0.26288,0.7955,20.25654,1,0.16658,0.01556,1.18439,0.00417,1,1,0.00442,-0.06634,0.66308,0.51368,0.81691,18.75385,1,0.12863,-0.0755,1.1754,0.00387,1,1,participant_10,question_13,Timer-Correct,True,Other
0.0,0,8,1,0.14976,-0.02099,0,0.63333,0.18241,0.40265,2686,748.34253,1,0.13923,0.01052,-0.06045,-0.06331,0.67746,0.26273,0.79573,19.97684,1,0.16921,0.02372,1.1754,0.00425,1,1,0.00442,-0.06634,0.66308,0.5134,0.81702,19.02325,1,0.13032,-0.0657,1.16642,0.00396,1,1,participant_10,question_13,Timer-Correct,True,Other
0.0,0,8,1,0.15974,0.00994,0,0.63333,0.18241,0.40936,2686,748.34253,1,0.1398,0.01052,-0.06045,-0.06331,0.67746,0.26263,0.7958,19.81772,1,0.16779,0.05788,1.16642,0.00435,1,1,0.00442,-0.06634,0.66308,0.51332,0.81713,19.23942,1,0.1517,-0.03799,1.16642,0.00399,1,1,participant_10,question_13,Timer-Correct,True,Other
0.0,0,8,1,0.15577,0.01527,0,0.63333,0.18241,0.40936,2686,748.34253,0,0.14712,-0.01536,-0.06045,-0.06331,0.67746,0.26261,0.7958,19.75827,1,0.16489,0.07425,1.16642,0.00437,1,1,0.00442,-0.06634,0.66308,0.51321,0.81699,19.27358,1,0.14666,-0.04371,1.16642,0.0039,1,1,participant_10,question_13,Timer-Correct,True,Other
0.0,0,8,1,0.15785,0.02368,0,0.63333,0.18241,0.40936,2686,748.34253,0,0.15249,0.00416,-0.05902,-0.06182,0.66095,0.26259,0.79585,20.14998,1,0.1675,0.08182,1.15774,0.00436,1,1,0.00442,-0.06644,0.66309,0.51325,0.81701,19.22262,1,0.14821,-0.03446,1.15774,0.00392,1,1,participant_10,question_13,Timer-Correct,True,Other
0.0,0,8,1,0.14742,0.01636,0,0.63333,0.18241,0.40936,2686,748.34253,0,0.1508,0.00823,-0.05902,-0.06182,0.66095,0.26251,0.79599,20.39519,1,0.15809,0.0491,1.14906,0.00428,1,1,0.00442,-0.06644,0.66309,0.51322,0.81699,18.89436,1,0.13675,-0.01637,1.14906,0.00382,1,1,participant_10,question_13,Timer-Correct,True,Other
0.0,0,8,1,0.16295,0.03565,0,0.63333,0.18241,0.02118,2687,748.76294,1,0.15384,0.01509,-0.05902,-0.06182,0.66095,0.26237,0.79617,20.60396,1,0.16023,0.06472,1.14038,0.00427,1,1,0.00442,-0.06644,0.66309,0.51304,0.81691,18.92163,1,0.16567,0.00658,1.14038,0.00386,1,1,participant_10,question_13,Timer-Correct,True,Question
0.0,0,8,1,0.16295,0.03565,0,0.63333,0.18241,0.02832,2687,748.76294,1,0.15566,0.0192,-0.06156,-0.06435,0.68754,0.26237,0.79618,20.55633,1,0.16023,0.06472,1.14038,0.00424,1,1,0.00427,-0.06563,0.65497,0.51301,0.81707,18.987,1,0.16567,0.00658,1.14038,0.00384,1,1,participant_10,question_13,Timer-Correct,True,Question
0.0,0,8,1,0.16133,0.04293,0,0.63333,0.18241,0.03223,2687,748.76294,1,0.1566,0.02315,-0.06156,-0.06435,0.68754,0.26217,0.79628,20.17099,1,0.17478,0.07316,1.14906,0.00434,1,1,0.00427,-0.06563,0.65497,0.51301,0.81738,19.32449,1,0.14788,0.01271,1.14906,0.00379,1,1,participant_10,question_13,Timer-Correct,True,Question
0.0,0,8,1,0.15849,0.05776,0,0.63333,0.18241,0.03723,2687,748.76294,1,0.15687,0.0281,-0.06156,-0.06435,0.68754,0.26205,0.79623,19.87639,1,0.15821,0.08772,1.15774,0.00432,1,1,0.00427,-0.06563,0.65497,0.5129,0.81747,19.1996,1,0.15876,0.0278,1.15774,0.00381,1,1,participant_10,question_13,Timer-Correct,True,Question
0.0,0,8,1,0.15639,0.04963,0,0.63333,0.18241,0.0426,2687,748.76294,1,0.15681,0.03079,-0.06042,-0.06327,0.67486,0.26213,0.79632,20.30461,1,0.15554,0.0802,1.16642,0.00428,1,1,0.00423,-0.06659,0.66406,0.51284,0.81747,18.61267,1,0.15725,0.01907,1.16642,0.00385,1,1,participant_10,question_13,Timer-Correct,True,Question
0.0,0,8,1,0.16188,0.00399,0,0.63333,0.18241,0.04932,2687,748.76294,1,0.15738,0.02781,-0.06042,-0.06327,0.67486,0.26183,0.79651,20.29012,1,0.17495,0.03732,1.16642,0.00436,1,1,0.00423,-0.06659,0.66406,0.51263,0.81732,18.7913,1,0.14881,-0.02933,1.16642,0.00383,1,1,participant_10,question_13,Timer-Correct,True,Other
0.0,0,8,1,0.14846,0.00576,0,0.63333,0.18241,0.05597,2687,748.76294,1,0.15648,0.02561,-0.06042,-0.06327,0.67486,0.26176,0.79651,20.15883,1,0.15605,0.05164,1.16642,0.00437,1,1,0.00423,-0.06659,0.66406,0.51262,0.8175,19.32821,1,0.14087,-0.04011,1.16642,0.00383,1,1,participant_10,question_13,Timer-Correct,True,Other
0.0,0,8,1,0.15247,0.02179,0,0.63333,0.18241,0.06256,2687,748.76294,1,0.15612,0.02526,-0.05686,-0.05945,0.63412,0.26177,0.79675,20.44728,1,0.16107,0.06625,1.15002,0.00439,1,1,0.00404,-0.0651,0.64926,0.5125,0.81777,19.11903,1,0.14387,-0.02268,1.15002,0.00387,1,1,participant_10,question_13,Timer-Correct,True,Other
0.0,0,8,1,0.15395,0.06653,0,0.63333,0.18241,0.0694,2687,748.76294,1,0.15594,0.0287,-0.05686,-0.05945,0.63412,0.2616,0.79685,21.2818,1,0.18179,0.11284,1.13362,0.00436,1,1,0.00404,-0.0651,0.64926,0.51231,0.81783,19.30224,1,0.12611,0.02022,1.13362,0.00394,1,1,participant_10,question_13,Timer-Correct,True,Question
0.0,0,8,1,0.16642,0.05966,0,0.63333,0.18241,0.07617,2687,748.76294,1,0.15674,0.03108,-0.05686,-0.05945,0.63412,0.26135,0.79712,20.64243,1,0.18241,0.08271,1.11723,0.00443,1,1,0.00404,-0.0651,0.64926,0.51238,0.8179,19.14933,1,0.15043,0.03661,1.11723,0.00401,1,1,participant_10,question_13,Timer-Correct,True,Question
0.0,0,8,1,0.16558,0.05501,0,0.63333,0.18241,0.0827,2687,748.76294,1,0.15738,0.03279,-0.06042,-0.06316,0.67263,0.26146,0.79716,20.83675,1,0.18241,0.08271,1.11723,0.00434,1,1,0.00415,-0.06786,0.67518,0.51221,0.81772,18.9935,1,0.14874,0.0273,1.12621,0.00384,1,1,participant_10,question_13,Timer-Correct,True,Question
0.0,0,8,1,0.16137,0.04692,0,0.63333,0.18241,0.08972,2687,748.76294,1,0.15764,0.03373,-0.06042,-0.06316,0.67263,0.26107,0.79719,20.34043,1,0.17293,0.07685,1.14261,0.00436,1,1,0.00415,-0.06786,0.67518,0.51183,0.81792,19.35074,1,0.14981,0.01699,1.1516,0.00389,1,1,participant_10,question_13,Timer-Correct,True,Question
0.0,0,8,1,0.14965,0.01591,0,0.63333,0.18241,0.09637,2687,748.76294,1,0.15714,0.03262,-0.06042,-0.06316,0.67263,0.26095,0.79738,20.43273,1,0.16114,0.01409,1.168,0.00438,1,1,0.00415,-0.06786,0.67518,0.51176,0.81793,19.16253,1,0.13817,0.01773,1.17698,0.00386,1,1,participant_10,question_13,Timer-Correct,True,Other
0.0,0,8,1,0.14644,0.00434,0,0.63333,0.18241,0.10309,2687,748.76294,1,0.15651,0.03096,-0.05916,-0.06178,0.65691,0.261,0.79768,20.74779,1,0.15614,-0.00131,1.1847,0.00438,1,1,0.00389,-0.06598,0.65648,0.51186,0.81791,19.19576,1,0.13673,0.01,1.1847,0.00393,1,1,participant_10,question_13,Timer-Correct,True,Other
0.0,0,8,1,0.14314,-0.00889,0,0.63333,0.18241,0.1095,2687,748.76294,1,0.15577,0.02874,-0.05916,-0.06178,0.65691,0.26068,0.79737,20.19638,1,0.15711,0.01944,1.17602,0.00436,1,1,0.00389,-0.06598,0.65648,0.51177,0.81797,19.1537,1,0.12918,-0.03723,1.16703,0.00393,1,1,participant_10,question_13,Timer-Correct,True,Other
0.0,0,8,1,0.14267,0.02372,0,0.63333,0.18241,0.11621,2687,748.76294,1,0.15508,0.02848,-0.05916,-0.06178,0.65691,0.26066,0.79778,20.93516,1,0.16826,0.07056,1.15835,0.00436,1,1,0.00389,-0.06598,0.65648,0.5117,0.8179,19.22746,1,0.11708,-0.02312,1.14936,0.00386,1,1,participant_10,question_13,Timer-Correct,True,Other
0.0,0,8,1,0.14621,0.03614,0,0.63333,0.18241,0.12299,2687,748.76294,1,0.15464,0.02886,-0.05959,-0.06228,0.66169,0.26046,0.79751,19.98088,1,0.17357,0.08614,1.14068,0.00442,1,1,0.00398,-0.06833,0.67992,0.51137,0.81822,19.55868,1,0.11885,-0.01385,1.14068,0.00387,1,1,participant_10,question_13,Timer-Correct,True,Question
0.0,0,8,1,0.16126,-0.0001,0,0.63333,0.18241,0.12964,2687,748.76294,1,0.15495,0.02748,-0.05959,-0.06228,0.66169,0.26031,0.79766,20.35083,1,0.15857,0.01382,1.14068,0.00444,1,1,0.00398,-0.06833,0.67992,0.51115,0.818,19.21548,1,0.16395,-0.01402,1.14967,0.004,1,1,participant_10,question_13,Timer-Correct,True,Other
0.0,0,8,1,0.14596,0.03606,0,0.63333,0.18241,0.13776,2687,748.76294,1,0.15454,0.02787,-0.05959,-0.06228,0.66169,0.26035,0.79793,21.12875,1,0.13624,0.03408,1.14967,0.00436,1,1,0.00398,-0.06833,0.67992,0.51109,0.818,19.3126,1,0.15569,0.03805,1.15866,0.00397,1,1,participant_10,question_13,Timer-Correct,True,Question
0.0,0,8,1,0.14451,0.03193,0,0.63333,0.18241,0.1427,2687,748.76294,1,0.15411,0.02805,-0.06019,-0.06271,0.66621,0.26032,0.79802,21.26753,1,0.13333,0.02581,1.15866,0.00438,1,1,0.00369,-0.06588,0.65552,0.511,0.81801,19.22286,1,0.15569,0.03805,1.15866,0.00388,1,1,participant_10,question_13,Timer-Correct,True,Question
0.0,0,8,1,0.13793,0.03073,0,0.63333,0.18241,0.14978,2687,748.76294,1,0.15343,0.02816,-0.06019,-0.06271,0.66621,0.25933,0.79802,20.43707,1,0.15765,0.06788,1.15866,0.00449,1,1,0.00369,-0.06588,0.65552,0.51005,0.81813,19.50272,1,0.11821,-0.00642,1.14967,0.00395,1,1,participant_10,question_13,Timer-Correct,True,Question
0.0,0,8,1,0.12394,0.01533,0,0.63333,0.18241,0.15649,2687,748.76294,1,0.15225,0.02765,-0.06019,-0.06271,0.66621,0.2587,0.7979,19.40792,0,0.15765,0.06788,1.14967,0.00454,1,1,0.00369,-0.06588,0.65552,0.50961,0.81808,19.21648,1,0.12394,0.01533,1.14068,0.00401,1,1,participant_10,question_13,Timer-Correct,True,Other
0.0,0,8,1,0.12394,0.01533,0,0.63333,0.18241,0.16321,2687,748.76294,1,0.15116,0.02717,-0.06019,-0.06271,0.66621,0.25836,0.79791,19.42856,0,0.15765,0.06788,1.14068,0.00456,1,1,0.00347,-0.06834,0.67996,0.50904,0.81822,19.54857,1,0.12394,0.01533,1.14068,0.00403,1,1,participant_10,question_13,Timer-Correct,True,Other
0.0,0,8,1,0.09839,0.03117,0,0.63333,0.18241,0.1698,2687,748.76294,1,0.14921,0.02732,-0.06019,-0.06271,0.66621,0.2582,0.79797,19.68379,0,0.15765,0.06788,1.14068,0.00454,1,1,0.00347,-0.06834,0.67996,0.50879,0.81816,19.68714,1,0.09839,0.03117,1.14967,0.00399,1,1,participant_10,question_13,Timer-Correct,True,Question
0.0,0,8,1,0.09396,0.03678,0,0.63333,0.18241,0.17657,2687,748.76294,1,0.14724,0.02766,-0.06019,-0.06271,0.66621,0.25804,0.79803,19.71085,0,0.15765,0.06788,1.14967,0.00456,1,1,0.00347,-0.06834,0.67996,0.50881,0.81817,19.67009,1,0.09396,0.03678,1.15866,0.00395,1,1,participant_10,question_13,Timer-Correct,True,Question
0.0,0,8,1,0.09198,0.02772,0,0.63333,0.18241,0.18329,2687,748.76294,1,0.14533,0.02766,-0.06019,-0.06271,0.66621,0.25798,0.79802,19.50692,0,0.15765,0.06788,1.15866,0.00455,1,1,0.00347,-0.06834,0.67996,0.50879,0.81814,19.67795,1,0.09198,0.02772,1.16764,0.00395,1,1,participant_10,question_13,Timer-Correct,True,Question
0.0,0,8,1,0.08242,0.03029,0,0.63333,0.18241,0.19,2687,748.76294,1,0.14323,0.02775,-0.06019,-0.06271,0.66621,0.25791,0.79795,19.6773,0,0.15765,0.06788,1.16764,0.00455,1,1,0.00347,-0.06834,0.67996,0.50875,0.81811,19.79768,1,0.08242,0.03029,1.16764,0.00396,1,1,participant_10,question_13,Timer-Correct,True,Question
0.0,0,8,1,0.08901,0.01917,0,0.63333,0.18241,0.19666,2687,748.76294,1,0.14148,0.02747,-0.06019,-0.06271,0.66621,0.25795,0.79821,20.58446,0,0.15765,0.06788,1.16764,0.0045,1,1,0.00347,-0.06834,0.67996,0.50876,0.81812,19.77838,1,0.08901,0.01917,1.16764,0.00396,1,1,participant_10,question_13,Timer-Correct,True,Other
0.0,0,8,1,0.09073,0.02701,0,0.63333,0.18241,0.20337,2687,748.76294,1,0.1399,0.02746,-0.06019,-0.06271,0.66621,0.25792,0.79822,20.622,0,0.15765,0.06788,1.15993,0.0045,1,1,0.00347,-0.06834,0.67996,0.50873,0.81797,19.65172,1,0.09073,0.02701,1.15993,0.00393,1,1,participant_10,question_13,Timer-Correct,True,Question
0.0,0,8,1,0.0928,0.02508,0,0.63333,0.18241,0.20337,2687,748.76294,0,0.10963,0.02722,-0.06019,-0.06271,0.66621,0.25795,0.79807,20.23001,1,0.09533,0.00913,1.15221,0.00455,1,1,0.00347,-0.06834,0.67996,0.50881,0.81801,19.56208,1,0.09027,0.04103,1.15221,0.00399,1,1,participant_10,question_13,Timer-Correct,True,Question
0.0,0,8,1,0.09802,0.02241,0,0.63333,0.18241,0.20337,2687,748.76294,0,0.10383,0.02481,-0.06019,-0.06271,0.66621,0.25793,0.79806,20.33661,1,0.10202,-0.00211,1.1445,0.00455,1,1,0.00347,-0.06834,0.67996,0.50879,0.818,19.60436,1,0.09403,0.04692,1.1445,0.00397,1,1,participant_10,question_13,Timer-Correct,True,Other
0.0,0,8,1,0.09688,0.01726,0,0.63333,0.18241,0.20337,2687,748.76294,0,0.10151,0.02229,-0.05814,-0.06031,0.64028,0.25791,0.79794,20.53261,1,0.10202,-0.00211,1.1445,0.00454,1,1,0.00358,-0.06955,0.69258,0.50886,0.81792,19.4273,1,0.09174,0.03662,1.15468,0.00398,1,1,participant_10,question_13,Timer-Correct,True,Other
0.0,0,8,1,0.10981,0.01548,0,0.63333,0.18241,0.01996,2688,748.97296,1,0.10359,0.02059,-0.05814,-0.06031,0.64028,0.25806,0.79787,21.06183,1,0.12493,0.01216,1.1624,0.00448,1,1,0.00358,-0.06955,0.69258,0.50888,0.81792,19.39125,1,0.09469,0.01879,1.17258,0.00402,1,1,participant_10,question_13,Timer-Correct,True,Other
0.0,0,8,1,0.10833,-0.01526,0,0.63333,0.18241,0.02692,2688,748.97296,1,0.10453,0.01342,-0.05814,-0.06031,0.64028,0.25808,0.79787,21.15902,1,0.12073,-0.02076,1.1803,0.00449,1,1,0.00358,-0.06955,0.69258,0.50888,0.81792,19.39125,1,0.09592,-0.00976,1.19048,0.00402,1,1,participant_10,question_13,Timer-Correct,True,Other
0.0,0,8,1,0.10557,-0.02304,0,0.63333,0.18241,0.03357,2688,748.97296,1,0.10471,0.00734,-0.05951,-0.0618,0.65653,0.25818,0.79783,21.26466,1,0.11495,-0.03762,1.1982,0.00454,1,1,0.00329,-0.06378,0.636,0.50894,0.81795,19.52577,1,0.09619,-0.00846,1.18921,0.00401,1,1,participant_10,question_13,Timer-Correct,True,Other
0.0,0,8,1,0.11361,-0.00781,0,0.63333,0.18241,0.04077,2688,748.97296,1,0.10598,0.00518,-0.05951,-0.0618,0.65653,0.25819,0.79767,21.43073,1,0.12933,0.00434,1.18921,0.00451,1,1,0.00329,-0.06378,0.636,0.50882,0.81766,19.64169,1,0.09789,-0.01996,1.17004,0.00401,1,1,participant_10,question_13,Timer-Correct,True,Other
0.0,0,8,1,0.11814,-0.00287,0,0.63333,0.18241,0.047,2688,748.97296,1,0.1075,0.00417,-0.05951,-0.0618,0.65653,0.25815,0.79763,21.34168,1,0.12749,0.015,1.17004,0.00449,1,1,0.00329,-0.06378,0.636,0.50883,0.8176,19.5485,1,0.1088,-0.02075,1.15087,0.00402,1,1,participant_10,question_13,Timer-Correct,True,Other
0.0,0,8,1,0.12327,0.01615,0,0.63333,0.18241,0.05371,2688,748.97296,1,0.10925,0.0055,-0.05951,-0.0617,0.65653,0.25813,0.79754,21.20192,1,0.13371,0.03264,1.15087,0.00451,1,1,0.00329,-0.06378,0.636,0.50892,0.81762,19.7199,1,0.11282,-0.00033,1.1317,0.00406,1,1,participant_10,question_13,Timer-Correct,True,Other
0.0,0,8,1,0.13113,0.05004,0,0.63333,0.18241,0.06036,2688,748.97296,1,0.11144,0.00996,-0.05951,-0.0617,0.65653,0.25819,0.79739,21.16861,1,0.1412,0.10362,1.1317,0.00457,1,1,0.00329,-0.06378,0.636,0.50892,0.81762,19.7199,1,0.12106,-0.00354,1.1317,0.00406,1,1,participant_10,question_13,Timer-Correct,True,Question
0.0,0,8,1,0.13088,0.05907,0,0.63333,0.18241,0.06708,2688,748.97296,1,0.11321,0.01442,-0.05951,-0.0617,0.65653,0.25817,0.7974,21.17435,1,0.14497,0.09793,1.1317,0.00458,1,1,0.00329,-0.06378,0.636,0.50888,0.81764,19.78947,1,0.11679,0.0202,1.1317,0.00401,1,1,participant_10,question_13,Timer-Correct,True,Question
0.0,0,8,1,0.13295,0.06648,0,0.63333,0.18241,0.07379,2688,748.97296,1,0.11485,0.01876,-0.05819,-0.06037,0.6424,0.25814,0.79737,21.11055,1,0.14749,0.10471,1.12398,0.00458,1,1,0.00329,-0.06378,0.636,0.50894,0.81761,19.73678,1,0.1184,0.02825,1.12398,0.00405,1,1,participant_10,question_13,Timer-Correct,True,Question
0.0,0,8,1,0.13307,0.06401,0,0.63333,0.18241,0.08057,2688,748.97296,1,0.11625,0.02224,-0.05819,-0.06037,0.6424,0.25807,0.79736,20.8717,1,0.14368,0.12183,1.11626,0.00457,1,1,0.00329,-0.06378,0.636,0.50893,0.8176,19.72452,1,0.12246,0.00619,1.11626,0.00407,1,1,participant_10,question_13,Timer-Correct,True,Question
0.0,0,8,1,0.1264,0.06121,0,0.63333,0.18241,0.08716,2688,748.97296,1,0.11698,0.02502,-0.05819,-0.06037,0.6424,0.25805,0.79739,20.85217,1,0.13698,0.08187,1.10855,0.00459,1,1,0.00329,-0.06378,0.636,0.50893,0.8176,19.72452,1,0.11583,0.04056,1.10855,0.00407,1,1,participant_10,question_13,Timer-Correct,True,Question
0.0,0,8,1,0.1264,0.06121,0,0.63333,0.18241,0.09387,2688,748.97296,1,0.11761,0.02744,-0.06055,-0.06282,0.66794,0.25807,0.79745,21.03982,1,0.13698,0.08187,1.10855,0.0046,1,1,0.00329,-0.06378,0.636,0.5089,0.8176,19.65024,1,0.11583,0.04056,1.10855,0.00406,1,1,participant_10,question_13,Timer-Correct,True,Question
0.0,0,8,1,0.13092,0.0584,0,0.63333,0.18241,0.10046,2688,748.97296,1,0.11844,0.02937,-0.06055,-0.06282,0.66794,0.25802,0.79752,21.29707,1,0.13964,0.07327,1.11626,0.00458,1,1,0.00329,-0.06378,0.636,0.50889,0.8176,19.55011,1,0.12221,0.04353,1.11626,0.00409,1,1,participant_10,question_13,Timer-Correct,True,Question
0.0,0,8,1,0.11946,0.05499,0,0.63333,0.18241,0.10718,2688,748.97296,1,0.1185,0.03088,-0.06055,-0.06282,0.66794,0.25807,0.79756,21.28257,1,0.13406,0.06998,1.12398,0.00457,1,1,0.00329,-0.06378,0.636,0.50883,0.81764,19.63319,1,0.10486,0.04,1.12398,0.00413,1,1,participant_10,question_13,Timer-Correct,True,Question
0.0,0,8,1,0.11522,0.03756,0,0.63333,0.18241,0.11359,2688,748.97296,1,0.11832,0.03125,-0.05814,-0.06031,0.64028,0.25804,0.7976,21.45483,1,0.13148,0.06296,1.1317,0.00457,1,1,0.00357,-0.06919,0.68946,0.50891,0.81751,19.30659,1,0.09897,0.01216,1.15087,0.00418,1,1,participant_10,question_13,Timer-Correct,True,Question
0.0,0,8,1,0.10582,0.01358,0,0.63333,0.18241,0.12024,2688,748.97296,1,0.11766,0.03032,-0.05814,-0.06031,0.64028,0.25797,0.79773,21.2149,1,0.11639,0.03398,1.15087,0.00464,1,1,0.00357,-0.06919,0.68946,0.50872,0.81778,20.1265,1,0.09525,-0.00681,1.17004,0.00407,1,1,participant_10,question_13,Timer-Correct,True,Other
0.0,0,8,1,0.10367,0.00175,0,0.63333,0.18241,0.12653,2688,748.97296,1,0.11696,0.02889,-0.05814,-0.06031,0.64028,0.25786,0.79769,21.14759,1,0.11129,0.01172,1.17004,0.00466,1,1,0.00357,-0.06919,0.68946,0.50877,0.81774,20.00979,1,0.09606,-0.00822,1.18921,0.00406,1,1,participant_10,question_13,Timer-Correct,True,Other
0.0,0,8,1,0.10162,-0.00418,0,0.63333,0.18241,0.13318,2688,748.97296,1,0.11623,0.02732,-0.05753,-0.05959,0.63308,0.25792,0.79782,21.34495,1,0.10746,0.00116,1.1815,0.00461,1,1,0.00343,-0.06748,0.67192,0.50874,0.81773,19.98094,1,0.09579,-0.00952,1.19048,0.00408,1,1,participant_10,question_13,Timer-Correct,True,Other
0.0,0,8,1,0.09583,0.00869,0,0.63333,0.18241,0.13989,2688,748.97296,1,0.1153,0.02647,-0.05753,-0.05959,0.63308,0.2579,0.79789,21.52825,1,0.10242,0.00302,1.18277,0.0046,1,1,0.00343,-0.06748,0.67192,0.5087,0.81777,20.0479,1,0.08925,0.01436,1.17258,0.00412,1,1,participant_10,question_13,Timer-Correct,True,Other
0.0,0,8,1,0.10015,0.0154,0,0.63333,0.18241,0.14734,2688,748.97296,1,0.11464,0.02599,-0.05753,-0.05959,0.63308,0.25786,0.79784,21.55281,1,0.10602,0.01975,1.16487,0.00456,1,1,0.00343,-0.06748,0.67192,0.50865,0.81784,20.05907,1,0.09427,0.01105,1.15468,0.00412,1,1,participant_10,question_13,Timer-Correct,True,Other
0.0,0,8,1,0.10519,0.03289,0,0.63333,0.18241,0.15601,2688,748.97296,1,0.11425,0.02628,-0.05753,-0.05959,0.63308,0.25786,0.79787,21.52191,1,0.11215,0.03621,1.14696,0.00458,1,1,0.00343,-0.06748,0.67192,0.50867,0.81787,20.17867,1,0.09823,0.02957,1.13678,0.0041,1,1,participant_10,question_13,Timer-Correct,True,Question
0.0,0,8,1,0.10364,0.0708,0,0.63333,0.18241,0.15991,2688,748.97296,1,0.11382,0.02806,-0.05753,-0.05959,0.63308,0.25784,0.79787,21.43146,1,0.11569,0.10611,1.13678,0.00458,1,1,0.00343,-0.06748,0.67192,0.50867,0.81795,20.34166,1,0.09159,0.03548,1.13678,0.00412,1,1,participant_10,question_13,Timer-Correct,True,Question
0.0,0,8,1,0.0958,0.07432,0,0.63333,0.18241,0.16669,2688,748.97296,1,0.11313,0.02984,-0.05753,-0.05959,0.63308,0.25784,0.79787,21.43146,1,0.10217,0.10692,1.13678,0.00458,1,1,0.00343,-0.06748,0.67192,0.50868,0.81794,20.35733,1,0.08942,0.04172,1.13678,0.0041,1,1,participant_10,question_13,Timer-Correct,True,Question
0.0,0,8,1,0.09683,0.07892,0,0.63333,0.18241,0.17334,2688,748.97296,1,0.11253,0.03165,-0.05808,-0.06021,0.63915,0.25782,0.79791,21.48081,1,0.10217,0.10692,1.13678,0.0046,1,1,0.00332,-0.06638,0.66151,0.50868,0.81786,20.19655,1,0.09149,0.05091,1.12779,0.00411,1,1,participant_10,question_13,Timer-Correct,True,Question
0.0,0,8,1,0.10739,0.04994,0,0.63333,0.18241,0.18005,2688,748.97296,1,0.11234,0.03231,-0.05808,-0.06021,0.63915,0.25789,0.79802,21.69974,1,0.11484,0.05407,1.12779,0.00459,1,1,0.00332,-0.06638,0.66151,0.50874,0.81788,20.18975,1,0.09995,0.04582,1.1188,0.00417,1,1,participant_10,question_13,Timer-Correct,True,Question
0.0,0,8,1,0.10964,0.07279,0,0.63333,0.18241,0.18671,2688,748.97296,1,0.11225,0.0337,-0.05808,-0.06021,0.63915,0.25798,0.79808,21.6791,1,0.12426,0.07856,1.1188,0.00458,1,1,0.00332,-0.06638,0.66151,0.5087,0.81799,20.07131,1,0.09502,0.06701,1.10982,0.00422,1,1,participant_10,question_13,Timer-Correct,True,Question
0.0,0,8,1,0.11224,0.08145,0,0.63333,0.18241,0.19403,2688,748.97296,1,0.11225,0.03529,-0.05753,-0.05968,0.63308,0.25791,0.79806,21.9058,1,0.12737,0.0867,1.10982,0.0046,1,1,0.00325,-0.06488,0.64605,0.50869,0.81805,19.99759,1,0.09712,0.0762,1.10083,0.00422,1,1,participant_10,question_13,Timer-Correct,True,Question
0.0,0,8,1,0.11999,0.09941,0,0.63333,0.18241,0.2002,2688,748.97296,1,0.1125,0.03736,-0.05753,-0.05968,0.63308,0.25804,0.79806,21.89982,1,0.13201,0.10759,1.10083,0.0046,1,1,0.00325,-0.06488,0.64605,0.5089,0.81785,20.15891,1,0.10798,0.09124,1.10083,0.00426,1,1,participant_10,question_13,Timer-Correct,True,Question
0.0,0,8,1,0.11947,0.0949,0,0.63333,0.18241,0.20685,2688,748.97296,1,0.11272,0.03916,-0.05753,-0.05968,0.63308,0.25791,0.79801,21.87297,1,0.12811,0.08219,1.10083,0.00458,1,1,0.00325,-0.06488,0.64605,0.50875,0.8179,20.24703,1,0.11083,0.10761,1.10083,0.00419,1,1,participant_10,question_13,Timer-Correct,True,Question
0.0,0,8,1,0.11846,0.09046,0,0.63333,0.18241,0.21393,2688,748.97296,1,0.11289,0.04072,-0.06049,-0.06285,0.66671,0.25801,0.79812,21.7466,1,0.12811,0.08219,1.10083,0.00462,1,1,0.00359,-0.06859,0.6835,0.50873,0.81798,20.38211,1,0.10881,0.09873,1.10982,0.00413,1,1,participant_10,question_13,Timer-Correct,True,Question
0.0,0,8,1,0.10672,0.07963,0,0.63333,0.18241,0.21393,2688,748.97296,0,0.10796,0.07007,-0.06049,-0.06285,0.66671,0.25809,0.79804,21.61805,1,0.09786,0.09353,1.10982,0.00466,1,1,0.00359,-0.06859,0.6835,0.50889,0.81782,20.11512,1,0.11557,0.06573,1.1188,0.00416,1,1,participant_10,question_13,Timer-Correct,True,Question
0.0,0,8,1,0.10551,0.07288,0,0.63333,0.18241,0.21393,2688,748.97296,0,0.10674,0.07148,-0.06049,-0.06285,0.66671,0.2581,0.79812,21.76539,1,0.10182,0.08776,1.1188,0.00465,1,1,0.00359,-0.06859,0.6835,0.50893,0.81794,20.38532,1,0.1092,0.058,1.12779,0.00415,1,1,participant_10,question_13,Timer-Correct,True,Question
0.0,0,8,1,0.10068,0.05693,0,0.63333,0.18241,0.21393,2688,748.97296,0,0.10472,0.06663,-0.05842,-0.06076,0.64451,0.2581,0.79812,21.75444,1,0.09578,0.07278,1.13551,0.00467,1,1,0.00359,-0.06859,0.6835,0.50899,0.81789,20.30689,1,0.10558,0.04108,1.14449,0.00413,1,1,participant_10,question_13,Timer-Correct,True,Question
0.0,0,8,1,0.10583,0.05299,0,0.63333,0.18241,0.02032,2689,749.19324,1,0.10499,0.06322,-0.05842,-0.06076,0.64451,0.25806,0.79807,21.35527,1,0.09381,0.0757,1.15221,0.00467,1,1,0.00359,-0.06859,0.6835,0.50912,0.81761,19.95967,1,0.11786,0.03029,1.15221,0.00417,1,1,participant_10,question_13,Timer-Correct,True,Question
0.0,0,8,1,0.11561,0.03909,0,0.63333,0.18241,0.02679,2689,749.19324,1,0.10712,0.05839,-0.05842,-0.06076,0.64451,0.25811,0.79807,21.53815,1,0.11025,0.05432,1.15993,0.00466,1,1,0.00359,-0.06859,0.6835,0.50912,0.81762,19.93587,1,0.12097,0.02385,1.15993,0.00417,1,1,participant_10,question_13,Timer-Correct,True,Question
0.0,0,8,1,0.11442,0.03628,0,0.63333,0.18241,0.03381,2689,749.19324,1,0.10834,0.05471,-0.05842,-0.06076,0.64451,0.25819,0.79824,21.81861,1,0.10762,0.04743,1.16764,0.00465,1,1,0.00351,-0.06621,0.65981,0.5092,0.81771,20.15328,1,0.12122,0.02514,1.15866,0.00416,1,1,participant_10,question_13,Timer-Correct,True,Question
0.0,0,8,1,0.11465,0.03674,0,0.63333,0.18241,0.04041,2689,749.19324,1,0.10924,0.05214,-0.05842,-0.06076,0.64451,0.2583,0.79815,21.74696,1,0.12176,0.04006,1.15866,0.0047,1,1,0.00351,-0.06621,0.65981,0.50933,0.81776,20.37863,1,0.10753,0.03342,1.14967,0.0042,1,1,participant_10,question_13,Timer-Correct,True,Question
0.0,0,8,1,0.10586,0.02852,0,0.63333,0.18241,0.04767,2689,749.19324,1,0.10881,0.04919,-0.05842,-0.06076,0.64451,0.25837,0.79814,21.88066,1,0.1301,0.03436,1.14967,0.00471,1,1,0.00351,-0.06621,0.65981,0.5093,0.81769,20.20357,1,0.08163,0.02267,1.14068,0.00421,1,1,participant_10,question_13,Timer-Correct,True,Question
0.0,0,8,1,0.11057,0.04487,0,0.63333,0.18241,0.05432,2689,749.19324,1,0.10901,0.04871,-0.05757,-0.05987,0.63559,0.2583,0.79787,21.3905,1,0.1356,0.04972,1.13297,0.00469,1,1,0.00352,-0.06624,0.66056,0.50935,0.81775,20.56727,1,0.08554,0.04002,1.12398,0.00418,1,1,participant_10,question_13,Timer-Correct,True,Question
0.0,0,8,1,0.12148,0.07308,0,0.63333,0.18241,0.0611,2689,749.19324,1,0.11026,0.05115,-0.05757,-0.05987,0.63559,0.25863,0.79799,22.06472,1,0.14554,0.10494,1.11626,0.00474,1,1,0.00352,-0.06624,0.66056,0.50942,0.81735,19.56084,1,0.09741,0.04122,1.11626,0.00434,1,1,participant_10,question_13,Timer-Correct,True,Question
0.0,0,8,1,0.12158,0.07837,0,0.63333,0.18241,0.06775,2689,749.19324,1,0.11129,0.05362,-0.05757,-0.05987,0.63559,0.2588,0.7978,21.81603,1,0.13733,0.1244,1.10855,0.0047,1,1,0.00352,-0.06624,0.66056,0.50941,0.81736,19.54635,1,0.10582,0.03233,1.10855,0.00427,1,1,participant_10,question_13,Timer-Correct,True,Question
0.0,0,8,1,0.12158,0.07837,0,0.63333,0.18241,0.07465,2689,749.19324,1,0.11214,0.05568,-0.05946,-0.06189,0.657,0.2588,0.79797,22.08978,1,0.13733,0.1244,1.10855,0.00467,1,1,0.00358,-0.06562,0.6544,0.50952,0.81755,20.06701,1,0.10582,0.03233,1.10855,0.00424,1,1,participant_10,question_13,Timer-Correct,True,Question
0.0,0,8,1,0.11264,0.06672,0,0.63333,0.18241,0.08118,2689,749.19324,1,0.11218,0.05653,-0.05946,-0.06189,0.657,0.25892,0.79791,22.14359,1,0.10086,0.10719,1.11626,0.00473,1,1,0.00358,-0.06562,0.6544,0.50968,0.81755,20.25166,1,0.12443,0.02625,1.11626,0.00424,1,1,participant_10,question_13,Timer-Correct,True,Question
0.0,0,8,1,0.1142,0.05556,0,0.63333,0.18241,0.08789,2689,749.19324,1,0.11233,0.05646,-0.05946,-0.06189,0.657,0.25889,0.79786,22.00523,1,0.10341,0.09384,1.12398,0.0047,1,1,0.00358,-0.06562,0.6544,0.50969,0.81754,20.23557,1,0.125,0.01728,1.12398,0.00425,1,1,participant_10,question_13,Timer-Correct,True,Question
0.0,0,8,1,0.11329,0.05083,0,0.63333,0.18241,0.09467,2689,749.19324,1,0.11239,0.05609,-0.05759,-0.05994,0.63685,0.25899,0.79787,22.28525,1,0.10341,0.09384,1.12398,0.00473,1,1,0.00382,-0.06896,0.68773,0.50978,0.81732,19.936,1,0.12316,0.00782,1.13297,0.00428,1,1,participant_10,question_13,Timer-Correct,True,Question
0.0,0,8,1,0.1259,0.04305,0,0.63333,0.18241,0.10162,2689,749.19324,1,0.11323,0.05527,-0.05759,-0.05994,0.63685,0.25893,0.79757,21.38064,1,0.12232,0.08243,1.12525,0.00477,1,1,0.00382,-0.06896,0.68773,0.50981,0.81727,20.01384,1,0.12947,0.00366,1.13424,0.00429,1,1,participant_10,question_13,Timer-Correct,True,Question
0.0,0,8,1,0.13184,0.04578,0,0.63333,0.18241,0.10803,2689,749.19324,1,0.11433,0.05471,-0.05759,-0.05994,0.63685,0.25896,0.79754,21.38132,1,0.11871,0.08243,1.12652,0.00477,1,1,0.00382,-0.06896,0.68773,0.51002,0.81746,20.36917,1,0.14497,0.00912,1.13551,0.00425,1,1,participant_10,question_13,Timer-Correct,True,Question
0.0,0,8,1,0.1315,0.04454,0,0.63333,0.18241,0.11475,2689,749.19324,1,0.11528,0.05415,-0.05759,-0.05985,0.63685,0.25895,0.79733,20.96429,1,0.11827,0.08129,1.12779,0.00476,1,1,0.00382,-0.06896,0.68773,0.51003,0.81736,20.14769,1,0.14474,0.0078,1.13678,0.00436,1,1,participant_10,question_13,Timer-Correct,True,Question
0.0,0,8,1,0.12807,0.04308,0,0.63333,0.18241,0.12146,2689,749.19324,1,0.11596,0.05357,-0.05759,-0.05985,0.63685,0.25889,0.79738,20.93399,1,0.11654,0.07472,1.13678,0.00476,1,1,0.00382,-0.06896,0.68773,0.50985,0.81739,20.06227,1,0.1396,0.01144,1.13678,0.0043,1,1,participant_10,question_13,Timer-Correct,True,Question
0.0,0,8,1,0.09312,0.04326,0,0.63333,0.18241,0.12799,2689,749.19324,1,0.11481,0.05305,-0.05759,-0.05985,0.63685,0.25875,0.79738,21.08549,1,0.09078,0.07563,1.13678,0.00479,1,1,0.00382,-0.06896,0.68773,0.50958,0.81753,20.24089,1,0.09545,0.01089,1.13678,0.00434,1,1,participant_10,question_13,Timer-Correct,True,Question
0.0,0,8,1,0.09412,0.04799,0,0.63333,0.18241,0.13483,2689,749.19324,1,0.11383,0.05281,-0.05759,-0.0599,0.63685,0.2587,0.7973,21.37671,1,0.09078,0.07563,1.13678,0.00481,1,1,0.00361,-0.06601,0.65874,0.50934,0.81752,20.06651,1,0.09746,0.02034,1.12779,0.0043,1,1,participant_10,question_13,Timer-Correct,True,Question
0.0,0,8,1,0.08653,0.06974,0,0.63333,0.18241,0.14154,2689,749.19324,1,0.11259,0.05358,-0.05759,-0.0599,0.63685,0.25858,0.79719,21.4902,1,0.08669,0.08046,1.12779,0.00471,1,1,0.00361,-0.06601,0.65874,0.50918,0.81738,20.36744,1,0.08636,0.05903,1.1188,0.00434,1,1,participant_10,question_13,Timer-Correct,True,Question
0.0,0,8,1,0.08384,0.08338,0,0.63333,0.18241,0.14819,2689,749.19324,1,0.11134,0.05487,-0.05759,-0.0599,0.63685,0.25855,0.7973,21.35932,1,0.08383,0.087,1.1188,0.00476,1,1,0.00361,-0.06601,0.65874,0.50919,0.81737,20.41014,1,0.08385,0.07977,1.10982,0.00435,1,1,participant_10,question_13,Timer-Correct,True,Question
0.0,0,8,1,0.0852,0.08863,0,0.63333,0.18241,0.15491,2689,749.19324,1,0.11025,0.05628,-0.0593,-0.06158,0.65528,0.25848,0.7974,21.33409,1,0.0843,0.08814,1.11753,0.00477,1,1,0.00344,-0.0639,0.63777,0.50916,0.81702,20.0729,1,0.08609,0.08913,1.10056,0.00441,1,1,participant_10,question_13,Timer-Correct,True,Question
0.0,0,8,1,0.09697,0.0698,0,0.63333,0.18241,0.16162,2689,749.19324,1,0.10972,0.05682,-0.0593,-0.06158,0.65528,0.25835,0.79751,21.45584,1,0.10822,0.0814,1.10827,0.00479,1,1,0.00344,-0.0639,0.63777,0.50921,0.81704,20.01935,1,0.08573,0.0582,1.10029,0.0044,1,1,participant_10,question_13,Timer-Correct,True,Question
0.0,0,8,1,0.08791,0.07721,0,0.63333,0.18241,0.16931,2689,749.19324,1,0.10888,0.05761,-0.0593,-0.06158,0.65528,0.2584,0.79752,21.70893,1,0.10121,0.08944,1.108,0.0048,1,1,0.00344,-0.0639,0.63777,0.5092,0.81713,20.5172,1,0.07461,0.06498,1.10001,0.00435,1,1,participant_10,question_13,Timer-Correct,True,Question
0.0,0,8,1,0.08826,0.07616,0,0.63333,0.18241,0.17474,2689,749.19324,1,0.10812,0.05829,-0.05819,-0.06037,0.6424,0.25833,0.79735,21.68932,1,0.10414,0.09666,1.10001,0.00482,1,1,0.00359,-0.06845,0.68318,0.50915,0.81708,20.61776,1,0.07237,0.05566,1.109,0.00435,1,1,participant_10,question_13,Timer-Correct,True,Question
0.0,0,8,1,0.09793,0.04565,0,0.63333,0.18241,0.1814,2689,749.19324,1,0.10775,0.05784,-0.05819,-0.06037,0.6424,0.25823,0.79734,21.82343,1,0.12314,0.08467,1.10129,0.00481,1,1,0.00359,-0.06845,0.68318,0.50909,0.81701,20.64185,1,0.07272,0.00664,1.11826,0.00434,1,1,participant_10,question_13,Timer-Correct,True,Question
0.0,0,8,1,0.0986,0.06572,0,0.63333,0.18241,0.18805,2689,749.19324,1,0.10744,0.05811,-0.05819,-0.06037,0.6424,0.25801,0.79718,21.07406,1,0.1135,0.07941,1.11054,0.0048,1,1,0.00359,-0.06845,0.68318,0.50903,0.81698,20.63978,1,0.0837,0.05202,1.12752,0.00434,1,1,participant_10,question_13,Timer-Correct,True,Question
0.0,0,8,1,0.09692,0.06136,0,0.63333,0.18241,0.19501,2689,749.19324,1,0.10709,0.05822,-0.05819,-0.06037,0.6424,0.25806,0.79726,21.42106,1,0.11021,0.07097,1.1198,0.00478,1,1,0.00329,-0.06368,0.636,0.50883,0.81675,20.6582,1,0.08364,0.05175,1.12779,0.0043,1,1,participant_10,question_13,Timer-Correct,True,Question
0.0,0,8,1,0.10133,0.06147,0,0.63333,0.18241,0.20142,2689,749.19324,1,0.1069,0.05833,-0.05819,-0.06037,0.6424,0.25794,0.79724,21.65658,1,0.09641,0.06039,1.12779,0.00477,1,1,0.00329,-0.06368,0.636,0.50877,0.81674,20.47773,1,0.10625,0.06254,1.1188,0.00434,1,1,participant_10,question_13,Timer-Correct,True,Question
0.0,0,8,1,0.10082,0.05559,0,0.63333,0.18241,0.20807,2689,749.19324,1,0.10671,0.05824,-0.05819,-0.06037,0.6424,0.25791,0.79723,21.56202,1,0.0975,0.06685,1.1188,0.00477,1,1,0.00329,-0.06368,0.636,0.50872,0.81674,20.58495,1,0.10414,0.04434,1.10982,0.0043,1,1,participant_10,question_13,Timer-Correct,True,Question
0.0,0,8,1,0.09864,0.04834,0,0.63333,0.18241,0.21527,2689,749.19324,1,0.10647,0.05794,-0.06055,-0.06272,0.66744,0.25784,0.79713,21.41078,1,0.0948,0.06007,1.12621,0.00482,1,1,0.00329,-0.06368,0.636,0.50875,0.81679,20.73452,1,0.10248,0.03661,1.11723,0.00429,1,1,participant_10,question_13,Timer-Correct,True,Question
0.0,0,8,1,0.08635,0.03764,0,0.63333,0.18241,0.22198,2689,749.19324,1,0.10587,0.05734,-0.06055,-0.06272,0.66744,0.25776,0.79712,21.31344,1,0.08232,0.04456,1.13362,0.00483,1,1,0.00329,-0.06368,0.636,0.5088,0.81664,20.5231,1,0.09037,0.03073,1.13362,0.00434,1,1,participant_10,question_13,Timer-Correct,True,Question
0.0,0,8,1,0.09277,0.02757,0,0.63333,0.18241,0.22852,2689,749.19324,1,0.1055,0.05649,-0.06055,-0.06272,0.66744,0.25783,0.79718,21.62069,1,0.10592,0.046,1.15002,0.00481,1,1,0.00329,-0.06368,0.636,0.50872,0.81667,20.58587,1,0.07962,0.00914,1.15002,0.00428,1,1,participant_10,question_13,Timer-Correct,True,Question
0.0,0,8,1,0.09277,0.02757,0,0.63333,0.18241,0.23523,2689,749.19324,1,0.10515,0.05569,-0.05753,-0.05949,0.63308,0.25785,0.79725,21.68089,1,0.10592,0.046,1.15002,0.00482,1,1,0.00329,-0.06368,0.636,0.50857,0.81675,20.4699,1,0.07962,0.00914,1.15002,0.00435,1,1,participant_10,question_13,Timer-Correct,True,Question
0.0,0,8,1,0.0962,0.03461,0,0.63333,0.18241,0.24194,2689,749.19324,1,0.1049,0.05512,-0.05753,-0.05949,0.63308,0.25783,0.79725,21.62304,1,0.1095,0.04982,1.13362,0.00483,1,1,0.00329,-0.06368,0.636,0.50855,0.8167,20.63892,1,0.0829,0.01941,1.13362,0.00434,1,1,participant_10,question_13,Timer-Correct,True,Question
0.0,0,8,1,0.10375,0.04989,0,0.63333,0.18241,0.24866,2689,749.19324,1,0.10487,0.05498,-0.05753,-0.05949,0.63308,0.25781,0.79724,21.6752,1,0.12019,0.06387,1.11723,0.00484,1,1,0.00329,-0.06368,0.636,0.50854,0.81665,20.52313,1,0.0873,0.03592,1.11723,0.00435,1,1,participant_10,question_13,Timer-Correct,True,Question
0.0,0,8,1,0.10853,0.06601,0,0.63333,0.18241,0.25635,2689,749.19324,1,0.10497,0.05527,-0.05808,-0.06011,0.63915,0.25787,0.79714,21.78785,1,0.1259,0.07895,1.10083,0.00477,1,1,0.00329,-0.06363,0.636,0.50854,0.81675,20.42486,1,0.09116,0.05307,1.10083,0.00436,1,1,participant_10,question_13,Timer-Correct,True,Question
0.0,0,8,1,0.11187,0.08634,0,0.63333,0.18241,0.2627,2689,749.19324,1,0.10514,0.05604,-0.05808,-0.06011,0.63915,0.25781,0.79719,21.682,1,0.12511,0.1206,1.10083,0.00484,1,1,0.00329,-0.06363,0.636,0.50856,0.81676,20.41614,1,0.09863,0.05207,1.10083,0.00437,1,1,participant_10,question_13,Timer-Correct,True,Question
0.0,0,8,1,0.11407,0.07264,0,0.63333,0.18241,0.26917,2689,749.19324,1,0.10536,0.05645,-0.05808,-0.06011,0.63915,0.25784,0.79716,21.98035,1,0.12645,0.07275,1.10083,0.00484,1,1,0.00329,-0.06363,0.636,0.50854,0.81679,20.40605,1,0.10169,0.07253,1.10083,0.00439,1,1,participant_10,question_13,Timer-Correct,True,Question
0.0,0,8,1,0.11304,0.06804,0,0.63333,0.18241,0.27545,2689,749.19324,1,0.10554,0.05672,-0.05808,-0.06011,0.63915,0.25786,0.79717,21.72871,1,0.12645,0.07275,1.10083,0.00488,1,1,0.00352,-0.06702,0.67033,0.50857,0.81678,20.41867,1,0.09963,0.06332,1.10982,0.00438,1,1,participant_10,question_13,Timer-Correct,True,Question
0.0,0,8,1,0.10035,0.05302,0,0.63333,0.18241,0.28223,2689,749.19324,1,0.10542,0.05664,-0.05808,-0.06011,0.63915,0.25784,0.79704,21.6166,1,0.09699,0.06831,1.10982,0.00482,1,1,0.00352,-0.06702,0.67033,0.50875,0.81669,20.60205,1,0.1037,0.03773,1.11881,0.00436,1,1,participant_10,question_13,Timer-Correct,True,Question
0.0,0,8,1,0.10611,0.07332,0,0.63333,0.18241,0.28888,2689,749.19324,1,0.10544,0.05702,-0.05808,-0.06011,0.63915,0.25787,0.79703,21.61445,1,0.10209,0.11815,1.11881,0.00483,1,1,0.00352,-0.06702,0.67033,0.50881,0.8166,20.47343,1,0.11012,0.02848,1.12779,0.00434,1,1,participant_10,question_13,Timer-Correct,True,Question
0.0,0,8,1,0.10128,0.05736,0,0.63333,0.18241,0.29553,2689,749.19324,1,0.10534,0.05702,-0.05951,-0.0617,0.65653,0.2579,0.79715,21.77565,1,0.09602,0.10363,1.13551,0.00482,1,1,0.00352,-0.06702,0.67033,0.50881,0.81672,20.69364,1,0.10654,0.01108,1.1445,0.00436,1,1,participant_10,question_13,Timer-Correct,True,Question
0.0,0,8,1,0.0855,0.03216,0,0.63333,0.18241,0.30243,2689,749.19324,1,0.10491,0.05648,-0.05951,-0.0617,0.65653,0.25809,0.79711,21.9546,1,0.09341,0.06645,1.15221,0.00486,1,1,0.00352,-0.06702,0.67033,0.5089,0.81658,20.39375,1,0.0776,-0.00213,1.15221,0.00441,1,1,participant_10,question_13,Timer-Correct,True,Question
0.0,0,8,1,0.07847,0.01551,0,0.63333,0.18241,0.30896,2689,749.19324,1,0.10435,0.05561,-0.05951,-0.0617,0.65653,0.2581,0.79709,21.98882,1,0.09828,0.04972,1.15993,0.00489,1,1,0.00352,-0.06702,0.67033,0.50892,0.81654,20.32507,1,0.05866,-0.01871,1.15993,0.00441,1,1,participant_10,question_13,Timer-Correct,True,Other
0.0,0,8,1,0.07724,0.01008,0,0.63333,0.18241,0.31592,2689,749.19324,1,0.10378,0.05466,-0.05819,-0.06037,0.6424,0.25802,0.79691,21.54411,1,0.09828,0.04972,1.15993,0.00494,1,1,0.0037,-0.06947,0.69537,0.50891,0.81652,20.17883,1,0.0562,-0.02956,1.17011,0.0045,1,1,participant_10,question_13,Timer-Correct,True,Other
0.0,0,8,1,0.07205,0.04225,0,0.63333,0.18241,0.32288,2689,749.19324,1,0.10304,0.05408,-0.05819,-0.06037,0.6424,0.25845,0.79715,22.28792,1,0.07543,0.11939,1.1624,0.00493,1,1,0.0037,-0.06947,0.69537,0.50901,0.8165,20.22668,1,0.06868,-0.03488,1.17258,0.0045,1,1,participant_10,question_13,Timer-Correct,True,Question
0.0,0,8,1,0.08439,0.01657,0,0.63333,0.18241,0.32935,2689,749.19324,1,0.1026,0.05291,-0.05819,-0.06037,0.6424,0.25836,0.79719,22.18693,1,0.09197,0.05456,1.16487,0.00491,1,1,0.0037,-0.06947,0.69537,0.50906,0.8165,20.24705,1,0.07681,-0.02142,1.17505,0.00448,1,1,participant_10,question_13,Timer-Correct,True,Other
0.0,0,8,1,0.08585,0.02424,0,0.63333,0.18241,0.33582,2689,749.19324,1,0.10229,0.05223,-0.05819,-0.06037,0.6424,0.2585,0.79703,22.26423,1,0.0911,0.05236,1.16733,0.00484,1,1,0.00358,-0.06542,0.6544,0.50925,0.81673,20.8486,1,0.08061,-0.00389,1.15835,0.00441,1,1,participant_10,question_13,Timer-Correct,True,Other
0.0,0,8,1,0.08816,0.05121,0,0.63333,0.18241,0.34259,2689,749.19324,1,0.10192,0.05219,-0.05819,-0.06037,0.6424,0.25863,0.79686,21.82005,1,0.07747,0.07316,1.15835,0.00488,1,1,0.00358,-0.06542,0.6544,0.50949,0.81682,20.857,1,0.09886,0.02926,1.13918,0.00447,1,1,participant_10,question_13,Timer-Correct,True,Question
0.0,0,8,1,0.10307,0.08245,0,0.63333,0.18241,0.3501,2689,749.19324,1,0.10166,0.05309,-0.05819,-0.06037,0.6424,0.25864,0.79719,21.7172,1,0.09519,0.10916,1.13918,0.00493,1,1,0.00358,-0.06542,0.6544,0.50949,0.81684,20.58318,1,0.11096,0.05575,1.12,0.00448,1,1,participant_10,question_13,Timer-Correct,True,Question
0.0,0,8,1,0.10767,0.09592,0,0.63333,0.18241,0.35577,2689,749.19324,1,0.10152,0.05434,-0.05757,-0.05993,0.63768,0.25877,0.79733,22.08485,1,0.10215,0.12569,1.12,0.00493,1,1,0.00382,-0.06891,0.68773,0.50958,0.81702,21.06745,1,0.11318,0.06614,1.10982,0.00444,1,1,participant_10,question_13,Timer-Correct,True,Question
0.0,0,8,1,0.08032,0.07223,0,0.63333,0.18241,0.36255,2689,749.19324,1,0.1008,0.05508,-0.05757,-0.05993,0.63768,0.25909,0.79744,22.34769,1,0.08454,0.09555,1.10982,0.0049,1,1,0.00382,-0.06891,0.68773,0.50982,0.81698,20.80498,1,0.07609,0.04891,1.1188,0.0045,1,1,participant_10,question_13,Timer-Correct,True,Question
0.0,0,8,1,0.08198,0.08314,0,0.63333,0.18241,0.36884,2689,749.19324,1,0.1003,0.05621,-0.05757,-0.05993,0.63768,0.25915,0.79747,22.32312,1,0.09355,0.09958,1.1188,0.00486,1,1,0.00382,-0.06891,0.68773,0.50982,0.8171,20.70135,1,0.0704,0.0667,1.12779,0.00448,1,1,participant_10,question_13,Timer-Correct,True,Question
0.0,0,8,1,0.07921,0.07461,0,0.63333,0.18241,0.37549,2689,749.19324,1,0.09965,0.05683,-0.05757,-0.06002,0.63768,0.25917,0.79751,22.02141,1,0.09023,0.09161,1.12779,0.00499,1,1,0.00385,-0.06772,0.67585,0.50987,0.81717,20.64391,1,0.06819,0.05761,1.13678,0.00452,1,1,participant_10,question_13,Timer-Correct,True,Question
0.0,0,8,1,0.07851,0.06039,0,0.63333,0.18241,0.38232,2689,749.19324,1,0.09876,0.05657,-0.05757,-0.06002,0.63768,0.2593,0.79775,22.4179,1,0.07093,0.10921,1.13678,0.0049,1,1,0.00385,-0.06772,0.67585,0.51008,0.81751,21.2881,1,0.08608,0.01157,1.13678,0.00446,1,1,participant_10,question_13,Timer-Correct,True,Question
0.0,0,8,1,0.10292,0.06449,0,0.63333,0.18241,0.38892,2689,749.19324,1,0.09837,0.05628,-0.05757,-0.06002,0.63768,0.25947,0.79776,22.51693,1,0.09867,0.05185,1.13678,0.00489,1,1,0.00385,-0.06772,0.67585,0.51027,0.81747,21.08394,1,0.10716,0.07713,1.13678,0.00447,1,1,participant_10,question_13,Timer-Correct,True,Question
0.0,0,8,1,0.10292,0.06449,0,0.63333,0.18241,0.396,2689,749.19324,1,0.09798,0.05599,-0.05794,-0.06071,0.64393,0.2596,0.79795,22.24836,1,0.09867,0.05185,1.13678,0.00492,1,1,0.004,-0.06862,0.6838,0.51055,0.81736,21.06538,1,0.10716,0.07713,1.13678,0.00449,1,1,participant_10,question_13,Timer-Correct,True,Question
0.0,0,8,1,0.11352,0.04516,0,0.63333,0.18241,0.40265,2689,749.19324,1,0.098,0.05554,-0.05794,-0.06071,0.64393,0.25997,0.79777,22.04175,1,0.1125,0.06359,1.13678,0.00502,1,1,0.004,-0.06862,0.6838,0.51087,0.8175,20.8948,1,0.11455,0.02673,1.13678,0.0045,1,1,participant_10,question_13,Timer-Correct,True,Question
0.0,0,8,1,0.1153,0.03012,0,0.63333,0.18241,0.40912,2689,749.19324,1,0.09802,0.05501,-0.05794,-0.06071,0.64393,0.25999,0.79782,21.86527,1,0.11433,0.08418,1.13678,0.00504,1,1,0.004,-0.06862,0.6838,0.51083,0.81762,20.87041,1,0.11628,-0.02393,1.13678,0.00449,1,1,participant_10,question_13,Timer-Correct,True,Question
0.0,0,8,1,0.1141,0.02739,0,0.63333,0.18241,0.41577,2689,749.19324,1,0.09804,0.05452,-0.06042,-0.06336,0.67208,0.26003,0.79807,22.34468,1,0.11165,0.07734,1.14449,0.00507,1,1,0.00389,-0.06598,0.65648,0.51086,0.8177,20.89038,1,0.11654,-0.02255,1.13551,0.00454,1,1,participant_10,question_13,Timer-Correct,True,Question
0.0,0,8,1,0.11774,0.02715,0,0.63333,0.18241,0.42249,2689,749.19324,1,0.09787,0.05419,-0.06042,-0.06336,0.67208,0.26016,0.79831,22.45033,1,0.11526,0.0332,1.14322,0.00505,1,1,0.00389,-0.06598,0.65648,0.51087,0.81779,20.89376,1,0.12023,0.02111,1.13424,0.00454,1,1,participant_10,question_13,Timer-Correct,True,Question
0.0,0,8,1,0.12207,0.03554,0,0.63333,0.18241,0.4292,2689,749.19324,1,0.09766,0.05398,-0.06042,-0.06336,0.67208,0.2602,0.79841,22.41748,1,0.11887,0.04463,1.14195,0.00505,1,1,0.00389,-0.06598,0.65648,0.51088,0.81781,20.65483,1,0.12527,0.02645,1.13297,0.00455,1,1,participant_10,question_13,Timer-Correct,True,Question
0.0,0,8,1,0.12242,0.03678,0,0.63333,0.18241,0.43585,2689,749.19324,1,0.09747,0.05382,-0.06042,-0.06346,0.67208,0.2602,0.7984,22.22131,1,0.1193,0.04579,1.14068,0.00505,1,1,0.00405,-0.06703,0.66696,0.51102,0.81798,20.84265,1,0.12553,0.02776,1.13169,0.00451,1,1,participant_10,question_13,Timer-Correct,True,Question
0.0,0,8,1,0.12257,0.06999,0,0.63333,0.18241,0.44269,2689,749.19324,1,0.09736,0.05438,-0.06042,-0.06346,0.67208,0.26024,0.79848,22.47266,1,0.12819,0.0838,1.13169,0.00504,1,1,0.00405,-0.06703,0.66696,0.51114,0.81821,21.57665,1,0.11695,0.05618,1.13169,0.00449,1,1,participant_10,question_13,Timer-Correct,True,Question
0.0,0,8,1,0.12593,0.06757,0,0.63333,0.18241,0.44952,2689,749.19324,1,0.09804,0.05488,-0.06042,-0.06346,0.67208,0.26028,0.79898,23.03241,1,0.12814,0.08555,1.13169,0.00508,1,1,0.00405,-0.06703,0.66696,0.51107,0.81828,21.54877,1,0.12371,0.04958,1.13169,0.00453,1,1,participant_10,question_13,Timer-Correct,True,Question
0.0,0,8,1,0.12593,0.06757,0,0.63333,0.18241,0.45599,2689,749.19324,1,0.09871,0.05529,-0.06042,-0.06356,0.67208,0.26024,0.7986,22.32039,1,0.12814,0.08555,1.13169,0.00505,1,1,0.00405,-0.06703,0.66696,0.51111,0.81825,21.39121,1,0.12371,0.04958,1.13169,0.00454,1,1,participant_10,question_13,Timer-Correct,True,Question
0.0,0,8,1,0.12565,0.05657,0,0.63333,0.18241,0.46271,2689,749.19324,1,0.09952,0.05502,-0.06042,-0.06356,0.67208,0.26031,0.79925,23.20924,1,0.13137,0.05176,1.13169,0.00505,1,1,0.00405,-0.06703,0.66696,0.51109,0.8183,21.44406,1,0.11992,0.06137,1.13169,0.00454,1,1,participant_10,question_13,Timer-Correct,True,Question
0.0,0,8,1,0.12384,0.07283,0,0.63333,0.18241,0.46948,2689,749.19324,1,0.10035,0.0548,-0.06042,-0.06356,0.67208,0.26031,0.79929,23.2668,1,0.12089,0.0639,1.13169,0.00503,1,1,0.00405,-0.06703,0.66696,0.51103,0.81839,21.30624,1,0.1268,0.08175,1.13169,0.00454,1,1,participant_10,question_13,Timer-Correct,True,Question
0.0,0,8,1,0.12467,0.07675,0,0.63333,0.18241,0.47601,2689,749.19324,1,0.10118,0.05455,-0.06042,-0.06356,0.67208,0.26035,0.79874,22.55642,1,0.12089,0.0639,1.13169,0.00504,1,1,0.00385,-0.06459,0.6422,0.51099,0.81845,21.39803,1,0.12845,0.0896,1.12371,0.00449,1,1,participant_10,question_13,Timer-Correct,True,Question
0.0,0,8,1,0.14055,0.06314,0,0.63333,0.18241,0.48273,2689,749.19324,1,0.10208,0.05441,-0.06042,-0.06356,0.67208,0.26029,0.79938,23.26258,1,0.1562,0.04158,1.12371,0.00506,1,1,0.00385,-0.06459,0.6422,0.51105,0.81853,21.36414,1,0.1249,0.08469,1.11572,0.00453,1,1,participant_10,question_13,Timer-Correct,True,Question
0.0,0,8,1,0.1217,0.08549,0,0.63333,0.18241,0.4903,2689,749.19324,1,0.10279,0.05458,-0.06042,-0.06356,0.67208,0.26022,0.79945,23.20696,1,0.1292,0.05517,1.11572,0.00504,1,1,0.00385,-0.06459,0.6422,0.51102,0.81844,21.32498,1,0.11419,0.1158,1.10773,0.00456,1,1,participant_10,question_13,Timer-Correct,True,Question
0.0,0,8,1,0.12206,0.08482,0,0.63333,0.18241,0.49841,2689,749.19324,1,0.10349,0.05476,-0.06042,-0.06356,0.67208,0.26014,0.79927,22.72723,1,0.13192,0.06259,1.10773,0.00508,1,1,0.00397,-0.06825,0.67861,0.51092,0.81837,21.24655,1,0.1122,0.10705,1.11672,0.00452,1,1,participant_10,question_13,Timer-Correct,True,Question
0.0,0,8,1,0.12767,0.05396,0,0.63333,0.18241,0.50439,2689,749.19324,1,0.10411,0.05494,-0.06042,-0.06356,0.67208,0.26016,0.79958,23.17983,1,0.1528,0.04953,1.11672,0.0051,1,1,0.00397,-0.06825,0.67861,0.51083,0.81836,21.4065,1,0.10255,0.05839,1.13369,0.00452,1,1,participant_10,question_13,Timer-Correct,True,Question
0.0,0,8,1,0.1241,0.03992,0,0.63333,0.18241,0.51233,2689,749.19324,1,0.10464,0.0544,-0.06042,-0.06356,0.67208,0.25989,0.79906,22.10154,1,0.14602,0.036,1.13369,0.00514,1,1,0.00397,-0.06825,0.67861,0.51082,0.81827,21.54822,1,0.10217,0.04384,1.15067,0.00451,1,1,participant_10,question_13,Timer-Correct,True,Question
0.0,0,8,1,0.12258,0.03548,0,0.63333,0.18241,0.5166,2689,749.19324,1,0.10518,0.05386,-0.05869,-0.06174,0.65227,0.25992,0.79903,22.27449,1,0.14305,0.02738,1.14295,0.00511,1,1,0.0038,-0.06608,0.65752,0.51076,0.8183,21.53208,1,0.10211,0.04357,1.15094,0.00453,1,1,participant_10,question_13,Timer-Correct,True,Question
0.0,0,8,1,0.11398,0.05286,0,0.63333,0.18241,0.52319,2689,749.19324,1,0.10544,0.05368,-0.05869,-0.06174,0.65227,0.2606,0.79938,23.28137,1,0.1292,0.08363,1.14322,0.00518,1,1,0.0038,-0.06608,0.65752,0.51131,0.81789,20.9514,1,0.09876,0.02208,1.13424,0.00461,1,1,participant_10,question_13,Timer-Correct,True,Question
0.0,0,8,1,0.1695,0.06691,0,0.63333,0.18241,0.52997,2689,749.19324,1,0.10687,0.05392,-0.05869,-0.06174,0.65227,0.26178,0.79855,21.93152,1,0.18582,0.07503,1.12652,0.00527,1,1,0.0038,-0.06608,0.65752,0.51244,0.81767,20.80659,1,0.15319,0.05878,1.11753,0.00475,1,1,participant_10,question_13,Timer-Correct,True,Question
0.0,0,8,1,0.17083,0.07096,0,0.63333,0.18241,0.52997,2689,749.19324,0,0.13226,0.06331,-0.05823,-0.06178,0.6543,0.26248,0.79917,23.42546,1,0.18847,0.08315,1.11753,0.0053,1,1,0.00461,-0.06838,0.68242,0.51324,0.81734,20.93085,1,0.15319,0.05878,1.11753,0.00482,1,1,participant_10,question_13,Timer-Correct,True,Question
0.0,0,8,1,0.3094,0.02092,0,0.63333,0.18241,0.52997,2689,749.19324,0,0.22083,0.04211,-0.05823,-0.06178,0.6543,0.26591,0.79786,22.42284,1,0.31641,0.02937,1.12525,0.00541,1,1,0.00461,-0.06838,0.68242,0.51667,0.81664,20.87433,1,0.30238,0.01247,1.13424,0.00487,1,1,participant_10,question_13,Timer-Correct,True,Other
0.0,0,8,1,0.37175,0.0094,0,0.63333,0.18241,0.52997,2689,749.19324,0,0.27113,0.03121,-0.05823,-0.06178,0.6543,0.26811,0.79763,22.45032,1,0.3726,0.0057,1.14195,0.0054,1,1,0.00461,-0.06838,0.68242,0.51862,0.81658,21.02411,1,0.37089,0.01309,1.15094,0.00484,1,1,participant_10,question_13,Timer-Correct,True,Other
0.0,0,8,1,0.36954,-0.0152,0,0.63333,0.18241,0.52997,2689,749.19324,0,0.35023,0.00504,-0.06019,-0.06468,0.68603,0.26866,0.79791,22.91505,1,0.36883,-0.01847,1.16734,0.00537,1,1,0.00548,-0.0678,0.67666,0.51957,0.81648,21.39382,1,0.37026,-0.01194,1.17632,0.00472,1,1,participant_10,question_13,Timer-Correct,True,Other
0.0,0,8,1,0.45313,-0.00312,0,0.63333,0.18241,0.52997,2689,749.19324,0,0.40168,0.00096,-0.06019,-0.06468,0.68603,0.27095,0.79785,23.3692,1,0.46521,0.01343,1.185,0.00533,1,1,0.00548,-0.0678,0.67666,0.5215,0.81651,21.40912,1,0.44106,-0.01967,1.185,0.0047,1,1,participant_10,question_13,Timer-Correct,True,Other
0.0,0,8,1,0.46611,-0.01963,0,0.63333,0.18241,0.52997,2689,749.19324,0,0.42316,-0.0059,-0.06019,-0.06468,0.68603,0.27123,0.79773,23.23387,1,0.48324,-0.01412,1.19368,0.00535,1,1,0.00548,-0.0678,0.67666,0.52155,0.8165,21.30571,1,0.44897,-0.02514,1.19368,0.00481,1,1,participant_10,question_13,Timer-Correct,True,Other
0.0,0,8,1,0.46582,-0.02351,0,0.63333,0.18241,0.52997,2689,749.19324,0,0.46169,-0.01542,-0.05918,-0.06371,0.67686,0.27142,0.79774,23.70411,1,0.48268,-0.02218,1.20236,0.00534,1,1,0.00548,-0.06601,0.6588,0.5217,0.81629,21.15334,1,0.44897,-0.02484,1.19338,0.00484,1,1,participant_10,question_13,Timer-Correct,True,Other
0.0,0,8,1,0.46554,-0.0283,0,0.63333,0.18241,0.52997,2689,749.19324,0,0.46361,-0.02186,-0.05918,-0.06371,0.67686,0.27139,0.79761,23.36802,1,0.48456,-0.00549,1.19338,0.00532,1,1,0.00548,-0.06601,0.6588,0.52175,0.81631,21.66192,1,0.44651,-0.05112,1.18439,0.00474,1,1,participant_10,question_13,Timer-Correct,True,Other
0.0,0,8,1,0.46597,-0.01583,0,0.63333,0.18241,0.52997,2689,749.19324,0,0.4644,-0.01985,-0.05843,-0.06301,0.66891,0.27136,0.79748,23.06553,1,0.48568,0.01078,1.17571,0.00533,1,1,0.00573,-0.06831,0.68173,0.52174,0.81631,21.65214,1,0.44627,-0.04245,1.17571,0.00474,1,1,participant_10,question_13,Timer-Correct,True,Other
0.0,0,8,1,0.45078,0.02191,0,0.63333,0.18241,0.02625,2690,749.77209,1,0.461,-0.00941,-0.05843,-0.06301,0.66891,0.27133,0.79736,22.95668,1,0.44667,0.03156,1.16703,0.00526,1,1,0.00573,-0.06831,0.68173,0.52184,0.81604,21.7069,1,0.4549,0.01225,1.16703,0.00456,1,1,participant_10,question_13,Timer-Correct,True,Other
0.0,0,8,1,0.45988,0.01546,0,0.63333,0.18241,0.03308,2690,749.77209,1,0.46077,-0.00444,-0.05843,-0.06301,0.66891,0.27138,0.79731,22.99352,1,0.49082,0.03746,1.15835,0.0052,1,1,0.00573,-0.06831,0.68173,0.52188,0.81585,21.08488,1,0.42894,-0.00653,1.16734,0.00462,1,1,participant_10,question_13,Timer-Correct,True,Other
0.0,0,8,1,0.45946,-0.00233,0,0.63333,0.18241,0.04089,2690,749.77209,1,0.46055,-0.00409,-0.06134,-0.06609,0.70218,0.27145,0.79726,23.26739,1,0.48968,0.02029,1.17717,0.0052,1,1,0.00578,-0.06776,0.67676,0.52187,0.8158,20.97447,1,0.42924,-0.02494,1.18616,0.00462,1,1,participant_10,question_13,Timer-Correct,True,Other
0.0,0,8,1,0.46956,-0.05669,0,0.63333,0.18241,0.04742,2690,749.77209,1,0.46184,-0.0116,-0.06134,-0.06609,0.70218,0.2715,0.79723,23.24144,1,0.49606,-0.04951,1.20468,0.00521,1,1,0.00578,-0.06776,0.67676,0.5219,0.81583,20.93827,1,0.44306,-0.06386,1.20468,0.00463,1,1,participant_10,question_13,Timer-Correct,True,Other
0.0,0,8,1,0.45346,-0.03878,0,0.63333,0.18241,0.0545,2690,749.77209,1,0.46079,-0.015,-0.06134,-0.06609,0.70218,0.27157,0.79707,23.20975,1,0.46221,-0.06425,1.2232,0.00525,1,1,0.00578,-0.06776,0.67676,0.52204,0.81578,20.94618,1,0.44472,-0.01332,1.2232,0.00465,1,1,participant_10,question_13,Timer-Correct,True,Other
0.0,0,8,1,0.45313,-0.04275,0,0.63333,0.18241,0.06183,2690,749.77209,1,0.45994,-0.01808,-0.05891,-0.06343,0.67495,0.27165,0.79706,23.3962,1,0.46154,-0.07247,1.23188,0.00519,1,1,0.00571,-0.06613,0.66193,0.52211,0.81584,20.99824,1,0.44471,-0.01303,1.22289,0.00465,1,1,participant_10,question_13,Timer-Correct,True,Other
0.0,0,8,1,0.44534,0.00745,0,0.63333,0.18241,0.06885,2690,749.77209,1,0.45848,-0.01553,-0.05891,-0.06343,0.67495,0.27166,0.79695,23.6132,1,0.43194,0.02699,1.21305,0.00516,1,1,0.00571,-0.06613,0.66193,0.52228,0.81583,21.32149,1,0.45874,-0.01209,1.20407,0.00464,1,1,participant_10,question_13,Timer-Correct,True,Other
0.0,0,8,1,0.43362,0.01497,0,0.63333,0.18241,0.0752,2690,749.77209,1,0.45622,-0.01276,-0.05891,-0.06343,0.67495,0.27167,0.79678,23.24898,1,0.43828,0.03302,1.19423,0.00517,1,1,0.00571,-0.06613,0.66193,0.52221,0.81562,21.36297,1,0.42896,-0.00309,1.18524,0.00458,1,1,participant_10,question_13,Timer-Correct,True,Other
0.0,0,8,1,0.43406,0.01896,0,0.63333,0.18241,0.07806,2690,749.77209,1,0.45437,-0.01011,-0.06113,-0.06583,0.70101,0.27167,0.79668,23.43958,1,0.43915,0.041,1.18524,0.0052,1,1,0.00584,-0.06709,0.67156,0.52229,0.8155,21.47017,1,0.42896,-0.00309,1.18524,0.00455,1,1,participant_10,question_13,Timer-Correct,True,Other
0.0,0,8,1,0.43467,-0.00488,0,0.63333,0.18241,0.08459,2690,749.77209,1,0.45286,-0.00971,-0.06113,-0.06583,0.70101,0.27171,0.79643,23.42554,1,0.43605,0.00684,1.19508,0.00515,1,1,0.00584,-0.06709,0.67156,0.52228,0.81543,21.39654,1,0.4333,-0.01661,1.20407,0.00456,1,1,participant_10,question_13,Timer-Correct,True,Other
0.0,0,8,1,0.44038,-0.05784,0,0.63333,0.18241,0.09174,2690,749.77209,1,0.45197,-0.01315,-0.06113,-0.06583,0.70101,0.27182,0.79615,23.23981,1,0.44031,-0.03292,1.2139,0.00511,1,1,0.00584,-0.06709,0.67156,0.52231,0.81537,21.40928,1,0.44044,-0.08277,1.22289,0.0045,1,1,participant_10,question_13,Timer-Correct,True,Other
0.0,0,8,1,0.43962,-0.07147,0,0.63333,0.18241,0.09851,2690,749.77209,1,0.45114,-0.01704,-0.06185,-0.06644,0.70928,0.27168,0.79627,23.54224,1,0.43857,-0.05039,1.23273,0.00516,1,1,0.00571,-0.06613,0.66193,0.5223,0.81537,21.6217,1,0.44068,-0.09256,1.23273,0.00448,1,1,participant_10,question_13,Timer-Correct,True,Other
0.0,0,8,1,0.44014,-0.09067,0,0.63333,0.18241,0.10516,2690,749.77209,1,0.45046,-0.02164,-0.06185,-0.06644,0.70928,0.27166,0.79612,23.4416,1,0.43714,-0.07699,1.23273,0.00521,1,1,0.00571,-0.06613,0.66193,0.52233,0.8153,21.62173,1,0.44314,-0.10434,1.22374,0.00451,1,1,participant_10,question_13,Timer-Correct,True,Other
0.0,0,8,1,0.42735,-0.08513,0,0.63333,0.18241,0.11188,2690,749.77209,1,0.4491,-0.02537,-0.06185,-0.06644,0.70928,0.27167,0.79612,23.24463,1,0.42519,-0.08207,1.22374,0.00518,1,1,0.00571,-0.06613,0.66193,0.52236,0.81502,21.13227,1,0.42951,-0.08818,1.21476,0.00457,1,1,participant_10,question_13,Timer-Correct,True,Other
0.0,0,8,1,0.42773,-0.07628,0,0.63333,0.18241,0.11865,2690,749.77209,1,0.44791,-0.0282,-0.06185,-0.06644,0.70928,0.27163,0.79606,23.57492,1,0.4261,-0.07344,1.21476,0.00519,1,1,0.00558,-0.06455,0.64659,0.52218,0.81498,21.11279,1,0.42936,-0.07912,1.20577,0.00457,1,1,participant_10,question_13,Timer-Correct,True,Other
0.0,0,8,1,0.44328,-0.02555,0,0.63333,0.18241,0.12585,2690,749.77209,1,0.44767,-0.02806,-0.06185,-0.06644,0.70928,0.27151,0.79586,23.22763,1,0.42443,-0.00161,1.20577,0.00521,1,1,0.00558,-0.06455,0.64659,0.52215,0.81494,21.22502,1,0.46213,-0.0495,1.20577,0.00458,1,1,participant_10,question_13,Timer-Correct,True,Other
0.0,0,8,1,0.45303,-0.00705,0,0.63333,0.18241,0.13196,2690,749.77209,1,0.44793,-0.02701,-0.06185,-0.06644,0.70928,0.2714,0.79574,22.91305,1,0.45023,-0.02211,1.20577,0.00527,1,1,0.00558,-0.06455,0.64659,0.52221,0.81492,21.18288,1,0.45583,0.008,1.20577,0.00465,1,1,participant_10,question_13,Timer-Correct,True,Other
0.0,0,8,1,0.45353,0.01012,0,0.63333,0.18241,0.13867,2690,749.77209,1,0.4482,-0.02524,-0.05843,-0.06266,0.66891,0.2714,0.79584,23.14965,1,0.45183,-0.00497,1.18725,0.00524,1,1,0.00558,-0.06455,0.64659,0.52218,0.81495,21.12498,1,0.45522,0.02522,1.18725,0.00469,1,1,participant_10,question_13,Timer-Correct,True,Other
0.0,0,8,1,0.46177,0.03208,0,0.63333,0.18241,0.14667,2690,749.77209,1,0.44882,-0.02264,-0.05843,-0.06266,0.66891,0.27127,0.79578,23.02407,1,0.47831,0.02508,1.16873,0.00524,1,1,0.00558,-0.06455,0.64659,0.52206,0.81487,21.11108,1,0.44524,0.03908,1.16873,0.00464,1,1,participant_10,question_13,Timer-Correct,True,Question
0.0,0,8,1,0.45848,0.02337,0,0.63333,0.18241,0.15198,2690,749.77209,1,0.44924,-0.02064,-0.05843,-0.06266,0.66891,0.2713,0.79574,22.99548,1,0.47062,0.03974,1.15021,0.00519,1,1,0.00558,-0.06455,0.64659,0.52198,0.81489,21.04007,1,0.44634,0.00701,1.15021,0.00458,1,1,participant_10,question_13,Timer-Correct,True,Other
0.0,0,8,1,0.45872,0.03269,0,0.63333,0.18241,0.15918,2690,749.77209,1,0.44963,-0.01842,-0.05999,-0.06428,0.68619,0.27132,0.79577,23.07167,1,0.47136,0.04876,1.14037,0.00519,1,1,0.00571,-0.06608,0.66245,0.52199,0.81488,21.04705,1,0.44607,0.01662,1.14037,0.00458,1,1,participant_10,question_13,Timer-Correct,True,Question
0.0,0,8,1,0.44757,0.04163,0,0.63333,0.18241,0.16565,2690,749.77209,1,0.44955,-0.01601,-0.05999,-0.06428,0.68619,0.27105,0.79587,22.9482,1,0.46282,0.09585,1.14906,0.00527,1,1,0.00571,-0.06608,0.66245,0.52188,0.81487,21.04708,1,0.43232,-0.0126,1.14906,0.00459,1,1,participant_10,question_13,Timer-Correct,True,Question
0.0,0,8,1,0.4467,0.01929,0,0.63333,0.18241,0.17249,2690,749.77209,1,0.44944,-0.01466,-0.05999,-0.06428,0.68619,0.27102,0.7959,22.95842,1,0.46503,0.04451,1.15774,0.00525,1,1,0.00571,-0.06608,0.66245,0.52188,0.81487,21.02435,1,0.42836,-0.00593,1.15774,0.00461,1,1,participant_10,question_13,Timer-Correct,True,Other
0.0,0,8,1,0.44611,0.00178,0,0.63333,0.18241,0.17889,2690,749.77209,1,0.44932,-0.01405,-0.06273,-0.06715,0.71685,0.27096,0.79603,23.2295,1,0.46356,0.02773,1.17625,0.00521,1,1,0.00563,-0.06618,0.66398,0.52188,0.81484,21.13336,1,0.42865,-0.02418,1.17625,0.00461,1,1,participant_10,question_13,Timer-Correct,True,Other
0.0,0,8,1,0.42893,-0.0388,0,0.63333,0.18241,0.18597,2690,749.77209,1,0.44859,-0.01493,-0.06273,-0.06715,0.71685,0.27089,0.79596,23.16695,1,0.43442,-0.03862,1.18609,0.00521,1,1,0.00563,-0.06618,0.66398,0.52183,0.81491,21.0339,1,0.42343,-0.03898,1.18609,0.00459,1,1,participant_10,question_13,Timer-Correct,True,Other
0.0,0,8,1,0.44617,-0.03494,0,0.63333,0.18241,0.19305,2690,749.77209,1,0.44851,-0.01562,-0.06273,-0.06715,0.71685,0.27065,0.79595,22.90329,1,0.45638,-0.02616,1.19593,0.00526,1,1,0.00563,-0.06618,0.66398,0.52172,0.81487,21.01343,1,0.43597,-0.04373,1.19593,0.00457,1,1,participant_10,question_13,Timer-Correct,True,Other
0.0,0,8,1,0.44637,-0.04438,0,0.63333,0.18241,0.19897,2690,749.77209,1,0.44843,-0.01658,-0.05927,-0.06333,0.67557,0.27049,0.796,23.26978,1,0.45638,-0.02616,1.19593,0.00517,1,1,0.00569,-0.06938,0.69607,0.52141,0.81499,21.25187,1,0.43637,-0.06261,1.2151,0.00469,1,1,participant_10,question_13,Timer-Correct,True,Other
0.0,0,8,1,0.41148,-0.03071,0,0.63333,0.18241,0.20593,2690,749.77209,1,0.44724,-0.01704,-0.05927,-0.06333,0.67557,0.26948,0.79603,23.19348,1,0.41514,-0.0508,1.20526,0.00521,1,1,0.00569,-0.06938,0.69607,0.52036,0.81487,21.04916,1,0.40783,-0.01062,1.22444,0.00462,1,1,participant_10,question_13,Timer-Correct,True,Other
0.0,0,8,1,0.38373,-0.00017,0,0.63333,0.18241,0.2124,2690,749.77209,1,0.44526,-0.01651,-0.05927,-0.06333,0.67557,0.26931,0.79598,23.07537,1,0.38205,0.02412,1.2146,0.00519,1,1,0.00569,-0.06938,0.69607,0.52005,0.81499,20.95128,1,0.38541,-0.02446,1.23377,0.00464,1,1,participant_10,question_13,Timer-Correct,True,Other
0.0,0,8,1,0.38317,0.00038,0,0.63333,0.18241,0.21881,2690,749.77209,1,0.44338,-0.016,-0.05944,-0.06331,0.67641,0.26894,0.79615,22.8493,1,0.3808,0.01591,1.22393,0.00519,1,1,0.00524,-0.06512,0.65287,0.5199,0.8149,20.8788,1,0.38554,-0.01514,1.22393,0.00466,1,1,participant_10,question_13,Timer-Correct,True,Other
0.0,0,8,1,0.37576,-0.02749,0,0.63333,0.18241,0.2254,2690,749.77209,1,0.44139,-0.01633,-0.05944,-0.06331,0.67641,0.26881,0.79593,22.70439,1,0.36761,-0.0057,1.22393,0.00518,1,1,0.00524,-0.06512,0.65287,0.51974,0.81491,20.96735,1,0.38391,-0.04928,1.20476,0.00457,1,1,participant_10,question_13,Timer-Correct,True,Other
0.0,0,8,1,0.38753,-0.03711,0,0.63333,0.18241,0.2326,2690,749.77209,1,0.43985,-0.01693,-0.05944,-0.06331,0.67641,0.2687,0.7962,23.14165,1,0.39175,-0.04823,1.20476,0.00517,1,1,0.00524,-0.06512,0.65287,0.51972,0.81491,20.98496,1,0.3833,-0.026,1.18559,0.00456,1,1,participant_10,question_13,Timer-Correct,True,Other
0.0,0,8,1,0.38875,-0.02803,0,0.63333,0.18241,0.2392,2690,749.77209,1,0.43843,-0.01724,-0.06056,-0.06433,0.68673,0.26873,0.79622,23.23359,1,0.39419,-0.03006,1.18559,0.00516,1,1,0.00543,-0.06886,0.6898,0.51973,0.81491,20.99892,1,0.3833,-0.026,1.18559,0.00455,1,1,participant_10,question_13,Timer-Correct,True,Other
0.0,0,8,1,0.39198,-0.02508,0,0.63333,0.18241,0.2392,2690,749.77209,0,0.41139,-0.02044,-0.06056,-0.06433,0.68673,0.2686,0.79618,22.86763,1,0.41494,-0.00533,1.18559,0.00517,1,1,0.00543,-0.06886,0.6898,0.51969,0.81498,20.90797,1,0.36901,-0.04483,1.20476,0.00456,1,1,participant_10,question_13,Timer-Correct,True,Other
0.0,0,8,1,0.38311,-0.08389,0,0.63333,0.18241,0.2392,2690,749.77209,0,0.39725,-0.05216,-0.06056,-0.06433,0.68673,0.26851,0.79625,22.82955,1,0.39976,-0.03,1.20476,0.00513,1,1,0.00543,-0.06886,0.6898,0.51955,0.81501,20.75338,1,0.36647,-0.13778,1.22393,0.00456,1,1,participant_10,question_13,Timer-Correct,True,Other
0.0,0,8,1,0.38195,-0.09282,0,0.63333,0.18241,0.2392,2690,749.77209,0,0.39215,-0.06572,-0.06056,-0.06443,0.68673,0.26845,0.79627,22.87617,1,0.39743,-0.04787,1.22393,0.00511,1,1,0.00509,-0.06573,0.65846,0.51952,0.81498,20.77879,1,0.36647,-0.13778,1.22393,0.00455,1,1,participant_10,question_13,Timer-Correct,True,Other
0.0,0,8,1,0.37439,-0.04974,0,0.63333,0.18241,0.0202,2691,750.01801,1,0.38771,-0.06172,-0.06056,-0.06443,0.68673,0.26816,0.79648,23.01456,1,0.37588,-0.00678,1.22393,0.00508,1,1,0.00509,-0.06573,0.65846,0.51931,0.81525,21.41624,1,0.3729,-0.0927,1.20476,0.00453,1,1,participant_10,question_13,Timer-Correct,True,Other
0.0,0,8,1,0.3865,-0.03058,0,0.63333,0.18241,0.02673,2691,750.01801,1,0.38747,-0.05549,-0.06056,-0.06443,0.68673,0.2681,0.79658,22.84519,1,0.40144,0.00977,1.20476,0.00511,1,1,0.00509,-0.06573,0.65846,0.51921,0.81531,21.34013,1,0.37157,-0.07092,1.18559,0.00448,1,1,participant_10,question_13,Timer-Correct,True,Other
0.0,0,8,1,0.38788,-0.01209,0,0.63333,0.18241,0.03351,2691,750.01801,1,0.38754,-0.04826,-0.06061,-0.06427,0.68504,0.26812,0.79663,22.93917,1,0.40377,0.02701,1.18559,0.00507,1,1,0.00515,-0.0666,0.66665,0.5191,0.81531,21.17003,1,0.372,-0.05119,1.16642,0.00451,1,1,participant_10,question_13,Timer-Correct,True,Other
0.0,0,8,1,0.3989,-0.00832,0,0.63333,0.18241,0.04028,2691,750.01801,1,0.38916,-0.04255,-0.06061,-0.06427,0.68504,0.2679,0.79672,22.76027,1,0.42135,0.02051,1.16642,0.00509,1,1,0.00515,-0.0666,0.66665,0.51892,0.81525,21.0848,1,0.37646,-0.03715,1.16642,0.00448,1,1,participant_10,question_13,Timer-Correct,True,Other
0.0,0,8,1,0.38691,-0.00143,0,0.63333,0.18241,0.04681,2691,750.01801,1,0.38888,-0.03741,-0.06061,-0.06427,0.68504,0.26767,0.79696,22.56409,1,0.40483,0.03576,1.16642,0.00505,1,1,0.00515,-0.0666,0.66665,0.51886,0.81529,21.15611,1,0.36899,-0.03862,1.16642,0.00442,1,1,participant_10,question_13,Timer-Correct,True,Other
0.0,0,8,1,0.38744,0.00235,0,0.63333,0.18241,0.05457,2691,750.01801,1,0.38872,-0.033,-0.05807,-0.06157,0.65573,0.2676,0.79694,22.43925,1,0.4059,0.04363,1.15774,0.00507,1,1,0.00508,-0.06763,0.677,0.51879,0.81552,21.52689,1,0.36898,-0.03893,1.16672,0.00445,1,1,participant_10,question_13,Timer-Correct,True,Other
0.0,0,8,1,0.39881,0.00448,0,0.63333,0.18241,0.06018,2691,750.01801,1,0.38973,-0.02925,-0.05807,-0.06157,0.65573,0.26732,0.79728,22.48846,1,0.41452,0.01399,1.15804,0.00505,1,1,0.00508,-0.06763,0.677,0.51851,0.81562,21.11538,1,0.3831,-0.00504,1.16703,0.00447,1,1,participant_10,question_13,Timer-Correct,True,Other
0.0,0,8,1,0.38908,0.02341,0,0.63333,0.18241,0.06696,2691,750.01801,1,0.38967,-0.02446,-0.05807,-0.06157,0.65573,0.26726,0.79742,22.34263,1,0.39963,0.04677,1.15835,0.0051,1,1,0.00508,-0.06763,0.677,0.51843,0.81559,21.0534,1,0.37853,4e-05,1.16734,0.00443,1,1,participant_10,question_13,Timer-Correct,True,Other
0.0,0,8,1,0.38851,0.01935,0,0.63333,0.18241,0.07343,2691,750.01801,1,0.38957,-0.02081,-0.06179,-0.06551,0.696,0.26717,0.79743,22.19161,1,0.39848,0.03865,1.16734,0.00507,1,1,0.00488,-0.06571,0.6578,0.51837,0.81569,21.3008,1,0.37853,4e-05,1.16734,0.0045,1,1,participant_10,question_13,Timer-Correct,True,Other
0.0,0,8,1,0.40301,0.02278,0,0.63333,0.18241,0.07996,2691,750.01801,1,0.39061,-0.01746,-0.06179,-0.06551,0.696,0.26697,0.79757,22.34095,1,0.41636,0.05666,1.17602,0.00501,1,1,0.00488,-0.06571,0.6578,0.51826,0.81575,20.99719,1,0.38967,-0.0111,1.16703,0.00446,1,1,participant_10,question_13,Timer-Correct,True,Other
0.0,0,8,1,0.42081,0.04274,0,0.63333,0.18241,0.08685,2691,750.01801,1,0.39276,-0.01316,-0.06179,-0.06551,0.696,0.2669,0.79766,22.20068,1,0.43845,0.07298,1.17571,0.00502,1,1,0.00488,-0.06571,0.6578,0.51807,0.81573,21.00337,1,0.40316,0.0125,1.16672,0.00445,1,1,participant_10,question_13,Timer-Correct,True,Question
0.0,0,8,1,0.42081,0.03868,0,0.63333,0.18241,0.09314,2691,750.01801,1,0.39463,-0.0097,-0.05975,-0.0634,0.67299,0.26693,0.79753,21.94004,1,0.43848,0.07325,1.1754,0.00495,1,1,0.00488,-0.06779,0.67863,0.51814,0.81569,21.04675,1,0.40314,0.00411,1.1754,0.00439,1,1,participant_10,question_13,Timer-Correct,True,Question
0.0,0,8,1,0.40128,0.0001,0,0.63333,0.18241,0.09955,2691,750.01801,1,0.39505,-0.00909,-0.05975,-0.0634,0.67299,0.26665,0.7979,22.28727,1,0.41497,0.01084,1.1754,0.00498,1,1,0.00488,-0.06779,0.67863,0.51787,0.81572,20.8095,1,0.38759,-0.01064,1.18439,0.00447,1,1,participant_10,question_13,Timer-Correct,True,Other
0.0,0,8,1,0.39434,0.00809,0,0.63333,0.18241,0.10626,2691,750.01801,1,0.39501,-0.00808,-0.05975,-0.0634,0.67299,0.26654,0.79796,22.07129,1,0.40384,0.03207,1.18439,0.00497,1,1,0.00488,-0.06779,0.67863,0.51779,0.81574,20.71489,1,0.38485,-0.01589,1.19338,0.00443,1,1,participant_10,question_13,Timer-Correct,True,Other
0.0,0,8,1,0.3938,0.00406,0,0.63333,0.18241,0.11298,2691,750.01801,1,0.39494,-0.0074,-0.06046,-0.06394,0.67877,0.26672,0.79761,21.7209,1,0.40274,0.02402,1.19338,0.0049,1,1,0.00469,-0.06577,0.65836,0.51778,0.81577,20.79112,1,0.38485,-0.01589,1.19338,0.00443,1,1,participant_10,question_13,Timer-Correct,True,Other
0.0,0,8,1,0.40227,-0.02213,0,0.63333,0.18241,0.11969,2691,750.01801,1,0.39533,-0.00818,-0.06046,-0.06394,0.67877,0.26649,0.79773,21.70979,1,0.43042,-0.03106,1.19338,0.0049,1,1,0.00469,-0.06577,0.65836,0.51769,0.81574,20.73758,1,0.37413,-0.01321,1.18439,0.00442,1,1,participant_10,question_13,Timer-Correct,True,Other
0.0,0,8,1,0.39276,-0.0179,0,0.63333,0.18241,0.12659,2691,750.01801,1,0.3952,-0.00867,-0.06046,-0.06394,0.67877,0.26631,0.79804,21.94717,1,0.41408,-0.02831,1.18439,0.00498,1,1,0.00469,-0.06577,0.65836,0.51762,0.81577,20.82878,1,0.37144,-0.00748,1.1754,0.00438,1,1,participant_10,question_13,Timer-Correct,True,Other
0.0,0,8,1,0.39338,-0.00923,0,0.63333,0.18241,0.13379,2691,750.01801,1,0.39511,-0.00869,-0.06046,-0.06394,0.67877,0.26646,0.79773,21.62848,1,0.41511,-0.0198,1.1754,0.00492,1,1,0.00469,-0.06577,0.65836,0.51763,0.81575,20.92946,1,0.37165,0.00135,1.16642,0.00438,1,1,participant_10,question_13,Timer-Correct,True,Other
0.0,0,8,1,0.4054,-0.00069,0,0.63333,0.18241,0.13977,2691,750.01801,1,0.39558,-0.00833,-0.06046,-0.06394,0.67877,0.26644,0.79779,21.57932,1,0.44881,-0.00013,1.16642,0.00489,1,1,0.00469,-0.06577,0.65836,0.51756,0.81573,20.98203,1,0.362,-0.00124,1.16642,0.00435,1,1,participant_10,question_13,Timer-Correct,True,Other
0.0,0,8,1,0.4088,-0.00326,0,0.63333,0.18241,0.14697,2691,750.01801,1,0.39615,-0.00811,-0.06046,-0.06394,0.67877,0.26636,0.79776,21.23377,1,0.44807,-0.00329,1.16642,0.00488,1,1,0.00469,-0.06577,0.65836,0.51756,0.81573,20.98203,1,0.36953,-0.00322,1.16642,0.00435,1,1,participant_10,question_13,Timer-Correct,True,Other
0.0,0,8,1,0.4088,-0.00326,0,0.63333,0.18241,0.15393,2691,750.01801,1,0.39668,-0.00791,-0.06046,-0.06394,0.67877,0.26636,0.79771,21.27156,1,0.44807,-0.00329,1.16642,0.00486,1,1,0.00469,-0.06577,0.65836,0.51751,0.8157,20.99927,1,0.36953,-0.00322,1.16642,0.00432,1,1,participant_10,question_13,Timer-Correct,True,Other
0.0,0,8,1,0.3924,0.01407,0,0.63333,0.18241,0.16071,2691,750.01801,1,0.39651,-0.00703,-0.06046,-0.06394,0.67877,0.2664,0.79762,21.52448,1,0.41943,0.04082,1.16642,0.00484,1,1,0.00469,-0.06577,0.65836,0.51758,0.81568,20.80959,1,0.36537,-0.01267,1.16642,0.00435,1,1,participant_10,question_13,Timer-Correct,True,Other
0.0,0,8,1,0.39625,-0.00252,0,0.63333,0.18241,0.16742,2691,750.01801,1,0.3965,-0.00685,-0.06046,-0.06394,0.67877,0.26656,0.7976,21.71346,1,0.41633,0.02074,1.16642,0.0048,1,1,0.00469,-0.06577,0.65836,0.51765,0.81534,20.25099,1,0.37617,-0.02578,1.16642,0.00433,1,1,participant_10,question_13,Timer-Correct,True,Other
0.0,0,8,1,0.39616,-0.00704,0,0.63333,0.18241,0.17401,2691,750.01801,1,0.39649,-0.00686,-0.06046,-0.06394,0.67877,0.26646,0.79748,21.44496,1,0.41633,0.02074,1.16642,0.00482,1,1,0.00488,-0.06779,0.67863,0.51761,0.81533,20.37944,1,0.37599,-0.03482,1.1754,0.00436,1,1,participant_10,question_13,Timer-Correct,True,Other
0.0,0,8,1,0.40459,-0.00968,0,0.63333,0.18241,0.18079,2691,750.01801,1,0.39678,-0.00696,-0.06046,-0.06394,0.67877,0.26648,0.79755,21.85288,1,0.43311,0.04913,1.1754,0.00481,1,1,0.00488,-0.06779,0.67863,0.51774,0.81533,20.53505,1,0.37608,-0.06849,1.18439,0.00436,1,1,participant_10,question_13,Timer-Correct,True,Other
0.0,0,8,1,0.40326,0.00968,0,0.63333,0.18241,0.18713,2691,750.01801,1,0.397,-0.00639,-0.06046,-0.06394,0.67877,0.26648,0.79725,21.14191,1,0.43009,0.03043,1.18439,0.00485,1,1,0.00488,-0.06779,0.67863,0.51769,0.8152,20.4071,1,0.37643,-0.01107,1.19338,0.00433,1,1,participant_10,question_13,Timer-Correct,True,Other
0.0,0,8,1,0.4028,0.00565,0,0.63333,0.18241,0.19379,2691,750.01801,1,0.39719,-0.00599,-0.06046,-0.06384,0.67877,0.26648,0.79724,21.13995,1,0.42917,0.02237,1.19338,0.00483,1,1,0.00465,-0.06523,0.65345,0.51772,0.81511,20.42642,1,0.37643,-0.01107,1.19338,0.00436,1,1,participant_10,question_13,Timer-Correct,True,Other
0.0,0,8,1,0.3844,-0.02429,0,0.63333,0.18241,0.20044,2691,750.01801,1,0.39678,-0.00658,-0.06046,-0.06384,0.67877,0.26655,0.79701,21.40623,1,0.39729,-0.002,1.19338,0.00488,1,1,0.00465,-0.06523,0.65345,0.5177,0.81509,20.40764,1,0.37151,-0.04658,1.18439,0.00439,1,1,participant_10,question_13,Timer-Correct,True,Other
0.0,0,8,1,0.40981,-0.02338,0,0.63333,0.18241,0.20758,2691,750.01801,1,0.39719,-0.0071,-0.06046,-0.06384,0.67877,0.26682,0.79691,21.20647,1,0.42096,-0.01755,1.18439,0.00481,1,1,0.00465,-0.06523,0.65345,0.51792,0.81494,20.46169,1,0.39867,-0.02922,1.1754,0.00437,1,1,participant_10,question_13,Timer-Correct,True,Other
0.0,0,8,1,0.41032,-0.01469,0,0.63333,0.18241,0.21429,2691,750.01801,1,0.39759,-0.00733,-0.06179,-0.06541,0.696,0.26715,0.7969,21.51369,1,0.42194,-0.00912,1.1754,0.00481,1,1,0.00492,-0.066,0.66268,0.51819,0.81473,20.25161,1,0.39871,-0.02026,1.16642,0.0043,1,1,participant_10,question_13,Timer-Correct,True,Other
0.0,0,8,1,0.41988,0.00316,0,0.63333,0.18241,0.22107,2691,750.01801,1,0.39824,-0.00702,-0.06179,-0.06541,0.696,0.26804,0.79644,21.32041,1,0.43588,0.01714,1.16642,0.00471,1,1,0.00492,-0.066,0.66268,0.51868,0.81448,19.87082,1,0.40387,-0.01082,1.16642,0.00438,1,1,participant_10,question_13,Timer-Correct,True,Other
0.0,0,8,1,0.42883,-0.02762,0,0.63333,0.18241,0.22754,2691,750.01801,1,0.39912,-0.00761,-0.06179,-0.06541,0.696,0.26805,0.79627,20.79558,1,0.44647,-0.01101,1.16642,0.00487,1,1,0.00492,-0.066,0.66268,0.5188,0.8144,20.19027,1,0.4112,-0.04424,1.16642,0.00435,1,1,participant_10,question_13,Timer-Correct,True,Other
0.0,0,8,1,0.42883,-0.02762,0,0.63333,0.18241,0.23511,2691,750.01801,1,0.39994,-0.00817,-0.06047,-0.06402,0.68229,0.26804,0.79613,20.85183,1,0.44647,-0.01101,1.16642,0.00491,1,1,0.00492,-0.066,0.66268,0.5189,0.81437,20.21104,1,0.4112,-0.04424,1.16642,0.00432,1,1,participant_10,question_13,Timer-Correct,True,Other
0.0,0,8,1,0.43864,0.02516,0,0.63333,0.18241,0.24109,2691,750.01801,1,0.40099,-0.00727,-0.06047,-0.06402,0.68229,0.26789,0.79609,21.0244,1,0.45171,0.03236,1.16642,0.00486,1,1,0.00492,-0.066,0.66268,0.5188,0.81419,20.55542,1,0.42556,0.01796,1.16642,0.00433,1,1,participant_10,question_13,Timer-Correct,True,Question
0.0,0,8,1,0.44793,-0.01271,0,0.63333,0.18241,0.2478,2691,750.01801,1,0.40222,-0.00741,-0.06047,-0.06402,0.68229,0.26783,0.79603,21.14664,1,0.46472,0.00726,1.16642,0.00483,1,1,0.00492,-0.066,0.66268,0.51883,0.81413,20.65957,1,0.43113,-0.03268,1.16642,0.00434,1,1,participant_10,question_13,Timer-Correct,True,Other
0.0,0,8,1,0.44801,-0.01721,0,0.63333,0.18241,0.25439,2691,750.01801,1,0.4034,-0.00766,-0.06066,-0.06411,0.68326,0.26781,0.79583,20.96523,1,0.46472,0.00726,1.16642,0.0048,1,1,0.00493,-0.06661,0.6703,0.51881,0.81387,20.48444,1,0.43129,-0.04168,1.1754,0.00437,1,1,participant_10,question_13,Timer-Correct,True,Other
0.0,0,8,1,0.44836,-0.01051,0,0.63333,0.18241,0.26105,2691,750.01801,1,0.40452,-0.00773,-0.06066,-0.06411,0.68326,0.26763,0.79596,21.14249,1,0.4501,-0.00868,1.1754,0.00479,1,1,0.00493,-0.06661,0.6703,0.51875,0.81383,20.55365,1,0.44663,-0.01235,1.18439,0.0043,1,1,participant_10,question_13,Timer-Correct,True,Other
0.0,0,8,1,0.44812,-0.0335,0,0.63333,0.18241,0.26794,2691,750.01801,1,0.40558,-0.00836,-0.06066,-0.06411,0.68326,0.26757,0.79571,21.0971,1,0.45215,-0.04274,1.18439,0.00479,1,1,0.00493,-0.06661,0.6703,0.51867,0.81375,20.50958,1,0.44409,-0.02427,1.19338,0.00428,1,1,participant_10,question_13,Timer-Correct,True,Other
0.0,0,8,1,0.44811,-0.0338,0,0.63333,0.18241,0.27545,2691,750.01801,1,0.4066,-0.00897,-0.05884,-0.06208,0.6622,0.26754,0.79574,21.13606,1,0.45213,-0.04303,1.1847,0.00477,1,1,0.00488,-0.06739,0.67863,0.51859,0.81376,20.69833,1,0.4441,-0.02457,1.19368,0.00427,1,1,participant_10,question_13,Timer-Correct,True,Other
0.0,0,8,1,0.44686,-0.01956,0,0.63333,0.18241,0.27545,2691,750.01801,0,0.43531,-0.01602,-0.05884,-0.06208,0.6622,0.26753,0.79566,21.15964,1,0.46557,-0.01309,1.185,0.00478,1,1,0.00488,-0.06739,0.67863,0.51849,0.81369,20.76531,1,0.42815,-0.02602,1.185,0.00427,1,1,participant_10,question_13,Timer-Correct,True,Other
0.0,0,8,1,0.43245,-0.01305,0,0.63333,0.18241,0.27545,2691,750.01801,0,0.43388,-0.01454,-0.05884,-0.06208,0.6622,0.26738,0.79564,21.19386,1,0.44651,-0.02076,1.17632,0.00476,1,1,0.00488,-0.06739,0.67863,0.51849,0.81367,20.63471,1,0.4184,-0.00534,1.17632,0.00428,1,1,participant_10,question_13,Timer-Correct,True,Other
0.0,0,8,1,0.43201,-0.01812,0,0.63333,0.18241,0.27545,2691,750.01801,0,0.43326,-0.01573,-0.06276,-0.0661,0.70511,0.26723,0.7958,21.28173,1,0.44561,-0.03008,1.18616,0.00477,1,1,0.0047,-0.06562,0.66033,0.51825,0.81376,20.80124,1,0.41841,-0.00616,1.17717,0.00432,1,1,participant_10,question_13,Timer-Correct,True,Other
0.0,0,8,1,0.42386,-0.02207,0,0.63333,0.18241,0.01837,2692,750.30078,1,0.43091,-0.01732,-0.06276,-0.0661,0.70511,0.26709,0.79584,21.12128,1,0.43342,-0.02836,1.19569,0.00479,1,1,0.0047,-0.06562,0.66033,0.51817,0.81382,20.8335,1,0.4143,-0.01579,1.1867,0.00427,1,1,participant_10,question_13,Timer-Correct,True,Other
0.0,0,8,1,0.43673,-0.03409,0,0.63333,0.18241,0.02496,2692,750.30078,1,0.43207,-0.02067,-0.06276,-0.0661,0.70511,0.26702,0.79597,21.23901,1,0.45947,-0.04271,1.20522,0.0048,1,1,0.0047,-0.06562,0.66033,0.51809,0.81378,20.66806,1,0.41399,-0.02547,1.19624,0.00433,1,1,participant_10,question_13,Timer-Correct,True,Other
0.0,0,8,1,0.43674,-0.0338,0,0.63333,0.18241,0.03162,2692,750.30078,1,0.43285,-0.02286,-0.06046,-0.06363,0.67877,0.26698,0.79589,21.08901,1,0.45949,-0.04242,1.20492,0.00475,1,1,0.0047,-0.06562,0.66033,0.51809,0.81385,20.75327,1,0.41399,-0.02517,1.19593,0.00435,1,1,participant_10,question_13,Timer-Correct,True,Other
0.0,0,8,1,0.43033,-0.02077,0,0.63333,0.18241,0.03857,2692,750.30078,1,0.43249,-0.02256,-0.06046,-0.06363,0.67877,0.26688,0.79588,21.019,1,0.44191,-0.06486,1.18609,0.0048,1,1,0.0047,-0.06562,0.66033,0.51803,0.81383,20.63075,1,0.41875,0.02331,1.18609,0.00433,1,1,participant_10,question_13,Timer-Correct,True,Other
0.0,0,8,1,0.4286,-0.04002,0,0.63333,0.18241,0.04535,2692,750.30078,1,0.432,-0.02474,-0.06046,-0.06363,0.67877,0.26685,0.79585,20.98787,1,0.43551,-0.04823,1.17625,0.0048,1,1,0.0047,-0.06562,0.66033,0.51797,0.81386,20.60858,1,0.42169,-0.0318,1.17625,0.00428,1,1,participant_10,question_13,Timer-Correct,True,Other
0.0,0,8,1,0.42942,-0.02183,0,0.63333,0.18241,0.05212,2692,750.30078,1,0.43172,-0.02442,-0.0588,-0.06189,0.65959,0.26663,0.7961,21.02139,1,0.43734,-0.03026,1.15774,0.00478,1,1,0.00433,-0.06308,0.63481,0.51789,0.8139,20.80864,1,0.42149,-0.0134,1.15774,0.00428,1,1,participant_10,question_13,Timer-Correct,True,Other
0.0,0,8,1,0.45186,-0.01205,0,0.63333,0.18241,0.05884,2692,750.30078,1,0.43373,-0.02318,-0.0588,-0.06189,0.65959,0.26652,0.79615,20.91775,1,0.46106,-0.00392,1.14906,0.00483,1,1,0.00433,-0.06308,0.63481,0.51772,0.814,20.71649,1,0.44265,-0.02018,1.14906,0.0043,1,1,participant_10,question_13,Timer-Correct,True,Other
0.0,0,8,1,0.44079,0.00277,0,0.63333,0.18241,0.06549,2692,750.30078,1,0.43437,-0.02082,-0.0588,-0.06189,0.65959,0.26647,0.79619,20.8186,1,0.45128,0.00122,1.14037,0.00486,1,1,0.00433,-0.06308,0.63481,0.51762,0.81403,20.73511,1,0.43031,0.00432,1.14037,0.00435,1,1,participant_10,question_13,Timer-Correct,True,Other
0.0,0,8,1,0.44079,0.00277,0,0.63333,0.18241,0.07214,2692,750.30078,1,0.43491,-0.01886,-0.06045,-0.06351,0.67746,0.26643,0.79602,20.5047,1,0.45128,0.00122,1.14037,0.00479,1,1,0.00446,-0.06507,0.65383,0.51762,0.81405,20.66854,1,0.43031,0.00432,1.14037,0.00438,1,1,participant_10,question_13,Timer-Correct,True,Other
0.0,0,8,1,0.43687,0.05445,0,0.63333,0.18241,0.07892,2692,750.30078,1,0.43506,-0.01322,-0.06045,-0.06351,0.67746,0.26634,0.79634,21.33236,1,0.46422,0.01869,1.14906,0.00475,1,1,0.00446,-0.06507,0.65383,0.51747,0.8141,20.67861,1,0.40953,0.0902,1.14906,0.00437,1,1,participant_10,question_13,Timer-Correct,True,Question
0.0,0,8,1,0.45321,-0.00989,0,0.63333,0.18241,0.08569,2692,750.30078,1,0.43635,-0.01298,-0.06045,-0.06351,0.67746,0.26622,0.79639,21.33266,1,0.46009,0.0222,1.15774,0.00477,1,1,0.00446,-0.06507,0.65383,0.51747,0.81409,20.56818,1,0.44632,-0.04197,1.15774,0.00438,1,1,participant_10,question_13,Timer-Correct,True,Other
0.0,0,8,1,0.45321,-0.00989,0,0.63333,0.18241,0.09229,2692,750.30078,1,0.43748,-0.01277,-0.05938,-0.06243,0.66377,0.26614,0.79656,21.55244,1,0.46009,0.0222,1.15774,0.00478,1,1,0.00446,-0.06507,0.65383,0.51736,0.81412,20.63109,1,0.44632,-0.04197,1.15774,0.00438,1,1,participant_10,question_13,Timer-Correct,True,Other
0.0,0,8,1,0.4268,-0.02125,0,0.63333,0.18241,0.099,2692,750.30078,1,0.43681,-0.0133,-0.05938,-0.06243,0.66377,0.2657,0.79663,21.3222,1,0.44663,-0.01029,1.14906,0.00476,1,1,0.00446,-0.06507,0.65383,0.51695,0.81426,20.36171,1,0.40698,-0.03221,1.14906,0.00438,1,1,participant_10,question_13,Timer-Correct,True,Other
0.0,0,8,1,0.41313,-0.01645,0,0.63333,0.18241,0.1059,2692,750.30078,1,0.43542,-0.01349,-0.05938,-0.06243,0.66377,0.26463,0.79727,21.49414,1,0.42275,-0.01524,1.14037,0.00492,1,1,0.00446,-0.06507,0.65383,0.51593,0.81428,19.9659,1,0.40351,-0.01765,1.14037,0.00451,1,1,participant_10,question_13,Timer-Correct,True,Other
0.0,0,8,1,0.41313,-0.01645,0,0.63333,0.18241,0.11243,2692,750.30078,1,0.43418,-0.01365,-0.06078,-0.06353,0.67438,0.26424,0.79711,20.8664,1,0.42275,-0.01524,1.14037,0.00499,1,1,0.0038,-0.06548,0.6574,0.51518,0.81457,20.19811,1,0.40351,-0.01765,1.14037,0.00461,1,1,participant_10,question_13,Timer-Correct,True,Other
0.0,0,8,1,0.29275,0.01914,0,0.63333,0.18241,0.11896,2692,750.30078,1,0.42674,-0.01193,-0.06078,-0.06353,0.67438,0.26108,0.79754,20.84486,1,0.31756,0.04176,1.14906,0.00505,1,1,0.0038,-0.06548,0.6574,0.51213,0.81453,19.82794,1,0.26794,-0.00348,1.14906,0.00458,1,1,participant_10,question_13,Timer-Correct,True,Other
0.0,0,8,1,0.23277,-0.008,0,0.63333,0.18241,0.12543,2692,750.30078,1,0.41704,-0.01173,-0.06078,-0.06353,0.67438,0.25933,0.79837,21.68329,1,0.24216,0.04659,1.15774,0.00491,1,1,0.0038,-0.06548,0.6574,0.51007,0.81482,19.9393,1,0.22337,-0.0626,1.15774,0.0046,1,1,participant_10,question_13,Timer-Correct,True,Other
0.0,0,8,1,0.2322,-0.01284,0,0.63333,0.18241,0.13245,2692,750.30078,1,0.40824,-0.01178,-0.06009,-0.06208,0.65746,0.25833,0.79788,21.05413,1,0.24216,0.04659,1.15774,0.00485,1,1,0.003,-0.06874,0.68963,0.50903,0.81481,19.86951,1,0.22225,-0.07228,1.16672,0.00452,1,1,participant_10,question_13,Timer-Correct,True,Other
0.0,0,8,1,0.12328,0.00522,0,0.63333,0.18241,0.13245,2692,750.30078,0,0.36324,-0.00087,-0.06009,-0.06208,0.65746,0.2558,0.79848,21.02292,1,0.12442,0.06582,1.15804,0.005,1,1,0.003,-0.06874,0.68963,0.50664,0.81536,21.03179,1,0.12215,-0.05538,1.16703,0.00441,1,1,participant_10,question_13,Timer-Correct,True,Other
0.0,0,8,1,0.09458,0.02788,0,0.63333,0.18241,0.13245,2692,750.30078,0,0.22891,0.01351,-0.06009,-0.06208,0.65746,0.25545,0.79854,21.60104,1,0.09332,0.07434,1.15835,0.00496,1,1,0.003,-0.06874,0.68963,0.5064,0.8154,21.07177,1,0.09584,-0.01858,1.16734,0.00448,1,1,participant_10,question_13,Timer-Correct,True,Question
0.0,0,8,1,0.09633,0.0365,0,0.63333,0.18241,0.13245,2692,750.30078,0,0.18472,0.02117,-0.06077,-0.06257,0.66266,0.25516,0.79848,21.38559,1,0.09322,0.07407,1.15865,0.00498,1,1,0.0026,-0.06401,0.64171,0.50598,0.81545,20.49562,1,0.09944,-0.00107,1.15067,0.00452,1,1,participant_10,question_13,Timer-Correct,True,Question
0.0,0,8,1,0.11429,0.0408,0,0.63333,0.18241,0.13245,2692,750.30078,0,0.10174,0.03506,-0.06077,-0.06257,0.66266,0.25513,0.7985,21.64963,1,0.12335,0.07394,1.15067,0.00502,1,1,0.0026,-0.06401,0.64171,0.50602,0.81568,20.89678,1,0.10524,0.00765,1.13369,0.00449,1,1,participant_10,question_13,Timer-Correct,True,Question
0.0,0,8,1,0.12547,0.05553,0,0.63333,0.18241,0.13245,2692,750.30078,0,0.1136,0.0453,-0.06077,-0.06257,0.66266,0.25514,0.79832,21.52015,1,0.13834,0.08767,1.13369,0.00499,1,1,0.0026,-0.06401,0.64171,0.50602,0.81563,20.96669,1,0.1126,0.0234,1.11672,0.00445,1,1,participant_10,question_13,Timer-Correct,True,Question
0.0,0,8,1,0.12924,0.06779,0,0.63333,0.18241,0.13245,2692,750.30078,0,0.11882,0.05279,-0.05999,-0.06162,0.65309,0.25513,0.79844,21.20431,1,0.14395,0.1027,1.11672,0.00502,1,1,0.00261,-0.06555,0.65718,0.50616,0.81555,21.03139,1,0.11454,0.03287,1.10773,0.00446,1,1,participant_10,question_13,Timer-Correct,True,Question
0.0,0,8,1,0.1301,0.06467,0,0.63333,0.18241,0.02173,2693,750.45984,1,0.12164,0.05576,-0.05999,-0.06162,0.65309,0.25511,0.79836,21.42663,1,0.14445,0.09988,1.10773,0.005,1,1,0.00261,-0.06555,0.65718,0.50603,0.8154,20.80004,1,0.11576,0.02946,1.11572,0.00442,1,1,participant_10,question_13,Timer-Correct,True,Question
0.0,0,8,1,0.14156,0.05952,0,0.63333,0.18241,0.02667,2693,750.45984,1,0.12562,0.05651,-0.05999,-0.06162,0.65309,0.25513,0.79835,21.44282,1,0.14194,0.08714,1.11572,0.00499,1,1,0.00261,-0.06555,0.65718,0.50608,0.81533,20.92935,1,0.14118,0.0319,1.12371,0.0044,1,1,participant_10,question_13,Timer-Correct,True,Question
0.0,0,8,1,0.14149,0.05926,0,0.63333,0.18241,0.0332,2693,750.45984,1,0.12827,0.05697,-0.05834,-0.05988,0.63464,0.25512,0.79832,21.3897,1,0.14185,0.0869,1.11599,0.00499,1,1,0.00261,-0.06555,0.65718,0.50608,0.81533,20.92935,1,0.14112,0.03161,1.12398,0.0044,1,1,participant_10,question_13,Timer-Correct,True,Question
0.0,0,8,1,0.12441,0.05032,0,0.63333,0.18241,0.04004,2693,750.45984,1,0.12772,0.05602,-0.05834,-0.05988,0.63464,0.25515,0.79827,21.43062,1,0.13927,0.07839,1.11626,0.00498,1,1,0.00261,-0.06555,0.65718,0.50604,0.81533,20.95414,1,0.10954,0.02226,1.11626,0.00436,1,1,participant_10,question_13,Timer-Correct,True,Question
0.0,0,8,1,0.12706,0.0617,0,0.63333,0.18241,0.04669,2693,750.45984,1,0.12763,0.05673,-0.05834,-0.05988,0.63464,0.25515,0.7982,21.31278,1,0.14217,0.08283,1.10855,0.00497,1,1,0.00261,-0.06555,0.65718,0.50606,0.81544,20.67176,1,0.11194,0.04056,1.10855,0.00447,1,1,participant_10,question_13,Timer-Correct,True,Question
0.0,0,8,1,0.12706,0.0617,0,0.63333,0.18241,0.05341,2693,750.45984,1,0.12757,0.05728,-0.06098,-0.06254,0.66286,0.25518,0.79834,21.60699,1,0.14217,0.08283,1.10855,0.00497,1,1,0.00261,-0.06555,0.65718,0.50604,0.81543,20.76833,1,0.11194,0.04056,1.10855,0.00445,1,1,participant_10,question_13,Timer-Correct,True,Question
0.0,0,8,1,0.12421,0.05858,0,0.63333,0.18241,0.06,2693,750.45984,1,0.12723,0.05741,-0.06098,-0.06254,0.66286,0.25512,0.79842,21.57608,1,0.13729,0.07657,1.11626,0.00495,1,1,0.00261,-0.06555,0.65718,0.50604,0.81546,20.67238,1,0.11112,0.04058,1.11626,0.00443,1,1,participant_10,question_13,Timer-Correct,True,Question
0.0,0,8,1,0.12764,0.05608,0,0.63333,0.18241,0.06726,2693,750.45984,1,0.12727,0.05729,-0.06098,-0.06254,0.66286,0.25511,0.79841,21.56799,1,0.14585,0.0804,1.12398,0.00497,1,1,0.00261,-0.06555,0.65718,0.50601,0.81551,20.77416,1,0.10943,0.03175,1.12398,0.00442,1,1,participant_10,question_13,Timer-Correct,True,Question
0.0,0,8,1,0.12555,0.04859,0,0.63333,0.18241,0.07397,2693,750.45984,1,0.12713,0.05656,-0.06081,-0.06241,0.66095,0.25508,0.79842,21.59506,1,0.14333,0.07346,1.13169,0.00493,1,1,0.00261,-0.06555,0.65718,0.50601,0.8156,20.57197,1,0.10776,0.02371,1.13169,0.00443,1,1,participant_10,question_13,Timer-Correct,True,Question
0.0,0,8,1,0.1266,0.0572,0,0.63333,0.18241,0.08112,2693,750.45984,1,0.12708,0.05661,-0.06081,-0.06241,0.66095,0.2552,0.79884,22.43561,1,0.12288,0.09809,1.13169,0.00489,1,1,0.00261,-0.06555,0.65718,0.50602,0.81574,20.90018,1,0.13031,0.01631,1.13169,0.0044,1,1,participant_10,question_13,Timer-Correct,True,Question
0.0,0,8,1,0.12566,0.0687,0,0.63333,0.18241,0.08728,2693,750.45984,1,0.12698,0.05748,-0.06081,-0.06241,0.66095,0.25522,0.79902,22.45701,1,0.11746,0.08592,1.13169,0.00486,1,1,0.00261,-0.06555,0.65718,0.5061,0.81573,20.83479,1,0.13385,0.05149,1.13169,0.00446,1,1,participant_10,question_13,Timer-Correct,True,Question
0.0,0,8,1,0.12566,0.0687,0,0.63333,0.18241,0.09473,2693,750.45984,1,0.12689,0.05823,-0.06081,-0.06241,0.66095,0.25508,0.79855,21.34448,1,0.11746,0.08592,1.13169,0.00494,1,1,0.00262,-0.06579,0.65908,0.50603,0.81563,20.50256,1,0.13385,0.05149,1.13169,0.00442,1,1,participant_10,question_13,Timer-Correct,True,Question
0.0,0,8,1,0.13302,0.07818,0,0.63333,0.18241,0.10071,2693,750.45984,1,0.12728,0.05947,-0.06081,-0.06241,0.66095,0.25516,0.79878,21.98609,1,0.14532,0.0913,1.13169,0.00487,1,1,0.00262,-0.06579,0.65908,0.50606,0.81566,20.58185,1,0.12071,0.06505,1.13169,0.00446,1,1,participant_10,question_13,Timer-Correct,True,Question
0.0,0,8,1,0.13227,0.05408,0,0.63333,0.18241,0.10742,2693,750.45984,1,0.12757,0.05916,-0.06081,-0.06241,0.66095,0.25517,0.79879,22.03882,1,0.13923,0.09649,1.13169,0.00485,1,1,0.00262,-0.06579,0.65908,0.5061,0.81578,20.82472,1,0.1253,0.01168,1.13169,0.00447,1,1,participant_10,question_13,Timer-Correct,True,Question
0.0,0,8,1,0.13227,0.05408,0,0.63333,0.18241,0.11407,2693,750.45984,1,0.12783,0.05887,-0.06081,-0.06241,0.66095,0.25507,0.79889,22.0343,1,0.13923,0.09649,1.13169,0.00486,1,1,0.00262,-0.06579,0.65859,0.50602,0.81567,20.61765,1,0.1253,0.01168,1.13169,0.00445,1,1,participant_10,question_13,Timer-Correct,True,Question
0.0,0,8,1,0.12653,0.03045,0,0.63333,0.18241,0.12036,2693,750.45984,1,0.12776,0.05738,-0.06081,-0.06241,0.66095,0.25484,0.79887,21.87425,1,0.13783,0.05296,1.13169,0.0049,1,1,0.00262,-0.06579,0.65859,0.50572,0.81589,20.56717,1,0.11523,0.00794,1.13169,0.00449,1,1,participant_10,question_13,Timer-Correct,True,Question
0.0,0,8,1,0.13624,0.04467,0,0.63333,0.18241,0.1275,2693,750.45984,1,0.12819,0.05674,-0.06081,-0.06241,0.66095,0.25488,0.79916,22.17913,1,0.16136,0.0514,1.13169,0.00492,1,1,0.00262,-0.06579,0.65859,0.50566,0.81582,20.36963,1,0.11112,0.03794,1.13169,0.00449,1,1,participant_10,question_13,Timer-Correct,True,Question
0.0,0,8,1,0.1371,0.04878,0,0.63333,0.18241,0.13416,2693,750.45984,1,0.12861,0.05636,-0.06081,-0.06241,0.65989,0.25473,0.79883,21.71569,1,0.16136,0.0514,1.13169,0.0049,1,1,0.00249,-0.06378,0.6384,0.50566,0.81586,20.278,1,0.11284,0.04615,1.12371,0.00453,1,1,participant_10,question_13,Timer-Correct,True,Question
0.0,0,8,1,0.13354,0.07286,0,0.63333,0.18241,0.14087,2693,750.45984,1,0.12884,0.05711,-0.06081,-0.06241,0.65989,0.25468,0.79883,21.58966,1,0.1567,0.07912,1.12371,0.00491,1,1,0.00249,-0.06378,0.6384,0.50569,0.81585,20.2313,1,0.11037,0.0666,1.11572,0.0045,1,1,participant_10,question_13,Timer-Correct,True,Question
0.0,0,8,1,0.1281,0.08997,0,0.63333,0.18241,0.14758,2693,750.45984,1,0.1288,0.05854,-0.06081,-0.06241,0.65989,0.25459,0.79891,21.32129,1,0.15333,0.11813,1.11572,0.00493,1,1,0.00249,-0.06378,0.6384,0.5056,0.81609,20.7451,1,0.10286,0.06181,1.10773,0.00447,1,1,participant_10,question_13,Timer-Correct,True,Question
0.0,0,8,1,0.127,0.0852,0,0.63333,0.18241,0.15424,2693,750.45984,1,0.12873,0.05965,-0.06224,-0.06387,0.67484,0.25461,0.79886,21.2443,1,0.15311,0.11752,1.11641,0.00495,1,1,0.00241,-0.06546,0.65529,0.50568,0.81606,20.55449,1,0.1009,0.05288,1.11641,0.00444,1,1,participant_10,question_13,Timer-Correct,True,Question
0.0,0,8,1,0.12591,0.04946,0,0.63333,0.18241,0.16107,2693,750.45984,1,0.12862,0.05924,-0.06224,-0.06387,0.67484,0.2546,0.79946,22.14599,1,0.1477,0.11143,1.12509,0.00493,1,1,0.00241,-0.06546,0.65529,0.50572,0.81622,20.78249,1,0.10411,-0.01252,1.13308,0.00444,1,1,participant_10,question_13,Timer-Correct,True,Question
0.0,0,8,1,0.13736,0.04352,0,0.63333,0.18241,0.16846,2693,750.45984,1,0.12895,0.05864,-0.06224,-0.06387,0.67484,0.25448,0.79954,21.99175,1,0.17498,0.11399,1.14176,0.00493,1,1,0.00241,-0.06546,0.65529,0.50577,0.81633,20.95301,1,0.09973,-0.02695,1.14975,0.0044,1,1,participant_10,question_13,Timer-Correct,True,Question
0.0,0,8,1,0.13434,0.03097,0,0.63333,0.18241,0.17432,2693,750.45984,1,0.12915,0.05761,-0.0619,-0.06348,0.67065,0.25456,0.79956,22.12166,1,0.17258,0.10715,1.14975,0.0049,1,1,0.00257,-0.06856,0.68578,0.5057,0.81634,20.97531,1,0.0961,-0.04521,1.16672,0.00444,1,1,participant_10,question_13,Timer-Correct,True,Question
0.0,0,8,1,0.12785,0.0067,0,0.63333,0.18241,0.18091,2693,750.45984,1,0.1291,0.0558,-0.0619,-0.06348,0.67065,0.25455,0.79966,22.26797,1,0.13806,0.04033,1.15804,0.00492,1,1,0.00257,-0.06856,0.68578,0.5056,0.81644,20.99775,1,0.11764,-0.02693,1.16703,0.00448,1,1,participant_10,question_13,Timer-Correct,True,Other
0.0,0,8,1,0.12067,0.00172,0,0.63333,0.18241,0.18774,2693,750.45984,1,0.12881,0.05393,-0.0619,-0.06348,0.67065,0.25454,0.79971,22.2932,1,0.12716,0.03946,1.15835,0.00489,1,1,0.00257,-0.06856,0.68578,0.50558,0.81643,20.9831,1,0.11419,-0.03603,1.16734,0.00446,1,1,participant_10,question_13,Timer-Correct,True,Other
0.0,0,8,1,0.1215,0.0062,0,0.63333,0.18241,0.19452,2693,750.45984,1,0.12857,0.05234,-0.0619,-0.06348,0.67065,0.25455,0.7997,22.30206,1,0.12706,0.03919,1.15865,0.0049,1,1,0.00241,-0.06553,0.65548,0.50556,0.81642,20.96554,1,0.11594,-0.02679,1.15865,0.00448,1,1,participant_10,question_13,Timer-Correct,True,Other
0.0,0,8,1,0.13691,0.00398,0,0.63333,0.18241,0.20123,2693,750.45984,1,0.12884,0.05078,-0.0619,-0.06348,0.67065,0.25451,0.79969,22.32966,1,0.15488,0.04139,1.15865,0.0049,1,1,0.00241,-0.06553,0.65548,0.50555,0.8164,20.91161,1,0.11893,-0.03342,1.14967,0.00444,1,1,participant_10,question_13,Timer-Correct,True,Other
0.0,0,8,1,0.14205,0.03504,0,0.63333,0.18241,0.20862,2693,750.45984,1,0.12925,0.05029,-0.0619,-0.06348,0.67065,0.25453,0.79971,22.35183,1,0.16461,0.06255,1.14967,0.0049,1,1,0.00241,-0.06553,0.65548,0.50561,0.81625,21.19749,1,0.11949,0.00754,1.14068,0.00436,1,1,participant_10,question_13,Timer-Correct,True,Question
0.0,0,8,1,0.14434,0.04377,0,0.63333,0.18241,0.21448,2693,750.45984,1,0.12971,0.05009,-0.0619,-0.06348,0.67065,0.25452,0.79971,22.26728,1,0.16735,0.07059,1.14068,0.00489,1,1,0.00241,-0.06553,0.65548,0.5056,0.81635,21.06743,1,0.12133,0.01694,1.13169,0.00437,1,1,participant_10,question_13,Timer-Correct,True,Question
0.0,0,8,1,0.14528,0.02537,0,0.63333,0.18241,0.22131,2693,750.45984,1,0.13017,0.04936,-0.0619,-0.06348,0.67065,0.25446,0.7993,21.5873,1,0.1688,0.05109,1.13169,0.00494,1,1,0.00241,-0.06553,0.65548,0.50559,0.81632,21.06067,1,0.12175,-0.00034,1.13169,0.00438,1,1,participant_10,question_13,Timer-Correct,True,Question
0.0,0,8,1,0.14841,0.07786,0,0.63333,0.18241,0.22797,2693,750.45984,1,0.13069,0.05018,-0.0619,-0.06348,0.67065,0.25446,0.79913,21.47508,1,0.16941,0.11637,1.13169,0.0049,1,1,0.00241,-0.06553,0.65548,0.50553,0.81617,20.82841,1,0.12741,0.03934,1.13169,0.00441,1,1,participant_10,question_13,Timer-Correct,True,Question
0.0,0,8,1,0.14841,0.07786,0,0.63333,0.18241,0.23456,2693,750.45984,1,0.13118,0.05095,-0.0608,-0.0623,0.65876,0.25448,0.79909,21.41968,1,0.16941,0.11637,1.13169,0.00492,1,1,0.00241,-0.06546,0.65529,0.50546,0.816,20.32778,1,0.12741,0.03934,1.13169,0.00444,1,1,participant_10,question_13,Timer-Correct,True,Question
0.0,0,8,1,0.13893,0.06711,0,0.63333,0.18241,0.24133,2693,750.45984,1,0.13139,0.05138,-0.0608,-0.0623,0.65876,0.25452,0.79901,21.46765,1,0.17249,0.10917,1.13169,0.00487,1,1,0.00241,-0.06546,0.65529,0.50547,0.81603,20.50717,1,0.10537,0.02505,1.13169,0.00443,1,1,participant_10,question_13,Timer-Correct,True,Question
0.0,0,8,1,0.11762,0.06581,0,0.63333,0.18241,0.24805,2693,750.45984,1,0.13103,0.05176,-0.0608,-0.0623,0.65876,0.25464,0.79901,21.76301,1,0.14026,0.09156,1.13169,0.00485,1,1,0.00241,-0.06546,0.65529,0.50549,0.81599,20.31752,1,0.09498,0.04006,1.13169,0.00445,1,1,participant_10,question_13,Timer-Correct,True,Question
0.0,0,8,1,0.11762,0.06581,0,0.63333,0.18241,0.25476,2693,750.45984,1,0.13068,0.05212,-0.0608,-0.0623,0.65876,0.25458,0.79889,21.40946,1,0.14026,0.09156,1.13169,0.00487,1,1,0.00253,-0.06621,0.66279,0.50551,0.81594,20.58673,1,0.09498,0.04006,1.13169,0.00442,1,1,participant_10,question_13,Timer-Correct,True,Question
0.0,0,8,1,0.12536,0.0345,0,0.63333,0.18241,0.26141,2693,750.45984,1,0.13055,0.05168,-0.0608,-0.0623,0.65876,0.25461,0.7988,21.4605,1,0.1498,0.0677,1.13169,0.00489,1,1,0.00253,-0.06621,0.66279,0.50559,0.81584,20.49491,1,0.10091,0.00129,1.13169,0.00444,1,1,participant_10,question_13,Timer-Correct,True,Question
0.0,0,8,1,0.12799,0.02944,0,0.63333,0.18241,0.26813,2693,750.45984,1,0.13049,0.05114,-0.0608,-0.0623,0.65876,0.25465,0.79887,21.67328,1,0.15228,0.06836,1.13169,0.00487,1,1,0.00253,-0.06621,0.66279,0.5056,0.81587,20.43644,1,0.10369,-0.00948,1.13169,0.00444,1,1,participant_10,question_13,Timer-Correct,True,Question
0.0,0,8,1,0.12701,0.02461,0,0.63333,0.18241,0.2749,2693,750.45984,1,0.13041,0.05051,-0.06081,-0.06241,0.65989,0.25471,0.79888,21.80489,1,0.15228,0.06836,1.13169,0.00487,1,1,0.00257,-0.06851,0.68578,0.50566,0.81587,20.58345,1,0.10175,-0.01914,1.14068,0.0044,1,1,participant_10,question_13,Timer-Correct,True,Other
0.0,0,8,1,0.14484,0.01549,0,0.63333,0.18241,0.28162,2693,750.45984,1,0.13074,0.04969,-0.06081,-0.06241,0.65989,0.2547,0.79896,21.93517,1,0.17262,0.04965,1.14068,0.00484,1,1,0.00257,-0.06851,0.68578,0.50546,0.8159,20.69581,1,0.11706,-0.01867,1.14967,0.00438,1,1,participant_10,question_13,Timer-Correct,True,Other
0.0,0,8,1,0.13996,0.02318,0,0.63333,0.18241,0.28833,2693,750.45984,1,0.13095,0.04909,-0.06081,-0.06241,0.65989,0.25455,0.79904,21.72084,1,0.15381,0.06058,1.14967,0.00488,1,1,0.00257,-0.06851,0.68578,0.50528,0.81583,20.53607,1,0.12612,-0.01422,1.15865,0.00444,1,1,participant_10,question_13,Timer-Correct,True,Other
0.0,0,8,1,0.13964,0.02194,0,0.63333,0.18241,0.29504,2693,750.45984,1,0.13114,0.04849,-0.05919,-0.06065,0.64183,0.25446,0.79911,21.75697,1,0.15341,0.05944,1.15094,0.00477,1,1,0.00257,-0.06851,0.68578,0.50527,0.81591,20.61084,1,0.12587,-0.01555,1.15993,0.0044,1,1,participant_10,question_13,Timer-Correct,True,Other
0.0,0,8,1,0.12388,0.01401,0,0.63333,0.18241,0.30164,2693,750.45984,1,0.13099,0.04774,-0.05919,-0.06065,0.64183,0.25452,0.79911,21.90924,1,0.14861,0.05046,1.15221,0.00478,1,1,0.00257,-0.06851,0.68578,0.50525,0.81591,20.42963,1,0.09915,-0.02244,1.15221,0.00441,1,1,participant_10,question_13,Timer-Correct,True,Other
0.0,0,8,1,0.09645,0.04923,0,0.63333,0.18241,0.30933,2693,750.45984,1,0.13025,0.04777,-0.05919,-0.06065,0.64183,0.25448,0.79912,21.82237,1,0.08346,0.08345,1.14449,0.00479,1,1,0.00257,-0.06851,0.68578,0.50532,0.81597,20.63411,1,0.10945,0.01501,1.14449,0.00434,1,1,participant_10,question_13,Timer-Correct,True,Question
0.0,0,8,1,0.09965,0.06128,0,0.63333,0.18241,0.31641,2693,750.45984,1,0.12961,0.04805,-0.05741,-0.05897,0.62355,0.25455,0.79912,21.87443,1,0.0863,0.09024,1.13678,0.00481,1,1,0.00253,-0.06621,0.66279,0.50532,0.81601,20.63213,1,0.113,0.03233,1.12779,0.00435,1,1,participant_10,question_13,Timer-Correct,True,Question
0.0,0,8,1,0.10242,0.06221,0,0.63333,0.18241,0.32208,2693,750.45984,1,0.12963,0.04862,-0.05741,-0.05897,0.62355,0.25463,0.7991,21.86983,1,0.1173,0.08261,1.12779,0.00478,1,1,0.00253,-0.06621,0.66279,0.50541,0.81602,20.51308,1,0.08753,0.04181,1.1188,0.00434,1,1,participant_10,question_13,Timer-Correct,True,Question
0.0,0,8,1,0.10975,0.068,0,0.63333,0.18241,0.32843,2693,750.45984,1,0.1293,0.04888,-0.05741,-0.05897,0.62355,0.25467,0.79911,21.74742,1,0.12271,0.09407,1.1188,0.00476,1,1,0.00253,-0.06621,0.66279,0.50544,0.81603,20.47546,1,0.09679,0.04192,1.10982,0.00435,1,1,participant_10,question_13,Timer-Correct,True,Question
0.0,0,8,1,0.10909,0.06452,0,0.63333,0.18241,0.33521,2693,750.45984,1,0.12888,0.04881,-0.06081,-0.06251,0.66095,0.25466,0.79905,21.41282,1,0.12315,0.0952,1.11753,0.00479,1,1,0.00264,-0.06775,0.67816,0.50558,0.81617,20.42088,1,0.09502,0.03384,1.11753,0.00433,1,1,participant_10,question_13,Timer-Correct,True,Question
0.0,0,8,1,0.12251,0.05614,0,0.63333,0.18241,0.34174,2693,750.45984,1,0.12872,0.04863,-0.06081,-0.06251,0.66095,0.25478,0.79907,21.49353,1,0.13491,0.08114,1.12525,0.00478,1,1,0.00264,-0.06775,0.67816,0.50572,0.81606,20.40673,1,0.11011,0.03114,1.13424,0.00428,1,1,participant_10,question_13,Timer-Correct,True,Question
0.0,0,8,1,0.12992,0.05313,0,0.63333,0.18241,0.34912,2693,750.45984,1,0.12848,0.0485,-0.06081,-0.06251,0.66095,0.25496,0.79897,21.42214,1,0.14117,0.08011,1.14195,0.00468,1,1,0.00264,-0.06775,0.67816,0.50585,0.81609,20.43442,1,0.11866,0.02615,1.15094,0.00428,1,1,participant_10,question_13,Timer-Correct,True,Question
0.0,0,8,1,0.12846,0.04915,0,0.63333,0.18241,0.35516,2693,750.45984,1,0.12821,0.04829,-0.05834,-0.06002,0.63464,0.25505,0.79906,21.30122,1,0.13826,0.07215,1.15094,0.00476,1,1,0.00262,-0.06579,0.65859,0.50597,0.81631,20.44142,1,0.11866,0.02615,1.15094,0.00427,1,1,participant_10,question_13,Timer-Correct,True,Question
0.0,0,8,1,0.14615,0.01602,0,0.63333,0.18241,0.36182,2693,750.45984,1,0.12866,0.04757,-0.05834,-0.06002,0.63464,0.25523,0.79911,21.76055,1,0.15026,0.04741,1.14322,0.00475,1,1,0.00262,-0.06579,0.65859,0.50604,0.81624,19.92532,1,0.14203,-0.01538,1.13424,0.00438,1,1,participant_10,question_13,Timer-Correct,True,Other
0.0,0,8,1,0.12966,0.04135,0,0.63333,0.18241,0.36865,2693,750.45984,1,0.12872,0.04715,-0.05834,-0.06002,0.63464,0.25529,0.79912,21.89661,1,0.13868,0.06966,1.12652,0.00469,1,1,0.00262,-0.06579,0.65859,0.50617,0.81621,19.85843,1,0.12063,0.01304,1.11753,0.00431,1,1,participant_10,question_13,Timer-Correct,True,Question
0.0,0,8,1,0.13323,0.05302,0,0.63333,0.18241,0.37537,2693,750.45984,1,0.12884,0.04697,-0.05834,-0.06012,0.63566,0.25538,0.79918,21.78452,1,0.14422,0.08481,1.10982,0.00471,1,1,0.00284,-0.06748,0.6755,0.50625,0.81647,20.29229,1,0.12224,0.02124,1.10982,0.00427,1,1,participant_10,question_13,Timer-Correct,True,Question
0.0,0,8,1,0.11638,0.05479,0,0.63333,0.18241,0.3819,2693,750.45984,1,0.12868,0.04689,-0.05834,-0.06012,0.63566,0.25564,0.79898,21.90044,1,0.13283,0.08411,1.10982,0.00467,1,1,0.00284,-0.06748,0.6755,0.50628,0.81639,19.86685,1,0.09993,0.02547,1.1188,0.00426,1,1,participant_10,question_13,Timer-Correct,True,Question
0.0,0,8,1,0.12089,0.04621,0,0.63333,0.18241,0.38855,2693,750.45984,1,0.12854,0.04668,-0.05834,-0.06012,0.63566,0.25556,0.79882,21.48434,1,0.13275,0.08315,1.1188,0.00469,1,1,0.00284,-0.06748,0.6755,0.5064,0.81638,19.69726,1,0.10902,0.00927,1.12779,0.00431,1,1,participant_10,question_13,Timer-Correct,True,Question
0.0,0,8,1,0.11628,0.02983,0,0.63333,0.18241,0.39551,2693,750.45984,1,0.12835,0.04629,-0.06023,-0.06212,0.65683,0.2556,0.79897,21.57477,1,0.12711,0.0681,1.13551,0.00469,1,1,0.00284,-0.06748,0.6755,0.50645,0.81649,19.86727,1,0.10545,-0.00844,1.14449,0.00432,1,1,participant_10,question_13,Timer-Correct,True,Question
0.0,0,8,1,0.12494,0.01895,0,0.63333,0.18241,0.40204,2693,750.45984,1,0.12831,0.0455,-0.06023,-0.06212,0.65683,0.25579,0.79909,21.88552,1,0.13353,0.04619,1.15221,0.00466,1,1,0.00284,-0.06748,0.6755,0.50665,0.81665,20.68878,1,0.11635,-0.00828,1.15221,0.00419,1,1,participant_10,question_13,Timer-Correct,True,Other
0.0,0,8,1,0.12764,0.01888,0,0.63333,0.18241,0.40887,2693,750.45984,1,0.12835,0.04446,-0.06023,-0.06212,0.65683,0.25585,0.79914,21.6755,1,0.135,0.03991,1.15993,0.00467,1,1,0.00284,-0.06748,0.6755,0.50677,0.81657,20.09271,1,0.12028,-0.00214,1.15993,0.00421,1,1,participant_10,question_13,Timer-Correct,True,Other
0.0,0,8,1,0.12653,0.01605,0,0.63333,0.18241,0.41547,2693,750.45984,1,0.12837,0.04336,-0.06023,-0.06212,0.65683,0.25591,0.79916,21.80796,1,0.13252,0.03291,1.16764,0.00467,1,1,0.00286,-0.06697,0.66932,0.50694,0.81674,20.32395,1,0.12054,-0.00082,1.15866,0.00424,1,1,participant_10,question_13,Timer-Correct,True,Other
0.0,0,8,1,0.10625,0.02751,0,0.63333,0.18241,0.42224,2693,750.45984,1,0.12781,0.04231,-0.06023,-0.06212,0.65683,0.25595,0.79914,21.76946,1,0.11712,0.04185,1.15866,0.00466,1,1,0.00286,-0.06697,0.66932,0.50692,0.81669,20.22984,1,0.09537,0.01316,1.14967,0.00423,1,1,participant_10,question_13,Timer-Correct,True,Question
0.0,0,8,1,0.09844,0.04504,0,0.63333,0.18241,0.42896,2693,750.45984,1,0.12711,0.04212,-0.06023,-0.06212,0.65683,0.25595,0.79916,21.61693,1,0.12214,0.05468,1.14967,0.00466,1,1,0.00286,-0.06697,0.66932,0.50693,0.81671,20.16938,1,0.07474,0.0354,1.14068,0.00424,1,1,participant_10,question_13,Timer-Correct,True,Question
0.0,0,8,1,0.09995,0.04909,0,0.63333,0.18241,0.43567,2693,750.45984,1,0.12644,0.04201,-0.05924,-0.0612,0.64711,0.25596,0.79913,21.51517,1,0.12517,0.06279,1.14068,0.00469,1,1,0.00297,-0.06832,0.68236,0.50691,0.81691,20.61147,1,0.07474,0.0354,1.14068,0.00417,1,1,participant_10,question_13,Timer-Correct,True,Question
0.0,0,8,1,0.09929,0.04804,0,0.63333,0.18241,0.44232,2693,750.45984,1,0.12587,0.04238,-0.05924,-0.0612,0.64711,0.25605,0.79924,21.4658,1,0.12814,0.06397,1.14068,0.00469,1,1,0.00297,-0.06832,0.68236,0.50697,0.81692,20.59981,1,0.07045,0.0321,1.14967,0.00418,1,1,participant_10,question_13,Timer-Correct,True,Question
0.0,0,8,1,0.10095,0.058,0,0.63333,0.18241,0.45135,2693,750.45984,1,0.12513,0.04266,-0.05924,-0.0612,0.64711,0.25603,0.79927,21.46646,1,0.12445,0.08054,1.14967,0.00467,1,1,0.00297,-0.06832,0.68236,0.50709,0.81682,20.3148,1,0.07745,0.03545,1.15866,0.00415,1,1,participant_10,question_13,Timer-Correct,True,Question
0.0,0,8,1,0.10059,0.05679,0,0.63333,0.18241,0.45575,2693,750.45984,1,0.12437,0.04282,-0.05766,-0.05962,0.63036,0.25606,0.79928,21.56812,1,0.12403,0.07943,1.15094,0.00467,1,1,0.00297,-0.06832,0.68236,0.50704,0.81692,20.14698,1,0.07716,0.03416,1.15993,0.00418,1,1,participant_10,question_13,Timer-Correct,True,Question
0.0,0,8,1,0.08867,0.01103,0,0.63333,0.18241,0.46265,2693,750.45984,1,0.12344,0.04154,-0.05766,-0.05962,0.63036,0.25605,0.79928,21.08937,1,0.09394,0.03356,1.15221,0.00469,1,1,0.00297,-0.06832,0.68236,0.50715,0.81697,20.04818,1,0.08339,-0.0115,1.15221,0.00423,1,1,participant_10,question_13,Timer-Correct,True,Other
0.0,0,8,1,0.12553,0.03026,0,0.63333,0.18241,0.46912,2693,750.45984,1,0.12339,0.04029,-0.05766,-0.05962,0.63036,0.25602,0.79931,21.09595,1,0.13154,0.04122,1.14449,0.00467,1,1,0.00297,-0.06832,0.68236,0.50723,0.81696,19.7324,1,0.11952,0.01929,1.14449,0.00425,1,1,participant_10,question_13,Timer-Correct,True,Question
0.0,0,8,1,0.12944,0.0445,0,0.63333,0.18241,0.47589,2693,750.45984,1,0.12344,0.03944,-0.05808,-0.05999,0.63436,0.25603,0.79933,21.19134,1,0.13636,0.05463,1.12987,0.00469,1,1,0.00297,-0.06837,0.68235,0.50724,0.81709,19.97468,1,0.12252,0.03437,1.12987,0.00421,1,1,participant_10,question_13,Timer-Correct,True,Question
0.0,0,8,1,0.12409,0.02242,0,0.63333,0.18241,0.48248,2693,750.45984,1,0.1234,0.03888,-0.05808,-0.05999,0.63436,0.25596,0.79933,20.90023,1,0.12513,0.01792,1.12297,0.00468,1,1,0.00297,-0.06837,0.68235,0.50706,0.81738,19.97618,1,0.12305,0.02692,1.12297,0.00428,1,1,participant_10,question_13,Timer-Correct,True,Other
0.0,0,8,1,0.1132,0.02954,0,0.63333,0.18241,0.48999,2693,750.45984,1,0.1229,0.03859,-0.05808,-0.05999,0.63436,0.25598,0.79939,20.68686,1,0.13597,0.04911,1.11607,0.00467,1,1,0.00297,-0.06837,0.68235,0.50702,0.81749,20.04133,1,0.09043,0.00996,1.11607,0.00426,1,1,participant_10,question_13,Timer-Correct,True,Question
0.0,0,8,1,0.11206,0.02662,0,0.63333,0.18241,0.49567,2693,750.45984,1,0.12243,0.0385,-0.05924,-0.06139,0.64711,0.25601,0.79967,21.19459,1,0.13338,0.04191,1.12378,0.00466,1,1,0.00284,-0.06666,0.66429,0.50694,0.8175,19.88478,1,0.09073,0.01133,1.1148,0.0042,1,1,participant_10,question_13,Timer-Correct,True,Question
0.0,0,8,1,0.11826,0.04769,0,0.63333,0.18241,0.50244,2693,750.45984,1,0.12223,0.03935,-0.05924,-0.06139,0.64711,0.25601,0.8001,21.96894,1,0.12451,0.04945,1.12942,0.00466,1,1,0.00284,-0.06666,0.66429,0.50692,0.81766,20.07355,1,0.11201,0.04593,1.12043,0.00421,1,1,participant_10,question_13,Timer-Correct,True,Question
0.0,0,8,1,0.10677,0.06616,0,0.63333,0.18241,0.50903,2693,750.45984,1,0.12194,0.0407,-0.05924,-0.06139,0.64711,0.25591,0.80018,21.74066,1,0.11879,0.06859,1.13505,0.00463,1,1,0.00284,-0.06666,0.66429,0.50697,0.81779,20.17437,1,0.09475,0.06372,1.12606,0.0042,1,1,participant_10,question_13,Timer-Correct,True,Question
0.0,0,8,1,0.10737,0.06815,0,0.63333,0.18241,0.51599,2693,750.45984,1,0.12165,0.04199,-0.05832,-0.06039,0.63655,0.25592,0.80015,21.73248,1,0.11951,0.07047,1.13297,0.00463,1,1,0.0028,-0.06582,0.65539,0.50694,0.81782,20.12794,1,0.09523,0.06583,1.12398,0.00417,1,1,participant_10,question_13,Timer-Correct,True,Question
0.0,0,8,1,0.1367,0.04791,0,0.63333,0.18241,0.52283,2693,750.45984,1,0.12164,0.0429,-0.05832,-0.06039,0.63655,0.2558,0.80027,21.51078,1,0.14723,0.06727,1.11626,0.00464,1,1,0.0028,-0.06582,0.65539,0.50675,0.81814,19.92588,1,0.12617,0.02854,1.11626,0.00424,1,1,participant_10,question_13,Timer-Correct,True,Question
0.0,0,8,1,0.13891,0.06001,0,0.63333,0.18241,0.52942,2693,750.45984,1,0.12158,0.04342,-0.05832,-0.06039,0.63655,0.25586,0.80029,21.25571,1,0.14719,0.07382,1.10855,0.00466,1,1,0.0028,-0.06582,0.65539,0.50675,0.81814,19.92588,1,0.13063,0.04621,1.10855,0.00424,1,1,participant_10,question_13,Timer-Correct,True,Question
0.0,0,8,1,0.13659,0.05152,0,0.63333,0.18241,0.53632,2693,750.45984,1,0.12142,0.04358,-0.06144,-0.06372,0.67058,0.25584,0.8003,21.24101,1,0.14433,0.06585,1.11723,0.00466,1,1,0.00284,-0.06676,0.66428,0.50671,0.81819,19.85616,1,0.12885,0.0372,1.11723,0.00422,1,1,participant_10,question_13,Timer-Correct,True,Question
0.0,0,8,1,0.12602,0.05938,0,0.63333,0.18241,0.54297,2693,750.45984,1,0.12101,0.04429,-0.06144,-0.06372,0.67058,0.25579,0.80033,20.98221,1,0.13837,0.07979,1.13362,0.00476,1,1,0.00284,-0.06676,0.66428,0.50662,0.81815,19.61642,1,0.11368,0.03897,1.13362,0.00425,1,1,participant_10,question_13,Timer-Correct,True,Question
0.0,0,8,1,0.12114,0.01908,0,0.63333,0.18241,0.54956,2693,750.45984,1,0.12045,0.04307,-0.06144,-0.06372,0.67058,0.25572,0.80047,20.98484,1,0.13498,0.02013,1.15002,0.00471,1,1,0.00284,-0.06676,0.66428,0.5066,0.81821,19.72729,1,0.10731,0.01803,1.15002,0.00425,1,1,participant_10,question_13,Timer-Correct,True,Other
0.0,0,8,1,0.11676,0.00299,0,0.63333,0.18241,0.55621,2693,750.45984,1,0.11979,0.04151,-0.06144,-0.06372,0.67058,0.25572,0.80058,21.23489,1,0.12967,0.00486,1.16642,0.00468,1,1,0.00284,-0.06676,0.66428,0.50661,0.81825,19.85202,1,0.10384,0.00112,1.16642,0.00422,1,1,participant_10,question_13,Timer-Correct,True,Other
0.0,0,8,1,0.11763,0.00562,0,0.63333,0.18241,0.56293,2693,750.45984,1,0.11934,0.04023,-0.06144,-0.06372,0.67058,0.25576,0.80057,21.42816,1,0.12512,-0.0019,1.16642,0.00467,1,1,0.00284,-0.06676,0.66428,0.50664,0.81824,19.84401,1,0.11013,0.01315,1.16642,0.00424,1,1,participant_10,question_13,Timer-Correct,True,Other
0.0,0,8,1,0.11655,-0.02759,0,0.63333,0.18241,0.56964,2693,750.45984,1,0.11932,0.03828,-0.06144,-0.06372,0.67058,0.25573,0.80059,21.50663,1,0.12643,-0.0107,1.16642,0.00464,1,1,0.00284,-0.06676,0.66428,0.50657,0.81831,19.81986,1,0.10668,-0.04448,1.16642,0.00419,1,1,participant_10,question_13,Timer-Correct,True,Other
0.0,0,8,1,0.11886,-0.01883,0,0.63333,0.18241,0.57642,2693,750.45984,1,0.11935,0.03652,-0.05994,-0.06206,0.65365,0.25575,0.80035,21.01434,1,0.12925,-0.0025,1.15774,0.00474,1,1,0.00284,-0.06681,0.66427,0.50661,0.8182,19.69931,1,0.10847,-0.03516,1.15774,0.00423,1,1,participant_10,question_13,Timer-Correct,True,Other
0.0,0,8,1,0.12798,0.02258,0,0.63333,0.18241,0.58405,2693,750.45984,1,0.1194,0.03627,-0.05994,-0.06206,0.65365,0.25573,0.80037,21.05026,1,0.13562,-0.0053,1.14906,0.00467,1,1,0.00284,-0.06681,0.66427,0.50658,0.81822,19.86804,1,0.12034,0.05045,1.14906,0.00423,1,1,participant_10,question_13,Timer-Correct,True,Other
0.0,0,8,1,0.12365,0.02264,0,0.63333,0.18241,0.59003,2693,750.45984,1,0.11931,0.03613,-0.05994,-0.06206,0.65365,0.25575,0.8004,21.24251,1,0.13384,0.06247,1.14038,0.00466,1,1,0.00284,-0.06681,0.66427,0.5066,0.81816,19.50392,1,0.11347,-0.01719,1.14038,0.00422,1,1,participant_10,question_13,Timer-Correct,True,Other
0.0,0,8,1,0.12808,0.03882,0,0.63333,0.18241,0.59637,2693,750.45984,1,0.11933,0.03642,-0.05834,-0.06036,0.63566,0.25572,0.80052,21.37432,1,0.13927,0.07726,1.12398,0.00468,1,1,0.00273,-0.06646,0.66128,0.5066,0.8182,19.55498,1,0.11689,0.00037,1.12398,0.00413,1,1,participant_10,question_13,Timer-Correct,True,Question
0.0,0,8,1,0.11108,0.04201,0,0.63333,0.18241,0.60309,2693,750.45984,1,0.11863,0.03698,-0.05834,-0.06036,0.63566,0.25506,0.80055,20.73833,1,0.12024,0.04111,1.11626,0.00468,1,1,0.00273,-0.06646,0.66128,0.5058,0.81851,19.94866,1,0.10192,0.0429,1.11626,0.00427,1,1,participant_10,question_13,Timer-Correct,True,Question
0.0,0,8,1,0.09787,0.05995,0,0.63333,0.18241,0.6098,2693,750.45984,1,0.11775,0.03774,-0.05834,-0.06036,0.63566,0.25491,0.80069,20.78643,1,0.1111,0.06717,1.10855,0.00468,1,1,0.00273,-0.06646,0.66128,0.50559,0.8185,19.88567,1,0.08464,0.05272,1.10855,0.00425,1,1,participant_10,question_13,Timer-Correct,True,Question
0.0,0,8,1,0.10018,0.06752,0,0.63333,0.18241,0.61652,2693,750.45984,1,0.11693,0.03869,-0.05834,-0.06031,0.63464,0.25481,0.80069,20.76921,1,0.11386,0.0743,1.10083,0.0047,1,1,0.00262,-0.06648,0.66052,0.50533,0.81845,19.59464,1,0.08649,0.06074,1.10083,0.00426,1,1,participant_10,question_13,Timer-Correct,True,Question
0.0,0,8,1,0.10432,0.0692,0,0.63333,0.18241,0.62317,2693,750.45984,1,0.11652,0.03984,-0.05834,-0.06031,0.63464,0.25479,0.80058,20.72483,1,0.11392,0.08565,1.10083,0.00467,1,1,0.00262,-0.06648,0.66052,0.50548,0.81841,19.71868,1,0.09472,0.05274,1.10083,0.00433,1,1,participant_10,question_13,Timer-Correct,True,Question
0.0,0,8,1,0.09831,0.07631,0,0.63333,0.18241,0.62982,2693,750.45984,1,0.11656,0.04041,-0.05834,-0.06031,0.63464,0.25475,0.80079,20.74813,1,0.10663,0.07926,1.10083,0.00469,1,1,0.00262,-0.06648,0.66052,0.50534,0.81846,19.56542,1,0.08999,0.07336,1.10083,0.00425,1,1,participant_10,question_13,Timer-Correct,True,Question
0.0,0,8,1,0.09831,0.07631,0,0.63333,0.18241,0.63654,2693,750.45984,1,0.11653,0.04072,-0.05834,-0.06031,0.63464,0.25474,0.80077,20.72234,1,0.10663,0.07926,1.10083,0.00471,1,1,0.00262,-0.06648,0.66052,0.50533,0.81848,19.55817,1,0.08999,0.07336,1.10083,0.00425,1,1,participant_10,question_13,Timer-Correct,True,Question
0.0,0,8,1,0.09514,0.06613,0,0.63333,0.18241,0.64325,2693,750.45984,1,0.11638,0.0408,-0.05834,-0.06031,0.63464,0.25488,0.80096,21.51738,1,0.10581,0.0826,1.10083,0.00463,1,1,0.00262,-0.06648,0.66052,0.5054,0.81863,20.06533,1,0.08448,0.04967,1.10083,0.00423,1,1,participant_10,question_13,Timer-Correct,True,Question
0.0,0,8,1,0.09928,0.09652,0,0.63333,0.18241,0.64917,2693,750.45984,1,0.11616,0.04139,-0.05834,-0.06031,0.63464,0.25482,0.80096,21.65492,1,0.10952,0.10151,1.10083,0.00459,1,1,0.00262,-0.06648,0.66052,0.50541,0.81864,20.17646,1,0.08905,0.09153,1.10083,0.00422,1,1,participant_10,question_13,Timer-Correct,True,Question
0.0,0,8,1,0.09928,0.09652,0,0.63333,0.18241,0.65582,2693,750.45984,1,0.11596,0.04206,-0.05834,-0.06031,0.63464,0.2548,0.80092,21.8496,1,0.10952,0.10151,1.10083,0.00458,1,1,0.00262,-0.06648,0.66052,0.50542,0.81861,20.06716,1,0.08905,0.09153,1.10083,0.00423,1,1,participant_10,question_13,Timer-Correct,True,Question
0.0,0,8,1,0.08534,0.0787,0,0.63333,0.18241,0.65582,2693,750.45984,0,0.1034,0.06589,-0.05834,-0.06031,0.63464,0.25487,0.80098,21.53761,1,0.09188,0.07778,1.10083,0.00458,1,1,0.00262,-0.06648,0.66052,0.50544,0.81867,20.18433,1,0.07881,0.07962,1.10083,0.00422,1,1,participant_10,question_13,Timer-Correct,True,Question
0.0,0,8,1,0.08751,0.09828,0,0.63333,0.18241,0.65582,2693,750.45984,0,0.09545,0.08208,-0.05834,-0.06031,0.63464,0.25494,0.80094,21.57446,1,0.10786,0.1125,1.10083,0.00456,1,1,0.00262,-0.06648,0.66052,0.5054,0.81869,20.26105,1,0.06715,0.08405,1.10083,0.00424,1,1,participant_10,question_13,Timer-Correct,True,Question
0.0,0,8,1,0.08396,0.08633,0,0.63333,0.18241,0.65582,2693,750.45984,0,0.09162,0.0835,-0.06007,-0.0621,0.65294,0.25496,0.80099,21.67968,1,0.10504,0.10564,1.10855,0.00456,1,1,0.00265,-0.06831,0.67873,0.50532,0.8188,20.48588,1,0.06288,0.06702,1.11753,0.00421,1,1,participant_10,question_13,Timer-Correct,True,Question
0.0,0,8,1,0.07071,0.07097,0,0.63333,0.18241,0.02032,2694,751.12231,1,0.08639,0.08037,-0.06007,-0.0621,0.65294,0.25467,0.80113,21.52122,1,0.08245,0.08545,1.12525,0.00468,1,1,0.00265,-0.06831,0.67873,0.50512,0.81895,20.50975,1,0.05897,0.05649,1.13424,0.0042,1,1,participant_10,question_13,Timer-Correct,True,Question
0.0,0,8,1,0.0728,0.05372,0,0.63333,0.18241,0.02679,2694,751.12231,1,0.08367,0.07504,-0.06007,-0.0621,0.65294,0.2546,0.80116,21.58003,1,0.09634,0.06641,1.14195,0.00466,1,1,0.00265,-0.06831,0.67873,0.50509,0.81895,20.52781,1,0.04926,0.04103,1.15094,0.00419,1,1,participant_10,question_13,Timer-Correct,True,Question
0.0,0,8,1,0.06769,0.03771,0,0.63333,0.18241,0.03351,2694,751.12231,1,0.08101,0.06882,-0.06081,-0.06291,0.66095,0.25449,0.8013,21.68328,1,0.09037,0.05142,1.15866,0.00463,1,1,0.00257,-0.06913,0.68578,0.50506,0.81896,20.46979,1,0.045,0.024,1.16764,0.00416,1,1,participant_10,question_13,Timer-Correct,True,Question
0.0,0,8,1,0.05842,0.04068,0,0.63333,0.18241,0.04022,2694,751.12231,1,0.07778,0.0648,-0.06081,-0.06291,0.66095,0.2545,0.80133,21.77284,1,0.07808,0.06784,1.16764,0.00457,1,1,0.00257,-0.06913,0.68578,0.50506,0.81903,20.51912,1,0.03875,0.01351,1.16764,0.00417,1,1,participant_10,question_13,Timer-Correct,True,Question
0.0,0,8,1,0.05098,0.05596,0,0.63333,0.18241,0.04718,2694,751.12231,1,0.07443,0.06369,-0.06081,-0.06291,0.66095,0.25452,0.80134,21.77055,1,0.07288,0.09203,1.16764,0.00459,1,1,0.00257,-0.06913,0.68578,0.50505,0.81903,20.54371,1,0.02908,0.01988,1.16764,0.00419,1,1,participant_10,question_13,Timer-Correct,True,Question
0.0,0,8,1,0.05343,0.06322,0,0.63333,0.18241,0.05359,2694,751.12231,1,0.0721,0.06364,-0.05741,-0.05935,0.62355,0.25448,0.80138,21.5338,1,0.07573,0.09864,1.15993,0.00462,1,1,0.00257,-0.06913,0.68578,0.50504,0.81899,20.51134,1,0.03112,0.02781,1.15993,0.00416,1,1,participant_10,question_13,Timer-Correct,True,Question
0.0,0,8,1,0.06924,0.02412,0,0.63333,0.18241,0.06055,2694,751.12231,1,0.07181,0.05969,-0.05741,-0.05935,0.62355,0.25441,0.80139,21.57456,1,0.07717,0.06126,1.15221,0.00464,1,1,0.00257,-0.06913,0.68578,0.50506,0.81904,20.40666,1,0.06132,-0.01303,1.15221,0.00424,1,1,participant_10,question_13,Timer-Correct,True,Other
0.0,0,8,1,0.068,0.03972,0,0.63333,0.18241,0.06702,2694,751.12231,1,0.07147,0.05787,-0.05741,-0.05935,0.62355,0.25433,0.80151,21.29339,1,0.07433,0.06774,1.14449,0.00475,1,1,0.00257,-0.06913,0.68578,0.50492,0.81912,20.4664,1,0.06168,0.01169,1.14449,0.00419,1,1,participant_10,question_13,Timer-Correct,True,Question
0.0,0,8,1,0.0704,0.04722,0,0.63333,0.18241,0.07367,2694,751.12231,1,0.07138,0.05698,-0.05741,-0.05939,0.62355,0.25438,0.80165,21.62281,1,0.07722,0.07464,1.13678,0.00474,1,1,0.00257,-0.06913,0.68578,0.50489,0.81919,20.47249,1,0.06358,0.01979,1.13678,0.00417,1,1,participant_10,question_13,Timer-Correct,True,Question
0.0,0,8,1,0.08569,0.03737,0,0.63333,0.18241,0.08038,2694,751.12231,1,0.07248,0.05548,-0.05741,-0.05939,0.62355,0.25433,0.80171,21.64832,1,0.10809,0.03153,1.13678,0.00472,1,1,0.00257,-0.06913,0.68578,0.50484,0.81927,20.31176,1,0.06328,0.04321,1.13678,0.00418,1,1,participant_10,question_13,Timer-Correct,True,Question
0.0,0,8,1,0.07298,0.06151,0,0.63333,0.18241,0.08734,2694,751.12231,1,0.07251,0.05591,-0.05741,-0.05939,0.62355,0.25432,0.80181,21.66969,1,0.06967,0.08754,1.13678,0.00471,1,1,0.00257,-0.06913,0.68578,0.50496,0.81927,20.29447,1,0.07629,0.03549,1.13678,0.00425,1,1,participant_10,question_13,Timer-Correct,True,Question
0.0,0,8,1,0.07177,0.05626,0,0.63333,0.18241,0.09387,2694,751.12231,1,0.07246,0.05593,-0.05741,-0.05939,0.62355,0.2543,0.80181,21.68999,1,0.06967,0.08754,1.13678,0.00471,1,1,0.00269,-0.07079,0.70229,0.50495,0.81928,20.11237,1,0.07387,0.02497,1.14696,0.00423,1,1,participant_10,question_13,Timer-Correct,True,Question
0.0,0,8,1,0.07833,0.05595,0,0.63333,0.18241,0.10071,2694,751.12231,1,0.07283,0.05593,-0.05741,-0.05939,0.62355,0.25435,0.80159,21.45276,1,0.08882,0.09443,1.14696,0.00471,1,1,0.00269,-0.07079,0.70229,0.50501,0.81925,20.11891,1,0.06784,0.01746,1.15715,0.0042,1,1,participant_10,question_13,Timer-Correct,True,Question
0.0,0,8,1,0.08354,0.03491,0,0.63333,0.18241,0.10724,2694,751.12231,1,0.07346,0.05469,-0.05741,-0.05939,0.62355,0.25443,0.80173,21.92635,1,0.08951,0.06996,1.15715,0.00469,1,1,0.00269,-0.07079,0.70229,0.50505,0.81928,20.15814,1,0.07757,-0.00013,1.16733,0.00422,1,1,participant_10,question_13,Timer-Correct,True,Question
0.0,0,8,1,0.07829,0.01772,0,0.63333,0.18241,0.11487,2694,751.12231,1,0.07373,0.05264,-0.06098,-0.06314,0.66286,0.25453,0.80134,21.72109,1,0.0831,0.05417,1.17505,0.00464,1,1,0.00269,-0.07079,0.70229,0.50508,0.81926,20.2436,1,0.07348,-0.01873,1.18524,0.00423,1,1,participant_10,question_13,Timer-Correct,True,Other
0.0,0,8,1,0.0691,-0.01907,0,0.63333,0.18241,0.12097,2694,751.12231,1,0.07349,0.04887,-0.06098,-0.06314,0.66286,0.25456,0.80133,21.48191,1,0.08363,0.01726,1.19295,0.00468,1,1,0.00269,-0.07079,0.70229,0.50518,0.81914,20.33769,1,0.05456,-0.0554,1.19295,0.00424,1,1,participant_10,question_13,Timer-Correct,True,Other
0.0,0,8,1,0.05544,0.04625,0,0.63333,0.18241,0.12811,2694,751.12231,1,0.07258,0.04874,-0.06098,-0.06314,0.66286,0.25463,0.80129,21.46125,1,0.06324,0.06291,1.20067,0.00473,1,1,0.00269,-0.07079,0.70229,0.50526,0.8191,20.26845,1,0.04765,0.02959,1.20067,0.00425,1,1,participant_10,question_13,Timer-Correct,True,Question
0.0,0,8,1,0.0578,0.0557,0,0.63333,0.18241,0.13483,2694,751.12231,1,0.07188,0.04907,-0.05834,-0.0604,0.63464,0.25469,0.80123,21.57175,1,0.06324,0.06291,1.20067,0.00473,1,1,0.00262,-0.06637,0.65888,0.50527,0.81903,20.17286,1,0.05237,0.04849,1.1815,0.00429,1,1,participant_10,question_13,Timer-Correct,True,Question
0.0,0,8,1,0.08039,0.04031,0,0.63333,0.18241,0.14142,2694,751.12231,1,0.07227,0.04867,-0.05834,-0.0604,0.63464,0.25489,0.80117,21.50529,1,0.08325,0.04742,1.17378,0.00471,1,1,0.00262,-0.06637,0.65888,0.50559,0.81897,20.22955,1,0.07752,0.0332,1.15461,0.00424,1,1,participant_10,question_13,Timer-Correct,True,Question
0.0,0,8,1,0.10279,0.0536,0,0.63333,0.18241,0.14813,2694,751.12231,1,0.07359,0.04888,-0.05834,-0.0604,0.63464,0.255,0.80104,21.66764,1,0.10783,0.0512,1.14689,0.00469,1,1,0.00262,-0.06637,0.65888,0.50576,0.81869,19.81518,1,0.09775,0.056,1.12772,0.00433,1,1,participant_10,question_13,Timer-Correct,True,Question
0.0,0,8,1,0.10728,0.06746,0,0.63333,0.18241,0.15485,2694,751.12231,1,0.075,0.04966,-0.06088,-0.06308,0.66278,0.25496,0.80093,21.71496,1,0.1145,0.06858,1.12772,0.00469,1,1,0.00272,-0.06762,0.6718,0.50569,0.81867,20.34286,1,0.10006,0.06634,1.11753,0.00431,1,1,participant_10,question_13,Timer-Correct,True,Question
0.0,0,8,1,0.07411,0.06876,0,0.63333,0.18241,0.1615,2694,751.12231,1,0.07496,0.05042,-0.06088,-0.06308,0.66278,0.25527,0.8009,22.20924,1,0.09917,0.11156,1.12525,0.00471,1,1,0.00272,-0.06762,0.6718,0.50577,0.8188,21.03035,1,0.04905,0.02597,1.13424,0.00423,1,1,participant_10,question_13,Timer-Correct,True,Question
0.0,0,8,1,0.06688,0.05567,0,0.63333,0.18241,0.16803,2694,751.12231,1,0.07465,0.05062,-0.06088,-0.06308,0.66278,0.2552,0.80085,21.46649,1,0.0852,0.09076,1.14195,0.00476,1,1,0.00272,-0.06762,0.6718,0.50572,0.81852,20.04615,1,0.04856,0.02059,1.15094,0.00433,1,1,participant_10,question_13,Timer-Correct,True,Question
0.0,0,8,1,0.06385,0.0485,0,0.63333,0.18241,0.17474,2694,751.12231,1,0.07425,0.05054,-0.0607,-0.0629,0.66191,0.25539,0.80039,21.1638,1,0.07907,0.07613,1.15866,0.00465,1,1,0.00269,-0.06427,0.63952,0.50578,0.81836,19.68142,1,0.04863,0.02087,1.15067,0.00431,1,1,participant_10,question_13,Timer-Correct,True,Question
0.0,0,8,1,0.08893,0.06818,0,0.63333,0.18241,0.18176,2694,751.12231,1,0.07477,0.05117,-0.0607,-0.0629,0.66191,0.25543,0.8003,21.38065,1,0.11018,0.06687,1.15067,0.00468,1,1,0.00269,-0.06427,0.63952,0.50604,0.81836,19.99827,1,0.06768,0.06949,1.13369,0.00427,1,1,participant_10,question_13,Timer-Correct,True,Question
0.0,0,8,1,0.09514,0.08611,0,0.63333,0.18241,0.18842,2694,751.12231,1,0.07548,0.05238,-0.0607,-0.0629,0.66191,0.25545,0.80031,21.36823,1,0.11643,0.08519,1.13369,0.00472,1,1,0.00269,-0.06427,0.63952,0.50607,0.81833,20.04876,1,0.07385,0.08703,1.11672,0.00424,1,1,participant_10,question_13,Timer-Correct,True,Question
0.0,0,8,1,0.09921,0.09814,0,0.63333,0.18241,0.19513,2694,751.12231,1,0.07627,0.0539,-0.05924,-0.06149,0.64711,0.25545,0.80032,21.6052,1,0.12233,0.10026,1.11672,0.00472,1,1,0.00284,-0.06676,0.66428,0.50618,0.81822,19.71132,1,0.07608,0.09601,1.10773,0.00433,1,1,participant_10,question_13,Timer-Correct,True,Question
0.0,0,8,1,0.09204,0.10759,0,0.63333,0.18241,0.20178,2694,751.12231,1,0.07678,0.05564,-0.05924,-0.06149,0.64711,0.25559,0.80032,21.37204,1,0.10355,0.11051,1.10773,0.0048,1,1,0.00284,-0.06676,0.66428,0.5063,0.81832,19.99237,1,0.08054,0.10468,1.11572,0.00434,1,1,participant_10,question_13,Timer-Correct,True,Question
0.0,0,8,1,0.09601,0.08478,0,0.63333,0.18241,0.20862,2694,751.12231,1,0.07738,0.05655,-0.05924,-0.06149,0.64711,0.25562,0.80025,21.28491,1,0.10529,0.08929,1.11572,0.0048,1,1,0.00284,-0.06676,0.66428,0.50633,0.81837,19.82238,1,0.08674,0.08027,1.12371,0.00436,1,1,participant_10,question_13,Timer-Correct,True,Question
0.0,0,8,1,0.09593,0.08452,0,0.63333,0.18241,0.21588,2694,751.12231,1,0.07794,0.0574,-0.05766,-0.0599,0.63036,0.25564,0.80042,21.28941,1,0.10519,0.08905,1.11599,0.0048,1,1,0.00284,-0.06676,0.66428,0.5063,0.81859,20.23313,1,0.08667,0.08,1.12398,0.00431,1,1,participant_10,question_13,Timer-Correct,True,Question
0.0,0,8,1,0.10041,0.07689,0,0.63333,0.18241,0.22198,2694,751.12231,1,0.0786,0.05797,-0.05766,-0.0599,0.63036,0.25562,0.80058,21.22371,1,0.10996,0.10107,1.11626,0.00484,1,1,0.00284,-0.06676,0.66428,0.50638,0.81856,20.1628,1,0.09086,0.05271,1.11626,0.00436,1,1,participant_10,question_13,Timer-Correct,True,Question
0.0,0,8,1,0.10701,0.08706,0,0.63333,0.18241,0.22858,2694,751.12231,1,0.07941,0.0588,-0.05766,-0.0599,0.63036,0.2556,0.80059,21.2291,1,0.10922,0.12439,1.10855,0.00483,1,1,0.00284,-0.06676,0.66428,0.50634,0.8187,20.56544,1,0.10479,0.04974,1.10855,0.00429,1,1,participant_10,question_13,Timer-Correct,True,Question
0.0,0,8,1,0.10701,0.08706,0,0.63333,0.18241,0.23541,2694,751.12231,1,0.08018,0.05958,-0.05924,-0.06149,0.64711,0.25562,0.80058,21.24912,1,0.10922,0.12439,1.10855,0.00483,1,1,0.00284,-0.06686,0.66427,0.50634,0.81866,20.45667,1,0.10479,0.04974,1.10855,0.00428,1,1,participant_10,question_13,Timer-Correct,True,Question
0.0,0,8,1,0.09827,0.09989,0,0.63333,0.18241,0.24207,2694,751.12231,1,0.08067,0.06067,-0.05924,-0.06149,0.64711,0.2556,0.80061,21.23524,1,0.10828,0.12189,1.11626,0.00484,1,1,0.00284,-0.06686,0.66427,0.50637,0.81864,20.33643,1,0.08826,0.07789,1.11626,0.00424,1,1,participant_10,question_13,Timer-Correct,True,Question
0.0,0,8,1,0.0956,0.06307,0,0.63333,0.18241,0.24207,2694,751.12231,0,0.09495,0.08265,-0.05924,-0.06149,0.64711,0.25577,0.8008,22.02736,1,0.10888,0.05718,1.12398,0.00473,1,1,0.00284,-0.06686,0.66427,0.50637,0.81864,20.30284,1,0.08232,0.06896,1.12398,0.00427,1,1,participant_10,question_13,Timer-Correct,True,Question
0.0,0,8,1,0.09332,0.05563,0,0.63333,0.18241,0.24207,2694,751.12231,0,0.09413,0.06914,-0.05924,-0.06149,0.64711,0.25575,0.80076,21.95794,1,0.10616,0.05009,1.13169,0.00474,1,1,0.00284,-0.06686,0.66427,0.50633,0.81875,20.43757,1,0.08048,0.06117,1.13169,0.00428,1,1,participant_10,question_13,Timer-Correct,True,Question
0.0,0,8,1,0.0922,0.04416,0,0.63333,0.18241,0.24207,2694,751.12231,0,0.09349,0.06081,-0.05924,-0.06149,0.64711,0.25571,0.8008,21.84772,1,0.10457,0.04585,1.13169,0.00474,1,1,0.00284,-0.06686,0.66427,0.50628,0.81879,20.31154,1,0.07984,0.04247,1.13169,0.0044,1,1,participant_10,question_13,Timer-Correct,True,Question
0.0,0,8,1,0.09514,0.06624,0,0.63333,0.18241,0.01923,2695,751.37134,1,0.0939,0.06217,-0.05924,-0.06149,0.64711,0.25581,0.80082,21.88256,1,0.10484,0.07279,1.13169,0.00474,1,1,0.00284,-0.06686,0.66427,0.50642,0.81879,20.07795,1,0.08544,0.05969,1.13169,0.00436,1,1,participant_10,question_13,Timer-Correct,True,Question
0.0,0,8,1,0.09514,0.06624,0,0.63333,0.18241,0.02625,2695,751.37134,1,0.09415,0.06299,-0.05976,-0.06208,0.65274,0.25575,0.80083,21.76348,1,0.10484,0.07279,1.13169,0.00474,1,1,0.00284,-0.06686,0.66427,0.50645,0.8188,20.05555,1,0.08544,0.05969,1.13169,0.00432,1,1,participant_10,question_13,Timer-Correct,True,Question
0.0,0,8,1,0.0993,0.05971,0,0.63333,0.18241,0.03284,2695,751.37134,1,0.09501,0.06244,-0.05976,-0.06208,0.65274,0.25576,0.80082,21.97939,1,0.10646,0.067,1.13169,0.00477,1,1,0.00284,-0.06686,0.66427,0.50644,0.81874,20.15012,1,0.09214,0.05243,1.13169,0.0043,1,1,participant_10,question_13,Timer-Correct,True,Question
0.0,0,8,1,0.09846,0.08008,0,0.63333,0.18241,0.03949,2695,751.37134,1,0.0955,0.06496,-0.05976,-0.06208,0.65274,0.2557,0.80083,22.008,1,0.10424,0.1117,1.13169,0.00474,1,1,0.00284,-0.06686,0.66427,0.50646,0.81862,20.30479,1,0.09269,0.04845,1.13169,0.00432,1,1,participant_10,question_13,Timer-Correct,True,Question
0.0,0,8,1,0.09846,0.08008,0,0.63333,0.18241,0.04626,2695,751.37134,1,0.09587,0.06685,-0.05924,-0.06149,0.64711,0.2557,0.80083,22.008,1,0.10424,0.1117,1.13169,0.00474,1,1,0.00284,-0.06686,0.66427,0.50647,0.81864,20.12052,1,0.09269,0.04845,1.13169,0.00431,1,1,participant_10,question_13,Timer-Correct,True,Question
0.0,0,8,1,0.09398,0.06865,0,0.63333,0.18241,0.05328,2695,751.37134,1,0.09566,0.06705,-0.05924,-0.06149,0.64711,0.25568,0.80072,21.85138,1,0.10061,0.10991,1.13169,0.00474,1,1,0.00284,-0.06686,0.66427,0.5064,0.81852,19.85517,1,0.08734,0.02738,1.13169,0.0044,1,1,participant_10,question_13,Timer-Correct,True,Question
0.0,0,8,1,0.09427,0.0815,0,0.63333,0.18241,0.05994,2695,751.37134,1,0.09552,0.06849,-0.05924,-0.06149,0.64711,0.25557,0.80057,21.20597,1,0.1016,0.08785,1.13169,0.00486,1,1,0.00284,-0.06686,0.66427,0.50632,0.81846,19.9116,1,0.08694,0.07515,1.13169,0.00433,1,1,participant_10,question_13,Timer-Correct,True,Question
0.0,0,8,1,0.09656,0.08876,0,0.63333,0.18241,0.06665,2695,751.37134,1,0.09562,0.07034,-0.05766,-0.05985,0.63036,0.25557,0.80054,21.08809,1,0.10437,0.09469,1.12398,0.00486,1,1,0.00284,-0.06676,0.66428,0.50631,0.81854,20.21361,1,0.08875,0.08283,1.12398,0.00428,1,1,participant_10,question_13,Timer-Correct,True,Question
0.0,0,8,1,0.10066,0.0782,0,0.63333,0.18241,0.07336,2695,751.37134,1,0.09604,0.07099,-0.05766,-0.05985,0.63036,0.25565,0.80044,21.37841,1,0.1049,0.08836,1.11626,0.0048,1,1,0.00284,-0.06676,0.66428,0.50631,0.81847,20.47877,1,0.09642,0.06803,1.11626,0.00426,1,1,participant_10,question_13,Timer-Correct,True,Question
0.0,0,8,1,0.10009,0.09722,0,0.63333,0.18241,0.07996,2695,751.37134,1,0.09635,0.07301,-0.05766,-0.05985,0.63036,0.25564,0.80037,21.47552,1,0.10152,0.14343,1.10855,0.00478,1,1,0.00284,-0.06676,0.66428,0.50628,0.81842,20.64036,1,0.09866,0.05102,1.10855,0.00425,1,1,participant_10,question_13,Timer-Correct,True,Question
0.0,0,8,1,0.10009,0.09722,0,0.63333,0.18241,0.08679,2695,751.37134,1,0.09662,0.07474,-0.05924,-0.06139,0.64711,0.25558,0.80014,21.15849,1,0.10152,0.14343,1.10855,0.00479,1,1,0.00284,-0.06666,0.66429,0.50636,0.81806,20.50566,1,0.09866,0.05102,1.10855,0.00426,1,1,participant_10,question_13,Timer-Correct,True,Question
0.0,0,8,1,0.09048,0.06652,0,0.63333,0.18241,0.09351,2695,751.37134,1,0.09621,0.07419,-0.05924,-0.06139,0.64711,0.25572,0.79995,22.00444,1,0.08698,0.08045,1.11626,0.00473,1,1,0.00284,-0.06666,0.66429,0.5064,0.81771,20.15366,1,0.09397,0.05259,1.11626,0.00425,1,1,participant_10,question_13,Timer-Correct,True,Question
0.0,0,8,1,0.05941,0.07621,0,0.63333,0.18241,0.10016,2695,751.37134,1,0.09391,0.07432,-0.05924,-0.06139,0.64711,0.25592,0.79971,21.57381,1,0.07189,0.09448,1.12398,0.00479,1,1,0.00284,-0.06666,0.66429,0.50651,0.81753,20.10526,1,0.04693,0.05795,1.12398,0.00421,1,1,participant_10,question_13,Timer-Correct,True,Question
0.0,0,8,1,0.05941,0.07621,0,0.63333,0.18241,0.10687,2695,751.37134,1,0.09188,0.07443,-0.0588,-0.0609,0.64389,0.25609,0.79935,21.26342,1,0.07189,0.09448,1.12398,0.00477,1,1,0.00304,-0.06651,0.66426,0.5067,0.81721,20.01344,1,0.04693,0.05795,1.12398,0.00425,1,1,participant_10,question_13,Timer-Correct,True,Question
0.0,0,8,1,0.11717,0.03227,0,0.63333,0.18241,0.11322,2695,751.37134,1,0.09328,0.07209,-0.0588,-0.0609,0.64389,0.25679,0.79896,21.91628,1,0.11024,0.05563,1.11626,0.00475,1,1,0.00304,-0.06651,0.66426,0.50723,0.81665,19.9425,1,0.12409,0.0089,1.11626,0.00435,1,1,participant_10,question_13,Timer-Correct,True,Question
0.0,0,8,1,0.1207,0.07354,0,0.63333,0.18241,0.11987,2695,751.37134,1,0.09473,0.07216,-0.0588,-0.0609,0.64389,0.25682,0.79857,21.43311,1,0.12619,0.07836,1.10855,0.00478,1,1,0.00304,-0.06651,0.66426,0.50731,0.81655,20.17715,1,0.11521,0.06872,1.10855,0.00417,1,1,participant_10,question_13,Timer-Correct,True,Question
0.0,0,8,1,0.11972,0.06896,0,0.63333,0.18241,0.12659,2695,751.37134,1,0.09598,0.072,-0.06041,-0.06252,0.66315,0.25696,0.79816,21.16463,1,0.12619,0.07836,1.10855,0.00477,1,1,0.00314,-0.06755,0.6762,0.50742,0.81624,19.73935,1,0.11325,0.05956,1.11753,0.00424,1,1,participant_10,question_13,Timer-Correct,True,Question
0.0,0,8,1,0.1297,0.04463,0,0.63333,0.18241,0.13287,2695,751.37134,1,0.09758,0.0707,-0.06041,-0.06252,0.66315,0.25723,0.7979,21.83153,1,0.1267,0.05732,1.12525,0.00469,1,1,0.00314,-0.06755,0.6762,0.50752,0.81587,20.19456,1,0.13271,0.03194,1.13424,0.00421,1,1,participant_10,question_13,Timer-Correct,True,Question
0.0,0,8,1,0.12882,0.03933,0,0.63333,0.18241,0.1405,2695,751.37134,1,0.099,0.06927,-0.06041,-0.06252,0.66315,0.25719,0.79782,21.57878,1,0.12655,0.08436,1.14195,0.00471,1,1,0.00314,-0.06755,0.6762,0.50764,0.81565,19.77346,1,0.13108,-0.0057,1.15094,0.00422,1,1,participant_10,question_13,Timer-Correct,True,Question
0.0,0,8,1,0.1244,0.0232,0,0.63333,0.18241,0.1485,2695,751.37134,1,0.10011,0.06727,-0.05949,-0.06142,0.65301,0.25732,0.7976,21.58905,1,0.12094,0.06963,1.15866,0.0048,1,1,0.00314,-0.06735,0.6762,0.5076,0.81554,19.69504,1,0.12786,-0.02322,1.16764,0.00424,1,1,participant_10,question_13,Timer-Correct,True,Other
0.0,0,8,1,0.12234,0.03339,0,0.63333,0.18241,0.15387,2695,751.37134,1,0.10103,0.06586,-0.05949,-0.06142,0.65301,0.25732,0.79725,21.5515,1,0.12607,0.05551,1.16764,0.00474,1,1,0.00314,-0.06735,0.6762,0.50784,0.81532,19.70554,1,0.11862,0.01126,1.16764,0.00427,1,1,participant_10,question_13,Timer-Correct,True,Question
0.0,0,8,1,0.10063,0.01638,0,0.63333,0.18241,0.16052,2695,751.37134,1,0.10102,0.06388,-0.05949,-0.06142,0.65301,0.2574,0.79717,21.57375,1,0.10895,0.03784,1.16764,0.00471,1,1,0.00314,-0.06735,0.6762,0.50806,0.81522,19.66592,1,0.09231,-0.00507,1.16764,0.00417,1,1,participant_10,question_13,Timer-Correct,True,Other
0.0,0,8,1,0.10377,0.02854,0,0.63333,0.18241,0.16699,2695,751.37134,1,0.10112,0.06252,-0.05744,-0.0593,0.63102,0.25748,0.79705,21.5072,1,0.11157,0.0448,1.15993,0.00476,1,1,0.00319,-0.06518,0.65443,0.508,0.81529,19.79403,1,0.09597,0.01227,1.15094,0.00417,1,1,participant_10,question_13,Timer-Correct,True,Question
0.0,0,8,1,0.13036,0.01258,0,0.63333,0.18241,0.17358,2695,751.37134,1,0.1022,0.06067,-0.05744,-0.0593,0.63102,0.25763,0.79707,21.81822,1,0.14166,0.0153,1.14322,0.00471,1,1,0.00319,-0.06518,0.65443,0.50806,0.8151,19.30636,1,0.11906,0.00985,1.13424,0.00421,1,1,participant_10,question_13,Timer-Correct,True,Other
0.0,0,8,1,0.11052,0.04002,0,0.63333,0.18241,0.18024,2695,751.37134,1,0.1025,0.05993,-0.05744,-0.0593,0.63102,0.25767,0.79681,21.37631,1,0.12598,0.0335,1.12652,0.00477,1,1,0.00319,-0.06518,0.65443,0.50817,0.81515,19.49079,1,0.09506,0.04655,1.11753,0.00419,1,1,participant_10,question_13,Timer-Correct,True,Question
0.0,0,8,1,0.11622,0.05867,0,0.63333,0.18241,0.18024,2695,751.37134,0,0.11869,0.03929,-0.0567,-0.05849,0.62344,0.25769,0.79646,20.90826,1,0.134,0.05567,1.10291,0.00473,1,1,0.00335,-0.06734,0.67611,0.50822,0.81521,20.24582,1,0.09843,0.06167,1.10291,0.00416,1,1,participant_10,question_13,Timer-Correct,True,Question
0.0,0,8,1,0.11305,0.04267,0,0.63333,0.18241,0.18024,2695,751.37134,0,0.11587,0.04098,-0.0567,-0.05849,0.62344,0.25781,0.79651,20.93299,1,0.14069,0.04942,1.09601,0.00473,1,1,0.00335,-0.06734,0.67611,0.50845,0.81497,19.81507,1,0.0854,0.03593,1.105,0.00419,1,1,participant_10,question_13,Timer-Correct,True,Question
0.0,0,8,1,0.12236,0.06835,0,0.63333,0.18241,0.18024,2695,751.37134,0,0.11804,0.05011,-0.0567,-0.05849,0.62344,0.2579,0.79647,20.79889,1,0.14467,0.10282,1.09809,0.00481,1,1,0.00335,-0.06734,0.67611,0.50851,0.8151,20.1172,1,0.10006,0.03388,1.10708,0.00411,1,1,participant_10,question_13,Timer-Correct,True,Question
0.0,0,8,1,0.11983,0.05956,0,0.63333,0.18241,0.02002,2696,751.55865,1,0.11849,0.05247,-0.05753,-0.0593,0.63308,0.25815,0.79644,20.99841,1,0.14165,0.09473,1.10708,0.00489,1,1,0.00347,-0.06772,0.67995,0.50863,0.81509,20.05941,1,0.09802,0.02438,1.11607,0.00415,1,1,participant_10,question_13,Timer-Correct,True,Question
0.0,0,8,1,0.11801,0.07493,0,0.63333,0.18241,0.02673,2696,751.55865,1,0.11839,0.05696,-0.05753,-0.0593,0.63308,0.25809,0.79637,21.69445,1,0.14011,0.11008,1.12297,0.00468,1,1,0.00347,-0.06772,0.67995,0.50881,0.81526,19.60775,1,0.09591,0.03979,1.12297,0.00425,1,1,participant_10,question_13,Timer-Correct,True,Question
0.0,0,8,1,0.13028,0.06753,0,0.63333,0.18241,0.03345,2696,751.55865,1,0.12037,0.05872,-0.05753,-0.0593,0.63308,0.25822,0.79624,21.68697,1,0.14722,0.09391,1.12987,0.00465,1,1,0.00347,-0.06772,0.67995,0.50878,0.81522,19.75099,1,0.11333,0.04116,1.12987,0.00425,1,1,participant_10,question_13,Timer-Correct,True,Question
0.0,0,8,1,0.12938,0.06555,0,0.63333,0.18241,0.03992,2696,751.55865,1,0.12166,0.0597,-0.06049,-0.06245,0.66671,0.25823,0.79619,21.63573,1,0.14498,0.08782,1.13678,0.00464,1,1,0.00344,-0.06618,0.66448,0.50883,0.81538,20.02068,1,0.11377,0.04329,1.12779,0.0041,1,1,participant_10,question_13,Timer-Correct,True,Question
0.0,0,8,1,0.12093,0.06846,0,0.63333,0.18241,0.04688,2696,751.55865,1,0.12157,0.06079,-0.06049,-0.06245,0.66671,0.25826,0.79614,21.46404,1,0.1209,0.10905,1.12779,0.00467,1,1,0.00344,-0.06618,0.66448,0.50891,0.81527,19.88518,1,0.12096,0.02787,1.1188,0.00417,1,1,participant_10,question_13,Timer-Correct,True,Question
0.0,0,8,1,0.12601,0.07914,0,0.63333,0.18241,0.05328,2696,751.55865,1,0.12206,0.06283,-0.06049,-0.06245,0.66671,0.25836,0.79616,21.848,1,0.12861,0.10223,1.1188,0.00466,1,1,0.00344,-0.06618,0.66448,0.50892,0.81538,20.1286,1,0.12341,0.05606,1.10982,0.00413,1,1,participant_10,question_13,Timer-Correct,True,Question
0.0,0,8,1,0.12636,0.08036,0,0.63333,0.18241,0.06024,2696,751.55865,1,0.12249,0.06459,-0.06055,-0.06252,0.66794,0.25833,0.79618,21.85529,1,0.12904,0.10335,1.11753,0.00465,1,1,0.00344,-0.06618,0.66448,0.5089,0.81526,19.80622,1,0.12368,0.05736,1.10855,0.00415,1,1,participant_10,question_13,Timer-Correct,True,Question
0.0,0,8,1,0.13329,0.06735,0,0.63333,0.18241,0.06671,2696,751.55865,1,0.12347,0.06484,-0.06055,-0.06252,0.66794,0.25843,0.79614,21.9241,1,0.13381,0.08629,1.11626,0.00469,1,1,0.00344,-0.06618,0.66448,0.50899,0.81537,19.91933,1,0.13278,0.0484,1.11626,0.00413,1,1,participant_10,question_13,Timer-Correct,True,Question
0.0,0,8,1,0.13221,0.05277,0,0.63333,0.18241,0.07318,2696,751.55865,1,0.1242,0.06383,-0.06055,-0.06252,0.66794,0.25841,0.79598,21.72606,1,0.13959,0.05727,1.12398,0.0047,1,1,0.00344,-0.06618,0.66448,0.50902,0.81533,19.91204,1,0.12483,0.04827,1.12398,0.00413,1,1,participant_10,question_13,Timer-Correct,True,Question
0.0,0,8,1,0.13221,0.05277,0,0.63333,0.18241,0.07996,2696,751.55865,1,0.12482,0.06298,-0.05765,-0.05953,0.6365,0.25837,0.79592,21.62354,1,0.13959,0.05727,1.12398,0.00468,1,1,0.00344,-0.06618,0.66448,0.50901,0.8154,19.79727,1,0.12483,0.04827,1.12398,0.00414,1,1,participant_10,question_13,Timer-Correct,True,Question
0.0,0,8,1,0.12798,0.06375,0,0.63333,0.18241,0.08667,2696,751.55865,1,0.12504,0.06304,-0.05765,-0.05953,0.6365,0.25838,0.79556,20.90362,1,0.11511,0.05043,1.11626,0.00466,1,1,0.00344,-0.06618,0.66448,0.5091,0.81536,19.83015,1,0.14084,0.07706,1.11626,0.00416,1,1,participant_10,question_13,Timer-Correct,True,Question
0.0,0,8,1,0.12725,0.07416,0,0.63333,0.18241,0.09363,2696,751.55865,1,0.12519,0.06378,-0.05765,-0.05953,0.6365,0.25855,0.79521,21.08812,1,0.12258,0.07276,1.10855,0.0046,1,1,0.00344,-0.06618,0.66448,0.5091,0.81538,19.8753,1,0.13192,0.07556,1.10855,0.00417,1,1,participant_10,question_13,Timer-Correct,True,Question
0.0,0,8,1,0.12939,0.0816,0,0.63333,0.18241,0.10046,2696,751.55865,1,0.12545,0.06489,-0.05757,-0.0594,0.63559,0.25847,0.79545,21.22538,1,0.12528,0.07985,1.10083,0.00467,1,1,0.00344,-0.06618,0.66448,0.50922,0.8154,19.73876,1,0.13351,0.08334,1.10083,0.00416,1,1,participant_10,question_13,Timer-Correct,True,Question
0.0,0,8,1,0.11235,0.07566,0,0.63333,0.18241,0.10706,2696,751.55865,1,0.12468,0.06552,-0.05757,-0.0594,0.63559,0.25882,0.79558,21.19725,1,0.11152,0.07221,1.10083,0.00474,1,1,0.00344,-0.06618,0.66448,0.50962,0.81527,19.32367,1,0.11318,0.0791,1.10083,0.00418,1,1,participant_10,question_13,Timer-Correct,True,Question
0.0,0,8,1,0.15116,0.07972,0,0.63333,0.18241,0.11383,2696,751.55865,1,0.12615,0.06631,-0.05757,-0.0594,0.63559,0.25958,0.79538,21.24784,1,0.16639,0.09373,1.10083,0.00486,1,1,0.00344,-0.06618,0.66448,0.51035,0.8153,19.74828,1,0.13593,0.06571,1.10083,0.00422,1,1,participant_10,question_13,Timer-Correct,True,Question
0.0,0,8,1,0.14599,0.05926,0,0.63333,0.18241,0.12048,2696,751.55865,1,0.1272,0.06594,-0.0591,-0.06138,0.65792,0.26018,0.79544,21.13167,1,0.16119,0.07886,1.11723,0.00488,1,1,0.00417,-0.06756,0.67831,0.51119,0.81506,19.50636,1,0.13079,0.03967,1.12621,0.00426,1,1,participant_10,question_13,Timer-Correct,True,Question
0.0,0,8,1,0.24732,0.01085,0,0.63333,0.18241,0.12726,2696,751.55865,1,0.1332,0.06319,-0.0591,-0.06138,0.65792,0.26309,0.7947,21.2519,1,0.25965,0.015,1.14261,0.00495,1,1,0.00417,-0.06756,0.67831,0.51397,0.81457,19.55067,1,0.235,0.0067,1.1516,0.00436,1,1,participant_10,question_13,Timer-Correct,True,Other
0.0,0,8,1,0.32155,-0.04541,0,0.63333,0.18241,0.13391,2696,751.55865,1,0.14217,0.05802,-0.0591,-0.06138,0.65792,0.26506,0.79427,20.68552,1,0.3164,-0.05972,1.16799,0.00494,1,1,0.00417,-0.06756,0.67831,0.51558,0.81451,19.52368,1,0.32669,-0.03111,1.17698,0.00424,1,1,participant_10,question_13,Timer-Correct,True,Other
0.0,0,8,1,0.31877,-0.06623,0,0.63333,0.18241,0.13391,2696,751.55865,0,0.17329,0.04219,-0.06047,-0.06356,0.68229,0.2659,0.79426,21.5665,1,0.31173,-0.08475,1.19338,0.00487,1,1,0.00482,-0.06586,0.66222,0.51671,0.81428,19.81033,1,0.32581,-0.0477,1.19338,0.00423,1,1,participant_10,question_13,Timer-Correct,True,Other
0.0,0,8,1,0.41856,-0.02627,0,0.63333,0.18241,0.13391,2696,751.55865,0,0.29592,0.00796,-0.06047,-0.06356,0.68229,0.2681,0.79369,21.61249,1,0.41135,-0.00969,1.19338,0.00481,1,1,0.00482,-0.06586,0.66222,0.51826,0.8141,20.26086,1,0.42576,-0.04285,1.18439,0.00421,1,1,participant_10,question_13,Timer-Correct,True,Other
0.0,0,8,1,0.42984,0.01267,0,0.63333,0.18241,0.13391,2696,751.55865,0,0.34056,0.00953,-0.06047,-0.06356,0.68229,0.26823,0.79331,21.04977,1,0.42448,0.03089,1.18439,0.00491,1,1,0.00482,-0.06586,0.66222,0.51842,0.81399,20.09575,1,0.4352,-0.00554,1.1754,0.00423,1,1,participant_10,question_13,Timer-Correct,True,Other
0.0,0,8,1,0.43061,0.02916,0,0.63333,0.18241,0.13391,2696,751.55865,0,0.42634,0.00519,-0.05842,-0.06135,0.66079,0.26843,0.79333,21.84577,1,0.42638,0.04674,1.16672,0.00487,1,1,0.00488,-0.06532,0.6578,0.51858,0.81394,20.06055,1,0.43485,0.01158,1.15774,0.00434,1,1,participant_10,question_13,Timer-Correct,True,Question
0.0,0,8,1,0.42855,0.01278,0,0.63333,0.18241,0.13391,2696,751.55865,0,0.42745,0.00898,-0.05842,-0.06135,0.66079,0.26831,0.79285,21.45239,1,0.44102,0.05886,1.14906,0.00478,1,1,0.00488,-0.06532,0.6578,0.5186,0.81345,19.71266,1,0.41608,-0.0333,1.14906,0.00442,1,1,participant_10,question_13,Timer-Correct,True,Other
0.0,0,8,1,0.41886,0.04959,0,0.63333,0.18241,0.13391,2696,751.55865,0,0.42458,0.02252,-0.05842,-0.06135,0.66079,0.26823,0.79268,21.7419,1,0.4294,0.0869,1.14038,0.0048,1,1,0.00488,-0.06532,0.6578,0.51849,0.81354,20.0992,1,0.40833,0.01229,1.14038,0.00429,1,1,participant_10,question_13,Timer-Correct,True,Question
0.0,0,8,1,0.41887,0.04515,0,0.63333,0.18241,0.02008,2697,751.71936,1,0.42316,0.02818,-0.06061,-0.0635,0.68504,0.26803,0.79253,21.72793,1,0.4294,0.0869,1.14038,0.00477,1,1,0.00497,-0.06703,0.67606,0.51853,0.81316,20.18592,1,0.40834,0.00341,1.14936,0.00422,1,1,participant_10,question_13,Timer-Correct,True,Question
0.0,0,8,1,0.42352,0.01861,0,0.63333,0.18241,0.02692,2697,751.71936,1,0.42323,0.02626,-0.06061,-0.0635,0.68504,0.26789,0.79193,21.25327,1,0.45003,0.02582,1.15804,0.0048,1,1,0.00497,-0.06703,0.67606,0.5185,0.81299,20.31556,1,0.39701,0.01141,1.16703,0.00417,1,1,participant_10,question_13,Timer-Correct,True,Other
0.0,0,8,1,0.41562,-0.00491,0,0.63333,0.18241,0.03326,2697,751.71936,1,0.42196,0.02107,-0.06061,-0.0635,0.68504,0.26788,0.79186,21.53493,1,0.4308,0.02395,1.17571,0.0048,1,1,0.00497,-0.06703,0.67606,0.51842,0.81264,19.69858,1,0.40045,-0.03377,1.1847,0.00423,1,1,participant_10,question_13,Timer-Correct,True,Other
0.0,0,8,1,0.41467,-0.02677,0,0.63333,0.18241,0.04022,2697,751.71936,1,0.42092,0.01423,-0.06047,-0.06304,0.68229,0.2679,0.79176,21.9325,1,0.42898,0.00787,1.19338,0.00471,1,1,0.00508,-0.06919,0.69894,0.51823,0.81255,19.73367,1,0.40036,-0.06142,1.21255,0.00421,1,1,participant_10,question_13,Timer-Correct,True,Other
0.0,0,8,1,0.39642,-0.05914,0,0.63333,0.18241,0.04688,2697,751.71936,1,0.41786,0.00506,-0.06047,-0.06304,0.68229,0.26771,0.79121,21.52459,1,0.41534,0.00605,1.21255,0.00476,1,1,0.00508,-0.06919,0.69894,0.51809,0.81241,20.12224,1,0.37749,-0.12434,1.22274,0.00422,1,1,participant_10,question_13,Timer-Correct,True,Other
0.0,0,8,1,0.401,-0.05792,0,0.63333,0.18241,0.05359,2697,751.71936,1,0.41598,-0.00194,-0.06047,-0.06304,0.68229,0.26753,0.79112,21.55865,1,0.40009,-0.04754,1.22274,0.0048,1,1,0.00508,-0.06919,0.69894,0.51795,0.81232,20.2991,1,0.40191,-0.0683,1.23292,0.00421,1,1,participant_10,question_13,Timer-Correct,True,Other
0.0,0,8,1,0.40039,-0.06267,0,0.63333,0.18241,0.06024,2697,751.71936,1,0.41442,-0.00801,-0.06179,-0.06421,0.696,0.26753,0.79099,21.64827,1,0.39887,-0.05705,1.23292,0.00477,1,1,0.00496,-0.06812,0.68855,0.51797,0.81233,20.20807,1,0.40191,-0.0683,1.23292,0.00424,1,1,participant_10,question_13,Timer-Correct,True,Other
0.0,0,8,1,0.40861,-0.07326,0,0.63333,0.18241,0.06696,2697,751.71936,1,0.4139,-0.01394,-0.06179,-0.06421,0.696,0.26718,0.79092,21.79349,1,0.40996,-0.06724,1.23292,0.00478,1,1,0.00496,-0.06812,0.68855,0.51769,0.8122,20.09678,1,0.40726,-0.07927,1.22274,0.00418,1,1,participant_10,question_13,Timer-Correct,True,Other
0.0,0,8,1,0.41079,-0.08067,0,0.63333,0.18241,0.07361,2697,751.71936,1,0.41364,-0.0195,-0.06179,-0.06421,0.696,0.26711,0.79092,21.68386,1,0.42814,-0.07165,1.22274,0.00481,1,1,0.00496,-0.06812,0.68855,0.51761,0.81219,20.45289,1,0.39345,-0.08969,1.21255,0.00422,1,1,participant_10,question_13,Timer-Correct,True,Other
0.0,0,8,1,0.4113,-0.07582,0,0.63333,0.18241,0.08142,2697,751.71936,1,0.41346,-0.02383,-0.05996,-0.06225,0.67428,0.26699,0.7909,21.672,1,0.42915,-0.06195,1.21255,0.0048,1,1,0.00498,-0.0706,0.71417,0.51759,0.81215,20.12045,1,0.39345,-0.08969,1.21255,0.00422,1,1,participant_10,question_13,Timer-Correct,True,Other
0.0,0,8,1,0.39176,-0.05219,0,0.63333,0.18241,0.09137,2697,751.71936,1,0.41191,-0.02586,-0.05996,-0.06225,0.67428,0.26659,0.79093,22.09706,1,0.38699,-0.07312,1.21255,0.00483,1,1,0.00498,-0.0706,0.71417,0.51719,0.81199,20.07922,1,0.39653,-0.03126,1.22274,0.00422,1,1,participant_10,question_13,Timer-Correct,True,Other
0.0,0,8,1,0.41652,-0.05636,0,0.63333,0.18241,0.09912,2697,751.71936,1,0.41222,-0.02789,-0.05996,-0.06225,0.67428,0.26643,0.79083,21.89748,1,0.4339,-0.08325,1.22274,0.00475,1,1,0.00498,-0.0706,0.71417,0.51699,0.81203,20.23457,1,0.39914,-0.02946,1.23292,0.00423,1,1,participant_10,question_13,Timer-Correct,True,Other
0.0,0,8,1,0.41603,-0.06126,0,0.63333,0.18241,0.10474,2697,751.71936,1,0.41245,-0.02998,-0.06045,-0.0625,0.67746,0.26622,0.7908,21.66184,1,0.43292,-0.09305,1.23292,0.00485,1,1,0.00457,-0.06691,0.67687,0.51692,0.81206,20.43415,1,0.39914,-0.02946,1.23292,0.00417,1,1,participant_10,question_13,Timer-Correct,True,Other
0.0,0,8,1,0.40095,-0.06733,0,0.63333,0.18241,0.1084,2697,751.71936,1,0.41178,-0.03218,-0.06045,-0.0625,0.67746,0.26581,0.79084,21.6614,1,0.40992,-0.09612,1.23292,0.00485,1,1,0.00457,-0.06691,0.67687,0.51645,0.81201,20.46666,1,0.39198,-0.03854,1.22274,0.0042,1,1,participant_10,question_13,Timer-Correct,True,Other
0.0,0,8,1,0.41093,-0.04586,0,0.63333,0.18241,0.1084,2697,751.71936,0,0.40661,-0.05994,-0.06045,-0.0625,0.67746,0.26539,0.79127,22.06662,1,0.42098,-0.04948,1.22274,0.00488,1,1,0.00457,-0.06691,0.67687,0.51619,0.81191,20.11684,1,0.40087,-0.04225,1.21255,0.00423,1,1,participant_10,question_13,Timer-Correct,True,Other
0.0,0,8,1,0.41095,-0.04553,0,0.63333,0.18241,0.1084,2697,751.71936,0,0.40878,-0.05274,-0.06185,-0.06373,0.69024,0.26525,0.79099,21.49285,1,0.42102,-0.04916,1.22239,0.00483,1,1,0.00446,-0.06826,0.69107,0.51609,0.81191,20.16199,1,0.40087,-0.04191,1.2122,0.0042,1,1,participant_10,question_13,Timer-Correct,True,Other
0.0,0,8,1,0.41104,-0.02107,0,0.63333,0.18241,0.1084,2697,751.71936,0,0.40953,-0.04218,-0.06185,-0.06373,0.69024,0.26457,0.79177,22.34415,1,0.42507,0.00643,1.22204,0.00488,1,1,0.00446,-0.06826,0.69107,0.5154,0.81199,20.30753,1,0.39701,-0.04857,1.22204,0.00421,1,1,participant_10,question_13,Timer-Correct,True,Other
0.0,0,8,1,0.39062,-0.02826,0,0.63333,0.18241,0.02008,2698,751.83319,1,0.40481,-0.0387,-0.06185,-0.06373,0.69024,0.26409,0.79191,22.30207,1,0.38504,-0.043,1.23188,0.00485,1,1,0.00446,-0.06826,0.69107,0.51505,0.81215,20.25956,1,0.3962,-0.01351,1.23188,0.0042,1,1,participant_10,question_13,Timer-Correct,True,Other
0.0,0,8,1,0.39059,-0.03304,0,0.63333,0.18241,0.02686,2698,751.83319,1,0.40196,-0.03757,-0.06247,-0.06399,0.69195,0.26392,0.79177,21.76215,1,0.38504,-0.043,1.23188,0.00486,1,1,0.00408,-0.06993,0.7069,0.51474,0.81217,20.27274,1,0.39614,-0.02307,1.24206,0.00423,1,1,participant_10,question_13,Timer-Correct,True,Other
0.0,0,8,1,0.35322,-0.08504,0,0.63333,0.18241,0.03351,2698,751.83319,1,0.39384,-0.04548,-0.06247,-0.06399,0.69195,0.26179,0.79256,21.92636,1,0.37461,-0.07581,1.23223,0.00507,1,1,0.00408,-0.06993,0.7069,0.51244,0.81226,19.73909,1,0.33184,-0.09427,1.24241,0.0044,1,1,participant_10,question_13,Timer-Correct,True,Other
0.0,0,8,1,0.28426,-0.05563,0,0.63333,0.18241,0.04022,2698,751.83319,1,0.37819,-0.04693,-0.06247,-0.06399,0.69195,0.25997,0.79309,22.395,1,0.28864,-0.04536,1.23257,0.00513,1,1,0.00408,-0.06993,0.7069,0.5106,0.81248,19.28853,1,0.27989,-0.0659,1.24276,0.00448,1,1,participant_10,question_13,Timer-Correct,True,Other
0.0,0,8,1,0.28582,-0.04257,0,0.63333,0.18241,0.04694,2698,751.83319,1,0.36664,-0.04638,-0.06023,-0.06104,0.65684,0.25913,0.79276,21.38861,1,0.29026,-0.03767,1.22424,0.0051,1,1,0.0028,-0.06843,0.69126,0.50953,0.81249,19.66037,1,0.28138,-0.04748,1.22424,0.00443,1,1,participant_10,question_13,Timer-Correct,True,Other
0.0,0,8,1,0.17775,-0.03965,0,0.63333,0.18241,0.05347,2698,751.83319,1,0.34565,-0.04564,-0.06023,-0.06104,0.65684,0.256,0.79361,21.66284,1,0.16744,-0.02618,1.21556,0.00491,1,1,0.0028,-0.06843,0.69126,0.50654,0.81284,19.7884,1,0.18806,-0.05312,1.20537,0.00439,1,1,participant_10,question_13,Timer-Correct,True,Other
0.0,0,8,1,0.18678,-0.02361,0,0.63333,0.18241,0.0603,2698,751.83319,1,0.32977,-0.04343,-0.06023,-0.06104,0.65684,0.25517,0.79462,22.31759,1,0.16127,-0.01608,1.19669,0.00501,1,1,0.0028,-0.06843,0.69126,0.50583,0.81305,19.42638,1,0.21229,-0.03113,1.18651,0.00445,1,1,participant_10,question_13,Timer-Correct,True,Other
0.0,0,8,1,0.18893,-0.01368,0,0.63333,0.18241,0.06702,2698,751.83319,1,0.31696,-0.04073,-0.06108,-0.06154,0.66011,0.25458,0.79411,21.19899,1,0.16424,-0.00665,1.18651,0.00503,1,1,0.00223,-0.06684,0.67462,0.50522,0.8133,19.95739,1,0.21363,-0.0207,1.17632,0.00437,1,1,participant_10,question_13,Timer-Correct,True,Other
0.0,0,8,1,0.17992,-0.02548,0,0.63333,0.18241,0.07379,2698,751.83319,1,0.30554,-0.03946,-0.06108,-0.06154,0.66011,0.25388,0.79461,21.77558,1,0.1718,0.00232,1.185,0.00502,1,1,0.00223,-0.06684,0.67462,0.50456,0.81361,20.72115,1,0.18803,-0.05329,1.185,0.0043,1,1,participant_10,question_13,Timer-Correct,True,Other
0.0,0,8,1,0.15745,-0.03489,0,0.63333,0.18241,0.08032,2698,751.83319,1,0.29415,-0.03911,-0.06108,-0.06154,0.66011,0.25365,0.79476,21.80112,1,0.16285,-0.03925,1.19368,0.00495,1,1,0.00223,-0.06684,0.67462,0.50419,0.81372,20.3469,1,0.15204,-0.03054,1.19368,0.00439,1,1,participant_10,question_13,Timer-Correct,True,Other
0.0,0,8,1,0.15822,-0.03027,0,0.63333,0.18241,0.08704,2698,751.83319,1,0.28444,-0.03848,-0.06131,-0.06157,0.65889,0.25334,0.79486,21.60133,1,0.16285,-0.03925,1.19368,0.00498,1,1,0.00182,-0.06514,0.65594,0.50394,0.81372,20.20391,1,0.15358,-0.0213,1.1847,0.00432,1,1,participant_10,question_13,Timer-Correct,True,Other
0.0,0,8,1,0.17569,-0.01302,0,0.63333,0.18241,0.08704,2698,751.83319,0,0.24411,-0.03543,-0.06131,-0.06157,0.65889,0.25263,0.79543,21.75209,1,0.19437,-0.00685,1.17602,0.00492,1,1,0.00182,-0.06514,0.65594,0.50331,0.81395,20.39206,1,0.15702,-0.01919,1.16703,0.00427,1,1,participant_10,question_13,Timer-Correct,True,Other
0.0,0,8,1,0.19913,0.03028,0,0.63333,0.18241,0.08704,2698,751.83319,0,0.22162,-0.00257,-0.06131,-0.06157,0.65889,0.25239,0.79599,22.27121,1,0.20428,0.04206,1.15835,0.00493,1,1,0.00182,-0.06514,0.65594,0.50301,0.81403,20.33818,1,0.19397,0.01849,1.14936,0.00429,1,1,participant_10,question_13,Timer-Correct,True,Question
0.0,0,8,1,0.20287,0.04724,0,0.63333,0.18241,0.08704,2698,751.83319,0,0.21537,0.01403,-0.06074,-0.06085,0.64964,0.25219,0.79579,21.89322,1,0.2091,0.05807,1.14068,0.00483,1,1,0.00155,-0.06619,0.66603,0.50274,0.81397,20.03104,1,0.19664,0.03641,1.1317,0.00435,1,1,participant_10,question_13,Timer-Correct,True,Question
0.0,0,8,1,0.22262,0.03759,0,0.63333,0.18241,0.02045,2699,751.9267,1,0.21718,0.01992,-0.06074,-0.06085,0.64964,0.25154,0.79644,21.96507,1,0.24646,0.06623,1.1317,0.00497,1,1,0.00155,-0.06619,0.66603,0.50209,0.81448,20.44752,1,0.19878,0.00895,1.1317,0.00435,1,1,participant_10,question_13,Timer-Correct,True,Question
0.0,0,8,1,0.19518,0.03128,0,0.63333,0.18241,0.02747,2699,751.9267,1,0.21278,0.02219,-0.06074,-0.06085,0.64964,0.2513,0.79672,22.02459,1,0.21789,0.01764,1.1317,0.0049,1,1,0.00155,-0.06619,0.66603,0.502,0.81459,20.31878,1,0.17248,0.04492,1.1317,0.00426,1,1,participant_10,question_13,Timer-Correct,True,Question
0.0,0,8,1,0.19253,0.01823,0,0.63333,0.18241,0.03381,2699,751.9267,1,0.20941,0.02153,-0.06346,-0.06337,0.67486,0.25112,0.79654,21.85446,1,0.21557,0.0094,1.14038,0.00486,1,1,0.00133,-0.06814,0.68409,0.50173,0.8148,20.46305,1,0.16948,0.02707,1.14936,0.00423,1,1,participant_10,question_13,Timer-Correct,True,Other
0.0,0,8,1,0.20104,0.01191,0,0.63333,0.18241,0.04059,2699,751.9267,1,0.20821,0.02016,-0.06346,-0.06337,0.67486,0.2506,0.79676,21.62554,1,0.22055,0.04821,1.15804,0.00487,1,1,0.00133,-0.06814,0.68409,0.5013,0.81482,20.06514,1,0.18152,-0.0244,1.16703,0.00428,1,1,participant_10,question_13,Timer-Correct,True,Other
0.0,0,8,1,0.16761,0.01026,0,0.63333,0.18241,0.04718,2699,751.9267,1,0.20314,0.01892,-0.06346,-0.06337,0.67486,0.25036,0.79732,22.1557,1,0.19302,0.04757,1.17571,0.00489,1,1,0.00133,-0.06814,0.68409,0.50102,0.81486,19.9501,1,0.1422,-0.02705,1.1847,0.00428,1,1,participant_10,question_13,Timer-Correct,True,Other
0.0,0,8,1,0.1644,-0.00208,0,0.63333,0.18241,0.05396,2699,751.9267,1,0.19883,0.01659,-0.06368,-0.0635,0.67513,0.25019,0.79689,21.08017,1,0.18815,0.03188,1.19338,0.00491,1,1,0.00105,-0.06631,0.66578,0.5009,0.81489,19.88846,1,0.14064,-0.03604,1.19338,0.00427,1,1,participant_10,question_13,Timer-Correct,True,Other
0.0,0,8,1,0.19569,-0.02013,0,0.63333,0.18241,0.06067,2699,751.9267,1,0.19852,0.01292,-0.06368,-0.0635,0.67513,0.24976,0.79724,21.41459,1,0.21142,0.02936,1.19338,0.00491,1,1,0.00105,-0.06631,0.66578,0.50062,0.81523,20.12491,1,0.17996,-0.06962,1.18439,0.00426,1,1,participant_10,question_13,Timer-Correct,True,Other
0.0,0,8,1,0.19196,-0.02524,0,0.63333,0.18241,0.06726,2699,751.9267,1,0.19792,0.00945,-0.06368,-0.0635,0.67513,0.24961,0.79782,22.00279,1,0.19018,-0.01367,1.18439,0.00487,1,1,0.00105,-0.06631,0.66578,0.5005,0.81546,20.31052,1,0.19374,-0.03681,1.1754,0.0043,1,1,participant_10,question_13,Timer-Correct,True,Other
0.0,0,8,1,0.19384,-0.01636,0,0.63333,0.18241,0.07397,2699,751.9267,1,0.19758,0.0073,-0.06296,-0.06268,0.66539,0.24955,0.79742,21.63824,1,0.19265,-0.00528,1.1754,0.00487,1,1,0.00084,-0.06577,0.65933,0.50016,0.81561,20.31126,1,0.19504,-0.02744,1.16642,0.00427,1,1,participant_10,question_13,Timer-Correct,True,Other
0.0,0,8,1,0.19562,0.02336,0,0.63333,0.18241,0.08069,2699,751.9267,1,0.19743,0.00853,-0.06296,-0.06268,0.66539,0.24915,0.79767,21.44312,1,0.23133,0.03703,1.16642,0.00487,1,1,0.00084,-0.06577,0.65933,0.49998,0.81555,20.09595,1,0.15992,0.0097,1.16642,0.00431,1,1,participant_10,question_13,Timer-Correct,True,Other
0.0,0,8,1,0.20106,0.03623,0,0.63333,0.18241,0.0874,2699,751.9267,1,0.19769,0.01051,-0.06296,-0.06268,0.66539,0.24905,0.79774,21.60737,1,0.21743,0.05351,1.16642,0.00483,1,1,0.00084,-0.06577,0.65933,0.49977,0.81554,20.30109,1,0.1847,0.01895,1.16642,0.00427,1,1,participant_10,question_13,Timer-Correct,True,Question
0.0,0,8,1,0.20217,0.03994,0,0.63333,0.18241,0.09412,2699,751.9267,1,0.19799,0.01247,-0.06211,-0.06188,0.6559,0.24906,0.7979,21.43209,1,0.21969,0.06124,1.15774,0.00487,1,1,0.0007,-0.06695,0.67012,0.49978,0.81564,20.23818,1,0.18465,0.01864,1.16672,0.00418,1,1,participant_10,question_13,Timer-Correct,True,Question
0.0,0,8,1,0.18122,-0.01885,0,0.63333,0.18241,0.10229,2699,751.9267,1,0.19694,0.01052,-0.06211,-0.06188,0.6559,0.2486,0.79787,20.84198,1,0.19866,-0.02935,1.15804,0.00492,1,1,0.0007,-0.06695,0.67012,0.49946,0.81575,20.01855,1,0.16379,-0.00835,1.16703,0.00428,1,1,participant_10,question_13,Timer-Correct,True,Other
0.0,0,8,1,0.19777,0.00066,0,0.63333,0.18241,0.10718,2699,751.9267,1,0.19699,0.00994,-0.06211,-0.06188,0.6559,0.24861,0.79817,21.43971,1,0.21706,0.00815,1.15835,0.00481,1,1,0.0007,-0.06695,0.67012,0.49939,0.81577,19.87643,1,0.17848,-0.00683,1.16734,0.00424,1,1,participant_10,question_13,Timer-Correct,True,Other
0.0,0,8,1,0.1966,-0.00354,0,0.63333,0.18241,0.11395,2699,751.9267,1,0.19697,0.00919,-0.06528,-0.06498,0.68765,0.24859,0.79833,21.65772,1,0.21472,-0.00025,1.16734,0.00481,1,1,0.00065,-0.06619,0.66258,0.49914,0.81607,19.74056,1,0.17848,-0.00683,1.16734,0.0043,1,1,participant_10,question_13,Timer-Correct,True,Other
0.0,0,8,1,0.19348,-0.0108,0,0.63333,0.18241,0.12042,2699,751.9267,1,0.19678,0.00813,-0.06528,-0.06498,0.68765,0.24829,0.79851,21.19006,1,0.18995,0.02175,1.17602,0.0048,1,1,0.00065,-0.06619,0.66258,0.49908,0.81617,20.00646,1,0.19701,-0.04335,1.16703,0.00429,1,1,participant_10,question_13,Timer-Correct,True,Other
0.0,0,8,1,0.20688,0.00084,0,0.63333,0.18241,0.12756,2699,751.9267,1,0.19729,0.00777,-0.06528,-0.06498,0.68765,0.24824,0.7986,20.9181,1,0.21945,0.03023,1.17571,0.00485,1,1,0.00065,-0.06619,0.66258,0.49904,0.81621,20.07161,1,0.19431,-0.02856,1.16672,0.00431,1,1,participant_10,question_13,Timer-Correct,True,Other
0.0,0,8,1,0.20928,0.01374,0,0.63333,0.18241,0.13422,2699,751.9267,1,0.19786,0.00805,-0.06204,-0.06181,0.65306,0.24827,0.79879,21.3721,1,0.22175,0.03835,1.16672,0.00486,1,1,0.00057,-0.06381,0.63687,0.49891,0.81642,20.24489,1,0.1968,-0.01087,1.14975,0.00424,1,1,participant_10,question_13,Timer-Correct,True,Other
0.0,0,8,1,0.19513,0.03246,0,0.63333,0.18241,0.14099,2699,751.9267,1,0.19774,0.00916,-0.06204,-0.06181,0.65306,0.2482,0.79898,21.60323,1,0.21236,0.03598,1.14107,0.0048,1,1,0.00057,-0.06381,0.63687,0.49891,0.8166,20.02391,1,0.1779,0.02894,1.13308,0.00427,1,1,participant_10,question_13,Timer-Correct,True,Question
0.0,0,8,1,0.19471,0.06578,0,0.63333,0.18241,0.14783,2699,751.9267,1,0.1976,0.01163,-0.06204,-0.06181,0.65306,0.24815,0.79898,21.45487,1,0.21437,0.05986,1.1244,0.00481,1,1,0.00057,-0.06381,0.63687,0.49882,0.81668,20.08842,1,0.17506,0.07171,1.11641,0.0043,1,1,participant_10,question_13,Timer-Correct,True,Question
0.0,0,8,1,0.19774,0.07776,0,0.63333,0.18241,0.15436,2699,751.9267,1,0.19761,0.01438,-0.06204,-0.06181,0.65306,0.24799,0.79915,21.40478,1,0.21893,0.07516,1.10773,0.0049,1,1,0.00055,-0.06638,0.66247,0.4987,0.81687,20.08154,1,0.17655,0.08036,1.10773,0.00426,1,1,participant_10,question_13,Timer-Correct,True,Question
0.0,0,8,1,0.20298,0.06396,0,0.63333,0.18241,0.16107,2699,751.9267,1,0.19782,0.01636,-0.06204,-0.06181,0.65306,0.24783,0.79929,21.71788,1,0.23288,0.09953,1.10773,0.00477,1,1,0.00055,-0.06638,0.66247,0.4986,0.81685,20.07015,1,0.17308,0.02839,1.11572,0.00426,1,1,participant_10,question_13,Timer-Correct,True,Question
0.0,0,8,1,0.20291,0.05574,0,0.63333,0.18241,0.16736,2699,751.9267,1,0.19802,0.01788,-0.06204,-0.06181,0.65306,0.24784,0.7993,21.70466,1,0.22949,0.09102,1.11572,0.00477,1,1,0.00055,-0.06638,0.66247,0.49858,0.81689,20.09391,1,0.17633,0.02046,1.12371,0.00425,1,1,participant_10,question_13,Timer-Correct,True,Question
0.0,0,8,1,0.20118,0.048,0,0.63333,0.18241,0.17407,2699,751.9267,1,0.19814,0.01899,-0.06357,-0.06329,0.66811,0.24777,0.79919,21.38316,1,0.22737,0.08385,1.12371,0.0048,1,1,0.00055,-0.06638,0.66247,0.49857,0.8168,19.93677,1,0.17499,0.01215,1.1317,0.00424,1,1,participant_10,question_13,Timer-Correct,True,Question
0.0,0,8,1,0.19532,0.05267,0,0.63333,0.18241,0.18109,2699,751.9267,1,0.19804,0.0202,-0.06357,-0.06329,0.66811,0.2477,0.79919,21.41645,1,0.21204,0.08201,1.1317,0.00479,1,1,0.00055,-0.06638,0.66247,0.4984,0.81686,19.82578,1,0.1786,0.02332,1.1317,0.00429,1,1,participant_10,question_13,Timer-Correct,True,Question
0.0,0,8,1,0.20792,0.04723,0,0.63333,0.18241,0.18781,2699,751.9267,1,0.19838,0.02113,-0.06357,-0.06329,0.66811,0.2477,0.79918,21.40604,1,0.20903,0.07186,1.1317,0.0048,1,1,0.00055,-0.06638,0.66247,0.49838,0.81696,19.66838,1,0.20681,0.0226,1.1317,0.0043,1,1,participant_10,question_13,Timer-Correct,True,Question
0.0,0,8,1,0.2061,0.03887,0,0.63333,0.18241,0.19421,2699,751.9267,1,0.19864,0.02172,-0.06377,-0.06338,0.66962,0.24766,0.79917,21.49863,1,0.20664,0.06403,1.14038,0.00481,1,1,0.00044,-0.06599,0.65854,0.49832,0.81701,19.60332,1,0.20556,0.0137,1.14038,0.00433,1,1,participant_10,question_13,Timer-Correct,True,Question
0.0,0,8,1,0.18596,0.05056,0,0.63333,0.18241,0.20123,2699,751.9267,1,0.19823,0.02265,-0.06377,-0.06338,0.66962,0.24749,0.79956,21.91988,1,0.18907,0.06901,1.14906,0.00484,1,1,0.00044,-0.06599,0.65854,0.49815,0.81712,19.68787,1,0.18285,0.03211,1.14906,0.0043,1,1,participant_10,question_13,Timer-Correct,True,Question
0.0,0,8,1,0.18755,0.03581,0,0.63333,0.18241,0.20123,2699,751.9267,0,0.1989,0.04855,-0.06377,-0.06338,0.66962,0.24707,0.79959,21.80164,1,0.18335,0.01786,1.15774,0.00484,1,1,0.00044,-0.06599,0.65854,0.49762,0.81706,19.70139,1,0.19176,0.05375,1.15774,0.0043,1,1,participant_10,question_13,Timer-Correct,True,Question
0.0,0,8,1,0.18496,0.02316,0,0.63333,0.18241,0.20123,2699,751.9267,0,0.19193,0.03585,-0.06551,-0.06501,0.68579,0.24689,0.7995,21.46752,1,0.18087,0.00981,1.16642,0.00485,1,1,0.0002,-0.06808,0.67898,0.49752,0.81724,19.86245,1,0.18906,0.0365,1.17541,0.00431,1,1,participant_10,question_13,Timer-Correct,True,Other
0.0,0,8,1,0.15453,-0.0156,0,0.63333,0.18241,0.20123,2699,751.9267,0,0.17946,0.0187,-0.06551,-0.06501,0.68579,0.24645,0.79956,21.96984,1,0.18512,0.02742,1.17541,0.00479,1,1,0.0002,-0.06808,0.67898,0.49672,0.81733,20.2483,1,0.12394,-0.05862,1.18439,0.00432,1,1,participant_10,question_13,Timer-Correct,True,Other
0.0,0,8,1,0.14633,-0.02477,0,0.63333,0.18241,0.01965,2700,752.13428,1,0.17118,0.00783,-0.06551,-0.06501,0.68579,0.24619,0.79972,21.67292,1,0.1743,0.01139,1.18439,0.00487,1,1,0.0002,-0.06808,0.67898,0.49666,0.81739,20.59497,1,0.11837,-0.06092,1.19338,0.00423,1,1,participant_10,question_13,Timer-Correct,True,Other
0.0,0,8,1,0.14626,-0.02507,0,0.63333,0.18241,0.02673,2700,752.13428,1,0.1662,0.00125,-0.06238,-0.06186,0.65256,0.2461,0.79985,21.70777,1,0.17421,0.01111,1.1847,0.00486,1,1,0.0001,-0.06793,0.6769,0.49665,0.81734,20.42633,1,0.11831,-0.06125,1.19369,0.00425,1,1,participant_10,question_13,Timer-Correct,True,Other
0.0,0,8,1,0.14473,-0.00437,0,0.63333,0.18241,0.03369,2700,752.13428,1,0.16262,0.00032,-0.06238,-0.06186,0.65256,0.24608,0.79986,21.9481,1,0.17109,0.01577,1.185,0.00485,1,1,0.0001,-0.06793,0.6769,0.49656,0.81747,20.26301,1,0.11836,-0.02451,1.185,0.00425,1,1,participant_10,question_13,Timer-Correct,True,Other
0.0,0,8,1,0.14299,0.0039,0,0.63333,0.18241,0.03992,2700,752.13428,1,0.15981,0.00083,-0.06238,-0.06186,0.65256,0.24607,0.79997,21.92607,1,0.16934,0.02491,1.17632,0.00483,1,1,0.0001,-0.06793,0.6769,0.49652,0.81748,20.29855,1,0.11664,-0.01711,1.17632,0.00423,1,1,participant_10,question_13,Timer-Correct,True,Other
0.0,0,8,1,0.14513,0.01234,0,0.63333,0.18241,0.04639,2700,752.13428,1,0.15798,0.00227,-0.06207,-0.0616,0.64925,0.24608,0.79989,21.73639,1,0.17188,0.03278,1.16764,0.00482,1,1,0.0001,-0.06793,0.6769,0.49651,0.8176,20.62991,1,0.11837,-0.0081,1.16764,0.0042,1,1,participant_10,question_13,Timer-Correct,True,Other
0.0,0,8,1,0.14662,0.01552,0,0.63333,0.18241,0.05316,2700,752.13428,1,0.15672,0.00374,-0.06207,-0.0616,0.64925,0.24605,0.79989,21.6755,1,0.17369,0.02727,1.16764,0.00482,1,1,0.0001,-0.06793,0.6769,0.49661,0.8176,20.17328,1,0.11955,0.00378,1.16764,0.00423,1,1,participant_10,question_13,Timer-Correct,True,Other
0.0,0,8,1,0.14441,0.01796,0,0.63333,0.18241,0.05981,2700,752.13428,1,0.15549,0.00516,-0.06207,-0.0616,0.64925,0.24606,0.79988,21.68474,1,0.16956,0.02581,1.16764,0.00481,1,1,0.0001,-0.06793,0.6769,0.49663,0.81771,20.4698,1,0.11925,0.01011,1.16764,0.00422,1,1,participant_10,question_13,Timer-Correct,True,Other
0.0,0,8,1,0.14441,0.01796,0,0.63333,0.18241,0.06677,2700,752.13428,1,0.15448,0.00633,-0.06207,-0.0616,0.64925,0.24605,0.79993,21.77055,1,0.16956,0.02581,1.16764,0.00482,1,1,0.0001,-0.06798,0.67689,0.49661,0.81757,20.12301,1,0.11925,0.01011,1.16764,0.00424,1,1,participant_10,question_13,Timer-Correct,True,Other
0.0,0,8,1,0.15264,0.01444,0,0.63333,0.18241,0.07343,2700,752.13428,1,0.15432,0.007,-0.06207,-0.0616,0.64925,0.24612,0.79986,21.80227,1,0.18039,0.03206,1.16764,0.00485,1,1,0.0001,-0.06798,0.67689,0.49668,0.81756,20.02206,1,0.12489,-0.00319,1.16764,0.00422,1,1,participant_10,question_13,Timer-Correct,True,Other
0.0,0,8,1,0.14737,-0.0046,0,0.63333,0.18241,0.08069,2700,752.13428,1,0.15379,0.00611,-0.06207,-0.0616,0.64925,0.24617,0.7999,22.00759,1,0.17748,0.01983,1.16764,0.0048,1,1,0.0001,-0.06798,0.67689,0.49661,0.8176,20.17328,1,0.11727,-0.02904,1.16764,0.00424,1,1,participant_10,question_13,Timer-Correct,True,Other
0.0,0,8,1,0.14827,0.00014,0,0.63333,0.18241,0.08685,2700,752.13428,1,0.1534,0.00568,-0.06261,-0.06208,0.6549,0.24614,0.79973,22.28791,1,0.17748,0.01983,1.16764,0.00482,1,1,0.00015,-0.0657,0.65523,0.49672,0.81758,20.18544,1,0.11906,-0.01954,1.15866,0.00421,1,1,participant_10,question_13,Timer-Correct,True,Other
0.0,0,8,1,0.14131,0.01257,0,0.63333,0.18241,0.09332,2700,752.13428,1,0.15259,0.00614,-0.06261,-0.06208,0.6549,0.24626,0.79961,22.30991,1,0.15231,0.03054,1.15866,0.00485,1,1,0.00015,-0.0657,0.65523,0.49674,0.81754,20.2439,1,0.13031,-0.00539,1.14967,0.00422,1,1,participant_10,question_13,Timer-Correct,True,Other
0.0,0,8,1,0.14725,0.02513,0,0.63333,0.18241,0.10004,2700,752.13428,1,0.15226,0.00733,-0.06261,-0.06208,0.6549,0.24625,0.79958,22.41127,1,0.15251,0.04711,1.14967,0.0048,1,1,0.00015,-0.0657,0.65523,0.49672,0.81757,20.20074,1,0.14199,0.00316,1.14068,0.00421,1,1,participant_10,question_13,Timer-Correct,True,Question
0.0,0,8,1,0.14951,0.03392,0,0.63333,0.18241,0.10706,2700,752.13428,1,0.15209,0.00889,-0.06207,-0.0616,0.64925,0.24628,0.79959,22.38347,1,0.15533,0.05527,1.14068,0.00483,1,1,0.00015,-0.06544,0.6531,0.49684,0.81745,20.19526,1,0.14369,0.01256,1.1317,0.00423,1,1,participant_10,question_13,Timer-Correct,True,Question
0.0,0,8,1,0.16276,0.03525,0,0.63333,0.18241,0.11346,2700,752.13428,1,0.15269,0.01036,-0.06207,-0.0616,0.64925,0.24639,0.79969,22.01299,1,0.17174,0.04512,1.1317,0.00481,1,1,0.00015,-0.06544,0.6531,0.49705,0.81753,20.24248,1,0.15378,0.02538,1.1317,0.00434,1,1,participant_10,question_13,Timer-Correct,True,Question
0.0,0,8,1,0.16619,0.04097,0,0.63333,0.18241,0.12036,2700,752.13428,1,0.1534,0.01197,-0.06207,-0.0616,0.64925,0.24637,0.79959,22.23617,1,0.17432,0.05313,1.1317,0.00479,1,1,0.00015,-0.06544,0.6531,0.49706,0.81752,20.26789,1,0.15806,0.02881,1.1317,0.00433,1,1,participant_10,question_13,Timer-Correct,True,Question
0.0,0,8,1,0.16538,0.03635,0,0.63333,0.18241,0.12726,2700,752.13428,1,0.154,0.01319,-0.06207,-0.0615,0.64925,0.24638,0.79998,22.3341,1,0.17432,0.05313,1.1317,0.00486,1,1,0.0002,-0.06712,0.66985,0.49707,0.81751,20.20342,1,0.15644,0.01957,1.14068,0.00433,1,1,participant_10,question_13,Timer-Correct,True,Question
0.0,0,8,1,0.17029,0.00947,0,0.63333,0.18241,0.13422,2700,752.13428,1,0.15477,0.01301,-0.06207,-0.0615,0.64925,0.24637,0.79955,22.3066,1,0.17632,0.03466,1.14068,0.00482,1,1,0.0002,-0.06712,0.66985,0.49704,0.81747,20.1426,1,0.16425,-0.01572,1.14967,0.00431,1,1,participant_10,question_13,Timer-Correct,True,Other
0.0,0,8,1,0.16639,0.02949,0,0.63333,0.18241,0.14069,2700,752.13428,1,0.1553,0.01376,-0.06207,-0.0615,0.64925,0.24646,0.79958,22.00165,1,0.17549,0.07665,1.14967,0.00483,1,1,0.0002,-0.06712,0.66985,0.49702,0.81745,20.1239,1,0.15728,-0.01768,1.15866,0.00432,1,1,participant_10,question_13,Timer-Correct,True,Question
0.0,0,8,1,0.16756,0.03714,0,0.63333,0.18241,0.14771,2700,752.13428,1,0.15583,0.01478,-0.06138,-0.06087,0.64259,0.24648,0.79959,21.80841,1,0.17512,0.07553,1.15094,0.00486,1,1,0.00019,-0.06464,0.64508,0.49699,0.81742,20.22582,1,0.16001,-0.00124,1.14295,0.00424,1,1,participant_10,question_13,Timer-Correct,True,Question
0.0,0,8,1,0.17518,0.08004,0,0.63333,0.18241,0.15442,2700,752.13428,1,0.15664,0.0175,-0.06138,-0.06087,0.64259,0.24658,0.79985,22.27423,1,0.18114,0.08165,1.13524,0.00487,1,1,0.00019,-0.06464,0.64508,0.49701,0.81727,19.63081,1,0.16922,0.07843,1.11826,0.00436,1,1,participant_10,question_13,Timer-Correct,True,Question
0.0,0,8,1,0.18355,0.09286,0,0.63333,0.18241,0.16113,2700,752.13428,1,0.15772,0.02051,-0.06138,-0.06087,0.64259,0.24653,0.79951,21.81827,1,0.19505,0.10127,1.11054,0.00489,1,1,0.00019,-0.06464,0.64508,0.49722,0.81713,19.48835,1,0.17204,0.08445,1.09357,0.00422,1,1,participant_10,question_13,Timer-Correct,True,Question
0.0,0,8,1,0.18787,0.10776,0,0.63333,0.18241,0.16791,2700,752.13428,1,0.15888,0.02387,-0.06138,-0.06077,0.64259,0.24655,0.79943,21.89266,1,0.20233,0.1233,1.08585,0.00488,1,1,0.0003,-0.06761,0.67471,0.49722,0.81712,19.51973,1,0.17342,0.09221,1.08585,0.00429,1,1,participant_10,question_13,Timer-Correct,True,Question
0.0,0,8,1,0.16751,0.10204,0,0.63333,0.18241,0.16791,2700,752.13428,0,0.16745,0.05253,-0.06138,-0.06077,0.64259,0.24657,0.79942,21.90595,1,0.1813,0.12349,1.08585,0.00485,1,1,0.0003,-0.06761,0.67471,0.49725,0.81717,19.78896,1,0.15372,0.08059,1.10283,0.00426,1,1,participant_10,question_13,Timer-Correct,True,Question
0.0,0,8,1,0.1663,0.0916,0,0.63333,0.18241,0.16791,2700,752.13428,0,0.16688,0.07207,-0.06138,-0.06077,0.64259,0.24663,0.79948,21.99399,1,0.17682,0.11277,1.10283,0.00485,1,1,0.0003,-0.06761,0.67471,0.4973,0.81718,19.81131,1,0.15577,0.07043,1.1198,0.00422,1,1,participant_10,question_13,Timer-Correct,True,Question
0.0,0,8,1,0.1621,0.07557,0,0.63333,0.18241,0.16791,2700,752.13428,0,0.16528,0.07324,-0.06113,-0.06067,0.64099,0.24665,0.79954,22.14228,1,0.17156,0.0977,1.1198,0.00483,1,1,0.0003,-0.06761,0.67471,0.49733,0.81709,19.63618,1,0.15263,0.05345,1.13678,0.00422,1,1,participant_10,question_13,Timer-Correct,True,Question
0.0,0,8,1,0.1436,0.02905,0,0.63333,0.18241,0.01935,2701,752.30957,1,0.15986,0.06219,-0.06113,-0.06067,0.64099,0.24671,0.79952,22.16141,1,0.16248,0.07033,1.13678,0.00484,1,1,0.0003,-0.06761,0.67471,0.49736,0.81699,19.5364,1,0.12473,-0.01224,1.13678,0.00426,1,1,participant_10,question_13,Timer-Correct,True,Question
0.0,0,8,1,0.15577,0.03064,0,0.63333,0.18241,0.02594,2701,752.30957,1,0.15904,0.05588,-0.06113,-0.06067,0.64099,0.24679,0.79942,22.28774,1,0.17344,0.06901,1.13678,0.00483,1,1,0.0003,-0.06761,0.67471,0.49741,0.81702,19.50543,1,0.1381,-0.00772,1.13678,0.0043,1,1,participant_10,question_13,Timer-Correct,True,Question
0.0,0,8,1,0.15473,0.02785,0,0.63333,0.18241,0.03265,2701,752.30957,1,0.15833,0.05121,-0.06237,-0.06194,0.65444,0.24696,0.79944,22.48134,1,0.17111,0.06207,1.1445,0.00481,1,1,0.00034,-0.06583,0.65695,0.49736,0.81706,19.76196,1,0.13835,-0.00638,1.13551,0.00432,1,1,participant_10,question_13,Timer-Correct,True,Question
0.0,0,8,1,0.14431,0.02655,0,0.63333,0.18241,0.03931,2701,752.30957,1,0.15632,0.04768,-0.06237,-0.06194,0.65444,0.24682,0.7993,21.59721,1,0.14743,0.05952,1.14322,0.00491,1,1,0.00034,-0.06583,0.65695,0.49751,0.81701,19.69821,1,0.14118,-0.00642,1.13424,0.00436,1,1,participant_10,question_13,Timer-Correct,True,Question
0.0,0,8,1,0.14137,0.06287,0,0.63333,0.18241,0.04614,2701,752.30957,1,0.15445,0.04958,-0.06237,-0.06194,0.65444,0.24705,0.79939,22.58046,1,0.14995,0.0618,1.14195,0.00479,1,1,0.00034,-0.06583,0.65695,0.49748,0.81705,19.66591,1,0.1328,0.06394,1.13297,0.00436,1,1,participant_10,question_13,Timer-Correct,True,Question
0.0,0,8,1,0.1417,0.06407,0,0.63333,0.18241,0.05273,2701,752.30957,1,0.15304,0.05119,-0.06237,-0.06199,0.65444,0.24694,0.79919,21.56779,1,0.15035,0.06294,1.14068,0.00485,1,1,0.00044,-0.06599,0.65854,0.49752,0.81716,19.70706,1,0.13306,0.0652,1.1317,0.00432,1,1,participant_10,question_13,Timer-Correct,True,Question
0.0,0,8,1,0.1564,0.06504,0,0.63333,0.18241,0.05933,2701,752.30957,1,0.15337,0.05258,-0.06237,-0.06199,0.65444,0.24697,0.79921,21.50803,1,0.15909,0.07277,1.1317,0.00485,1,1,0.00044,-0.06599,0.65854,0.49757,0.81717,19.71615,1,0.15372,0.05732,1.1317,0.00431,1,1,participant_10,question_13,Timer-Correct,True,Question
0.0,0,8,1,0.16006,0.06261,0,0.63333,0.18241,0.06598,2701,752.30957,1,0.15398,0.05349,-0.06237,-0.06199,0.65444,0.24704,0.79901,21.41852,1,0.16802,0.06398,1.1317,0.00487,1,1,0.00044,-0.06599,0.65854,0.49767,0.81723,19.86999,1,0.1521,0.06125,1.1317,0.00435,1,1,participant_10,question_13,Timer-Correct,True,Question
0.0,0,8,1,0.16197,0.06996,0,0.63333,0.18241,0.07251,2701,752.30957,1,0.15465,0.05486,-0.06049,-0.06013,0.6353,0.24706,0.79903,21.19476,1,0.17039,0.07098,1.12398,0.00491,1,1,0.00044,-0.06599,0.65854,0.49778,0.81745,20.0699,1,0.15354,0.06895,1.12398,0.00429,1,1,participant_10,question_13,Timer-Correct,True,Question
0.0,0,8,1,0.18134,0.07817,0,0.63333,0.18241,0.07959,2701,752.30957,1,0.1567,0.05666,-0.06049,-0.06013,0.6353,0.24704,0.79893,21.28489,1,0.18273,0.07421,1.11626,0.00495,1,1,0.00044,-0.06599,0.65854,0.49782,0.81744,20.15328,1,0.17995,0.08213,1.11626,0.00432,1,1,participant_10,question_13,Timer-Correct,True,Question
0.0,0,8,1,0.18409,0.1047,0,0.63333,0.18241,0.0863,2701,752.30957,1,0.15866,0.06009,-0.06049,-0.06013,0.6353,0.2471,0.79892,21.21815,1,0.18832,0.1303,1.10855,0.00491,1,1,0.00044,-0.06599,0.65854,0.49792,0.81719,19.69612,1,0.17986,0.07911,1.10855,0.00432,1,1,participant_10,question_13,Timer-Correct,True,Question
0.0,0,8,1,0.18333,0.10022,0,0.63333,0.18241,0.09308,2701,752.30957,1,0.1603,0.06276,-0.06357,-0.06319,0.66811,0.24715,0.79895,21.37117,1,0.18832,0.1303,1.10855,0.0049,1,1,0.0005,-0.06735,0.67216,0.49806,0.81709,19.67375,1,0.17833,0.07015,1.11753,0.00425,1,1,participant_10,question_13,Timer-Correct,True,Question
0.0,0,8,1,0.16791,0.05821,0,0.63333,0.18241,0.09973,2701,752.30957,1,0.16078,0.06248,-0.06357,-0.06319,0.66811,0.24733,0.79881,21.58751,1,0.15376,0.08086,1.12525,0.00491,1,1,0.0005,-0.06735,0.67216,0.4981,0.81694,20.17477,1,0.18206,0.03556,1.13424,0.00422,1,1,participant_10,question_13,Timer-Correct,True,Question
0.0,0,8,1,0.15501,0.03499,0,0.63333,0.18241,0.10651,2701,752.30957,1,0.16044,0.06086,-0.06357,-0.06319,0.66811,0.24751,0.79881,22.0647,1,0.15833,0.06408,1.14195,0.00493,1,1,0.0005,-0.06735,0.67216,0.49807,0.81699,20.02157,1,0.15169,0.0059,1.15094,0.00427,1,1,participant_10,question_13,Timer-Correct,True,Question
0.0,0,8,1,0.15172,0.02349,0,0.63333,0.18241,0.11316,2701,752.30957,1,0.15995,0.05879,-0.06275,-0.06232,0.65945,0.24751,0.79874,21.92728,1,0.15314,0.04905,1.15866,0.00496,1,1,0.00055,-0.06638,0.66247,0.49805,0.8169,20.20832,1,0.1503,-0.00207,1.15866,0.00427,1,1,participant_10,question_13,Timer-Correct,True,Other
0.0,0,8,1,0.15113,0.01434,0,0.63333,0.18241,0.11975,2701,752.30957,1,0.15949,0.05645,-0.06275,-0.06232,0.65945,0.24744,0.79865,21.75769,1,0.14826,0.03217,1.15866,0.00493,1,1,0.00055,-0.06638,0.66247,0.49804,0.81687,20.27684,1,0.15401,-0.00349,1.14967,0.00433,1,1,participant_10,question_13,Timer-Correct,True,Other
0.0,0,8,1,0.14974,0.00708,0,0.63333,0.18241,0.12653,2701,752.30957,1,0.159,0.05398,-0.06275,-0.06232,0.65945,0.24737,0.79858,22.02758,1,0.15214,0.02425,1.14967,0.00492,1,1,0.00055,-0.06638,0.66247,0.49808,0.81686,20.23733,1,0.14734,-0.01008,1.14068,0.00436,1,1,participant_10,question_13,Timer-Correct,True,Other
0.0,0,8,1,0.15114,0.01125,0,0.63333,0.18241,0.13318,2701,752.30957,1,0.15863,0.05194,-0.06357,-0.06309,0.66811,0.24736,0.79854,22.06196,1,0.15495,0.03259,1.14068,0.00489,1,1,0.0005,-0.06735,0.67216,0.49805,0.8168,20.16754,1,0.14734,-0.01008,1.14068,0.00433,1,1,participant_10,question_13,Timer-Correct,True,Other
0.0,0,8,1,0.14961,-0.01868,0,0.63333,0.18241,0.14044,2701,752.30957,1,0.15822,0.04873,-0.06357,-0.06309,0.66811,0.24712,0.79832,21.55509,1,0.15565,0.00129,1.14068,0.00497,1,1,0.0005,-0.06735,0.67216,0.49808,0.8168,20.38605,1,0.14356,-0.03865,1.14967,0.00431,1,1,participant_10,question_13,Timer-Correct,True,Other
0.0,0,8,1,0.16219,-0.00913,0,0.63333,0.18241,0.14661,2701,752.30957,1,0.15839,0.04622,-0.06357,-0.06309,0.66811,0.24711,0.7983,21.4312,1,0.17441,-0.01144,1.14967,0.00498,1,1,0.0005,-0.06735,0.67216,0.49804,0.81677,20.2461,1,0.14997,-0.00683,1.15866,0.0043,1,1,participant_10,question_13,Timer-Correct,True,Other
0.0,0,8,1,0.16007,-0.01811,0,0.63333,0.18241,0.15332,2701,752.30957,1,0.15846,0.04354,-0.06357,-0.06309,0.66811,0.24712,0.79828,21.48817,1,0.17178,-0.02006,1.15866,0.00495,1,1,0.00051,-0.06847,0.68432,0.49793,0.81663,20.20144,1,0.14836,-0.01616,1.16764,0.00433,1,1,participant_10,question_13,Timer-Correct,True,Other
0.0,0,8,1,0.15305,-0.01226,0,0.63333,0.18241,0.16003,2701,752.30957,1,0.15824,0.0413,-0.06357,-0.06309,0.66811,0.24698,0.79817,21.30121,1,0.15322,-0.02963,1.16764,0.00497,1,1,0.00051,-0.06847,0.68432,0.49773,0.81653,20.15972,1,0.15288,0.00511,1.16764,0.0043,1,1,participant_10,question_13,Timer-Correct,True,Other
0.0,0,8,1,0.14624,0.01424,0,0.63333,0.18241,0.16693,2701,752.30957,1,0.15778,0.04026,-0.06357,-0.06309,0.66811,0.24689,0.79815,21.56927,1,0.14823,0.03299,1.16764,0.00495,1,1,0.00051,-0.06847,0.68432,0.49771,0.81652,20.16317,1,0.14424,-0.00451,1.16764,0.00428,1,1,participant_10,question_13,Timer-Correct,True,Other
0.0,0,8,1,0.14624,0.01424,0,0.63333,0.18241,0.16693,2701,752.30957,0,0.15367,0.00997,-0.06237,-0.06175,0.65444,0.2468,0.79809,21.63686,1,0.14823,0.03299,1.16764,0.00489,1,1,0.00041,-0.06814,0.68212,0.49774,0.81656,20.32431,1,0.14424,-0.00451,1.16764,0.00432,1,1,participant_10,question_13,Timer-Correct,True,Other
0.0,0,8,1,0.14727,0.05147,0,0.63333,0.18241,0.16693,2701,752.30957,0,0.15047,0.03072,-0.06237,-0.06175,0.65444,0.24687,0.79799,21.89708,1,0.16402,0.06951,1.16764,0.00487,1,1,0.00041,-0.06814,0.68212,0.49754,0.81646,20.57517,1,0.13052,0.03343,1.16764,0.00428,1,1,participant_10,question_13,Timer-Correct,True,Question
0.0,0,8,1,0.14515,0.01475,0,0.63333,0.18241,0.16693,2701,752.30957,0,0.1487,0.0254,-0.06237,-0.06175,0.65444,0.24678,0.79786,22.08961,1,0.16335,0.03241,1.16764,0.00488,1,1,0.00041,-0.06814,0.68212,0.49746,0.81615,19.8115,1,0.12695,-0.0029,1.16764,0.00437,1,1,participant_10,question_13,Timer-Correct,True,Other
0.0,0,8,1,0.14515,0.01475,0,0.63333,0.18241,0.02026,2702,752.48279,1,0.14781,0.02274,-0.06371,-0.06282,0.66742,0.2467,0.79774,21.95667,1,0.16335,0.03241,1.16764,0.00488,1,1,0.00041,-0.06814,0.68212,0.49739,0.81598,20.21801,1,0.12695,-0.0029,1.16764,0.00435,1,1,participant_10,question_13,Timer-Correct,True,Other
0.0,0,8,1,0.1612,0.02239,0,0.63333,0.18241,0.0274,2702,752.48279,1,0.15049,0.02267,-0.06371,-0.06282,0.66742,0.24651,0.79754,22.15528,1,0.17623,0.05929,1.16764,0.00493,1,1,0.00041,-0.06814,0.68212,0.49726,0.81571,20.41993,1,0.14617,-0.01452,1.16764,0.00436,1,1,participant_10,question_13,Timer-Correct,True,Other
0.0,0,8,1,0.15039,0.02697,0,0.63333,0.18241,0.03339,2702,752.48279,1,0.15047,0.02338,-0.06371,-0.06282,0.66742,0.24634,0.79727,21.60207,1,0.16961,0.00812,1.16764,0.00496,1,1,0.00041,-0.06814,0.68212,0.49713,0.81565,20.09372,1,0.13118,0.04581,1.16764,0.0044,1,1,participant_10,question_13,Timer-Correct,True,Question
0.0,0,8,1,0.15127,0.03139,0,0.63333,0.18241,0.03998,2702,752.48279,1,0.15059,0.02453,-0.06371,-0.06272,0.66742,0.2464,0.7969,21.58826,1,0.16961,0.00812,1.16764,0.00491,1,1,0.00027,-0.07054,0.70823,0.49705,0.81535,20.73861,1,0.13292,0.05466,1.15866,0.00431,1,1,participant_10,question_13,Timer-Correct,True,Question
0.0,0,8,1,0.15983,0.06893,0,0.63333,0.18241,0.04706,2702,752.48279,1,0.15174,0.03008,-0.06371,-0.06272,0.66742,0.24625,0.79675,22.28079,1,0.16117,0.08725,1.15866,0.00489,1,1,0.00027,-0.07054,0.70823,0.49691,0.8149,20.34463,1,0.15849,0.0506,1.14967,0.00434,1,1,participant_10,question_13,Timer-Correct,True,Question
0.0,0,8,1,0.1602,0.05316,0,0.63333,0.18241,0.05377,2702,752.48279,1,0.15268,0.03264,-0.06371,-0.06272,0.66742,0.24621,0.7966,22.04314,1,0.17993,0.06108,1.14967,0.0049,1,1,0.00027,-0.07054,0.70823,0.49691,0.81467,20.10308,1,0.14048,0.04523,1.14068,0.00429,1,1,participant_10,question_13,Timer-Correct,True,Question
0.0,0,8,1,0.1634,0.06453,0,0.63333,0.18241,0.06042,2702,752.48279,1,0.15375,0.03583,-0.06165,-0.06041,0.64438,0.24619,0.79696,22.94308,1,0.18483,0.07606,1.13297,0.00492,1,1,0.0002,-0.06688,0.67299,0.49694,0.8146,20.10549,1,0.14197,0.053,1.13297,0.00437,1,1,participant_10,question_13,Timer-Correct,True,Question
0.0,0,8,1,0.1465,0.08425,0,0.63333,0.18241,0.06683,2702,752.48279,1,0.15309,0.04023,-0.06165,-0.06041,0.64438,0.24615,0.79594,22.15204,1,0.1696,0.11111,1.12525,0.00483,1,1,0.0002,-0.06688,0.67299,0.49673,0.81455,20.80806,1,0.1234,0.0574,1.13424,0.00432,1,1,participant_10,question_13,Timer-Correct,True,Question
0.0,0,8,1,0.1468,0.04935,0,0.63333,0.18241,0.07385,2702,752.48279,1,0.15257,0.04099,-0.06165,-0.06041,0.64438,0.24599,0.79599,22.14406,1,0.17389,0.05664,1.12652,0.00484,1,1,0.0002,-0.06688,0.67299,0.49667,0.81449,20.50242,1,0.1197,0.04207,1.13551,0.0043,1,1,participant_10,question_13,Timer-Correct,True,Question
0.0,0,8,1,0.14543,0.04523,0,0.63333,0.18241,0.08051,2702,752.48279,1,0.15202,0.04132,-0.06371,-0.06228,0.66536,0.24578,0.79625,22.41816,1,0.17117,0.04838,1.13551,0.00492,1,1,5e-05,-0.06471,0.65164,0.49659,0.81416,20.04789,1,0.1197,0.04207,1.13551,0.00442,1,1,participant_10,question_13,Timer-Correct,True,Question
0.0,0,8,1,0.1592,0.0237,0,0.63333,0.18241,0.08728,2702,752.48279,1,0.15253,0.04006,-0.06371,-0.06228,0.66536,0.24566,0.79617,22.74464,1,0.17613,0.0343,1.14322,0.00494,1,1,5e-05,-0.06471,0.65164,0.49637,0.81419,20.43006,1,0.14226,0.01311,1.13424,0.00435,1,1,participant_10,question_13,Timer-Correct,True,Other
0.0,0,8,1,0.16375,0.02918,0,0.63333,0.18241,0.09357,2702,752.48279,1,0.15328,0.03933,-0.06371,-0.06228,0.66536,0.24553,0.79612,22.49482,1,0.16818,0.02948,1.14195,0.00494,1,1,5e-05,-0.06471,0.65164,0.49629,0.81416,20.35461,1,0.15932,0.02888,1.13297,0.00434,1,1,participant_10,question_13,Timer-Correct,True,Question
0.0,0,8,1,0.16325,0.02581,0,0.63333,0.18241,0.10028,2702,752.48279,1,0.1539,0.03849,-0.06278,-0.06118,0.65464,0.24551,0.7961,22.45357,1,0.16856,0.03066,1.14068,0.00498,1,1,0.0,-0.06775,0.68232,0.49616,0.81407,20.28886,1,0.15794,0.02095,1.14068,0.00439,1,1,participant_10,question_13,Timer-Correct,True,Question
0.0,0,8,1,0.16779,0.05173,0,0.63333,0.18241,0.10736,2702,752.48279,1,0.15472,0.03927,-0.06278,-0.06118,0.65464,0.24541,0.7961,22.75291,1,0.18428,0.08144,1.14068,0.00493,1,1,0.0,-0.06775,0.68232,0.49611,0.81413,20.22746,1,0.1513,0.02201,1.14967,0.00439,1,1,participant_10,question_13,Timer-Correct,True,Question
0.0,0,8,1,0.15422,0.03716,0,0.63333,0.18241,0.11407,2702,752.48279,1,0.15469,0.03915,-0.06278,-0.06118,0.65464,0.24538,0.79609,22.83973,1,0.17728,0.06012,1.14967,0.00491,1,1,0.0,-0.06775,0.68232,0.49602,0.81414,20.40423,1,0.13116,0.01419,1.15866,0.00433,1,1,participant_10,question_13,Timer-Correct,True,Question
0.0,0,8,1,0.15203,0.02853,0,0.63333,0.18241,0.12085,2702,752.48279,1,0.15455,0.03859,-0.06288,-0.06133,0.65574,0.2453,0.79592,22.55974,1,0.17463,0.05205,1.15866,0.00492,1,1,0.0,-0.06775,0.68232,0.4959,0.81402,20.1757,1,0.12942,0.005,1.16764,0.00433,1,1,participant_10,question_13,Timer-Correct,True,Question
0.0,0,8,1,0.14894,0.02952,0,0.63333,0.18241,0.12744,2702,752.48279,1,0.15427,0.03814,-0.06288,-0.06133,0.65574,0.24512,0.79587,22.73685,1,0.15566,0.05062,1.16764,0.00495,1,1,0.0,-0.06775,0.68232,0.49574,0.81405,20.23159,1,0.14223,0.00843,1.16764,0.00435,1,1,participant_10,question_13,Timer-Correct,True,Question
0.0,0,8,1,0.16978,0.03223,0,0.63333,0.18241,0.13409,2702,752.48279,1,0.15501,0.03786,-0.06288,-0.06133,0.65574,0.24509,0.79591,22.89487,1,0.16521,0.04248,1.16764,0.00495,1,1,0.0,-0.06775,0.68232,0.49554,0.81427,20.29534,1,0.17435,0.02198,1.16764,0.00439,1,1,participant_10,question_13,Timer-Correct,True,Question
0.0,0,8,1,0.17051,0.03672,0,0.63333,0.18241,0.14081,2702,752.48279,1,0.15571,0.03781,-0.06316,-0.06135,0.65652,0.24484,0.79587,22.49712,1,0.16521,0.04248,1.16764,0.00489,1,1,-0.00015,-0.06523,0.65691,0.49544,0.81419,19.98517,1,0.17582,0.03096,1.15866,0.00439,1,1,participant_10,question_13,Timer-Correct,True,Question
0.0,0,8,1,0.16381,0.01424,0,0.63333,0.18241,0.14758,2702,752.48279,1,0.15607,0.03678,-0.06316,-0.06135,0.65652,0.24452,0.79538,21.9475,1,0.17705,0.03974,1.15866,0.00499,1,1,-0.00015,-0.06523,0.65691,0.49536,0.81442,20.59514,1,0.15057,-0.01126,1.14967,0.00437,1,1,participant_10,question_13,Timer-Correct,True,Other
0.0,0,8,1,0.14896,0.01415,0,0.63333,0.18241,0.15417,2702,752.48279,1,0.15577,0.03584,-0.06316,-0.06135,0.65652,0.24438,0.7954,21.82281,1,0.16383,0.04415,1.14967,0.00496,1,1,-0.00015,-0.06523,0.65691,0.49524,0.81452,20.48524,1,0.13409,-0.01585,1.14068,0.00439,1,1,participant_10,question_13,Timer-Correct,True,Other
0.0,0,8,1,0.15033,0.01824,0,0.63333,0.18241,0.16101,2702,752.48279,1,0.15555,0.03513,-0.06292,-0.06103,0.65309,0.24419,0.79523,21.48464,1,0.16657,0.05234,1.14068,0.00499,1,1,-0.00031,-0.06914,0.69523,0.49517,0.81452,20.81859,1,0.13409,-0.01585,1.14068,0.00426,1,1,participant_10,question_13,Timer-Correct,True,Other
0.0,0,8,1,0.17341,0.04809,0,0.63333,0.18241,0.1676,2702,752.48279,1,0.15624,0.03563,-0.06292,-0.06103,0.65309,0.24383,0.79514,21.8299,1,0.19629,0.10513,1.14068,0.00498,1,1,-0.00031,-0.06914,0.69523,0.49467,0.81457,20.57661,1,0.15053,-0.00896,1.14967,0.00434,1,1,participant_10,question_13,Timer-Correct,True,Question
0.0,0,8,1,0.15311,0.03884,0,0.63333,0.18241,0.17413,2702,752.48279,1,0.15612,0.03575,-0.06292,-0.06103,0.65309,0.24366,0.79516,21.6484,1,0.16541,0.09779,1.14967,0.00502,1,1,-0.00031,-0.06914,0.69523,0.49447,0.81451,20.57211,1,0.1408,-0.02012,1.15866,0.00434,1,1,participant_10,question_13,Timer-Correct,True,Question
0.0,0,8,1,0.1509,0.03022,0,0.63333,0.18241,0.18085,2702,752.48279,1,0.15594,0.03555,-0.06353,-0.06142,0.65728,0.24358,0.79515,22.06796,1,0.16266,0.09002,1.15866,0.00497,1,1,-0.00051,-0.06787,0.68243,0.49441,0.81453,20.59158,1,0.13914,-0.02958,1.16764,0.00431,1,1,participant_10,question_13,Timer-Correct,True,Question
0.0,0,8,1,0.1806,0.00807,0,0.63333,0.18241,0.18726,2702,752.48279,1,0.15679,0.03461,-0.06353,-0.06142,0.65728,0.24313,0.79496,21.91553,1,0.19318,0.05159,1.16764,0.00495,1,1,-0.00051,-0.06787,0.68243,0.494,0.81444,20.38226,1,0.16802,-0.03545,1.16764,0.00439,1,1,participant_10,question_13,Timer-Correct,True,Other
0.0,0,8,1,0.14132,0.00095,0,0.63333,0.18241,0.19409,2702,752.48279,1,0.15627,0.03348,-0.06353,-0.06142,0.65728,0.24292,0.79486,22.00859,1,0.15791,0.03866,1.16764,0.00495,1,1,-0.00051,-0.06787,0.68243,0.49363,0.81452,20.49479,1,0.12474,-0.03676,1.16764,0.00434,1,1,participant_10,question_13,Timer-Correct,True,Other
0.0,0,8,1,0.14004,-0.0028,0,0.63333,0.18241,0.20154,2702,752.48279,1,0.15575,0.03231,-0.06442,-0.0619,0.66294,0.24263,0.79501,21.9776,1,0.15527,0.03084,1.17632,0.00496,1,1,-0.00073,-0.06488,0.65288,0.49331,0.81438,20.22061,1,0.1248,-0.03643,1.16734,0.00437,1,1,participant_10,question_13,Timer-Correct,True,Other
0.0,0,8,1,0.14462,0.02543,0,0.63333,0.18241,0.2074,2702,752.48279,1,0.1554,0.0321,-0.06442,-0.0619,0.66294,0.24185,0.79488,21.76868,1,0.13934,0.04257,1.17602,0.00499,1,1,-0.00073,-0.06488,0.65288,0.49273,0.81422,19.76326,1,0.1499,0.00828,1.16703,0.0044,1,1,participant_10,question_13,Timer-Correct,True,Question
0.0,0,8,1,0.15769,0.02527,0,0.63333,0.18241,0.21393,2702,752.48279,1,0.15547,0.03189,-0.06442,-0.0619,0.66294,0.24146,0.79507,22.01722,1,0.16296,0.03831,1.17571,0.00498,1,1,-0.00073,-0.06488,0.65288,0.49238,0.81422,20.29183,1,0.15242,0.01223,1.16672,0.00438,1,1,participant_10,question_13,Timer-Correct,True,Question
0.0,0,8,1,0.15903,0.0293,0,0.63333,0.18241,0.22083,2702,752.48279,1,0.15557,0.03181,-0.06346,-0.06065,0.64958,0.24123,0.79511,22.36284,1,0.16564,0.04636,1.16672,0.00496,1,1,-0.00111,-0.06707,0.67541,0.49206,0.81395,20.00829,1,0.15242,0.01223,1.16672,0.00435,1,1,participant_10,question_13,Timer-Correct,True,Question
0.0,0,8,1,0.15684,-0.00225,0,0.63333,0.18241,0.22797,2702,752.48279,1,0.15561,0.03084,-0.06346,-0.06065,0.64958,0.2404,0.7956,23.07849,1,0.17373,0.02065,1.15804,0.00497,1,1,-0.00111,-0.06707,0.67541,0.49129,0.81393,20.18352,1,0.13995,-0.02514,1.16703,0.00436,1,1,participant_10,question_13,Timer-Correct,True,Other
0.0,0,8,1,0.15618,0.03176,0,0.63333,0.18241,0.23425,2702,752.48279,1,0.15563,0.03087,-0.06346,-0.06065,0.64958,0.23991,0.79568,22.61978,1,0.1652,0.036,1.15835,0.00499,1,1,-0.00111,-0.06707,0.67541,0.4908,0.81395,20.763,1,0.14715,0.02752,1.16734,0.00436,1,1,participant_10,question_13,Timer-Correct,True,Question
0.0,0,8,1,0.1561,0.03147,0,0.63333,0.18241,0.24133,2702,752.48279,1,0.15564,0.03088,-0.06495,-0.06175,0.66077,0.23964,0.79579,23.09216,1,0.16511,0.03572,1.15866,0.00496,1,1,-0.00152,-0.06723,0.67707,0.49043,0.8138,20.26029,1,0.14709,0.02722,1.16764,0.00441,1,1,participant_10,question_13,Timer-Correct,True,Question
0.0,0,8,1,0.15278,0.00829,0,0.63333,0.18241,0.24841,2702,752.48279,1,0.15556,0.03029,-0.06495,-0.06175,0.66077,0.23873,0.79592,23.10202,1,0.15885,0.0396,1.16764,0.00499,1,1,-0.00152,-0.06723,0.67707,0.48963,0.81363,20.44649,1,0.14671,-0.02302,1.16764,0.00437,1,1,participant_10,question_13,Timer-Correct,True,Other
0.0,0,8,1,0.15247,-0.01912,0,0.63333,0.18241,0.25433,2702,752.48279,1,0.15548,0.02902,-0.06495,-0.06175,0.66077,0.23814,0.79599,22.91822,1,0.17376,-0.00509,1.16764,0.00499,1,1,-0.00152,-0.06723,0.67707,0.48916,0.81356,20.28029,1,0.13119,-0.03315,1.16764,0.00435,1,1,participant_10,question_13,Timer-Correct,True,Other
0.0,0,8,1,0.15432,-0.01142,0,0.63333,0.18241,0.26099,2702,752.48279,1,0.15546,0.02801,-0.0647,-0.06104,0.65269,0.23784,0.79609,23.07195,1,0.17599,0.00215,1.15993,0.00498,1,1,-0.00205,-0.06765,0.68337,0.48876,0.81362,20.55342,1,0.13265,-0.02499,1.15993,0.00443,1,1,participant_10,question_13,Timer-Correct,True,Other
0.0,0,8,1,0.15657,0.01952,0,0.63333,0.18241,0.26764,2702,752.48279,1,0.15548,0.0278,-0.0647,-0.06104,0.65269,0.23672,0.79618,23.27185,1,0.1598,0.02955,1.15221,0.00499,1,1,-0.00205,-0.06765,0.68337,0.48767,0.81313,20.23462,1,0.15334,0.0095,1.15221,0.00439,1,1,participant_10,question_13,Timer-Correct,True,Other
0.0,0,8,1,0.17203,0.05007,0,0.63333,0.18241,0.2746,2702,752.48279,1,0.15588,0.02833,-0.0647,-0.06104,0.65269,0.23626,0.79614,23.20808,1,0.17238,0.10389,1.1445,0.00499,1,1,-0.00205,-0.06765,0.68337,0.48724,0.81309,20.55993,1,0.17167,-0.00374,1.1445,0.00439,1,1,participant_10,question_13,Timer-Correct,True,Question
0.0,0,8,1,0.17203,0.05007,0,0.63333,0.18241,0.28101,2702,752.48279,1,0.15625,0.02884,-0.06545,-0.06143,0.65578,0.23578,0.79609,22.97192,1,0.17238,0.10389,1.1445,0.00499,1,1,-0.00255,-0.06728,0.68016,0.48678,0.81292,20.46309,1,0.17167,-0.00374,1.1445,0.00437,1,1,participant_10,question_13,Timer-Correct,True,Question
0.0,0,8,1,0.16731,0.05361,0,0.63333,0.18241,0.28778,2702,752.48279,1,0.1565,0.0294,-0.06545,-0.06143,0.65578,0.23466,0.79622,22.81236,1,0.16305,0.1105,1.15221,0.00502,1,1,-0.00255,-0.06728,0.68016,0.48595,0.81264,20.62256,1,0.17157,-0.00328,1.15221,0.00431,1,1,participant_10,question_13,Timer-Correct,True,Question
0.0,0,8,1,0.15215,0.06534,0,0.63333,0.18241,0.29565,2702,752.48279,1,0.15641,0.0302,-0.06545,-0.06143,0.65578,0.23418,0.79639,23.38693,1,0.16563,0.10376,1.15993,0.00501,1,1,-0.00255,-0.06728,0.68016,0.48533,0.81246,20.23719,1,0.13867,0.02693,1.15993,0.00438,1,1,participant_10,question_13,Timer-Correct,True,Question
0.0,0,8,1,0.153,0.06987,0,0.63333,0.18241,0.30164,2702,752.48279,1,0.15633,0.03106,-0.06272,-0.05847,0.62423,0.23376,0.7963,22.82297,1,0.16563,0.10376,1.15993,0.00501,1,1,-0.00295,-0.06578,0.66641,0.48493,0.81227,20.83276,1,0.14037,0.03599,1.15094,0.00432,1,1,participant_10,question_13,Timer-Correct,True,Question
0.0,0,8,1,0.18136,0.03551,0,0.63333,0.18241,0.30829,2702,752.48279,1,0.15687,0.03116,-0.06272,-0.05847,0.62423,0.23277,0.79639,23.06057,1,0.19053,0.07516,1.14322,0.00501,1,1,-0.00295,-0.06578,0.66641,0.48401,0.81203,20.6403,1,0.1722,-0.00414,1.13424,0.00438,1,1,participant_10,question_13,Timer-Correct,True,Question
0.0,0,8,1,0.15961,0.08579,0,0.63333,0.18241,0.315,2702,752.48279,1,0.15692,0.0323,-0.06272,-0.05847,0.62423,0.2321,0.79631,22.9019,1,0.17313,0.09102,1.12652,0.00501,1,1,-0.00295,-0.06578,0.66641,0.48341,0.81199,20.43113,1,0.1461,0.08056,1.11753,0.00446,1,1,participant_10,question_13,Timer-Correct,True,Question
0.0,0,8,1,0.16292,0.09704,0,0.63333,0.18241,0.32178,2702,752.48279,1,0.15712,0.03411,-0.06357,-0.05875,0.62716,0.23171,0.79637,22.43904,1,0.17824,0.10586,1.10982,0.00504,1,1,-0.00353,-0.06625,0.67172,0.48308,0.81169,20.43207,1,0.1476,0.08822,1.10982,0.00439,1,1,participant_10,question_13,Timer-Correct,True,Question
0.0,0,8,1,0.17179,0.06817,0,0.63333,0.18241,0.32806,2702,752.48279,1,0.15763,0.03446,-0.06357,-0.05875,0.62716,0.2305,0.79586,22.08203,1,0.19597,0.11351,1.10982,0.00506,1,1,-0.00353,-0.06625,0.67172,0.48206,0.81156,20.73247,1,0.14761,0.02282,1.1188,0.00437,1,1,participant_10,question_13,Timer-Correct,True,Question
0.0,0,8,1,0.17882,0.07286,0,0.63333,0.18241,0.33484,2702,752.48279,1,0.15833,0.03567,-0.06357,-0.05875,0.62716,0.23007,0.79627,22.50185,1,0.20293,0.10281,1.1188,0.00504,1,1,-0.00353,-0.06625,0.67172,0.48154,0.81132,20.2916,1,0.1547,0.04292,1.12779,0.00444,1,1,participant_10,question_13,Timer-Correct,True,Question
0.0,0,8,1,0.17371,0.05328,0,0.63333,0.18241,0.3418,2702,752.48279,1,0.15892,0.03647,-0.06956,-0.06376,0.68115,0.22978,0.79633,23.08965,1,0.19571,0.08037,1.14419,0.00503,1,1,-0.00389,-0.0646,0.65648,0.4812,0.8109,20.03782,1,0.1517,0.0262,1.14419,0.00439,1,1,participant_10,question_13,Timer-Correct,True,Question
0.0,0,8,1,0.16279,0.01032,0,0.63333,0.18241,0.34851,2702,752.48279,1,0.15896,0.03622,-0.06956,-0.06376,0.68115,0.22877,0.79615,23.16956,1,0.18022,0.03849,1.16059,0.005,1,1,-0.00389,-0.0646,0.65648,0.48025,0.81084,20.55101,1,0.14535,-0.01784,1.1516,0.00438,1,1,participant_10,question_13,Timer-Correct,True,Other
0.0,0,8,1,0.15985,-0.00789,0,0.63333,0.18241,0.35468,2702,752.48279,1,0.15915,0.03549,-0.06956,-0.06376,0.68115,0.22817,0.79573,22.55087,1,0.1638,-0.00986,1.16799,0.00506,1,1,-0.00389,-0.0646,0.65648,0.47977,0.81095,20.8354,1,0.1559,-0.00592,1.15901,0.0044,1,1,participant_10,question_13,Timer-Correct,True,Other
0.0,0,8,1,0.15936,-0.01129,0,0.63333,0.18241,0.36157,2702,752.48279,1,0.15932,0.0346,-0.06839,-0.06222,0.66527,0.22782,0.796,22.97044,1,0.16418,-0.00866,1.16672,0.00505,1,1,-0.0044,-0.0654,0.66612,0.47926,0.81056,20.71673,1,0.15455,-0.01391,1.16672,0.00442,1,1,participant_10,question_13,Timer-Correct,True,Other
0.0,0,8,1,0.16787,0.01668,0,0.63333,0.18241,0.36841,2702,752.48279,1,0.15949,0.03352,-0.06839,-0.06222,0.66527,0.22699,0.79578,23.22283,1,0.16773,0.04555,1.15804,0.00503,1,1,-0.0044,-0.0654,0.66612,0.47847,0.81018,20.44447,1,0.16801,-0.0122,1.16703,0.00446,1,1,participant_10,question_13,Timer-Correct,True,Other
0.0,0,8,1,0.16124,0.01378,0,0.63333,0.18241,0.37494,2702,752.48279,1,0.15951,0.0327,-0.06839,-0.06222,0.66527,0.22638,0.79562,22.83906,1,0.17325,0.0247,1.15835,0.00506,1,1,-0.0044,-0.0654,0.66612,0.47801,0.81008,20.65796,1,0.14924,0.00286,1.16734,0.00446,1,1,participant_10,question_13,Timer-Correct,True,Other
0.0,0,8,1,0.163,0.02098,0,0.63333,0.18241,0.38159,2702,752.48279,1,0.1595,0.03179,-0.06527,-0.059,0.63083,0.2262,0.79575,23.36626,1,0.17543,0.03153,1.15094,0.00505,1,1,-0.00489,-0.06641,0.67901,0.47766,0.80963,20.93373,1,0.15057,0.01043,1.15993,0.00443,1,1,participant_10,question_13,Timer-Correct,True,Other
0.0,0,8,1,0.17738,0.02915,0,0.63333,0.18241,0.38861,2702,752.48279,1,0.16015,0.03064,-0.06527,-0.059,0.63083,0.22523,0.79542,23.11409,1,0.1872,0.07149,1.15221,0.00505,1,1,-0.00489,-0.06641,0.67901,0.47676,0.80914,20.58438,1,0.16756,-0.01319,1.15221,0.00449,1,1,participant_10,question_13,Timer-Correct,True,Question
0.0,0,8,1,0.16787,0.02786,0,0.63333,0.18241,0.39514,2702,752.48279,1,0.16058,0.03019,-0.06527,-0.059,0.63083,0.2248,0.79521,23.25977,1,0.1817,0.0399,1.1445,0.00505,1,1,-0.00489,-0.06641,0.67901,0.47647,0.80912,21.03251,1,0.15403,0.01582,1.1445,0.00443,1,1,participant_10,question_13,Timer-Correct,True,Question
0.0,0,8,1,0.16969,0.03537,0,0.63333,0.18241,0.40167,2702,752.48279,1,0.16109,0.02999,-0.06548,-0.0587,0.62916,0.22449,0.79506,23.11969,1,0.18396,0.04699,1.13678,0.00506,1,1,-0.00528,-0.06597,0.67666,0.47616,0.80845,20.81903,1,0.15542,0.02376,1.13678,0.00444,1,1,participant_10,question_13,Timer-Correct,True,Question
0.0,0,8,1,0.17858,0.02604,0,0.63333,0.18241,0.40833,2702,752.48279,1,0.16149,0.03004,-0.06548,-0.0587,0.62916,0.22367,0.79436,22.35353,1,0.18497,0.06877,1.13678,0.00507,1,1,-0.00528,-0.06597,0.67666,0.4753,0.80789,20.37696,1,0.17219,-0.01669,1.13678,0.00447,1,1,participant_10,question_13,Timer-Correct,True,Question
0.0,0,8,1,0.15498,0.03707,0,0.63333,0.18241,0.41486,2702,752.48279,1,0.16131,0.0302,-0.06548,-0.0587,0.62916,0.22326,0.79428,22.37458,1,0.18384,0.05858,1.13678,0.0051,1,1,-0.00528,-0.06597,0.67666,0.47496,0.80796,21.01421,1,0.12611,0.01557,1.13678,0.00447,1,1,participant_10,question_13,Timer-Correct,True,Question
0.0,0,8,1,0.15307,0.02955,0,0.63333,0.18241,0.42175,2702,752.48279,1,0.1611,0.03028,-0.06773,-0.06032,0.64758,0.22299,0.79471,23.06129,1,0.18158,0.05157,1.1445,0.00508,1,1,-0.00572,-0.06619,0.681,0.47457,0.80754,20.8627,1,0.12456,0.00753,1.1445,0.00444,1,1,participant_10,question_13,Timer-Correct,True,Question
0.0,0,8,1,0.17877,0.00316,0,0.63333,0.18241,0.42847,2702,752.48279,1,0.16133,0.02927,-0.06773,-0.06032,0.64758,0.22223,0.79457,23.10598,1,0.20334,0.02295,1.15221,0.0051,1,1,-0.00572,-0.06619,0.681,0.47396,0.80711,20.75569,1,0.15419,-0.01662,1.15221,0.00444,1,1,participant_10,question_13,Timer-Correct,True,Other
0.0,0,8,1,0.15542,0.03387,0,0.63333,0.18241,0.43561,2702,752.48279,1,0.16135,0.0292,-0.06773,-0.06032,0.64758,0.22191,0.79438,22.99655,1,0.16001,0.06938,1.15993,0.00512,1,1,-0.00572,-0.06619,0.681,0.47361,0.80702,20.48243,1,0.15084,-0.00164,1.15993,0.00447,1,1,participant_10,question_13,Timer-Correct,True,Question
0.0,0,8,1,0.15436,0.03113,0,0.63333,0.18241,0.44208,2702,752.48279,1,0.1614,0.02925,-0.06853,-0.06063,0.65141,0.2216,0.79439,22.98019,1,0.15765,0.06259,1.16764,0.00509,1,1,-0.00582,-0.06316,0.65183,0.47334,0.80667,20.7828,1,0.15107,-0.00032,1.15866,0.00456,1,1,participant_10,question_13,Timer-Correct,True,Question
0.0,0,8,1,0.1667,0.01188,0,0.63333,0.18241,0.44897,2702,752.48279,1,0.16177,0.02889,-0.06853,-0.06063,0.65141,0.22113,0.79429,23.26831,1,0.16946,0.04553,1.15866,0.00509,1,1,-0.00582,-0.06316,0.65183,0.47284,0.80615,20.64448,1,0.16394,-0.02177,1.14967,0.0045,1,1,participant_10,question_13,Timer-Correct,True,Other
0.0,0,8,1,0.169,0.03438,0,0.63333,0.18241,0.45514,2702,752.48279,1,0.16175,0.02893,-0.06853,-0.06063,0.65141,0.22085,0.79426,23.41499,1,0.17915,0.04873,1.14967,0.00508,1,1,-0.00582,-0.06316,0.65183,0.47251,0.80603,20.9059,1,0.15885,0.02004,1.14068,0.00448,1,1,participant_10,question_13,Timer-Correct,True,Question
0.0,0,8,1,0.17112,0.04308,0,0.63333,0.18241,0.46234,2702,752.48279,1,0.16177,0.02906,-0.07151,-0.06299,0.67784,0.22058,0.79408,23.1579,1,0.18179,0.05688,1.14068,0.00511,1,1,-0.00595,-0.06234,0.64534,0.47226,0.80574,20.9073,1,0.16045,0.02927,1.1317,0.00444,1,1,participant_10,question_13,Timer-Correct,True,Question
0.0,0,8,1,0.16682,0.0412,0,0.63333,0.18241,0.46906,2702,752.48279,1,0.16183,0.02962,-0.07151,-0.06299,0.67784,0.22022,0.79398,23.24006,1,0.17165,0.08513,1.1317,0.00507,1,1,-0.00595,-0.06234,0.64534,0.47206,0.80516,20.56536,1,0.162,-0.00272,1.1317,0.00454,1,1,participant_10,question_13,Timer-Correct,True,Question
0.0,0,8,1,0.17192,0.02748,0,0.63333,0.18241,0.47577,2702,752.48279,1,0.16231,0.0299,-0.07151,-0.06299,0.67784,0.22016,0.79371,23.15612,1,0.19529,0.05123,1.1317,0.00512,1,1,-0.00595,-0.06234,0.64534,0.47184,0.8049,20.67072,1,0.14855,0.00372,1.1317,0.00455,1,1,participant_10,question_13,Timer-Correct,True,Question
0.0,0,8,1,0.16905,0.01417,0,0.63333,0.18241,0.48224,2702,752.48279,1,0.1627,0.02982,-0.0718,-0.06315,0.68011,0.22007,0.79378,23.26494,1,0.19281,0.04325,1.14038,0.00515,1,1,-0.00625,-0.06477,0.67256,0.47165,0.8045,20.71046,1,0.1453,-0.0149,1.14936,0.00453,1,1,participant_10,question_13,Timer-Correct,True,Other
0.0,0,8,1,0.15837,-0.01288,0,0.63333,0.18241,0.48914,2702,752.48279,1,0.16239,0.02855,-0.0718,-0.06315,0.68011,0.22002,0.7934,23.2052,1,0.17751,0.0098,1.15804,0.00512,1,1,-0.00625,-0.06477,0.67256,0.47174,0.80411,20.81139,1,0.13923,-0.03557,1.16703,0.00446,1,1,participant_10,question_13,Timer-Correct,True,Other
0.0,0,8,1,0.15878,0.00438,0,0.63333,0.18241,0.49585,2702,752.48279,1,0.1625,0.02783,-0.0718,-0.06315,0.68011,0.21994,0.79303,22.42851,1,0.1748,0.03712,1.17571,0.00512,1,1,-0.00625,-0.06477,0.67256,0.4718,0.8039,20.63442,1,0.14275,-0.02835,1.1847,0.00454,1,1,participant_10,question_13,Timer-Correct,True,Other
0.0,0,8,1,0.15545,-0.00804,0,0.63333,0.18241,0.50256,2702,752.48279,1,0.1626,0.02703,-0.07146,-0.0628,0.67689,0.2201,0.7934,23.35038,1,0.16971,0.02128,1.19338,0.00508,1,1,-0.00595,-0.06205,0.64534,0.47189,0.80382,20.94014,1,0.1412,-0.03736,1.19338,0.00453,1,1,participant_10,question_13,Timer-Correct,True,Other
0.0,0,8,1,0.15048,0.00954,0,0.63333,0.18241,0.50922,2702,752.48279,1,0.16197,0.02706,-0.07146,-0.0628,0.67689,0.22036,0.79332,23.2387,1,0.16503,0.03695,1.19338,0.0051,1,1,-0.00595,-0.06205,0.64534,0.47212,0.80353,20.70462,1,0.13593,-0.01788,1.18439,0.00452,1,1,participant_10,question_13,Timer-Correct,True,Other
0.0,0,8,1,0.14368,0.02292,0,0.63333,0.18241,0.51599,2702,752.48279,1,0.16202,0.02752,-0.07146,-0.0628,0.67689,0.22045,0.79326,23.21837,1,0.16465,0.04159,1.18439,0.00509,1,1,-0.00595,-0.06205,0.64534,0.47235,0.80354,21.00116,1,0.12271,0.00425,1.1754,0.00448,1,1,participant_10,question_13,Timer-Correct,True,Other
0.0,0,8,1,0.14803,0.03974,0,0.63333,0.18241,0.52271,2702,752.48279,1,0.16219,0.02841,-0.07132,-0.0628,0.67694,0.22064,0.79325,23.10204,1,0.16987,0.05725,1.16672,0.00515,1,1,-0.00582,-0.06258,0.65183,0.47248,0.80346,21.05461,1,0.12619,0.02222,1.15774,0.00446,1,1,participant_10,question_13,Timer-Correct,True,Question
0.0,0,8,1,0.17508,0.04707,0,0.63333,0.18241,0.52924,2702,752.48279,1,0.16282,0.02886,-0.07132,-0.0628,0.67694,0.22118,0.79335,23.31521,1,0.19172,0.05795,1.14906,0.00509,1,1,-0.00582,-0.06258,0.65183,0.47308,0.80345,21.24389,1,0.15845,0.03618,1.14906,0.00449,1,1,participant_10,question_13,Timer-Correct,True,Question
0.0,0,8,1,0.16174,0.05156,0,0.63333,0.18241,0.53577,2702,752.48279,1,0.16291,0.02941,-0.07132,-0.0628,0.67694,0.22139,0.79342,22.99733,1,0.16224,0.09225,1.14038,0.00517,1,1,-0.00582,-0.06258,0.65183,0.4733,0.80345,20.94726,1,0.16124,0.01086,1.14038,0.00448,1,1,participant_10,question_13,Timer-Correct,True,Question
0.0,0,8,1,0.16385,0.05986,0,0.63333,0.18241,0.54248,2702,752.48279,1,0.16301,0.03004,-0.06864,-0.06076,0.65435,0.2217,0.7935,23.34679,1,0.16493,0.09986,1.1317,0.00507,1,1,-0.00556,-0.06321,0.65634,0.47375,0.80362,20.9728,1,0.16277,0.01985,1.1317,0.00454,1,1,participant_10,question_13,Timer-Correct,True,Question
0.0,0,8,1,0.16586,0.02643,0,0.63333,0.18241,0.54926,2702,752.48279,1,0.16319,0.03064,-0.06864,-0.06076,0.65435,0.2224,0.79375,23.35287,1,0.17582,0.05272,1.1317,0.00509,1,1,-0.00556,-0.06321,0.65634,0.47433,0.80386,20.90301,1,0.1559,0.00014,1.1317,0.00453,1,1,participant_10,question_13,Timer-Correct,True,Question
0.0,0,8,1,0.16968,0.02803,0,0.63333,0.18241,0.55591,2702,752.48279,1,0.16348,0.03056,-0.06864,-0.06076,0.65435,0.22276,0.79389,23.44132,1,0.17708,0.03154,1.1317,0.00511,1,1,-0.00556,-0.06321,0.65634,0.47485,0.80428,21.6209,1,0.16228,0.02452,1.1317,0.0044,1,1,participant_10,question_13,Timer-Correct,True,Question
0.0,0,8,1,0.16763,0.01949,0,0.63333,0.18241,0.5625,2702,752.48279,1,0.16372,0.03031,-0.06964,-0.06214,0.6682,0.22307,0.79348,22.60874,1,0.1745,0.02341,1.14038,0.00511,1,1,-0.00518,-0.06343,0.6576,0.47527,0.80442,21.0131,1,0.16075,0.01556,1.14038,0.00455,1,1,participant_10,question_13,Timer-Correct,True,Other
0.0,0,8,1,0.1563,0.02682,0,0.63333,0.18241,0.56915,2702,752.48279,1,0.16379,0.0307,-0.06964,-0.06214,0.6682,0.22387,0.79434,22.97424,1,0.16847,0.07805,1.14906,0.00513,1,1,-0.00518,-0.06343,0.6576,0.47587,0.8048,20.85909,1,0.14412,-0.02441,1.14906,0.00456,1,1,participant_10,question_13,Timer-Correct,True,Question
0.0,0,8,1,0.17233,0.03221,0,0.63333,0.18241,0.57648,2702,752.48279,1,0.1642,0.03177,-0.06964,-0.06214,0.6682,0.22441,0.79469,23.47932,1,0.18093,0.05103,1.15774,0.00507,1,1,-0.00518,-0.06343,0.6576,0.47636,0.80491,20.64037,1,0.16374,0.01339,1.15774,0.00456,1,1,participant_10,question_13,Timer-Correct,True,Question
0.0,0,8,1,0.17157,0.02764,0,0.63333,0.18241,0.58282,2702,752.48279,1,0.16456,0.03258,-0.06758,-0.06076,0.65175,0.22466,0.79506,22.98605,1,0.18093,0.05103,1.15774,0.00505,1,1,-0.00491,-0.06592,0.68184,0.47677,0.80531,21.07462,1,0.16221,0.00424,1.16672,0.00449,1,1,participant_10,question_13,Timer-Correct,True,Question
0.0,0,8,1,0.14134,0.3818,0,0.63333,0.18241,0.58929,2702,752.48279,1,0.16424,0.04013,-0.06758,-0.06076,0.65175,0.22545,0.7989,14.38672,1,0.17477,0.54612,1.15804,0.0041,1,1,-0.00491,-0.06592,0.68184,0.47736,0.8067,18.48555,1,0.10791,0.21749,1.16703,0.00432,1,1,participant_10,question_13,Timer-Correct,True,Question
0.0,0,8,1,0.04999,0.44179,0,0.63333,0.18241,0.58929,2702,752.48279,0,0.15362,0.09854,-0.06758,-0.06076,0.65175,0.22545,0.7989,14.38672,0,0.17477,0.54612,1.15835,0.0041,1,0,-0.00491,-0.06592,0.68184,0.47744,0.80949,12.82442,1,0.04999,0.44179,1.16734,0.00384,1,1,participant_10,question_13,Timer-Correct,True,Other
0.0,0,8,0,0.04999,0.44179,0,0.63333,0.18241,0.58929,2702,752.48279,0,0.15362,0.09854,-0.06758,-0.06076,0.65175,0.22545,0.7989,14.38672,0,0.17477,0.54612,1.15866,0.0041,1,0,-0.00491,-0.06592,0.68184,0.47744,0.80949,12.82442,0,0.04999,0.44179,1.16764,0.00384,1,0,participant_10,question_13,Timer-Correct,False,Other
0.0,0,8,0,0.04999,0.44179,0,0.63333,0.18241,0.58929,2702,752.48279,0,0.15362,0.09854,-0.06758,-0.06076,0.65175,0.22545,0.7989,14.38672,0,0.17477,0.54612,1.16764,0.0041,1,0,-0.00491,-0.06592,0.68184,0.47744,0.80949,12.82442,0,0.04999,0.44179,1.16764,0.00384,1,0,participant_10,question_13,Timer-Correct,False,Other
0.0,0,8,0,0.04999,0.44179,0,0.63333,0.18241,0.58929,2702,752.48279,0,0.0,0.0,-0.06758,-0.06076,0.65175,0.22545,0.7989,14.38672,0,0.17477,0.54612,1.16764,0.0041,1,0,-0.00491,-0.06592,0.68184,0.47744,0.80949,12.82442,0,0.04999,0.44179,1.16764,0.00384,1,0,participant_10,question_13,Timer-Correct,False,Other
0.0,0,8,0,0.04999,0.44179,0,0.63333,0.18241,0.58929,2702,752.48279,0,0.0,0.0,-0.06758,-0.06076,0.65175,0.22545,0.7989,14.38672,0,0.17477,0.54612,1.16764,0.0041,1,0,-0.00491,-0.06592,0.68184,0.47744,0.80949,12.82442,0,0.04999,0.44179,1.16764,0.00384,1,0,participant_10,question_13,Timer-Correct,False,Other
0.0,0,8,0,0.04999,0.44179,0,0.63333,0.18241,0.58929,2702,752.48279,0,0.0,0.0,-0.06758,-0.06076,0.65175,0.22545,0.7989,14.38672,0,0.17477,0.54612,1.16764,0.0041,1,0,-0.00491,-0.06592,0.68184,0.47744,0.80949,12.82442,0,0.04999,0.44179,1.16764,0.00384,1,0,participant_10,question_13,Timer-Correct,False,Other
0.0,0,8,0,0.04999,0.44179,0,0.63333,0.18241,0.58929,2702,752.48279,0,0.0,0.0,-0.06758,-0.06076,0.65175,0.22545,0.7989,14.38672,0,0.17477,0.54612,1.16764,0.0041,1,0,-0.00491,-0.06592,0.68184,0.47744,0.80949,12.82442,0,0.04999,0.44179,1.16764,0.00384,1,0,participant_10,question_13,Timer-Correct,False,Other
0.0,105,8,0,0.04999,0.44179,0,0.63333,0.18241,0.58929,2702,752.48279,0,0.0,0.0,-0.06758,-0.06076,0.65175,0.22545,0.7989,14.38672,0,0.17477,0.54612,1.16764,0.0041,1,0,-0.00491,-0.06592,0.68184,0.47744,0.80949,12.82442,0,0.04999,0.44179,1.16764,0.00384,1,0,participant_10,question_13,Timer-Correct,True,Other
0.0,105,8,0,0.04999,0.44179,0,0.63333,0.18241,0.58929,2702,752.48279,0,0.0,0.0,-0.06758,-0.06076,0.65175,0.22545,0.7989,14.38672,0,0.17477,0.54612,1.16764,0.0041,1,0,-0.00491,-0.06592,0.68184,0.47744,0.80949,12.82442,0,0.04999,0.44179,1.16764,0.00384,1,0,participant_10,question_13,Timer-Correct,True,Other
0.0,105,8,0,0.04999,0.44179,0,0.63333,0.18241,0.58929,2702,752.48279,0,0.0,0.0,-0.06758,-0.06076,0.65175,0.22545,0.7989,14.38672,0,0.17477,0.54612,1.16764,0.0041,1,0,-0.00491,-0.06592,0.68184,0.47744,0.80949,12.82442,0,0.04999,0.44179,1.16764,0.00384,1,0,participant_10,question_13,Timer-Correct,True,Other
0.0,105,8,0,0.04999,0.44179,0,0.63333,0.18241,0.58929,2702,752.48279,0,0.0,0.0,-0.06758,-0.06076,0.65175,0.22545,0.7989,14.38672,0,0.17477,0.54612,1.16764,0.0041,1,0,-0.00491,-0.06592,0.68184,0.47744,0.80949,12.82442,0,0.04999,0.44179,1.16764,0.00384,1,0,participant_10,question_13,Timer-Correct,True,Other
0.0,105,8,0,0.04999,0.44179,0,0.63333,0.18241,0.58929,2702,752.48279,0,0.0,0.0,-0.06758,-0.06076,0.65175,0.22545,0.7989,14.38672,0,0.17477,0.54612,1.16764,0.0041,1,0,-0.00491,-0.06592,0.68184,0.47744,0.80949,12.82442,0,0.04999,0.44179,1.16764,0.00384,1,0,participant_10,question_13,Timer-Correct,True,Other
0.0,105,8,0,0.04999,0.44179,0,0.63333,0.18241,0.58929,2702,752.48279,0,0.0,0.0,-0.06758,-0.06076,0.65175,0.22545,0.7989,14.38672,0,0.17477,0.54612,1.16764,0.0041,1,0,-0.00491,-0.06592,0.68184,0.47744,0.80949,12.82442,0,0.04999,0.44179,1.16764,0.00384,1,0,participant_10,question_13,Timer-Correct,True,Other
0.0,105,8,0,0.04999,0.44179,0,0.63333,0.18241,0.58929,2702,752.48279,0,0.0,0.0,-0.06758,-0.06076,0.65175,0.22545,0.7989,14.38672,0,0.17477,0.54612,1.16764,0.0041,1,0,-0.00491,-0.06592,0.68184,0.47744,0.80949,12.82442,0,0.04999,0.44179,1.16764,0.00384,1,0,participant_10,question_13,Timer-Correct,True,Other
0.0,105,8,0,0.04999,0.44179,0,0.63333,0.18241,0.58929,2702,752.48279,0,0.0,0.0,-0.06758,-0.06076,0.65175,0.22545,0.7989,14.38672,0,0.17477,0.54612,1.16764,0.0041,1,0,-0.00491,-0.06592,0.68184,0.47744,0.80949,12.82442,0,0.04999,0.44179,1.16764,0.00384,1,0,participant_10,question_13,Timer-Correct,True,Other
0.0,105,8,0,0.04999,0.44179,0,0.63333,0.18241,0.58929,2702,752.48279,0,0.0,0.0,-0.06758,-0.06076,0.65175,0.22545,0.7989,14.38672,0,0.17477,0.54612,1.16764,0.0041,1,0,-0.00491,-0.06592,0.68184,0.47744,0.80949,12.82442,0,0.04999,0.44179,1.16764,0.00384,1,0,participant_10,question_13,Timer-Correct,True,Other
0.0,105,8,0,0.04999,0.44179,0,0.63333,0.18241,0.58929,2702,752.48279,0,0.0,0.0,-0.06758,-0.06076,0.65175,0.22545,0.7989,14.38672,0,0.17477,0.54612,1.16764,0.0041,1,0,-0.00491,-0.06592,0.68184,0.47744,0.80949,12.82442,0,0.04999,0.44179,1.16764,0.00384,1,0,participant_10,question_13,Timer-Correct,True,Other
0.07307,0,9,1,0.16815,-0.01465,0,0.63333,0.18241,0.58929,2702,752.48279,0,0.08408,-0.00732,-0.06758,-0.06076,0.65175,0.23821,0.79742,23.1836,1,0.16647,0.01925,1.16764,0.00518,1,1,-0.00491,-0.06592,0.68184,0.48961,0.81229,20.913,1,0.16983,-0.04854,1.16764,0.00454,1,1,participant_10,question_13,Timer-Correct,True,Other
0.0,0,9,1,0.16689,-0.01847,0,0.63333,0.18241,0.58929,2702,752.48279,0,0.16752,-0.01656,-0.06631,-0.06344,0.67509,0.23872,0.79755,23.67859,1,0.1639,0.01127,1.17632,0.00517,1,1,-0.00131,-0.06403,0.6473,0.49028,0.81256,21.4361,1,0.16988,-0.04822,1.16734,0.00454,1,1,participant_10,question_13,Timer-Correct,True,Other
0.0,0,9,1,0.17102,0.0017,0,0.63333,0.18241,0.58929,2702,752.48279,0,0.16927,-0.00743,-0.06631,-0.06344,0.67509,0.24002,0.79733,23.48067,1,0.16973,0.04903,1.17602,0.00516,1,1,-0.00131,-0.06403,0.6473,0.49137,0.8125,20.65638,1,0.17231,-0.04564,1.16703,0.00453,1,1,participant_10,question_13,Timer-Correct,True,Other
0.0,0,9,1,0.15885,-0.00031,0,0.63333,0.18241,0.58929,2702,752.48279,0,0.1658,-0.00506,-0.06631,-0.06344,0.67509,0.24079,0.79712,23.25804,1,0.17386,0.02077,1.17571,0.00519,1,1,-0.00131,-0.06403,0.6473,0.49217,0.81263,20.5534,1,0.14384,-0.02138,1.16672,0.00456,1,1,participant_10,question_13,Timer-Correct,True,Other
0.0,0,9,1,0.16197,0.01133,0,0.63333,0.18241,0.02087,2703,753.20557,1,0.16484,-0.00096,-0.06176,-0.05968,0.63562,0.24129,0.79721,23.50954,1,0.1787,0.03598,1.15901,0.00514,1,1,-0.00071,-0.06695,0.67628,0.4926,0.81291,20.75426,1,0.14524,-0.01332,1.15901,0.00456,1,1,participant_10,question_13,Timer-Correct,True,Other
0.0,0,9,1,0.15278,0.01318,0,0.63333,0.18241,0.02759,2703,753.20557,1,0.16243,0.00187,-0.06176,-0.05968,0.63562,0.24262,0.79687,23.29557,1,0.16965,0.07135,1.14261,0.00519,1,1,-0.00071,-0.06695,0.67628,0.49399,0.81302,20.79074,1,0.13591,-0.04499,1.1516,0.00453,1,1,participant_10,question_13,Timer-Correct,True,Other
0.0,0,9,1,0.15668,0.007,0,0.63333,0.18241,0.03424,2703,753.20557,1,0.16147,0.00272,-0.06176,-0.05968,0.63562,0.24346,0.79658,23.3901,1,0.17317,0.0455,1.1352,0.00518,1,1,-0.00071,-0.06695,0.67628,0.49476,0.81311,21.19898,1,0.14019,-0.03149,1.14419,0.00447,1,1,participant_10,question_13,Timer-Correct,True,Other
0.0,0,9,1,0.15449,-0.00198,0,0.63333,0.18241,0.04181,2703,753.20557,1,0.16047,0.00205,-0.06479,-0.06319,0.67404,0.24383,0.79671,23.48236,1,0.17046,0.03721,1.14419,0.0052,1,1,-0.0001,-0.06663,0.6725,0.49534,0.81328,21.14549,1,0.13852,-0.04117,1.15318,0.00461,1,1,participant_10,question_13,Timer-Correct,True,Other
0.0,0,9,1,0.14852,0.00321,0,0.63333,0.18241,0.04767,2703,753.20557,1,0.15898,0.0022,-0.06479,-0.06319,0.67404,0.24532,0.79623,23.28097,1,0.15446,0.03299,1.16957,0.00519,1,1,-0.0001,-0.06663,0.6725,0.49674,0.81328,21.13233,1,0.14257,-0.02656,1.16957,0.00453,1,1,participant_10,question_13,Timer-Correct,True,Other
0.0,0,9,1,0.14797,-0.00083,0,0.63333,0.18241,0.05438,2703,753.20557,1,0.15775,0.00186,-0.06479,-0.06319,0.67404,0.24605,0.79568,23.18542,1,0.15353,0.04471,1.18597,0.00513,1,1,-0.0001,-0.06663,0.6725,0.49737,0.81333,20.97564,1,0.1424,-0.04637,1.18597,0.00457,1,1,participant_10,question_13,Timer-Correct,True,Other
0.0,0,9,1,0.14691,-0.00357,0,0.63333,0.18241,0.0611,2703,753.20557,1,0.15667,0.00132,-0.06237,-0.06116,0.65444,0.24646,0.79607,23.82195,1,0.1512,0.0379,1.19368,0.00517,1,1,0.00054,-0.06526,0.65924,0.49781,0.81344,20.95104,1,0.14262,-0.04503,1.1847,0.00458,1,1,participant_10,question_13,Timer-Correct,True,Other
0.0,0,9,1,0.15069,0.01592,0,0.63333,0.18241,0.06799,2703,753.20557,1,0.15613,0.00265,-0.06237,-0.06116,0.65444,0.24772,0.79543,23.47369,1,0.15289,0.05896,1.17602,0.00516,1,1,0.00054,-0.06526,0.65924,0.49903,0.8133,21.04296,1,0.14849,-0.02712,1.16703,0.00456,1,1,participant_10,question_13,Timer-Correct,True,Other
0.0,0,9,1,0.16389,0.02682,0,0.63333,0.18241,0.07452,2703,753.20557,1,0.15677,0.00466,-0.06237,-0.06116,0.65444,0.24835,0.79523,23.29797,1,0.16112,0.10457,1.15835,0.00521,1,1,0.00054,-0.06526,0.65924,0.49958,0.81311,20.58291,1,0.16665,-0.05093,1.14936,0.0046,1,1,participant_10,question_13,Timer-Correct,True,Question
0.0,0,9,1,0.16527,0.03065,0,0.63333,0.18241,0.08167,2703,753.20557,1,0.15743,0.00666,-0.06368,-0.06289,0.67513,0.2488,0.79518,23.80514,1,0.16389,0.11223,1.14936,0.00516,1,1,0.00111,-0.06636,0.6703,0.50026,0.8131,21.06025,1,0.16665,-0.05093,1.14936,0.00451,1,1,participant_10,question_13,Timer-Correct,True,Question
0.0,0,9,1,0.14557,0.14439,0,0.63333,0.18241,0.08777,2703,753.20557,1,0.15658,0.0165,-0.06368,-0.06289,0.67513,0.24989,0.79524,21.1934,1,0.14674,0.246,1.15804,0.00495,1,1,0.00111,-0.06636,0.6703,0.50099,0.81337,19.7648,1,0.14441,0.04278,1.16703,0.00452,1,1,participant_10,question_13,Timer-Correct,True,Question
0.0,0,9,1,0.13302,0.42587,0,0.63333,0.18241,0.0946,2703,753.20557,1,0.15501,0.04379,-0.06368,-0.06289,0.67513,0.25026,0.79831,13.45874,1,0.17257,0.5637,1.17571,0.0041,1,1,0.00111,-0.06636,0.6703,0.50119,0.81455,16.60465,1,0.09348,0.28805,1.1847,0.00428,1,1,participant_10,question_13,Timer-Correct,True,Question
0.0,0,9,1,0.08939,0.27467,0,0.63333,0.18241,0.10199,2703,753.20557,1,0.15091,0.05822,-0.06368,-0.06289,0.67513,0.25026,0.79831,13.45874,0,0.17257,0.5637,1.19338,0.0041,1,0,0.00111,-0.06636,0.6703,0.5014,0.81654,11.9387,1,0.08939,0.27467,1.20237,0.00434,1,1,participant_10,question_13,Timer-Correct,True,Question
0.0,0,9,0,0.08939,0.27467,0,0.63333,0.18241,0.1076,2703,753.20557,1,0.15091,0.05822,-0.06368,-0.06289,0.67513,0.25026,0.79831,13.45874,0,0.17257,0.5637,1.20237,0.0041,1,0,0.00111,-0.06636,0.6703,0.5014,0.81654,11.9387,0,0.08939,0.27467,1.20237,0.00434,1,0,participant_10,question_13,Timer-Correct,False,Question
0.0,0,9,0,0.08939,0.27467,0,0.63333,0.18241,0.11462,2703,753.20557,1,0.15091,0.05822,-0.06368,-0.06289,0.67513,0.25026,0.79831,13.45874,0,0.17257,0.5637,1.20237,0.0041,1,0,0.00111,-0.06636,0.6703,0.5014,0.81654,11.9387,0,0.08939,0.27467,1.20237,0.00434,1,0,participant_10,question_13,Timer-Correct,False,Question
0.0,0,9,0,0.08939,0.27467,0,0.63333,0.18241,0.12415,2703,753.20557,1,0.15091,0.05822,-0.06368,-0.06289,0.67513,0.25026,0.79831,13.45874,0,0.17257,0.5637,1.20237,0.0041,1,0,0.00111,-0.06636,0.6703,0.5014,0.81654,11.9387,0,0.08939,0.27467,1.20237,0.00434,1,0,participant_10,question_13,Timer-Correct,False,Question
0.0,0,9,0,0.08939,0.27467,0,0.63333,0.18241,0.12415,2703,753.20557,0,0.14626,0.07794,-0.06368,-0.06289,0.67513,0.25026,0.79831,13.45874,0,0.17257,0.5637,1.20237,0.0041,1,0,0.00111,-0.06636,0.6703,0.5014,0.81654,11.9387,0,0.08939,0.27467,1.20237,0.00434,1,0,participant_10,question_13,Timer-Correct,False,Question
0.0,0,9,0,0.08939,0.27467,0,0.63333,0.18241,0.12415,2703,753.20557,0,0.14626,0.07794,-0.06368,-0.06289,0.67513,0.25026,0.79831,13.45874,0,0.17257,0.5637,1.20237,0.0041,1,0,0.00111,-0.06636,0.6703,0.5014,0.81654,11.9387,0,0.08939,0.27467,1.20237,0.00434,1,0,participant_10,question_13,Timer-Correct,False,Question
0.0,0,9,0,0.08939,0.27467,0,0.63333,0.18241,0.12415,2703,753.20557,0,0.14626,0.07794,-0.06368,-0.06289,0.67513,0.25026,0.79831,13.45874,0,0.17257,0.5637,1.20237,0.0041,1,0,0.00111,-0.06636,0.6703,0.5014,0.81654,11.9387,0,0.08939,0.27467,1.20237,0.00434,1,0,participant_10,question_13,Timer-Correct,False,Question
0.0,0,9,0,0.08939,0.27467,0,0.63333,0.18241,0.12415,2703,753.20557,0,0.0,0.0,-0.06368,-0.06289,0.67513,0.25026,0.79831,13.45874,0,0.17257,0.5637,1.20237,0.0041,1,0,0.00111,-0.06636,0.6703,0.5014,0.81654,11.9387,0,0.08939,0.27467,1.20237,0.00434,1,0,participant_10,question_13,Timer-Correct,False,Question
0.0,0,9,0,0.08939,0.27467,0,0.63333,0.18241,0.12415,2703,753.20557,0,0.0,0.0,-0.06368,-0.06289,0.67513,0.25026,0.79831,13.45874,0,0.17257,0.5637,1.20237,0.0041,1,0,0.00111,-0.06636,0.6703,0.5014,0.81654,11.9387,0,0.08939,0.27467,1.20237,0.00434,1,0,participant_10,question_13,Timer-Correct,False,Question
0.0,0,9,0,0.08939,0.27467,0,0.63333,0.18241,0.12415,2703,753.20557,0,0.0,0.0,-0.06368,-0.06289,0.67513,0.25026,0.79831,13.45874,0,0.17257,0.5637,1.20237,0.0041,1,0,0.00111,-0.06636,0.6703,0.5014,0.81654,11.9387,0,0.08939,0.27467,1.20237,0.00434,1,0,participant_10,question_13,Timer-Correct,False,Question
0.0,0,9,0,0.08939,0.27467,0,0.63333,0.18241,0.12415,2703,753.20557,0,0.0,0.0,-0.06368,-0.06289,0.67513,0.25026,0.79831,13.45874,0,0.17257,0.5637,1.20237,0.0041,1,0,0.00111,-0.06636,0.6703,0.5014,0.81654,11.9387,0,0.08939,0.27467,1.20237,0.00434,1,0,participant_10,question_13,Timer-Correct,False,Question
0.0,0,9,0,0.08939,0.27467,0,0.63333,0.18241,0.12415,2703,753.20557,0,0.0,0.0,-0.06368,-0.06289,0.67513,0.25026,0.79831,13.45874,0,0.17257,0.5637,1.20237,0.0041,1,0,0.00111,-0.06636,0.6703,0.5014,0.81654,11.9387,0,0.08939,0.27467,1.20237,0.00434,1,0,participant_10,question_13,Timer-Correct,False,Question
0.0,0,9,0,0.08939,0.27467,0,0.63333,0.18241,0.12415,2703,753.20557,0,0.0,0.0,-0.06368,-0.06289,0.67513,0.25026,0.79831,13.45874,0,0.17257,0.5637,1.20237,0.0041,1,0,0.00111,-0.06636,0.6703,0.5014,0.81654,11.9387,0,0.08939,0.27467,1.20237,0.00434,1,0,participant_10,question_13,Timer-Correct,False,Question
0.0,0,9,0,0.08939,0.27467,0,0.63333,0.18241,0.12415,2703,753.20557,0,0.0,0.0,-0.06368,-0.06289,0.67513,0.25026,0.79831,13.45874,0,0.17257,0.5637,1.20237,0.0041,1,0,0.00111,-0.06636,0.6703,0.5014,0.81654,11.9387,0,0.08939,0.27467,1.20237,0.00434,1,0,participant_10,question_13,Timer-Correct,False,Question
0.0,0,9,0,0.08939,0.27467,0,0.63333,0.18241,0.12415,2703,753.20557,0,0.0,0.0,-0.06368,-0.06289,0.67513,0.25026,0.79831,13.45874,0,0.17257,0.5637,1.20237,0.0041,1,0,0.00111,-0.06636,0.6703,0.5014,0.81654,11.9387,0,0.08939,0.27467,1.20237,0.00434,1,0,participant_10,question_13,Timer-Correct,False,Question
0.0,0,9,0,0.08939,0.27467,0,0.63333,0.18241,0.12415,2703,753.20557,0,0.0,0.0,-0.06368,-0.06289,0.67513,0.25026,0.79831,13.45874,0,0.17257,0.5637,1.20237,0.0041,1,0,0.00111,-0.06636,0.6703,0.5014,0.81654,11.9387,0,0.08939,0.27467,1.20237,0.00434,1,0,participant_10,question_13,Timer-Correct,False,Question
0.0,0,9,0,0.08939,0.27467,0,0.63333,0.18241,0.12415,2703,753.20557,0,0.0,0.0,-0.06368,-0.06289,0.67513,0.25026,0.79831,13.45874,0,0.17257,0.5637,1.20237,0.0041,1,0,0.00111,-0.06636,0.6703,0.5014,0.81654,11.9387,0,0.08939,0.27467,1.20237,0.00434,1,0,participant_10,question_13,Timer-Correct,False,Question
0.0,0,9,0,0.08939,0.27467,0,0.63333,0.18241,0.12415,2703,753.20557,0,0.0,0.0,-0.06368,-0.06289,0.67513,0.25026,0.79831,13.45874,0,0.17257,0.5637,1.20237,0.0041,1,0,0.00111,-0.06636,0.6703,0.5014,0.81654,11.9387,0,0.08939,0.27467,1.20237,0.00434,1,0,participant_10,question_13,Timer-Correct,False,Question
0.0,0,9,0,0.08939,0.27467,0,0.63333,0.18241,0.12415,2703,753.20557,0,0.0,0.0,-0.06368,-0.06289,0.67513,0.25026,0.79831,13.45874,0,0.17257,0.5637,1.20237,0.0041,1,0,0.00111,-0.06636,0.6703,0.5014,0.81654,11.9387,0,0.08939,0.27467,1.20237,0.00434,1,0,participant_10,question_13,Timer-Correct,False,Question
0.0,0,9,0,0.08939,0.27467,0,0.63333,0.18241,0.12415,2703,753.20557,0,0.0,0.0,-0.06368,-0.06289,0.67513,0.25026,0.79831,13.45874,0,0.17257,0.5637,1.20237,0.0041,1,0,0.00111,-0.06636,0.6703,0.5014,0.81654,11.9387,0,0.08939,0.27467,1.20237,0.00434,1,0,participant_10,question_13,Timer-Correct,False,Question
0.0,0,9,0,0.08939,0.27467,0,0.63333,0.18241,0.12415,2703,753.20557,0,0.0,0.0,-0.06368,-0.06289,0.67513,0.25026,0.79831,13.45874,0,0.17257,0.5637,1.20237,0.0041,1,0,0.00111,-0.06636,0.6703,0.5014,0.81654,11.9387,0,0.08939,0.27467,1.20237,0.00434,1,0,participant_10,question_13,Timer-Correct,False,Question
0.0,0,9,1,0.13113,0.42484,0,0.63333,0.18241,0.12415,2703,753.20557,0,0.06556,0.21242,-0.05955,-0.05976,0.65258,0.25751,0.79002,23.60598,1,0.16692,0.5556,1.19368,0.00518,1,1,0.0033,-0.06356,0.64647,0.50912,0.81107,20.70783,1,0.09534,0.29409,1.17671,0.0044,1,1,participant_10,question_13,Timer-Correct,True,Question
0.0,0,9,1,0.16168,0.02753,0,0.63333,0.18241,0.12415,2703,753.20557,0,0.1464,0.22619,-0.05955,-0.05976,0.65258,0.25756,0.78984,23.776,1,0.18526,0.02862,1.16803,0.00514,1,1,0.0033,-0.06356,0.64647,0.50923,0.81085,20.87218,1,0.13809,0.02645,1.15105,0.00448,1,1,participant_10,question_13,Timer-Correct,True,Question
0.0,0,9,1,0.15816,0.03704,0,0.63333,0.18241,0.12415,2703,753.20557,0,0.15228,0.13162,-0.05955,-0.05976,0.65258,0.25752,0.78977,23.52826,1,0.16777,0.03247,1.14237,0.00516,1,1,0.0033,-0.06356,0.64647,0.50924,0.81082,20.76349,1,0.14855,0.04162,1.1254,0.00447,1,1,participant_10,question_13,Timer-Correct,True,Question
0.0,0,9,1,0.1664,0.06955,0,0.63333,0.18241,0.12415,2703,753.20557,0,0.15699,0.11093,-0.05955,-0.05976,0.65258,0.25764,0.78979,23.52042,1,0.17791,0.06341,1.109,0.00515,1,1,0.00326,-0.06286,0.6398,0.5093,0.81069,20.72769,1,0.15489,0.0757,1.09203,0.00449,1,1,participant_10,question_13,Timer-Correct,True,Question
0.0,0,9,1,0.16624,0.11512,0,0.63333,0.18241,0.12415,2703,753.20557,0,0.1636,0.07391,-0.05955,-0.05976,0.65258,0.25764,0.78981,23.45919,1,0.18635,0.0864,1.08431,0.00515,1,1,0.00326,-0.06286,0.6398,0.50928,0.81064,20.56912,1,0.14613,0.14384,1.08431,0.00449,1,1,participant_10,question_13,Timer-Correct,True,Question
0.0,0,9,1,0.17296,0.08561,0,0.63333,0.18241,0.12415,2703,753.20557,0,0.16828,0.07976,-0.05955,-0.05976,0.65258,0.25768,0.78981,23.27188,1,0.19076,0.09103,1.07659,0.00511,1,1,0.00326,-0.06286,0.6398,0.50929,0.81064,20.57938,1,0.15517,0.08019,1.07659,0.00451,1,1,participant_10,question_13,Timer-Correct,True,Question
0.0,0,9,1,0.17219,0.0815,0,0.63333,0.18241,0.12415,2703,753.20557,0,0.16958,0.08034,-0.06067,-0.06093,0.66483,0.25766,0.78973,23.23121,1,0.19076,0.09103,1.07659,0.00512,1,1,0.00342,-0.06492,0.66073,0.50922,0.8107,20.58898,1,0.15362,0.07196,1.08458,0.00445,1,1,participant_10,question_13,Timer-Correct,True,Question
0.0,0,9,1,0.17006,0.09133,0,0.63333,0.18241,0.02051,2704,753.47375,1,0.1697,0.08309,-0.06067,-0.06093,0.66483,0.25765,0.78994,23.41683,1,0.18725,0.09691,1.0923,0.00516,1,1,0.00342,-0.06492,0.66073,0.50924,0.81076,20.66406,1,0.15288,0.08575,1.10029,0.00443,1,1,participant_10,question_13,Timer-Correct,True,Question
0.0,0,9,1,0.16251,0.07413,0,0.63333,0.18241,0.02698,2704,753.47375,1,0.16826,0.0813,-0.06067,-0.06093,0.66483,0.25764,0.79002,23.50994,1,0.17305,0.11444,1.108,0.00511,1,1,0.00342,-0.06492,0.66073,0.50925,0.8108,20.60275,1,0.15197,0.03382,1.11599,0.00444,1,1,participant_10,question_13,Timer-Correct,True,Question
0.0,0,9,1,0.1586,0.05904,0,0.63333,0.18241,0.03394,2704,753.47375,1,0.16665,0.07759,-0.06067,-0.06093,0.66483,0.2576,0.79002,23.43879,1,0.16816,0.10059,1.12371,0.0051,1,1,0.00344,-0.06534,0.66448,0.50935,0.8108,20.30591,1,0.14904,0.0175,1.1317,0.00444,1,1,participant_10,question_13,Timer-Correct,True,Question
0.0,0,9,1,0.16975,0.09048,0,0.63333,0.18241,0.04041,2704,753.47375,1,0.16709,0.07943,-0.06067,-0.06093,0.66483,0.25753,0.79031,23.26084,1,0.19597,0.12089,1.1317,0.0051,1,1,0.00344,-0.06534,0.66448,0.50939,0.81125,21.03716,1,0.14352,0.06007,1.1317,0.00433,1,1,participant_10,question_13,Timer-Correct,True,Question
0.0,0,9,1,0.1672,0.07348,0,0.63333,0.18241,0.04718,2704,753.47375,1,0.16711,0.07869,-0.06067,-0.06093,0.66483,0.25754,0.79042,23.22521,1,0.19593,0.06709,1.1317,0.00507,1,1,0.00344,-0.06534,0.66448,0.50937,0.81125,20.93739,1,0.13846,0.07988,1.1317,0.00434,1,1,participant_10,question_13,Timer-Correct,True,Question
0.0,0,9,1,0.1651,0.06529,0,0.63333,0.18241,0.05414,2704,753.47375,1,0.16689,0.0772,-0.06157,-0.06189,0.67414,0.25754,0.79042,23.15888,1,0.19345,0.05923,1.14038,0.00507,1,1,0.00342,-0.06507,0.66073,0.50941,0.81145,20.8312,1,0.13676,0.07134,1.14038,0.00436,1,1,participant_10,question_13,Timer-Correct,True,Question
0.0,0,9,1,0.18079,0.01523,0,0.63333,0.18241,0.06073,2704,753.47375,1,0.16828,0.071,-0.06157,-0.06189,0.67414,0.25756,0.7907,22.90666,1,0.18521,0.025,1.14906,0.00512,1,1,0.00342,-0.06507,0.66073,0.50925,0.81181,20.81669,1,0.17636,0.00547,1.14906,0.00442,1,1,participant_10,question_13,Timer-Correct,True,Other
0.0,0,9,1,0.1755,0.03255,0,0.63333,0.18241,0.06744,2704,753.47375,1,0.16893,0.06751,-0.06157,-0.06189,0.67414,0.2575,0.79079,22.93095,1,0.1803,0.04165,1.15774,0.00507,1,1,0.00342,-0.06507,0.66073,0.5093,0.81195,20.54339,1,0.1707,0.02345,1.15774,0.0044,1,1,participant_10,question_13,Timer-Correct,True,Question
0.0,0,9,1,0.17651,0.03541,0,0.63333,0.18241,0.07385,2704,753.47375,1,0.16956,0.06483,-0.05766,-0.0581,0.63139,0.25744,0.79087,22.90171,1,0.18253,0.04865,1.15002,0.00513,1,1,0.00349,-0.0675,0.68388,0.50939,0.81205,20.49825,1,0.17049,0.02217,1.15901,0.00439,1,1,participant_10,question_13,Timer-Correct,True,Question
0.0,0,9,1,0.17035,0.08079,0,0.63333,0.18241,0.08063,2704,753.47375,1,0.16962,0.06606,-0.05766,-0.0581,0.63139,0.25733,0.79115,22.8649,1,0.17748,0.09387,1.14261,0.0051,1,1,0.00349,-0.0675,0.68388,0.50925,0.81254,20.61362,1,0.16322,0.06771,1.1516,0.00436,1,1,participant_10,question_13,Timer-Correct,True,Question
0.0,0,9,1,0.16604,0.05408,0,0.63333,0.18241,0.08771,2704,753.47375,1,0.16937,0.0652,-0.05766,-0.0581,0.63139,0.25731,0.79122,22.75809,1,0.17037,0.12136,1.1352,0.00508,1,1,0.00349,-0.0675,0.68388,0.50915,0.81262,20.53147,1,0.16171,-0.0132,1.14419,0.00438,1,1,participant_10,question_13,Timer-Correct,True,Question
0.0,0,9,1,0.16674,0.05853,0,0.63333,0.18241,0.09399,2704,753.47375,1,0.16919,0.06476,-0.06017,-0.06063,0.65828,0.25721,0.79132,22.73392,1,0.17028,0.1211,1.13551,0.00504,1,1,0.00332,-0.06549,0.66151,0.50923,0.81281,20.37399,1,0.16321,-0.00404,1.13551,0.00434,1,1,participant_10,question_13,Timer-Correct,True,Question
0.0,0,9,1,0.17137,0.04365,0,0.63333,0.18241,0.10321,2704,753.47375,1,0.16933,0.06344,-0.06017,-0.06063,0.65828,0.25696,0.79165,22.91884,1,0.20888,0.02794,1.14322,0.00509,1,1,0.00332,-0.06549,0.66151,0.50884,0.81329,20.85684,1,0.13386,0.05935,1.13424,0.00435,1,1,participant_10,question_13,Timer-Correct,True,Question
0.0,0,9,1,0.15753,0.08489,0,0.63333,0.18241,0.1087,2704,753.47375,1,0.16864,0.0647,-0.06017,-0.06063,0.65828,0.25678,0.79182,22.76166,1,0.19704,0.06887,1.14195,0.00509,1,1,0.00332,-0.06549,0.66151,0.50884,0.81334,21.01434,1,0.11802,0.1009,1.13297,0.00434,1,1,participant_10,question_13,Timer-Correct,True,Question
0.0,0,9,1,0.15785,0.08607,0,0.63333,0.18241,0.11432,2704,753.47375,1,0.16804,0.06589,-0.05924,-0.05974,0.64711,0.25674,0.79155,22.49794,1,0.1974,0.07001,1.14068,0.00499,1,1,0.00308,-0.06472,0.65274,0.50854,0.81351,20.63593,1,0.11829,0.10213,1.1317,0.00432,1,1,participant_10,question_13,Timer-Correct,True,Question
0.0,0,9,1,0.16616,0.06015,0,0.63333,0.18241,0.12103,2704,753.47375,1,0.16794,0.06558,-0.05924,-0.05974,0.64711,0.25631,0.79232,22.76528,1,0.17889,0.12743,1.1317,0.00504,1,1,0.00308,-0.06472,0.65274,0.50824,0.81365,20.19947,1,0.15344,-0.00713,1.1317,0.00448,1,1,participant_10,question_13,Timer-Correct,True,Question
0.0,0,9,1,0.16325,0.01367,0,0.63333,0.18241,0.12775,2704,753.47375,1,0.1677,0.06299,-0.05924,-0.05974,0.64711,0.25616,0.79247,22.85755,1,0.19688,0.02999,1.1317,0.00504,1,1,0.00308,-0.06472,0.65274,0.50806,0.8137,20.4537,1,0.12962,-0.00265,1.1317,0.00438,1,1,participant_10,question_13,Timer-Correct,True,Other
0.0,0,9,1,0.16511,0.02138,0,0.63333,0.18241,0.13452,2704,753.47375,1,0.16758,0.06101,-0.05834,-0.05878,0.63464,0.25591,0.79247,22.43923,1,0.19907,0.03722,1.12398,0.00504,1,1,0.00291,-0.06521,0.65671,0.50785,0.81385,20.53393,1,0.13115,0.00555,1.12398,0.00435,1,1,participant_10,question_13,Timer-Correct,True,Other
0.0,0,9,1,0.17979,0.07144,0,0.63333,0.18241,0.14124,2704,753.47375,1,0.16813,0.06148,-0.05834,-0.05878,0.63464,0.25553,0.793,23.05082,1,0.20988,0.10003,1.11626,0.005,1,1,0.00291,-0.06521,0.65671,0.50752,0.81373,20.22262,1,0.14969,0.04285,1.11626,0.00443,1,1,participant_10,question_13,Timer-Correct,True,Question
0.0,0,9,1,0.17644,0.08026,0,0.63333,0.18241,0.14868,2704,753.47375,1,0.1685,0.0623,-0.05834,-0.05878,0.63464,0.25519,0.79308,22.83578,1,0.19545,0.12941,1.10855,0.00506,1,1,0.00291,-0.06521,0.65671,0.50709,0.81394,20.3553,1,0.15743,0.03112,1.10855,0.0044,1,1,participant_10,question_13,Timer-Correct,True,Question
0.0,0,9,1,0.17747,0.08295,0,0.63333,0.18241,0.15466,2704,753.47375,1,0.16887,0.06316,-0.05919,-0.05945,0.64183,0.25497,0.79309,22.69166,1,0.19773,0.13611,1.10083,0.00498,1,1,0.00277,-0.06784,0.68319,0.50691,0.81379,19.83683,1,0.1572,0.02978,1.10982,0.00443,1,1,participant_10,question_13,Timer-Correct,True,Question
0.0,0,9,1,0.16885,0.05701,0,0.63333,0.18241,0.16125,2704,753.47375,1,0.16887,0.06291,-0.05919,-0.05945,0.64183,0.25459,0.79334,22.76539,1,0.20193,0.08635,1.10982,0.00502,1,1,0.00277,-0.06784,0.68319,0.50643,0.81391,20.57124,1,0.13577,0.02767,1.1188,0.00429,1,1,participant_10,question_13,Timer-Correct,True,Question
0.0,0,9,1,0.17708,0.0656,0,0.63333,0.18241,0.16791,2704,753.47375,1,0.16918,0.06302,-0.05919,-0.05945,0.64183,0.25433,0.79352,23.01176,1,0.1828,0.10665,1.1188,0.00498,1,1,0.00277,-0.06784,0.68319,0.50619,0.81409,20.65113,1,0.17137,0.02455,1.12779,0.00432,1,1,participant_10,question_13,Timer-Correct,True,Question
0.0,0,9,1,0.17392,0.05426,0,0.63333,0.18241,0.17462,2704,753.47375,1,0.16936,0.06269,-0.05959,-0.05975,0.64349,0.25416,0.79341,22.74842,1,0.17778,0.09194,1.13551,0.00499,1,1,0.00243,-0.06564,0.66106,0.50597,0.81386,20.1145,1,0.17005,0.01658,1.13551,0.0044,1,1,participant_10,question_13,Timer-Correct,True,Question
0.0,0,9,1,0.18095,0.04673,0,0.63333,0.18241,0.18134,2704,753.47375,1,0.16977,0.06212,-0.05959,-0.05975,0.64349,0.25386,0.79401,23.26845,1,0.19434,0.06057,1.14322,0.00495,1,1,0.00243,-0.06564,0.66106,0.50556,0.81404,20.26879,1,0.16755,0.0329,1.13424,0.00439,1,1,participant_10,question_13,Timer-Correct,True,Question
0.0,0,9,1,0.1672,0.05572,0,0.63333,0.18241,0.18774,2704,753.47375,1,0.16968,0.0619,-0.05959,-0.05975,0.64349,0.25364,0.79398,22.8798,1,0.18516,0.07521,1.14195,0.00496,1,1,0.00243,-0.06564,0.66106,0.50549,0.8141,20.12184,1,0.14925,0.03623,1.13297,0.00435,1,1,participant_10,question_13,Timer-Correct,True,Question
0.0,0,9,1,0.16618,0.05272,0,0.63333,0.18241,0.19495,2704,753.47375,1,0.16957,0.0616,-0.06378,-0.06379,0.68703,0.25351,0.79342,21.93913,1,0.183,0.06862,1.14936,0.00496,1,1,0.00221,-0.06377,0.64221,0.50542,0.8142,20.36168,1,0.14935,0.03683,1.13239,0.00437,1,1,participant_10,question_13,Timer-Correct,True,Question
0.0,0,9,1,0.17255,0.06919,0,0.63333,0.18241,0.20166,2704,753.47375,1,0.16966,0.06184,-0.06378,-0.06379,0.68703,0.25321,0.79364,21.61171,1,0.16542,0.09748,1.14107,0.00496,1,1,0.00221,-0.06377,0.64221,0.50514,0.81399,19.75285,1,0.17968,0.04091,1.13308,0.00432,1,1,participant_10,question_13,Timer-Correct,True,Question
0.0,0,9,1,0.1656,0.08959,0,0.63333,0.18241,0.20825,2704,753.47375,1,0.16954,0.06271,-0.06378,-0.06379,0.68703,0.25328,0.79414,22.49938,1,0.15567,0.12052,1.14176,0.00495,1,1,0.00221,-0.06377,0.64221,0.50516,0.81411,19.45394,1,0.17554,0.05866,1.13377,0.00435,1,1,participant_10,question_13,Timer-Correct,True,Question
0.0,0,9,1,0.16687,0.09299,0,0.63333,0.18241,0.2149,2704,753.47375,1,0.16946,0.06363,-0.06117,-0.06134,0.65848,0.25327,0.79388,22.06163,1,0.1582,0.12731,1.13377,0.00489,1,1,0.00223,-0.06574,0.66206,0.50514,0.81411,19.5384,1,0.17554,0.05866,1.13377,0.00424,1,1,participant_10,question_13,Timer-Correct,True,Question
0.0,0,9,1,0.16165,0.0243,0,0.63333,0.18241,0.22162,2704,753.47375,1,0.16923,0.06247,-0.06117,-0.06134,0.65848,0.25314,0.79401,21.95869,1,0.15356,0.03577,1.12509,0.00491,1,1,0.00223,-0.06574,0.66206,0.50512,0.81437,20.09293,1,0.16974,0.01282,1.13308,0.00419,1,1,participant_10,question_13,Timer-Correct,True,Other
0.0,0,9,1,0.15844,0.04789,0,0.63333,0.18241,0.22833,2704,753.47375,1,0.16892,0.06205,-0.06117,-0.06134,0.65848,0.25319,0.79404,21.79915,1,0.15043,0.05367,1.1244,0.0049,1,1,0.00223,-0.06574,0.66206,0.50486,0.81453,20.15982,1,0.16645,0.04211,1.13239,0.00425,1,1,participant_10,question_13,Timer-Correct,True,Question
0.0,0,9,1,0.15861,0.04856,0,0.63333,0.18241,0.23553,2704,753.47375,1,0.16863,0.06168,-0.06117,-0.06134,0.65848,0.25319,0.79397,21.65725,1,0.15065,0.05431,1.12371,0.00491,1,1,0.00223,-0.06584,0.66205,0.50483,0.8145,20.07689,1,0.16657,0.04281,1.1317,0.00426,1,1,participant_10,question_13,Timer-Correct,True,Question
0.0,0,9,1,0.15781,0.05614,0,0.63333,0.18241,0.24213,2704,753.47375,1,0.16834,0.06153,-0.06117,-0.06134,0.65848,0.2532,0.794,21.61396,1,0.1677,0.03228,1.1317,0.00488,1,1,0.00223,-0.06584,0.66205,0.50525,0.81425,19.91988,1,0.14793,0.07999,1.1317,0.00413,1,1,participant_10,question_13,Timer-Correct,True,Question
0.0,0,9,1,0.16055,0.03823,0,0.63333,0.18241,0.24927,2704,753.47375,1,0.16813,0.06091,-0.06117,-0.06134,0.65848,0.25332,0.79398,21.42678,1,0.17404,0.07281,1.1317,0.00487,1,1,0.00223,-0.06584,0.66205,0.50506,0.81419,19.22574,1,0.14706,0.00365,1.1317,0.00419,1,1,participant_10,question_13,Timer-Correct,True,Question
0.0,0,9,1,0.15972,0.03349,0,0.63333,0.18241,0.25604,2704,753.47375,1,0.16792,0.06021,-0.06114,-0.06135,0.65915,0.25344,0.79442,22.1717,1,0.17404,0.07281,1.1317,0.00485,1,1,0.00237,-0.06825,0.68675,0.50525,0.81448,19.9979,1,0.14539,-0.00583,1.14068,0.00431,1,1,participant_10,question_13,Timer-Correct,True,Question
0.0,0,9,1,0.17192,0.02483,0,0.63333,0.18241,0.26221,2704,753.47375,1,0.16802,0.05933,-0.06114,-0.06135,0.65915,0.25373,0.79397,21.87069,1,0.19345,0.05244,1.14068,0.00486,1,1,0.00237,-0.06825,0.68675,0.50544,0.81459,20.05716,1,0.1504,-0.00277,1.14967,0.00419,1,1,participant_10,question_13,Timer-Correct,True,Other
0.0,0,9,1,0.16639,0.05435,0,0.63333,0.18241,0.26849,2704,753.47375,1,0.16798,0.05921,-0.06114,-0.06135,0.65915,0.25387,0.79396,21.60882,1,0.17928,0.09188,1.14967,0.00477,1,1,0.00237,-0.06825,0.68675,0.50584,0.81438,19.67456,1,0.1535,0.01681,1.15866,0.00417,1,1,participant_10,question_13,Timer-Correct,True,Question
0.0,0,9,1,0.16223,0.03768,0,0.63333,0.18241,0.27521,2704,753.47375,1,0.16784,0.05869,-0.06431,-0.06458,0.695,0.25409,0.79373,21.71019,1,0.17408,0.07652,1.16734,0.00476,1,1,0.00257,-0.0681,0.68579,0.50584,0.81434,19.8118,1,0.15037,-0.00115,1.17632,0.00409,1,1,participant_10,question_13,Timer-Correct,True,Question
0.0,0,9,1,0.15141,-0.00777,0,0.63333,0.18241,0.28186,2704,753.47375,1,0.16746,0.05715,-0.06431,-0.06458,0.695,0.25443,0.79351,21.33437,1,0.17154,0.03414,1.185,0.00478,1,1,0.00257,-0.0681,0.68579,0.50606,0.81465,20.16485,1,0.13129,-0.04969,1.185,0.00409,1,1,participant_10,question_13,Timer-Correct,True,Other
0.0,0,9,1,0.16385,-0.02119,0,0.63333,0.18241,0.28857,2704,753.47375,1,0.16738,0.05537,-0.06431,-0.06458,0.695,0.25454,0.79328,20.87326,1,0.18409,0.01828,1.19369,0.00474,1,1,0.00257,-0.0681,0.68579,0.50641,0.81455,19.85892,1,0.14362,-0.06066,1.19369,0.00414,1,1,participant_10,question_13,Timer-Correct,True,Other
0.0,0,9,1,0.16385,-0.02119,0,0.63333,0.18241,0.28857,2704,753.47375,0,0.16137,0.02628,-0.0619,-0.06227,0.67066,0.25475,0.79333,21.1776,1,0.18409,0.01828,1.19369,0.00475,1,1,0.00261,-0.06422,0.64574,0.50653,0.81457,19.74708,1,0.14362,-0.06066,1.19369,0.00414,1,1,participant_10,question_13,Timer-Correct,True,Other
0.0,0,9,1,0.15739,0.01489,0,0.63333,0.18241,0.28857,2704,753.47375,0,0.15938,0.02059,-0.0619,-0.06227,0.67066,0.25508,0.79315,21.11085,1,0.16224,0.04348,1.185,0.00475,1,1,0.00261,-0.06422,0.64574,0.50675,0.81481,20.17609,1,0.15254,-0.01369,1.185,0.00407,1,1,participant_10,question_13,Timer-Correct,True,Other
0.0,0,9,1,0.16391,0.04853,0,0.63333,0.18241,0.28857,2704,753.47375,0,0.16089,0.0299,-0.0619,-0.06227,0.67066,0.25518,0.79313,21.28349,1,0.18671,0.11531,1.17632,0.00469,1,1,0.00261,-0.06422,0.64574,0.507,0.81497,19.87526,1,0.14112,-0.01825,1.17632,0.00405,1,1,participant_10,question_13,Timer-Correct,True,Question
0.0,0,9,1,0.1675,0.06539,0,0.63333,0.18241,0.01971,2705,753.76935,1,0.16254,0.03877,-0.06098,-0.06145,0.66286,0.25566,0.79294,21.31907,1,0.18917,0.12251,1.16764,0.00472,1,1,0.00271,-0.06427,0.64528,0.50729,0.81479,19.53911,1,0.14582,0.00827,1.15067,0.00406,1,1,participant_10,question_13,Timer-Correct,True,Question
0.0,0,9,1,0.15229,0.06033,0,0.63333,0.18241,0.02649,2705,753.76935,1,0.16049,0.04308,-0.06098,-0.06145,0.66286,0.25582,0.79276,21.55016,1,0.17233,0.07518,1.15067,0.00465,1,1,0.00271,-0.06427,0.64528,0.50755,0.815,19.33281,1,0.13224,0.04548,1.13369,0.00417,1,1,participant_10,question_13,Timer-Correct,True,Question
0.0,0,9,1,0.16969,0.07863,0,0.63333,0.18241,0.03326,2705,753.76935,1,0.16203,0.04901,-0.06098,-0.06145,0.66286,0.25609,0.79272,21.25691,1,0.19132,0.09035,1.13369,0.00462,1,1,0.00271,-0.06427,0.64528,0.5077,0.81502,19.83776,1,0.14807,0.0669,1.11672,0.004,1,1,participant_10,question_13,Timer-Correct,True,Question
0.0,0,9,1,0.17403,0.09342,0,0.63333,0.18241,0.04053,2705,753.76935,1,0.16374,0.05535,-0.05834,-0.05883,0.63566,0.25601,0.7924,20.3446,1,0.1985,0.11216,1.109,0.00473,1,1,0.00314,-0.06735,0.6762,0.50785,0.81477,19.30352,1,0.14955,0.07467,1.109,0.00409,1,1,participant_10,question_13,Timer-Correct,True,Question
0.0,0,9,1,0.17396,0.06203,0,0.63333,0.18241,0.04651,2705,753.76935,1,0.16502,0.05619,-0.05834,-0.05883,0.63566,0.25646,0.7923,21.31907,1,0.20421,0.06771,1.10129,0.00462,1,1,0.00314,-0.06735,0.6762,0.50832,0.81503,19.36406,1,0.14371,0.05635,1.11826,0.00409,1,1,participant_10,question_13,Timer-Correct,True,Question
0.0,0,9,1,0.1544,0.07431,0,0.63333,0.18241,0.05334,2705,753.76935,1,0.16384,0.0582,-0.05834,-0.05883,0.63566,0.25656,0.79213,21.17277,1,0.18424,0.10153,1.11054,0.00457,1,1,0.00314,-0.06735,0.6762,0.50834,0.81491,19.03702,1,0.12456,0.04708,1.12752,0.00418,1,1,participant_10,question_13,Timer-Correct,True,Question
0.0,0,9,1,0.14792,0.04976,0,0.63333,0.18241,0.06006,2705,753.76935,1,0.16225,0.05736,-0.06144,-0.06191,0.67058,0.25666,0.79184,21.03773,1,0.17652,0.07866,1.1362,0.00457,1,1,0.00314,-0.06735,0.6762,0.50843,0.81507,19.68198,1,0.11931,0.02087,1.15318,0.00398,1,1,participant_10,question_13,Timer-Correct,True,Question
0.0,0,9,1,0.17345,0.02714,0,0.63333,0.18241,0.06671,2705,753.76935,1,0.16326,0.05461,-0.06144,-0.06191,0.67058,0.25696,0.79172,21.21251,1,0.1929,0.04436,1.16957,0.00455,1,1,0.00314,-0.06735,0.6762,0.50866,0.81478,19.50726,1,0.15399,0.00992,1.16957,0.00396,1,1,participant_10,question_13,Timer-Correct,True,Question
0.0,0,9,1,0.1644,0.00188,0,0.63333,0.18241,0.07336,2705,753.76935,1,0.16336,0.05021,-0.06144,-0.06191,0.67058,0.25712,0.7916,20.96431,1,0.17019,0.01864,1.18597,0.00461,1,1,0.00314,-0.06735,0.6762,0.50882,0.81508,19.66137,1,0.1586,-0.01489,1.18597,0.00396,1,1,participant_10,question_13,Timer-Correct,True,Other
0.0,0,9,1,0.16263,-0.00555,0,0.63333,0.18241,0.08008,2705,753.76935,1,0.1633,0.04592,-0.06009,-0.0606,0.65746,0.2572,0.79142,20.84117,1,0.16797,0.01166,1.19368,0.00456,1,1,0.00335,-0.06724,0.67612,0.50882,0.81486,19.16661,1,0.1573,-0.02276,1.19368,0.00398,1,1,participant_10,question_13,Timer-Correct,True,Other
0.0,0,9,1,0.13177,0.00643,0,0.63333,0.18241,0.08679,2705,753.76935,1,0.16105,0.0431,-0.06009,-0.0606,0.65746,0.2574,0.79114,21.36061,1,0.15382,0.04717,1.185,0.0046,1,1,0.00335,-0.06724,0.67612,0.50915,0.81467,18.91987,1,0.10971,-0.03431,1.185,0.00393,1,1,participant_10,question_13,Timer-Correct,True,Other
0.0,0,9,1,0.14414,0.01753,0,0.63333,0.18241,0.09344,2705,753.76935,1,0.15992,0.0414,-0.06009,-0.0606,0.65746,0.25756,0.79102,21.24721,1,0.16143,0.06358,1.17632,0.00458,1,1,0.00335,-0.06724,0.67612,0.50909,0.81467,19.09292,1,0.12685,-0.02852,1.17632,0.00388,1,1,participant_10,question_13,Timer-Correct,True,Other
0.0,0,9,1,0.14627,0.02586,0,0.63333,0.18241,0.10022,2705,753.76935,1,0.15907,0.04043,-0.06042,-0.06098,0.66207,0.25748,0.79098,21.37319,1,0.16403,0.07117,1.16764,0.00451,1,1,0.00335,-0.06714,0.67612,0.50915,0.81453,18.98703,1,0.12851,-0.01944,1.16764,0.00393,1,1,participant_10,question_13,Timer-Correct,True,Question
0.0,0,9,1,0.15665,0.00208,0,0.63333,0.18241,0.10699,2705,753.76935,1,0.15893,0.03817,-0.06042,-0.06098,0.66207,0.25749,0.79048,20.68904,1,0.179,0.01946,1.16764,0.00457,1,1,0.00335,-0.06714,0.67612,0.50929,0.81442,18.79375,1,0.13431,-0.0153,1.16764,0.00396,1,1,participant_10,question_13,Timer-Correct,True,Other
0.0,0,9,1,0.17344,0.01542,0,0.63333,0.18241,0.11359,2705,753.76935,1,0.15973,0.03691,-0.06042,-0.06098,0.66207,0.25755,0.79045,20.7491,1,0.18812,0.06922,1.16764,0.00455,1,1,0.00335,-0.06714,0.67612,0.50932,0.8144,18.73631,1,0.15877,-0.03837,1.16764,0.00393,1,1,participant_10,question_13,Timer-Correct,True,Other
0.0,0,9,1,0.17421,0.02018,0,0.63333,0.18241,0.12024,2705,753.76935,1,0.1605,0.03603,-0.05955,-0.05996,0.65258,0.25776,0.79017,21.09164,1,0.18812,0.06922,1.16764,0.00448,1,1,0.00338,-0.06489,0.65349,0.50941,0.81449,18.84026,1,0.1603,-0.02887,1.15866,0.00391,1,1,participant_10,question_13,Timer-Correct,True,Other
0.0,0,9,1,0.17761,0.00192,0,0.63333,0.18241,0.12665,2705,753.76935,1,0.16135,0.03432,-0.05955,-0.05996,0.65258,0.25772,0.79033,21.18403,1,0.19204,0.04952,1.15866,0.00449,1,1,0.00338,-0.06489,0.65349,0.50963,0.81441,18.90917,1,0.16319,-0.04568,1.14967,0.0039,1,1,participant_10,question_13,Timer-Correct,True,Other
0.0,0,9,1,0.17993,0.04626,0,0.63333,0.18241,0.13538,2705,753.76935,1,0.16224,0.03489,-0.05955,-0.05996,0.65258,0.25776,0.79025,21.20417,1,0.19624,0.046,1.14967,0.00446,1,1,0.00338,-0.06489,0.65349,0.50956,0.81448,19.05965,1,0.16363,0.04652,1.14068,0.00387,1,1,participant_10,question_13,Timer-Correct,True,Question
0.0,0,9,1,0.18375,0.06222,0,0.63333,0.18241,0.14105,2705,753.76935,1,0.16321,0.03613,-0.05796,-0.05831,0.63573,0.25772,0.79005,21.22347,1,0.20093,0.0612,1.13297,0.00447,1,1,0.00338,-0.06489,0.65349,0.50962,0.81436,19.08806,1,0.16657,0.06324,1.12398,0.00389,1,1,participant_10,question_13,Timer-Correct,True,Question
0.0,0,9,1,0.19735,0.06947,0,0.63333,0.18241,0.14716,2705,753.76935,1,0.1647,0.03758,-0.05796,-0.05831,0.63573,0.25778,0.78958,20.57339,1,0.20883,0.07921,1.11626,0.00449,1,1,0.00338,-0.06489,0.65349,0.50963,0.81419,18.81115,1,0.18587,0.05974,1.11626,0.0039,1,1,participant_10,question_13,Timer-Correct,True,Question
0.0,0,9,1,0.18214,0.03161,0,0.63333,0.18241,0.15344,2705,753.76935,1,0.16543,0.03733,-0.05796,-0.05831,0.63573,0.2578,0.78959,20.5944,1,0.20657,0.07032,1.10855,0.0045,1,1,0.00338,-0.06489,0.65349,0.5097,0.81421,18.76547,1,0.15772,-0.00711,1.10855,0.00394,1,1,participant_10,question_13,Timer-Correct,True,Question
0.0,0,9,1,0.18214,0.03161,0,0.63333,0.18241,0.16022,2705,753.76935,1,0.16609,0.0371,-0.06067,-0.06093,0.66483,0.25783,0.7897,21.00344,1,0.20657,0.07032,1.10855,0.00449,1,1,0.00338,-0.06489,0.65349,0.50964,0.81424,18.90703,1,0.15772,-0.00711,1.10855,0.00387,1,1,participant_10,question_13,Timer-Correct,True,Question
0.0,0,9,1,0.1846,0.03491,0,0.63333,0.18241,0.16681,2705,753.76935,1,0.16681,0.03702,-0.06067,-0.06093,0.66483,0.25785,0.78963,20.91952,1,0.2085,0.06784,1.11626,0.00445,1,1,0.00338,-0.06489,0.65349,0.5097,0.81427,18.61338,1,0.16071,0.00198,1.11626,0.00387,1,1,participant_10,question_13,Timer-Correct,True,Question
0.0,0,9,1,0.1959,0.01712,0,0.63333,0.18241,0.17334,2705,753.76935,1,0.16788,0.03628,-0.06067,-0.06093,0.66483,0.25785,0.78956,21.1643,1,0.20072,0.04837,1.12398,0.00445,1,1,0.00338,-0.06489,0.65349,0.50979,0.81445,18.60673,1,0.19109,-0.01413,1.12398,0.004,1,1,participant_10,question_13,Timer-Correct,True,Other
0.0,0,9,1,0.19422,0.00941,0,0.63333,0.18241,0.18048,2705,753.76935,1,0.16882,0.03532,-0.06067,-0.06093,0.66483,0.25787,0.78952,21.14204,1,0.19854,0.04121,1.1317,0.00449,1,1,0.00339,-0.06515,0.65513,0.5099,0.81467,18.72984,1,0.1899,-0.02238,1.1317,0.00396,1,1,participant_10,question_13,Timer-Correct,True,Other
0.0,0,9,1,0.18881,0.02643,0,0.63333,0.18241,0.18726,2705,753.76935,1,0.16951,0.03502,-0.06067,-0.06093,0.66483,0.25773,0.78942,21.3301,1,0.19873,0.03852,1.1317,0.00442,1,1,0.00339,-0.06515,0.65513,0.50983,0.81475,19.174,1,0.17889,0.01435,1.1317,0.00384,1,1,participant_10,question_13,Timer-Correct,True,Question
0.0,0,9,1,0.18545,0.04807,0,0.63333,0.18241,0.19391,2705,753.76935,1,0.17004,0.03545,-0.06067,-0.06093,0.66483,0.25759,0.78934,20.72512,1,0.19324,0.04251,1.1317,0.00443,1,1,0.00339,-0.06515,0.65513,0.50983,0.81492,19.20455,1,0.17766,0.05364,1.1317,0.00383,1,1,participant_10,question_13,Timer-Correct,True,Question
0.0,0,9,1,0.1872,0.05551,0,0.63333,0.18241,0.20068,2705,753.76935,1,0.1706,0.0361,-0.0588,-0.05896,0.64389,0.25758,0.78924,20.79084,1,0.19546,0.04966,1.12398,0.00442,1,1,0.00339,-0.06515,0.65513,0.50968,0.81489,19.41174,1,0.17895,0.06136,1.12398,0.00385,1,1,participant_10,question_13,Timer-Correct,True,Question
0.0,0,9,1,0.17703,0.06757,0,0.63333,0.18241,0.2074,2705,753.76935,1,0.1708,0.03708,-0.0588,-0.05896,0.64389,0.25762,0.78925,20.68543,1,0.18248,0.04588,1.11626,0.00447,1,1,0.00339,-0.06515,0.65513,0.50954,0.8148,19.00254,1,0.17158,0.08926,1.11626,0.00389,1,1,participant_10,question_13,Timer-Correct,True,Question
0.0,0,9,1,0.18135,0.04963,0,0.63333,0.18241,0.21411,2705,753.76935,1,0.17112,0.03746,-0.0588,-0.05896,0.64389,0.25737,0.78935,20.55711,1,0.20409,0.04998,1.10855,0.0045,1,1,0.00339,-0.06515,0.65513,0.50947,0.81505,19.08785,1,0.15862,0.04927,1.10855,0.00384,1,1,participant_10,question_13,Timer-Correct,True,Question
0.0,0,9,1,0.18135,0.04963,0,0.63333,0.18241,0.22076,2705,753.76935,1,0.17142,0.03782,-0.06009,-0.06021,0.65746,0.25726,0.78943,20.88232,1,0.20409,0.04998,1.10855,0.00446,1,1,0.00344,-0.06618,0.66448,0.50946,0.8152,18.95843,1,0.15862,0.04927,1.10855,0.00387,1,1,participant_10,question_13,Timer-Correct,True,Question
0.0,0,9,1,0.18452,0.03388,0,0.63333,0.18241,0.22742,2705,753.76935,1,0.17179,0.03771,-0.06009,-0.06021,0.65746,0.2572,0.7895,20.9057,1,0.21893,0.05882,1.11626,0.0045,1,1,0.00344,-0.06618,0.66448,0.50935,0.81527,18.7819,1,0.15011,0.00895,1.11626,0.00387,1,1,participant_10,question_13,Timer-Correct,True,Question
0.0,0,9,1,0.17075,0.03481,0,0.63333,0.18241,0.23407,2705,753.76935,1,0.17177,0.03763,-0.06009,-0.06021,0.65746,0.25715,0.78948,20.72378,1,0.20732,0.04374,1.12398,0.00446,1,1,0.00344,-0.06618,0.66448,0.50937,0.81561,19.28947,1,0.13419,0.02588,1.12398,0.00393,1,1,participant_10,question_13,Timer-Correct,True,Question
0.0,0,9,1,0.16803,0.0225,0,0.63333,0.18241,0.24091,2705,753.76935,1,0.17166,0.03722,-0.05994,-0.05991,0.65365,0.25702,0.7893,20.32938,1,0.20517,0.03654,1.1317,0.00443,1,1,0.00339,-0.06844,0.68563,0.5091,0.81553,18.47449,1,0.13089,0.00846,1.14068,0.00393,1,1,participant_10,question_13,Timer-Correct,True,Other
0.0,0,9,1,0.1577,0.03779,0,0.63333,0.18241,0.2475,2705,753.76935,1,0.1713,0.03723,-0.05994,-0.05991,0.65365,0.25664,0.7899,20.98913,1,0.16875,0.07885,1.14068,0.00446,1,1,0.00339,-0.06844,0.68563,0.50916,0.81595,19.43235,1,0.14665,-0.00327,1.14967,0.00386,1,1,participant_10,question_13,Timer-Correct,True,Question
0.0,0,9,1,0.16718,0.0157,0,0.63333,0.18241,0.25421,2705,753.76935,1,0.17119,0.03668,-0.05994,-0.05991,0.65365,0.25668,0.78994,21.36622,1,0.15796,0.09409,1.14967,0.0045,1,1,0.00339,-0.06844,0.68563,0.50895,0.81627,19.41487,1,0.17641,-0.0627,1.15866,0.00381,1,1,participant_10,question_13,Timer-Correct,True,Other
0.0,0,9,1,0.16579,0.0118,0,0.63333,0.18241,0.26074,2705,753.76935,1,0.17106,0.03606,-0.05994,-0.06001,0.65365,0.25652,0.79003,21.10673,1,0.15516,0.0863,1.15866,0.00445,1,1,0.00324,-0.0665,0.66566,0.50883,0.81621,18.88431,1,0.17641,-0.0627,1.15866,0.00388,1,1,participant_10,question_13,Timer-Correct,True,Other
0.0,0,9,1,0.15849,0.02245,0,0.63333,0.18241,0.26733,2705,753.76935,1,0.17075,0.03573,-0.05994,-0.06001,0.65365,0.25621,0.79031,21.33987,1,0.18004,0.04894,1.15866,0.00447,1,1,0.00324,-0.0665,0.66566,0.50865,0.81654,19.34452,1,0.13693,-0.00405,1.14967,0.00392,1,1,participant_10,question_13,Timer-Correct,True,Other
0.0,0,9,1,0.15149,0.01399,0,0.63333,0.18241,0.27466,2705,753.76935,1,0.17029,0.03521,-0.05994,-0.06001,0.65365,0.25605,0.79001,20.6196,1,0.17857,0.00405,1.14967,0.00449,1,1,0.00324,-0.0665,0.66566,0.50842,0.81688,19.71065,1,0.12442,0.02394,1.14068,0.00393,1,1,participant_10,question_13,Timer-Correct,True,Other
0.0,0,9,1,0.15281,0.01824,0,0.63333,0.18241,0.28021,2705,753.76935,1,0.16988,0.03482,-0.06081,-0.06073,0.66095,0.25596,0.79028,20.86943,1,0.18119,0.01255,1.14068,0.0045,1,1,0.00314,-0.06776,0.6762,0.50849,0.81686,19.06152,1,0.12442,0.02394,1.14068,0.00392,1,1,participant_10,question_13,Timer-Correct,True,Other
0.0,0,9,1,0.16075,0.02075,0,0.63333,0.18241,0.28772,2705,753.76935,1,0.16968,0.0345,-0.06081,-0.06073,0.66095,0.25558,0.79055,21.05374,1,0.17062,0.03626,1.14068,0.00448,1,1,0.00314,-0.06776,0.6762,0.50803,0.81707,19.37098,1,0.15088,0.00524,1.14967,0.00386,1,1,participant_10,question_13,Timer-Correct,True,Other
0.0,0,9,1,0.16397,-0.01088,0,0.63333,0.18241,0.29401,2705,753.76935,1,0.16955,0.03349,-0.06081,-0.06073,0.66095,0.2554,0.79019,20.35845,1,0.18561,0.02833,1.14967,0.00449,1,1,0.00314,-0.06776,0.6762,0.50785,0.81703,19.02813,1,0.14233,-0.05009,1.15866,0.0039,1,1,participant_10,question_13,Timer-Correct,True,Other
0.0,0,9,1,0.16268,-0.01504,0,0.63333,0.18241,0.3009,2705,753.76935,1,0.1694,0.03243,-0.0619,-0.06167,0.67066,0.25517,0.79035,20.31077,1,0.18303,0.02001,1.15866,0.0045,1,1,0.00286,-0.06706,0.66931,0.50791,0.81718,19.01375,1,0.14233,-0.05009,1.15866,0.0039,1,1,participant_10,question_13,Timer-Correct,True,Other
0.0,0,9,1,0.16768,0.00176,0,0.63333,0.18241,0.30762,2705,753.76935,1,0.16936,0.03178,-0.0619,-0.06167,0.67066,0.25481,0.79052,20.81394,1,0.17502,0.02918,1.15866,0.00453,1,1,0.00286,-0.06706,0.66931,0.5073,0.81725,19.06868,1,0.16033,-0.02566,1.14967,0.00389,1,1,participant_10,question_13,Timer-Correct,True,Other
0.0,0,9,1,0.1616,0.01157,0,0.63333,0.18241,0.31433,2705,753.76935,1,0.1692,0.03136,-0.0619,-0.06167,0.67066,0.25449,0.79056,20.62944,1,0.17624,0.0393,1.14967,0.00455,1,1,0.00286,-0.06706,0.66931,0.50713,0.81715,18.54847,1,0.14697,-0.01617,1.14068,0.00396,1,1,participant_10,question_13,Timer-Correct,True,Other
0.0,0,9,1,0.16293,0.01568,0,0.63333,0.18241,0.32129,2705,753.76935,1,0.16924,0.03114,-0.06061,-0.06023,0.65451,0.25426,0.79053,20.26669,1,0.17889,0.04753,1.14068,0.00453,1,1,0.00275,-0.06824,0.67954,0.50714,0.81733,18.27566,1,0.14697,-0.01617,1.14068,0.00415,1,1,participant_10,question_13,Timer-Correct,True,Other
0.0,0,9,1,0.16207,0.00659,0,0.63333,0.18241,0.32794,2705,753.76935,1,0.16933,0.03097,-0.06061,-0.06023,0.65451,0.25394,0.79078,21.0752,1,0.16734,0.0114,1.14068,0.00452,1,1,0.00275,-0.06824,0.67954,0.50657,0.81785,19.37551,1,0.1568,0.00178,1.14967,0.00394,1,1,participant_10,question_13,Timer-Correct,True,Other
0.0,0,9,1,0.15197,0.02646,0,0.63333,0.18241,0.33447,2705,753.76935,1,0.16908,0.03051,-0.06061,-0.06023,0.65451,0.25367,0.79089,21.36544,1,0.17533,0.03229,1.14967,0.00451,1,1,0.00275,-0.06824,0.67954,0.50637,0.81766,19.34641,1,0.1286,0.02063,1.15866,0.00388,1,1,participant_10,question_13,Timer-Correct,True,Question
0.0,0,9,1,0.14976,0.01775,0,0.63333,0.18241,0.34052,2705,753.76935,1,0.16871,0.02951,-0.06131,-0.06083,0.65995,0.25372,0.79094,21.38481,1,0.17268,0.02401,1.15866,0.00453,1,1,0.00254,-0.06809,0.6775,0.5062,0.81777,18.87134,1,0.12685,0.01149,1.16764,0.00404,1,1,participant_10,question_13,Timer-Correct,True,Other
0.0,0,9,1,0.16269,0.03423,0,0.63333,0.18241,0.34717,2705,753.76935,1,0.16893,0.02897,-0.06131,-0.06083,0.65995,0.25287,0.79106,20.73324,1,0.17765,0.04516,1.16764,0.00456,1,1,0.00254,-0.06809,0.6775,0.50566,0.81769,18.80592,1,0.14772,0.02329,1.16764,0.00398,1,1,participant_10,question_13,Timer-Correct,True,Question
0.0,0,9,1,0.15016,-0.02142,0,0.63333,0.18241,0.35388,2705,753.76935,1,0.16852,0.02688,-0.06131,-0.06083,0.65995,0.25263,0.79112,20.47359,1,0.16746,-0.00079,1.16764,0.00463,1,1,0.00254,-0.06809,0.6775,0.5056,0.81784,18.91816,1,0.13285,-0.04205,1.16764,0.00389,1,1,participant_10,question_13,Timer-Correct,True,Other
0.0,0,9,1,0.15287,-0.00891,0,0.63333,0.18241,0.3606,2705,753.76935,1,0.16808,0.02475,-0.06206,-0.06138,0.66535,0.25244,0.79142,21.78555,1,0.16974,0.00643,1.15993,0.00451,1,1,0.0022,-0.06551,0.65186,0.50525,0.81821,19.31591,1,0.136,-0.02426,1.15094,0.00401,1,1,participant_10,question_13,Timer-Correct,True,Other
0.0,0,9,1,0.15217,0.00969,0,0.63333,0.18241,0.36749,2705,753.76935,1,0.16763,0.02366,-0.06206,-0.06138,0.66535,0.25186,0.79139,20.75477,1,0.16297,0.05793,1.14322,0.00457,1,1,0.0022,-0.06551,0.65186,0.50463,0.81808,19.25461,1,0.14137,-0.03855,1.13424,0.00399,1,1,participant_10,question_13,Timer-Correct,True,Other
0.0,0,9,1,0.17161,0.05385,0,0.63333,0.18241,0.37433,2705,753.76935,1,0.16799,0.02324,-0.06206,-0.06138,0.66535,0.25162,0.79171,20.98087,1,0.16891,0.10444,1.12652,0.00465,1,1,0.0022,-0.06551,0.65186,0.5044,0.81828,19.39648,1,0.17432,0.00326,1.11753,0.00397,1,1,participant_10,question_13,Timer-Correct,True,Question
0.0,0,9,1,0.17093,0.04937,0,0.63333,0.18241,0.3811,2705,753.76935,1,0.16847,0.02323,-0.06326,-0.06237,0.67498,0.25141,0.79192,21.50942,1,0.169,0.10471,1.12621,0.00455,1,1,0.00193,-0.0681,0.67664,0.50417,0.81817,18.98458,1,0.17286,-0.00596,1.12621,0.00411,1,1,participant_10,question_13,Timer-Correct,True,Question
0.0,0,9,1,0.1527,0.02988,0,0.63333,0.18241,0.38733,2705,753.76935,1,0.16804,0.02329,-0.06326,-0.06237,0.67498,0.2509,0.79208,21.50833,1,0.16894,0.05914,1.14261,0.00455,1,1,0.00193,-0.0681,0.67664,0.50353,0.81843,19.71668,1,0.13647,0.00062,1.1516,0.00392,1,1,participant_10,question_13,Timer-Correct,True,Question
0.0,0,9,1,0.13929,0.00892,0,0.63333,0.18241,0.39429,2705,753.76935,1,0.16751,0.02343,-0.06326,-0.06237,0.67498,0.25032,0.79205,20.94975,1,0.15034,0.04656,1.16799,0.00464,1,1,0.00193,-0.0681,0.67664,0.50318,0.81875,19.86431,1,0.12823,-0.02873,1.17698,0.00396,1,1,participant_10,question_13,Timer-Correct,True,Other
0.0,0,9,1,0.13704,0.00019,0,0.63333,0.18241,0.40082,2705,753.76935,1,0.16698,0.02355,-0.05767,-0.05668,0.61243,0.25036,0.79203,21.14871,1,0.14756,0.03853,1.17698,0.00471,1,1,0.00174,-0.06884,0.6834,0.50312,0.81859,19.45921,1,0.12652,-0.03814,1.18597,0.00395,1,1,participant_10,question_13,Timer-Correct,True,Other
0.0,0,9,1,0.15215,-0.00887,0,0.63333,0.18241,0.40753,2705,753.76935,1,0.1674,0.02323,-0.05767,-0.05668,0.61243,0.24957,0.79236,21.044,1,0.16387,0.0021,1.16957,0.00463,1,1,0.00174,-0.06884,0.6834,0.50242,0.8186,19.88655,1,0.14043,-0.01985,1.16957,0.004,1,1,participant_10,question_13,Timer-Correct,True,Other
0.0,0,9,1,0.15718,-0.00434,0,0.63333,0.18241,0.41492,2705,753.76935,1,0.16768,0.02278,-0.05767,-0.05668,0.61243,0.24943,0.79231,21.29092,1,0.1652,0.00393,1.15318,0.00472,1,1,0.00174,-0.06884,0.6834,0.50223,0.81847,19.47764,1,0.14916,-0.01261,1.15318,0.00403,1,1,participant_10,question_13,Timer-Correct,True,Other
0.0,0,9,1,0.15718,-0.00434,0,0.63333,0.18241,0.422,2705,753.76935,1,0.1679,0.02215,-0.06648,-0.06502,0.70256,0.24905,0.79233,20.96249,1,0.1652,0.00393,1.15318,0.00464,1,1,0.00143,-0.06842,0.68082,0.50199,0.81842,19.70133,1,0.14916,-0.01261,1.15318,0.00407,1,1,participant_10,question_13,Timer-Correct,True,Other
0.0,0,9,1,0.16115,-0.02613,0,0.63333,0.18241,0.42841,2705,753.76935,1,0.168,0.02156,-0.06648,-0.06502,0.70256,0.2486,0.79223,21.18183,1,0.16811,-0.00864,1.16957,0.00475,1,1,0.00143,-0.06842,0.68082,0.50133,0.81826,19.4441,1,0.15419,-0.04363,1.16957,0.00403,1,1,participant_10,question_13,Timer-Correct,True,Other
0.0,0,9,1,0.15956,-0.01778,0,0.63333,0.18241,0.43512,2705,753.76935,1,0.16771,0.02087,-0.06648,-0.06502,0.70256,0.24812,0.79226,20.77119,1,0.16832,-0.00508,1.18597,0.0047,1,1,0.00143,-0.06842,0.68082,0.50115,0.81815,19.74928,1,0.15079,-0.03047,1.18597,0.00406,1,1,participant_10,question_13,Timer-Correct,True,Other
0.0,0,9,1,0.15778,-0.02534,0,0.63333,0.18241,0.44171,2705,753.76935,1,0.16736,0.01992,-0.06204,-0.06044,0.65306,0.24805,0.79214,20.9188,1,0.16609,-0.01221,1.19368,0.00471,1,1,0.00112,-0.06794,0.67606,0.50075,0.81817,19.44996,1,0.14946,-0.03847,1.19368,0.00405,1,1,participant_10,question_13,Timer-Correct,True,Other
0.0,0,9,1,0.17224,-0.01104,0,0.63333,0.18241,0.44855,2705,753.76935,1,0.16725,0.01965,-0.06204,-0.06044,0.65306,0.24744,0.79228,20.97136,1,0.17706,-0.00423,1.185,0.00471,1,1,0.00112,-0.06794,0.67606,0.50035,0.81806,19.51733,1,0.16741,-0.01785,1.185,0.00408,1,1,participant_10,question_13,Timer-Correct,True,Other
0.0,0,9,1,0.1505,-0.01172,0,0.63333,0.18241,0.4552,2705,753.76935,1,0.16664,0.01844,-0.06204,-0.06044,0.65306,0.24722,0.79236,20.91735,1,0.17457,0.01323,1.17632,0.00468,1,1,0.00112,-0.06794,0.67606,0.49994,0.81815,19.99225,1,0.12643,-0.03667,1.17632,0.00404,1,1,participant_10,question_13,Timer-Correct,True,Other
0.0,0,9,1,0.15345,0.00157,0,0.63333,0.18241,0.4552,2705,753.76935,0,0.15418,-0.00575,-0.06237,-0.06062,0.65444,0.24704,0.79245,21.11474,1,0.17708,0.02119,1.16764,0.00478,1,1,0.00084,-0.06599,0.65662,0.49968,0.81804,19.63788,1,0.12982,-0.01806,1.15866,0.00411,1,1,participant_10,question_13,Timer-Correct,True,Other
0.0,0,9,1,0.1671,0.029,0,0.63333,0.18241,0.4552,2705,753.76935,0,0.16064,0.01163,-0.06237,-0.06062,0.65444,0.24656,0.79234,20.879,1,0.17718,0.03789,1.15866,0.00474,1,1,0.00084,-0.06599,0.65662,0.49939,0.81804,19.53374,1,0.15702,0.02011,1.14967,0.00424,1,1,participant_10,question_13,Timer-Correct,True,Question
0.0,0,9,1,0.15116,0.04024,0,0.63333,0.18241,0.4552,2705,753.76935,0,0.15748,0.02117,-0.06237,-0.06062,0.65444,0.24634,0.79236,20.57458,1,0.16652,0.07162,1.14967,0.00478,1,1,0.00084,-0.06599,0.65662,0.49917,0.81803,19.66844,1,0.13579,0.00887,1.14068,0.00411,1,1,participant_10,question_13,Timer-Correct,True,Question
0.0,0,9,1,0.15252,0.04423,0,0.63333,0.18241,0.01935,2706,754.23199,1,0.15624,0.02693,-0.06207,-0.06014,0.64925,0.24627,0.79238,20.96198,1,0.16925,0.07959,1.14068,0.00479,1,1,0.00071,-0.06828,0.67941,0.49904,0.81797,19.9871,1,0.13579,0.00887,1.14068,0.00411,1,1,participant_10,question_13,Timer-Correct,True,Question
0.0,0,9,1,0.16628,0.0268,0,0.63333,0.18241,0.02606,2706,754.23199,1,0.15825,0.02691,-0.06207,-0.06014,0.64925,0.24593,0.79283,21.54177,1,0.16581,0.02667,1.14068,0.00474,1,1,0.00071,-0.06828,0.67941,0.49871,0.81809,19.41387,1,0.16674,0.02693,1.14967,0.00412,1,1,participant_10,question_13,Timer-Correct,True,Question
0.0,0,9,1,0.15998,0.0308,0,0.63333,0.18241,0.03253,2706,754.23199,1,0.15854,0.02755,-0.06207,-0.06014,0.64925,0.2458,0.79291,21.62989,1,0.17559,0.03246,1.14967,0.00473,1,1,0.00071,-0.06828,0.67941,0.49865,0.81809,19.3796,1,0.14437,0.02913,1.15866,0.00424,1,1,participant_10,question_13,Timer-Correct,True,Question
0.0,0,9,1,0.15783,0.02213,0,0.63333,0.18241,0.03912,2706,754.23199,1,0.15844,0.02678,-0.06371,-0.06173,0.66536,0.24566,0.79302,21.76324,1,0.17295,0.02418,1.15866,0.00471,1,1,0.00051,-0.0687,0.68311,0.49855,0.81814,19.95627,1,0.14271,0.02009,1.16764,0.00418,1,1,participant_10,question_13,Timer-Correct,True,Other
0.0,0,9,1,0.16825,0.01375,0,0.63333,0.18241,0.0462,2706,754.23199,1,0.15966,0.02515,-0.06371,-0.06173,0.66536,0.24541,0.79313,21.56595,1,0.17774,0.04854,1.16764,0.00476,1,1,0.00051,-0.0687,0.68311,0.49814,0.81822,19.68032,1,0.15876,-0.02103,1.16764,0.00423,1,1,participant_10,question_13,Timer-Correct,True,Other
0.0,0,9,1,0.15483,0.01165,0,0.63333,0.18241,0.05389,2706,754.23199,1,0.15913,0.02365,-0.06371,-0.06173,0.66536,0.24525,0.79316,21.63096,1,0.1635,0.0444,1.16764,0.00476,1,1,0.00051,-0.0687,0.68311,0.49811,0.81847,20.43295,1,0.14617,-0.02109,1.16764,0.00415,1,1,participant_10,question_13,Timer-Correct,True,Other
0.0,0,9,1,0.15483,0.01165,0,0.63333,0.18241,0.05951,2706,754.23199,1,0.1587,0.02245,-0.0626,-0.06061,0.65274,0.24532,0.79315,21.71794,1,0.1635,0.0444,1.16764,0.00477,1,1,0.00051,-0.06875,0.68203,0.49811,0.81859,20.28144,1,0.14617,-0.02109,1.16764,0.00413,1,1,participant_10,question_13,Timer-Correct,True,Other
0.0,0,9,1,0.1573,0.00844,0,0.63333,0.18241,0.06622,2706,754.23199,1,0.15857,0.02118,-0.0626,-0.06061,0.65274,0.24506,0.79316,21.31544,1,0.15729,0.01844,1.16764,0.00476,1,1,0.00051,-0.06875,0.68203,0.49801,0.81854,20.02577,1,0.15731,-0.00156,1.16764,0.00412,1,1,participant_10,question_13,Timer-Correct,True,Other
0.0,0,9,1,0.16303,0.01823,0,0.63333,0.18241,0.07294,2706,754.23199,1,0.15894,0.02093,-0.0626,-0.06061,0.65274,0.24495,0.79324,21.20641,1,0.17749,0.0269,1.16764,0.00482,1,1,0.00051,-0.06875,0.68203,0.49783,0.81862,19.70264,1,0.14857,0.00956,1.16764,0.00418,1,1,participant_10,question_13,Timer-Correct,True,Other
0.0,0,9,1,0.16384,0.02279,0,0.63333,0.18241,0.07983,2706,754.23199,1,0.15932,0.02108,-0.06227,-0.06005,0.6473,0.24489,0.79315,20.87912,1,0.17749,0.0269,1.16764,0.00486,1,1,0.00045,-0.06685,0.66323,0.49781,0.8187,20.18069,1,0.15019,0.01868,1.15866,0.00424,1,1,participant_10,question_13,Timer-Correct,True,Other
0.0,0,9,1,0.15717,0.03881,0,0.63333,0.18241,0.08636,2706,754.23199,1,0.15916,0.02234,-0.06227,-0.06005,0.6473,0.24483,0.79334,21.3571,1,0.17592,0.04264,1.15866,0.00485,1,1,0.00045,-0.06685,0.66323,0.49778,0.8187,20.1514,1,0.13841,0.03497,1.14967,0.00426,1,1,participant_10,question_13,Timer-Correct,True,Question
0.0,0,9,1,0.15988,0.01652,0,0.63333,0.18241,0.09308,2706,754.23199,1,0.15921,0.02195,-0.06227,-0.06005,0.6473,0.24477,0.79366,21.8592,1,0.17491,0.04713,1.14967,0.00485,1,1,0.00045,-0.06685,0.66323,0.49764,0.8187,20.2317,1,0.14486,-0.01409,1.14068,0.00419,1,1,participant_10,question_13,Timer-Correct,True,Other
0.0,0,9,1,0.16205,0.02538,0,0.63333,0.18241,0.09973,2706,754.23199,1,0.15939,0.02217,-0.06316,-0.06096,0.65652,0.24478,0.79376,21.99053,1,0.17757,0.0553,1.14068,0.00484,1,1,0.00045,-0.06685,0.66323,0.49766,0.81871,20.18988,1,0.14653,-0.00454,1.1317,0.0042,1,1,participant_10,question_13,Timer-Correct,True,Question
0.0,0,9,1,0.16146,0.04038,0,0.63333,0.18241,0.10602,2706,754.23199,1,0.15951,0.02324,-0.06316,-0.06096,0.65652,0.24479,0.79375,21.95935,1,0.17427,0.08566,1.1317,0.00484,1,1,0.00045,-0.06685,0.66323,0.49768,0.81875,20.16367,1,0.14864,-0.00489,1.1317,0.00421,1,1,participant_10,question_13,Timer-Correct,True,Question
0.0,0,9,1,0.17426,0.03679,0,0.63333,0.18241,0.11267,2706,754.23199,1,0.16033,0.02399,-0.06316,-0.06096,0.65652,0.24476,0.79376,21.98287,1,0.20179,0.06729,1.1317,0.00485,1,1,0.00045,-0.06685,0.66323,0.49778,0.81868,20.17957,1,0.14672,0.00629,1.1317,0.00429,1,1,participant_10,question_13,Timer-Correct,True,Question
0.0,0,9,1,0.17522,0.03962,0,0.63333,0.18241,0.11932,2706,754.23199,1,0.16111,0.02481,-0.0612,-0.05911,0.63664,0.24477,0.79376,22.06225,1,0.20396,0.07428,1.12398,0.00486,1,1,0.00041,-0.06813,0.67591,0.49769,0.81871,20.03331,1,0.14649,0.00496,1.13297,0.00421,1,1,participant_10,question_13,Timer-Correct,True,Question
0.0,0,9,1,0.1775,0.04379,0,0.63333,0.18241,0.12616,2706,754.23199,1,0.16193,0.02576,-0.0612,-0.05911,0.63664,0.24479,0.79382,22.18591,1,0.2118,0.0711,1.12525,0.00487,1,1,0.00041,-0.06813,0.67591,0.49764,0.81866,19.87563,1,0.1432,0.01647,1.13424,0.00424,1,1,participant_10,question_13,Timer-Correct,True,Question
0.0,0,9,1,0.17426,0.03166,0,0.63333,0.18241,0.13287,2706,754.23199,1,0.16252,0.02604,-0.0612,-0.05911,0.63664,0.24477,0.79379,22.06129,1,0.20756,0.06231,1.12652,0.00487,1,1,0.00041,-0.06813,0.67591,0.49761,0.81864,19.82894,1,0.14095,0.00102,1.13551,0.00425,1,1,participant_10,question_13,Timer-Correct,True,Question
0.0,0,9,1,0.17216,0.02282,0,0.63333,0.18241,0.14087,2706,754.23199,1,0.16296,0.0259,-0.06316,-0.06096,0.65652,0.24474,0.79379,22.14076,1,0.20506,0.0541,1.13551,0.00486,1,1,0.00041,-0.06813,0.67591,0.49758,0.81871,20.03148,1,0.13925,-0.00846,1.14449,0.00424,1,1,participant_10,question_13,Timer-Correct,True,Other
0.0,0,9,1,0.16805,0.0284,0,0.63333,0.18241,0.14606,2706,754.23199,1,0.16318,0.02601,-0.06316,-0.06096,0.65652,0.24471,0.7938,22.30473,1,0.19272,0.05233,1.15221,0.00488,1,1,0.00041,-0.06813,0.67591,0.49747,0.81885,20.0082,1,0.14338,0.00448,1.15221,0.00428,1,1,participant_10,question_13,Timer-Correct,True,Question
0.0,0,9,1,0.14905,0.03294,0,0.63333,0.18241,0.15308,2706,754.23199,1,0.16259,0.0263,-0.06316,-0.06096,0.65652,0.24474,0.79409,22.44795,1,0.15912,0.05752,1.15993,0.00491,1,1,0.00041,-0.06813,0.67591,0.49747,0.81885,20.0082,1,0.13898,0.00837,1.15993,0.00428,1,1,participant_10,question_13,Timer-Correct,True,Question
0.0,0,9,1,0.14799,0.03016,0,0.63333,0.18241,0.16003,2706,754.23199,1,0.16201,0.02645,-0.06227,-0.06015,0.6473,0.2447,0.79408,22.36056,1,0.15676,0.05064,1.16764,0.00492,1,1,0.00045,-0.06685,0.66323,0.49753,0.81892,19.90302,1,0.13922,0.00967,1.15866,0.0043,1,1,participant_10,question_13,Timer-Correct,True,Question
0.0,0,9,1,0.14351,0.01955,0,0.63333,0.18241,0.16681,2706,754.23199,1,0.1613,0.02618,-0.06227,-0.06015,0.6473,0.24468,0.79417,22.46857,1,0.14831,0.06785,1.15866,0.00491,1,1,0.00045,-0.06685,0.66323,0.49743,0.81901,19.54663,1,0.13872,-0.02876,1.14967,0.00434,1,1,participant_10,question_13,Timer-Correct,True,Other
0.0,0,9,1,0.14934,0.04131,0,0.63333,0.18241,0.1734,2706,754.23199,1,0.16085,0.02674,-0.06227,-0.06015,0.6473,0.2447,0.79417,22.50743,1,0.15312,0.09222,1.14967,0.00491,1,1,0.00045,-0.06685,0.66323,0.49752,0.81951,20.88805,1,0.14557,-0.00961,1.14068,0.00427,1,1,participant_10,question_13,Timer-Correct,True,Question
0.0,0,9,1,0.15076,0.04521,0,0.63333,0.18241,0.18005,2706,754.23199,1,0.16049,0.0274,-0.06227,-0.06025,0.6473,0.24477,0.79417,22.75054,1,0.15595,0.10003,1.14068,0.00491,1,1,0.00031,-0.0686,0.67955,0.49757,0.81924,20.35972,1,0.14557,-0.00961,1.14068,0.00423,1,1,participant_10,question_13,Timer-Correct,True,Question
0.0,0,9,1,0.14874,0.03626,0,0.63333,0.18241,0.18762,2706,754.23199,1,0.16009,0.02771,-0.06227,-0.06025,0.6473,0.24479,0.79443,22.5708,1,0.16088,0.05887,1.14068,0.00496,1,1,0.00031,-0.0686,0.67955,0.49765,0.8194,20.28993,1,0.1366,0.01366,1.14967,0.00442,1,1,participant_10,question_13,Timer-Correct,True,Question
0.0,0,9,1,0.14699,0.01172,0,0.63333,0.18241,0.19305,2706,754.23199,1,0.15965,0.02718,-0.06227,-0.06025,0.6473,0.24469,0.79449,22.54337,1,0.16242,0.00981,1.14967,0.00494,1,1,0.00031,-0.0686,0.67955,0.49763,0.81944,20.12535,1,0.13156,0.01363,1.15866,0.00443,1,1,participant_10,question_13,Timer-Correct,True,Other
0.0,0,9,1,0.14563,0.0075,0,0.63333,0.18241,0.20026,2706,754.23199,1,0.1592,0.02654,-0.06367,-0.06165,0.66183,0.24464,0.79411,21.86025,1,0.1597,0.00136,1.15866,0.00491,1,1,0.00035,-0.06793,0.6719,0.49762,0.81963,20.30979,1,0.13156,0.01363,1.15866,0.00437,1,1,participant_10,question_13,Timer-Correct,True,Other
0.0,0,9,1,0.16028,0.01227,0,0.63333,0.18241,0.20691,2706,754.23199,1,0.15923,0.0261,-0.06367,-0.06165,0.66183,0.24463,0.79477,22.69048,1,0.18753,0.0433,1.15866,0.00495,1,1,0.00035,-0.06793,0.6719,0.49737,0.81973,20.2359,1,0.13302,-0.01877,1.14967,0.00437,1,1,participant_10,question_13,Timer-Correct,True,Other
0.0,0,9,1,0.14528,0.04161,0,0.63333,0.18241,0.21362,2706,754.23199,1,0.15881,0.02657,-0.06367,-0.06165,0.66183,0.24465,0.79489,22.96114,1,0.15377,0.0711,1.14967,0.00493,1,1,0.00035,-0.06793,0.6719,0.49734,0.81975,20.23559,1,0.13678,0.01212,1.14068,0.00437,1,1,participant_10,question_13,Timer-Correct,True,Question
0.0,0,9,1,0.14669,0.0456,0,0.63333,0.18241,0.22028,2706,754.23199,1,0.15845,0.02713,-0.06227,-0.06034,0.6473,0.24448,0.7943,21.71591,1,0.15659,0.07908,1.14068,0.00499,1,1,0.00031,-0.06856,0.67817,0.49736,0.8198,20.22071,1,0.13678,0.01212,1.14068,0.00437,1,1,participant_10,question_13,Timer-Correct,True,Question
0.0,0,9,1,0.15059,0.0036,0,0.63333,0.18241,0.22699,2706,754.23199,1,0.15823,0.02645,-0.06227,-0.06034,0.6473,0.24422,0.79417,22.3918,1,0.14843,0.00554,1.14068,0.00491,1,1,0.00031,-0.06856,0.67817,0.49683,0.8194,20.58981,1,0.15275,0.00165,1.14967,0.00436,1,1,participant_10,question_13,Timer-Correct,True,Other
0.0,0,9,1,0.12854,-0.07029,0,0.63333,0.18241,0.23389,2706,754.23199,1,0.1574,0.02377,-0.06227,-0.06034,0.6473,0.24409,0.79372,22.55219,1,0.13544,-0.08078,1.14967,0.00489,1,1,0.00031,-0.06856,0.67817,0.49668,0.81893,20.77171,1,0.12164,-0.0598,1.15866,0.00435,1,1,participant_10,question_13,Timer-Correct,True,Other
0.0,0,9,1,0.12822,-0.07163,0,0.63333,0.18241,0.24048,2706,754.23199,1,0.15661,0.02119,-0.06081,-0.0587,0.63168,0.24407,0.79343,23.01152,1,0.13504,-0.08207,1.15094,0.00486,1,1,0.0001,-0.06823,0.67687,0.49632,0.81837,20.94882,1,0.1214,-0.06119,1.15993,0.00431,1,1,participant_10,question_13,Timer-Correct,True,Other
0.0,0,9,1,0.13168,-0.15185,0,0.63333,0.18241,0.24707,2706,754.23199,1,0.15596,0.01663,-0.06081,-0.0587,0.63168,0.24405,0.79259,23.77871,1,0.11072,-0.13674,1.15221,0.00478,1,1,0.0001,-0.06823,0.67687,0.49617,0.81757,21.13066,1,0.15265,-0.16695,1.15221,0.00433,1,1,participant_10,question_13,Timer-Correct,True,Other
0.0,0,9,1,0.13233,-0.2173,0,0.63333,0.18241,0.24707,2706,754.23199,0,0.14298,-0.02561,-0.06081,-0.0587,0.63168,0.24402,0.79231,24.14532,1,0.11397,-0.19162,1.14449,0.00473,1,1,0.0001,-0.06823,0.67687,0.49598,0.81725,21.63018,1,0.15068,-0.24297,1.14449,0.0043,1,1,participant_10,question_13,Timer-Correct,True,Other
0.0,0,9,1,0.1374,-0.18901,0,0.63333,0.18241,0.24707,2706,754.23199,0,0.14019,-0.10731,-0.05964,-0.05747,0.62,0.24395,0.79225,23.91279,1,0.1188,-0.17525,1.12987,0.0048,1,1,0.0,-0.06476,0.64442,0.49592,0.81676,20.99704,1,0.15601,-0.20278,1.1129,0.00448,1,1,participant_10,question_13,Timer-Correct,True,Other
0.0,0,9,1,0.14301,-0.23907,0,0.63333,0.18241,0.24707,2706,754.23199,0,0.14113,-0.15123,-0.05964,-0.05747,0.62,0.24405,0.79123,23.95172,1,0.14779,-0.25409,1.106,0.00475,1,1,0.0,-0.06476,0.64442,0.49559,0.81641,22.19476,1,0.13822,-0.22405,1.08902,0.00436,1,1,participant_10,question_13,Timer-Correct,True,Other
0.0,0,9,1,0.13563,-0.21626,0,0.63333,0.18241,0.24707,2706,754.23199,0,0.13868,-0.21478,-0.05964,-0.05747,0.62,0.24383,0.79099,23.30216,1,0.12986,-0.20339,1.08212,0.0048,1,1,0.0,-0.06476,0.64442,0.49569,0.81615,22.14335,1,0.1414,-0.22913,1.06514,0.00442,1,1,participant_10,question_13,Timer-Correct,True,Other
0.0,0,9,1,0.13731,-0.20986,0,0.63333,0.18241,0.24707,2706,754.23199,0,0.13799,-0.21232,-0.05964,-0.05747,0.62,0.24387,0.79109,23.57253,1,0.13297,-0.19232,1.07286,0.00481,1,1,-5e-05,-0.06649,0.66155,0.49562,0.81599,22.07976,1,0.14164,-0.22741,1.06387,0.00451,1,1,participant_10,question_13,Timer-Correct,True,Other
0.0,0,9,1,0.13373,-0.26171,0,0.63333,0.18241,0.24707,2706,754.23199,0,0.13657,-0.22878,-0.05964,-0.05747,0.62,0.24367,0.79096,23.74885,1,0.12692,-0.25244,1.07849,0.00483,1,1,-5e-05,-0.06649,0.66155,0.49559,0.81593,22.17348,1,0.14053,-0.27097,1.08648,0.00447,1,1,participant_10,question_13,Timer-Correct,True,Other
0.0,0,9,1,0.12885,-0.28205,0,0.63333,0.18241,0.01965,2707,754.50592,1,0.13464,-0.2421,-0.05964,-0.05747,0.62,0.24364,0.79099,23.81504,1,0.11656,-0.27812,1.1011,0.00486,1,1,-5e-05,-0.06649,0.66155,0.49561,0.81594,22.09137,1,0.14115,-0.28599,1.10909,0.00448,1,1,participant_10,question_13,Timer-Correct,True,Other
0.0,0,9,1,0.12576,-0.296,0,0.63333,0.18241,0.02649,2707,754.50592,1,0.13287,-0.25288,-0.05964,-0.05747,0.62,0.24364,0.79098,23.91313,1,0.11158,-0.29662,1.11599,0.00483,1,1,0.0,-0.06476,0.64442,0.49558,0.81592,22.12641,1,0.13994,-0.29538,1.11599,0.00446,1,1,participant_10,question_13,Timer-Correct,True,Other
0.0,0,9,1,0.12594,-0.29246,0,0.63333,0.18241,0.03308,2707,754.50592,1,0.13171,-0.25948,-0.05964,-0.05747,0.62,0.24369,0.79114,23.60025,1,0.11255,-0.25612,1.10828,0.00485,1,1,0.0,-0.06476,0.64442,0.49552,0.81606,22.54587,1,0.13934,-0.3288,1.10029,0.00442,1,1,participant_10,question_13,Timer-Correct,True,Other
0.0,0,9,1,0.13389,-0.25645,0,0.63333,0.18241,0.03986,2707,754.50592,1,0.13202,-0.25904,-0.05964,-0.05747,0.62,0.24368,0.79116,23.57386,1,0.1163,-0.242,1.09257,0.00484,1,1,0.0,-0.06476,0.64442,0.49562,0.81617,22.20233,1,0.15149,-0.27089,1.08458,0.00442,1,1,participant_10,question_13,Timer-Correct,True,Other
0.0,0,9,1,0.13794,-0.23611,0,0.63333,0.18241,0.04669,2707,754.50592,1,0.13276,-0.25618,-0.05964,-0.05747,0.62,0.24362,0.79141,23.47438,1,0.12166,-0.22285,1.07687,0.00489,1,1,-0.0,-0.0639,0.63532,0.49564,0.81619,22.06225,1,0.15423,-0.24936,1.06888,0.00443,1,1,participant_10,question_13,Timer-Correct,True,Other
0.0,0,9,1,0.12861,-0.2489,0,0.63333,0.18241,0.05328,2707,754.50592,1,0.1323,-0.25537,-0.05964,-0.05747,0.62,0.24371,0.79161,24.04458,1,0.10271,-0.25199,1.06888,0.00493,1,1,-0.0,-0.0639,0.63532,0.49571,0.81623,22.16276,1,0.15451,-0.2458,1.06888,0.00447,1,1,participant_10,question_13,Timer-Correct,True,Other
0.0,0,9,1,0.13095,-0.23832,0,0.63333,0.18241,0.06018,2707,754.50592,1,0.13217,-0.25366,-0.05964,-0.05747,0.62,0.24373,0.79161,23.93449,1,0.10553,-0.24974,1.06888,0.00495,1,1,-0.0,-0.0639,0.63532,0.49576,0.81626,22.17554,1,0.15638,-0.2269,1.06888,0.00446,1,1,participant_10,question_13,Timer-Correct,True,Other
0.0,0,9,1,0.12822,-0.25374,0,0.63333,0.18241,0.06903,2707,754.50592,1,0.13181,-0.25367,-0.05964,-0.05747,0.62,0.24375,0.79161,23.76627,1,0.10279,-0.25941,1.07659,0.00495,1,1,5e-05,-0.06701,0.66626,0.49574,0.81629,22.01859,1,0.15364,-0.24806,1.08458,0.00445,1,1,participant_10,question_13,Timer-Correct,True,Other
0.0,0,9,1,0.12251,-0.27654,0,0.63333,0.18241,0.07373,2707,754.50592,1,0.13103,-0.25558,-0.05964,-0.05747,0.62,0.24396,0.79151,23.7849,1,0.1024,-0.26597,1.0923,0.00487,1,1,5e-05,-0.06701,0.66626,0.49588,0.81668,22.40079,1,0.14262,-0.28711,1.10029,0.00449,1,1,participant_10,question_13,Timer-Correct,True,Other
0.0,0,9,1,0.11526,-0.28465,0,0.63333,0.18241,0.08014,2707,754.50592,1,0.12982,-0.25781,-0.05964,-0.05747,0.62,0.24397,0.79156,23.74367,1,0.1012,-0.29029,1.108,0.00488,1,1,5e-05,-0.06701,0.66626,0.49599,0.8167,22.80374,1,0.12931,-0.279,1.11599,0.00449,1,1,participant_10,question_13,Timer-Correct,True,Other
0.0,0,9,1,0.11114,-0.30501,0,0.63333,0.18241,0.08667,2707,754.50592,1,0.12849,-0.26118,-0.05964,-0.05747,0.62,0.244,0.79148,23.48158,1,0.09583,-0.30985,1.12371,0.00489,1,1,5e-05,-0.06658,0.66154,0.49598,0.81711,22.61547,1,0.12645,-0.30017,1.1317,0.00462,1,1,participant_10,question_13,Timer-Correct,True,Other
0.0,0,9,1,0.11037,-0.29573,0,0.63333,0.18241,0.09332,2707,754.50592,1,0.12728,-0.26349,-0.05964,-0.05747,0.62,0.24412,0.79143,23.53755,1,0.10915,-0.2943,1.1317,0.00483,1,1,5e-05,-0.06658,0.66154,0.49616,0.8168,22.59484,1,0.11158,-0.29716,1.1317,0.00451,1,1,participant_10,question_13,Timer-Correct,True,Other
0.0,0,9,1,0.11956,-0.30169,0,0.63333,0.18241,0.10107,2707,754.50592,1,0.1268,-0.26587,-0.05964,-0.05747,0.62,0.2442,0.79155,23.74999,1,0.11893,-0.30578,1.1317,0.00489,1,1,5e-05,-0.06658,0.66154,0.49622,0.81678,22.44488,1,0.12019,-0.2976,1.1317,0.00451,1,1,participant_10,question_13,Timer-Correct,True,Other
0.0,0,9,1,0.11956,-0.30169,0,0.63333,0.18241,0.10858,2707,754.50592,1,0.12637,-0.26798,-0.05964,-0.05747,0.62,0.2442,0.79152,23.68925,1,0.11893,-0.30578,1.1317,0.00489,1,1,0.00015,-0.06688,0.66353,0.49643,0.81688,22.02898,1,0.12019,-0.2976,1.1317,0.00446,1,1,participant_10,question_13,Timer-Correct,True,Other
0.0,0,9,1,0.12266,-0.29118,0,0.63333,0.18241,0.11517,2707,754.50592,1,0.12616,-0.26927,-0.05964,-0.05747,0.62,0.24425,0.79182,23.83829,1,0.11486,-0.30371,1.1317,0.00495,1,1,0.00015,-0.06688,0.66353,0.49659,0.81702,22.40939,1,0.13045,-0.27865,1.1317,0.00448,1,1,participant_10,question_13,Timer-Correct,True,Other
0.0,0,9,1,0.13222,-0.26649,0,0.63333,0.18241,0.12018,2707,754.50592,1,0.12648,-0.26912,-0.05964,-0.05747,0.62,0.24442,0.79162,23.32926,1,0.12717,-0.28258,1.1317,0.00493,1,1,0.00015,-0.06688,0.66353,0.49662,0.81692,22.77959,1,0.13727,-0.2504,1.1317,0.00451,1,1,participant_10,question_13,Timer-Correct,True,Other
0.0,0,9,1,0.13222,-0.26649,0,0.63333,0.18241,0.12683,2707,754.50592,1,0.12677,-0.26899,-0.05964,-0.05747,0.62,0.2445,0.79195,24.13732,1,0.12717,-0.28258,1.1317,0.0049,1,1,0.00025,-0.06609,0.65568,0.49666,0.81693,22.66977,1,0.13727,-0.2504,1.1317,0.00455,1,1,participant_10,question_13,Timer-Correct,True,Other
0.0,0,9,1,0.11323,-0.2929,0,0.63333,0.18241,0.13391,2707,754.50592,1,0.12612,-0.27013,-0.05964,-0.05747,0.62,0.24456,0.79184,24.32928,1,0.10422,-0.27854,1.1317,0.00491,1,1,0.00025,-0.06609,0.65568,0.49655,0.81696,22.47501,1,0.12223,-0.30727,1.1317,0.00448,1,1,participant_10,question_13,Timer-Correct,True,Other
0.0,0,9,1,0.1213,-0.28919,0,0.63333,0.18241,0.14069,2707,754.50592,1,0.1259,-0.271,-0.05964,-0.05747,0.62,0.24456,0.79177,24.12385,1,0.11565,-0.2807,1.1317,0.00492,1,1,0.00025,-0.06609,0.65568,0.49665,0.817,22.17648,1,0.12694,-0.29768,1.1317,0.00444,1,1,participant_10,question_13,Timer-Correct,True,Other
0.0,0,9,1,0.1213,-0.28919,0,0.63333,0.18241,0.1474,2707,754.50592,1,0.1257,-0.27179,-0.05964,-0.05747,0.62,0.24459,0.79172,23.80701,1,0.11565,-0.2807,1.1317,0.00492,1,1,0.00025,-0.06609,0.65568,0.49669,0.81708,22.4083,1,0.12694,-0.29768,1.1317,0.00444,1,1,participant_10,question_13,Timer-Correct,True,Other
0.0,0,9,1,0.11946,-0.31078,0,0.63333,0.18241,0.15399,2707,754.50592,1,0.12544,-0.27341,-0.05964,-0.05747,0.62,0.24466,0.79183,24.52304,1,0.11274,-0.29503,1.1317,0.00491,1,1,0.00025,-0.06609,0.65568,0.49675,0.81706,22.70077,1,0.12619,-0.32652,1.1317,0.00449,1,1,participant_10,question_13,Timer-Correct,True,Other
0.0,0,9,1,0.11234,-0.3234,0,0.63333,0.18241,0.16077,2707,754.50592,1,0.12492,-0.27541,-0.05964,-0.05747,0.62,0.24444,0.79163,23.95964,1,0.08985,-0.33396,1.1317,0.00495,1,1,0.00025,-0.06609,0.65568,0.49657,0.81674,22.48008,1,0.13483,-0.31283,1.1317,0.00455,1,1,participant_10,question_13,Timer-Correct,True,Other
0.0,0,9,1,0.11504,-0.30788,0,0.63333,0.18241,0.16748,2707,754.50592,1,0.12454,-0.27666,-0.05964,-0.05747,0.62,0.24462,0.79172,24.57928,1,0.09249,-0.32425,1.12398,0.00496,1,1,0.00019,-0.06394,0.6353,0.49652,0.81656,22.91506,1,0.13759,-0.2915,1.11599,0.00455,1,1,participant_10,question_13,Timer-Correct,True,Other
0.0,0,9,1,0.08163,-0.39543,0,0.63333,0.18241,0.17413,2707,754.50592,1,0.12295,-0.28106,-0.05964,-0.05747,0.62,0.24552,0.79221,24.43419,1,0.05647,-0.40344,1.10828,0.00614,1,1,0.00019,-0.06394,0.6353,0.49615,0.81619,22.47579,1,0.10679,-0.38743,1.10029,0.00476,1,1,participant_10,question_13,Timer-Correct,True,Other
0.0,0,9,1,0.10162,-0.40198,0,0.63333,0.18241,0.17413,2707,754.50592,0,0.11605,-0.31138,-0.05964,-0.05747,0.62,0.2451,0.79309,24.51282,1,0.08044,-0.4393,1.09257,0.00613,1,1,0.00019,-0.06394,0.6353,0.49598,0.81625,22.35202,1,0.1228,-0.36466,1.08458,0.00474,1,1,participant_10,question_13,Timer-Correct,True,Other
0.0,0,9,1,0.09986,-0.4155,0,0.63333,0.18241,0.17413,2707,754.50592,0,0.10795,-0.36344,-0.05964,-0.05747,0.62,0.24527,0.79266,24.65749,1,0.0802,-0.44027,1.09326,0.00609,1,1,0.0001,-0.06818,0.67687,0.49599,0.81596,22.68326,1,0.11952,-0.39073,1.10225,0.00461,1,1,participant_10,question_13,Timer-Correct,True,Other
0.0,0,9,1,0.06335,-0.45753,0,0.63333,0.18241,0.17413,2707,754.50592,0,0.09309,-0.3948,-0.05964,-0.05747,0.62,0.24482,0.79272,23.99325,1,0.03592,-0.46563,1.11865,0.00604,1,1,0.0001,-0.06818,0.67687,0.49605,0.81617,22.67062,1,0.09078,-0.44942,1.13562,0.0047,1,1,participant_10,question_13,Timer-Correct,True,Other
0.0,0,9,1,0.07078,-0.55871,0,0.63333,0.18241,0.17413,2707,754.50592,0,0.078,-0.47725,-0.05964,-0.05747,0.62,0.24525,0.79273,23.9532,1,0.04852,-0.5638,1.15202,0.00634,1,1,0.0001,-0.06818,0.67687,0.49597,0.81621,22.5236,1,0.09304,-0.55363,1.16899,0.00466,1,1,participant_10,question_13,Timer-Correct,True,Other
0.0,0,9,1,0.06513,-0.58862,0,0.63333,0.18241,0.17413,2707,754.50592,0,0.07157,-0.53294,-0.05964,-0.05747,0.62,0.24524,0.79263,24.00027,1,0.04,-0.5992,1.17671,0.00635,1,1,0.00015,-0.06683,0.66354,0.49592,0.81614,22.54514,1,0.09027,-0.57805,1.1847,0.00471,1,1,participant_10,question_13,Timer-Correct,True,Other
0.0,0,9,1,0.07352,-0.54524,0,0.63333,0.18241,0.17413,2707,754.50592,0,0.07222,-0.53704,-0.05964,-0.05747,0.62,0.24514,0.79309,23.92807,1,0.02829,-0.5648,1.17602,0.00628,1,1,0.00015,-0.06683,0.66354,0.49587,0.81625,22.16072,1,0.11874,-0.52568,1.16703,0.00473,1,1,participant_10,question_13,Timer-Correct,True,Other
0.0,0,9,1,0.0782,-0.52086,0,0.63333,0.18241,0.02014,2708,754.70691,1,0.07371,-0.53299,-0.05964,-0.05747,0.62,0.24545,0.79291,24.18164,1,0.03459,-0.54127,1.15835,0.00627,1,1,0.00015,-0.06683,0.66354,0.49586,0.81627,22.10778,1,0.1218,-0.50044,1.14936,0.00474,1,1,participant_10,question_13,Timer-Correct,True,Other
0.0,0,9,1,0.08284,-0.49501,0,0.63333,0.18241,0.02673,2708,754.70691,1,0.07554,-0.5254,-0.05964,-0.05747,0.62,0.24552,0.79286,24.27075,1,0.04091,-0.51643,1.14068,0.00633,1,1,0.00015,-0.06683,0.66354,0.49586,0.81627,22.10778,1,0.12477,-0.4736,1.1317,0.00474,1,1,participant_10,question_13,Timer-Correct,True,Other
0.0,0,9,1,0.08221,-0.47425,0,0.63333,0.18241,0.03339,2708,754.70691,1,0.07665,-0.51687,-0.05964,-0.05747,0.62,0.2454,0.79294,24.24354,1,0.04287,-0.48579,1.1317,0.00639,1,1,0.00015,-0.06683,0.66354,0.49575,0.81631,22.34682,1,0.12154,-0.46271,1.1317,0.00473,1,1,participant_10,question_13,Timer-Correct,True,Other
0.0,0,9,1,0.09557,-0.45821,0,0.63333,0.18241,0.0401,2708,754.70691,1,0.07935,-0.50849,-0.05964,-0.05747,0.62,0.245,0.79254,24.13791,1,0.03943,-0.48357,1.1317,0.00617,1,1,0.00015,-0.06683,0.66354,0.49588,0.81643,22.32779,1,0.1517,-0.43284,1.1317,0.00465,1,1,participant_10,question_13,Timer-Correct,True,Other
0.0,0,9,1,0.09557,-0.45821,0,0.63333,0.18241,0.04749,2708,754.70691,1,0.08138,-0.50221,-0.05964,-0.05747,0.62,0.24566,0.7929,23.75639,1,0.03943,-0.48357,1.1317,0.0063,1,1,0.00015,-0.06683,0.66354,0.4959,0.81647,22.40514,1,0.1517,-0.43284,1.1317,0.00462,1,1,participant_10,question_13,Timer-Correct,True,Other
0.0,0,9,1,0.08884,-0.48834,0,0.63333,0.18241,0.05353,2708,754.70691,1,0.08221,-0.50067,-0.05964,-0.05747,0.62,0.24505,0.79234,24.23538,1,0.0759,-0.50066,1.1317,0.00628,1,1,0.00015,-0.06683,0.66354,0.49576,0.81648,22.08696,1,0.10177,-0.47603,1.1317,0.00474,1,1,participant_10,question_13,Timer-Correct,True,Other
0.0,0,9,1,0.06951,-0.48054,0,0.63333,0.18241,0.05988,2708,754.70691,1,0.08094,-0.49865,-0.05964,-0.05747,0.62,0.24513,0.7923,24.15924,1,0.04399,-0.49241,1.1317,0.00627,1,1,0.00015,-0.06683,0.66354,0.49583,0.81643,22.20478,1,0.09503,-0.46867,1.1317,0.00467,1,1,participant_10,question_13,Timer-Correct,True,Other
0.0,0,9,1,0.0724,-0.46322,0,0.63333,0.18241,0.06641,2708,754.70691,1,0.08016,-0.49543,-0.05964,-0.05747,0.62,0.24503,0.79215,24.14251,1,0.04679,-0.48163,1.12398,0.0062,1,1,0.00019,-0.06496,0.64494,0.49587,0.81655,22.3621,1,0.09802,-0.4448,1.11599,0.00462,1,1,participant_10,question_13,Timer-Correct,True,Other
0.0,0,9,1,0.0855,-0.41331,0,0.63333,0.18241,0.07324,2708,754.70691,1,0.08061,-0.48859,-0.05964,-0.05747,0.62,0.24516,0.79241,24.11863,1,0.05947,-0.45246,1.10828,0.00626,1,1,0.00019,-0.06496,0.64494,0.49595,0.81651,22.43069,1,0.11153,-0.37416,1.10029,0.00456,1,1,participant_10,question_13,Timer-Correct,True,Other
0.0,0,9,1,0.09194,-0.39537,0,0.63333,0.18241,0.07983,2708,754.70691,1,0.08148,-0.48142,-0.05964,-0.05747,0.62,0.24498,0.79235,23.97785,1,0.06547,-0.42784,1.09257,0.00615,1,1,0.00019,-0.06496,0.64494,0.496,0.81654,22.44629,1,0.11841,-0.3629,1.08458,0.00458,1,1,participant_10,question_13,Timer-Correct,True,Other
0.0,0,9,1,0.09632,-0.37291,0,0.63333,0.18241,0.08661,2708,754.70691,1,0.08254,-0.47367,-0.05964,-0.05747,0.62,0.24496,0.7925,24.08235,1,0.07122,-0.40604,1.07687,0.00611,1,1,0.00019,-0.06506,0.64493,0.49597,0.81654,22.48156,1,0.12141,-0.33978,1.06888,0.00454,1,1,participant_10,question_13,Timer-Correct,True,Other
0.0,0,9,1,0.10671,-0.38718,0,0.63333,0.18241,0.09473,2708,754.70691,1,0.08415,-0.4679,-0.05964,-0.05747,0.62,0.24501,0.79308,23.84944,1,0.07446,-0.42801,1.06888,0.00613,1,1,0.00019,-0.06506,0.64493,0.49581,0.81726,21.9987,1,0.13897,-0.34635,1.06888,0.00484,1,1,participant_10,question_13,Timer-Correct,True,Other
0.0,0,9,1,0.10836,-0.40255,0,0.63333,0.18241,0.1015,2708,754.70691,1,0.08566,-0.46382,-0.05964,-0.05747,0.62,0.24485,0.79323,23.36503,1,0.07212,-0.40109,1.06888,0.00614,1,1,0.00019,-0.06506,0.64493,0.49578,0.81732,21.96665,1,0.1446,-0.40401,1.06888,0.00485,1,1,participant_10,question_13,Timer-Correct,True,Other
0.0,0,9,1,0.1056,-0.41995,0,0.63333,0.18241,0.1015,2708,754.70691,0,0.09154,-0.4345,-0.05964,-0.05747,0.62,0.24468,0.79367,23.64821,1,0.06927,-0.41184,1.07659,0.00623,1,1,0.00015,-0.06694,0.66257,0.49596,0.81709,22.17476,1,0.14193,-0.42806,1.08458,0.00477,1,1,participant_10,question_13,Timer-Correct,True,Other
0.0,0,9,1,0.10579,-0.43459,0,0.63333,0.18241,0.1015,2708,754.70691,0,0.09867,-0.43455,-0.05964,-0.05747,0.62,0.24466,0.79334,24.09517,1,0.08215,-0.42772,1.0923,0.00603,1,1,0.00015,-0.06694,0.66257,0.49563,0.81711,21.72904,1,0.12944,-0.44146,1.10029,0.0047,1,1,participant_10,question_13,Timer-Correct,True,Other
0.0,0,9,1,0.09284,-0.45186,0,0.63333,0.18241,0.1015,2708,754.70691,0,0.09672,-0.44032,-0.05964,-0.05747,0.62,0.24483,0.79349,24.85887,1,0.05887,-0.4364,1.108,0.00596,1,1,0.00015,-0.06694,0.66257,0.4957,0.81712,21.95273,1,0.1268,-0.46733,1.11599,0.00472,1,1,participant_10,question_13,Timer-Correct,True,Other
0.0,0,9,1,0.08866,-0.47471,0,0.63333,0.18241,0.02057,2709,754.81348,1,0.09471,-0.44892,-0.05964,-0.05747,0.62,0.24477,0.79355,25.27783,1,0.05319,-0.45801,1.12371,0.00588,1,1,5e-05,-0.06731,0.66623,0.49602,0.81724,21.96327,1,0.12413,-0.49142,1.1317,0.00486,1,1,participant_10,question_13,Timer-Correct,True,Other
0.0,0,9,1,0.09773,-0.50752,0,0.63333,0.18241,0.02747,2709,754.81348,1,0.09531,-0.46064,-0.05964,-0.05747,0.62,0.24419,0.79395,23.88142,1,0.04641,-0.52147,1.1317,0.00605,1,1,5e-05,-0.06731,0.66623,0.49581,0.81724,22.09694,1,0.14904,-0.49358,1.1317,0.00466,1,1,participant_10,question_13,Timer-Correct,True,Other
0.0,0,9,1,0.08697,-0.47596,0,0.63333,0.18241,0.03479,2709,754.81348,1,0.09392,-0.46319,-0.05964,-0.05747,0.62,0.2443,0.79372,24.18561,1,0.03512,-0.46029,1.1317,0.0061,1,1,5e-05,-0.06731,0.66623,0.49572,0.81716,21.80741,1,0.13883,-0.49163,1.1317,0.00461,1,1,participant_10,question_13,Timer-Correct,True,Other
0.0,0,9,1,0.08966,-0.45867,0,0.63333,0.18241,0.04108,2709,754.81348,1,0.09331,-0.46255,-0.05964,-0.05747,0.62,0.24433,0.79327,23.45871,1,0.03798,-0.44973,1.12398,0.00609,1,1,0.0,-0.06505,0.64439,0.49547,0.81756,22.18576,1,0.14135,-0.4676,1.11599,0.00473,1,1,participant_10,question_13,Timer-Correct,True,Other
0.0,0,9,1,0.10519,-0.44297,0,0.63333,0.18241,0.04742,2709,754.81348,1,0.0948,-0.4601,-0.05964,-0.05747,0.62,0.24449,0.79379,23.76837,1,0.06277,-0.48751,1.10828,0.00622,1,1,0.0,-0.06505,0.64439,0.49524,0.81723,22.10007,1,0.1476,-0.39844,1.10029,0.00478,1,1,participant_10,question_13,Timer-Correct,True,Other
0.0,0,9,1,0.12393,-0.42235,0,0.63333,0.18241,0.05414,2709,754.81348,1,0.09803,-0.45591,-0.05964,-0.05747,0.62,0.24428,0.79328,23.42275,1,0.09172,-0.47074,1.09257,0.00632,1,1,0.0,-0.06505,0.64439,0.49512,0.81718,21.9121,1,0.15614,-0.37396,1.08458,0.00478,1,1,participant_10,question_13,Timer-Correct,True,Other
0.0,0,9,1,0.12238,-0.43588,0,0.63333,0.18241,0.06091,2709,754.81348,1,0.10047,-0.4539,-0.05964,-0.05747,0.62,0.24423,0.79393,24.68256,1,0.09148,-0.47172,1.09326,0.00606,1,1,-0.0001,-0.06828,0.67686,0.49555,0.81705,22.45073,1,0.15328,-0.40004,1.10225,0.00476,1,1,participant_10,question_13,Timer-Correct,True,Other
0.0,0,9,1,0.09346,-0.44219,0,0.63333,0.18241,0.0675,2709,754.81348,1,0.09983,-0.45284,-0.05964,-0.05747,0.62,0.2441,0.79346,24.81309,1,0.06524,-0.45242,1.11865,0.00601,1,1,-0.0001,-0.06828,0.67686,0.49511,0.81655,22.34723,1,0.12168,-0.43197,1.13562,0.00453,1,1,participant_10,question_13,Timer-Correct,True,Other
0.0,0,9,1,0.09647,-0.49339,0,0.63333,0.18241,0.07422,2709,754.81348,1,0.09955,-0.45622,-0.05964,-0.05747,0.62,0.24397,0.79362,24.6028,1,0.04991,-0.50666,1.15202,0.00595,1,1,-0.0001,-0.06828,0.67686,0.49512,0.81656,22.23345,1,0.14303,-0.48012,1.16899,0.00456,1,1,participant_10,question_13,Timer-Correct,True,Other
0.0,0,9,1,0.09098,-0.52204,0,0.63333,0.18241,0.08087,2709,754.81348,1,0.09889,-0.46128,-0.05964,-0.05747,0.62,0.24358,0.7935,24.45637,1,0.04131,-0.54084,1.17671,0.00603,1,1,-0.00015,-0.06693,0.66353,0.4951,0.81653,22.01847,1,0.14065,-0.50324,1.1847,0.00459,1,1,participant_10,question_13,Timer-Correct,True,Other
0.0,0,9,1,0.08585,-0.52503,0,0.63333,0.18241,0.08759,2709,754.81348,1,0.09796,-0.46583,-0.05964,-0.05747,0.62,0.24389,0.79344,24.62529,1,0.03127,-0.54206,1.17602,0.00617,1,1,-0.00015,-0.06693,0.66353,0.49489,0.81639,21.67486,1,0.14043,-0.508,1.16703,0.00458,1,1,participant_10,question_13,Timer-Correct,True,Other
0.0,0,9,1,0.08408,-0.4881,0,0.63333,0.18241,0.09406,2709,754.81348,1,0.09704,-0.46732,-0.05964,-0.05747,0.62,0.24365,0.79322,23.81549,1,0.03317,-0.5202,1.15835,0.00612,1,1,-0.00015,-0.06693,0.66353,0.49515,0.81648,21.78222,1,0.13499,-0.456,1.14936,0.00466,1,1,participant_10,question_13,Timer-Correct,True,Other
0.0,0,9,1,0.0887,-0.46282,0,0.63333,0.18241,0.10065,2709,754.81348,1,0.09651,-0.46704,-0.05964,-0.05747,0.62,0.24368,0.79322,23.78273,1,0.03953,-0.49567,1.14068,0.00613,1,1,-0.00015,-0.06683,0.66354,0.49514,0.81649,21.82687,1,0.13787,-0.42997,1.1317,0.00466,1,1,participant_10,question_13,Timer-Correct,True,Other
0.0,0,9,1,0.08668,-0.45711,0,0.63333,0.18241,0.10773,2709,754.81348,1,0.09594,-0.46645,-0.05964,-0.05747,0.62,0.24354,0.79323,23.98761,1,0.03891,-0.47277,1.1317,0.00599,1,1,-0.00015,-0.06683,0.66354,0.49511,0.81646,21.81189,1,0.13445,-0.44146,1.1317,0.00462,1,1,participant_10,question_13,Timer-Correct,True,Other
0.0,0,9,1,0.08584,-0.45222,0,0.63333,0.18241,0.1145,2709,754.81348,1,0.09538,-0.46566,-0.05964,-0.05747,0.62,0.24347,0.79334,23.72663,1,0.03412,-0.47391,1.1317,0.00616,1,1,-0.00015,-0.06683,0.66354,0.49492,0.8163,21.74759,1,0.13756,-0.43052,1.1317,0.0045,1,1,participant_10,question_13,Timer-Correct,True,Other
0.0,0,9,1,0.08857,-0.43534,0,0.63333,0.18241,0.12091,2709,754.81348,1,0.09502,-0.46407,-0.05964,-0.05747,0.62,0.24342,0.7932,23.46567,1,0.03698,-0.46326,1.12398,0.00616,1,1,-0.00019,-0.06506,0.64493,0.49485,0.81641,21.51318,1,0.14016,-0.40742,1.11599,0.00449,1,1,participant_10,question_13,Timer-Correct,True,Other
0.0,0,9,1,0.09674,-0.42572,0,0.63333,0.18241,0.12866,2709,754.81348,1,0.0951,-0.46215,-0.05964,-0.05747,0.62,0.24335,0.79362,23.78647,1,0.06493,-0.44969,1.10828,0.0062,1,1,-0.00019,-0.06506,0.64493,0.49489,0.81638,21.37773,1,0.12854,-0.40174,1.10029,0.00455,1,1,participant_10,question_13,Timer-Correct,True,Other
0.0,0,9,1,0.09282,-0.40098,0,0.63333,0.18241,0.13422,2709,754.81348,1,0.09499,-0.45924,-0.05964,-0.05747,0.62,0.24364,0.79338,23.86062,1,0.0583,-0.42916,1.09257,0.00609,1,1,-0.00019,-0.06506,0.64493,0.49491,0.81639,21.24305,1,0.12733,-0.37279,1.08458,0.00457,1,1,participant_10,question_13,Timer-Correct,True,Other
0.0,0,9,1,0.09717,-0.37845,0,0.63333,0.18241,0.14081,2709,754.81348,1,0.09509,-0.45556,-0.05964,-0.05747,0.62,0.24369,0.79378,24.07581,1,0.06412,-0.40735,1.07687,0.00612,1,1,-0.00019,-0.06404,0.63529,0.49474,0.81636,21.13382,1,0.13023,-0.34955,1.06888,0.00453,1,1,participant_10,question_13,Timer-Correct,True,Other
0.0,0,9,1,0.10529,-0.37637,0,0.63333,0.18241,0.14758,2709,754.81348,1,0.09554,-0.45212,-0.05964,-0.05747,0.62,0.24389,0.79391,23.76006,1,0.08691,-0.39403,1.06888,0.00614,1,1,-0.00019,-0.06404,0.63529,0.49473,0.81627,21.08499,1,0.12366,-0.35872,1.06888,0.00467,1,1,participant_10,question_13,Timer-Correct,True,Other
0.0,0,9,1,0.10287,-0.378,0,0.63333,0.18241,0.1543,2709,754.81348,1,0.09584,-0.44903,-0.05964,-0.05747,0.62,0.24368,0.7933,23.55454,1,0.08558,-0.40352,1.06888,0.00605,1,1,-0.00019,-0.06404,0.63529,0.49448,0.81647,21.88413,1,0.12017,-0.35248,1.06888,0.00456,1,1,participant_10,question_13,Timer-Correct,True,Other
0.0,0,9,1,0.09999,-0.39505,0,0.63333,0.18241,0.16125,2709,754.81348,1,0.09601,-0.44687,-0.05964,-0.05747,0.62,0.24375,0.79331,23.54481,1,0.08281,-0.41429,1.07659,0.00612,1,1,-0.00025,-0.06724,0.66756,0.49429,0.81636,21.74831,1,0.11717,-0.37581,1.08458,0.00456,1,1,participant_10,question_13,Timer-Correct,True,Other
0.0,0,9,1,0.09638,-0.41698,0,0.63333,0.18241,0.16833,2709,754.81348,1,0.09602,-0.44572,-0.05964,-0.05747,0.62,0.24273,0.79329,23.75968,1,0.06092,-0.42117,1.0923,0.00612,1,1,-0.00025,-0.06724,0.66756,0.49421,0.81677,21.69164,1,0.13185,-0.41279,1.10029,0.00472,1,1,participant_10,question_13,Timer-Correct,True,Other
0.0,0,9,1,0.10128,-0.44991,0,0.63333,0.18241,0.16833,2709,754.81348,0,0.09519,-0.41908,-0.05964,-0.05747,0.62,0.24249,0.79333,23.47274,1,0.04947,-0.45943,1.108,0.00619,1,1,-0.00025,-0.06724,0.66756,0.4942,0.81672,21.7002,1,0.15309,-0.44039,1.11599,0.00473,1,1,participant_10,question_13,Timer-Correct,True,Other
0.0,0,9,1,0.09981,-0.45549,0,0.63333,0.18241,0.16833,2709,754.81348,0,0.0975,-0.43729,-0.05964,-0.05747,0.62,0.24258,0.7933,23.16692,1,0.04654,-0.47059,1.11599,0.00615,1,1,-0.00038,-0.06442,0.63957,0.49404,0.81668,21.65151,1,0.15309,-0.44039,1.11599,0.00466,1,1,participant_10,question_13,Timer-Correct,True,Other
0.0,0,9,1,0.11213,-0.31774,0,0.63333,0.18241,0.16833,2709,754.81348,0,0.10238,-0.39744,-0.05964,-0.05747,0.62,0.24204,0.79316,23.99761,1,0.07588,-0.27621,1.10828,0.00496,1,1,-0.00038,-0.06442,0.63957,0.4939,0.81737,21.1795,1,0.14838,-0.35926,1.10029,0.00453,1,1,participant_10,question_13,Timer-Correct,True,Other
0.0,0,9,1,0.1306,-0.19421,0,0.63333,0.18241,0.02008,2710,754.98816,1,0.10944,-0.34663,-0.05964,-0.05747,0.62,0.2424,0.7945,23.63916,1,0.12564,-0.15001,1.09257,0.00492,1,1,-0.00038,-0.06442,0.63957,0.49473,0.81817,20.93391,1,0.13557,-0.23841,1.08458,0.0045,1,1,participant_10,question_13,Timer-Correct,True,Other
0.0,0,9,1,0.13475,-0.17475,0,0.63333,0.18241,0.02008,2710,754.98816,0,0.11932,-0.28555,-0.0614,-0.05989,0.63578,0.24279,0.79549,23.76617,1,0.13097,-0.13218,1.07687,0.00488,1,1,-0.00019,-0.06473,0.63651,0.49488,0.81967,21.33515,1,0.13853,-0.21733,1.06888,0.00444,1,1,participant_10,question_13,Timer-Correct,True,Other
0.0,0,9,1,0.20699,0.14117,0,0.63333,0.18241,0.02008,2710,754.98816,0,0.16316,-0.07219,-0.0614,-0.05989,0.63578,0.24414,0.7993,23.73843,1,0.22345,0.13619,1.06888,0.00496,1,1,-0.00019,-0.06473,0.63651,0.49613,0.82257,20.98271,1,0.19053,0.14616,1.06888,0.00417,1,1,participant_10,question_13,Timer-Correct,True,Question
0.0,0,9,1,0.24093,0.27327,0,0.63333,0.18241,0.02008,2710,754.98816,0,0.18908,0.04297,-0.0614,-0.05989,0.63578,0.24498,0.8015,22.8245,1,0.24542,0.32326,1.06888,0.00501,1,1,-0.00019,-0.06473,0.63651,0.49693,0.82498,19.92834,1,0.23644,0.22328,1.06888,0.00426,1,1,participant_10,question_13,Timer-Correct,True,Question
0.0,0,9,1,0.23817,0.25961,0,0.63333,0.18241,0.02008,2710,754.98816,0,0.2287,0.22468,-0.06278,-0.06235,0.65463,0.24555,0.80269,23.06026,1,0.24332,0.3177,1.07659,0.00504,1,1,0.0003,-0.06973,0.6776,0.49759,0.82598,19.15253,1,0.23303,0.20151,1.09357,0.00434,1,1,participant_10,question_13,Timer-Correct,True,Question
0.0,0,9,1,0.30976,0.49473,0,0.63333,0.18241,0.02008,2710,754.98816,0,0.26923,0.35971,-0.06278,-0.06235,0.65463,0.24739,0.80631,23.96053,1,0.33484,0.53331,1.10129,0.005,1,1,0.0003,-0.06973,0.6776,0.49905,0.82934,19.78327,1,0.28467,0.45614,1.11826,0.0043,1,1,participant_10,question_13,Timer-Correct,True,Answer_Area
0.0,0,9,1,0.32216,0.61931,0,0.63333,0.18241,0.02008,2710,754.98816,0,0.28687,0.44624,-0.06278,-0.06235,0.65463,0.24807,0.8076,24.67622,1,0.35142,0.63501,1.12598,0.00502,1,1,0.0003,-0.06973,0.6776,0.49988,0.83086,21.62056,1,0.2929,0.60361,1.14295,0.00426,1,1,participant_10,question_13,Timer-Correct,True,Answer_Area
0.0,0,9,1,0.3175,0.60465,0,0.63333,0.18241,0.02008,2710,754.98816,0,0.31647,0.5729,-0.0648,-0.06482,0.67626,0.24831,0.8083,24.82681,1,0.34535,0.62142,1.15935,0.00501,1,1,0.00062,-0.07081,0.68565,0.49995,0.83131,20.70227,1,0.28964,0.58789,1.17632,0.00427,1,1,participant_10,question_13,Timer-Correct,True,Answer_Area
0.0,0,9,1,0.32072,0.64651,0,0.63333,0.18241,0.02008,2710,754.98816,0,0.3186,0.6097,-0.0648,-0.06482,0.67626,0.24812,0.80857,25.00164,1,0.3534,0.66889,1.185,0.00505,1,1,0.00062,-0.07081,0.68565,0.50065,0.83175,21.53127,1,0.28804,0.62413,1.185,0.00431,1,1,participant_10,question_13,Timer-Correct,True,Answer_Area
0.0,0,9,1,0.30141,0.60703,0,0.63333,0.18241,0.02008,2710,754.98816,0,0.31287,0.60881,-0.0648,-0.06482,0.67626,0.24784,0.80834,24.8347,1,0.32495,0.62897,1.19368,0.005,1,1,0.00062,-0.07081,0.68565,0.50055,0.83157,21.55967,1,0.27787,0.58509,1.19368,0.00429,1,1,participant_10,question_13,Timer-Correct,True,Answer_Area
0.0,0,9,1,0.30141,0.60703,0,0.63333,0.18241,0.02051,2711,755.05511,1,0.31,0.60837,-0.0626,-0.06257,0.65274,0.24763,0.80816,24.47456,1,0.32495,0.62897,1.19368,0.00502,1,1,0.00051,-0.07032,0.68186,0.50042,0.83148,21.68539,1,0.27787,0.58509,1.19368,0.00427,1,1,participant_10,question_13,Timer-Correct,True,Answer_Area
0.0,0,9,1,0.30148,0.56794,0,0.63333,0.18241,0.02679,2711,755.05511,1,0.3083,0.60028,-0.0626,-0.06257,0.65274,0.24726,0.808,24.08663,1,0.31733,0.59308,1.185,0.00509,1,1,0.00051,-0.07032,0.68186,0.49988,0.83122,20.3877,1,0.28562,0.5428,1.185,0.00427,1,1,participant_10,question_13,Timer-Correct,True,Answer_Area
0.0,0,9,1,0.32809,0.5703,0,0.63333,0.18241,0.03516,2711,755.05511,1,0.3116,0.59528,-0.0626,-0.06257,0.65274,0.24705,0.80794,24.04375,1,0.33976,0.58651,1.17632,0.00502,1,1,0.00051,-0.07032,0.68186,0.49973,0.83103,20.13033,1,0.31643,0.55409,1.17632,0.0043,1,1,participant_10,question_13,Timer-Correct,True,Answer_Area
0.0,0,9,1,0.32809,0.5703,0,0.63333,0.18241,0.04083,2711,755.05511,1,0.31395,0.59172,-0.06502,-0.06483,0.67641,0.24699,0.8079,24.27801,1,0.33976,0.58651,1.17632,0.005,1,1,0.00041,-0.07001,0.67888,0.49997,0.83108,21.01944,1,0.31643,0.55409,1.17632,0.00428,1,1,participant_10,question_13,Timer-Correct,True,Answer_Area
0.0,0,9,1,0.29157,0.54261,0,0.63333,0.18241,0.04633,2711,755.05511,1,0.31116,0.58558,-0.06502,-0.06483,0.67641,0.2466,0.80785,23.92889,1,0.30534,0.57265,1.185,0.00504,1,1,0.00041,-0.07001,0.67888,0.49942,0.83085,19.93246,1,0.27779,0.51257,1.185,0.00436,1,1,participant_10,question_13,Timer-Correct,True,Answer_Area
0.0,0,9,1,0.29935,0.53205,0,0.63333,0.18241,0.0531,2711,755.05511,1,0.30984,0.57963,-0.06502,-0.06483,0.67641,0.24652,0.80786,23.98357,1,0.32051,0.56241,1.19368,0.00505,1,1,0.00041,-0.07001,0.67888,0.49925,0.83061,19.73139,1,0.27818,0.50169,1.19368,0.00437,1,1,participant_10,question_13,Timer-Correct,True,Answer_Area
0.0,0,9,1,0.29806,0.52778,0,0.63333,0.18241,0.05951,2711,755.05511,1,0.30867,0.57445,-0.06545,-0.06506,0.67875,0.24639,0.80789,23.9974,1,0.31883,0.55855,1.20237,0.00505,1,1,0.00031,-0.07005,0.6788,0.49935,0.83073,20.48742,1,0.27729,0.497,1.20237,0.0043,1,1,participant_10,question_13,Timer-Correct,True,Answer_Area
0.0,0,9,1,0.30261,0.53268,0,0.63333,0.18241,0.06653,2711,755.05511,1,0.30812,0.57065,-0.06545,-0.06506,0.67875,0.24604,0.80782,24.0405,1,0.31336,0.56924,1.20237,0.00505,1,1,0.00031,-0.07005,0.6788,0.49918,0.83063,20.09437,1,0.29186,0.49613,1.20237,0.0043,1,1,participant_10,question_13,Timer-Correct,True,Answer_Area
0.0,0,9,1,0.29364,0.5298,0,0.63333,0.18241,0.07367,2711,755.05511,1,0.30691,0.56724,-0.06545,-0.06506,0.67875,0.24583,0.8079,23.89018,1,0.3002,0.57203,1.20237,0.00502,1,1,0.00031,-0.07005,0.6788,0.49911,0.83058,20.19727,1,0.28707,0.48758,1.20237,0.00426,1,1,participant_10,question_13,Timer-Correct,True,Answer_Area
0.0,0,9,1,0.29495,0.53406,0,0.63333,0.18241,0.08081,2711,755.05511,1,0.30599,0.56469,-0.06302,-0.06255,0.65205,0.24581,0.80791,24.04239,1,0.30201,0.57579,1.19368,0.00502,1,1,0.00031,-0.07005,0.6788,0.49903,0.83061,20.35891,1,0.2879,0.49233,1.19368,0.00425,1,1,participant_10,question_13,Timer-Correct,True,Answer_Area
0.0,0,9,1,0.31241,0.53598,0,0.63333,0.18241,0.08624,2711,755.05511,1,0.30645,0.56264,-0.06302,-0.06255,0.65205,0.24553,0.80799,23.94979,1,0.33153,0.57956,1.185,0.005,1,1,0.00031,-0.07005,0.6788,0.49874,0.83062,19.92203,1,0.2933,0.4924,1.185,0.00426,1,1,participant_10,question_13,Timer-Correct,True,Answer_Area
0.0,0,9,1,0.29887,0.5408,0,0.63333,0.18241,0.09302,2711,755.05511,1,0.30594,0.56119,-0.06302,-0.06255,0.65205,0.24498,0.80774,23.37353,1,0.31501,0.57828,1.17632,0.00501,1,1,0.00031,-0.07005,0.6788,0.49864,0.83061,19.92861,1,0.28273,0.50332,1.17632,0.00424,1,1,participant_10,question_13,Timer-Correct,True,Answer_Area
0.0,0,9,1,0.29887,0.5408,0,0.63333,0.18241,0.09967,2711,755.05511,1,0.3055,0.55991,-0.06605,-0.06535,0.6818,0.24515,0.80786,24.04112,1,0.31501,0.57828,1.17632,0.00499,1,1,0.0001,-0.0703,0.68115,0.49852,0.83059,20.33063,1,0.28273,0.50332,1.17632,0.00425,1,1,participant_10,question_13,Timer-Correct,True,Answer_Area
0.0,0,9,1,0.30935,0.52198,0,0.63333,0.18241,0.10657,2711,755.05511,1,0.30573,0.55768,-0.06605,-0.06535,0.6818,0.24497,0.80784,24.22465,1,0.3268,0.55901,1.185,0.00503,1,1,0.0001,-0.0703,0.68115,0.49841,0.83043,19.93452,1,0.29189,0.48494,1.185,0.0043,1,1,participant_10,question_13,Timer-Correct,True,Answer_Area
0.0,0,9,1,0.31538,0.52763,0,0.63333,0.18241,0.11414,2711,755.05511,1,0.30626,0.55601,-0.06605,-0.06535,0.6818,0.24484,0.80777,24.19262,1,0.34793,0.57491,1.19368,0.00501,1,1,0.0001,-0.0703,0.68115,0.49841,0.83049,20.27567,1,0.28283,0.48034,1.19368,0.00428,1,1,participant_10,question_13,Timer-Correct,True,Answer_Area
0.0,0,9,1,0.31464,0.52582,0,0.63333,0.18241,0.1217,2711,755.05511,1,0.3067,0.55442,-0.06555,-0.06481,0.67564,0.24471,0.8079,24.18796,1,0.34643,0.57114,1.20237,0.00499,1,1,5e-05,-0.06767,0.65567,0.49849,0.83077,20.97755,1,0.28286,0.48051,1.19338,0.00425,1,1,participant_10,question_13,Timer-Correct,True,Answer_Area
0.0,0,9,1,0.30153,0.51449,0,0.63333,0.18241,0.12646,2711,755.05511,1,0.30645,0.55242,-0.06555,-0.06481,0.67564,0.24397,0.80833,24.30364,1,0.33224,0.51374,1.19338,0.0051,1,1,5e-05,-0.06767,0.65567,0.49723,0.83085,20.21507,1,0.27082,0.51524,1.18439,0.00437,1,1,participant_10,question_13,Timer-Correct,True,Answer_Area
0.0,0,9,1,0.24762,0.58294,0,0.63333,0.18241,0.13318,2711,755.05511,1,0.30364,0.55388,-0.06555,-0.06481,0.67564,0.24286,0.80864,23.804,1,0.27741,0.57287,1.18439,0.00522,1,1,5e-05,-0.06767,0.65567,0.49617,0.83128,19.88982,1,0.21784,0.593,1.1754,0.00436,1,1,participant_10,question_13,Timer-Correct,True,Answer_Area
0.0,0,9,1,0.24866,0.58491,0,0.63333,0.18241,0.13983,2711,755.05511,1,0.30114,0.55529,-0.06623,-0.06522,0.67836,0.24263,0.80897,24.24065,1,0.27948,0.57682,1.1754,0.0051,1,1,-0.00051,-0.0703,0.68123,0.49568,0.83179,20.99046,1,0.21784,0.593,1.1754,0.00435,1,1,participant_10,question_13,Timer-Correct,True,Answer_Area
0.0,0,9,1,0.15997,0.64924,0,0.61979,0.2,0.14734,2711,755.05511,1,0.29501,0.55937,-0.06623,-0.06522,0.67836,0.24107,0.80931,23.66648,1,0.17291,0.64459,1.1754,0.00513,1,1,-0.00051,-0.0703,0.68123,0.49457,0.83169,20.0246,1,0.14703,0.65389,1.18439,0.00434,1,1,participant_10,question_13,Timer-Correct,True,Answer_Area
0.0,0,9,1,0.20725,0.64942,0,0.61979,0.2,0.15393,2711,755.05511,1,0.29135,0.56312,-0.06623,-0.06522,0.67836,0.24098,0.8094,23.84514,1,0.23499,0.66044,1.18439,0.00516,1,1,-0.00051,-0.0703,0.68123,0.49455,0.8317,19.95085,1,0.1795,0.6384,1.19338,0.00436,1,1,participant_10,question_13,Timer-Correct,True,Answer_Area
0.0,0,9,1,0.20625,0.64711,0,0.61979,0.2,0.16028,2711,755.05511,1,0.28795,0.56648,-0.06506,-0.06398,0.66487,0.24073,0.8094,23.52213,1,0.23491,0.66033,1.1847,0.00518,1,1,-0.00058,-0.07312,0.70854,0.49448,0.83173,20.04246,1,0.17759,0.63389,1.20387,0.00435,1,1,participant_10,question_13,Timer-Correct,True,Answer_Area
0.0,0,9,1,0.18622,0.65139,0,0.61979,0.2,0.16028,2711,755.05511,0,0.25788,0.57804,-0.06506,-0.06398,0.66487,0.2406,0.80947,23.72019,1,0.19977,0.65885,1.19519,0.00517,1,1,-0.00058,-0.07312,0.70854,0.49441,0.83174,20.13743,1,0.17267,0.64394,1.20537,0.00436,1,1,participant_10,question_13,Timer-Correct,True,Answer_Area
0.0,0,9,1,0.20412,0.67658,0,0.59531,0.2537,0.16028,2711,755.05511,0,0.231,0.62731,-0.06506,-0.06398,0.66487,0.24056,0.8095,23.54976,1,0.20002,0.68409,1.19669,0.00517,1,1,-0.00058,-0.07312,0.70854,0.4944,0.83173,20.10244,1,0.20822,0.66906,1.20688,0.00435,1,1,participant_10,question_13,Timer-Correct,True,Answer_Area
0.0,0,9,1,0.20459,0.67804,0,0.59531,0.2537,0.16028,2711,755.05511,0,0.2222,0.64422,-0.06508,-0.06381,0.66309,0.24061,0.80953,23.92103,1,0.19958,0.68358,1.1982,0.00514,1,1,-0.00072,-0.07072,0.68529,0.49428,0.83175,20.25647,1,0.2096,0.67249,1.1982,0.00428,1,1,participant_10,question_13,Timer-Correct,True,Answer_Area
0.0,0,9,1,0.20982,0.68554,0,0.59531,0.2537,0.16028,2711,755.05511,0,0.20618,0.68005,-0.06508,-0.06381,0.66309,0.24011,0.80969,23.66146,1,0.24607,0.69207,1.1982,0.00511,1,1,-0.00072,-0.07072,0.68529,0.49409,0.83188,20.0793,1,0.17357,0.67901,1.18801,0.00431,1,1,participant_10,question_13,Timer-Correct,True,Answer_Area
0.0,0,9,1,0.1997,0.66864,0,0.59531,0.2537,0.16028,2711,755.05511,0,0.20294,0.67434,-0.06508,-0.06381,0.66309,0.24008,0.80967,23.83025,1,0.23027,0.69039,1.18801,0.00516,1,1,-0.00072,-0.07072,0.68529,0.49405,0.83191,20.09357,1,0.16914,0.64689,1.17783,0.00434,1,1,participant_10,question_13,Timer-Correct,True,Answer_Area
0.0,0,9,1,0.20005,0.66921,0,0.59531,0.2537,0.16028,2711,755.05511,0,0.20198,0.67263,-0.06703,-0.06572,0.68244,0.24006,0.80963,23.75168,1,0.23068,0.6909,1.18651,0.00516,1,1,-0.00072,-0.07072,0.68529,0.49393,0.83193,20.30299,1,0.16943,0.64753,1.17632,0.00431,1,1,participant_10,question_13,Timer-Correct,True,Answer_Area
0.0,0,9,1,0.2007,0.64152,0,0.59531,0.2537,0.02094,2712,755.24268,1,0.20166,0.66486,-0.06703,-0.06572,0.68244,0.23984,0.80984,23.90227,1,0.20823,0.64245,1.185,0.00524,1,1,-0.00072,-0.07072,0.68529,0.4938,0.83172,20.22098,1,0.19317,0.64059,1.185,0.00433,1,1,participant_10,question_13,Timer-Correct,True,Answer_Area
0.0,0,9,1,0.18766,0.64624,0,0.56875,0.32037,0.02722,2712,755.24268,1,0.19886,0.66113,-0.06703,-0.06572,0.68244,0.23972,0.80975,23.69462,1,0.19852,0.64773,1.19368,0.00516,1,1,-0.00072,-0.07072,0.68529,0.49383,0.83178,20.39503,1,0.1768,0.64475,1.19368,0.00431,1,1,participant_10,question_13,Timer-Correct,True,Answer_Area
0.0,0,9,1,0.18849,0.64814,0,0.56875,0.32037,0.03363,2712,755.24268,1,0.19713,0.65897,-0.06457,-0.06326,0.65583,0.23971,0.80976,23.66605,1,0.19852,0.64773,1.19368,0.00515,1,1,-0.00085,-0.06864,0.66509,0.49368,0.83173,20.09323,1,0.17846,0.64855,1.1847,0.00435,1,1,participant_10,question_13,Timer-Correct,True,Answer_Area
0.0,0,9,1,0.19423,0.64854,0,0.56875,0.32037,0.04041,2712,755.24268,1,0.19672,0.65748,-0.06457,-0.06326,0.65583,0.23944,0.80985,23.71878,1,0.22555,0.61316,1.17602,0.00514,1,1,-0.00085,-0.06864,0.66509,0.49354,0.83186,20.31777,1,0.16292,0.68391,1.16703,0.00435,1,1,participant_10,question_13,Timer-Correct,True,Answer_Area
0.0,0,9,1,0.20792,0.63858,0,0.56875,0.32037,0.04657,2712,755.24268,1,0.19812,0.65512,-0.06457,-0.06326,0.65583,0.23929,0.81004,23.6069,1,0.25853,0.62245,1.15835,0.0052,1,1,-0.00085,-0.06864,0.66509,0.49352,0.83184,20.2662,1,0.1573,0.65471,1.14936,0.00436,1,1,participant_10,question_13,Timer-Correct,True,Answer_Area
0.0,0,9,1,0.20905,0.64041,0,0.55677,0.35093,0.05341,2712,755.24268,1,0.19933,0.65348,-0.06642,-0.06502,0.67415,0.23931,0.81004,23.68683,1,0.2608,0.6261,1.14936,0.00517,1,1,-0.00093,-0.07123,0.69022,0.49333,0.83189,20.06042,1,0.1573,0.65471,1.14936,0.00434,1,1,participant_10,question_13,Timer-Correct,True,Answer_Area
0.0,0,9,1,0.21285,0.64139,0,0.55677,0.35093,0.0603,2712,755.24268,1,0.20068,0.65227,-0.06642,-0.06502,0.67415,0.23923,0.8101,23.81369,1,0.23868,0.63656,1.15804,0.00519,1,1,-0.00093,-0.07123,0.69022,0.49332,0.8319,20.16079,1,0.18703,0.64621,1.16703,0.00433,1,1,participant_10,question_13,Timer-Correct,True,Answer_Area
0.0,0,9,1,0.20708,0.63729,0,0.55677,0.35093,0.06702,2712,755.24268,1,0.20127,0.65091,-0.06642,-0.06502,0.67415,0.23918,0.81016,23.7587,1,0.22845,0.62027,1.17571,0.00519,1,1,-0.00093,-0.07123,0.69022,0.49334,0.83179,20.23147,1,0.18571,0.65431,1.1847,0.00427,1,1,participant_10,question_13,Timer-Correct,True,Answer_Area
0.0,0,9,1,0.2031,0.63004,0,0.55677,0.35093,0.07373,2712,755.24268,1,0.20142,0.64917,-0.06642,-0.06502,0.67415,0.23914,0.81008,23.46667,1,0.22364,0.61316,1.19338,0.00518,1,1,-0.00093,-0.07123,0.69022,0.49334,0.83178,20.18357,1,0.18255,0.64691,1.20237,0.0043,1,1,participant_10,question_13,Timer-Correct,True,Answer_Area
0.0,0,9,1,0.18676,0.61042,0,0.5276,0.425,0.08002,2712,755.24268,1,0.20029,0.64619,-0.06642,-0.06502,0.67415,0.23911,0.81002,23.38541,1,0.22639,0.60678,1.20237,0.00516,1,1,-0.00093,-0.07123,0.69022,0.49343,0.83184,20.21649,1,0.14714,0.61407,1.20237,0.00438,1,1,participant_10,question_13,Timer-Correct,True,Answer_Area
0.0,0,9,1,0.19438,0.61467,0,0.5276,0.425,0.08698,2712,755.24268,1,0.19987,0.64394,-0.06642,-0.06502,0.67415,0.23921,0.81017,23.56157,1,0.23775,0.6224,1.20237,0.00516,1,1,-0.00093,-0.07123,0.69022,0.49344,0.83173,20.1907,1,0.15102,0.60694,1.20237,0.00433,1,1,participant_10,question_13,Timer-Correct,True,Answer_Area
0.0,0,9,1,0.19529,0.61672,0,0.5276,0.425,0.09351,2712,755.24268,1,0.19956,0.64212,-0.06642,-0.06502,0.67415,0.23916,0.81012,23.38378,1,0.23775,0.6224,1.20237,0.00517,1,1,-0.00085,-0.06864,0.66509,0.49346,0.83177,20.30698,1,0.15283,0.61104,1.19338,0.00429,1,1,participant_10,question_13,Timer-Correct,True,Answer_Area
0.0,0,9,1,0.21229,0.61988,0,0.5276,0.425,0.10034,2712,755.24268,1,0.20036,0.64073,-0.06642,-0.06502,0.67415,0.23933,0.81003,23.55749,1,0.24372,0.6131,1.19338,0.00514,1,1,-0.00085,-0.06864,0.66509,0.4936,0.83171,20.20101,1,0.18086,0.62667,1.18439,0.00434,1,1,participant_10,question_13,Timer-Correct,True,Answer_Area
0.0,0,9,1,0.20172,0.6301,0,0.5276,0.425,0.10693,2712,755.24268,1,0.20044,0.64011,-0.06642,-0.06502,0.67415,0.23983,0.81009,23.58846,1,0.21874,0.62879,1.18439,0.00507,1,1,-0.00085,-0.06864,0.66509,0.4939,0.83175,20.52616,1,0.18471,0.63142,1.1754,0.00433,1,1,participant_10,question_13,Timer-Correct,True,Answer_Area
0.0,0,9,1,0.20379,0.63385,0,0.5276,0.425,0.11523,2712,755.24268,1,0.20062,0.63976,-0.06624,-0.06514,0.67642,0.24012,0.81,23.83181,1,0.22124,0.63231,1.1754,0.00507,1,1,-0.00044,-0.06747,0.65379,0.49444,0.83164,20.16221,1,0.18633,0.63539,1.16642,0.00435,1,1,participant_10,question_13,Timer-Correct,True,Answer_Area
0.0,0,9,1,0.28769,0.5764,0,0.5125,0.475,0.12006,2712,755.24268,1,0.20521,0.63643,-0.06624,-0.06514,0.67642,0.24317,0.80951,24.12264,1,0.30683,0.58694,1.16642,0.00519,1,1,-0.00044,-0.06747,0.65379,0.49714,0.831,20.87541,1,0.26856,0.56585,1.16642,0.0044,1,1,participant_10,question_13,Timer-Correct,True,Answer_Area
0.0,0,9,1,0.3867,0.5355,0,0.5125,0.475,0.12732,2712,755.24268,1,0.21428,0.63138,-0.06624,-0.06514,0.67642,0.24533,0.80905,23.7841,1,0.38182,0.54275,1.16642,0.00512,1,1,-0.00044,-0.06747,0.65379,0.49923,0.83049,20.84683,1,0.39158,0.52825,1.16642,0.00412,1,1,participant_10,question_13,Timer-Correct,True,Answer_Area
0.0,0,9,1,0.38734,0.53747,0,0.5125,0.475,0.12732,2712,755.24268,0,0.23992,0.60698,-0.06292,-0.06279,0.65309,0.2463,0.80894,23.98322,1,0.38311,0.54685,1.15774,0.00514,1,1,0.00051,-0.0701,0.68125,0.50035,0.83042,21.22964,1,0.39157,0.52809,1.16672,0.00424,1,1,participant_10,question_13,Timer-Correct,True,Answer_Area
0.0,0,9,1,0.5339,0.53859,0,0.5125,0.475,0.12732,2712,755.24268,0,0.38691,0.57278,-0.06292,-0.06279,0.65309,0.25004,0.80858,24.37064,1,0.53904,0.54929,1.15804,0.00492,1,1,0.00051,-0.0701,0.68125,0.50384,0.83031,19.98835,1,0.52876,0.52788,1.16703,0.00416,1,1,participant_10,question_13,Timer-Correct,True,Answer_Area
0.0,0,9,1,0.60564,0.52818,0,0.50781,0.49167,0.12732,2712,755.24268,0,0.45982,0.55791,-0.06292,-0.06279,0.65309,0.25162,0.80867,24.18865,1,0.6396,0.51985,1.15835,0.00491,1,1,0.00051,-0.0701,0.68125,0.50502,0.83041,19.52554,1,0.57169,0.53651,1.16734,0.00406,1,1,participant_10,question_13,Timer-Correct,True,Answer_Area
0.0,0,9,1,0.60512,0.53025,0,0.50781,0.49167,0.12732,2712,755.24268,0,0.58156,0.53234,-0.06237,-0.06292,0.65444,0.25232,0.80876,24.25676,1,0.63961,0.5197,1.15866,0.00491,1,1,0.00104,-0.06781,0.65758,0.5061,0.83051,19.94386,1,0.57063,0.5408,1.15866,0.0041,1,1,participant_10,question_13,Timer-Correct,True,Answer_Area
0.0,0,9,1,0.6218,0.54312,0,0.50781,0.49167,0.12732,2712,755.24268,0,0.60168,0.53773,-0.06237,-0.06292,0.65444,0.2528,0.8088,24.60078,1,0.65938,0.57915,1.15866,0.00498,1,1,0.00104,-0.06781,0.65758,0.50637,0.83049,20.43587,1,0.58422,0.50709,1.14967,0.0042,1,1,participant_10,question_13,Timer-Correct,True,Answer_Area
0.0,0,9,1,0.60947,0.54143,0,0.50781,0.49167,0.12732,2712,755.24268,0,0.60428,0.53896,-0.06237,-0.06292,0.65444,0.25266,0.80887,24.49022,1,0.6425,0.58115,1.14967,0.0049,1,1,0.00104,-0.06781,0.65758,0.50638,0.83051,20.52534,1,0.57644,0.5017,1.14068,0.00418,1,1,participant_10,question_13,Timer-Correct,True,Answer_Area
0.0,0,9,1,0.61002,0.53917,0,0.50573,0.51481,0.0202,2713,755.39673,1,0.60571,0.53901,-0.06377,-0.06438,0.66962,0.25258,0.80885,24.32259,1,0.64248,0.58129,1.14936,0.00489,1,1,0.00112,-0.07033,0.68148,0.50635,0.83054,20.63549,1,0.57756,0.49706,1.14936,0.00417,1,1,participant_10,question_13,Timer-Correct,True,Answer_Area
0.0,0,9,1,0.59703,0.54039,0,0.50573,0.51481,0.02661,2713,755.39673,1,0.60398,0.53929,-0.06377,-0.06438,0.66962,0.25244,0.80885,24.30157,1,0.6033,0.59153,1.15804,0.00484,1,1,0.00112,-0.07033,0.68148,0.50626,0.83062,20.18251,1,0.59076,0.48925,1.16703,0.00415,1,1,participant_10,question_13,Timer-Correct,True,Answer_Area
0.0,0,9,1,0.60222,0.52885,0,0.50573,0.51481,0.03369,2713,755.39673,1,0.60368,0.53755,-0.06377,-0.06438,0.66962,0.25246,0.80883,24.15721,1,0.60743,0.58244,1.17571,0.00483,1,1,0.00112,-0.07033,0.68148,0.50633,0.83054,19.88811,1,0.59701,0.47526,1.1847,0.00415,1,1,participant_10,question_13,Timer-Correct,True,Answer_Area
0.0,0,9,1,0.60309,0.52268,0,0.50573,0.51481,0.04022,2713,755.39673,1,0.6036,0.53543,-0.06377,-0.06438,0.66962,0.25246,0.8088,24.19492,1,0.60797,0.57474,1.19338,0.00482,1,1,0.00113,-0.06776,0.65662,0.50658,0.83057,19.30477,1,0.59821,0.47062,1.19338,0.00419,1,1,participant_10,question_13,Timer-Correct,True,Answer_Area
0.0,0,9,1,0.60438,0.53772,0,0.50573,0.51481,0.04694,2713,755.39673,1,0.6037,0.53571,-0.06377,-0.06438,0.66962,0.25251,0.80887,23.99126,1,0.60558,0.57218,1.19338,0.00482,1,1,0.00113,-0.06776,0.65662,0.50658,0.83063,19.33397,1,0.60319,0.50326,1.18439,0.00415,1,1,participant_10,question_13,Timer-Correct,True,Answer_Area
0.0,0,9,1,0.58432,0.5429,0,0.50573,0.51481,0.05377,2713,755.39673,1,0.60154,0.53651,-0.06377,-0.06438,0.66962,0.25246,0.80882,24.02594,1,0.6032,0.57104,1.18439,0.00482,1,1,0.00113,-0.06776,0.65662,0.50653,0.83069,19.58422,1,0.56545,0.51476,1.1754,0.00412,1,1,participant_10,question_13,Timer-Correct,True,Answer_Area
0.0,0,9,1,0.58321,0.54921,0,0.52292,0.53704,0.06195,2713,755.39673,1,0.59971,0.53778,-0.06377,-0.06438,0.66962,0.25243,0.80883,24.04528,1,0.60296,0.57501,1.1754,0.00482,1,1,0.00113,-0.06509,0.63072,0.50653,0.83069,19.58422,1,0.56347,0.52342,1.15843,0.00412,1,1,participant_10,question_13,Timer-Correct,True,Answer_Area
0.0,0,9,1,0.59302,0.54818,0,0.52292,0.53704,0.06702,2713,755.39673,1,0.5991,0.53873,-0.06377,-0.06438,0.66962,0.25236,0.80878,23.71644,1,0.59583,0.58276,1.15843,0.00482,1,1,0.00113,-0.06509,0.63072,0.50665,0.83053,19.03609,1,0.59021,0.51359,1.15044,0.00414,1,1,participant_10,question_13,Timer-Correct,True,Answer_Area
0.0,0,9,1,0.57443,0.55198,0,0.52292,0.53704,0.07428,2713,755.39673,1,0.59705,0.53983,-0.06377,-0.06438,0.66962,0.25232,0.80877,23.85443,1,0.58759,0.58467,1.15044,0.00479,1,1,0.00113,-0.06509,0.63072,0.50664,0.83054,18.995,1,0.56127,0.51929,1.14245,0.00414,1,1,participant_10,question_13,Timer-Correct,True,Answer_Area
0.0,0,9,1,0.5739,0.55584,0,0.52292,0.53704,0.08032,2713,755.39673,1,0.59527,0.54106,-0.06505,-0.06558,0.68205,0.25229,0.80872,23.81353,1,0.58747,0.58821,1.14245,0.00479,1,1,0.00113,-0.06509,0.63072,0.50658,0.83059,19.23274,1,0.56033,0.52346,1.13446,0.00411,1,1,participant_10,question_13,Timer-Correct,True,Answer_Area
0.0,0,9,1,0.6003,0.5444,0,0.53698,0.55,0.08704,2713,755.39673,1,0.59563,0.5413,-0.06505,-0.06558,0.68205,0.25224,0.8087,23.85844,1,0.61614,0.57331,1.13446,0.00473,1,1,0.00113,-0.06509,0.63072,0.50653,0.83057,19.24052,1,0.58447,0.51548,1.13446,0.0041,1,1,participant_10,question_13,Timer-Correct,True,Answer_Area
0.0,0,9,1,0.5939,0.55361,0,0.53698,0.55,0.09357,2713,755.39673,1,0.59551,0.54212,-0.06505,-0.06558,0.68205,0.25221,0.80877,23.8344,1,0.60507,0.59036,1.13446,0.00473,1,1,0.00113,-0.06509,0.63072,0.50654,0.8306,19.148,1,0.58274,0.51685,1.13446,0.00412,1,1,participant_10,question_13,Timer-Correct,True,Answer_Area
0.0,0,9,1,0.59373,0.55572,0,0.53698,0.55,0.10046,2713,755.39673,1,0.5954,0.54297,-0.06303,-0.06349,0.66032,0.25213,0.80877,23.81026,1,0.60481,0.59422,1.12578,0.00475,1,1,0.00113,-0.06776,0.65662,0.50655,0.83059,19.0221,1,0.58265,0.51721,1.13377,0.00412,1,1,participant_10,question_13,Timer-Correct,True,Answer_Area
0.0,0,9,1,0.58593,0.54178,0,0.53698,0.55,0.10864,2713,755.39673,1,0.59484,0.5429,-0.06303,-0.06349,0.66032,0.25198,0.80874,23.69005,1,0.59263,0.57789,1.12509,0.00477,1,1,0.00113,-0.06776,0.65662,0.50642,0.83049,19.18144,1,0.57922,0.50567,1.13308,0.00406,1,1,participant_10,question_13,Timer-Correct,True,Answer_Area
0.0,0,9,1,0.58293,0.54781,0,0.55,0.55463,0.11371,2713,755.39673,1,0.59418,0.54317,-0.06303,-0.06349,0.66032,0.25197,0.80875,23.72318,1,0.59042,0.58193,1.1244,0.00477,1,1,0.00113,-0.06776,0.65662,0.50648,0.8305,18.96835,1,0.57544,0.51368,1.13239,0.0041,1,1,participant_10,question_13,Timer-Correct,True,Answer_Area
0.0,0,9,1,0.58351,0.54387,0,0.55,0.55463,0.12036,2713,755.39673,1,0.59362,0.54321,-0.06569,-0.06606,0.68761,0.25189,0.80874,23.67437,1,0.59056,0.57829,1.13239,0.00473,1,1,0.00113,-0.06776,0.65662,0.50627,0.83042,19.19335,1,0.57646,0.50946,1.14038,0.00411,1,1,participant_10,question_13,Timer-Correct,True,Answer_Area
0.0,0,9,1,0.58974,0.58482,0,0.55,0.55463,0.12708,2713,755.39673,1,0.59343,0.54529,-0.06569,-0.06606,0.68761,0.25187,0.80872,23.66232,1,0.61726,0.6247,1.14906,0.00474,1,1,0.00113,-0.06776,0.65662,0.50618,0.83027,19.15599,1,0.56222,0.54493,1.14906,0.0041,1,1,participant_10,question_13,Timer-Correct,True,Answer_Area
0.0,0,9,1,0.59244,0.5901,0,0.55,0.55463,0.13361,2713,755.39673,1,0.59338,0.54742,-0.06569,-0.06606,0.68761,0.2518,0.80861,23.61361,1,0.61608,0.62738,1.15774,0.00474,1,1,0.00113,-0.06776,0.65662,0.50617,0.8303,19.10938,1,0.5688,0.55282,1.15774,0.0041,1,1,participant_10,question_13,Timer-Correct,True,Answer_Area
0.0,0,9,1,0.59368,0.58406,0,0.55,0.55463,0.14026,2713,755.39673,1,0.59339,0.54909,-0.06522,-0.06544,0.68168,0.25178,0.80858,23.75818,1,0.61641,0.62388,1.16642,0.00473,1,1,0.00112,-0.07022,0.68191,0.50619,0.83027,19.14296,1,0.57095,0.54425,1.17541,0.0041,1,1,participant_10,question_13,Timer-Correct,True,Answer_Area
0.0,0,9,1,0.58965,0.56654,0,0.55,0.55463,0.14862,2713,755.39673,1,0.59323,0.54985,-0.06522,-0.06544,0.68168,0.25172,0.8085,23.67889,1,0.60673,0.61154,1.17541,0.00473,1,1,0.00112,-0.07022,0.68191,0.5062,0.83025,19.21534,1,0.57257,0.52153,1.18439,0.00409,1,1,participant_10,question_13,Timer-Correct,True,Answer_Area
0.0,0,9,1,0.58966,0.56312,0,0.56563,0.55648,0.15375,2713,755.39673,1,0.59308,0.5504,-0.06522,-0.06544,0.68168,0.25172,0.80852,23.74052,1,0.60774,0.59487,1.18439,0.00473,1,1,0.00112,-0.07022,0.68191,0.50617,0.83032,19.10802,1,0.57157,0.53137,1.19338,0.00409,1,1,participant_10,question_13,Timer-Correct,True,Answer_Area
0.0,0,9,1,0.59033,0.55904,0,0.56563,0.55648,0.16089,2713,755.39673,1,0.59297,0.55075,-0.06522,-0.06544,0.68168,0.25171,0.80848,23.54388,1,0.60801,0.59108,1.19338,0.00474,1,1,0.00112,-0.07032,0.6819,0.5062,0.8304,19.20395,1,0.57265,0.52699,1.20237,0.00403,1,1,participant_10,question_13,Timer-Correct,True,Answer_Area
0.0,0,9,1,0.58954,0.53395,0,0.56563,0.55648,0.16779,2713,755.39673,1,0.59284,0.5501,-0.06522,-0.06544,0.68168,0.25166,0.8085,23.69686,1,0.60408,0.59274,1.20237,0.00472,1,1,0.00112,-0.07032,0.6819,0.50619,0.83052,19.36313,1,0.575,0.47516,1.20237,0.00403,1,1,participant_10,question_13,Timer-Correct,True,Answer_Area
0.0,0,9,1,0.58464,0.55055,0,0.57344,0.55648,0.17432,2713,755.39673,1,0.59253,0.55012,-0.06522,-0.06544,0.68168,0.25168,0.8085,23.5841,1,0.60126,0.60004,1.20237,0.00474,1,1,0.00112,-0.07032,0.6819,0.50617,0.83057,19.34143,1,0.56802,0.50106,1.20237,0.00403,1,1,participant_10,question_13,Timer-Correct,True,Answer_Area
0.0,0,9,1,0.58464,0.55055,0,0.57344,0.55648,0.18079,2713,755.39673,1,0.59225,0.55013,-0.06569,-0.06596,0.68654,0.25167,0.80852,23.71997,1,0.60126,0.60004,1.20237,0.00472,1,1,0.00112,-0.07032,0.6819,0.50618,0.83058,19.33117,1,0.56802,0.50106,1.20237,0.00403,1,1,participant_10,question_13,Timer-Correct,True,Answer_Area
0.0,0,9,1,0.58439,0.53755,0,0.57344,0.55648,0.18738,2713,755.39673,1,0.59198,0.5497,-0.06569,-0.06596,0.68654,0.25154,0.80863,23.68223,1,0.62737,0.56117,1.20237,0.00472,1,1,0.00112,-0.07032,0.6819,0.50615,0.83067,19.11421,1,0.5414,0.51393,1.20237,0.00413,1,1,participant_10,question_13,Timer-Correct,True,Answer_Area
0.0,0,9,1,0.59429,0.53315,0,0.57344,0.55648,0.19507,2713,755.39673,1,0.59206,0.54915,-0.06569,-0.06596,0.68654,0.25146,0.80874,23.66186,1,0.61989,0.55551,1.20237,0.00472,1,1,0.00112,-0.07032,0.6819,0.50613,0.83066,19.08526,1,0.56869,0.51079,1.20237,0.0041,1,1,participant_10,question_13,Timer-Correct,True,Answer_Area
0.0,0,9,1,0.59429,0.53315,0,0.57344,0.55648,0.20129,2713,755.39673,1,0.59213,0.54863,-0.06522,-0.06554,0.68168,0.25145,0.80877,23.50546,1,0.61989,0.55551,1.20237,0.00473,1,1,0.00112,-0.07033,0.68148,0.50594,0.83085,19.43815,1,0.56869,0.51079,1.20237,0.00407,1,1,participant_10,question_13,Timer-Correct,True,Answer_Area
0.0,0,9,1,0.6071,0.55321,0,0.58333,0.56019,0.20807,2713,755.39673,1,0.5926,0.54877,-0.06522,-0.06554,0.68168,0.25131,0.80891,23.40094,1,0.63273,0.57153,1.20237,0.00473,1,1,0.00112,-0.07033,0.68148,0.50594,0.83086,19.42096,1,0.58148,0.53488,1.20237,0.00407,1,1,participant_10,question_13,Timer-Correct,True,Answer_Area
0.0,0,9,1,0.59892,0.57258,0,0.58333,0.56019,0.21442,2713,755.39673,1,0.59279,0.5495,-0.06522,-0.06554,0.68168,0.25116,0.80888,23.72912,1,0.62532,0.58545,1.20237,0.00471,1,1,0.00112,-0.07033,0.68148,0.50586,0.83108,19.5309,1,0.57252,0.55971,1.20237,0.00407,1,1,participant_10,question_13,Timer-Correct,True,Answer_Area
0.0,0,9,1,0.59892,0.57258,0,0.58333,0.56019,0.22107,2713,755.39673,1,0.59297,0.55017,-0.0648,-0.06502,0.67626,0.25112,0.80896,23.48441,1,0.62532,0.58545,1.20237,0.00472,1,1,0.00102,-0.07043,0.68247,0.50572,0.83122,19.4422,1,0.57252,0.55971,1.20237,0.00407,1,1,participant_10,question_13,Timer-Correct,True,Answer_Area
0.0,0,9,1,0.58229,0.58447,0,0.58333,0.56019,0.22778,2713,755.39673,1,0.59266,0.55115,-0.0648,-0.06502,0.67626,0.25087,0.8091,23.66438,1,0.605,0.61425,1.20237,0.00469,1,1,0.00102,-0.07043,0.68247,0.50567,0.8311,19.12913,1,0.55957,0.55469,1.20237,0.00407,1,1,participant_10,question_13,Timer-Correct,True,Answer_Area
0.0,0,9,1,0.56504,0.55214,0,0.58333,0.56019,0.2345,2713,755.39673,1,0.5919,0.55118,-0.0648,-0.06502,0.67626,0.25086,0.80913,23.63915,1,0.58868,0.54392,1.20237,0.00469,1,1,0.00102,-0.07043,0.68247,0.50558,0.83118,19.15074,1,0.54139,0.56035,1.20237,0.00408,1,1,participant_10,question_13,Timer-Correct,True,Answer_Area
0.0,0,9,1,0.56504,0.55214,0,0.58333,0.56019,0.24109,2713,755.39673,1,0.59117,0.55121,-0.06535,-0.06552,0.68086,0.25069,0.8091,23.5931,1,0.58868,0.54392,1.20237,0.00471,1,1,0.00093,-0.07123,0.69022,0.50529,0.83106,19.49904,1,0.54139,0.56035,1.20237,0.00404,1,1,participant_10,question_13,Timer-Correct,True,Answer_Area
0.0,0,9,1,0.57641,0.53739,0,0.59219,0.56944,0.24786,2713,755.39673,1,0.59078,0.55084,-0.06535,-0.06552,0.68086,0.25053,0.80912,23.71067,1,0.56317,0.53563,1.20237,0.00467,1,1,0.00093,-0.07123,0.69022,0.50524,0.83083,19.10328,1,0.58965,0.53914,1.20237,0.00407,1,1,participant_10,question_13,Timer-Correct,True,Answer_Area
0.0,0,9,1,0.59898,0.57338,0,0.59219,0.56944,0.25452,2713,755.39673,1,0.59099,0.55142,-0.06535,-0.06552,0.68086,0.25047,0.80923,23.89017,1,0.59934,0.60001,1.20237,0.00472,1,1,0.00093,-0.07123,0.69022,0.50527,0.83089,19.18211,1,0.59863,0.54676,1.20237,0.00402,1,1,participant_10,question_13,Timer-Correct,True,Answer_Area
0.0,0,9,1,0.59828,0.57721,0,0.59219,0.56944,0.26123,2713,755.39673,1,0.59118,0.55207,-0.06316,-0.06322,0.65755,0.25048,0.80927,23.76976,1,0.59914,0.60358,1.19369,0.00472,1,1,0.00093,-0.07123,0.69022,0.50522,0.83096,19.32741,1,0.59741,0.55083,1.19369,0.00399,1,1,participant_10,question_13,Timer-Correct,True,Answer_Area
0.0,0,9,1,0.60634,0.59625,0,0.59219,0.56944,0.26715,2713,755.39673,1,0.59155,0.55314,-0.06316,-0.06322,0.65755,0.25053,0.80933,23.45443,1,0.64403,0.63155,1.185,0.00472,1,1,0.00093,-0.07123,0.69022,0.5052,0.83121,19.6287,1,0.56866,0.56095,1.185,0.00403,1,1,participant_10,question_13,Timer-Correct,True,Answer_Area
0.0,0,9,1,0.6151,0.59111,0,0.60208,0.57685,0.2738,2713,755.39673,1,0.59211,0.55405,-0.06316,-0.06322,0.65755,0.25047,0.80928,23.64596,1,0.64101,0.62904,1.17632,0.00471,1,1,0.00093,-0.07123,0.69022,0.50513,0.83116,19.5552,1,0.58919,0.55319,1.17632,0.00401,1,1,participant_10,question_13,Timer-Correct,True,Answer_Area
0.0,0,9,1,0.61449,0.59325,0,0.60208,0.57685,0.28082,2713,755.39673,1,0.59263,0.55496,-0.06502,-0.06504,0.67641,0.25046,0.80929,23.74682,1,0.64101,0.62904,1.17632,0.0047,1,1,0.00085,-0.06864,0.66509,0.50507,0.8312,19.66711,1,0.58797,0.55746,1.16734,0.00406,1,1,participant_10,question_13,Timer-Correct,True,Answer_Area
0.0,0,9,1,0.58979,0.58395,0,0.60208,0.57685,0.28796,2713,755.39673,1,0.59256,0.55562,-0.06502,-0.06504,0.67641,0.25027,0.8091,23.5966,1,0.60858,0.62034,1.17602,0.00477,1,1,0.00085,-0.06864,0.66509,0.50501,0.83117,19.48829,1,0.571,0.54757,1.16703,0.00411,1,1,participant_10,question_13,Timer-Correct,True,Answer_Area
0.0,0,9,1,0.58618,0.57958,0,0.60208,0.57685,0.29437,2713,755.39673,1,0.59242,0.55615,-0.06502,-0.06504,0.67641,0.25017,0.80918,23.57904,1,0.61188,0.61639,1.17571,0.0047,1,1,0.00085,-0.06864,0.66509,0.50496,0.83117,19.46237,1,0.56048,0.54277,1.16672,0.00408,1,1,participant_10,question_13,Timer-Correct,True,Answer_Area
0.0,0,9,1,0.58667,0.57752,0,0.61406,0.58611,0.3006,2713,755.39673,1,0.5923,0.55662,-0.06537,-0.06529,0.67903,0.25008,0.80917,23.49504,1,0.61187,0.61652,1.17541,0.00472,1,1,0.00072,-0.07072,0.68529,0.50491,0.83113,19.08637,1,0.56147,0.53852,1.17541,0.00412,1,1,participant_10,question_13,Timer-Correct,True,Answer_Area
0.0,0,9,1,0.56922,0.56939,0,0.61406,0.58611,0.30731,2713,755.39673,1,0.5918,0.55689,-0.06537,-0.06529,0.67903,0.25008,0.80907,23.68583,1,0.58786,0.60025,1.17541,0.00472,1,1,0.00072,-0.07072,0.68529,0.50495,0.83111,19.14875,1,0.55059,0.53853,1.18439,0.00405,1,1,participant_10,question_13,Timer-Correct,True,Answer_Area
0.0,0,9,1,0.56338,0.56404,1,0.61406,0.58611,0.31427,2713,755.39673,1,0.59121,0.55704,-0.06537,-0.06529,0.67903,0.24993,0.80907,23.75695,1,0.58253,0.61031,1.18439,0.00468,1,1,0.00072,-0.07072,0.68529,0.5048,0.83101,19.30311,1,0.54423,0.51776,1.19338,0.00406,1,1,participant_10,question_13,Timer-Correct,True,Answer_Area
0.0,0,9,1,0.5634,0.5639,0,0.61406,0.58611,0.32074,2713,755.39673,1,0.59083,0.55769,-0.06292,-0.06279,0.65309,0.24986,0.80899,23.69983,1,0.58254,0.61018,1.1847,0.00468,1,1,0.00072,-0.07072,0.68529,0.50466,0.83093,19.61129,1,0.54426,0.51761,1.19369,0.00404,1,1,participant_10,question_13,Timer-Correct,True,Answer_Area
0.0,0,9,1,0.58652,0.56679,0,0.61406,0.58611,0.32764,2713,755.39673,1,0.5901,0.55819,-0.06292,-0.06279,0.65309,0.24971,0.809,23.56234,1,0.63294,0.60205,1.185,0.00471,1,1,0.00072,-0.07072,0.68529,0.50455,0.83085,19.72314,1,0.54009,0.53153,1.185,0.00408,1,1,participant_10,question_13,Timer-Correct,True,Answer_Area
0.0,0,9,1,0.60014,0.56557,0,0.6151,0.58704,0.33533,2713,755.39673,1,0.5899,0.55869,-0.06292,-0.06279,0.65309,0.24968,0.80907,23.63291,1,0.63013,0.6153,1.17632,0.00471,1,1,0.00072,-0.07072,0.68529,0.50462,0.83081,19.33345,1,0.57015,0.51585,1.17632,0.00414,1,1,participant_10,question_13,Timer-Correct,True,Answer_Area
0.0,0,9,1,0.60014,0.56557,0,0.6151,0.58704,0.34082,2713,755.39673,1,0.5897,0.55924,-0.06545,-0.06526,0.67875,0.24963,0.80912,23.62967,1,0.63013,0.6153,1.17632,0.00473,1,1,0.00072,-0.07072,0.68529,0.50452,0.83085,19.67138,1,0.57015,0.51585,1.17632,0.00409,1,1,participant_10,question_13,Timer-Correct,True,Answer_Area
0.0,0,9,1,0.58925,0.5686,0,0.6151,0.58704,0.34821,2713,755.39673,1,0.58954,0.55983,-0.06545,-0.06526,0.67875,0.24963,0.80916,23.73469,1,0.6176,0.61447,1.185,0.00473,1,1,0.00072,-0.07072,0.68529,0.50457,0.83084,19.62612,1,0.5609,0.52273,1.185,0.00412,1,1,participant_10,question_13,Timer-Correct,True,Answer_Area
0.0,0,9,1,0.59232,0.57216,0,0.6151,0.58704,0.35461,2713,755.39673,1,0.58933,0.56073,-0.06545,-0.06526,0.67875,0.24955,0.80921,23.68849,1,0.62338,0.61101,1.19369,0.00476,1,1,0.00072,-0.07072,0.68529,0.50446,0.8308,19.47932,1,0.56127,0.5333,1.19369,0.00409,1,1,participant_10,question_13,Timer-Correct,True,Answer_Area
0.0,0,9,1,0.59299,0.56828,0,0.6151,0.58704,0.36096,2713,755.39673,1,0.58912,0.56168,-0.06547,-0.06533,0.67892,0.24945,0.80932,23.69847,1,0.62375,0.60749,1.20237,0.0047,1,1,0.00072,-0.07072,0.68529,0.50448,0.83077,19.28208,1,0.56224,0.52908,1.20237,0.00414,1,1,participant_10,question_13,Timer-Correct,True,Answer_Area
0.0,0,9,1,0.58479,0.56898,0,0.6151,0.58704,0.36768,2713,755.39673,1,0.58871,0.56233,-0.06547,-0.06533,0.67892,0.24934,0.80931,23.60826,1,0.60734,0.62028,1.20237,0.00473,1,1,0.00072,-0.07072,0.68529,0.5044,0.83104,20.04615,1,0.56225,0.51768,1.20237,0.00411,1,1,participant_10,question_13,Timer-Correct,True,Answer_Area
0.0,0,9,1,0.59874,0.58495,0,0.6151,0.58704,0.37451,2713,755.39673,1,0.58901,0.56321,-0.06547,-0.06533,0.67892,0.24935,0.80934,23.85014,1,0.60247,0.63504,1.20237,0.00471,1,1,0.00072,-0.07072,0.68529,0.50431,0.83104,19.7961,1,0.59502,0.53485,1.20237,0.00414,1,1,participant_10,question_13,Timer-Correct,True,Answer_Area
0.0,0,9,1,0.59804,0.58868,0,0.6151,0.58704,0.38159,2713,755.39673,1,0.58932,0.56403,-0.06381,-0.06367,0.66119,0.24935,0.80938,23.85415,1,0.60225,0.63836,1.19369,0.00472,1,1,0.00072,-0.07072,0.68529,0.50438,0.83102,20.10376,1,0.59383,0.53901,1.19369,0.00412,1,1,participant_10,question_13,Timer-Correct,True,Answer_Area
0.0,0,9,1,0.58123,0.56567,0,0.6151,0.58704,0.38776,2713,755.39673,1,0.58908,0.56439,-0.06381,-0.06367,0.66119,0.24938,0.80945,23.70082,1,0.60785,0.60097,1.185,0.00473,1,1,0.00072,-0.07072,0.68529,0.50439,0.83101,20.03518,1,0.55461,0.53037,1.185,0.00412,1,1,participant_10,question_13,Timer-Correct,True,Answer_Area
0.0,0,9,1,0.58747,0.57461,0,0.6151,0.58704,0.3949,2713,755.39673,1,0.58935,0.56487,-0.06381,-0.06367,0.66119,0.24937,0.80948,23.92823,1,0.61241,0.60436,1.17632,0.00473,1,1,0.00072,-0.07072,0.68529,0.50451,0.83103,19.93332,1,0.56254,0.54485,1.17632,0.00418,1,1,participant_10,question_13,Timer-Correct,True,Answer_Area
0.0,0,9,1,0.58683,0.57852,3,0.6151,0.58704,0.40192,2713,755.39673,1,0.58962,0.56534,-0.06356,-0.06348,0.65865,0.24939,0.80951,23.87186,1,0.61211,0.60798,1.16764,0.00471,1,1,0.00072,-0.07072,0.68529,0.50453,0.83107,19.78596,1,0.56154,0.54906,1.16764,0.00417,1,1,participant_10,question_13,Timer-Correct,True,Answer_Area
0.0,0,9,1,0.58701,0.56964,0,0.6151,0.58704,0.40857,2713,755.39673,1,0.58934,0.56586,-0.06356,-0.06348,0.65865,0.24941,0.80956,23.80564,1,0.60877,0.55805,1.16764,0.00472,1,1,0.00072,-0.07072,0.68529,0.50452,0.83121,20.07351,1,0.56524,0.58122,1.16764,0.00412,1,1,participant_10,question_13,Timer-Correct,True,Answer_Area
0.0,0,9,1,0.59068,0.55518,0,0.6151,0.58704,0.41455,2713,755.39673,1,0.58927,0.5659,-0.06356,-0.06348,0.65865,0.24947,0.80959,23.66747,1,0.61331,0.55664,1.16764,0.00475,1,1,0.00072,-0.07072,0.68529,0.5045,0.83117,20.01504,1,0.56806,0.55372,1.16764,0.00416,1,1,participant_10,question_13,Timer-Correct,True,Answer_Area
0.0,0,9,1,0.59135,0.5511,0,0.6151,0.58704,0.42188,2713,755.39673,1,0.58922,0.5658,-0.06545,-0.06547,0.67875,0.24947,0.80959,23.66747,1,0.61361,0.55264,1.17632,0.00475,1,1,0.00072,-0.07072,0.68529,0.5045,0.83117,20.01504,1,0.5691,0.54955,1.17632,0.00416,1,1,participant_10,question_13,Timer-Correct,True,Answer_Area
0.0,0,9,1,0.58121,0.55552,0,0.6151,0.58704,0.42816,2713,755.39673,1,0.58912,0.56609,-0.06545,-0.06547,0.67875,0.24953,0.80964,23.79226,1,0.61561,0.55355,1.185,0.00473,1,1,0.00072,-0.07072,0.68529,0.50462,0.8312,20.04198,1,0.5468,0.55749,1.185,0.00409,1,1,participant_10,question_13,Timer-Correct,True,Answer_Area
0.0,0,9,1,0.58798,0.54745,0,0.6151,0.58704,0.43463,2713,755.39673,1,0.58923,0.56608,-0.06545,-0.06547,0.67875,0.24953,0.80969,23.76806,1,0.62521,0.55084,1.19369,0.00472,1,1,0.00072,-0.07072,0.68529,0.50469,0.83121,20.23572,1,0.55075,0.54406,1.19369,0.00409,1,1,participant_10,question_13,Timer-Correct,True,Answer_Area
0.0,0,9,1,0.58815,0.54554,0,0.6151,0.58704,0.44153,2713,755.39673,1,0.58933,0.56611,-0.06545,-0.06547,0.67875,0.24958,0.80969,23.76884,1,0.62559,0.54688,1.20237,0.00477,1,1,0.00074,-0.06822,0.66108,0.50475,0.8312,20.3595,1,0.55072,0.54421,1.19338,0.00411,1,1,participant_10,question_13,Timer-Correct,True,Answer_Area
0.0,0,9,1,0.59805,0.55448,0,0.6151,0.58704,0.4483,2713,755.39673,1,0.5895,0.56548,-0.06545,-0.06547,0.67875,0.24969,0.80971,23.95477,1,0.6274,0.5527,1.19338,0.00476,1,1,0.00074,-0.06822,0.66108,0.50489,0.83111,20.11749,1,0.5687,0.55626,1.18439,0.00412,1,1,participant_10,question_13,Timer-Correct,True,Answer_Area
0.0,0,9,1,0.60548,0.56008,0,0.6151,0.58704,0.45514,2713,755.39673,1,0.58977,0.56486,-0.06545,-0.06547,0.67875,0.24969,0.80973,23.91436,1,0.63987,0.57182,1.18439,0.00476,1,1,0.00074,-0.06822,0.66108,0.50494,0.83109,20.19535,1,0.57109,0.54835,1.17541,0.00411,1,1,participant_10,question_13,Timer-Correct,True,Answer_Area
0.0,0,9,1,0.60469,0.56423,0,0.6151,0.58704,0.46191,2713,755.39673,1,0.59,0.56444,-0.06545,-0.06547,0.67875,0.24969,0.80975,23.87503,1,0.63937,0.57579,1.17541,0.00476,1,1,0.00074,-0.06822,0.66108,0.50498,0.83112,20.1137,1,0.57,0.55267,1.16642,0.00414,1,1,participant_10,question_13,Timer-Correct,True,Answer_Area
0.0,0,9,1,0.5939,0.56479,0,0.6151,0.58704,0.46857,2713,755.39673,1,0.59009,0.56441,-0.06545,-0.06547,0.67875,0.24976,0.80969,23.9979,1,0.60405,0.56187,1.16642,0.00475,1,1,0.00074,-0.06822,0.66108,0.50523,0.83118,20.05683,1,0.58375,0.5677,1.16642,0.00418,1,1,participant_10,question_13,Timer-Correct,True,Answer_Area
0.0,0,9,1,0.59359,0.56176,0,0.6151,0.58704,0.47589,2713,755.39673,1,0.59017,0.56438,-0.06545,-0.06547,0.67875,0.24977,0.8097,23.92097,1,0.60386,0.56213,1.16642,0.00476,1,1,0.00074,-0.06822,0.66108,0.50522,0.83117,19.96446,1,0.58333,0.5614,1.16642,0.00418,1,1,participant_10,question_13,Timer-Correct,True,Answer_Area
0.0,0,9,1,0.59497,0.55507,0,0.6151,0.58704,0.48254,2713,755.39673,1,0.59027,0.5643,-0.06698,-0.06704,0.69512,0.24976,0.80974,23.96436,1,0.60413,0.55764,1.17626,0.00479,1,1,0.00081,-0.07002,0.67845,0.50525,0.83115,20.0556,1,0.58581,0.5525,1.18524,0.00418,1,1,participant_10,question_13,Timer-Correct,True,Answer_Area
0.0,0,9,1,0.60826,0.54437,0,0.6151,0.58704,0.48883,2713,755.39673,1,0.59066,0.56451,-0.06698,-0.06704,0.69512,0.24997,0.80962,23.85789,1,0.62001,0.55174,1.19508,0.00476,1,1,0.00081,-0.07002,0.67845,0.50531,0.83108,20.17265,1,0.59652,0.53701,1.20407,0.00421,1,1,participant_10,question_13,Timer-Correct,True,Answer_Area
0.0,0,9,1,0.58272,0.5344,0,0.6151,0.58704,0.49573,2713,755.39673,1,0.59062,0.56418,-0.06698,-0.06704,0.69512,0.24995,0.80964,24.15425,1,0.5929,0.54118,1.21391,0.00477,1,1,0.00081,-0.07002,0.67845,0.5053,0.83116,20.13095,1,0.57254,0.52763,1.22289,0.00418,1,1,participant_10,question_13,Timer-Correct,True,Answer_Area
0.0,0,9,1,0.58333,0.5302,0,0.6151,0.58704,0.50232,2713,755.39673,1,0.59059,0.56375,-0.06502,-0.06524,0.67641,0.25007,0.80964,24.03723,1,0.59306,0.53708,1.22289,0.00479,1,1,0.00093,-0.07123,0.69022,0.50534,0.83114,20.28101,1,0.5736,0.52332,1.23188,0.0042,1,1,participant_10,question_13,Timer-Correct,True,Answer_Area
0.0,0,9,1,0.57544,0.53672,0,0.6151,0.58704,0.50885,2713,755.39673,1,0.5904,0.56374,-0.06502,-0.06524,0.67641,0.25015,0.8096,24.03732,1,0.61017,0.55125,1.22204,0.00478,1,1,0.00093,-0.07123,0.69022,0.50549,0.83106,20.6777,1,0.54071,0.52219,1.22204,0.00417,1,1,participant_10,question_13,Timer-Correct,True,Answer_Area
0.0,0,9,1,0.58059,0.55877,0,0.6151,0.58704,0.5155,2713,755.39673,1,0.59012,0.56427,-0.06502,-0.06524,0.67641,0.25016,0.80952,23.9283,1,0.60687,0.59785,1.2122,0.00472,1,1,0.00093,-0.07123,0.69022,0.50559,0.8309,20.22875,1,0.55432,0.5197,1.2122,0.00417,1,1,participant_10,question_13,Timer-Correct,True,Answer_Area
0.0,0,9,1,0.57946,0.56542,0,0.6151,0.58704,0.52301,2713,755.39673,1,0.58981,0.56494,-0.06517,-0.06524,0.67797,0.25019,0.80953,23.9402,1,0.60658,0.60188,1.20237,0.00475,1,1,0.00093,-0.06767,0.65575,0.50562,0.83088,20.27013,1,0.55234,0.52895,1.19338,0.00417,1,1,participant_10,question_13,Timer-Correct,True,Answer_Area
0.0,0,9,1,0.58282,0.57462,0,0.6151,0.58704,0.52917,2713,755.39673,1,0.5893,0.56539,-0.06517,-0.06524,0.67797,0.25026,0.80927,24.13814,1,0.61808,0.61711,1.19338,0.0048,1,1,0.00093,-0.06767,0.65575,0.50549,0.83062,20.38159,1,0.54757,0.53213,1.18439,0.00415,1,1,participant_10,question_13,Timer-Correct,True,Answer_Area
0.0,0,9,1,0.58456,0.50959,0,0.6151,0.58704,0.53595,2713,755.39673,1,0.589,0.56407,-0.06517,-0.06524,0.67797,0.25001,0.8083,24.42967,1,0.59011,0.53435,1.18439,0.00472,1,1,0.00093,-0.06767,0.65575,0.50522,0.82954,20.19683,1,0.579,0.48483,1.17541,0.00418,1,1,participant_10,question_13,Timer-Correct,True,Answer_Area
0.0,0,9,1,0.58391,0.51412,0,0.6151,0.58704,0.54266,2713,755.39673,1,0.58869,0.56286,-0.06537,-0.06488,0.67903,0.24982,0.8076,24.29891,1,0.58997,0.5386,1.17541,0.00481,1,1,0.00074,-0.06775,0.66227,0.50498,0.82861,19.4602,1,0.57786,0.48963,1.16642,0.00446,1,1,participant_10,question_13,Timer-Correct,True,Answer_Area
0.0,0,9,1,0.51193,0.28224,0,0.61875,0.58796,0.54266,2713,755.39673,0,0.58013,0.52227,-0.06537,-0.06488,0.67903,0.24901,0.8039,23.99939,1,0.51321,0.31861,1.16642,0.00483,1,1,0.00074,-0.06775,0.66227,0.50299,0.82448,20.62701,1,0.51066,0.24587,1.16642,0.00423,1,1,participant_10,question_13,Timer-Correct,True,Question
0.0,0,9,1,0.48136,0.14699,0,0.61875,0.58796,0.54266,2713,755.39673,0,0.53074,0.33463,-0.06537,-0.06488,0.67903,0.24836,0.80081,21.83314,1,0.47587,0.18058,1.16642,0.00486,1,1,0.00074,-0.06775,0.66227,0.50152,0.82194,19.97011,1,0.48684,0.11341,1.16642,0.0043,1,1,participant_10,question_13,Timer-Correct,True,Question
0.0,0,9,1,0.48143,0.15414,0,0.61875,0.58796,0.54266,2713,755.39673,0,0.5143,0.27447,-0.06353,-0.06201,0.65728,0.24783,0.80021,23.26536,1,0.4765,0.18737,1.15774,0.00484,1,1,5e-05,-0.06688,0.66151,0.50101,0.82064,20.0743,1,0.48635,0.12091,1.15774,0.00429,1,1,participant_10,question_13,Timer-Correct,True,Question
0.0,0,9,1,0.42065,-0.06153,0,0.61875,0.58796,0.54266,2713,755.39673,0,0.46114,0.07987,-0.06353,-0.06201,0.65728,0.24667,0.79689,21.63771,1,0.41474,-0.05502,1.14906,0.0049,1,1,5e-05,-0.06688,0.66151,0.49924,0.81877,20.81829,1,0.42657,-0.06803,1.14906,0.00433,1,1,participant_10,question_13,Timer-Correct,True,Other
0.0,0,9,1,0.3927,-0.03298,0,0.61875,0.58796,0.54266,2713,755.39673,0,0.42692,0.02345,-0.06353,-0.06201,0.65728,0.24632,0.7966,22.31635,1,0.38403,-0.03993,1.14038,0.00483,1,1,5e-05,-0.06688,0.66151,0.49904,0.81853,21.27732,1,0.40138,-0.02602,1.14038,0.00434,1,1,participant_10,question_13,Timer-Correct,True,Other
0.0,0,9,1,0.39269,-0.03758,0,0.63698,0.59444,0.54266,2713,755.39673,0,0.41551,0.0031,-0.06527,-0.06347,0.67483,0.24606,0.79616,22.31063,1,0.38403,-0.03993,1.14038,0.00475,1,1,-0.0,-0.06772,0.67081,0.4988,0.8183,21.5468,1,0.40135,-0.03523,1.14936,0.00423,1,1,participant_10,question_13,Timer-Correct,True,Other
0.0,0,9,1,0.37284,-0.08859,0,0.63698,0.59444,0.54266,2713,755.39673,0,0.38608,-0.05305,-0.06527,-0.06347,0.67483,0.24594,0.79656,21.89492,1,0.37967,-0.0183,1.15804,0.00491,1,1,-0.0,-0.06772,0.67081,0.49911,0.81847,21.38289,1,0.36601,-0.15887,1.16703,0.00434,1,1,participant_10,question_13,Timer-Correct,True,Other
0.0,0,9,1,0.37982,-0.0698,0,0.63698,0.59444,0.54266,2713,755.39673,0,0.38295,-0.06142,-0.06527,-0.06347,0.67483,0.246,0.79675,21.83908,1,0.38227,-0.00583,1.17571,0.00487,1,1,-0.0,-0.06772,0.67081,0.49926,0.81867,21.05287,1,0.37736,-0.13376,1.1847,0.00433,1,1,participant_10,question_13,Timer-Correct,True,Other
0.0,0,9,1,0.37846,-0.08763,0,0.63698,0.59444,0.54266,2713,755.39673,0,0.38145,-0.07016,-0.06527,-0.06347,0.67483,0.24609,0.79683,21.58264,1,0.37985,-0.02235,1.19338,0.0049,1,1,0.0001,-0.06843,0.67685,0.49926,0.81878,20.97271,1,0.37707,-0.15292,1.20237,0.00435,1,1,participant_10,question_13,Timer-Correct,True,Other
0.0,0,9,1,0.4037,-0.07439,0,0.63698,0.59444,0.0199,2714,755.98608,1,0.38701,-0.07122,-0.06527,-0.06347,0.67483,0.24619,0.79684,21.25825,1,0.42233,-0.01357,1.20237,0.00493,1,1,0.0001,-0.06843,0.67685,0.49934,0.81898,20.79148,1,0.38508,-0.13522,1.20237,0.00431,1,1,participant_10,question_13,Timer-Correct,True,Other
0.0,0,9,1,0.41083,-0.09677,0,0.63698,0.59444,0.02692,2714,755.98608,1,0.39178,-0.07633,-0.06527,-0.06347,0.67483,0.2462,0.79685,21.40854,1,0.4243,-0.04793,1.20237,0.00492,1,1,0.0001,-0.06843,0.67685,0.49944,0.81895,20.75592,1,0.39736,-0.14561,1.20237,0.00433,1,1,participant_10,question_13,Timer-Correct,True,Other
0.0,0,9,1,0.41083,-0.09677,0,0.65365,0.6,0.03595,2714,755.98608,1,0.39495,-0.07974,-0.06527,-0.06347,0.67483,0.24615,0.79687,21.49748,1,0.4243,-0.04793,1.20237,0.00489,1,1,0.0001,-0.06833,0.67686,0.49956,0.81897,20.77897,1,0.39736,-0.14561,1.20237,0.00436,1,1,participant_10,question_13,Timer-Correct,True,Other
0.0,0,9,1,0.4113,-0.09862,0,0.65365,0.6,0.04022,2714,755.98608,1,0.39729,-0.08243,-0.06527,-0.06347,0.67483,0.24618,0.7968,21.39714,1,0.42368,-0.04316,1.20237,0.00484,1,1,0.0001,-0.06833,0.67686,0.49955,0.81891,20.81824,1,0.39891,-0.15408,1.20237,0.00432,1,1,participant_10,question_13,Timer-Correct,True,Other
0.0,0,9,1,0.41331,-0.06755,0,0.65365,0.6,0.04681,2714,755.98608,1,0.39929,-0.08057,-0.06527,-0.06347,0.67483,0.24632,0.79667,21.43815,1,0.42233,-0.05069,1.20237,0.00481,1,1,0.0001,-0.06833,0.67686,0.49956,0.8189,20.82716,1,0.4043,-0.08442,1.20237,0.00431,1,1,participant_10,question_13,Timer-Correct,True,Other
0.0,0,9,1,0.41331,-0.06297,0,0.6651,0.60463,0.05347,2714,755.98608,1,0.40085,-0.07862,-0.06527,-0.06347,0.67483,0.24631,0.79669,21.38523,1,0.42233,-0.05069,1.20237,0.00481,1,1,0.00015,-0.06698,0.66352,0.49951,0.81883,20.69426,1,0.4043,-0.07525,1.19338,0.00433,1,1,participant_10,question_13,Timer-Correct,True,Other
0.0,0,9,1,0.41477,-0.04027,0,0.6651,0.60463,0.06042,2714,755.98608,1,0.40224,-0.07478,-0.06527,-0.06347,0.67483,0.24622,0.79659,21.54332,1,0.42441,-0.05828,1.19338,0.00479,1,1,0.00015,-0.06698,0.66352,0.49969,0.81873,20.72808,1,0.40514,-0.02226,1.18439,0.00436,1,1,participant_10,question_13,Timer-Correct,True,Other
0.0,0,9,1,0.41903,-0.01359,0,0.6651,0.60463,0.06677,2714,755.98608,1,0.40377,-0.06922,-0.06527,-0.06347,0.67483,0.24621,0.79657,21.60083,1,0.43085,-0.00074,1.18439,0.00477,1,1,0.00015,-0.06698,0.66352,0.49964,0.81869,20.76522,1,0.40721,-0.02645,1.17541,0.0043,1,1,participant_10,question_13,Timer-Correct,True,Other
0.0,0,9,1,0.41949,-0.00498,0,0.6651,0.60463,0.07385,2714,755.98608,1,0.40508,-0.06387,-0.06527,-0.06337,0.67483,0.24617,0.79651,21.45688,1,0.43177,0.00757,1.17541,0.00477,1,1,0.00015,-0.06688,0.66353,0.49976,0.81849,20.67364,1,0.4072,-0.01753,1.16642,0.0042,1,1,participant_10,question_13,Timer-Correct,True,Other
0.0,0,9,1,0.42365,-0.02665,0,0.6651,0.60463,0.0802,2714,755.98608,1,0.40651,-0.061,-0.06527,-0.06337,0.67483,0.24614,0.79647,21.64826,1,0.43051,-0.00854,1.16642,0.00478,1,1,0.00015,-0.06688,0.66353,0.49985,0.81836,20.18098,1,0.4168,-0.04476,1.16642,0.00432,1,1,participant_10,question_13,Timer-Correct,True,Other
0.0,0,9,1,0.41717,-0.03728,0,0.73229,0.66389,0.08722,2714,755.98608,1,0.40727,-0.05931,-0.06527,-0.06337,0.67483,0.24614,0.79626,21.03183,1,0.43389,-0.02431,1.16642,0.00478,1,1,0.00015,-0.06688,0.66353,0.49988,0.81836,20.2821,1,0.40045,-0.05025,1.16642,0.00429,1,1,participant_10,question_13,Timer-Correct,True,Other
0.0,0,9,1,0.41717,-0.03728,0,0.73229,0.66389,0.09436,2714,755.98608,1,0.40793,-0.05784,-0.06527,-0.06327,0.67483,0.24624,0.79624,21.03413,1,0.43389,-0.02431,1.16642,0.00479,1,1,0.00015,-0.06688,0.66353,0.49996,0.81832,20.37457,1,0.40045,-0.05025,1.16642,0.00425,1,1,participant_10,question_13,Timer-Correct,True,Other
0.0,0,9,1,0.39674,-0.02402,0,0.73229,0.66389,0.10138,2714,755.98608,1,0.40723,-0.05573,-0.06527,-0.06327,0.67483,0.24633,0.7961,21.10884,1,0.40573,0.03053,1.16642,0.00477,1,1,0.00015,-0.06688,0.66353,0.50009,0.81823,20.263,1,0.38774,-0.07857,1.16642,0.00429,1,1,participant_10,question_13,Timer-Correct,True,Other
0.0,0,9,1,0.39849,-0.03076,0,0.73229,0.66389,0.1073,2714,755.98608,1,0.40671,-0.05426,-0.06527,-0.06327,0.67483,0.24645,0.79598,20.96829,1,0.41367,0.0174,1.16642,0.00481,1,1,0.00015,-0.06688,0.66353,0.50015,0.81822,20.29689,1,0.3833,-0.07892,1.16642,0.00425,1,1,participant_10,question_13,Timer-Correct,True,Other
0.0,0,9,1,0.39849,-0.03076,0,0.73229,0.66389,0.11395,2714,755.98608,1,0.40626,-0.05295,-0.06527,-0.06327,0.67483,0.24654,0.79599,21.14093,1,0.41367,0.0174,1.16642,0.00481,1,1,0.00035,-0.06683,0.66296,0.50022,0.81812,20.29231,1,0.3833,-0.07892,1.16642,0.00428,1,1,participant_10,question_13,Timer-Correct,True,Other
0.0,0,9,1,0.41612,-0.0342,0,0.82187,0.74352,0.12048,2714,755.98608,1,0.40678,-0.05197,-0.06527,-0.06327,0.67483,0.24667,0.79584,21.05378,1,0.42119,0.00241,1.16642,0.00478,1,1,0.00035,-0.06683,0.66296,0.50043,0.81808,20.30941,1,0.41106,-0.0708,1.16642,0.00429,1,1,participant_10,question_13,Timer-Correct,True,Other
0.0,0,9,1,0.4207,-0.03563,0,0.82187,0.74352,0.12708,2714,755.98608,1,0.40747,-0.05115,-0.06527,-0.06327,0.67483,0.24663,0.7959,20.98935,1,0.43107,-0.00024,1.16642,0.00471,1,1,0.00035,-0.06683,0.66296,0.50045,0.81815,20.37052,1,0.41033,-0.07101,1.16642,0.00431,1,1,participant_10,question_13,Timer-Correct,True,Other
0.0,0,9,1,0.42113,-0.02705,0,0.82187,0.74352,0.13385,2714,755.98608,1,0.40812,-0.05,-0.06381,-0.06199,0.66119,0.2467,0.79587,20.96385,1,0.43197,0.0079,1.15774,0.0047,1,1,0.00035,-0.06683,0.66296,0.50049,0.81818,20.40163,1,0.41029,-0.06199,1.15774,0.00432,1,1,participant_10,question_13,Timer-Correct,True,Other
0.0,0,9,1,0.40087,-0.00127,0,0.82187,0.74352,0.14075,2714,755.98608,1,0.40779,-0.04779,-0.06381,-0.06199,0.66119,0.24679,0.7959,21.3061,1,0.41032,0.02097,1.14906,0.00474,1,1,0.00035,-0.06683,0.66296,0.50067,0.81824,20.19548,1,0.39142,-0.02351,1.14906,0.00426,1,1,participant_10,question_13,Timer-Correct,True,Other
0.0,0,9,1,0.3976,0.01722,0,0.85,0.76481,0.14703,2714,755.98608,1,0.40735,-0.04496,-0.06381,-0.06199,0.66119,0.24672,0.79592,21.01893,1,0.39208,0.03278,1.14038,0.00474,1,1,0.00035,-0.06683,0.66296,0.50075,0.81857,20.90669,1,0.40312,0.00167,1.14038,0.00419,1,1,participant_10,question_13,Timer-Correct,True,Other
0.0,0,9,1,0.39871,0.02346,0,0.85,0.76481,0.15381,2714,755.98608,1,0.40699,-0.04211,-0.06185,-0.06004,0.64046,0.24678,0.79604,20.94841,1,0.3943,0.04802,1.12398,0.0047,1,1,0.00047,-0.07033,0.69776,0.50088,0.81867,20.5127,1,0.40311,-0.0011,1.14315,0.00417,1,1,participant_10,question_13,Timer-Correct,True,Other
0.0,0,9,1,0.39599,0.03103,0,0.85,0.76481,0.16058,2714,755.98608,1,0.40655,-0.03918,-0.06185,-0.06004,0.64046,0.24721,0.79585,20.69644,1,0.40689,0.04215,1.13544,0.0047,1,1,0.00047,-0.07033,0.69776,0.50108,0.81886,20.21643,1,0.3851,0.01991,1.15461,0.00422,1,1,participant_10,question_13,Timer-Correct,True,Question
0.0,0,9,1,0.40636,-0.04052,0,0.85,0.76481,0.16913,2714,755.98608,1,0.40654,-0.03923,-0.06185,-0.06004,0.64046,0.24727,0.79582,20.63089,1,0.40907,0.0366,1.14689,0.00463,1,1,0.00047,-0.07033,0.69776,0.50134,0.81886,20.35843,1,0.40366,-0.11764,1.16606,0.00411,1,1,participant_10,question_13,Timer-Correct,True,Other
0.0,0,9,1,0.40467,-0.05805,0,0.85,0.76481,0.17371,2714,755.98608,1,0.40647,-0.03993,-0.06545,-0.06363,0.67875,0.24728,0.79605,20.91261,1,0.40568,0.01094,1.17474,0.00468,1,1,0.00054,-0.06653,0.65807,0.50124,0.81899,20.32328,1,0.40366,-0.12703,1.17474,0.00422,1,1,participant_10,question_13,Timer-Correct,True,Other
0.0,0,9,1,0.41463,-0.00609,0,0.86458,0.77593,0.1814,2714,755.98608,1,0.40677,-0.03872,-0.06545,-0.06363,0.67875,0.24807,0.7967,21.13065,1,0.44337,-0.00691,1.19114,0.00465,1,1,0.00054,-0.06653,0.65807,0.50214,0.81982,20.04447,1,0.38588,-0.00528,1.17197,0.00424,1,1,participant_10,question_13,Timer-Correct,True,Other
0.0,0,9,1,0.45508,0.01857,0,0.86458,0.77593,0.18799,2714,755.98608,1,0.40843,-0.03675,-0.06545,-0.06363,0.67875,0.24969,0.7982,21.35841,1,0.45783,0.00805,1.18837,0.0048,1,1,0.00054,-0.06653,0.65807,0.50355,0.82121,19.30643,1,0.45233,0.02909,1.16919,0.0042,1,1,participant_10,question_13,Timer-Correct,True,Other
0.0,0,9,1,0.45515,0.02115,0,0.86458,0.77593,0.18799,2714,755.98608,0,0.41559,-0.00761,-0.06421,-0.06417,0.6764,0.2505,0.799,21.51827,1,0.45806,0.01059,1.18559,0.00478,1,1,0.00134,-0.0676,0.66272,0.50431,0.8222,19.67681,1,0.45225,0.03171,1.16642,0.00419,1,1,participant_10,question_13,Timer-Correct,True,Other
0.0,0,9,1,0.582,0.31806,0,0.86458,0.77593,0.18799,2714,755.98608,0,0.49879,0.15523,-0.06421,-0.06417,0.6764,0.25441,0.80332,22.7952,1,0.60734,0.33349,1.16642,0.00476,1,1,0.00134,-0.0676,0.66272,0.5081,0.82609,18.87398,1,0.55665,0.30263,1.16642,0.00428,1,1,participant_10,question_13,Timer-Correct,True,Question
0.0,0,9,1,0.66281,0.47752,0,0.86458,0.77593,0.18799,2714,755.98608,0,0.55346,0.26266,-0.06421,-0.06417,0.6764,0.25713,0.80557,22.6733,1,0.68928,0.50432,1.16642,0.00477,1,1,0.00134,-0.0676,0.66272,0.51022,0.82867,19.07981,1,0.63634,0.45071,1.16642,0.0041,1,1,participant_10,question_13,Timer-Correct,True,Answer_Area
0.0,0,9,1,0.66281,0.47752,0,0.86563,0.77593,0.18799,2714,755.98608,0,0.63587,0.42437,-0.06283,-0.06476,0.67462,0.25792,0.80675,23.44381,1,0.68928,0.50432,1.16642,0.00473,1,1,0.00253,-0.0685,0.66279,0.51161,0.82995,19.56217,1,0.63634,0.45071,1.16642,0.00406,1,1,participant_10,question_13,Timer-Correct,True,Answer_Area
0.0,0,9,1,0.81536,0.64388,0,0.86563,0.77593,0.18799,2714,755.98608,0,0.72561,0.53412,-0.06283,-0.06476,0.67462,0.26185,0.80961,23.02051,1,0.80686,0.68027,1.16642,0.0047,1,1,0.00253,-0.0685,0.66279,0.5148,0.83335,20.05717,1,0.82385,0.60748,1.16642,0.00411,1,1,participant_10,question_13,Timer-Correct,True,Other
0.0,0,9,1,0.87087,0.72029,0,0.86563,0.77593,0.18799,2714,755.98608,0,0.77403,0.59618,-0.06283,-0.06476,0.67462,0.26342,0.81117,23.19704,1,0.90348,0.75658,1.16642,0.00465,1,1,0.00253,-0.0685,0.66279,0.51657,0.8349,20.1451,1,0.83825,0.68399,1.16642,0.00412,1,1,participant_10,question_13,Timer-Correct,True,Other
0.0,0,9,1,0.87388,0.71712,0,0.86563,0.77593,0.18799,2714,755.98608,0,0.85337,0.69376,-0.06438,-0.0676,0.69975,0.2643,0.81169,22.66926,1,0.90618,0.75373,1.17626,0.00473,1,1,0.00333,-0.0691,0.6628,0.51765,0.83572,19.80948,1,0.84159,0.6805,1.17626,0.00419,1,1,participant_10,question_13,Timer-Correct,True,Other
0.0,0,9,1,0.92534,0.8034,0,0.87187,0.78426,0.18799,2714,755.98608,0,0.88936,0.74858,-0.06438,-0.0676,0.69975,0.26523,0.81251,22.98244,1,0.96543,0.87425,1.18609,0.00479,1,1,0.00333,-0.0691,0.6628,0.51899,0.8368,20.20628,1,0.88526,0.73256,1.18609,0.00425,1,1,participant_10,question_13,Timer-Correct,True,Submit
0.0,0,9,1,0.89154,0.75979,0,0.87187,0.78426,0.18799,2714,755.98608,0,0.89008,0.75232,-0.06438,-0.0676,0.69975,0.2651,0.81243,23.26453,1,0.88955,0.78663,1.19593,0.0047,1,1,0.00333,-0.0691,0.6628,0.51921,0.83691,20.33824,1,0.89352,0.73295,1.19593,0.00423,1,1,participant_10,question_13,Timer-Correct,True,Other
0.0,0,9,1,0.88727,0.76345,0,0.87187,0.78426,0.02026,2715,756.22028,1,0.88938,0.7551,-0.05994,-0.06324,0.65365,0.26524,0.81241,22.90121,1,0.88731,0.78887,1.18725,0.00466,1,1,0.00366,-0.06704,0.64217,0.51966,0.837,20.2345,1,0.88723,0.73804,1.17926,0.00418,1,1,participant_10,question_13,Timer-Correct,True,Other
0.0,0,9,1,0.86803,0.76305,0,0.88542,0.79537,0.03729,2715,756.22028,1,0.88511,0.75669,-0.05994,-0.06324,0.65365,0.26575,0.81228,23.05995,1,0.86018,0.79681,1.16074,0.0046,1,1,0.00366,-0.06704,0.64217,0.52009,0.83711,20.13727,1,0.87588,0.72929,1.15276,0.00417,1,1,participant_10,question_13,Timer-Correct,True,Other
0.0,0,9,1,0.86252,0.7682,0,0.88542,0.79537,0.04663,2715,756.22028,1,0.88135,0.75861,-0.06215,-0.066,0.68161,0.26599,0.81238,22.86573,1,0.85587,0.80139,1.14292,0.00464,1,1,0.00393,-0.0668,0.63849,0.52056,0.83724,19.91712,1,0.86917,0.73501,1.13493,0.00417,1,1,participant_10,question_13,Timer-Correct,True,Other
0.0,0,9,1,0.8543,0.77587,0,0.89531,0.80926,0.10529,2715,756.22028,1,0.87748,0.76108,-0.05957,-0.06358,0.6561,0.26588,0.81251,23.3723,1,0.84945,0.8082,1.11641,0.00467,1,1,0.00419,-0.06656,0.63528,0.52091,0.83728,20.10181,1,0.85915,0.74354,1.10842,0.00411,1,1,participant_10,question_13,Timer-Correct,True,Other
0.0,0,9,1,0.85484,0.77561,0,0.89792,0.81759,0.15857,2715,756.22028,1,0.87465,0.76289,-0.05993,-0.06422,0.66218,0.26596,0.81247,23.63898,1,0.84751,0.81026,1.10842,0.00465,1,1,0.00469,-0.06932,0.65835,0.52095,0.83735,19.88739,1,0.86217,0.74096,1.11641,0.00408,1,1,participant_10,question_13,Timer-Correct,True,Other
0.0,0,9,1,0.86171,0.76935,0,0.90312,0.83519,0.18732,2715,756.22028,1,0.87321,0.76361,-0.06116,-0.06552,0.6741,0.26593,0.81266,23.78407,1,0.85155,0.80597,1.12509,0.00463,1,1,0.00469,-0.06932,0.65835,0.52076,0.83768,20.07448,1,0.87186,0.73272,1.14207,0.0041,1,1,participant_10,question_13,Timer-Correct,True,Other
0.0,0,9,1,0.86344,0.71255,0,0.90312,0.83519,0.1911,2715,756.22028,1,0.87224,0.7585,-0.06116,-0.06552,0.6741,0.26719,0.81351,22.91826,1,0.85424,0.76546,1.14207,0.00469,1,1,0.00469,-0.06932,0.65835,0.52238,0.83983,19.83298,1,0.87263,0.65965,1.15904,0.00415,1,1,participant_10,question_13,Timer-Correct,True,Other
0.0,0,9,1,0.88307,0.72093,0,0.90312,0.83519,0.20142,2715,756.22028,1,0.87322,0.75509,-0.06116,-0.06552,0.6741,0.26714,0.81362,23.00606,1,0.88463,0.74999,1.16772,0.00465,1,1,0.00469,-0.06932,0.65835,0.52232,0.83966,19.92567,1,0.88151,0.69186,1.1847,0.00415,1,1,participant_10,question_13,Timer-Correct,True,Other
0.0,0,9,1,0.88526,0.71842,0,0.90312,0.83519,0.22345,2715,756.22028,1,0.87422,0.75203,-0.06059,-0.06476,0.66622,0.26688,0.8137,23.15291,1,0.88902,0.74497,1.1847,0.00462,1,1,0.00427,-0.06897,0.65497,0.52218,0.83969,20.2955,1,0.88151,0.69186,1.1847,0.00417,1,1,participant_10,question_13,Timer-Correct,True,Other
0.0,0,9,1,0.91751,0.79034,0,0.90312,0.83519,0.23553,2715,756.22028,1,0.87755,0.75498,-0.06059,-0.06476,0.66622,0.26793,0.81436,22.91008,1,0.92634,0.82552,1.17602,0.0048,1,1,0.00427,-0.06897,0.65497,0.52258,0.84029,20.11999,1,0.90867,0.75516,1.16703,0.00417,1,1,participant_10,question_13,Timer-Correct,True,Other
0.0,0,9,1,0.94779,0.80229,0,0.90312,0.83519,0.23932,2715,756.22028,1,0.88257,0.75836,-0.06059,-0.06476,0.66622,0.26815,0.81447,23.06581,1,0.94484,0.84025,1.15835,0.00477,1,1,0.00427,-0.06897,0.65497,0.52303,0.84055,20.13447,1,0.95074,0.76433,1.14936,0.00421,1,1,participant_10,question_13,Timer-Correct,True,Submit
0.0,0,9,1,0.9411,0.8068,0,0.90312,0.83519,0.2431,2715,756.22028,1,0.88647,0.76159,-0.05957,-0.06387,0.6561,0.26831,0.81475,23.41003,1,0.93929,0.84414,1.14068,0.00475,1,1,0.00451,-0.06963,0.66075,0.52324,0.84075,20.36975,1,0.94292,0.76946,1.1317,0.00423,1,1,participant_10,question_13,Timer-Correct,True,Submit
0.0,0,9,1,0.92726,0.82188,0,0.90312,0.83519,0.25171,2715,756.22028,1,0.88902,0.76536,-0.05957,-0.06387,0.6561,0.26818,0.81465,23.57374,1,0.93149,0.82399,1.1317,0.00474,1,1,0.00451,-0.06963,0.66075,0.52318,0.84063,20.42881,1,0.92303,0.81977,1.1317,0.00417,1,1,participant_10,question_13,Timer-Correct,True,Submit
0.0,0,9,1,0.92317,0.81684,0,0.90312,0.83519,0.25537,2715,756.22028,1,0.89103,0.76839,-0.05957,-0.06387,0.6561,0.26814,0.81467,23.74072,1,0.92855,0.83478,1.1317,0.00472,1,1,0.00451,-0.06963,0.66075,0.52315,0.84058,20.20879,1,0.9178,0.7989,1.1317,0.0042,1,1,participant_10,question_13,Timer-Correct,True,Submit
0.0,0,9,1,0.92148,0.81792,0,0.90312,0.83519,0.2608,2715,756.22028,1,0.89272,0.77114,-0.05957,-0.06387,0.6561,0.26819,0.81468,23.60365,1,0.92855,0.83478,1.1317,0.00473,1,1,0.00433,-0.06767,0.64124,0.52312,0.84065,20.32115,1,0.91441,0.80105,1.12371,0.0042,1,1,participant_10,question_13,Timer-Correct,True,Submit
0.0,0,9,1,0.91314,0.80825,0,0.90312,0.83519,0.27643,2715,756.22028,1,0.8938,0.77309,-0.05957,-0.06387,0.6561,0.26807,0.81479,23.63086,1,0.92348,0.85437,1.12371,0.00474,1,1,0.00433,-0.06767,0.64124,0.52316,0.84088,20.44777,1,0.9028,0.76213,1.11572,0.0042,1,1,participant_10,question_13,Timer-Correct,True,Submit
0.0,0,9,1,0.90538,0.81381,0,0.90312,0.83519,0.28357,2715,756.22028,1,0.89438,0.77513,-0.05957,-0.06387,0.6561,0.26803,0.81478,23.54029,1,0.90821,0.85902,1.11572,0.00473,1,1,0.00433,-0.06767,0.64124,0.52309,0.84094,20.42091,1,0.90255,0.7686,1.10773,0.00418,1,1,participant_10,question_13,Timer-Correct,True,Submit
0.0,0,9,1,0.9042,0.81466,0,0.90312,0.83519,0.28638,2715,756.22028,1,0.89484,0.77701,-0.05814,-0.06238,0.64028,0.268,0.81484,23.24293,1,0.90585,0.86071,1.10773,0.00475,1,1,0.0044,-0.06953,0.65887,0.52309,0.84094,20.42091,1,0.90255,0.7686,1.10773,0.00418,1,1,participant_10,question_13,Timer-Correct,True,Submit
0.0,0,9,1,0.89814,0.81072,0,0.90312,0.83519,0.28638,2715,756.22028,0,0.91396,0.79524,-0.05814,-0.06238,0.64028,0.26799,0.81489,23.21905,1,0.90728,0.85525,1.10773,0.00475,1,1,0.0044,-0.06953,0.65887,0.52305,0.8409,20.23772,1,0.889,0.7662,1.11572,0.0042,1,1,participant_10,question_13,Timer-Correct,True,Submit
0.0,0,9,1,0.91043,0.80416,0,0.90312,0.83519,0.28638,2715,756.22028,0,0.9122,0.7997,-0.05814,-0.06238,0.64028,0.26796,0.81478,23.36205,1,0.90988,0.8578,1.11572,0.00474,1,1,0.0044,-0.06953,0.65887,0.52305,0.84088,20.27281,1,0.91099,0.75051,1.12371,0.00418,1,1,participant_10,question_13,Timer-Correct,True,Submit
0.0,0,9,1,0.91329,0.80207,0,0.90312,0.83519,0.28638,2715,756.22028,0,0.91256,0.80049,-0.05814,-0.06238,0.64028,0.26797,0.81488,23.42013,1,0.91225,0.8561,1.12371,0.00472,1,1,0.00442,-0.06992,0.66308,0.52304,0.84092,20.03147,1,0.91432,0.74804,1.1317,0.00428,1,1,participant_10,question_13,Timer-Correct,True,Submit
0.0,0,9,1,0.9183,0.78749,0,0.90312,0.83519,0.01788,2716,756.51038,1,0.91399,0.79724,-0.05814,-0.06238,0.64028,0.26798,0.8148,23.14938,1,0.9177,0.85401,1.1317,0.00477,1,1,0.00442,-0.06992,0.66308,0.52308,0.84067,20.36376,1,0.9189,0.72097,1.1317,0.00423,1,1,participant_10,question_13,Timer-Correct,True,Other
0.0,0,9,1,0.90742,0.79974,0,0.90312,0.83519,0.0246,2716,756.51038,1,0.91268,0.79774,-0.05814,-0.06238,0.64028,0.26795,0.81487,23.25585,1,0.90959,0.86202,1.1317,0.00477,1,1,0.00442,-0.06992,0.66308,0.52297,0.84075,20.14472,1,0.90526,0.73746,1.1317,0.00426,1,1,participant_10,question_13,Timer-Correct,True,Submit
0.0,0,9,1,0.90579,0.80101,0,0.90312,0.83519,0.03137,2716,756.51038,1,0.91153,0.79828,-0.05814,-0.06238,0.64028,0.26792,0.81483,23.22579,1,0.90959,0.86202,1.1317,0.00475,1,1,0.00423,-0.06757,0.64127,0.52296,0.84071,20.12494,1,0.90199,0.74,1.12371,0.00428,1,1,participant_10,question_13,Timer-Correct,True,Submit
0.0,0,9,1,0.89426,0.81026,0,0.90312,0.83519,0.03815,2716,756.51038,1,0.90906,0.8,-0.05814,-0.06238,0.64028,0.26786,0.81485,23.01207,1,0.9037,0.85256,1.12371,0.00481,1,1,0.00423,-0.06757,0.64127,0.52296,0.84076,20.14631,1,0.88483,0.76797,1.11572,0.00426,1,1,participant_10,question_13,Timer-Correct,True,Submit
0.0,0,9,1,0.89263,0.81449,0,0.90312,0.83519,0.04559,2716,756.51038,1,0.90701,0.80181,-0.05814,-0.06238,0.64028,0.26787,0.81493,23.07728,1,0.89366,0.87426,1.11572,0.00475,1,1,0.00423,-0.06757,0.64127,0.52296,0.84076,20.14631,1,0.8916,0.75472,1.10773,0.00426,1,1,participant_10,question_13,Timer-Correct,True,Submit
0.0,0,9,1,0.8915,0.81528,0,0.90312,0.83519,0.05151,2716,756.51038,1,0.90529,0.8033,-0.05957,-0.06387,0.6561,0.26787,0.81493,23.07728,1,0.8914,0.87584,1.10773,0.00475,1,1,0.0044,-0.0696,0.65907,0.52296,0.8408,20.19078,1,0.8916,0.75472,1.10773,0.00423,1,1,participant_10,question_13,Timer-Correct,True,Submit
0.0,0,9,1,0.90283,0.81136,0,0.90312,0.83519,0.06262,2716,756.51038,1,0.90504,0.80411,-0.05957,-0.06387,0.6561,0.26791,0.81493,23.17046,1,0.89615,0.86778,1.10773,0.00473,1,1,0.0044,-0.0696,0.65907,0.523,0.84076,20.15176,1,0.90951,0.75495,1.11572,0.00421,1,1,participant_10,question_13,Timer-Correct,True,Submit
0.0,0,9,1,0.89896,0.80621,0,0.90312,0.83519,0.06763,2716,756.51038,1,0.90449,0.8043,-0.05957,-0.06387,0.6561,0.26793,0.81491,23.16834,1,0.90338,0.85989,1.11572,0.0047,1,1,0.0044,-0.0696,0.65907,0.52294,0.84076,20.26327,1,0.89454,0.75253,1.12371,0.00417,1,1,participant_10,question_13,Timer-Correct,True,Submit
0.0,0,9,1,0.90355,0.80275,0,0.90312,0.83519,0.07196,2716,756.51038,1,0.90441,0.80417,-0.05957,-0.06387,0.6561,0.26793,0.81491,23.16834,1,0.90571,0.85821,1.12371,0.0047,1,1,0.00457,-0.07145,0.67708,0.52298,0.8407,20.23498,1,0.90139,0.7473,1.14068,0.00419,1,1,participant_10,question_13,Timer-Correct,True,Submit
0.0,0,9,1,0.91412,0.81066,0,0.90312,0.83519,0.0788,2716,756.51038,1,0.90516,0.80467,-0.05957,-0.06387,0.6561,0.26787,0.81476,23.12654,1,0.9088,0.85477,1.14068,0.00465,1,1,0.00457,-0.07145,0.67708,0.52299,0.84075,20.03453,1,0.91944,0.76654,1.14967,0.00426,1,1,participant_10,question_13,Timer-Correct,True,Submit
0.0,0,9,1,0.89795,0.7713,0,0.90312,0.83519,0.08484,2716,756.51038,1,0.90464,0.80229,-0.05957,-0.06387,0.6561,0.26746,0.81433,22.88875,1,0.91462,0.82303,1.14967,0.00466,1,1,0.00457,-0.07145,0.67708,0.52251,0.84004,19.96611,1,0.88128,0.71957,1.15866,0.00417,1,1,participant_10,question_13,Timer-Correct,True,Other
0.0,0,9,1,0.90385,0.76634,0,0.90312,0.83519,0.09149,2716,756.51038,1,0.90459,0.79989,-0.0619,-0.06562,0.67774,0.26703,0.81399,22.59002,1,0.91975,0.81885,1.16734,0.00473,1,1,0.00418,-0.07132,0.67921,0.52197,0.83948,20.14726,1,0.88796,0.71382,1.17632,0.00417,1,1,participant_10,question_13,Timer-Correct,True,Other
0.0,0,9,1,0.80599,0.63057,0,0.90312,0.83519,0.09833,2716,756.51038,1,0.89843,0.78931,-0.0619,-0.06562,0.67774,0.26452,0.81126,23.62602,1,0.8114,0.71023,1.185,0.00482,1,1,0.00418,-0.07132,0.67921,0.51983,0.83677,19.92826,1,0.80057,0.55091,1.185,0.00429,1,1,participant_10,question_13,Timer-Correct,True,Other
0.0,0,9,1,0.72774,0.5247,0,0.90312,0.83519,0.10468,2716,756.51038,1,0.88839,0.77374,-0.0619,-0.06562,0.67774,0.26283,0.80935,23.87822,1,0.72586,0.54569,1.19369,0.0047,1,1,0.00418,-0.07132,0.67921,0.51811,0.83443,19.45181,1,0.72963,0.5037,1.19369,0.0042,1,1,participant_10,question_13,Timer-Correct,True,Answer_Area
0.0,0,9,1,0.72667,0.52692,0,0.90312,0.83519,0.11176,2716,756.51038,1,0.8794,0.76003,-0.06005,-0.0623,0.64952,0.26248,0.80809,22.65042,1,0.72586,0.54569,1.19369,0.00473,1,1,0.00323,-0.0687,0.66182,0.51696,0.8334,20.1013,1,0.72748,0.50815,1.1847,0.00423,1,1,participant_10,question_13,Timer-Correct,True,Answer_Area
0.0,0,9,1,0.58328,0.29009,0,0.90312,0.83519,0.11176,2716,756.51038,0,0.83742,0.69756,-0.06005,-0.0623,0.64952,0.25894,0.80504,21.58199,1,0.59012,0.28837,1.17602,0.00479,1,1,0.00323,-0.0687,0.66182,0.51355,0.82979,19.26284,1,0.57644,0.29181,1.16703,0.00416,1,1,participant_10,question_13,Timer-Correct,True,Question
0.0,0,9,1,0.53238,0.20964,0,0.90312,0.83519,0.11176,2716,756.51038,0,0.6849,0.4536,-0.06005,-0.0623,0.64952,0.25696,0.80348,20.3708,1,0.54271,0.23019,1.15835,0.00468,1,1,0.00323,-0.0687,0.66182,0.51118,0.82833,18.80963,1,0.52205,0.18909,1.14936,0.00421,1,1,participant_10,question_13,Timer-Correct,True,Question
0.0,0,9,1,0.53184,0.22335,0,0.90312,0.83519,0.11176,2716,756.51038,0,0.63388,0.37685,-0.06183,-0.06278,0.65914,0.25612,0.80328,21.98023,1,0.54309,0.24338,1.14068,0.0046,1,1,0.0021,-0.06716,0.65124,0.51035,0.8279,19.82886,1,0.5206,0.20333,1.1317,0.00422,1,1,participant_10,question_13,Timer-Correct,True,Question
0.0,0,9,1,0.37757,0.10961,0,0.90312,0.83519,0.11176,2716,756.51038,0,0.4806,0.18087,-0.06183,-0.06278,0.65914,0.25303,0.80106,20.61098,1,0.37888,0.12751,1.1317,0.00462,1,1,0.0021,-0.06716,0.65124,0.50683,0.82628,20.24467,1,0.37625,0.0917,1.1317,0.00429,1,1,participant_10,question_13,Timer-Correct,True,Question
0.0,0,9,1,0.33344,0.0529,0,0.90312,0.83519,0.11176,2716,756.51038,0,0.40702,0.11688,-0.06183,-0.06278,0.65914,0.2515,0.80071,21.27375,1,0.34798,0.07495,1.1317,0.00461,1,1,0.0021,-0.06716,0.65124,0.50511,0.82542,19.71142,1,0.31891,0.03085,1.1317,0.00429,1,1,participant_10,question_13,Timer-Correct,True,Question
0.0,0,9,1,0.33344,0.0529,0,0.90312,0.83519,0.11176,2716,756.51038,0,0.38249,0.09555,-0.06296,-0.06298,0.66382,0.25052,0.80001,21.22714,1,0.34798,0.07495,1.1317,0.00455,1,1,0.00134,-0.06797,0.66152,0.50422,0.82486,19.88798,1,0.31891,0.03085,1.1317,0.00425,1,1,participant_10,question_13,Timer-Correct,True,Question
0.0,0,8,1,0.25609,0.03601,0,0.90312,0.83519,0.11176,2716,756.51038,0,0.30766,0.04727,-0.06296,-0.06298,0.66382,0.24888,0.79945,21.02818,1,0.26538,0.0479,1.1317,0.00468,1,1,0.00134,-0.06797,0.66152,0.50238,0.82466,20.68967,1,0.2468,0.02412,1.1317,0.00424,1,1,participant_10,question_13,Timer-Correct,True,Question
0.0,0,8,1,0.23121,-0.03668,0,0.90312,0.83519,0.11176,2716,756.51038,0,0.26943,0.00529,-0.06296,-0.06298,0.66382,0.24862,0.79957,21.01134,1,0.24641,-0.01303,1.1317,0.0047,1,1,0.00134,-0.06797,0.66152,0.50191,0.82468,20.72649,1,0.21601,-0.06034,1.1317,0.00431,1,1,participant_10,question_13,Timer-Correct,True,Other
0.0,0,8,1,0.23174,-0.03229,0,0.90312,0.83519,0.11176,2716,756.51038,0,0.25687,-0.00724,-0.06205,-0.06197,0.65318,0.24848,0.7997,21.40057,1,0.24641,-0.01303,1.1317,0.00468,1,1,0.00114,-0.06536,0.6361,0.50165,0.82473,20.6737,1,0.21708,-0.05155,1.12371,0.00433,1,1,participant_10,question_13,Timer-Correct,True,Other
0.0,0,8,1,0.23576,0.04236,0,0.90312,0.83519,0.02039,2717,756.66895,1,0.25159,0.00516,-0.06205,-0.06197,0.65318,0.24871,0.7998,20.97753,1,0.22354,0.04675,1.12371,0.00466,1,1,0.00114,-0.06536,0.6361,0.50185,0.82486,20.83555,1,0.24799,0.03796,1.11572,0.00433,1,1,participant_10,question_13,Timer-Correct,True,Question
0.0,0,8,1,0.26185,0.03571,0,0.90312,0.83519,0.02673,2717,756.66895,1,0.25365,0.01127,-0.06205,-0.06197,0.65318,0.24891,0.79997,21.60862,1,0.26904,0.07489,1.11572,0.00458,1,1,0.00114,-0.06536,0.6361,0.50192,0.82501,20.40899,1,0.25467,-0.00346,1.10773,0.00424,1,1,participant_10,question_13,Timer-Correct,True,Question
0.0,0,8,1,0.26279,0.03936,0,0.90312,0.83519,0.03351,2717,756.66895,1,0.25517,0.01595,-0.06204,-0.06201,0.65306,0.24892,0.80004,21.56273,1,0.27091,0.08217,1.10773,0.00457,1,1,0.00124,-0.06812,0.66204,0.50187,0.82525,20.35838,1,0.25467,-0.00346,1.10773,0.00431,1,1,participant_10,question_13,Timer-Correct,True,Question
0.0,0,8,1,0.26728,0.06502,0,0.90312,0.83519,0.03986,2717,756.66895,1,0.2569,0.02296,-0.06204,-0.06201,0.65306,0.24885,0.80026,21.2085,1,0.27276,0.11102,1.10773,0.00456,1,1,0.00124,-0.06812,0.66204,0.50207,0.82528,20.23335,1,0.2618,0.01902,1.11572,0.00429,1,1,participant_10,question_13,Timer-Correct,True,Question
0.0,0,8,1,0.26433,0.0594,0,0.90312,0.83519,0.04803,2717,756.66895,1,0.25783,0.02752,-0.06204,-0.06201,0.65306,0.24881,0.80033,21.2943,1,0.27082,0.10124,1.11572,0.00458,1,1,0.00124,-0.06812,0.66204,0.5021,0.82539,20.15736,1,0.25784,0.01755,1.12371,0.00426,1,1,participant_10,question_13,Timer-Correct,True,Question
0.0,0,8,1,0.2615,0.04343,0,0.90312,0.83519,0.05377,2717,756.66895,1,0.25824,0.02929,-0.06421,-0.06417,0.67535,0.24881,0.80035,21.21651,1,0.26694,0.08644,1.13239,0.00458,1,1,0.00124,-0.06812,0.66204,0.50209,0.82538,20.14703,1,0.25605,0.00042,1.14038,0.00431,1,1,participant_10,question_13,Timer-Correct,True,Question
0.0,0,8,1,0.26353,0.00713,0,0.90312,0.83519,0.06,2717,756.66895,1,0.25877,0.02707,-0.06421,-0.06417,0.67535,0.2488,0.80061,21.14237,1,0.26333,0.01338,1.14906,0.0046,1,1,0.00124,-0.06812,0.66204,0.5022,0.82536,19.87842,1,0.26373,0.00089,1.14906,0.00429,1,1,participant_10,question_13,Timer-Correct,True,Other
0.0,0,8,1,0.26223,0.00144,0,0.90312,0.83519,0.06744,2717,756.66895,1,0.25908,0.02474,-0.06421,-0.06417,0.67535,0.24879,0.80059,21.41967,1,0.26553,0.00837,1.15774,0.00457,1,1,0.00124,-0.06812,0.66204,0.50215,0.82543,19.8301,1,0.25893,-0.00549,1.15774,0.00434,1,1,participant_10,question_13,Timer-Correct,True,Other
0.0,0,8,1,0.26177,-0.00314,0,0.90312,0.83519,0.07373,2717,756.66895,1,0.2593,0.02242,-0.06357,-0.06349,0.66811,0.24883,0.8006,21.35685,1,0.26553,0.00837,1.15774,0.00456,1,1,0.00133,-0.07004,0.68067,0.50217,0.82537,19.75078,1,0.258,-0.01464,1.16672,0.00435,1,1,participant_10,question_13,Timer-Correct,True,Other
0.0,0,8,1,0.25679,-0.00779,0,0.90312,0.83519,0.08008,2717,756.66895,1,0.25911,0.02009,-0.06357,-0.06349,0.66811,0.2489,0.80043,21.23066,1,0.25578,-0.00233,1.15804,0.00453,1,1,0.00133,-0.07004,0.68067,0.50226,0.82536,19.85483,1,0.25779,-0.01326,1.16703,0.00429,1,1,participant_10,question_13,Timer-Correct,True,Other
0.0,0,8,1,0.26311,-0.02194,0,0.90312,0.83519,0.08698,2717,756.66895,1,0.2594,0.01709,-0.06357,-0.06349,0.66811,0.24889,0.80016,20.69151,1,0.29104,-0.00948,1.15835,0.00457,1,1,0.00133,-0.07004,0.68067,0.5023,0.82528,19.7529,1,0.23519,-0.0344,1.16734,0.00428,1,1,participant_10,question_13,Timer-Correct,True,Other
0.0,0,8,1,0.26166,-0.03089,0,0.90312,0.83519,0.09351,2717,756.66895,1,0.25955,0.01389,-0.06377,-0.06358,0.66962,0.24881,0.80029,20.98938,1,0.28918,-0.01803,1.16734,0.00456,1,1,0.00133,-0.07004,0.68067,0.50227,0.82532,19.91355,1,0.23414,-0.04375,1.17632,0.00425,1,1,participant_10,question_13,Timer-Correct,True,Other
0.0,0,8,1,0.2639,-0.01551,0,0.90312,0.83519,0.10144,2717,756.66895,1,0.25982,0.01205,-0.06377,-0.06358,0.66962,0.24878,0.80012,20.5499,1,0.28512,0.02175,1.185,0.00457,1,1,0.00133,-0.07004,0.68067,0.50224,0.8252,20.04537,1,0.24268,-0.05278,1.185,0.00427,1,1,participant_10,question_13,Timer-Correct,True,Other
0.0,0,8,1,0.26187,-0.04903,0,0.90312,0.83519,0.10809,2717,756.66895,1,0.25994,0.00846,-0.06377,-0.06358,0.66962,0.24879,0.79998,20.33445,1,0.28224,0.00202,1.19369,0.00457,1,1,0.00133,-0.07004,0.68067,0.50229,0.82518,20.42725,1,0.2415,-0.10008,1.19369,0.00421,1,1,participant_10,question_13,Timer-Correct,True,Other
0.0,0,8,1,0.26051,-0.05766,0,0.90312,0.83519,0.11377,2717,756.66895,1,0.25997,0.00479,-0.06486,-0.06462,0.68115,0.24879,0.79994,20.38932,1,0.28044,-0.00591,1.20237,0.00456,1,1,0.00133,-0.07015,0.68227,0.50225,0.82514,20.21623,1,0.24057,-0.1094,1.20237,0.00425,1,1,participant_10,question_13,Timer-Correct,True,Other
0.0,0,8,1,0.25182,-0.0421,0,0.90312,0.83519,0.12024,2717,756.66895,1,0.25954,0.00232,-0.06486,-0.06462,0.68115,0.24869,0.79985,20.08447,1,0.27541,-0.03125,1.20237,0.00458,1,1,0.00133,-0.07015,0.68227,0.50221,0.82516,20.52984,1,0.22823,-0.05295,1.20237,0.00425,1,1,participant_10,question_13,Timer-Correct,True,Other
0.0,0,8,1,0.26715,-0.03188,0,0.90312,0.83519,0.12732,2717,756.66895,1,0.25992,0.00061,-0.06486,-0.06462,0.68115,0.24868,0.79984,20.09166,1,0.27192,-0.01822,1.20237,0.00466,1,1,0.00133,-0.07015,0.68227,0.50222,0.82507,20.21041,1,0.26239,-0.04554,1.20237,0.00424,1,1,participant_10,question_13,Timer-Correct,True,Other
0.0,0,8,1,0.26758,-0.02732,0,0.90312,0.83519,0.13367,2717,756.66895,1,0.26029,-0.00072,-0.06474,-0.0645,0.67986,0.24856,0.7997,20.48015,1,0.27192,-0.01822,1.20237,0.00458,1,1,0.00115,-0.06834,0.66564,0.50214,0.82496,19.97455,1,0.26324,-0.03643,1.19338,0.00427,1,1,participant_10,question_13,Timer-Correct,True,Other
0.0,0,8,1,0.25237,-0.02593,0,0.90312,0.83519,0.14032,2717,756.66895,1,0.25993,-0.00187,-0.06474,-0.0645,0.67986,0.24795,0.80002,20.49491,1,0.26386,-0.00592,1.19338,0.00461,1,1,0.00115,-0.06834,0.66564,0.50144,0.82502,20.0363,1,0.24088,-0.04594,1.18439,0.00428,1,1,participant_10,question_13,Timer-Correct,True,Other
0.0,0,8,1,0.21632,-0.04441,0,0.90312,0.83519,0.14032,2717,756.66895,0,0.25707,-0.0298,-0.06474,-0.0645,0.67986,0.24679,0.80028,20.49239,1,0.23014,-0.0396,1.18439,0.0047,1,1,0.00115,-0.06834,0.66564,0.50019,0.82521,19.9659,1,0.20251,-0.04923,1.17541,0.0045,1,1,participant_10,question_13,Timer-Correct,True,Other
0.0,0,8,1,0.21971,-0.02668,0,0.90312,0.83519,0.14032,2717,756.66895,0,0.23839,-0.02824,-0.06329,-0.06261,0.65892,0.24608,0.80046,20.59262,1,0.23447,-0.02272,1.16672,0.00466,1,1,0.00054,-0.06725,0.65451,0.4992,0.82507,20.07067,1,0.20496,-0.03065,1.15774,0.0044,1,1,participant_10,question_13,Timer-Correct,True,Other
0.0,0,8,1,0.13132,0.04154,0,0.90312,0.83519,0.14032,2717,756.66895,0,0.2027,-0.00498,-0.06329,-0.06261,0.65892,0.24415,0.80064,20.7711,1,0.13288,0.02269,1.14906,0.00466,1,1,0.00054,-0.06725,0.65451,0.49735,0.8253,20.47368,1,0.12977,0.06039,1.14906,0.00441,1,1,participant_10,question_13,Timer-Correct,True,Question
0.0,0,8,1,0.09126,0.0591,0,0.90312,0.83519,0.14032,2717,756.66895,0,0.14743,0.02465,-0.06329,-0.06261,0.65892,0.24373,0.80066,20.41623,1,0.08822,0.04157,1.14038,0.0047,1,1,0.00054,-0.06725,0.65451,0.49706,0.82516,20.49589,1,0.0943,0.07663,1.14038,0.00434,1,1,participant_10,question_13,Timer-Correct,True,Question
0.0,0,8,1,0.09817,0.08129,0,0.90312,0.83519,0.14032,2717,756.66895,0,0.1228,0.05297,-0.05964,-0.05882,0.61905,0.24333,0.80062,20.69895,1,0.09671,0.06301,1.11708,0.00466,1,1,0.00035,-0.06812,0.66295,0.49673,0.82538,20.8789,1,0.09963,0.09957,1.11708,0.00433,1,1,participant_10,question_13,Timer-Correct,True,Question
0.0,0,8,1,0.11963,0.05499,0,0.90312,0.83519,0.14032,2717,756.66895,0,0.12174,0.05364,-0.05964,-0.05882,0.61905,0.24329,0.80053,20.43892,1,0.1274,0.06837,1.10246,0.00469,1,1,0.00035,-0.06812,0.66295,0.49682,0.82542,20.73347,1,0.11186,0.04161,1.10246,0.00442,1,1,participant_10,question_13,Timer-Correct,True,Question
0.0,0,8,1,0.11898,0.08647,0,0.90312,0.83519,0.01544,2718,756.84155,1,0.12105,0.06185,-0.05964,-0.05882,0.61905,0.24331,0.80071,20.97761,1,0.12818,0.09347,1.08784,0.00459,1,1,0.00035,-0.06812,0.66295,0.49675,0.82543,20.72861,1,0.10977,0.07947,1.08784,0.00431,1,1,participant_10,question_13,Timer-Correct,True,Question
0.0,0,8,1,0.11796,0.08184,0,0.90312,0.83519,0.02222,2718,756.84155,1,0.12043,0.06585,-0.06356,-0.06259,0.65865,0.24336,0.80069,20.82323,1,0.12818,0.09347,1.08784,0.00467,1,1,0.0003,-0.06962,0.67761,0.49668,0.82528,20.80316,1,0.10773,0.07022,1.09682,0.00421,1,1,participant_10,question_13,Timer-Correct,True,Question
0.0,0,8,1,0.12632,0.05164,0,0.90312,0.83519,0.02881,2718,756.84155,1,0.12141,0.06348,-0.06356,-0.06259,0.65865,0.24323,0.80068,20.91371,1,0.13998,0.07241,1.11144,0.00467,1,1,0.0003,-0.06962,0.67761,0.4966,0.82548,20.97376,1,0.11266,0.03086,1.12043,0.00423,1,1,participant_10,question_13,Timer-Correct,True,Question
0.0,0,8,1,0.11487,0.02634,0,0.90312,0.83519,0.0351,2718,756.84155,1,0.12048,0.05817,-0.06356,-0.06259,0.65865,0.24305,0.80081,21.10305,1,0.1242,0.05827,1.13505,0.00454,1,1,0.0003,-0.06962,0.67761,0.4964,0.82545,20.62444,1,0.10554,-0.00559,1.14404,0.00423,1,1,participant_10,question_13,Timer-Correct,True,Question
0.0,0,8,1,0.1105,0.01069,0,0.90312,0.83519,0.04169,2718,756.84155,1,0.11923,0.05224,-0.06185,-0.06091,0.64046,0.24293,0.80091,21.19301,1,0.11883,0.04381,1.15094,0.00453,1,1,0.0002,-0.07009,0.6821,0.49637,0.82549,20.63259,1,0.10216,-0.02243,1.15993,0.00423,1,1,participant_10,question_13,Timer-Correct,True,Other
0.0,0,8,1,0.12032,0.02992,0,0.90312,0.83519,0.0484,2718,756.84155,1,0.11935,0.04976,-0.06185,-0.06091,0.64046,0.24304,0.80102,21.67232,1,0.12531,0.06873,1.15221,0.00443,1,1,0.0002,-0.07009,0.6821,0.49623,0.82557,20.79409,1,0.11534,-0.00889,1.15221,0.00418,1,1,participant_10,question_13,Timer-Correct,True,Question
0.0,0,8,1,0.13054,0.04825,0,0.90312,0.83519,0.0556,2718,756.84155,1,0.12047,0.04961,-0.06185,-0.06091,0.64046,0.24277,0.80123,21.47139,1,0.14296,0.075,1.1445,0.00457,1,1,0.0002,-0.07009,0.6821,0.49611,0.82546,20.72053,1,0.11813,0.0215,1.1445,0.00418,1,1,participant_10,question_13,Timer-Correct,True,Question
0.0,0,8,1,0.13352,0.06028,0,0.90312,0.83519,0.06195,2718,756.84155,1,0.12166,0.05058,-0.06183,-0.0608,0.63929,0.24265,0.80114,21.345,1,0.14545,0.08186,1.13678,0.00456,1,1,0.00015,-0.06776,0.65946,0.49611,0.82533,20.77398,1,0.12158,0.0387,1.12779,0.0042,1,1,participant_10,question_13,Timer-Correct,True,Question
0.0,0,8,1,0.11431,0.07585,0,0.90312,0.83519,0.06873,2718,756.84155,1,0.12105,0.05268,-0.06183,-0.0608,0.63929,0.24228,0.80103,21.0502,1,0.13064,0.09741,1.12779,0.00452,1,1,0.00015,-0.06776,0.65946,0.49593,0.82538,20.40429,1,0.09799,0.05429,1.11881,0.00416,1,1,participant_10,question_13,Timer-Correct,True,Question
0.0,0,8,1,0.12517,0.07974,0,0.90312,0.83519,0.07544,2718,756.84155,1,0.12136,0.05476,-0.06183,-0.0608,0.63929,0.24221,0.80101,21.29586,1,0.1211,0.09689,1.11881,0.00449,1,1,0.00015,-0.06776,0.65946,0.49572,0.82534,20.2155,1,0.12924,0.06259,1.10982,0.00427,1,1,participant_10,question_13,Timer-Correct,True,Question
0.0,0,8,1,0.12552,0.08095,0,0.90312,0.83519,0.08228,2718,756.84155,1,0.12166,0.05664,-0.0642,-0.06297,0.66216,0.24218,0.80121,21.4202,1,0.12154,0.09802,1.11754,0.00451,1,1,-5e-05,-0.06767,0.65863,0.49569,0.82546,20.62115,1,0.1295,0.06388,1.10855,0.00418,1,1,participant_10,question_13,Timer-Correct,True,Question
0.0,0,8,1,0.13011,0.06114,0,0.90312,0.83519,0.08905,2718,756.84155,1,0.12222,0.05694,-0.0642,-0.06297,0.66216,0.24198,0.80133,21.51895,1,0.15277,0.10294,1.11626,0.00452,1,1,-5e-05,-0.06767,0.65863,0.49558,0.82541,20.47931,1,0.10745,0.01934,1.11626,0.00417,1,1,participant_10,question_13,Timer-Correct,True,Question
0.0,0,8,1,0.13707,0.06746,0,0.90312,0.83519,0.09546,2718,756.84155,1,0.12315,0.05759,-0.0642,-0.06297,0.66216,0.24186,0.8014,21.44543,1,0.1383,0.10268,1.12398,0.00454,1,1,-5e-05,-0.06767,0.65863,0.4955,0.82544,20.55578,1,0.13584,0.03223,1.12398,0.00415,1,1,participant_10,question_13,Timer-Correct,True,Question
0.0,0,8,1,0.13707,0.06746,0,0.90312,0.83519,0.10248,2718,756.84155,1,0.12397,0.05817,-0.06199,-0.06076,0.63895,0.24172,0.801,20.61075,1,0.1383,0.10268,1.12398,0.0045,1,1,-5e-05,-0.06763,0.65863,0.49548,0.82545,20.57602,1,0.13584,0.03223,1.12398,0.00422,1,1,participant_10,question_13,Timer-Correct,True,Question
0.0,0,8,1,0.1352,0.08099,0,0.90312,0.83519,0.10876,2718,756.84155,1,0.12459,0.05944,-0.06199,-0.06076,0.63895,0.24147,0.80103,20.79669,1,0.12607,0.08156,1.11626,0.0045,1,1,-5e-05,-0.06763,0.65863,0.49512,0.82514,19.84125,1,0.14433,0.08041,1.11626,0.00416,1,1,participant_10,question_13,Timer-Correct,True,Question
0.0,0,8,1,0.12499,0.09272,0,0.90312,0.83519,0.11591,2718,756.84155,1,0.12461,0.06119,-0.06199,-0.06076,0.63895,0.24122,0.8008,20.40235,1,0.11761,0.09942,1.10855,0.00449,1,1,-5e-05,-0.06763,0.65863,0.49504,0.8252,19.87398,1,0.13236,0.08603,1.10855,0.00417,1,1,participant_10,question_13,Timer-Correct,True,Question
0.0,0,8,1,0.12406,0.08823,0,0.90312,0.83519,0.12256,2718,756.84155,1,0.12459,0.06254,-0.06399,-0.06252,0.65797,0.24127,0.80099,21.21049,1,0.11761,0.09942,1.10855,0.00444,1,1,-0.0002,-0.06976,0.67946,0.49499,0.82508,20.02611,1,0.13051,0.07705,1.11754,0.00419,1,1,participant_10,question_13,Timer-Correct,True,Question
0.0,0,8,1,0.12731,0.0611,0,0.90312,0.83519,0.1311,2718,756.84155,1,0.12472,0.06248,-0.06399,-0.06252,0.65797,0.24117,0.80093,20.75808,1,0.14907,0.07347,1.12525,0.0045,1,1,-0.0002,-0.06976,0.67946,0.49479,0.82499,19.60489,1,0.10555,0.04874,1.13424,0.00415,1,1,participant_10,question_13,Timer-Correct,True,Question
0.0,0,8,1,0.11867,0.03465,0,0.90312,0.83519,0.1355,2718,756.84155,1,0.12444,0.06121,-0.06399,-0.06252,0.65797,0.24109,0.80104,20.79151,1,0.13838,0.05291,1.14195,0.00453,1,1,-0.0002,-0.06976,0.67946,0.49476,0.82502,19.64783,1,0.09895,0.01638,1.15094,0.0041,1,1,participant_10,question_13,Timer-Correct,True,Question
0.0,0,8,1,0.1172,0.03056,0,0.90312,0.83519,0.14221,2718,756.84155,1,0.12413,0.05988,-0.06231,-0.06089,0.64029,0.24085,0.80079,20.31453,1,0.13546,0.04474,1.15094,0.00456,1,1,-0.00024,-0.0667,0.64963,0.49472,0.825,19.71843,1,0.09895,0.01638,1.15094,0.00411,1,1,participant_10,question_13,Timer-Correct,True,Question
0.0,0,8,1,0.10664,0.04357,0,0.90312,0.83519,0.14862,2718,756.84155,1,0.1234,0.0592,-0.06231,-0.06089,0.64029,0.24069,0.80105,21.12973,1,0.10835,0.06039,1.14323,0.00445,1,1,-0.00024,-0.0667,0.64963,0.49459,0.82503,19.94856,1,0.10494,0.02675,1.13424,0.00407,1,1,participant_10,question_13,Timer-Correct,True,Question
0.0,0,8,1,0.12184,0.0644,0,0.90312,0.83519,0.15533,2718,756.84155,1,0.12334,0.05941,-0.06231,-0.06089,0.64029,0.24053,0.80083,20.35576,1,0.10523,0.08221,1.12652,0.00455,1,1,-0.00024,-0.0667,0.64963,0.49435,0.82514,20.18266,1,0.13845,0.0466,1.11754,0.00411,1,1,participant_10,question_13,Timer-Correct,True,Question
0.0,0,8,1,0.12345,0.06843,0,0.90312,0.83519,0.16284,2718,756.84155,1,0.12334,0.05975,-0.06335,-0.06171,0.6494,0.24057,0.801,21.38917,1,0.10845,0.09026,1.11754,0.00441,1,1,-0.00041,-0.0694,0.67591,0.4943,0.82509,19.78262,1,0.13845,0.0466,1.11754,0.00411,1,1,participant_10,question_13,Timer-Correct,True,Question
0.0,0,8,1,0.12641,0.04401,0,0.90312,0.83519,0.16943,2718,756.84155,1,0.12345,0.05917,-0.06335,-0.06171,0.6494,0.24036,0.80094,20.71297,1,0.14031,0.07225,1.12525,0.00448,1,1,-0.00041,-0.0694,0.67591,0.4941,0.82491,19.61184,1,0.11251,0.01577,1.13424,0.00411,1,1,participant_10,question_13,Timer-Correct,True,Question
0.0,0,8,1,0.11548,0.04021,0,0.90312,0.83519,0.17566,2718,756.84155,1,0.12317,0.05849,-0.06335,-0.06171,0.6494,0.24007,0.80108,20.78502,1,0.13703,0.065,1.14195,0.00448,1,1,-0.00041,-0.0694,0.67591,0.49395,0.82497,19.54802,1,0.09394,0.01542,1.15094,0.00412,1,1,participant_10,question_13,Timer-Correct,True,Question
0.0,0,8,1,0.1119,0.02871,0,0.90312,0.83519,0.1825,2718,756.84155,1,0.12278,0.05747,-0.06467,-0.06285,0.66093,0.23992,0.80085,20.09889,1,0.13157,0.04999,1.15866,0.0045,1,1,-0.00044,-0.06706,0.65405,0.49407,0.82493,19.53827,1,0.09223,0.00744,1.15866,0.00413,1,1,participant_10,question_13,Timer-Correct,True,Question
0.0,0,8,1,0.11731,0.00935,0,0.90312,0.83519,0.18909,2718,756.84155,1,0.1226,0.05586,-0.06467,-0.06285,0.66093,0.23974,0.80086,20.40585,1,0.1278,0.03312,1.15866,0.00448,1,1,-0.00044,-0.06706,0.65405,0.49376,0.82474,19.75263,1,0.10682,-0.01441,1.14967,0.00404,1,1,participant_10,question_13,Timer-Correct,True,Other
0.0,0,8,1,0.13649,0.01208,0,0.90312,0.83519,0.19611,2718,756.84155,1,0.12305,0.05445,-0.06467,-0.06285,0.66093,0.23964,0.80086,20.46723,1,0.15282,0.03215,1.14967,0.00454,1,1,-0.00044,-0.06706,0.65405,0.4936,0.82477,19.70463,1,0.12016,-0.00798,1.14068,0.00408,1,1,participant_10,question_13,Timer-Correct,True,Other
0.0,0,8,1,0.14081,0.02864,0,0.90312,0.83519,0.20276,2718,756.84155,1,0.1236,0.05364,-0.0623,-0.06046,0.63624,0.23961,0.8008,20.55176,1,0.15804,0.04754,1.13297,0.00448,1,1,-0.00064,-0.06737,0.65711,0.49347,0.82477,20.02382,1,0.12357,0.00973,1.12398,0.00403,1,1,participant_10,question_13,Timer-Correct,True,Question
0.0,0,8,1,0.12339,0.06077,0,0.90312,0.83519,0.2099,2718,756.84155,1,0.1236,0.05386,-0.0623,-0.06046,0.63624,0.2392,0.80059,20.31171,1,0.13904,0.07303,1.11626,0.00445,1,1,-0.00064,-0.06737,0.65711,0.49327,0.82466,20.16659,1,0.10775,0.0485,1.11626,0.00403,1,1,participant_10,question_13,Timer-Correct,True,Question
0.0,0,8,1,0.13423,0.0648,0,0.90312,0.83519,0.21741,2718,756.84155,1,0.12391,0.05418,-0.0623,-0.06046,0.63624,0.23906,0.80075,20.39471,1,0.14043,0.07518,1.10855,0.00449,1,1,-0.00064,-0.06737,0.65711,0.49316,0.82463,20.42526,1,0.12803,0.05443,1.10855,0.004,1,1,participant_10,question_13,Timer-Correct,True,Question
0.0,0,8,1,0.13423,0.0648,0,0.90312,0.83519,0.22552,2718,756.84155,1,0.1242,0.05449,-0.06508,-0.06301,0.66309,0.23904,0.80075,20.38415,1,0.14043,0.07518,1.10855,0.00448,1,1,-0.00064,-0.06745,0.65835,0.49328,0.82439,19.9578,1,0.12803,0.05443,1.10855,0.00408,1,1,participant_10,question_13,Timer-Correct,True,Question
0.0,0,8,1,0.13072,0.07033,0,0.90312,0.83519,0.22961,2718,756.84155,1,0.12438,0.05493,-0.06508,-0.06301,0.66309,0.23891,0.8007,20.53037,1,0.14666,0.05084,1.11626,0.00451,1,1,-0.00064,-0.06745,0.65835,0.49318,0.82463,20.51831,1,0.11478,0.08983,1.11626,0.00408,1,1,participant_10,question_13,Timer-Correct,True,Question
0.0,0,8,1,0.11664,0.05793,0,0.90312,0.83519,0.23621,2718,756.84155,1,0.12417,0.05501,-0.06508,-0.06301,0.66309,0.23877,0.80068,20.7244,1,0.12951,0.04637,1.12398,0.00449,1,1,-0.00064,-0.06745,0.65835,0.49281,0.82451,20.09148,1,0.10376,0.06949,1.12398,0.00407,1,1,participant_10,question_13,Timer-Correct,True,Question
0.0,0,8,1,0.11563,0.0534,0,0.90312,0.83519,0.2431,2718,756.84155,1,0.12395,0.05496,-0.06341,-0.06134,0.64556,0.23887,0.80062,20.91478,1,0.12951,0.04637,1.12398,0.00445,1,1,-0.00081,-0.06924,0.67636,0.49282,0.82435,20.0704,1,0.10176,0.06044,1.13297,0.00408,1,1,participant_10,question_13,Timer-Correct,True,Question
0.0,0,8,1,0.12572,0.0342,0,0.90312,0.83519,0.24957,2718,756.84155,1,0.124,0.05443,-0.06341,-0.06134,0.64556,0.2384,0.80049,20.29967,1,0.12579,0.04207,1.12525,0.00447,1,1,-0.00081,-0.06924,0.67636,0.4924,0.82395,19.46867,1,0.12565,0.02634,1.13424,0.00412,1,1,participant_10,question_13,Timer-Correct,True,Question
0.0,0,8,1,0.10509,0.07421,0,0.90312,0.83519,0.2569,2718,756.84155,1,0.12352,0.05493,-0.06341,-0.06134,0.64556,0.23801,0.80068,20.30689,1,0.11069,0.11253,1.12652,0.00449,1,1,-0.00081,-0.06924,0.67636,0.49182,0.82413,19.61405,1,0.09948,0.03589,1.13551,0.00409,1,1,participant_10,question_13,Timer-Correct,True,Question
0.0,0,8,1,0.10572,0.07762,0,0.90312,0.83519,0.26349,2718,756.84155,1,0.12309,0.05548,-0.06249,-0.06037,0.63431,0.23788,0.80078,21.5358,1,0.11024,0.11142,1.12779,0.00436,1,1,-0.00103,-0.06702,0.65514,0.49168,0.82389,19.45063,1,0.1012,0.04382,1.12779,0.00411,1,1,participant_10,question_13,Timer-Correct,True,Question
0.0,0,8,1,0.06767,0.05754,0,0.90312,0.83519,0.27039,2718,756.84155,1,0.12177,0.05553,-0.06249,-0.06037,0.63431,0.23749,0.80108,21.92776,1,0.07292,0.08574,1.12779,0.0044,1,1,-0.00103,-0.06702,0.65514,0.49105,0.82407,19.76278,1,0.06242,0.02933,1.11881,0.00405,1,1,participant_10,question_13,Timer-Correct,True,Question
0.0,0,8,1,0.06921,0.07708,0,0.90312,0.83519,0.27588,2718,756.84155,1,0.12055,0.05603,-0.06249,-0.06037,0.63431,0.23749,0.80108,21.78401,1,0.06374,0.10364,1.11881,0.00441,1,1,-0.00103,-0.06702,0.65514,0.49106,0.82401,19.87044,1,0.07468,0.05052,1.10982,0.00407,1,1,participant_10,question_13,Timer-Correct,True,Question
0.0,0,8,1,0.07209,0.08573,0,0.90312,0.83519,0.2829,2718,756.84155,1,0.11945,0.05671,-0.06286,-0.06068,0.63806,0.23747,0.80105,22.08207,1,0.06728,0.11157,1.10982,0.00439,1,1,-0.00103,-0.06702,0.65514,0.49099,0.82401,19.79847,1,0.0769,0.05988,1.10083,0.00406,1,1,participant_10,question_13,Timer-Correct,True,Question
0.0,0,8,1,0.10285,0.09071,0,0.90312,0.83519,0.29053,2718,756.84155,1,0.11908,0.05746,-0.06286,-0.06068,0.63806,0.23731,0.8009,22.09029,1,0.08696,0.11607,1.10083,0.00435,1,1,-0.00103,-0.06702,0.65514,0.49097,0.82403,19.54002,1,0.11875,0.06534,1.10083,0.00415,1,1,participant_10,question_13,Timer-Correct,True,Question
0.0,0,8,1,0.11108,0.08453,0,0.90312,0.83519,0.29724,2718,756.84155,1,0.1189,0.05805,-0.06286,-0.06068,0.63806,0.2373,0.80072,21.65505,1,0.10966,0.11822,1.10083,0.00439,1,1,-0.00103,-0.06702,0.65514,0.49097,0.82402,19.50413,1,0.11251,0.05084,1.10083,0.00418,1,1,participant_10,question_13,Timer-Correct,True,Question
0.0,0,8,1,0.10883,0.0771,0,0.90312,0.83519,0.30353,2718,756.84155,1,0.11869,0.05845,-0.06286,-0.06068,0.63806,0.2373,0.80098,22.18051,1,0.10686,0.1114,1.10855,0.00442,1,1,-0.00114,-0.06772,0.66196,0.49083,0.82407,19.80917,1,0.11081,0.04279,1.10855,0.00409,1,1,participant_10,question_13,Timer-Correct,True,Question
0.0,0,8,1,0.10109,0.05757,0,0.90312,0.83519,0.31024,2718,756.84155,1,0.11832,0.05844,-0.06286,-0.06068,0.63806,0.23704,0.80082,21.68392,1,0.09492,0.07745,1.11626,0.00435,1,1,-0.00114,-0.06772,0.66196,0.49086,0.82412,20.01375,1,0.10727,0.03769,1.11626,0.00404,1,1,participant_10,question_13,Timer-Correct,True,Question
0.0,0,8,1,0.08952,0.04778,0,0.90312,0.83519,0.31726,2718,756.84155,1,0.11712,0.05892,-0.06286,-0.06068,0.63806,0.23689,0.80058,20.87929,1,0.08642,0.08119,1.12398,0.00441,1,1,-0.00114,-0.06772,0.66196,0.49082,0.82414,20.00704,1,0.09262,0.01437,1.12398,0.00406,1,1,participant_10,question_13,Timer-Correct,True,Question
0.0,0,8,1,0.08812,0.04446,0,0.90312,0.83519,0.32361,2718,756.84155,1,0.11691,0.05815,-0.06482,-0.06238,0.65641,0.2368,0.80062,20.62784,1,0.08355,0.07426,1.1317,0.00448,1,1,-0.00114,-0.0649,0.63439,0.49065,0.8239,19.50563,1,0.09269,0.01466,1.12371,0.00409,1,1,participant_10,question_13,Timer-Correct,True,Question
0.0,0,8,1,0.0827,0.05413,0,0.90312,0.83519,0.32361,2718,756.84155,0,0.092,0.06904,-0.06482,-0.06238,0.65641,0.23665,0.80077,20.99586,1,0.07782,0.0859,1.12371,0.00447,1,1,-0.00114,-0.0649,0.63439,0.49049,0.82392,19.95457,1,0.08758,0.02236,1.11572,0.00401,1,1,participant_10,question_13,Timer-Correct,True,Question
0.0,0,8,1,0.07628,0.05076,0,0.90312,0.83519,0.32361,2718,756.84155,0,0.08414,0.0599,-0.06482,-0.06238,0.65641,0.23659,0.80076,20.88701,1,0.06698,0.0871,1.11572,0.00448,1,1,-0.00114,-0.0649,0.63439,0.49051,0.82376,19.92018,1,0.08558,0.01442,1.10773,0.00399,1,1,participant_10,question_13,Timer-Correct,True,Question
0.0,0,8,1,0.08122,0.06628,0,0.90312,0.83519,0.32361,2718,756.84155,0,0.08317,0.06202,-0.0644,-0.06188,0.6517,0.23659,0.80066,20.98085,1,0.07312,0.10123,1.10002,0.00447,1,1,-0.00114,-0.0649,0.63439,0.49052,0.82379,20.12828,1,0.08931,0.03133,1.09203,0.00396,1,1,participant_10,question_13,Timer-Correct,True,Question
0.0,0,8,1,0.09971,0.0846,0,0.90312,0.83519,0.02008,2719,757.17188,1,0.0873,0.06767,-0.0644,-0.06188,0.6517,0.23653,0.80066,21.09367,1,0.10929,0.11925,1.08431,0.00445,1,1,-0.00114,-0.0649,0.63439,0.49051,0.82383,20.09636,1,0.09013,0.04996,1.08431,0.00397,1,1,participant_10,question_13,Timer-Correct,True,Question
0.0,0,8,1,0.09681,0.09423,0,0.90312,0.83519,0.02673,2719,757.17188,1,0.0892,0.07298,-0.0644,-0.06188,0.6517,0.2367,0.80085,21.88818,1,0.11059,0.13774,1.07659,0.0044,1,1,-0.00114,-0.0649,0.63439,0.49049,0.82378,20.15593,1,0.08303,0.05072,1.07659,0.00398,1,1,participant_10,question_13,Timer-Correct,True,Question
0.0,0,8,1,0.10036,0.10426,0,0.90312,0.83519,0.03369,2719,757.17188,1,0.09106,0.0782,-0.0626,-0.06011,0.63303,0.23668,0.80079,21.6429,1,0.11605,0.15069,1.06198,0.00443,1,1,-0.00124,-0.06766,0.66139,0.49044,0.82392,20.23746,1,0.08468,0.05783,1.06996,0.00399,1,1,participant_10,question_13,Timer-Correct,True,Question
0.0,0,8,1,0.12572,0.09709,0,0.90312,0.83519,0.04016,2719,757.17188,1,0.09601,0.08089,-0.0626,-0.06011,0.63303,0.23651,0.80081,21.84378,1,0.14048,0.13747,1.06306,0.00445,1,1,-0.00124,-0.06766,0.66139,0.49042,0.8238,20.04188,1,0.11096,0.05671,1.07105,0.00403,1,1,participant_10,question_13,Timer-Correct,True,Question
0.0,0,8,1,0.11974,0.10365,0,0.90312,0.83519,0.04681,2719,757.17188,1,0.09898,0.08374,-0.0626,-0.06011,0.63303,0.23652,0.80074,21.62686,1,0.1269,0.14881,1.06414,0.00447,1,1,-0.00124,-0.06766,0.66139,0.4905,0.82391,20.00591,1,0.11257,0.0585,1.07213,0.00411,1,1,participant_10,question_13,Timer-Correct,True,Question
0.0,0,8,1,0.11511,0.08834,0,0.90312,0.83519,0.05353,2719,757.17188,1,0.10077,0.08425,-0.0626,-0.06011,0.63303,0.23644,0.80106,22.45193,1,0.12119,0.1349,1.07985,0.00438,1,1,-0.00124,-0.06766,0.66139,0.49037,0.82388,20.26525,1,0.10902,0.04178,1.08784,0.004,1,1,participant_10,question_13,Timer-Correct,True,Question
0.0,0,8,1,0.09557,0.04048,0,0.90312,0.83519,0.06024,2719,757.17188,1,0.10025,0.07987,-0.0626,-0.06011,0.63303,0.23649,0.80104,22.55395,1,0.12224,0.04951,1.10246,0.0044,1,1,-0.00124,-0.06766,0.66139,0.49049,0.82386,20.18394,1,0.0689,0.03145,1.10246,0.00411,1,1,participant_10,question_13,Timer-Correct,True,Question
0.0,0,8,1,0.08534,0.03252,0,0.90312,0.83519,0.06683,2719,757.17188,1,0.0989,0.07557,-0.0626,-0.06011,0.63303,0.23654,0.80098,22.14435,1,0.11046,0.05224,1.11708,0.00445,1,1,-0.00124,-0.06766,0.66139,0.49033,0.82396,20.08981,1,0.06022,0.01279,1.11708,0.00401,1,1,participant_10,question_13,Timer-Correct,True,Question
0.0,0,8,1,0.08091,0.01785,0,0.90312,0.83519,0.07355,2719,757.17188,1,0.0974,0.07076,-0.06456,-0.06194,0.65181,0.23638,0.80093,22.09558,1,0.10529,0.03865,1.1317,0.00439,1,1,-0.00124,-0.06766,0.66139,0.49049,0.82398,19.86548,1,0.05653,-0.00294,1.1317,0.00413,1,1,participant_10,question_13,Timer-Correct,True,Other
0.0,0,8,1,0.07183,0.01015,0,0.90312,0.83519,0.08069,2719,757.17188,1,0.09543,0.0661,-0.06456,-0.06194,0.65181,0.23642,0.8009,21.86835,1,0.0731,0.01716,1.1317,0.00445,1,1,-0.00124,-0.06766,0.66139,0.49051,0.8238,20.0521,1,0.07056,0.00313,1.1317,0.00399,1,1,participant_10,question_13,Timer-Correct,True,Other
0.0,0,8,1,0.10768,0.01741,0,0.90312,0.83519,0.08746,2719,757.17188,1,0.09631,0.06262,-0.06456,-0.06194,0.65181,0.23682,0.80077,21.43904,1,0.12427,0.02143,1.1317,0.00448,1,1,-0.00124,-0.06766,0.66139,0.49093,0.82406,19.83643,1,0.0911,0.0134,1.1317,0.00404,1,1,participant_10,question_13,Timer-Correct,True,Other
0.0,0,8,1,0.10768,0.01741,0,0.90312,0.83519,0.09369,2719,757.17188,1,0.09706,0.05961,-0.06457,-0.06227,0.65583,0.23709,0.80061,20.63495,1,0.12427,0.02143,1.1317,0.00462,1,1,-0.00085,-0.06785,0.66326,0.49144,0.82394,20.34301,1,0.0911,0.0134,1.1317,0.00406,1,1,participant_10,question_13,Timer-Correct,True,Other
0.0,0,8,1,0.20631,0.02532,0,0.90312,0.83519,0.09998,2719,757.17188,1,0.10389,0.05746,-0.06457,-0.06227,0.65583,0.24008,0.79975,20.07629,1,0.19954,0.07168,1.1317,0.00473,1,1,-0.00085,-0.06785,0.66326,0.49445,0.82312,19.18758,1,0.21307,-0.02105,1.1317,0.00428,1,1,participant_10,question_13,Timer-Correct,True,Question
0.0,0,8,1,0.27364,0.0077,0,0.90312,0.83519,0.10675,2719,757.17188,1,0.11388,0.05453,-0.06457,-0.06227,0.65583,0.24221,0.79928,19.97896,1,0.26221,0.02919,1.1317,0.00472,1,1,-0.00085,-0.06785,0.66326,0.49652,0.82303,19.27782,1,0.28507,-0.01378,1.1317,0.00415,1,1,participant_10,question_13,Timer-Correct,True,Other
0.0,0,8,1,0.27449,0.01066,0,0.90312,0.83519,0.11359,2719,757.17188,1,0.1228,0.0521,-0.06149,-0.06017,0.63475,0.24329,0.79968,21.22319,1,0.26402,0.03644,1.12398,0.00469,1,1,0.0001,-0.06947,0.68111,0.49786,0.82283,20.10684,1,0.28496,-0.01511,1.13297,0.00399,1,1,participant_10,question_13,Timer-Correct,True,Other
0.0,0,8,1,0.41888,0.01509,0,0.90312,0.83519,0.11359,2719,757.17188,0,0.1631,0.03222,-0.06149,-0.06017,0.63475,0.24651,0.79907,20.48636,1,0.41659,0.03121,1.12525,0.00464,1,1,0.0001,-0.06947,0.68111,0.50032,0.82283,20.0286,1,0.42116,-0.00103,1.13424,0.0041,1,1,participant_10,question_13,Timer-Correct,True,Other
0.0,0,8,1,0.4523,0.01165,0,0.90312,0.83519,0.11359,2719,757.17188,0,0.3077,0.02193,-0.06149,-0.06017,0.63475,0.24708,0.79908,20.60223,1,0.46025,0.02382,1.12652,0.00472,1,1,0.0001,-0.06947,0.68111,0.50055,0.82296,19.9287,1,0.44434,-0.00053,1.13551,0.00423,1,1,participant_10,question_13,Timer-Correct,True,Other
0.0,0,8,1,0.45204,0.0029,0,0.90312,0.83519,0.11359,2719,757.17188,0,0.35581,0.01559,-0.06312,-0.06196,0.65408,0.24752,0.79904,20.80672,1,0.45948,0.01528,1.13551,0.00476,1,1,0.00031,-0.06947,0.67956,0.50088,0.82295,20.05921,1,0.44459,-0.00949,1.1445,0.00422,1,1,participant_10,question_13,Timer-Correct,True,Other
0.0,0,8,1,0.44015,-0.00939,0,0.90312,0.83519,0.11359,2719,757.17188,0,0.44816,0.00172,-0.06312,-0.06196,0.65408,0.24747,0.79899,20.56461,1,0.45285,-0.00707,1.15221,0.00471,1,1,0.00031,-0.06947,0.67956,0.50069,0.82294,19.88839,1,0.42745,-0.01172,1.15221,0.00423,1,1,participant_10,question_13,Timer-Correct,True,Other
0.0,0,8,1,0.42976,0.00363,0,0.90312,0.83519,0.11359,2719,757.17188,0,0.43896,0.00267,-0.06312,-0.06196,0.65408,0.24723,0.799,20.87762,1,0.4406,9e-05,1.15993,0.00464,1,1,0.00031,-0.06947,0.67956,0.50072,0.82291,20.02213,1,0.41891,0.00717,1.15993,0.00415,1,1,participant_10,question_13,Timer-Correct,True,Other
0.0,0,8,1,0.429,-0.00771,0,0.90312,0.83519,0.11359,2719,757.17188,0,0.43564,-0.00079,-0.06506,-0.06381,0.67366,0.24712,0.79916,20.83764,1,0.43902,-0.01537,1.17632,0.00472,1,1,0.00034,-0.06711,0.65653,0.50061,0.82288,19.95559,1,0.41898,-5e-05,1.16734,0.0041,1,1,participant_10,question_13,Timer-Correct,True,Other
0.0,0,8,1,0.40811,-0.0333,0,0.90312,0.83519,0.02057,2720,757.3125,1,0.42876,-0.00892,-0.06506,-0.06381,0.67366,0.24704,0.79922,20.89884,1,0.42836,-0.0224,1.17602,0.0047,1,1,0.00034,-0.06711,0.65653,0.50054,0.82293,19.96203,1,0.38787,-0.04421,1.16703,0.00409,1,1,participant_10,question_13,Timer-Correct,True,Other
0.0,0,8,1,0.40625,-0.00713,0,0.90312,0.83519,0.02679,2720,757.3125,1,0.42426,-0.00856,-0.06506,-0.06381,0.67366,0.24693,0.7991,20.70386,1,0.42396,0.03591,1.17571,0.0047,1,1,0.00034,-0.06711,0.65653,0.50052,0.82292,19.9413,1,0.38854,-0.05017,1.16672,0.00409,1,1,participant_10,question_13,Timer-Correct,True,Other
0.0,0,8,1,0.40627,-0.00684,0,0.90312,0.83519,0.03357,2720,757.3125,1,0.42126,-0.00827,-0.06506,-0.06381,0.67366,0.24687,0.79918,20.70075,1,0.42399,0.03618,1.17541,0.00464,1,1,0.00034,-0.06586,0.64476,0.50054,0.82287,20.07682,1,0.38855,-0.04986,1.16642,0.00412,1,1,participant_10,question_13,Timer-Correct,True,Other
0.0,0,8,1,0.40773,-0.00335,0,0.90312,0.83519,0.04034,2720,757.3125,1,0.41932,-0.00757,-0.06506,-0.06381,0.67366,0.24686,0.79906,20.91035,1,0.42465,0.04624,1.16642,0.00465,1,1,0.00034,-0.06586,0.64476,0.50056,0.82279,20.16333,1,0.3908,-0.05295,1.16642,0.0041,1,1,participant_10,question_13,Timer-Correct,True,Other
0.0,0,8,1,0.40501,-0.01666,0,0.90312,0.83519,0.04694,2720,757.3125,1,0.41753,-0.00871,-0.06506,-0.06381,0.67366,0.24684,0.79908,21.02092,1,0.42185,0.02828,1.16642,0.00465,1,1,0.00034,-0.06586,0.64476,0.50061,0.82276,20.21726,1,0.38816,-0.06161,1.16642,0.00407,1,1,participant_10,question_13,Timer-Correct,True,Other
0.0,0,8,1,0.40558,-0.00408,0,0.90312,0.83519,0.05365,2720,757.3125,1,0.41621,-0.00819,-0.06356,-0.06239,0.65865,0.24679,0.79909,20.99355,1,0.42281,0.03621,1.15774,0.00465,1,1,0.00038,-0.0645,0.63188,0.50064,0.82275,20.34574,1,0.38835,-0.04436,1.14975,0.00408,1,1,participant_10,question_13,Timer-Correct,True,Other
0.0,0,8,1,0.40961,0.0346,0,0.90312,0.83519,0.06036,2720,757.3125,1,0.41555,-0.00391,-0.06356,-0.06239,0.65865,0.24685,0.79904,20.95136,1,0.42303,0.03312,1.14107,0.00468,1,1,0.00038,-0.0645,0.63188,0.50064,0.82274,20.30309,1,0.39618,0.03608,1.13308,0.00408,1,1,participant_10,question_13,Timer-Correct,True,Question
0.0,0,8,1,0.40693,0.05878,0,0.90312,0.83519,0.06714,2720,757.3125,1,0.41476,0.00179,-0.06356,-0.06239,0.65865,0.24679,0.79904,21.09724,1,0.42037,0.06503,1.1244,0.00469,1,1,0.00038,-0.0645,0.63188,0.50067,0.82264,20.17509,1,0.39349,0.05253,1.11641,0.0041,1,1,participant_10,question_13,Timer-Correct,True,Question
0.0,0,8,1,0.40743,0.06633,0,0.90312,0.83519,0.07373,2720,757.3125,1,0.41415,0.00716,-0.06527,-0.06397,0.67584,0.24681,0.79904,21.0938,1,0.42129,0.07233,1.11641,0.00469,1,1,0.00038,-0.06492,0.63642,0.50081,0.82248,20.04705,1,0.39357,0.06032,1.10842,0.00407,1,1,participant_10,question_13,Timer-Correct,True,Question
0.0,0,8,1,0.41988,0.05369,0,0.90312,0.83519,0.08038,2720,757.3125,1,0.41459,0.01074,-0.06527,-0.06397,0.67584,0.24682,0.79902,21.38748,1,0.45026,0.06627,1.1171,0.00467,1,1,0.00038,-0.06492,0.63642,0.50076,0.82257,20.29377,1,0.38949,0.0411,1.1171,0.00406,1,1,participant_10,question_13,Timer-Correct,True,Question
0.0,0,8,1,0.42473,0.03205,0,0.90312,0.83519,0.08679,2720,757.3125,1,0.41532,0.01227,-0.06527,-0.06397,0.67584,0.24669,0.79899,21.44234,1,0.44853,0.05535,1.12578,0.00467,1,1,0.00038,-0.06492,0.63642,0.50072,0.82256,20.16322,1,0.40094,0.00875,1.12578,0.0041,1,1,participant_10,question_13,Timer-Correct,True,Question
0.0,0,8,1,0.42431,0.02368,0,0.90312,0.83519,0.09338,2720,757.3125,1,0.41592,0.01303,-0.06527,-0.06397,0.67584,0.24666,0.79896,21.27612,1,0.44771,0.04734,1.13447,0.00468,1,1,0.00038,-0.06492,0.63642,0.50079,0.82249,20.07295,1,0.40091,2e-05,1.13447,0.00409,1,1,participant_10,question_13,Timer-Correct,True,Other
0.0,0,8,1,0.41155,0.01625,0,0.90312,0.83519,0.09998,2720,757.3125,1,0.41564,0.01323,-0.06527,-0.06397,0.67584,0.24662,0.79895,21.33025,1,0.43028,0.0411,1.13447,0.00471,1,1,0.00038,-0.06492,0.63642,0.50069,0.82241,19.87767,1,0.39282,-0.0086,1.13447,0.00414,1,1,participant_10,question_13,Timer-Correct,True,Other
0.0,0,8,1,0.40817,0.02397,0,0.90312,0.83519,0.10706,2720,757.3125,1,0.4152,0.01386,-0.06527,-0.06397,0.67584,0.24664,0.79897,21.51136,1,0.42778,0.03184,1.13447,0.00469,1,1,0.00038,-0.06492,0.63642,0.50072,0.82234,19.71051,1,0.38857,0.0161,1.13447,0.00415,1,1,participant_10,question_13,Timer-Correct,True,Other
0.0,0,8,1,0.4087,0.03235,0,0.90312,0.83519,0.11493,2720,757.3125,1,0.41484,0.01489,-0.06302,-0.06177,0.65205,0.2466,0.79888,21.39601,1,0.42873,0.03997,1.12578,0.0047,1,1,0.00038,-0.06492,0.63642,0.50069,0.82232,19.97352,1,0.38868,0.02473,1.12578,0.00413,1,1,participant_10,question_13,Timer-Correct,True,Question
0.0,0,8,1,0.40667,0.02978,0,0.90312,0.83519,0.12048,2720,757.3125,1,0.41441,0.01567,-0.06302,-0.06177,0.65205,0.2464,0.7988,21.4376,1,0.42048,0.03726,1.1171,0.00473,1,1,0.00038,-0.06492,0.63642,0.50065,0.82228,19.85828,1,0.39287,0.0223,1.1171,0.00416,1,1,participant_10,question_13,Timer-Correct,True,Question
0.0,0,8,1,0.39649,0.03964,0,0.90312,0.83519,0.12689,2720,757.3125,1,0.41352,0.01687,-0.06302,-0.06177,0.65205,0.24641,0.79878,21.47375,1,0.41128,0.04754,1.10842,0.00473,1,1,0.00038,-0.06492,0.63642,0.50058,0.82229,19.77256,1,0.38171,0.03174,1.10842,0.00422,1,1,participant_10,question_13,Timer-Correct,True,Question
0.0,0,8,1,0.39696,0.03957,0,0.90312,0.83519,0.13379,2720,757.3125,1,0.41273,0.01795,-0.06414,-0.06272,0.66263,0.24637,0.79883,21.5435,1,0.41236,0.05573,1.09974,0.00473,1,1,0.0003,-0.0691,0.67746,0.50055,0.82229,19.8772,1,0.38155,0.02341,1.11672,0.00422,1,1,participant_10,question_13,Timer-Correct,True,Question
0.0,0,8,1,0.42213,0.01177,0,0.90312,0.83519,0.14038,2720,757.3125,1,0.41316,0.01767,-0.06414,-0.06272,0.66263,0.24623,0.79877,21.46261,1,0.42835,0.03046,1.11672,0.00472,1,1,0.0003,-0.0691,0.67746,0.50049,0.82225,19.92511,1,0.41592,-0.00693,1.13369,0.00425,1,1,participant_10,question_13,Timer-Correct,True,Other
0.0,0,8,1,0.41091,0.02551,0,0.90312,0.83519,0.1474,2720,757.3125,1,0.41306,0.01801,-0.06414,-0.06272,0.66263,0.24607,0.79881,21.46068,1,0.42608,0.07746,1.13369,0.00478,1,1,0.0003,-0.0691,0.67746,0.50034,0.82223,20.24129,1,0.39573,-0.02644,1.15067,0.00423,1,1,participant_10,question_13,Timer-Correct,True,Question
0.0,0,8,1,0.4094,0.00097,0,0.90312,0.83519,0.15411,2720,757.3125,1,0.41291,0.0173,-0.06605,-0.06453,0.6818,0.24604,0.79863,21.21742,1,0.42324,0.05446,1.15935,0.00478,1,1,0.0003,-0.0691,0.67746,0.50025,0.82214,20.36113,1,0.39556,-0.05252,1.17632,0.00419,1,1,participant_10,question_13,Timer-Correct,True,Other
0.0,0,8,1,0.41292,-0.0577,0,0.90312,0.83519,0.16113,2720,757.3125,1,0.41291,0.0143,-0.06605,-0.06453,0.6818,0.24606,0.79867,21.6724,1,0.43522,-0.04067,1.18501,0.00474,1,1,0.0003,-0.0691,0.67746,0.5001,0.82209,20.26958,1,0.39061,-0.07473,1.18501,0.0042,1,1,participant_10,question_13,Timer-Correct,True,Other
0.0,0,8,1,0.40502,-0.03609,0,0.90312,0.83519,0.16791,2720,757.3125,1,0.4126,0.01236,-0.06605,-0.06453,0.6818,0.24595,0.79865,21.66033,1,0.42918,0.02221,1.19369,0.00478,1,1,0.0003,-0.0691,0.67746,0.50011,0.82212,20.16857,1,0.38086,-0.0944,1.19369,0.00421,1,1,participant_10,question_13,Timer-Correct,True,Other
0.0,0,8,1,0.40509,-0.03142,0,0.90312,0.83519,0.17548,2720,757.3125,1,0.41232,0.01074,-0.06387,-0.0623,0.65877,0.24585,0.79883,21.93954,1,0.42918,0.02221,1.19369,0.00476,1,1,0.00025,-0.06738,0.66055,0.5001,0.82208,20.0791,1,0.381,-0.08504,1.1847,0.00422,1,1,participant_10,question_13,Timer-Correct,True,Other
0.0,0,8,1,0.40847,-0.0451,0,0.90312,0.83519,0.18097,2720,757.3125,1,0.41219,0.00875,-0.06387,-0.0623,0.65877,0.24578,0.79872,21.81432,1,0.41602,-0.02488,1.17602,0.00479,1,1,0.00025,-0.06738,0.66055,0.49999,0.8221,20.17872,1,0.40093,-0.06531,1.16703,0.00423,1,1,participant_10,question_13,Timer-Correct,True,Other
0.0,0,8,1,0.40277,-0.03649,0,0.90312,0.83519,0.18756,2720,757.3125,1,0.41186,0.00719,-0.06387,-0.0623,0.65877,0.24559,0.7986,21.31066,1,0.41246,-0.01497,1.15835,0.00484,1,1,0.00025,-0.06738,0.66055,0.49999,0.8221,20.17872,1,0.39307,-0.05801,1.14936,0.00423,1,1,participant_10,question_13,Timer-Correct,True,Other
0.0,0,8,1,0.40388,-0.0188,0,0.90312,0.83519,0.19427,2720,757.3125,1,0.4116,0.00632,-0.06386,-0.0622,0.65771,0.24556,0.79863,21.50417,1,0.41454,0.00194,1.14068,0.00477,1,1,0.00015,-0.06883,0.67531,0.49993,0.82203,20.24389,1,0.39322,-0.03953,1.1317,0.0042,1,1,participant_10,question_13,Timer-Correct,True,Other
0.0,0,8,1,0.40954,-0.00915,0,0.90312,0.83519,0.20111,2720,757.3125,1,0.41153,0.00582,-0.06386,-0.0622,0.65771,0.24544,0.79865,21.56507,1,0.43007,0.01368,1.1317,0.00484,1,1,0.00015,-0.06883,0.67531,0.49978,0.82199,20.40286,1,0.38901,-0.03198,1.1317,0.00427,1,1,participant_10,question_13,Timer-Correct,True,Other
0.0,0,8,1,0.41477,-0.0051,0,0.90312,0.83519,0.20782,2720,757.3125,1,0.41163,0.00548,-0.06386,-0.0622,0.65771,0.24536,0.79872,21.80464,1,0.42213,0.00612,1.1317,0.00482,1,1,0.00015,-0.06883,0.67531,0.49973,0.82204,20.37333,1,0.40741,-0.01632,1.1317,0.00433,1,1,participant_10,question_13,Timer-Correct,True,Other
0.0,0,8,1,0.41477,-0.0097,0,0.90312,0.83519,0.21442,2720,757.3125,1,0.41173,0.00502,-0.06375,-0.06204,0.65548,0.24541,0.7986,21.60435,1,0.42213,0.00612,1.1317,0.00484,1,1,0.0001,-0.06942,0.68112,0.49977,0.82184,20.29072,1,0.40742,-0.02551,1.14068,0.00426,1,1,participant_10,question_13,Timer-Correct,True,Other
0.0,0,8,1,0.41609,-0.02277,0,0.90312,0.83519,0.22119,2720,757.3125,1,0.41185,0.0042,-0.06375,-0.06204,0.65548,0.24523,0.79853,21.59855,1,0.43368,0.00697,1.14068,0.00485,1,1,0.0001,-0.06942,0.68112,0.4994,0.82184,20.08765,1,0.3985,-0.0525,1.14967,0.00428,1,1,participant_10,question_13,Timer-Correct,True,Other
0.0,0,8,1,0.40842,-0.01891,0,0.90312,0.83519,0.22119,2720,757.3125,0,0.40926,-0.02419,-0.06375,-0.06204,0.65548,0.24509,0.79857,21.66718,1,0.427,-0.01084,1.14967,0.00481,1,1,0.0001,-0.06942,0.68112,0.49946,0.82184,20.29654,1,0.38985,-0.02698,1.15866,0.00418,1,1,participant_10,question_13,Timer-Correct,True,Other
0.0,0,8,1,0.40794,-0.02323,0,0.90312,0.83519,0.22119,2720,757.3125,0,0.4086,-0.02371,-0.06399,-0.06223,0.65797,0.24502,0.79868,21.62154,1,0.42603,-0.01948,1.15866,0.00482,1,1,5e-05,-0.06688,0.65614,0.4995,0.82159,20.06047,1,0.38985,-0.02698,1.15866,0.00421,1,1,participant_10,question_13,Timer-Correct,True,Other
0.0,0,8,1,0.3986,0.01482,0,0.90312,0.83519,0.22119,2720,757.3125,0,0.40527,-0.01087,-0.06399,-0.06223,0.65797,0.24499,0.79862,21.61888,1,0.41805,-0.02618,1.15866,0.00482,1,1,5e-05,-0.06688,0.65614,0.49943,0.82159,20.20871,1,0.37916,0.05581,1.14967,0.00423,1,1,participant_10,question_13,Timer-Correct,True,Other
0.0,0,8,1,0.4076,0.03022,0,0.90312,0.83519,0.02002,2721,757.54034,1,0.40585,-0.0006,-0.06399,-0.06223,0.65797,0.24492,0.79854,21.90421,1,0.40844,-0.00569,1.14967,0.00482,1,1,5e-05,-0.06688,0.65614,0.49939,0.82162,20.20638,1,0.40675,0.06612,1.14068,0.00426,1,1,participant_10,question_13,Timer-Correct,True,Question
0.0,0,8,1,0.40814,0.03451,0,0.90312,0.83519,0.02667,2721,757.54034,1,0.40631,0.00643,-0.06375,-0.0619,0.65449,0.24482,0.79863,21.98843,1,0.40953,0.0029,1.14068,0.00478,1,1,-0.0,-0.06829,0.67098,0.49935,0.82166,20.42499,1,0.40675,0.06612,1.14068,0.00423,1,1,participant_10,question_13,Timer-Correct,True,Question
0.0,0,8,1,0.39814,0.02237,0,0.90312,0.83519,0.03326,2721,757.54034,1,0.40495,0.00908,-0.06375,-0.0619,0.65449,0.24466,0.79861,21.76697,1,0.40403,0.00367,1.14068,0.00483,1,1,-0.0,-0.06829,0.67098,0.49936,0.82165,20.37403,1,0.39226,0.04107,1.14967,0.00429,1,1,participant_10,question_13,Timer-Correct,True,Other
0.0,0,8,1,0.39448,0.00246,0,0.90312,0.83519,0.0401,2721,757.54034,1,0.40345,0.00814,-0.06375,-0.0619,0.65449,0.24453,0.79861,21.7158,1,0.39817,-0.0273,1.14967,0.00482,1,1,-0.0,-0.06829,0.67098,0.49924,0.82167,20.43382,1,0.39079,0.03222,1.15866,0.00426,1,1,participant_10,question_13,Timer-Correct,True,Other
0.0,0,8,1,0.3939,-0.00192,0,0.90312,0.83519,0.04681,2721,757.54034,1,0.40226,0.00688,-0.06371,-0.06192,0.65416,0.24458,0.79855,21.844,1,0.39701,-0.03606,1.15866,0.00479,1,1,-5e-05,-0.06678,0.65615,0.49919,0.82158,20.36892,1,0.39079,0.03222,1.15866,0.00425,1,1,participant_10,question_13,Timer-Correct,True,Other
0.0,0,8,1,0.39836,0.01129,0,0.90312,0.83519,0.05347,2721,757.54034,1,0.40183,0.00737,-0.06371,-0.06192,0.65416,0.24456,0.79851,21.49505,1,0.41555,-0.01523,1.15866,0.0049,1,1,-5e-05,-0.06678,0.65615,0.49914,0.82152,20.63988,1,0.38116,0.03781,1.14967,0.00419,1,1,participant_10,question_13,Timer-Correct,True,Other
0.0,0,8,1,0.41446,0.01633,0,0.90312,0.83519,0.06024,2721,757.54034,1,0.40309,0.00827,-0.06371,-0.06192,0.65416,0.24451,0.79855,21.51562,1,0.41829,-0.01889,1.14967,0.0049,1,1,-5e-05,-0.06678,0.65615,0.49915,0.82152,20.53579,1,0.41063,0.05155,1.14068,0.00417,1,1,participant_10,question_13,Timer-Correct,True,Other
0.0,0,8,1,0.41497,0.02068,0,0.90312,0.83519,0.06683,2721,757.54034,1,0.40417,0.0094,-0.0645,-0.06258,0.66118,0.24437,0.79866,21.87678,1,0.41931,-0.01019,1.14068,0.00485,1,1,-0.0001,-0.06932,0.68113,0.49916,0.82157,20.38631,1,0.41063,0.05155,1.14068,0.00417,1,1,participant_10,question_13,Timer-Correct,True,Other
0.0,0,8,1,0.42214,0.03232,0,0.90312,0.83519,0.07367,2721,757.54034,1,0.40567,0.01131,-0.0645,-0.06258,0.66118,0.24429,0.79873,21.82543,1,0.43776,0.01449,1.14068,0.00481,1,1,-0.0001,-0.06932,0.68113,0.49901,0.82169,20.26046,1,0.40651,0.05015,1.14967,0.00427,1,1,participant_10,question_13,Timer-Correct,True,Question
0.0,0,8,1,0.42244,-0.04973,0,0.90312,0.83519,0.08038,2721,757.54034,1,0.40696,0.00661,-0.0645,-0.06258,0.66118,0.24428,0.79873,21.77408,1,0.43737,-0.00249,1.14967,0.00481,1,1,-0.0001,-0.06932,0.68113,0.49893,0.82172,20.20594,1,0.40751,-0.09697,1.15866,0.00426,1,1,participant_10,question_13,Timer-Correct,True,Other
0.0,0,8,1,0.42199,-0.05402,0,0.90312,0.83519,0.08698,2721,757.54034,1,0.40803,0.00228,-0.0645,-0.06258,0.66118,0.24432,0.79861,21.46673,1,0.43647,-0.01106,1.15866,0.00482,1,1,-0.00015,-0.06756,0.66335,0.49905,0.82181,20.17633,1,0.40751,-0.09697,1.15866,0.00427,1,1,participant_10,question_13,Timer-Correct,True,Other
0.0,0,8,1,0.41581,-0.01156,0,0.90312,0.83519,0.09375,2721,757.54034,1,0.40855,0.00136,-0.0645,-0.06258,0.66118,0.24429,0.79867,21.44597,1,0.43232,0.01671,1.15866,0.00484,1,1,-0.00015,-0.06756,0.66335,0.49885,0.82195,20.40474,1,0.39929,-0.03983,1.14967,0.00424,1,1,participant_10,question_13,Timer-Correct,True,Other
0.0,0,8,1,0.41085,0.00078,0,0.90312,0.83519,0.1004,2721,757.54034,1,0.40869,0.00132,-0.0645,-0.06258,0.66118,0.24412,0.79881,21.31517,1,0.42616,0.032,1.14967,0.00489,1,1,-0.00015,-0.06756,0.66335,0.49883,0.82201,20.30461,1,0.39554,-0.03043,1.14068,0.00427,1,1,participant_10,question_13,Timer-Correct,True,Other
0.0,0,8,1,0.41087,0.00108,0,0.90312,0.83519,0.10712,2721,757.54034,1,0.40882,0.00131,-0.06623,-0.06421,0.67836,0.24414,0.79885,21.31511,1,0.42619,0.03228,1.14936,0.00491,1,1,-0.00015,-0.06761,0.66334,0.49873,0.8221,20.30754,1,0.39554,-0.03012,1.14038,0.00433,1,1,participant_10,question_13,Timer-Correct,True,Other
0.0,0,8,1,0.40213,0.01647,0,0.90312,0.83519,0.11383,2721,757.54034,1,0.40845,0.00215,-0.06623,-0.06421,0.67836,0.24401,0.79894,21.14964,1,0.41536,0.0513,1.14906,0.00489,1,1,-0.00015,-0.06761,0.66334,0.49869,0.82211,20.06363,1,0.38891,-0.01836,1.14906,0.00437,1,1,participant_10,question_13,Timer-Correct,True,Other
0.0,0,8,1,0.39685,0.02135,0,0.90312,0.83519,0.12115,2721,757.54034,1,0.40784,0.00316,-0.06623,-0.06421,0.67836,0.24395,0.79912,21.32151,1,0.40983,0.06372,1.15774,0.00488,1,1,-0.00015,-0.06761,0.66334,0.49873,0.8221,20.08132,1,0.38388,-0.02101,1.15774,0.00435,1,1,participant_10,question_13,Timer-Correct,True,Other
0.0,0,8,1,0.39627,0.01312,0,0.90312,0.83519,0.1272,2721,757.54034,1,0.40726,0.00366,-0.06623,-0.06421,0.67836,0.24404,0.79901,21.10132,1,0.40878,0.056,1.16642,0.00484,1,1,-0.00015,-0.06662,0.65314,0.49869,0.82211,20.06363,1,0.38375,-0.02976,1.16642,0.00437,1,1,participant_10,question_13,Timer-Correct,True,Other
0.0,0,8,1,0.40102,0.01528,0,0.90312,0.83519,0.13403,2721,757.54034,1,0.40696,0.00421,-0.06623,-0.06421,0.67836,0.24388,0.79933,21.99199,1,0.39463,0.06597,1.16642,0.00485,1,1,-0.00015,-0.06662,0.65314,0.49851,0.82223,20.19808,1,0.40742,-0.03542,1.16642,0.00428,1,1,participant_10,question_13,Timer-Correct,True,Other
0.0,0,8,1,0.38867,0.01018,0,0.90312,0.83519,0.14075,2721,757.54034,1,0.40613,0.00448,-0.06623,-0.06421,0.67836,0.2438,0.7993,21.81101,1,0.38687,0.04979,1.16642,0.00485,1,1,-0.00015,-0.06662,0.65314,0.49834,0.8222,20.14352,1,0.39048,-0.02943,1.16642,0.00431,1,1,participant_10,question_13,Timer-Correct,True,Other
0.0,0,8,1,0.38872,0.0142,0,0.90312,0.83519,0.14734,2721,757.54034,1,0.40537,0.00491,-0.06545,-0.06351,0.66944,0.24385,0.79935,22.25679,1,0.38687,0.04979,1.16642,0.00476,1,1,-0.00019,-0.0658,0.64511,0.49834,0.8222,20.14352,1,0.39056,-0.0214,1.15843,0.00431,1,1,participant_10,question_13,Timer-Correct,True,Other
0.0,0,8,1,0.38913,0.03151,0,0.90312,0.83519,0.15405,2721,757.54034,1,0.4047,0.00601,-0.06545,-0.06351,0.66944,0.24377,0.79938,22.19522,1,0.38634,0.06911,1.15843,0.00478,1,1,-0.00019,-0.0658,0.64511,0.49824,0.82217,20.00765,1,0.39192,-0.00609,1.15044,0.00433,1,1,participant_10,question_13,Timer-Correct,True,Question
0.0,0,8,1,0.39172,0.0023,0,0.90312,0.83519,0.16071,2721,757.54034,1,0.40418,0.00586,-0.06545,-0.06351,0.66944,0.24371,0.7994,22.09948,1,0.39236,0.00964,1.15044,0.00481,1,1,-0.00019,-0.0658,0.64511,0.49828,0.82217,20.02623,1,0.39107,-0.00505,1.14245,0.00429,1,1,participant_10,question_13,Timer-Correct,True,Other
0.0,0,8,1,0.39288,0.01451,0,0.90312,0.83519,0.1673,2721,757.54034,1,0.40374,0.0062,-0.06516,-0.06318,0.66594,0.24367,0.79943,21.91515,1,0.39459,0.02534,1.13377,0.00483,1,1,-0.00025,-0.06814,0.66756,0.49824,0.82235,20.32847,1,0.39116,0.00367,1.13377,0.00424,1,1,participant_10,question_13,Timer-Correct,True,Other
0.0,0,8,1,0.40771,0.00827,0,0.90312,0.83519,0.17395,2721,757.54034,1,0.40389,0.00627,-0.06516,-0.06318,0.66594,0.24358,0.7994,21.87352,1,0.4344,0.00789,1.12509,0.00486,1,1,-0.00025,-0.06814,0.66756,0.49817,0.82247,20.50568,1,0.38102,0.00864,1.13308,0.00425,1,1,participant_10,question_13,Timer-Correct,True,Other
0.0,0,8,1,0.42206,0.01762,0,0.90312,0.83519,0.18066,2721,757.54034,1,0.40454,0.00668,-0.06516,-0.06318,0.66594,0.24356,0.79942,21.89862,1,0.43848,0.01082,1.1244,0.00482,1,1,-0.00025,-0.06814,0.66756,0.49831,0.82251,20.87801,1,0.40565,0.02442,1.13239,0.00423,1,1,participant_10,question_13,Timer-Correct,True,Other
0.0,0,8,1,0.4221,0.02223,0,0.90312,0.83519,0.18744,2721,757.54034,1,0.40515,0.00722,-0.06516,-0.06318,0.66594,0.24349,0.79959,22.12571,1,0.43855,0.01149,1.12371,0.00485,1,1,-0.00029,-0.06533,0.64,0.49816,0.82252,20.89836,1,0.40565,0.03297,1.12371,0.0042,1,1,participant_10,question_13,Timer-Correct,True,Other
0.0,0,8,1,0.41355,0.03527,0,0.90312,0.83519,0.19409,2721,757.54034,1,0.40543,0.00815,-0.06516,-0.06318,0.66594,0.24346,0.79962,22.05055,1,0.43049,0.01097,1.12371,0.00481,1,1,-0.00029,-0.06533,0.64,0.49816,0.82252,20.89836,1,0.39662,0.05958,1.11572,0.0042,1,1,participant_10,question_13,Timer-Correct,True,Question
0.0,0,8,1,0.40906,0.04343,0,0.90312,0.83519,0.20093,2721,757.54034,1,0.40554,0.00929,-0.06516,-0.06318,0.66594,0.24342,0.79965,21.81124,1,0.42271,0.0193,1.11572,0.00483,1,1,-0.00029,-0.06533,0.64,0.498,0.82258,20.82335,1,0.39541,0.06756,1.10773,0.00426,1,1,participant_10,question_13,Timer-Correct,True,Question
0.0,0,8,1,0.40952,0.04727,0,0.90312,0.83519,0.20758,2721,757.54034,1,0.40567,0.01048,-0.06467,-0.06276,0.66093,0.24345,0.79961,21.74032,1,0.42363,0.02699,1.10773,0.0048,1,1,-0.00034,-0.06702,0.65654,0.498,0.82258,20.82335,1,0.39541,0.06756,1.10773,0.00426,1,1,participant_10,question_13,Timer-Correct,True,Question
0.0,0,8,1,0.40218,0.04875,0,0.90312,0.83519,0.21399,2721,757.54034,1,0.40556,0.01164,-0.06467,-0.06276,0.66093,0.24346,0.79958,21.56344,1,0.41263,0.03326,1.10773,0.00482,1,1,-0.00034,-0.06702,0.65654,0.49799,0.82261,20.7412,1,0.39174,0.06424,1.11572,0.00428,1,1,participant_10,question_13,Timer-Correct,True,Question
0.0,0,8,1,0.39923,0.05546,0,0.90312,0.83519,0.22095,2721,757.54034,1,0.40538,0.01292,-0.06467,-0.06276,0.66093,0.24336,0.7997,21.44741,1,0.41433,0.04108,1.11572,0.00487,1,1,-0.00034,-0.06702,0.65654,0.49797,0.8226,20.66845,1,0.38413,0.06984,1.12371,0.00429,1,1,participant_10,question_13,Timer-Correct,True,Question
0.0,0,8,1,0.39808,0.03964,0,0.90312,0.83519,0.22766,2721,757.54034,1,0.40517,0.01369,-0.06633,-0.06431,0.6773,0.24336,0.79967,21.35606,1,0.41231,0.02536,1.13239,0.00486,1,1,-0.00034,-0.06684,0.65431,0.49793,0.82265,20.78468,1,0.38385,0.05391,1.14038,0.00425,1,1,participant_10,question_13,Timer-Correct,True,Question
0.0,0,8,1,0.39248,0.00754,0,0.90312,0.83519,0.23517,2721,757.54034,1,0.40481,0.01352,-0.06633,-0.06431,0.6773,0.24315,0.79976,21.4236,1,0.40652,0.0162,1.14906,0.00488,1,1,-0.00034,-0.06684,0.65431,0.49787,0.82264,20.59403,1,0.37844,-0.00113,1.14906,0.00425,1,1,participant_10,question_13,Timer-Correct,True,Other
0.0,0,8,1,0.39628,0.02,0,0.90312,0.83519,0.2428,2721,757.54034,1,0.40458,0.01369,-0.06633,-0.06431,0.6773,0.24315,0.79978,21.34972,1,0.40538,0.01748,1.15774,0.00487,1,1,-0.00034,-0.06684,0.65431,0.49784,0.82265,20.58989,1,0.38719,0.02251,1.15774,0.00426,1,1,participant_10,question_13,Timer-Correct,True,Other
0.0,0,8,1,0.39628,0.02,0,0.90312,0.83519,0.24731,2721,757.54034,1,0.40437,0.01386,-0.06397,-0.06198,0.65279,0.24304,0.7999,21.45572,1,0.40538,0.01748,1.15774,0.00489,1,1,-0.00034,-0.06702,0.65654,0.49783,0.82264,20.58819,1,0.38719,0.02251,1.15774,0.00426,1,1,participant_10,question_13,Timer-Correct,True,Other
0.0,0,8,1,0.39722,0.04748,0,0.90312,0.83519,0.25415,2721,757.54034,1,0.40418,0.01472,-0.06397,-0.06198,0.65279,0.24306,0.79983,21.34661,1,0.39835,0.0413,1.14906,0.00486,1,1,-0.00034,-0.06702,0.65654,0.49774,0.82257,20.69571,1,0.39609,0.05367,1.14906,0.00431,1,1,participant_10,question_13,Timer-Correct,True,Question
0.0,0,8,1,0.40403,0.03852,0,0.90312,0.83519,0.26123,2721,757.54034,1,0.40418,0.01532,-0.06397,-0.06198,0.65279,0.24306,0.79976,21.33543,1,0.39998,0.03197,1.14038,0.00489,1,1,-0.00034,-0.06702,0.65654,0.49771,0.82246,20.39417,1,0.40809,0.04506,1.14038,0.00433,1,1,participant_10,question_13,Timer-Correct,True,Question
0.0,0,8,1,0.40459,0.04672,0,0.90312,0.83519,0.26794,2721,757.54034,1,0.40419,0.01608,-0.06397,-0.06198,0.65279,0.2431,0.79971,21.21915,1,0.4011,0.04005,1.1317,0.00489,1,1,-0.00034,-0.06702,0.65654,0.4977,0.82252,20.56329,1,0.40809,0.05339,1.1317,0.00432,1,1,participant_10,question_13,Timer-Correct,True,Question
0.0,0,8,1,0.40796,0.04554,0,0.90312,0.83519,0.27454,2721,757.54034,1,0.40428,0.01678,-0.06397,-0.06198,0.65279,0.24304,0.79977,21.26185,1,0.42932,0.03909,1.1317,0.00489,1,1,-0.00034,-0.06702,0.65654,0.49772,0.82243,20.50398,1,0.38659,0.05199,1.1317,0.00431,1,1,participant_10,question_13,Timer-Correct,True,Question
0.0,0,8,1,0.4128,0.04254,0,0.90312,0.83519,0.28125,2721,757.54034,1,0.40448,0.01738,-0.06397,-0.06198,0.65279,0.24303,0.79978,21.23617,1,0.42734,0.04841,1.1317,0.00489,1,1,-0.00034,-0.06702,0.65654,0.49777,0.82237,20.50222,1,0.39826,0.03668,1.1317,0.0043,1,1,participant_10,question_13,Timer-Correct,True,Question
0.0,0,8,1,0.41282,0.04644,0,0.90312,0.83519,0.28796,2721,757.54034,1,0.40467,0.01804,-0.06397,-0.06198,0.65279,0.24303,0.79977,21.27335,1,0.42734,0.04841,1.1317,0.00489,1,1,-0.00038,-0.06414,0.62838,0.49772,0.8225,20.77172,1,0.39831,0.04447,1.12371,0.00428,1,1,participant_10,question_13,Timer-Correct,True,Question
0.0,0,8,1,0.41415,0.04916,0,0.90312,0.83519,0.29578,2721,757.54034,1,0.40488,0.01873,-0.06397,-0.06198,0.65279,0.24306,0.79977,21.39229,1,0.42796,0.04567,1.12371,0.00489,1,1,-0.00038,-0.06414,0.62838,0.49773,0.82244,20.89649,1,0.40034,0.05265,1.11572,0.00428,1,1,participant_10,question_13,Timer-Correct,True,Question
0.0,0,8,1,0.41301,0.05947,0,0.90312,0.83519,0.30151,2721,757.54034,1,0.40505,0.01962,-0.06397,-0.06198,0.65279,0.24301,0.79974,21.28969,1,0.43234,0.05171,1.11572,0.0049,1,1,-0.00038,-0.06414,0.62838,0.49773,0.82244,20.89649,1,0.39368,0.06723,1.10773,0.00428,1,1,participant_10,question_13,Timer-Correct,True,Question
0.0,0,8,1,0.41348,0.06707,0,0.90312,0.83519,0.30823,2721,757.54034,1,0.40523,0.02063,-0.06397,-0.06198,0.65279,0.24302,0.79971,21.40622,1,0.4332,0.05917,1.10773,0.0049,1,1,-0.00038,-0.06492,0.63642,0.4977,0.82235,20.69423,1,0.39376,0.07497,1.09974,0.00427,1,1,participant_10,question_13,Timer-Correct,True,Question
0.0,0,8,1,0.40017,0.08031,0,0.90312,0.83519,0.30823,2721,757.54034,0,0.40607,0.04694,-0.06397,-0.06198,0.65279,0.24286,0.80003,21.86629,1,0.40867,0.07217,1.09974,0.00492,1,1,-0.00038,-0.06492,0.63642,0.49775,0.82238,20.64591,1,0.39167,0.08845,1.09974,0.0043,1,1,participant_10,question_13,Timer-Correct,True,Question
0.0,0,8,1,0.41421,0.05533,0,0.90312,0.83519,0.30823,2721,757.54034,0,0.41014,0.05113,-0.06397,-0.06198,0.65279,0.24339,0.79982,21.64738,1,0.43157,0.07181,1.09974,0.0049,1,1,-0.00038,-0.06492,0.63642,0.49786,0.82235,20.97559,1,0.39685,0.03884,1.09974,0.00429,1,1,participant_10,question_13,Timer-Correct,True,Question
0.0,0,8,1,0.41463,0.05877,0,0.90312,0.83519,0.30823,2721,757.54034,0,0.41163,0.05368,-0.06222,-0.06057,0.63736,0.24348,0.8001,22.08346,1,0.43242,0.07898,1.09203,0.00501,1,1,-0.00025,-0.06738,0.66055,0.49811,0.82256,21.07658,1,0.39684,0.03856,1.10002,0.00438,1,1,participant_10,question_13,Timer-Correct,True,Question
0.0,0,8,1,0.45191,0.06542,0,0.90312,0.83519,0.01978,2722,757.8551,1,0.4217,0.05661,-0.06222,-0.06057,0.63736,0.24454,0.79971,21.85021,1,0.45998,0.06835,1.0923,0.00494,1,1,-0.00025,-0.06738,0.66055,0.49895,0.82215,20.78087,1,0.44385,0.0625,1.10029,0.00438,1,1,participant_10,question_13,Timer-Correct,True,Question
0.0,0,8,1,0.44969,0.05841,0,0.90312,0.83519,0.02765,2722,757.8551,1,0.4273,0.05697,-0.06222,-0.06057,0.63736,0.24469,0.79959,21.72594,1,0.44801,0.07098,1.09257,0.00495,1,1,-0.00025,-0.06738,0.66055,0.49911,0.82217,20.78244,1,0.45136,0.04585,1.10056,0.00433,1,1,participant_10,question_13,Timer-Correct,True,Question
0.0,0,8,1,0.44943,0.05074,0,0.90312,0.83519,0.03418,2722,757.8551,1,0.43099,0.05594,-0.0645,-0.06278,0.66118,0.24473,0.79963,21.74671,1,0.44723,0.0635,1.10056,0.00497,1,1,-0.00015,-0.06662,0.65314,0.49919,0.82241,21.17645,1,0.45162,0.03798,1.10855,0.00436,1,1,participant_10,question_13,Timer-Correct,True,Question
0.0,0,8,1,0.45509,0.01746,0,0.90312,0.83519,0.03967,2722,757.8551,1,0.43443,0.05044,-0.0645,-0.06278,0.66118,0.24481,0.79966,21.84956,1,0.44794,-0.01827,1.11626,0.00497,1,1,-0.00015,-0.06662,0.65314,0.49927,0.82252,21.24974,1,0.46223,0.05319,1.11626,0.00439,1,1,participant_10,question_13,Timer-Correct,True,Other
0.0,0,8,1,0.4519,0.03428,1,0.90312,0.83519,0.04633,2722,757.8551,1,0.43661,0.04842,-0.0645,-0.06278,0.66118,0.24474,0.79963,21.77024,1,0.44402,0.02529,1.12398,0.00496,1,1,-0.00015,-0.06662,0.65314,0.49933,0.82254,21.31693,1,0.45977,0.04327,1.12398,0.00438,1,1,participant_10,question_13,Timer-Correct,True,Question
0.0,0,8,1,0.45184,0.02256,0,0.90312,0.83519,0.05359,2722,757.8551,1,0.43831,0.04555,-0.0645,-0.06278,0.66118,0.2448,0.79967,21.87634,1,0.44327,0.01796,1.1317,0.00497,1,1,-0.0001,-0.06947,0.68111,0.49927,0.82227,20.76512,1,0.46041,0.02716,1.14068,0.00437,1,1,participant_10,question_13,Timer-Correct,True,Other
0.0,0,8,1,0.44324,-0.00134,0,0.90312,0.83519,0.06024,2722,757.8551,1,0.4388,0.04086,-0.0645,-0.06278,0.66118,0.24486,0.79961,22.0235,1,0.4485,0.00155,1.14068,0.00496,1,1,-0.0001,-0.06947,0.68111,0.49927,0.82227,20.71547,1,0.43797,-0.00424,1.14967,0.00437,1,1,participant_10,question_13,Timer-Correct,True,Other
0.0,0,8,1,0.44545,-0.00832,0,0.90312,0.83519,0.06696,2722,757.8551,1,0.4394,0.03639,-0.0645,-0.06278,0.66118,0.24487,0.79962,22.05741,1,0.44691,-0.00858,1.14967,0.00497,1,1,-0.0001,-0.06947,0.68111,0.49929,0.82221,20.80469,1,0.44399,-0.00807,1.15866,0.00438,1,1,participant_10,question_13,Timer-Correct,True,Other
0.0,0,8,1,0.44503,-0.01263,0,0.90312,0.83519,0.07373,2722,757.8551,1,0.43987,0.0323,-0.0645,-0.06278,0.66118,0.24482,0.79957,21.91057,1,0.44608,-0.01719,1.15866,0.00495,1,1,-5e-05,-0.06693,0.65614,0.49931,0.82221,20.6432,1,0.44399,-0.00807,1.15866,0.00434,1,1,participant_10,question_13,Timer-Correct,True,Other
0.0,0,8,1,0.42719,-0.03342,0,0.90312,0.83519,0.08075,2722,757.8551,1,0.4389,0.02725,-0.0645,-0.06278,0.66118,0.24489,0.79942,21.88251,1,0.44515,-0.02918,1.15866,0.005,1,1,-5e-05,-0.06693,0.65614,0.49928,0.82216,20.89981,1,0.40924,-0.03766,1.14967,0.00431,1,1,participant_10,question_13,Timer-Correct,True,Other
0.0,0,8,1,0.42975,-0.0286,0,0.90312,0.83519,0.0871,2722,757.8551,1,0.43824,0.02326,-0.0645,-0.06278,0.66118,0.24492,0.79938,21.94924,1,0.4478,-0.02395,1.14967,0.00494,1,1,-5e-05,-0.06693,0.65614,0.49927,0.82208,20.97533,1,0.41171,-0.03326,1.14068,0.00431,1,1,participant_10,question_13,Timer-Correct,True,Other
0.0,0,8,1,0.43015,-0.01962,0,0.90312,0.83519,0.09375,2722,757.8551,1,0.43771,0.0204,-0.0645,-0.06268,0.66118,0.24494,0.79935,21.8102,1,0.44863,-0.01522,1.14068,0.00497,1,1,-5e-05,-0.06693,0.65614,0.49931,0.82212,20.91447,1,0.41167,-0.02402,1.1317,0.00429,1,1,participant_10,question_13,Timer-Correct,True,Other
0.0,0,8,1,0.43085,-0.00356,0,0.90312,0.83519,0.10046,2722,757.8551,1,0.43728,0.0189,-0.0645,-0.06268,0.66118,0.24493,0.79937,22.05093,1,0.44418,-0.00743,1.1317,0.00495,1,1,-5e-05,-0.06693,0.65614,0.49933,0.82214,21.03873,1,0.41752,0.0003,1.1317,0.0043,1,1,participant_10,question_13,Timer-Correct,True,Other
0.0,0,8,1,0.43724,-0.02186,0,0.90312,0.83519,0.10718,2722,757.8551,1,0.43727,0.0165,-0.0645,-0.06268,0.66118,0.24498,0.79928,21.96672,1,0.45507,-0.03677,1.1317,0.00493,1,1,-5e-05,-0.06693,0.65614,0.49937,0.82204,20.96497,1,0.4194,-0.00694,1.1317,0.00433,1,1,participant_10,question_13,Timer-Correct,True,Other
0.0,0,8,1,0.43724,-0.02186,0,0.90312,0.83519,0.11389,2722,757.8551,1,0.43727,0.01437,-0.0645,-0.06268,0.66118,0.24501,0.79921,22.02262,1,0.45507,-0.03677,1.1317,0.00493,1,1,-5e-05,-0.06693,0.65614,0.49945,0.82203,20.97599,1,0.4194,-0.00694,1.1317,0.00436,1,1,participant_10,question_13,Timer-Correct,True,Other
