BKDUR,BKID,BKPMIN,BPOGV,BPOGX,BPOGY,CS,CX,CY,FPOGD,FPOGID,FPOGS,FPOGV,FPOGX,FPOGY,LEYEX,LEYEY,LEYEZ,LPCX,LPCY,LPD,LPOGV,LPOGX,LPOGY,LPS,LPUPILD,LPUPILV,LPV,REYEX,REYEY,REYEZ,RPCX,RPCY,RPD,RPOGV,RPOGX,RPOGY,RPS,RPUPILD,RPUPILV,RPV,participant_id,question_id,part,is_valid,AOI
0.0,0,21,1,0.59291,0.57264,0,0.83646,0.86204,0.08691,14874,4504.45996,1,0.60376,0.58493,-0.03094,-0.0131,0.62811,0.37212,0.56299,26.29937,1,0.59688,0.58365,0.97242,0.00519,1,1,0.03088,-0.01397,0.6128,0.63367,0.56827,27.21185,1,0.58895,0.56164,0.97242,0.00523,1,1,participant_26,question_4,Timer-Correct,True,Answer_Area
0.0,0,21,1,0.60346,0.59103,0,0.83646,0.86204,0.17334,14874,4504.45996,1,0.60375,0.58415,-0.03073,-0.01294,0.61821,0.37093,0.56289,26.44232,1,0.59921,0.59009,1.02468,0.00516,1,1,0.0,0.0,0.0,0.633,0.56779,26.96947,1,0.6077,0.59198,1.01839,0.0052,0,1,participant_26,question_4,Timer-Correct,True,Answer_Area
0.0,0,21,1,0.61199,0.5949,0,0.83646,0.86204,0.18018,14874,4504.45996,1,0.60404,0.58453,-0.03073,-0.01294,0.61821,0.37077,0.56291,26.46553,1,0.62,0.59327,1.01129,0.00511,1,1,0.0,0.0,0.0,0.63302,0.56769,26.8963,1,0.60398,0.59652,1.005,0.00519,0,1,participant_26,question_4,Timer-Correct,True,Answer_Area
0.0,0,21,1,0.61111,0.6052,0,0.83646,0.86204,0.1875,14874,4504.45996,1,0.60429,0.58525,-0.03035,-0.01271,0.60957,0.37075,0.56291,26.44834,1,0.62043,0.60307,0.9915,0.00512,1,1,0.0,0.0,0.0,0.63299,0.56768,26.86458,1,0.6018,0.60733,0.98521,0.00521,0,1,participant_26,question_4,Timer-Correct,True,Answer_Area
0.0,0,21,1,0.60389,0.60584,0,0.83646,0.86204,0.19385,14874,4504.45996,1,0.60427,0.58593,-0.03035,-0.01271,0.60957,0.3707,0.5629,26.21251,1,0.61315,0.60619,0.97881,0.00514,1,1,0.0,0.0,0.0,0.63295,0.56769,26.75294,1,0.59463,0.60549,0.97881,0.00521,0,1,participant_26,question_4,Timer-Correct,True,Answer_Area
0.0,0,21,1,0.60178,0.60883,0,0.83646,0.86204,0.20117,14874,4504.45996,1,0.60419,0.58667,-0.03035,-0.01271,0.60957,0.37063,0.56281,26.37053,1,0.60961,0.60731,0.97242,0.00514,1,1,0.0,0.0,0.0,0.63285,0.56765,26.67809,1,0.59395,0.61036,0.97242,0.00517,0,1,participant_26,question_4,Timer-Correct,True,Answer_Area
0.0,0,21,1,0.60156,0.6122,0,0.83646,0.86204,0.20752,14874,4504.45996,1,0.60411,0.58747,-0.03037,-0.01267,0.61008,0.37059,0.56284,26.26446,1,0.60983,0.61051,0.96602,0.00512,1,1,0.0,0.0,0.0,0.63284,0.56765,26.63373,1,0.59329,0.61388,0.96602,0.00517,0,1,participant_26,question_4,Timer-Correct,True,Answer_Area
0.0,0,21,1,0.59821,0.60557,0,0.83646,0.86204,0.21436,14874,4504.45996,1,0.60393,0.58802,-0.03037,-0.01267,0.61008,0.37053,0.56284,26.19555,1,0.60969,0.60789,0.96602,0.00514,1,1,0.0,0.0,0.0,0.6328,0.56761,26.61255,1,0.58673,0.60324,0.96602,0.00516,0,1,participant_26,question_4,Timer-Correct,True,Answer_Area
0.0,0,21,1,0.60111,0.60305,0,0.83646,0.86204,0.2207,14874,4504.45996,1,0.60385,0.58846,-0.03037,-0.01267,0.61008,0.3705,0.56275,26.0252,1,0.59857,0.61282,0.96602,0.00511,1,1,0.0,0.0,0.0,0.63279,0.56759,26.62495,1,0.60364,0.59328,0.96602,0.00514,0,1,participant_26,question_4,Timer-Correct,True,Answer_Area
0.0,0,21,1,0.60209,0.59585,0,0.83646,0.86204,0.22754,14874,4504.45996,1,0.6038,0.58867,-0.03093,-0.01289,0.62033,0.37046,0.56281,26.12841,1,0.59828,0.60963,0.97242,0.00508,1,1,0.03139,-0.01414,0.62866,0.63283,0.56759,26.43641,1,0.6059,0.58206,0.98569,0.00516,1,1,participant_26,question_4,Timer-Correct,True,Answer_Area
0.0,0,21,1,0.61315,0.58173,0,0.83646,0.86204,0.23438,14874,4504.45996,1,0.60406,0.58848,-0.03093,-0.01289,0.62033,0.37042,0.56283,26.12206,1,0.61901,0.59985,0.99209,0.00509,1,1,0.03139,-0.01414,0.62866,0.6327,0.56754,26.40693,1,0.6073,0.5636,1.00536,0.0051,1,1,participant_26,question_4,Timer-Correct,True,Answer_Area
0.0,0,21,1,0.60933,0.57622,0,0.83646,0.86204,0.24121,14874,4504.45996,1,0.6042,0.58815,-0.03093,-0.01289,0.62033,0.37037,0.56286,26.12511,1,0.61199,0.59177,1.01175,0.00511,1,1,0.03139,-0.01414,0.62866,0.6328,0.56728,25.46079,1,0.60666,0.56066,1.02502,0.00517,1,1,participant_26,question_4,Timer-Correct,True,Answer_Area
0.0,0,21,1,0.61014,0.56574,0,0.83646,0.86204,0.24756,14874,4504.45996,1,0.60436,0.58756,-0.03137,-0.01308,0.62718,0.37037,0.5628,26.09944,1,0.61141,0.582,1.03142,0.0051,1,1,0.03139,-0.01414,0.62866,0.63279,0.56728,25.52493,1,0.60886,0.54949,1.04469,0.00513,1,1,participant_26,question_4,Timer-Correct,True,Answer_Area
0.0,0,21,1,0.61105,0.55659,0,0.83646,0.86204,0.25439,14874,4504.45996,1,0.60453,0.58676,-0.03137,-0.01308,0.62718,0.37014,0.5627,26.02523,1,0.59778,0.56586,1.04469,0.00508,1,1,0.03139,-0.01414,0.62866,0.63276,0.56716,25.40061,1,0.62432,0.54732,1.04469,0.00515,1,1,participant_26,question_4,Timer-Correct,True,Answer_Area
0.0,0,21,1,0.60455,0.54671,0,0.83646,0.86204,0.26074,14874,4504.45996,1,0.60453,0.58576,-0.03137,-0.01308,0.62718,0.37008,0.56283,25.79213,1,0.59045,0.56182,1.04469,0.00508,1,1,0.03139,-0.01414,0.62866,0.63244,0.5674,26.25167,1,0.61864,0.53161,1.04469,0.00511,1,1,participant_26,question_4,Timer-Correct,True,Answer_Area
0.0,0,21,1,0.60351,0.55408,0,0.83646,0.86204,0.26758,14874,4504.45996,1,0.6045,0.58499,0.0,0.0,0.0,0.37004,0.56281,25.80478,1,0.59078,0.56509,1.0383,0.00506,0,1,0.03037,-0.01373,0.61008,0.63257,0.56715,25.4844,1,0.61623,0.54308,1.02502,0.00512,1,1,participant_26,question_4,Timer-Correct,True,Answer_Area
0.0,0,21,1,0.60128,0.57418,0,0.83646,0.86204,0.27441,14874,4504.45996,1,0.60443,0.58473,0.0,0.0,0.0,0.36995,0.56277,25.86246,1,0.60642,0.59056,1.01863,0.00507,0,1,0.03037,-0.01373,0.61008,0.63248,0.56701,25.20094,1,0.59615,0.55779,1.00536,0.00511,1,1,participant_26,question_4,Timer-Correct,True,Answer_Area
0.0,0,21,1,0.59174,0.57606,0,0.83646,0.86204,0.28223,14874,4504.45996,1,0.60413,0.58453,0.0,0.0,0.0,0.36982,0.56276,25.87232,1,0.59805,0.59421,0.99896,0.00504,0,1,0.03037,-0.01373,0.61008,0.63236,0.56707,25.41019,1,0.58543,0.5579,0.98569,0.00507,1,1,participant_26,question_4,Timer-Correct,True,Answer_Area
0.0,0,21,1,0.59171,0.58146,0,0.83646,0.86204,0.28809,14874,4504.45996,1,0.60385,0.58446,-0.03172,-0.01314,0.63243,0.36973,0.56276,25.84502,1,0.59865,0.60087,0.98569,0.00507,1,1,0.03073,-0.01391,0.61821,0.63233,0.56709,25.49618,1,0.58478,0.56206,0.9787,0.00506,1,1,participant_26,question_4,Timer-Correct,True,Answer_Area
0.0,0,21,1,0.6096,0.57404,0,0.83646,0.86204,0.29492,14874,4504.45996,1,0.60398,0.58423,-0.03172,-0.01314,0.63243,0.36957,0.56272,25.93468,1,0.61351,0.59578,0.9851,0.00502,1,1,0.03073,-0.01391,0.61821,0.63205,0.567,25.56234,1,0.6057,0.5523,0.99139,0.00511,1,1,participant_26,question_4,Timer-Correct,True,Answer_Area
0.0,0,21,1,0.59911,0.56927,0,0.83646,0.86204,0.30127,14874,4504.45996,1,0.60387,0.5839,-0.03172,-0.01314,0.63243,0.36948,0.56273,25.80079,1,0.60338,0.59007,0.99778,0.00502,1,1,0.03073,-0.01391,0.61821,0.63193,0.56692,25.61745,1,0.59483,0.54847,1.00407,0.00507,1,1,participant_26,question_4,Timer-Correct,True,Answer_Area
0.0,0,21,1,0.5993,0.56582,0,0.83646,0.86204,0.30811,14874,4504.45996,1,0.60378,0.58352,-0.03088,-0.01282,0.6128,0.36937,0.56279,25.7109,1,0.60313,0.58689,1.00407,0.00502,1,1,0.03097,-0.01401,0.62492,0.63199,0.56689,25.34625,1,0.59547,0.54475,1.01036,0.00507,1,1,participant_26,question_4,Timer-Correct,True,Answer_Area
0.0,0,21,1,0.60874,0.55299,0,0.83646,0.86204,0.31445,14874,4504.45996,1,0.60388,0.58288,-0.03088,-0.01282,0.6128,0.36922,0.56281,25.67574,1,0.61475,0.58329,1.00396,0.00507,1,1,0.03097,-0.01401,0.62492,0.6318,0.56676,25.36228,1,0.60273,0.52269,1.00396,0.00505,1,1,participant_26,question_4,Timer-Correct,True,Answer_Area
0.0,0,21,1,0.60289,0.55486,0,0.83646,0.86204,0.32129,14874,4504.45996,1,0.6035,0.58213,-0.03088,-0.01282,0.6128,0.36912,0.56274,25.61117,1,0.60909,0.5907,0.99756,0.00502,1,1,0.03097,-0.01401,0.62492,0.63176,0.56672,25.1429,1,0.59669,0.51902,0.99756,0.00504,1,1,participant_26,question_4,Timer-Correct,True,Answer_Area
0.0,0,21,1,0.60266,0.55848,0,0.83646,0.86204,0.32812,14874,4504.45996,1,0.60363,0.58166,-0.03088,-0.01273,0.6128,0.36905,0.56279,25.6717,1,0.6093,0.59393,0.99117,0.005,1,1,0.03063,-0.01381,0.61983,0.63169,0.5666,24.96231,1,0.59602,0.52302,0.99117,0.0051,1,1,participant_26,question_4,Timer-Correct,True,Answer_Area
0.0,0,21,1,0.60227,0.5843,0,0.83646,0.86204,0.33496,14874,4504.45996,1,0.60365,0.58162,-0.03088,-0.01273,0.6128,0.36888,0.56271,25.8305,1,0.59313,0.6013,0.99117,0.00498,1,1,0.03063,-0.01381,0.61983,0.6316,0.56671,24.87154,1,0.61141,0.5673,0.99117,0.0051,1,1,participant_26,question_4,Timer-Correct,True,Answer_Area
0.0,0,21,1,0.61197,0.5839,0,0.83646,0.86204,0.3418,14874,4504.45996,1,0.60387,0.58159,-0.03088,-0.01273,0.6128,0.36875,0.56278,25.45272,1,0.61646,0.6043,0.99117,0.005,1,1,0.03063,-0.01381,0.61983,0.6315,0.56669,24.88994,1,0.60747,0.56349,0.99117,0.00506,1,1,participant_26,question_4,Timer-Correct,True,Answer_Area
0.0,0,21,1,0.61226,0.58045,0,0.83646,0.86204,0.34863,14874,4504.45996,1,0.60411,0.58141,-0.03148,-0.01302,0.62208,0.36867,0.5628,25.59453,1,0.6163,0.60114,0.99756,0.00501,1,1,0.03094,-0.01404,0.62811,0.63137,0.56672,25.15743,1,0.60821,0.55975,0.99756,0.00504,1,1,participant_26,question_4,Timer-Correct,True,Answer_Area
0.0,0,21,1,0.59692,0.57748,0,0.83646,0.86204,0.35498,14874,4504.45996,1,0.60402,0.58109,-0.03148,-0.01302,0.62208,0.36858,0.56288,25.77166,1,0.60127,0.60329,1.00396,0.00501,1,1,0.03094,-0.01404,0.62811,0.63131,0.56671,25.04104,1,0.59257,0.55168,1.00396,0.00503,1,1,participant_26,question_4,Timer-Correct,True,Answer_Area
0.0,0,21,1,0.61112,0.57561,0,0.83646,0.86204,0.36182,14874,4504.45996,1,0.60402,0.5808,-0.03148,-0.01302,0.62208,0.36847,0.5629,25.78429,1,0.60907,0.55266,1.01036,0.005,1,1,0.03094,-0.01404,0.62811,0.63105,0.56663,25.25154,1,0.61317,0.59856,1.01036,0.00499,1,1,participant_26,question_4,Timer-Correct,True,Answer_Area
0.0,0,21,1,0.61213,0.56646,0,0.83646,0.86204,0.36865,14874,4504.45996,1,0.60405,0.58025,-0.03312,-0.01349,0.65149,0.36825,0.56269,25.69114,1,0.60864,0.54542,1.02386,0.00502,1,1,0.03128,-0.01416,0.63794,0.63083,0.56651,24.99936,1,0.61562,0.5875,1.03084,0.00504,1,1,participant_26,question_4,Timer-Correct,True,Answer_Area
0.0,0,21,1,0.50031,0.43,0,0.83646,0.86204,0.37598,14874,4504.45996,1,0.60173,0.57698,-0.03312,-0.01349,0.65149,0.36626,0.56096,25.42261,1,0.48104,0.44335,1.03795,0.00502,1,1,0.03128,-0.01416,0.63794,0.62905,0.56449,24.71169,1,0.51958,0.41665,1.04494,0.005,1,1,participant_26,question_4,Timer-Correct,True,Question
0.0,0,21,1,0.46411,0.32713,0,0.83646,0.86204,0.37598,14874,4504.45996,0,0.58539,0.53812,-0.03312,-0.01349,0.65149,0.36511,0.55933,24.70953,1,0.44162,0.31138,1.05204,0.00493,1,1,0.03128,-0.01416,0.63794,0.62746,0.56276,24.44772,1,0.4866,0.34287,1.05903,0.00501,1,1,participant_26,question_4,Timer-Correct,True,Question
0.0,0,21,1,0.46408,0.32934,0,0.83646,0.86204,0.37598,14874,4504.45996,0,0.52473,0.43373,-0.0314,-0.01224,0.60878,0.36468,0.55862,25.21724,1,0.4415,0.31094,1.05263,0.00496,1,1,0.02937,-0.01306,0.61304,0.6269,0.56204,24.74948,1,0.48665,0.34774,1.05263,0.00507,1,1,participant_26,question_4,Timer-Correct,True,Question
0.0,0,21,1,0.35353,0.18253,0,0.83646,0.86204,0.37598,14874,4504.45996,0,0.46767,0.35,-0.0314,-0.01224,0.60878,0.36239,0.55603,23.64903,1,0.33995,0.19696,1.03913,0.00489,1,1,0.02937,-0.01306,0.61304,0.62381,0.55889,23.24923,1,0.36711,0.16811,1.03214,0.00502,1,1,participant_26,question_4,Timer-Correct,True,Question
0.0,0,21,1,0.28478,0.13071,0,0.83385,0.86204,0.37598,14874,4504.45996,0,0.36746,0.2142,-0.0314,-0.01224,0.60878,0.36103,0.55455,23.23764,1,0.26709,0.14613,1.01864,0.00487,1,1,0.02937,-0.01306,0.61304,0.62194,0.55763,23.85153,1,0.30246,0.11529,1.01166,0.00501,1,1,participant_26,question_4,Timer-Correct,True,Question
0.0,0,21,1,0.291,0.15119,0,0.83385,0.86204,0.37598,14874,4504.45996,0,0.32923,0.18269,-0.03174,-0.01179,0.60474,0.36014,0.55343,23.21654,1,0.27537,0.16569,0.99815,0.00488,1,1,0.0289,-0.0128,0.62063,0.62101,0.55649,23.39134,1,0.30664,0.13669,0.99117,0.00515,1,1,participant_26,question_4,Timer-Correct,True,Question
0.0,0,21,1,0.1493,-0.02619,0,0.83385,0.86204,0.37598,14874,4504.45996,0,0.26925,0.11307,-0.03174,-0.01179,0.60474,0.3579,0.55229,23.70152,1,0.13116,-0.06113,0.99117,0.00489,1,1,0.0289,-0.0128,0.62063,0.61806,0.55536,24.38868,1,0.16744,0.00876,0.99117,0.00503,1,1,participant_26,question_4,Timer-Correct,True,Other
0.0,0,21,1,0.08981,-0.06246,0,0.83385,0.86204,0.37598,14874,4504.45996,0,0.1767,0.02085,-0.03174,-0.01179,0.60474,0.35674,0.55192,24.63931,1,0.08199,-0.07455,0.99117,0.00479,1,1,0.0289,-0.0128,0.62063,0.61662,0.55506,24.52367,1,0.09762,-0.05037,0.99117,0.00504,1,1,participant_26,question_4,Timer-Correct,True,Other
0.0,0,21,1,0.0929,-0.05524,0,0.83385,0.86204,0.37598,14874,4504.45996,0,0.1348,-0.01719,-0.0318,-0.01154,0.59649,0.35598,0.55179,25.0379,1,0.08566,-0.06746,0.98538,0.00479,1,1,0.02829,-0.01273,0.62168,0.61591,0.55488,25.2292,1,0.10014,-0.04302,0.98538,0.00501,1,1,participant_26,question_4,Timer-Correct,True,Other
0.0,0,21,1,0.03338,-0.08414,0,0.82344,0.8537,0.37598,14874,4504.45996,0,0.10099,-0.03951,-0.0318,-0.01154,0.59649,0.35468,0.55173,25.02627,1,0.0076,-0.11255,0.97959,0.00487,1,1,0.02829,-0.01273,0.62168,0.6143,0.55468,24.98102,1,0.05916,-0.05573,0.97959,0.00513,1,1,participant_26,question_4,Timer-Correct,True,Other
0.0,0,21,1,0.02665,-0.07254,0,0.82344,0.8537,0.37598,14874,4504.45996,0,0.05098,-0.07064,-0.0318,-0.01154,0.59649,0.35453,0.55173,24.64361,1,-0.00497,-0.10312,0.97381,0.00492,1,1,0.02829,-0.01273,0.62168,0.61436,0.55499,25.34775,1,0.05826,-0.04197,0.97381,0.00509,1,1,participant_26,question_4,Timer-Correct,True,Other
0.0,0,21,1,0.02818,-0.06849,0,0.82344,0.8537,0.37598,14874,4504.45996,0,0.03958,-0.06956,-0.03265,-0.0118,0.60995,0.35436,0.55165,24.67022,1,-0.00497,-0.10312,0.97381,0.00484,1,1,0.02739,-0.01239,0.60293,0.61415,0.55479,25.33589,1,0.06133,-0.03385,0.96752,0.00505,1,1,participant_26,question_4,Timer-Correct,True,Other
0.0,0,21,1,0.00902,-0.09581,0,0.82344,0.8537,0.37598,14874,4504.45996,0,0.02939,-0.07831,-0.03265,-0.0118,0.60995,0.35426,0.55176,24.74853,1,-0.0168,-0.12771,0.97331,0.00484,1,1,0.02739,-0.01239,0.60293,0.61448,0.55499,25.32138,1,0.03484,-0.06391,0.96702,0.00506,1,1,participant_26,question_4,Timer-Correct,True,Other
0.0,0,21,1,0.00525,-0.11568,0,0.82344,0.8537,0.02002,14875,4504.90234,1,0.02336,-0.08766,-0.03265,-0.0118,0.60995,0.35426,0.55179,24.90488,1,-0.01938,-0.1178,0.97281,0.00483,1,1,0.02739,-0.01239,0.60293,0.61453,0.55508,25.10295,1,0.02987,-0.11356,0.96652,0.00505,1,1,participant_26,question_4,Timer-Correct,True,Other
0.0,0,21,1,0.00557,-0.11501,0,0.80521,0.83426,0.02734,14875,4504.90234,1,0.0198,-0.09313,-0.03228,-0.01171,0.60296,0.35427,0.55186,24.97402,1,-0.01899,-0.11715,0.97231,0.00481,1,1,0.02757,-0.01247,0.60472,0.61454,0.5551,25.06987,1,0.03013,-0.11287,0.96602,0.00504,1,1,participant_26,question_4,Timer-Correct,True,Other
0.0,0,21,1,0.02609,-0.07233,0,0.80521,0.83426,0.0332,14875,4504.90234,1,0.02085,-0.08966,-0.03228,-0.01171,0.60296,0.35422,0.55211,24.91136,1,-0.00059,-0.07803,0.96602,0.00482,1,1,0.02757,-0.01247,0.60472,0.61468,0.55528,24.8827,1,0.05278,-0.06662,0.96602,0.00508,1,1,participant_26,question_4,Timer-Correct,True,Other
0.0,0,21,1,0.03441,-0.05627,0,0.80521,0.83426,0.04004,14875,4504.90234,1,0.02279,-0.08489,-0.03228,-0.01171,0.60296,0.35444,0.5523,24.48021,1,0.00551,-0.05867,0.96602,0.00487,1,1,0.02757,-0.01247,0.60472,0.61482,0.55548,24.74379,1,0.06332,-0.05388,0.96602,0.00501,1,1,participant_26,question_4,Timer-Correct,True,Other
0.0,0,21,1,0.03441,-0.05627,0,0.80521,0.83426,0.04688,14875,4504.90234,1,0.02424,-0.08131,-0.03228,-0.01179,0.60475,0.35445,0.55258,24.85119,1,0.00551,-0.05867,0.96602,0.00485,1,1,0.02774,-0.01265,0.6066,0.61488,0.55556,24.72243,1,0.06332,-0.05388,0.96602,0.00502,1,1,participant_26,question_4,Timer-Correct,True,Other
0.0,0,21,1,0.02438,-0.05168,0,0.79792,0.82778,0.05371,14875,4504.90234,1,0.02425,-0.07802,-0.03228,-0.01179,0.60475,0.35442,0.55269,24.75507,1,0.00118,-0.09109,0.96602,0.00485,1,1,0.02774,-0.01265,0.6066,0.61506,0.55596,25.24026,1,0.04758,-0.01227,0.96602,0.00504,1,1,participant_26,question_4,Timer-Correct,True,Other
0.0,0,21,1,0.00608,-0.09103,0,0.79792,0.82778,0.06006,14875,4504.90234,1,0.02244,-0.07932,-0.03228,-0.01179,0.60475,0.35403,0.55278,25.19923,1,-0.01428,-0.11129,0.96602,0.00486,1,1,0.02774,-0.01265,0.6066,0.61456,0.55596,25.13829,1,0.02644,-0.07077,0.96602,0.00502,1,1,participant_26,question_4,Timer-Correct,True,Other
0.0,0,21,1,0.00983,-0.08338,0,0.79792,0.82778,0.06689,14875,4504.90234,1,0.02129,-0.07969,-0.03163,-0.01161,0.58846,0.35363,0.55294,24.93514,1,-0.00984,-0.10373,0.96023,0.00494,1,1,0.02739,-0.01257,0.60293,0.61424,0.55604,25.0386,1,0.0295,-0.06303,0.96023,0.00511,1,1,participant_26,question_4,Timer-Correct,True,Other
0.0,0,21,1,-0.07738,-0.10379,0,0.79792,0.82778,0.07324,14875,4504.90234,1,0.01307,-0.0817,-0.03163,-0.01161,0.58846,0.35194,0.55304,24.80521,1,-0.09471,-0.09642,0.95445,0.00512,1,1,0.02739,-0.01257,0.60293,0.61188,0.55609,24.69556,1,-0.06005,-0.11116,0.95445,0.005,1,1,participant_26,question_4,Timer-Correct,True,Other
0.0,0,21,1,-0.06835,-0.02902,0,0.79792,0.82778,0.08057,14875,4504.90234,1,0.00681,-0.07765,-0.03163,-0.01161,0.58846,0.35074,0.55256,21.61374,1,-0.07617,-0.02871,0.94866,0.00488,1,1,0.02739,-0.01257,0.60293,0.61105,0.55677,25.28622,1,-0.06053,-0.02933,0.94866,0.00494,1,1,participant_26,question_4,Timer-Correct,True,Other
0.0,0,21,1,-0.06222,-0.01776,0,0.79219,0.8213,0.0874,14875,4504.90234,1,0.00187,-0.07337,-0.03227,-0.01183,0.59541,0.35026,0.5528,21.43856,1,-0.07123,-0.02149,0.94287,0.00487,1,1,0.02632,-0.01239,0.58808,0.61069,0.5572,25.87446,1,-0.0532,-0.01403,0.93719,0.00499,1,1,participant_26,question_4,Timer-Correct,True,Other
0.0,0,21,1,-0.06351,0.02969,0,0.79219,0.8213,0.09375,14875,4504.90234,1,-0.00248,-0.0665,-0.03227,-0.01183,0.59541,0.34998,0.55316,21.80061,1,-0.07828,0.02713,0.93719,0.00488,1,1,0.02632,-0.01239,0.58808,0.61048,0.5573,25.42616,1,-0.04873,0.03224,0.9315,0.00499,1,1,participant_26,question_4,Timer-Correct,True,Other
0.0,0,21,1,-0.0726,0.00601,0,0.79219,0.8213,0.10059,14875,4504.90234,1,-0.00687,-0.06197,-0.03227,-0.01183,0.59541,0.34996,0.55317,21.84221,1,-0.07792,0.02419,0.9315,0.00483,1,1,0.02632,-0.01239,0.58808,0.61067,0.55743,26.04699,1,-0.06727,-0.01216,0.92581,0.00497,1,1,participant_26,question_4,Timer-Correct,True,Other
0.0,0,21,1,-0.07013,0.00946,0,0.79219,0.8213,0.10645,14875,4504.90234,1,-0.01059,-0.05777,-0.03218,-0.01184,0.59366,0.34985,0.55324,21.90749,1,-0.07298,0.03108,0.92581,0.00489,1,1,0.02722,-0.01284,0.60712,0.61082,0.55737,25.94532,1,-0.06727,-0.01216,0.92581,0.00494,1,1,participant_26,question_4,Timer-Correct,True,Other
0.0,0,21,1,-0.09179,-0.03029,0,0.79219,0.8213,0.11328,14875,4504.90234,1,-0.0151,-0.05624,-0.03218,-0.01184,0.59366,0.34983,0.55332,21.83056,1,-0.08227,-0.00651,0.92581,0.00488,1,1,0.02722,-0.01284,0.60712,0.61089,0.55759,25.45887,1,-0.10132,-0.05408,0.9315,0.00493,1,1,participant_26,question_4,Timer-Correct,True,Other
0.0,0,21,1,-0.09112,-0.03347,0,0.78646,0.81574,0.11328,14875,4504.90234,0,-0.04353,-0.03763,-0.03218,-0.01184,0.59366,0.34991,0.55328,21.84882,1,-0.08474,-0.01121,0.9315,0.00483,1,1,0.02722,-0.01284,0.60712,0.61087,0.55763,25.47305,1,-0.0975,-0.05573,0.93719,0.00491,1,1,participant_26,question_4,Timer-Correct,True,Other
0.0,0,21,1,-0.09558,-0.04098,0,0.78646,0.81574,0.11328,14875,4504.90234,0,-0.06956,-0.0393,-0.03218,-0.01184,0.59366,0.34993,0.5533,21.78087,1,-0.08974,-0.01833,0.93719,0.00484,1,1,0.02722,-0.01284,0.60712,0.61087,0.55763,25.44195,1,-0.10143,-0.06363,0.94287,0.00491,1,1,participant_26,question_4,Timer-Correct,True,Other
0.0,0,21,1,-0.0986,-0.04898,0,0.78646,0.81574,0.11328,14875,4504.90234,0,-0.07924,-0.04253,-0.03218,-0.01184,0.59366,0.34989,0.55323,21.74176,1,-0.0959,-0.02468,0.94287,0.00482,1,1,0.02722,-0.01284,0.60712,0.61096,0.55736,25.31809,1,-0.10129,-0.07328,0.94287,0.0049,1,1,participant_26,question_4,Timer-Correct,True,Other
0.0,0,21,1,-0.09394,-0.03308,0,0.78646,0.81574,0.02002,14876,4505.02295,1,-0.08291,-0.04017,-0.03218,-0.01184,0.59366,0.34987,0.55322,21.66993,1,-0.08863,0.00919,0.94287,0.00482,1,1,0.02722,-0.01284,0.60712,0.61098,0.55747,25.63107,1,-0.09925,-0.07536,0.94287,0.00485,1,1,participant_26,question_4,Timer-Correct,True,Other
0.0,0,21,1,-0.0961,-0.03749,0,0.78385,0.81296,0.02637,14876,4505.02295,1,-0.08555,-0.03963,-0.03227,-0.01183,0.59541,0.34986,0.5531,21.48673,1,-0.08863,0.00919,0.94287,0.0048,1,1,0.02785,-0.01312,0.62013,0.61099,0.55745,25.6208,1,-0.10358,-0.08416,0.94916,0.00487,1,1,participant_26,question_4,Timer-Correct,True,Other
0.0,0,21,1,-0.10034,-0.02999,0,0.78385,0.81296,0.0332,14876,4505.02295,1,-0.08802,-0.03802,-0.03227,-0.01183,0.59541,0.34987,0.55309,21.49434,1,-0.09932,-0.00803,0.94916,0.0048,1,1,0.02785,-0.01312,0.62013,0.61103,0.55752,25.25274,1,-0.10135,-0.05195,0.95545,0.00489,1,1,participant_26,question_4,Timer-Correct,True,Other
0.0,0,21,1,-0.10603,-0.04336,0,0.78385,0.81296,0.04004,14876,4505.02295,1,-0.09059,-0.03879,-0.03227,-0.01183,0.59541,0.34988,0.55309,21.50192,1,-0.10569,-0.01712,0.95545,0.0048,1,1,0.02785,-0.01312,0.62013,0.611,0.55747,25.35454,1,-0.10638,-0.06961,0.96173,0.00488,1,1,participant_26,question_4,Timer-Correct,True,Other
0.0,0,21,1,-0.11096,-0.05153,0,0.78385,0.81296,0.04688,14876,4505.02295,1,-0.09313,-0.04038,-0.03227,-0.01183,0.59541,0.34989,0.55303,21.39859,1,-0.11123,-0.02485,0.96173,0.00482,1,1,0.02785,-0.01307,0.62013,0.611,0.55746,25.27946,1,-0.11068,-0.07821,0.96802,0.00487,1,1,participant_26,question_4,Timer-Correct,True,Other
0.0,0,21,1,-0.11543,-0.03207,0,0.78385,0.81296,0.05322,14876,4505.02295,1,-0.09561,-0.03946,-0.03227,-0.01183,0.59541,0.34985,0.55295,21.44876,1,-0.12656,-0.03728,0.96802,0.0048,1,1,0.02785,-0.01307,0.62013,0.61106,0.55739,25.25045,1,-0.1043,-0.02686,0.96802,0.00483,1,1,participant_26,question_4,Timer-Correct,True,Other
0.0,0,21,1,-0.11595,-0.03283,0,0.77448,0.8,0.06006,14876,4505.02295,1,-0.09765,-0.03879,-0.03227,-0.01183,0.59541,0.34979,0.55306,21.45786,1,-0.12685,-0.04256,0.96802,0.00475,1,1,0.02785,-0.01307,0.62013,0.61103,0.55736,25.41529,1,-0.10506,-0.02311,0.96802,0.00481,1,1,participant_26,question_4,Timer-Correct,True,Other
0.0,0,21,1,-0.12051,-0.04022,0,0.77448,0.8,0.06689,14876,4505.02295,1,-0.09972,-0.03892,-0.03302,-0.01205,0.60838,0.34967,0.55285,21.26366,1,-0.13204,-0.04975,0.97381,0.00475,1,1,0.02785,-0.01307,0.62013,0.61108,0.5572,24.87456,1,-0.10898,-0.03069,0.97381,0.00489,1,1,participant_26,question_4,Timer-Correct,True,Other
0.0,0,21,1,-0.13479,-0.06984,0,0.77448,0.8,0.07324,14876,4505.02295,1,-0.10265,-0.0415,-0.03302,-0.01205,0.60838,0.34966,0.55284,21.22842,1,-0.15097,-0.07127,0.97959,0.00476,1,1,0.02785,-0.01307,0.62013,0.61102,0.5569,24.98271,1,-0.11861,-0.0684,0.97959,0.00478,1,1,participant_26,question_4,Timer-Correct,True,Other
0.0,0,21,1,-0.1411,-0.08823,0,0.77448,0.8,0.07959,14876,4505.02295,1,-0.1056,-0.04509,-0.03302,-0.01205,0.60838,0.34963,0.55277,21.42839,1,-0.15781,-0.08672,0.98538,0.00472,1,1,0.02785,-0.01307,0.62013,0.61096,0.55676,24.55731,1,-0.12438,-0.08974,0.98538,0.00478,1,1,participant_26,question_4,Timer-Correct,True,Other
0.0,0,21,1,-0.13893,-0.08396,0,0.77448,0.8,0.08691,14876,4505.02295,1,-0.10799,-0.04787,-0.0319,-0.01158,0.58689,0.34961,0.55275,21.40932,1,-0.15781,-0.08672,0.98538,0.00471,1,1,0.02719,-0.01274,0.60656,0.61094,0.55667,24.46765,1,-0.12006,-0.08119,0.97909,0.00478,1,1,participant_26,question_4,Timer-Correct,True,Other
0.0,0,21,1,-0.1412,-0.07433,0,0.75104,0.76852,0.09375,14876,4505.02295,1,-0.1102,-0.04963,-0.0319,-0.01158,0.58689,0.34952,0.55277,21.42445,1,-0.15963,-0.06431,0.97331,0.00473,1,1,0.02719,-0.01274,0.60656,0.61088,0.55665,24.49398,1,-0.12277,-0.08436,0.96702,0.00476,1,1,participant_26,question_4,Timer-Correct,True,Other
0.0,0,21,1,-0.11855,-0.06586,0,0.75104,0.76852,0.10059,14876,4505.02295,1,-0.11072,-0.05065,-0.0319,-0.01158,0.58689,0.34938,0.55272,21.05741,1,-0.12261,-0.06136,0.96123,0.0048,1,1,0.02719,-0.01274,0.60656,0.6109,0.55666,24.51202,1,-0.1145,-0.07036,0.95495,0.00477,1,1,participant_26,question_4,Timer-Correct,True,Other
0.0,0,21,1,-0.11354,-0.05753,0,0.75104,0.76852,0.10693,14876,4505.02295,1,-0.11089,-0.05105,-0.0329,-0.01188,0.60434,0.34931,0.55264,20.8705,1,-0.11696,-0.05337,0.95495,0.0048,1,1,0.02719,-0.01269,0.60656,0.61087,0.55679,25.01517,1,-0.11012,-0.06168,0.94866,0.00473,1,1,participant_26,question_4,Timer-Correct,True,Other
0.0,0,21,1,-0.10553,-0.06791,0,0.75104,0.76852,0.11377,14876,4505.02295,1,-0.11059,-0.05199,-0.0329,-0.01188,0.60434,0.34937,0.55255,20.88651,1,-0.1162,-0.05414,0.95445,0.00475,1,1,0.02719,-0.01269,0.60656,0.61082,0.55679,24.93452,1,-0.09486,-0.08168,0.95445,0.00475,1,1,participant_26,question_4,Timer-Correct,True,Other
0.0,0,21,1,-0.11485,-0.08023,0,0.72917,0.74537,0.12012,14876,4505.02295,1,-0.11081,-0.05348,-0.0329,-0.01188,0.60434,0.34937,0.55255,20.88651,1,-0.13044,-0.06881,0.96023,0.00475,1,1,0.02719,-0.01269,0.60656,0.61083,0.55683,24.87807,1,-0.09926,-0.09166,0.96023,0.00477,1,1,participant_26,question_4,Timer-Correct,True,Other
0.0,0,21,1,-0.11945,-0.08797,0,0.72917,0.74537,0.12646,14876,4505.02295,1,-0.11125,-0.0552,-0.0329,-0.01188,0.60434,0.34929,0.55249,21.25316,1,-0.13571,-0.07622,0.96602,0.00472,1,1,0.02722,-0.01266,0.60712,0.61082,0.55683,24.85902,1,-0.10318,-0.09972,0.96602,0.00477,1,1,participant_26,question_4,Timer-Correct,True,Other
0.0,0,21,1,-0.12477,-0.09189,0,0.72917,0.74537,0.1333,14876,4505.02295,1,-0.11189,-0.05695,-0.0329,-0.01188,0.60434,0.34919,0.5525,21.4163,1,-0.13984,-0.07608,0.96602,0.0047,1,1,0.02722,-0.01266,0.60712,0.61082,0.5566,24.63438,1,-0.1097,-0.10769,0.96602,0.00481,1,1,participant_26,question_4,Timer-Correct,True,Other
0.0,0,21,1,-0.12448,-0.09385,0,0.72917,0.74537,0.14062,14876,4505.02295,1,-0.11246,-0.05862,-0.0329,-0.01188,0.60434,0.34919,0.55251,21.38836,1,-0.14119,-0.08282,0.96602,0.0047,1,1,0.02722,-0.01266,0.60712,0.61082,0.55654,24.44265,1,-0.10776,-0.10487,0.96602,0.00483,1,1,participant_26,question_4,Timer-Correct,True,Other
0.0,0,21,1,-0.12448,-0.09385,0,0.72917,0.74537,0.14697,14876,4505.02295,1,-0.11298,-0.06016,-0.0329,-0.01188,0.60434,0.34929,0.55255,21.16392,1,-0.14119,-0.08282,0.96602,0.00467,1,1,0.02722,-0.01266,0.60712,0.61082,0.55654,24.44265,1,-0.10776,-0.10487,0.96602,0.00483,1,1,participant_26,question_4,Timer-Correct,True,Other
0.0,0,21,1,-0.12294,-0.08603,0,0.70573,0.7213,0.1543,14876,4505.02295,1,-0.1134,-0.06123,-0.0329,-0.01188,0.60434,0.34927,0.55255,21.19169,1,-0.14047,-0.06995,0.96602,0.00469,1,1,0.02722,-0.01266,0.60712,0.6108,0.55654,24.40848,1,-0.1054,-0.10212,0.96602,0.00482,1,1,participant_26,question_4,Timer-Correct,True,Other
0.0,0,21,1,-0.12424,-0.09772,0,0.70573,0.7213,0.16016,14876,4505.02295,1,-0.11383,-0.06269,-0.0329,-0.01188,0.60434,0.34932,0.55257,21.08583,1,-0.1383,-0.08244,0.96602,0.00469,1,1,0.02722,-0.01266,0.60712,0.61087,0.55665,24.40215,1,-0.11019,-0.113,0.96602,0.00478,1,1,participant_26,question_4,Timer-Correct,True,Other
0.0,0,21,1,-0.11961,-0.08991,0,0.70573,0.7213,0.16699,14876,4505.02295,1,-0.11406,-0.06374,-0.0319,-0.01158,0.58689,0.34942,0.55253,21.13048,1,-0.13301,-0.07498,0.96023,0.00469,1,1,0.02711,-0.01257,0.60273,0.61091,0.55668,24.59422,1,-0.10622,-0.10485,0.96023,0.00477,1,1,participant_26,question_4,Timer-Correct,True,Other
0.0,0,21,1,-0.03839,-0.00948,0,0.70573,0.7213,0.17383,14876,4505.02295,1,-0.11125,-0.06173,-0.0319,-0.01158,0.58689,0.35068,0.55208,21.30347,1,-0.05729,-0.01247,0.95445,0.00478,1,1,0.02711,-0.01257,0.60273,0.61226,0.55642,24.88465,1,-0.01948,-0.0065,0.95445,0.00476,1,1,participant_26,question_4,Timer-Correct,True,Other
0.0,0,21,1,-0.02148,-0.02023,0,0.70573,0.7213,0.18066,14876,4505.02295,1,-0.10805,-0.06025,-0.0319,-0.01158,0.58689,0.35103,0.55199,21.15585,1,-0.04383,-0.0196,0.94866,0.00477,1,1,0.02711,-0.01257,0.60273,0.61289,0.55623,24.76608,1,0.00087,-0.02085,0.94866,0.00481,1,1,participant_26,question_4,Timer-Correct,True,Other
0.0,0,21,1,-0.01588,-0.00912,0,0.68177,0.69815,0.1875,14876,4505.02295,1,-0.10487,-0.05849,-0.03196,-0.01161,0.59287,0.35215,0.55271,24.29226,1,-0.03913,-0.01246,0.94287,0.00481,1,1,0.02688,-0.01231,0.5926,0.61311,0.55604,24.52249,1,0.00738,-0.00579,0.93719,0.00476,1,1,participant_26,question_4,Timer-Correct,True,Other
0.0,0,21,1,-0.00095,-0.01438,0,0.68177,0.69815,0.19385,14876,4505.02295,1,-0.1014,-0.05702,-0.03196,-0.01161,0.59287,0.35258,0.55279,24.17229,1,0.00702,-0.01896,0.93719,0.0048,1,1,0.02688,-0.01231,0.5926,0.6137,0.55609,24.32159,1,-0.00892,-0.0098,0.9315,0.00479,1,1,participant_26,question_4,Timer-Correct,True,Other
0.0,0,21,1,-0.0112,-0.01484,0,0.68177,0.69815,0.2002,14876,4505.02295,1,-0.09849,-0.05566,-0.03196,-0.01161,0.59287,0.35261,0.55268,23.99579,1,-0.01478,-0.01777,0.9315,0.00479,1,1,0.02688,-0.01231,0.5926,0.61367,0.55573,23.95028,1,-0.00762,-0.01191,0.92581,0.00478,1,1,participant_26,question_4,Timer-Correct,True,Other
0.0,0,21,1,-0.01081,-0.01549,0,0.68177,0.69815,0.2002,14876,4505.02295,0,-0.06993,-0.05307,-0.03196,-0.01161,0.59287,0.35275,0.55253,24.16821,1,-0.01028,-0.01066,0.92581,0.00481,1,1,0.02829,-0.01292,0.62168,0.61373,0.55583,24.0501,1,-0.01134,-0.02033,0.9321,0.0048,1,1,participant_26,question_4,Timer-Correct,True,Other
0.0,0,21,1,-0.01085,-0.0317,0,0.68177,0.69815,0.2002,14876,4505.02295,0,-0.04039,-0.04238,-0.03196,-0.01161,0.59287,0.35277,0.55254,24.2961,1,-0.0158,-0.03118,0.9321,0.00481,1,1,0.02829,-0.01292,0.62168,0.6138,0.55586,24.08533,1,-0.0059,-0.03223,0.94407,0.00473,1,1,participant_26,question_4,Timer-Correct,True,Other
0.0,0,21,1,-0.01453,-0.04506,0,0.67135,0.69074,0.2002,14876,4505.02295,0,-0.03177,-0.04328,-0.03196,-0.01161,0.59287,0.3528,0.55254,24.26063,1,-0.01863,-0.04504,0.94407,0.0048,1,1,0.02829,-0.01292,0.62168,0.61379,0.55578,24.04777,1,-0.01042,-0.04509,0.95605,0.00472,1,1,participant_26,question_4,Timer-Correct,True,Other
0.0,0,21,1,-0.02667,-0.06815,0,0.67135,0.69074,0.02051,14877,4505.22998,1,-0.0305,-0.0495,-0.03174,-0.01154,0.58965,0.35286,0.55247,24.14549,1,-0.03266,-0.06754,0.96183,0.0048,1,1,0.02829,-0.01292,0.62168,0.61384,0.55578,23.98382,1,-0.02067,-0.06876,0.97381,0.00475,1,1,participant_26,question_4,Timer-Correct,True,Other
0.0,0,21,1,-0.04715,-0.08575,0,0.67135,0.69074,0.02734,14877,4505.22998,1,-0.03383,-0.05675,-0.03174,-0.01154,0.58965,0.3527,0.55234,24.04936,1,-0.07167,-0.09405,0.97959,0.00471,1,1,0.02829,-0.01292,0.62168,0.61385,0.5558,23.98921,1,-0.02263,-0.07745,0.97959,0.00475,1,1,participant_26,question_4,Timer-Correct,True,Other
0.0,0,21,1,-0.04484,-0.08507,0,0.67135,0.69074,0.03369,14877,4505.22998,1,-0.03566,-0.06147,-0.03174,-0.01154,0.58965,0.35273,0.55239,23.93537,1,-0.07232,-0.10237,0.98538,0.00473,1,1,0.02829,-0.01292,0.62168,0.61388,0.55583,24.01955,1,-0.01736,-0.06777,0.98538,0.00472,1,1,participant_26,question_4,Timer-Correct,True,Other
0.0,0,21,1,-0.04707,-0.08844,0,0.65729,0.68426,0.04053,14877,4505.22998,1,-0.03729,-0.06532,-0.03238,-0.01181,0.60316,0.3527,0.55231,23.99396,1,-0.07707,-0.10977,0.99117,0.00473,1,1,0.02757,-0.01256,0.60472,0.6139,0.55602,24.51853,1,-0.01708,-0.06711,0.98488,0.0047,1,1,participant_26,question_4,Timer-Correct,True,Other
0.0,0,21,1,-0.04196,-0.07408,0,0.65729,0.68426,0.04736,14877,4505.22998,1,-0.03788,-0.06641,-0.03238,-0.01181,0.60316,0.3528,0.55234,24.30386,1,-0.06881,-0.09315,0.98488,0.00469,1,1,0.02757,-0.01256,0.60472,0.61394,0.5561,24.58667,1,-0.01511,-0.05501,0.97859,0.00472,1,1,participant_26,question_4,Timer-Correct,True,Other
0.0,0,21,1,-0.03462,-0.06375,0,0.65729,0.68426,0.05371,14877,4505.22998,1,-0.03751,-0.06612,-0.03238,-0.01181,0.60316,0.35276,0.55241,24.21623,1,-0.06367,-0.0742,0.97859,0.00477,1,1,0.02757,-0.01256,0.60472,0.61395,0.55614,24.56332,1,-0.00556,-0.05331,0.97231,0.0047,1,1,participant_26,question_4,Timer-Correct,True,Other
0.0,0,21,1,-0.03469,-0.06389,0,0.65729,0.68426,0.06055,14877,4505.22998,1,-0.03723,-0.0659,-0.03331,-0.01213,0.61964,0.35274,0.55251,24.13754,1,-0.06376,-0.07433,0.9787,0.00482,1,1,0.02757,-0.01256,0.60472,0.61396,0.55616,24.56858,1,-0.00563,-0.05345,0.97242,0.00469,1,1,participant_26,question_4,Timer-Correct,True,Other
0.0,0,21,1,-0.03885,-0.08609,0,0.65729,0.68426,0.06689,14877,4505.22998,1,-0.03738,-0.06773,-0.03331,-0.01213,0.61964,0.35279,0.55232,24.02399,1,-0.06169,-0.07019,0.97881,0.00474,1,1,0.02757,-0.01256,0.60472,0.61396,0.55618,24.69755,1,-0.01602,-0.10199,0.97881,0.00468,1,1,participant_26,question_4,Timer-Correct,True,Other
0.0,0,21,1,-0.0465,-0.0869,0,0.64323,0.67778,0.07471,14877,4505.22998,1,-0.03814,-0.06933,-0.03331,-0.01213,0.61964,0.3527,0.55239,24.19417,1,-0.06882,-0.06837,0.98521,0.00478,1,1,0.02757,-0.01256,0.60472,0.61393,0.55621,24.57166,1,-0.02419,-0.10542,0.98521,0.00468,1,1,participant_26,question_4,Timer-Correct,True,Other
0.0,0,21,1,-0.05276,-0.09948,0,0.64323,0.67778,0.08105,14877,4505.22998,1,-0.03926,-0.07165,-0.03331,-0.01213,0.61964,0.35275,0.55229,23.9723,1,-0.07403,-0.07632,0.99161,0.00478,1,1,0.02829,-0.01292,0.62168,0.61392,0.5562,24.56865,1,-0.0315,-0.12265,0.99789,0.00469,1,1,participant_26,question_4,Timer-Correct,True,Other
0.0,0,21,1,-0.05958,-0.10865,0,0.64323,0.67778,0.0874,14877,4505.22998,1,-0.04072,-0.07429,-0.03331,-0.01213,0.61964,0.35274,0.55237,24.23293,1,-0.08715,-0.09012,0.99789,0.00471,1,1,0.02829,-0.01292,0.62168,0.61392,0.5562,24.56865,1,-0.03201,-0.12717,1.00418,0.00469,1,1,participant_26,question_4,Timer-Correct,True,Other
0.0,0,21,1,-0.03991,-0.10041,0,0.64323,0.67778,0.09424,14877,4505.22998,1,-0.04066,-0.07603,-0.03331,-0.01213,0.61964,0.35266,0.55234,24.50297,1,-0.04262,-0.10311,1.00418,0.00463,1,1,0.02829,-0.01292,0.62168,0.61391,0.5562,24.53987,1,-0.03721,-0.09772,1.01047,0.00469,1,1,participant_26,question_4,Timer-Correct,True,Other
0.0,0,21,1,-0.03595,-0.09284,0,0.64323,0.67778,0.10059,14877,4505.22998,1,-0.04037,-0.07708,-0.03196,-0.01161,0.59287,0.35266,0.55246,24.31652,1,-0.03808,-0.09573,0.99828,0.00471,1,1,0.02829,-0.01292,0.62168,0.61391,0.5562,24.50319,1,-0.03382,-0.08994,1.00457,0.00469,1,1,participant_26,question_4,Timer-Correct,True,Other
0.0,0,21,1,-0.0301,-0.08269,0,0.62604,0.67222,0.10742,14877,4505.22998,1,-0.03976,-0.07741,-0.03196,-0.01161,0.59287,0.35269,0.55257,24.20647,1,-0.02735,-0.06197,0.99239,0.00477,1,1,0.02829,-0.01292,0.62168,0.61389,0.55626,24.40431,1,-0.03285,-0.10342,0.99239,0.00471,1,1,participant_26,question_4,Timer-Correct,True,Other
0.0,0,21,1,-0.02623,-0.11128,0,0.62604,0.67222,0.11426,14877,4505.22998,1,-0.03901,-0.07929,-0.03196,-0.01161,0.59287,0.35275,0.55293,24.04115,1,-0.02215,-0.09178,0.9802,0.00486,1,1,0.02829,-0.01292,0.62168,0.61385,0.55634,24.54979,1,-0.03031,-0.13078,0.9802,0.0047,1,1,participant_26,question_4,Timer-Correct,True,Other
0.0,0,21,1,-0.02191,-0.10277,0,0.62604,0.67222,0.12061,14877,4505.22998,1,-0.03811,-0.08053,-0.03357,-0.01225,0.62361,0.35273,0.55291,24.05936,1,-0.01726,-0.08367,0.97381,0.00486,1,1,0.02829,-0.01296,0.62168,0.61382,0.55641,24.68546,1,-0.02656,-0.12188,0.97381,0.00468,1,1,participant_26,question_4,Timer-Correct,True,Other
0.0,0,21,1,-0.03739,-0.10777,0,0.62604,0.67222,0.12744,14877,4505.22998,1,-0.03808,-0.08189,-0.03357,-0.01225,0.62361,0.35252,0.5529,24.41338,1,-0.03904,-0.11204,0.97959,0.0047,1,1,0.02829,-0.01296,0.62168,0.61374,0.55646,24.16133,1,-0.03574,-0.1035,0.97959,0.00471,1,1,participant_26,question_4,Timer-Correct,True,Other
0.0,0,21,1,-0.04573,-0.11655,0,0.57969,0.65648,0.13428,14877,4505.22998,1,-0.03844,-0.08354,-0.03357,-0.01225,0.62361,0.3524,0.55307,24.07165,1,-0.04769,-0.1183,0.98538,0.0048,1,1,0.02829,-0.01296,0.62168,0.61374,0.55648,24.09147,1,-0.04376,-0.1148,0.98538,0.00471,1,1,participant_26,question_4,Timer-Correct,True,Other
0.0,0,21,1,-0.04787,-0.11995,0,0.57969,0.65648,0.14111,14877,4505.22998,1,-0.03887,-0.0852,-0.033,-0.01206,0.6113,0.3524,0.5529,24.31237,1,-0.05228,-0.12578,0.99117,0.00471,1,1,0.02775,-0.01278,0.61077,0.61372,0.55654,23.91575,1,-0.04346,-0.11412,0.98488,0.00473,1,1,participant_26,question_4,Timer-Correct,True,Other
0.0,0,21,1,-0.0395,-0.11114,0,0.57969,0.65648,0.14795,14877,4505.22998,1,-0.0389,-0.08633,-0.033,-0.01206,0.6113,0.35228,0.55296,24.53199,1,-0.06092,-0.11247,0.98488,0.00468,1,1,0.02775,-0.01278,0.61077,0.61355,0.55654,24.25909,1,-0.01808,-0.10982,0.97859,0.00467,1,1,participant_26,question_4,Timer-Correct,True,Other
0.0,0,21,1,-0.03619,-0.10934,0,0.57969,0.65648,0.1543,14877,4505.22998,1,-0.03878,-0.08728,-0.033,-0.01206,0.6113,0.35247,0.55289,24.50566,1,-0.0405,-0.11058,0.97859,0.00472,1,1,0.02775,-0.01278,0.61077,0.61374,0.55653,24.33603,1,-0.03189,-0.10811,0.97231,0.00469,1,1,participant_26,question_4,Timer-Correct,True,Other
0.0,0,21,1,-0.03185,-0.10095,0,0.57969,0.65648,0.16016,14877,4505.22998,1,-0.03851,-0.08783,-0.03357,-0.01225,0.62361,0.35262,0.5531,24.1261,1,-0.03555,-0.10246,0.97231,0.00478,1,1,0.02757,-0.01265,0.60472,0.61398,0.5564,24.36315,1,-0.02816,-0.09944,0.96602,0.00465,1,1,participant_26,question_4,Timer-Correct,True,Other
0.0,0,21,1,0.02838,-0.09233,0,0.51875,0.63333,0.16748,14877,4505.22998,1,-0.03593,-0.088,-0.03357,-0.01225,0.62361,0.35371,0.55282,24.73577,1,0.01832,-0.05945,0.96602,0.00475,1,1,0.02757,-0.01265,0.60472,0.61493,0.55622,24.31272,1,0.03843,-0.1252,0.96602,0.00477,1,1,participant_26,question_4,Timer-Correct,True,Other
0.0,0,21,1,0.03115,-0.11225,0,0.51875,0.63333,0.17432,14877,4505.22998,1,-0.03345,-0.0889,-0.03357,-0.01225,0.62361,0.35371,0.55281,24.59681,1,0.01985,-0.10975,0.96602,0.00476,1,1,0.02757,-0.01265,0.60472,0.61486,0.55625,24.37684,1,0.04246,-0.11476,0.96602,0.00467,1,1,participant_26,question_4,Timer-Correct,True,Other
0.0,0,21,1,0.03115,-0.11225,0,0.51875,0.63333,0.18066,14877,4505.22998,1,-0.03114,-0.08974,-0.03259,-0.01193,0.60701,0.35382,0.55276,24.49051,1,0.01985,-0.10975,0.96602,0.00473,1,1,0.02774,-0.01265,0.6066,0.61507,0.55626,24.40907,1,0.04246,-0.11476,0.96602,0.00463,1,1,participant_26,question_4,Timer-Correct,True,Other
0.0,0,21,1,0.02866,-0.10899,0,0.51875,0.63333,0.1875,14877,4505.22998,1,-0.02908,-0.0904,-0.03259,-0.01193,0.60701,0.3538,0.5527,24.40465,1,0.01803,-0.10471,0.96602,0.00472,1,1,0.02774,-0.01265,0.6066,0.61505,0.55627,24.04768,1,0.0393,-0.11327,0.96602,0.00465,1,1,participant_26,question_4,Timer-Correct,True,Other
0.0,0,21,1,0.03052,-0.10194,0,0.51875,0.63333,0.19385,14877,4505.22998,1,-0.02709,-0.09078,-0.03259,-0.01193,0.60701,0.35373,0.55283,24.37584,1,0.02106,-0.09075,0.96602,0.00469,1,1,0.02774,-0.01265,0.6066,0.61502,0.5563,24.00535,1,0.03997,-0.11313,0.96602,0.00466,1,1,participant_26,question_4,Timer-Correct,True,Other
0.0,0,21,1,0.03052,-0.10194,0,0.4526,0.62593,0.19385,14877,4505.22998,0,-0.00485,-0.10795,-0.03238,-0.0119,0.60316,0.35379,0.55293,24.22424,1,0.02106,-0.09075,0.96602,0.00467,1,1,0.02774,-0.01265,0.6066,0.61501,0.55636,24.0364,1,0.03997,-0.11313,0.96602,0.00463,1,1,participant_26,question_4,Timer-Correct,True,Other
0.0,0,21,1,0.02921,-0.11345,0,0.4526,0.62593,0.19385,14877,4505.22998,0,0.01218,-0.1107,-0.03238,-0.0119,0.60316,0.35385,0.5528,24.1298,1,0.01536,-0.10672,0.96602,0.00469,1,1,0.02774,-0.01265,0.6066,0.61512,0.55634,24.1474,1,0.04307,-0.12018,0.96602,0.00466,1,1,participant_26,question_4,Timer-Correct,True,Other
0.0,0,21,1,0.03154,-0.10602,0,0.4526,0.62593,0.19385,14877,4505.22998,0,0.01863,-0.10914,-0.03238,-0.0119,0.60316,0.35387,0.55283,24.21364,1,0.02142,-0.0979,0.96602,0.00466,1,1,0.02774,-0.01265,0.6066,0.61514,0.55629,24.10833,1,0.04165,-0.11414,0.96602,0.00464,1,1,participant_26,question_4,Timer-Correct,True,Other
0.0,0,21,1,0.03154,-0.10602,0,0.4526,0.62593,0.02002,14878,4505.43066,1,0.02186,-0.10836,-0.03259,-0.01202,0.60701,0.35391,0.55282,24.26318,1,0.02142,-0.0979,0.96602,0.00463,1,1,0.02774,-0.01265,0.6066,0.61526,0.55635,23.92449,1,0.04165,-0.11414,0.96602,0.00469,1,1,participant_26,question_4,Timer-Correct,True,Other
0.0,0,21,1,0.02304,-0.10371,0,0.4026,0.62593,0.02734,14878,4505.43066,1,0.0221,-0.10743,-0.03259,-0.01202,0.60701,0.35399,0.55283,24.24297,1,0.02702,-0.09517,0.96602,0.00463,1,1,0.02774,-0.01265,0.6066,0.61526,0.55635,23.95256,1,0.01906,-0.11224,0.96602,0.00469,1,1,participant_26,question_4,Timer-Correct,True,Other
0.0,0,21,1,0.02407,-0.10063,0,0.4026,0.62593,0.03418,14878,4505.43066,1,0.02243,-0.10629,-0.03259,-0.01202,0.60701,0.35406,0.55283,24.29916,1,0.02802,-0.09259,0.96602,0.00463,1,1,0.02774,-0.01265,0.6066,0.61529,0.55638,23.91679,1,0.02012,-0.10866,0.96602,0.00469,1,1,participant_26,question_4,Timer-Correct,True,Other
0.0,0,21,1,0.02407,-0.10063,0,0.4026,0.62593,0.04053,14878,4505.43066,1,0.02266,-0.10548,-0.03265,-0.01199,0.60995,0.35407,0.55281,24.33322,1,0.02802,-0.09259,0.96602,0.00464,1,1,0.02774,-0.01265,0.6066,0.6153,0.55632,24.10721,1,0.02012,-0.10866,0.96602,0.00468,1,1,participant_26,question_4,Timer-Correct,True,Other
0.0,0,21,1,0.03276,-0.1105,0,0.4026,0.62593,0.04736,14878,4505.43066,1,0.02392,-0.10611,-0.03265,-0.01199,0.60995,0.35417,0.55275,24.10364,1,0.03598,-0.09992,0.96602,0.00464,1,1,0.02774,-0.01265,0.6066,0.61533,0.55631,24.15327,1,0.02954,-0.12107,0.96602,0.00469,1,1,participant_26,question_4,Timer-Correct,True,Other
0.0,0,21,1,0.03777,-0.08126,0,0.4026,0.62593,0.0542,14878,4505.43066,1,0.02546,-0.10335,-0.03265,-0.01199,0.60995,0.35428,0.55283,23.88698,1,0.03625,-0.0993,0.96602,0.00479,1,1,0.02774,-0.01265,0.6066,0.61539,0.55625,24.16395,1,0.03928,-0.06321,0.96602,0.00469,1,1,participant_26,question_4,Timer-Correct,True,Other
0.0,0,21,1,0.03777,-0.08126,0,0.4026,0.62593,0.06201,14878,4505.43066,1,0.02669,-0.10114,-0.03265,-0.01199,0.60995,0.35416,0.55305,24.16375,1,0.03625,-0.0993,0.96602,0.00481,1,1,0.02774,-0.01265,0.6066,0.61542,0.55623,24.28293,1,0.03928,-0.06321,0.96602,0.00466,1,1,participant_26,question_4,Timer-Correct,True,Other
0.0,0,21,1,0.0296,-0.08255,0,0.38698,0.62222,0.06787,14878,4505.43066,1,0.02696,-0.09945,-0.03265,-0.01199,0.60995,0.35421,0.55297,24.27818,1,0.0151,-0.1067,0.96602,0.00476,1,1,0.02774,-0.01265,0.6066,0.61548,0.55627,24.38088,1,0.04411,-0.0584,0.96602,0.00466,1,1,participant_26,question_4,Timer-Correct,True,Other
0.0,0,21,1,0.03887,-0.0838,0,0.38698,0.62222,0.07422,14878,4505.43066,1,0.02795,-0.09815,-0.03265,-0.01199,0.60995,0.35418,0.55299,24.21474,1,0.02523,-0.0992,0.96602,0.00475,1,1,0.02774,-0.01265,0.6066,0.61547,0.55623,24.25278,1,0.0525,-0.06839,0.96602,0.00471,1,1,participant_26,question_4,Timer-Correct,True,Other
0.0,0,21,1,0.03887,-0.0838,0,0.38698,0.62222,0.08057,14878,4505.43066,1,0.02879,-0.09704,-0.03265,-0.01199,0.60995,0.35434,0.55299,24.23572,1,0.02523,-0.0992,0.96602,0.00474,1,1,0.02812,-0.01278,0.61284,0.6156,0.55627,24.08552,1,0.0525,-0.06839,0.96602,0.00472,1,1,participant_26,question_4,Timer-Correct,True,Other
0.0,0,21,1,0.03096,-0.0774,0,0.38542,0.62222,0.0874,14878,4505.43066,1,0.02894,-0.09564,-0.03265,-0.01199,0.60995,0.35447,0.55293,24.40122,1,0.00917,-0.05377,0.96602,0.00475,1,1,0.02812,-0.01278,0.61284,0.61572,0.5563,23.90268,1,0.05276,-0.10103,0.96602,0.00469,1,1,participant_26,question_4,Timer-Correct,True,Other
0.0,0,21,1,0.03524,-0.10597,0,0.38542,0.62222,0.09424,14878,4505.43066,1,0.02936,-0.09633,-0.03265,-0.01199,0.60995,0.35441,0.55285,24.437,1,0.00822,-0.11208,0.96602,0.00469,1,1,0.02812,-0.01278,0.61284,0.61585,0.5564,23.97349,1,0.06226,-0.09985,0.96602,0.00471,1,1,participant_26,question_4,Timer-Correct,True,Other
0.0,0,21,1,0.03524,-0.10597,0,0.38542,0.62222,0.10059,14878,4505.43066,1,0.02973,-0.09693,-0.03228,-0.01188,0.60475,0.35448,0.55281,24.62314,1,0.00822,-0.11208,0.96602,0.00468,1,1,0.02782,-0.0126,0.60435,0.61586,0.55638,24.04044,1,0.06226,-0.09985,0.96602,0.00471,1,1,participant_26,question_4,Timer-Correct,True,Other
0.0,0,21,1,0.03155,-0.10546,0,0.38542,0.62222,0.10791,14878,4505.43066,1,0.02984,-0.09743,-0.03228,-0.01188,0.60475,0.35467,0.55292,24.44095,1,0.02156,-0.10262,0.96602,0.00471,1,1,0.02782,-0.0126,0.60435,0.61579,0.55636,24.0364,1,0.04155,-0.1083,0.96602,0.00464,1,1,participant_26,question_4,Timer-Correct,True,Other
0.0,0,21,1,0.02738,-0.08141,0,0.38542,0.62222,0.11426,14878,4505.43066,1,0.0297,-0.09654,-0.03228,-0.01188,0.60475,0.35491,0.55288,24.05324,1,0.03953,-0.05647,0.96602,0.00471,1,1,0.02782,-0.0126,0.60435,0.61605,0.5564,23.87547,1,0.01522,-0.10634,0.96602,0.0047,1,1,participant_26,question_4,Timer-Correct,True,Other
0.0,0,21,1,0.02738,-0.08141,0,0.38281,0.62037,0.12109,14878,4505.43066,1,0.02958,-0.09575,-0.03254,-0.01201,0.61124,0.3549,0.55261,24.12762,1,0.03953,-0.05647,0.96602,0.00457,1,1,0.02782,-0.0126,0.60435,0.61601,0.55638,23.86817,1,0.01522,-0.10634,0.96602,0.00468,1,1,participant_26,question_4,Timer-Correct,True,Other
0.0,0,21,1,0.04275,-0.07353,0,0.38281,0.62037,0.12744,14878,4505.43066,1,0.03024,-0.09463,-0.03254,-0.01201,0.61124,0.355,0.55278,24.00988,1,0.04719,-0.07677,0.96602,0.00471,1,1,0.02782,-0.0126,0.60435,0.61614,0.55631,24.05185,1,0.0383,-0.07028,0.96602,0.0047,1,1,participant_26,question_4,Timer-Correct,True,Other
0.0,0,21,1,0.0282,-0.06699,0,0.38281,0.62037,0.13428,14878,4505.43066,1,0.03014,-0.09332,-0.03254,-0.01201,0.61124,0.35502,0.55278,24.00944,1,0.01829,-0.06199,0.96602,0.00472,1,1,0.02782,-0.0126,0.60435,0.61613,0.5563,23.99384,1,0.0381,-0.07199,0.96602,0.00471,1,1,participant_26,question_4,Timer-Correct,True,Other
0.0,0,20,1,0.02658,-0.07119,0,0.38281,0.62037,0.1416,14878,4505.43066,1,0.02998,-0.09231,-0.03254,-0.01201,0.61124,0.35508,0.55283,24.1207,1,0.01829,-0.06199,0.96602,0.00476,1,1,0.02919,-0.0132,0.63293,0.6162,0.55623,24.25852,1,0.03486,-0.0804,0.97231,0.00466,1,1,participant_26,question_4,Timer-Correct,True,Other
0.0,0,20,1,0.02188,-0.06363,0,0.38281,0.62037,0.14795,14878,4505.43066,1,0.02963,-0.09106,-0.03254,-0.01201,0.61124,0.35511,0.55251,24.10497,1,0.00477,-0.03985,0.97231,0.00486,1,1,0.02919,-0.0132,0.63293,0.61625,0.55625,24.37188,1,0.03898,-0.08742,0.97859,0.00468,1,1,participant_26,question_4,Timer-Correct,True,Other
0.0,0,20,1,0.01829,-0.07265,0,0.35625,0.59167,0.15527,14878,4505.43066,1,0.02915,-0.0903,-0.03254,-0.01201,0.61124,0.35518,0.55257,24.3924,1,-0.00343,-0.04661,0.97859,0.00475,1,1,0.02919,-0.0132,0.63293,0.61625,0.55622,24.33089,1,0.04001,-0.0987,0.98488,0.00465,1,1,participant_26,question_4,Timer-Correct,True,Other
0.0,0,20,1,0.01438,-0.0807,0,0.35625,0.59167,0.16162,14878,4505.43066,1,0.02856,-0.08991,-0.03256,-0.01201,0.61334,0.35535,0.55259,24.18399,1,-0.0081,-0.05428,0.98488,0.00479,1,1,0.02879,-0.01297,0.62226,0.61637,0.55619,24.05547,1,0.03685,-0.10712,0.99117,0.00474,1,1,participant_26,question_4,Timer-Correct,True,Other
0.0,0,20,1,0.04777,-0.07669,0,0.35625,0.59167,0.16797,14878,4505.43066,1,0.0293,-0.08941,-0.03256,-0.01201,0.61334,0.35582,0.55231,24.44905,1,0.04949,-0.09081,0.99117,0.00464,1,1,0.02879,-0.01297,0.62226,0.61686,0.55614,24.3546,1,0.04604,-0.06258,0.99117,0.00463,1,1,participant_26,question_4,Timer-Correct,True,Other
0.0,0,20,1,0.08741,-0.0769,0,0.35625,0.59167,0.1748,14878,4505.43066,1,0.03145,-0.08894,-0.03256,-0.01201,0.61334,0.35655,0.55206,23.88465,1,0.05763,-0.0917,0.99117,0.00465,1,1,0.02879,-0.01297,0.62226,0.61765,0.55622,24.25257,1,0.11718,-0.06211,0.99117,0.00468,1,1,participant_26,question_4,Timer-Correct,True,Other
0.0,0,20,1,0.08871,-0.07289,0,0.35625,0.59167,0.18115,14878,4505.43066,1,0.0335,-0.08837,-0.0323,-0.01193,0.612,0.35688,0.55185,23.77199,1,0.05763,-0.0917,0.99117,0.0046,1,1,0.02857,-0.01277,0.61266,0.61809,0.55608,24.48402,1,0.11978,-0.05408,0.98488,0.00465,1,1,participant_26,question_4,Timer-Correct,True,Other
0.0,0,20,1,0.07873,-0.06865,0,0.33125,0.56667,0.18799,14878,4505.43066,1,0.03506,-0.08769,-0.0323,-0.01193,0.612,0.35752,0.55192,23.70944,1,0.05689,-0.08174,0.98488,0.00471,1,1,0.02857,-0.01277,0.61266,0.61843,0.55622,24.18149,1,0.10057,-0.05555,0.97859,0.0047,1,1,participant_26,question_4,Timer-Correct,True,Other
0.0,0,20,1,0.0961,-0.06098,0,0.33125,0.56667,0.19434,14878,4505.43066,1,0.03709,-0.0868,-0.0323,-0.01193,0.612,0.35758,0.55191,23.71774,1,0.0773,-0.08365,0.97859,0.00469,1,1,0.02857,-0.01277,0.61266,0.61852,0.55623,24.30147,1,0.1149,-0.03831,0.97231,0.0047,1,1,participant_26,question_4,Timer-Correct,True,Other
0.0,0,20,1,0.09814,-0.05705,0,0.33125,0.56667,0.20117,14878,4505.43066,1,0.03906,-0.08584,-0.03174,-0.01179,0.60474,0.35765,0.55202,24.00866,1,0.08137,-0.07578,0.97231,0.00463,1,1,0.02882,-0.01282,0.61699,0.61874,0.55619,24.69941,1,0.1149,-0.03831,0.97231,0.00468,1,1,participant_26,question_4,Timer-Correct,True,Other
0.0,0,20,1,0.10302,-0.06635,0,0.33125,0.56667,0.20752,14878,4505.43066,1,0.04106,-0.08523,-0.03174,-0.01179,0.60474,0.35783,0.55199,24.04966,1,0.08713,-0.07566,0.97231,0.00469,1,1,0.02882,-0.01282,0.61699,0.61888,0.55613,24.53349,1,0.11891,-0.05704,0.97859,0.00467,1,1,participant_26,question_4,Timer-Correct,True,Other
0.0,0,20,1,0.10169,-0.0835,0,0.30937,0.5463,0.20752,14878,4505.43066,0,0.06522,-0.07093,-0.03174,-0.01179,0.60474,0.35785,0.55183,23.7873,1,0.08665,-0.08584,0.97859,0.00471,1,1,0.02882,-0.01282,0.61699,0.61895,0.55605,24.18458,1,0.11673,-0.08115,0.98488,0.00469,1,1,participant_26,question_4,Timer-Correct,True,Other
0.0,0,20,1,0.09969,-0.08744,0,0.30937,0.5463,0.20752,14878,4505.43066,0,0.08246,-0.07918,-0.03174,-0.01179,0.60474,0.35793,0.55174,23.80213,1,0.08264,-0.09372,0.98488,0.00466,1,1,0.02823,-0.01254,0.60348,0.61907,0.55591,23.6082,1,0.11673,-0.08115,0.98488,0.00471,1,1,participant_26,question_4,Timer-Correct,True,Other
0.0,0,20,1,0.10394,-0.09463,0,0.30937,0.5463,0.20752,14878,4505.43066,0,0.08962,-0.08433,-0.03174,-0.01179,0.60474,0.3581,0.55166,23.78666,1,0.08219,-0.11809,0.98488,0.00466,1,1,0.02823,-0.01254,0.60348,0.61897,0.55565,23.81893,1,0.12569,-0.07117,0.97859,0.00461,1,1,participant_26,question_4,Timer-Correct,True,Other
0.0,0,20,1,0.10818,-0.08414,0,0.30937,0.5463,0.02002,14879,4505.64502,1,0.09426,-0.08429,-0.03174,-0.01179,0.60474,0.35797,0.55155,23.84778,1,0.08726,-0.10225,0.97859,0.0046,1,1,0.02823,-0.01254,0.60348,0.61901,0.55568,24.03248,1,0.12911,-0.06604,0.97231,0.0046,1,1,participant_26,question_4,Timer-Correct,True,Other
0.0,0,20,1,0.11263,-0.07235,0,0.30937,0.5463,0.02637,14879,4505.64502,1,0.09793,-0.0819,-0.03174,-0.01179,0.60474,0.35803,0.55157,23.7782,1,0.09126,-0.09427,0.97231,0.00464,1,1,0.02835,-0.01257,0.60501,0.61911,0.55565,23.63832,1,0.13399,-0.05042,0.96033,0.00468,1,1,participant_26,question_4,Timer-Correct,True,Other
0.0,0,20,1,0.12751,-0.06105,0,0.28281,0.51389,0.03418,14879,4505.64502,1,0.10286,-0.07842,-0.03174,-0.01179,0.60474,0.35807,0.55163,23.9913,1,0.11009,-0.08209,0.96033,0.00465,1,1,0.02835,-0.01257,0.60501,0.61916,0.55563,23.79381,1,0.14494,-0.04001,0.95465,0.00465,1,1,participant_26,question_4,Timer-Correct,True,Other
0.0,0,20,1,0.12083,-0.05705,0,0.28281,0.51389,0.04053,14879,4505.64502,1,0.10543,-0.07537,-0.03174,-0.01179,0.60474,0.35808,0.55163,23.93334,1,0.11413,-0.07623,0.95465,0.00467,1,1,0.02835,-0.01257,0.60501,0.61916,0.55559,23.66224,1,0.12753,-0.03787,0.94896,0.00465,1,1,participant_26,question_4,Timer-Correct,True,Other
0.0,0,20,1,0.11927,-0.06168,0,0.28281,0.51389,0.04736,14879,4505.64502,1,0.10716,-0.07366,-0.03261,-0.01209,0.62216,0.35809,0.55175,24.3058,1,0.11369,-0.07713,0.95535,0.00461,1,1,0.02855,-0.01264,0.60822,0.61931,0.55563,23.52188,1,0.12484,-0.04623,0.95535,0.00474,1,1,participant_26,question_4,Timer-Correct,True,Other
0.0,0,20,1,0.1095,-0.08122,0,0.28281,0.51389,0.0542,14879,4505.64502,1,0.10742,-0.0745,-0.03261,-0.01209,0.62216,0.35813,0.55191,24.22505,1,0.11671,-0.09593,0.96175,0.00469,1,1,0.02855,-0.01264,0.60822,0.61929,0.55582,24.15864,1,0.10229,-0.06651,0.96744,0.00467,1,1,participant_26,question_4,Timer-Correct,True,Other
0.0,0,20,1,0.09308,-0.09571,0,0.25729,0.45093,0.06104,14879,4505.64502,1,0.10598,-0.07662,-0.03261,-0.01209,0.62216,0.35822,0.5519,24.14056,1,0.08784,-0.11053,0.97383,0.00466,1,1,0.02855,-0.01264,0.60822,0.61932,0.55582,24.28061,1,0.09831,-0.08089,0.97952,0.00464,1,1,participant_26,question_4,Timer-Correct,True,Other
0.0,0,20,1,0.08862,-0.10725,0,0.25729,0.45093,0.06787,14879,4505.64502,1,0.10441,-0.0794,-0.03177,-0.01175,0.607,0.35841,0.55186,24.45798,1,0.0842,-0.11783,0.97952,0.00469,1,1,0.02917,-0.01289,0.62043,0.6194,0.5557,24.06867,1,0.09304,-0.09666,0.9915,0.00465,1,1,participant_26,question_4,Timer-Correct,True,Other
0.0,0,20,1,0.08539,-0.11305,0,0.25729,0.45093,0.07422,14879,4505.64502,1,0.10282,-0.08221,-0.03177,-0.01175,0.607,0.35851,0.5518,24.60562,1,0.06124,-0.13295,0.9851,0.0047,1,1,0.02917,-0.01289,0.62043,0.61946,0.55565,23.80614,1,0.10954,-0.09316,0.99139,0.00462,1,1,participant_26,question_4,Timer-Correct,True,Other
0.0,0,20,1,0.08998,-0.10467,0,0.25729,0.45093,0.08105,14879,4505.64502,1,0.10183,-0.08394,-0.03177,-0.01175,0.607,0.3585,0.55166,24.42368,1,0.06695,-0.12529,0.98499,0.00466,1,1,0.02917,-0.01289,0.62043,0.61965,0.55576,23.81307,1,0.11301,-0.08406,0.99128,0.00466,1,1,participant_26,question_4,Timer-Correct,True,Other
0.0,0,20,1,0.09136,-0.10044,0,0.25729,0.45093,0.08789,14879,4505.64502,1,0.10109,-0.08512,-0.0313,-0.0117,0.59991,0.35855,0.55154,24.04802,1,0.06703,-0.12515,0.98488,0.00467,1,1,0.02862,-0.01267,0.60774,0.61981,0.55587,23.66301,1,0.11569,-0.07574,0.98488,0.00471,1,1,participant_26,question_4,Timer-Correct,True,Other
0.0,0,20,1,0.10916,-0.07146,0,0.23854,0.33981,0.09424,14879,4505.64502,1,0.10162,-0.0842,-0.0313,-0.0117,0.59991,0.35874,0.55171,23.8962,1,0.08709,-0.10623,0.98488,0.00468,1,1,0.02862,-0.01267,0.60774,0.61959,0.55613,24.14881,1,0.13123,-0.03669,0.97859,0.00472,1,1,participant_26,question_4,Timer-Correct,True,Other
0.0,0,20,1,0.10217,-0.10174,0,0.23854,0.33981,0.10107,14879,4505.64502,1,0.10166,-0.0853,-0.0313,-0.0117,0.59991,0.35881,0.55182,24.28682,1,0.10026,-0.08318,0.97859,0.00464,1,1,0.02862,-0.01267,0.60774,0.61974,0.55632,24.24214,1,0.10409,-0.12029,0.97231,0.00467,1,1,participant_26,question_4,Timer-Correct,True,Other
0.0,0,20,1,0.1055,-0.09352,0,0.23854,0.33981,0.10742,14879,4505.64502,1,0.10188,-0.08578,-0.0313,-0.0117,0.59991,0.35882,0.5518,24.06664,1,0.10416,-0.07534,0.97231,0.00464,1,1,0.02429,-0.01072,0.51436,0.61991,0.55618,23.92358,1,0.10683,-0.11171,0.96602,0.00464,1,1,participant_26,question_4,Timer-Correct,True,Other
0.0,0,20,1,0.09617,-0.07876,0,0.23854,0.33981,0.11426,14879,4505.64502,1,0.10157,-0.08539,-0.0313,-0.0117,0.59991,0.35916,0.55206,23.75755,1,0.09864,-0.05703,0.96602,0.00477,1,1,0.02429,-0.01072,0.51436,0.62006,0.5563,23.73067,1,0.0937,-0.10048,0.96602,0.00465,1,1,participant_26,question_4,Timer-Correct,True,Other
0.0,0,20,1,0.09739,-0.07392,0,0.23854,0.33981,0.12109,14879,4505.64502,1,0.10135,-0.08479,-0.0313,-0.0117,0.59991,0.35914,0.552,23.79954,1,0.0975,-0.05634,0.96602,0.00476,1,1,0.02429,-0.01072,0.51436,0.62016,0.55645,23.76108,1,0.09728,-0.09151,0.96602,0.00473,1,1,participant_26,question_4,Timer-Correct,True,Other
0.0,0,20,1,0.09394,-0.08219,0,0.22656,0.23426,0.12744,14879,4505.64502,1,0.10098,-0.08466,-0.03406,-0.01283,0.65553,0.35904,0.55209,24.15844,1,0.09346,-0.06425,0.97242,0.00465,1,1,0.02429,-0.01084,0.51436,0.62021,0.55642,23.7884,1,0.09442,-0.10012,0.97242,0.00474,1,1,participant_26,question_4,Timer-Correct,True,Other
0.0,0,20,1,0.08554,-0.07545,0,0.22656,0.23426,0.13428,14879,4505.64502,1,0.10024,-0.08422,-0.03406,-0.01283,0.65553,0.3591,0.55211,24.09952,1,0.06952,-0.05854,0.97881,0.00468,1,1,0.02429,-0.01084,0.51436,0.62017,0.55638,23.68204,1,0.10156,-0.09236,0.97881,0.00464,1,1,participant_26,question_4,Timer-Correct,True,Other
0.0,0,20,1,0.08614,-0.08381,0,0.22656,0.23426,0.14111,14879,4505.64502,1,0.0996,-0.0842,-0.03406,-0.01283,0.65553,0.35917,0.55236,24.53424,1,0.07124,-0.07106,0.98521,0.00469,1,1,0.02429,-0.01084,0.51436,0.62017,0.55642,23.56837,1,0.10104,-0.09655,0.98521,0.00464,1,1,participant_26,question_4,Timer-Correct,True,Other
0.0,0,20,1,0.08477,-0.08797,0,0.22656,0.23426,0.14795,14879,4505.64502,1,0.09896,-0.08437,-0.03177,-0.01198,0.61225,0.35933,0.5524,23.87051,1,0.07124,-0.07106,0.98521,0.00472,1,1,0.02929,-0.01305,0.61921,0.62017,0.55643,23.43892,1,0.09831,-0.10488,0.9915,0.00465,1,1,participant_26,question_4,Timer-Correct,True,Other
0.0,0,20,1,0.1204,-0.07688,0,0.22656,0.23426,0.15479,14879,4505.64502,1,0.09985,-0.08405,-0.03177,-0.01198,0.61225,0.36002,0.55253,24.40304,1,0.11909,-0.0593,0.9851,0.00465,1,1,0.02929,-0.01305,0.61921,0.62099,0.55657,23.34909,1,0.1217,-0.09446,0.99139,0.00463,1,1,participant_26,question_4,Timer-Correct,True,Other
0.0,0,20,1,0.16591,-0.07864,0,0.22448,0.1713,0.16113,14879,4505.64502,1,0.10249,-0.08384,-0.03177,-0.01198,0.61225,0.36102,0.5521,23.5251,1,0.15645,-0.07037,0.98499,0.00468,1,1,0.02929,-0.01305,0.61921,0.62221,0.55652,23.3408,1,0.17536,-0.0869,0.99128,0.0047,1,1,participant_26,question_4,Timer-Correct,True,Other
0.0,0,20,1,0.16856,-0.07123,0,0.22448,0.1713,0.16748,14879,4505.64502,1,0.10503,-0.08335,-0.03069,-0.01173,0.59932,0.36189,0.55221,24.32522,1,0.1597,-0.06317,0.97909,0.00476,1,1,0.02959,-0.01302,0.61579,0.62298,0.55659,23.4546,1,0.17742,-0.07929,0.98538,0.00468,1,1,participant_26,question_4,Timer-Correct,True,Other
0.0,0,20,1,0.24292,-0.06136,0,0.22448,0.1713,0.1748,14879,4505.64502,1,0.11014,-0.08254,-0.03069,-0.01173,0.59932,0.3633,0.55195,23.62535,1,0.22529,-0.06211,0.97959,0.00479,1,1,0.02959,-0.01302,0.61579,0.62426,0.55681,24.27765,1,0.26055,-0.06061,0.97959,0.00462,1,1,participant_26,question_4,Timer-Correct,True,Other
0.0,0,20,1,0.28127,-0.045,0,0.22448,0.1713,0.18115,14879,4505.64502,1,0.11625,-0.0812,-0.03069,-0.01173,0.59932,0.36377,0.55192,23.29791,1,0.27136,-0.04132,0.97381,0.00474,1,1,0.02959,-0.01302,0.61579,0.62474,0.55657,24.08961,1,0.29118,-0.04867,0.97381,0.00465,1,1,participant_26,question_4,Timer-Correct,True,Other
0.0,0,20,1,0.27991,-0.04888,0,0.22448,0.1713,0.18115,14879,4505.64502,0,0.15024,-0.07201,-0.03124,-0.01205,0.61538,0.36403,0.55188,23.47367,1,0.26866,-0.04895,0.9802,0.00472,1,1,0.02945,-0.01286,0.60814,0.62502,0.55652,23.97623,1,0.29115,-0.04881,0.97392,0.00462,1,1,participant_26,question_4,Timer-Correct,True,Other
0.0,0,20,1,0.24341,-0.06052,0,0.22552,0.09907,0.18115,14879,4505.64502,0,0.19683,-0.06626,-0.03124,-0.01205,0.61538,0.36429,0.55177,23.54542,1,0.22139,-0.07192,0.9861,0.00468,1,1,0.02945,-0.01286,0.60814,0.62499,0.55683,24.04103,1,0.26544,-0.04912,0.97981,0.00463,1,1,participant_26,question_4,Timer-Correct,True,Other
0.0,0,20,1,0.24903,-0.06775,0,0.22552,0.09907,0.18115,14879,4505.64502,0,0.21423,-0.06676,-0.03124,-0.01205,0.61538,0.36436,0.55178,23.41986,1,0.22935,-0.08139,0.992,0.00472,1,1,0.02945,-0.01286,0.60814,0.62507,0.55682,23.95873,1,0.26871,-0.05412,0.98571,0.00465,1,1,participant_26,question_4,Timer-Correct,True,Other
0.0,0,20,1,0.24694,-0.07502,0,0.22552,0.09907,0.02002,14880,4505.83301,1,0.22241,-0.06883,-0.03124,-0.01205,0.61538,0.36447,0.55181,22.98335,1,0.22663,-0.08857,0.99789,0.00474,1,1,0.02945,-0.01286,0.60814,0.62517,0.55685,24.04803,1,0.26726,-0.06147,0.99161,0.00464,1,1,participant_26,question_4,Timer-Correct,True,Other
0.0,0,20,1,0.25802,-0.05851,0,0.22552,0.09907,0.02686,14880,4505.83301,1,0.22953,-0.06676,-0.03124,-0.01205,0.61538,0.3645,0.55189,23.13425,1,0.23841,-0.06564,0.99161,0.00476,1,1,0.02945,-0.01286,0.60814,0.62524,0.5568,24.22139,1,0.27763,-0.05137,0.99161,0.00462,1,1,participant_26,question_4,Timer-Correct,True,Other
0.0,0,20,1,0.25798,-0.05743,0,0.22552,0.09907,0.0332,14880,4505.83301,1,0.23427,-0.06521,-0.03124,-0.01205,0.61538,0.36453,0.55185,23.06732,1,0.24152,-0.06591,0.99161,0.00476,1,1,0.02945,-0.01286,0.60814,0.62523,0.55681,24.19576,1,0.27444,-0.04896,0.99161,0.00461,1,1,participant_26,question_4,Timer-Correct,True,Other
0.0,0,20,1,0.25798,-0.05743,0,0.23177,0.04907,0.04004,14880,4505.83301,1,0.23766,-0.0641,-0.03124,-0.01205,0.61538,0.36454,0.55197,23.43614,1,0.24152,-0.06591,0.99161,0.00473,1,1,0.02945,-0.01286,0.60814,0.6253,0.55685,24.0173,1,0.27444,-0.04896,0.99161,0.00464,1,1,participant_26,question_4,Timer-Correct,True,Other
0.0,0,20,1,0.24293,-0.07034,0,0.23177,0.04907,0.04688,14880,4505.83301,1,0.23832,-0.06488,-0.03124,-0.01205,0.61538,0.3646,0.55237,24.59956,1,0.24171,-0.05389,0.99161,0.00468,1,1,0.02945,-0.01286,0.60814,0.62531,0.55697,24.00544,1,0.24415,-0.0868,0.99161,0.00466,1,1,participant_26,question_4,Timer-Correct,True,Other
0.0,0,20,1,0.25237,-0.0568,0,0.23177,0.04907,0.05371,14880,4505.83301,1,0.23988,-0.06398,-0.03124,-0.01205,0.61538,0.36462,0.55242,24.55224,1,0.2554,-0.03759,0.99161,0.00468,1,1,0.02945,-0.01286,0.60814,0.6253,0.55703,24.19021,1,0.24934,-0.076,0.99161,0.00464,1,1,participant_26,question_4,Timer-Correct,True,Other
0.0,0,20,1,0.25154,-0.06078,0,0.23177,0.04907,0.06006,14880,4505.83301,1,0.24105,-0.06366,-0.03124,-0.01205,0.61538,0.36475,0.55242,24.13838,1,0.2554,-0.03759,0.99161,0.00478,1,1,0.0301,-0.01317,0.62044,0.62533,0.55718,23.95129,1,0.24767,-0.08396,0.99789,0.00469,1,1,participant_26,question_4,Timer-Correct,True,Other
0.0,0,20,1,0.24376,-0.11313,0,0.2375,0.02222,0.06689,14880,4505.83301,1,0.24129,-0.06816,-0.03124,-0.01205,0.61538,0.36477,0.55253,23.86742,1,0.23935,-0.08877,0.99789,0.00479,1,1,0.0301,-0.01317,0.62044,0.62531,0.55717,23.86067,1,0.24818,-0.1375,1.00418,0.00463,1,1,participant_26,question_4,Timer-Correct,True,Other
0.0,0,20,1,0.23882,-0.1227,0,0.2375,0.02222,0.07324,14880,4505.83301,1,0.24109,-0.0727,-0.03124,-0.01205,0.61538,0.36476,0.55255,23.90491,1,0.2395,-0.09458,1.00418,0.00478,1,1,0.0301,-0.01317,0.62044,0.62531,0.55717,23.86067,1,0.23815,-0.15083,1.01047,0.00463,1,1,participant_26,question_4,Timer-Correct,True,Other
0.0,0,20,1,0.23656,-0.13066,0,0.2375,0.02222,0.08057,14880,4505.83301,1,0.24074,-0.07716,-0.03124,-0.01209,0.61538,0.36477,0.55257,23.83005,1,0.2367,-0.10221,1.01047,0.00478,1,1,0.0301,-0.01317,0.62044,0.6253,0.55717,23.87119,1,0.23643,-0.15911,1.01675,0.00462,1,1,participant_26,question_4,Timer-Correct,True,Other
0.0,0,20,1,0.22719,-0.12905,0,0.2375,0.02222,0.08691,14880,4505.83301,1,0.23977,-0.08087,-0.03124,-0.01209,0.61538,0.3646,0.55266,23.82782,1,0.22342,-0.0976,1.01675,0.00478,1,1,0.0301,-0.01317,0.62044,0.62524,0.55719,23.93972,1,0.23095,-0.1605,1.01675,0.00465,1,1,participant_26,question_4,Timer-Correct,True,Other
0.0,0,20,1,0.23947,-0.13104,0,0.2375,0.02222,0.09375,14880,4505.83301,1,0.23975,-0.08421,-0.03124,-0.01209,0.61538,0.36447,0.55262,23.92991,1,0.21215,-0.15003,1.01675,0.00469,1,1,0.0301,-0.01317,0.62044,0.6252,0.55717,24.09054,1,0.26679,-0.11206,1.01675,0.00465,1,1,participant_26,question_4,Timer-Correct,True,Other
0.0,0,20,1,0.2425,-0.119,0,0.24688,0.0,0.1001,14880,4505.83301,1,0.23992,-0.08639,-0.03098,-0.01198,0.60951,0.36445,0.55267,23.81615,1,0.21516,-0.14199,1.01036,0.00469,1,1,0.02945,-0.01286,0.60814,0.6252,0.55717,24.10443,1,0.26983,-0.096,1.00407,0.00464,1,1,participant_26,question_4,Timer-Correct,True,Other
0.0,0,20,1,0.25155,-0.09165,0,0.24688,0.0,0.10693,14880,4505.83301,1,0.24061,-0.0867,-0.03098,-0.01198,0.60951,0.36438,0.55263,23.89382,1,0.2445,-0.11504,0.99767,0.00474,1,1,0.02945,-0.01286,0.60814,0.62505,0.55718,24.1449,1,0.25861,-0.06825,0.99139,0.00465,1,1,participant_26,question_4,Timer-Correct,True,Other
0.0,0,20,1,0.26701,-0.07514,0,0.24688,0.0,0.11377,14880,4505.83301,1,0.24207,-0.08605,-0.03098,-0.01198,0.60951,0.36439,0.55269,23.8219,1,0.2736,-0.10566,0.98499,0.00469,1,1,0.02945,-0.01286,0.60814,0.62502,0.55701,23.81623,1,0.26042,-0.04461,0.9787,0.00462,1,1,participant_26,question_4,Timer-Correct,True,Other
0.0,0,20,1,0.26912,-0.0673,0,0.24688,0.0,0.12061,14880,4505.83301,1,0.2435,-0.08507,-0.03212,-0.01244,0.63083,0.36437,0.55259,23.64628,1,0.2762,-0.09784,0.9787,0.00472,1,1,0.02945,-0.01286,0.60814,0.62494,0.55697,23.86287,1,0.26203,-0.03676,0.97242,0.00466,1,1,participant_26,question_4,Timer-Correct,True,Other
0.0,0,20,1,0.26745,-0.09567,0,0.25208,0.0,0.12695,14880,4505.83301,1,0.24469,-0.0856,-0.03212,-0.01244,0.63083,0.36428,0.55264,23.41972,1,0.26606,-0.08636,0.97881,0.00484,1,1,0.02945,-0.01286,0.60814,0.62478,0.5571,23.83963,1,0.26884,-0.10499,0.97881,0.00471,1,1,participant_26,question_4,Timer-Correct,True,Other
0.0,0,20,1,0.26229,-0.10108,0,0.25208,0.0,0.13379,14880,4505.83301,1,0.24553,-0.08633,-0.03212,-0.01244,0.63083,0.3642,0.55267,23.63173,1,0.26095,-0.08724,0.98521,0.00481,1,1,0.02945,-0.01286,0.60814,0.62468,0.55715,23.9919,1,0.26363,-0.11492,0.98521,0.0047,1,1,participant_26,question_4,Timer-Correct,True,Other
0.0,0,20,1,0.26229,-0.10108,0,0.25208,0.0,0.14014,14880,4505.83301,1,0.24629,-0.087,-0.03038,-0.0118,0.59598,0.36418,0.5528,23.7331,1,0.26095,-0.08724,0.98521,0.00479,1,1,0.02924,-0.01285,0.6055,0.6247,0.55707,23.97781,1,0.26363,-0.11492,0.98521,0.00467,1,1,participant_26,question_4,Timer-Correct,True,Other
0.0,0,20,1,0.25822,-0.06886,0,0.25208,0.0,0.14697,14880,4505.83301,1,0.24681,-0.08622,-0.03038,-0.0118,0.59598,0.3639,0.55262,23.83012,1,0.25082,-0.08493,0.97881,0.00475,1,1,0.02924,-0.01285,0.6055,0.62463,0.557,24.28567,1,0.26563,-0.0528,0.97881,0.00466,1,1,participant_26,question_4,Timer-Correct,True,Other
0.0,0,20,1,0.25284,-0.07107,0,0.25208,0.0,0.1543,14880,4505.83301,1,0.24706,-0.08558,-0.03038,-0.0118,0.59598,0.36381,0.55269,23.80239,1,0.24729,-0.07399,0.97242,0.00474,1,1,0.02924,-0.01285,0.6055,0.6246,0.55697,24.47851,1,0.25838,-0.06815,0.97242,0.00466,1,1,participant_26,question_4,Timer-Correct,True,Other
0.0,0,20,1,0.25429,-0.06706,0,0.25208,0.0,0.16064,14880,4505.83301,1,0.24735,-0.08484,-0.03038,-0.0118,0.59598,0.36377,0.55263,23.66742,1,0.25017,-0.06612,0.96602,0.00472,1,1,0.03,-0.01316,0.62223,0.62458,0.55696,24.502,1,0.25841,-0.06801,0.97231,0.00465,1,1,participant_26,question_4,Timer-Correct,True,Other
0.0,0,20,1,0.24756,-0.05743,0,0.25208,0.0,0.16748,14880,4505.83301,1,0.24736,-0.08379,-0.03038,-0.0118,0.59598,0.36371,0.5526,23.54944,1,0.24042,-0.08358,0.97231,0.00474,1,1,0.03,-0.01316,0.62223,0.62457,0.55696,24.28088,1,0.2547,-0.03129,0.97859,0.00469,1,1,participant_26,question_4,Timer-Correct,True,Other
0.0,0,20,1,0.24413,-0.07155,0,0.25208,0.0,0.17383,14880,4505.83301,1,0.24724,-0.08334,-0.03038,-0.0118,0.59598,0.36367,0.55258,23.60882,1,0.23616,-0.09608,0.97859,0.00476,1,1,0.03,-0.01316,0.62223,0.62458,0.55695,24.4906,1,0.25211,-0.04703,0.98488,0.00467,1,1,participant_26,question_4,Timer-Correct,True,Other
0.0,0,20,1,0.24185,-0.07939,0,0.25208,0.0,0.18066,14880,4505.83301,1,0.24705,-0.0832,-0.03038,-0.0118,0.59598,0.36372,0.55258,23.60691,1,0.23326,-0.10392,0.98488,0.00473,1,1,0.03,-0.01316,0.62223,0.62468,0.5568,24.06064,1,0.25044,-0.05486,0.99117,0.00471,1,1,participant_26,question_4,Timer-Correct,True,Other
0.0,0,20,1,0.32209,-0.0904,0,0.2526,0.0,0.1875,14880,4505.83301,1,0.24964,-0.08344,-0.03038,-0.0118,0.59598,0.36482,0.55245,23.85036,1,0.29966,-0.11775,0.99117,0.00479,1,1,0.03,-0.01316,0.62223,0.62541,0.55679,24.1271,1,0.34452,-0.06306,0.99117,0.00477,1,1,participant_26,question_4,Timer-Correct,True,Other
0.0,0,20,1,0.33129,-0.08711,0,0.2526,0.0,0.19434,14880,4505.83301,1,0.25236,-0.08357,-0.03038,-0.0118,0.59598,0.3655,0.55231,24.13377,1,0.334,-0.07413,0.99117,0.00481,1,1,0.03,-0.01316,0.62223,0.62604,0.55633,23.46512,1,0.32858,-0.10008,0.99117,0.00471,1,1,participant_26,question_4,Timer-Correct,True,Other
0.0,0,20,1,0.32963,-0.09502,0,0.2526,0.0,0.20068,14880,4505.83301,1,0.25485,-0.08394,-0.03139,-0.01222,0.62207,0.36594,0.55221,24.16619,1,0.33182,-0.0818,0.99756,0.00483,1,1,0.0307,-0.0133,0.63101,0.62644,0.55625,23.72546,1,0.32745,-0.10823,0.99756,0.00468,1,1,participant_26,question_4,Timer-Correct,True,Other
0.0,0,20,1,0.33682,-0.08922,0,0.2526,0.0,0.20752,14880,4505.83301,1,0.25741,-0.0841,-0.03139,-0.01222,0.62207,0.36656,0.55213,24.36711,1,0.34771,-0.05973,1.00396,0.00482,1,1,0.0307,-0.0133,0.63101,0.62716,0.55623,23.62635,1,0.32594,-0.11871,1.00396,0.00474,1,1,participant_26,question_4,Timer-Correct,True,Other
0.0,0,20,1,0.34157,-0.09712,0,0.2526,0.0,0.20752,14880,4505.83301,0,0.28522,-0.08128,-0.03139,-0.01222,0.62207,0.36663,0.55215,24.22527,1,0.35342,-0.0652,1.01036,0.00487,1,1,0.0307,-0.0133,0.63101,0.62719,0.55621,23.59185,1,0.32972,-0.12903,1.01036,0.00473,1,1,participant_26,question_4,Timer-Correct,True,Other
0.0,0,20,1,0.34157,-0.09712,0,0.25573,0.0,0.20752,14880,4505.83301,0,0.31339,-0.0892,-0.03088,-0.012,0.6128,0.36666,0.55209,24.03895,1,0.35342,-0.0652,1.01036,0.00486,1,1,0.03029,-0.01298,0.6205,0.62725,0.55617,23.80665,1,0.32972,-0.12903,1.01036,0.00469,1,1,participant_26,question_4,Timer-Correct,True,Other
0.0,0,20,1,0.34541,-0.10982,0,0.25573,0.0,0.20752,14880,4505.83301,0,0.32407,-0.09607,-0.03088,-0.012,0.6128,0.36672,0.55184,23.82545,1,0.35285,-0.07907,1.00396,0.00487,1,1,0.03029,-0.01298,0.6205,0.62728,0.55613,24.34935,1,0.33798,-0.14057,1.00396,0.0047,1,1,participant_26,question_4,Timer-Correct,True,Other
0.0,0,20,1,0.35306,-0.1117,0,0.25573,0.0,0.02051,14881,4506.04688,1,0.33132,-0.09998,-0.03088,-0.012,0.6128,0.36679,0.55186,23.83865,1,0.35994,-0.08555,0.99756,0.00484,1,1,0.03029,-0.01298,0.6205,0.62745,0.55621,24.25622,1,0.34618,-0.13785,0.99756,0.00473,1,1,participant_26,question_4,Timer-Correct,True,Other
0.0,0,20,1,0.35503,-0.09962,0,0.25573,0.0,0.02686,14881,4506.04688,1,0.33606,-0.09991,-0.03088,-0.012,0.6128,0.36691,0.55174,23.74331,1,0.36191,-0.07787,0.99117,0.00484,1,1,0.0297,-0.01267,0.60759,0.62751,0.55596,24.00034,1,0.34815,-0.12136,0.98488,0.00472,1,1,participant_26,question_4,Timer-Correct,True,Other
0.0,0,20,1,0.36973,-0.06985,0,0.25573,0.0,0.03418,14881,4506.04688,1,0.34167,-0.0949,-0.03088,-0.012,0.6128,0.36705,0.55163,23.90104,1,0.37143,-0.08006,0.98488,0.00487,1,1,0.0297,-0.01267,0.60759,0.62763,0.55574,24.18559,1,0.36802,-0.05964,0.9786,0.00473,1,1,participant_26,question_4,Timer-Correct,True,Other
0.0,0,20,1,0.36257,-0.06772,0,0.2599,0.00556,0.04053,14881,4506.04688,1,0.34466,-0.09101,-0.03088,-0.012,0.6128,0.36708,0.55156,24.01716,1,0.3528,-0.07689,0.9786,0.00487,1,1,0.0297,-0.01267,0.60759,0.62761,0.55585,24.48671,1,0.37235,-0.05855,0.97231,0.00472,1,1,participant_26,question_4,Timer-Correct,True,Other
0.0,0,20,1,0.364,-0.05998,0,0.2599,0.00556,0.04736,14881,4506.04688,1,0.34707,-0.08713,-0.02988,-0.01156,0.59492,0.36712,0.55155,24.05438,1,0.35483,-0.06925,0.97231,0.00487,1,1,0.02986,-0.0127,0.60903,0.62766,0.55588,24.1383,1,0.37317,-0.0507,0.96602,0.00472,1,1,participant_26,question_4,Timer-Correct,True,Other
0.0,0,20,1,0.34629,-0.0508,0,0.2599,0.00556,0.0542,14881,4506.04688,1,0.34699,-0.0831,-0.02988,-0.01156,0.59492,0.36724,0.5514,23.90975,1,0.33314,-0.08321,0.96602,0.00486,1,1,0.02986,-0.0127,0.60903,0.62775,0.55581,24.24565,1,0.35945,-0.01839,0.96602,0.00468,1,1,participant_26,question_4,Timer-Correct,True,Other
0.0,0,20,1,0.35122,-0.05294,0,0.2599,0.00556,0.06104,14881,4506.04688,1,0.34741,-0.08008,-0.02988,-0.01156,0.59492,0.3673,0.55128,23.5832,1,0.34098,-0.08674,0.96602,0.00489,1,1,0.02986,-0.0127,0.60903,0.62783,0.55573,23.97741,1,0.36146,-0.01915,0.96602,0.00469,1,1,participant_26,question_4,Timer-Correct,True,Other
0.0,0,20,1,0.35076,-0.05678,0,0.2599,0.00556,0.06738,14881,4506.04688,1,0.34772,-0.07796,0.0,0.0,0.0,0.36732,0.55129,23.8018,1,0.34098,-0.08674,0.96602,0.00488,0,1,0.03038,-0.0129,0.61854,0.62802,0.5558,24.21955,1,0.36055,-0.02682,0.97231,0.00478,1,1,participant_26,question_4,Timer-Correct,True,Other
0.0,0,20,1,0.35422,-0.05304,0,0.26302,0.01667,0.07422,14881,4506.04688,1,0.34826,-0.07589,0.0,0.0,0.0,0.36746,0.55122,24.13474,1,0.35765,-0.05781,0.97231,0.00488,0,1,0.03038,-0.0129,0.61854,0.62815,0.55583,24.36656,1,0.35079,-0.04827,0.9786,0.00475,1,1,participant_26,question_4,Timer-Correct,True,Other
0.0,0,20,1,0.36186,-0.05974,0,0.26302,0.01667,0.08105,14881,4506.04688,1,0.3493,-0.07464,0.0,0.0,0.0,0.36763,0.55122,24.12163,1,0.36635,-0.06217,0.9786,0.00486,0,1,0.03038,-0.0129,0.61854,0.62839,0.55594,24.26296,1,0.35737,-0.05732,0.98488,0.00474,1,1,participant_26,question_4,Timer-Correct,True,Other
0.0,0,20,1,0.35899,-0.07517,0,0.26302,0.01667,0.0874,14881,4506.04688,1,0.35,-0.07468,-0.03137,-0.01214,0.62718,0.36776,0.55129,24.32582,1,0.36246,-0.07737,0.99128,0.00485,1,1,0.03094,-0.0131,0.62811,0.62834,0.55582,24.3635,1,0.35552,-0.07298,0.99756,0.00473,1,1,participant_26,question_4,Timer-Correct,True,Other
0.0,0,20,1,0.34806,-0.06399,0,0.26302,0.01667,0.09424,14881,4506.04688,1,0.34987,-0.07397,-0.03137,-0.01214,0.62718,0.36791,0.55123,24.33138,1,0.3471,-0.05124,1.00396,0.00485,1,1,0.03094,-0.0131,0.62811,0.62847,0.55582,24.56168,1,0.34902,-0.07675,1.00396,0.00475,1,1,participant_26,question_4,Timer-Correct,True,Other
0.0,0,20,1,0.35547,-0.06402,0,0.26302,0.01667,0.10059,14881,4506.04688,1,0.35022,-0.07335,-0.03137,-0.01214,0.62718,0.36801,0.55128,24.28976,1,0.35726,-0.05238,1.01036,0.00489,1,1,0.03094,-0.0131,0.62811,0.62845,0.5558,24.40043,1,0.35368,-0.07565,1.01036,0.00475,1,1,participant_26,question_4,Timer-Correct,True,Other
0.0,0,20,1,0.35448,-0.06777,0,0.26667,0.03241,0.10742,14881,4506.04688,1,0.35047,-0.07302,-0.03093,-0.012,0.62033,0.36803,0.5512,24.25594,1,0.35529,-0.05975,1.01675,0.00488,1,1,0.02962,-0.01252,0.60045,0.62861,0.55575,24.4273,1,0.35367,-0.07579,1.01047,0.00472,1,1,participant_26,question_4,Timer-Correct,True,Other
0.0,0,20,1,0.32837,-0.08602,0,0.26667,0.03241,0.11426,14881,4506.04688,1,0.34924,-0.07374,-0.03093,-0.012,0.62033,0.36801,0.55107,24.38107,1,0.32879,-0.08204,1.01047,0.00487,1,1,0.02962,-0.01252,0.60045,0.62869,0.55568,24.49825,1,0.32794,-0.09,1.00418,0.00472,1,1,participant_26,question_4,Timer-Correct,True,Other
0.0,0,20,1,0.33485,-0.08584,0,0.26667,0.03241,0.12109,14881,4506.04688,1,0.34848,-0.07438,-0.03093,-0.012,0.62033,0.36805,0.55097,24.05984,1,0.33013,-0.08394,1.00418,0.00489,1,1,0.02962,-0.01252,0.60045,0.62879,0.55576,24.40958,1,0.33956,-0.08774,0.99789,0.00478,1,1,participant_26,question_4,Timer-Correct,True,Other
0.0,0,20,1,0.33753,-0.07427,0,0.26667,0.03241,0.12744,14881,4506.04688,1,0.34793,-0.07437,-0.03035,-0.0117,0.60957,0.36816,0.55082,23.99114,1,0.33445,-0.0688,0.9915,0.00494,1,1,0.03063,-0.01288,0.61983,0.6289,0.55564,24.55852,1,0.34061,-0.07973,0.9915,0.00479,1,1,participant_26,question_4,Timer-Correct,True,Other
0.0,0,20,1,0.36199,-0.07585,0,0.27187,0.05556,0.13428,14881,4506.04688,1,0.3486,-0.07444,-0.03035,-0.0117,0.60957,0.36829,0.55073,24.08767,1,0.36272,-0.07503,0.9851,0.00491,1,1,0.03063,-0.01288,0.61983,0.62915,0.55557,24.54616,1,0.36126,-0.07667,0.99139,0.00478,1,1,participant_26,question_4,Timer-Correct,True,Other
0.0,0,20,1,0.37202,-0.07898,0,0.27187,0.05556,0.14111,14881,4506.04688,1,0.34967,-0.07465,-0.03035,-0.0117,0.60957,0.36846,0.55065,24.16432,1,0.37333,-0.07863,0.98499,0.00492,1,1,0.03063,-0.01288,0.61983,0.62927,0.55553,24.31257,1,0.37071,-0.07934,0.99128,0.00477,1,1,participant_26,question_4,Timer-Correct,True,Other
0.0,0,20,1,0.37204,-0.07885,0,0.27187,0.05556,0.14746,14881,4506.04688,1,0.35064,-0.07483,-0.03037,-0.01176,0.61008,0.36856,0.55063,24.09404,1,0.37336,-0.0785,0.98488,0.00495,1,1,0.03087,-0.01299,0.62296,0.62922,0.55565,24.70055,1,0.37072,-0.0792,0.99117,0.00477,1,1,participant_26,question_4,Timer-Correct,True,Other
0.0,0,20,1,0.32085,-0.06102,0,0.27187,0.05556,0.15479,14881,4506.04688,1,0.3494,-0.07426,-0.03037,-0.01176,0.61008,0.36805,0.55079,23.62175,1,0.31513,-0.06286,0.99117,0.00495,1,1,0.03087,-0.01299,0.62296,0.62884,0.55572,24.23647,1,0.32657,-0.05917,0.99117,0.00481,1,1,participant_26,question_4,Timer-Correct,True,Other
0.0,0,20,1,0.26383,-0.04607,0,0.27187,0.05556,0.16113,14881,4506.04688,1,0.34598,-0.07313,-0.03037,-0.01176,0.61008,0.36675,0.55106,23.49518,1,0.2632,-0.04591,0.99117,0.00492,1,1,0.03087,-0.01299,0.62296,0.62746,0.55562,23.78277,1,0.26445,-0.04624,0.99117,0.00483,1,1,participant_26,question_4,Timer-Correct,True,Other
0.0,0,20,1,0.26461,-0.0422,0,0.275,0.075,0.16797,14881,4506.04688,1,0.34285,-0.07194,-0.03088,-0.01181,0.6128,0.36592,0.55117,23.788,1,0.2632,-0.04591,0.99117,0.00492,1,1,0.02971,-0.01271,0.60959,0.62657,0.55588,24.16744,1,0.26602,-0.03849,0.98488,0.00485,1,1,participant_26,question_4,Timer-Correct,True,Other
0.0,0,20,1,0.13103,-0.05566,0,0.275,0.075,0.1748,14881,4506.04688,1,0.335,-0.07134,-0.03088,-0.01181,0.6128,0.36323,0.55149,24.12769,1,0.10678,-0.07955,0.98488,0.00482,1,1,0.02971,-0.01271,0.60959,0.62367,0.55592,23.86771,1,0.15529,-0.03177,0.9786,0.00488,1,1,participant_26,question_4,Timer-Correct,True,Other
0.0,0,20,1,0.07516,-0.04011,0,0.275,0.075,0.1748,14881,4506.04688,0,0.29306,-0.06605,-0.03088,-0.01181,0.6128,0.36153,0.55203,24.6875,1,0.06308,-0.07308,0.9786,0.00482,1,1,0.02971,-0.01271,0.60959,0.62165,0.55612,24.10043,1,0.08723,-0.00714,0.97231,0.0049,1,1,participant_26,question_4,Timer-Correct,True,Other
0.0,0,20,1,0.07868,-0.03228,0,0.275,0.075,0.1748,14881,4506.04688,0,0.18587,-0.04917,-0.0314,-0.01186,0.6105,0.36069,0.55201,24.61656,1,0.06726,-0.06528,0.97231,0.00479,1,1,0.02902,-0.01282,0.61246,0.62061,0.55635,24.88628,1,0.0901,0.00072,0.96602,0.00485,1,1,participant_26,question_4,Timer-Correct,True,Other
0.0,0,20,1,-0.05381,-0.00609,0,0.275,0.075,0.1748,14881,4506.04688,0,0.10598,-0.03481,-0.0314,-0.01186,0.6105,0.35823,0.5528,24.50315,1,-0.06861,0.00446,0.96602,0.00481,1,1,0.02902,-0.01282,0.61246,0.61744,0.55689,24.14425,1,-0.03902,-0.01664,0.96602,0.00487,1,1,participant_26,question_4,Timer-Correct,True,Other
0.0,0,20,1,-0.04378,0.02836,0,0.27552,0.08426,0.1748,14881,4506.04688,0,-0.0063,-0.00334,-0.0314,-0.01186,0.6105,0.35749,0.5529,23.95874,1,-0.05718,0.03477,0.96602,0.00477,1,1,0.02902,-0.01282,0.61246,0.61687,0.55729,24.26497,1,-0.03038,0.02196,0.96602,0.00488,1,1,participant_26,question_4,Timer-Correct,True,Other
0.0,0,20,1,-0.04564,0.02443,0,0.27552,0.08426,0.1748,14881,4506.04688,0,-0.02597,0.01055,-0.03177,-0.01198,0.61225,0.35719,0.55312,24.45566,1,-0.05718,0.03477,0.96602,0.00474,1,1,0.02917,-0.01308,0.62043,0.61653,0.55734,23.89704,1,-0.0341,0.0141,0.97231,0.00491,1,1,participant_26,question_4,Timer-Correct,True,Other
0.0,0,20,1,-0.06599,0.01378,0,0.27552,0.08426,0.1748,14881,4506.04688,0,-0.03931,0.01163,-0.03177,-0.01198,0.61225,0.35716,0.55305,24.57523,1,-0.07839,0.01534,0.97231,0.00473,1,1,0.02917,-0.01308,0.62043,0.61695,0.55727,24.22622,1,-0.0536,0.01222,0.9786,0.00489,1,1,participant_26,question_4,Timer-Correct,True,Other
0.0,0,20,1,-0.06894,-0.00733,0,0.27552,0.08426,0.02002,14882,4506.24805,1,-0.04672,0.00689,-0.03177,-0.01198,0.61225,0.35706,0.55298,24.49911,1,-0.08276,0.00407,0.9786,0.00475,1,1,0.02917,-0.01308,0.62043,0.61701,0.55736,24.61001,1,-0.05512,-0.01872,0.98488,0.00484,1,1,participant_26,question_4,Timer-Correct,True,Other
0.0,0,20,1,-0.06566,-0.00032,0,0.27552,0.08426,0.02734,14882,4506.24805,1,-0.05051,0.00545,-0.03101,-0.01163,0.5985,0.35704,0.55292,24.67886,1,-0.08318,0.00348,0.97909,0.00474,1,1,0.02811,-0.01256,0.59609,0.61697,0.55727,24.57398,1,-0.04813,-0.00412,0.97341,0.00483,1,1,participant_26,question_4,Timer-Correct,True,Other
0.0,0,20,1,-0.04507,0.01038,0,0.27552,0.08426,0.03418,14882,4506.24805,1,-0.0496,0.00627,-0.03101,-0.01163,0.5985,0.3573,0.55301,24.58609,1,-0.06416,0.00063,0.96762,0.00487,1,1,0.02811,-0.01256,0.59609,0.6172,0.55708,24.15627,1,-0.02599,0.02013,0.95565,0.00486,1,1,participant_26,question_4,Timer-Correct,True,Other
0.0,0,20,1,-0.02959,0.02562,0,0.27552,0.08426,0.04053,14882,4506.24805,1,-0.04674,0.00903,-0.03101,-0.01163,0.5985,0.35729,0.55306,24.57124,1,-0.04822,0.01299,0.94986,0.0049,1,1,0.02811,-0.01256,0.59609,0.61731,0.55702,24.07804,1,-0.01096,0.03825,0.93788,0.00487,1,1,participant_26,question_4,Timer-Correct,True,Other
0.0,0,20,1,-0.02287,0.03677,0,0.27552,0.08426,0.04785,14882,4506.24805,1,-0.04376,0.0125,-0.0315,-0.01178,0.60884,0.35742,0.55281,24.94198,1,-0.03846,0.02732,0.93788,0.00487,1,1,0.02429,-0.01076,0.51436,0.61738,0.5571,24.49444,1,-0.00727,0.04621,0.9316,0.00482,1,1,participant_26,question_4,Timer-Correct,True,Other
0.0,0,20,1,-0.02552,0.02371,0,0.27552,0.08611,0.0542,14882,4506.24805,1,-0.04173,0.01375,-0.0315,-0.01178,0.60884,0.3574,0.55296,24.79056,1,-0.03571,0.04911,0.93738,0.00498,1,1,0.02429,-0.01076,0.51436,0.61758,0.55687,24.35182,1,-0.01533,-0.00168,0.94307,0.00487,1,1,participant_26,question_4,Timer-Correct,True,Other
0.0,0,20,1,-0.03567,0.04429,0,0.27552,0.08611,0.06104,14882,4506.24805,1,-0.04113,0.0168,-0.0315,-0.01178,0.60884,0.35742,0.55282,24.69368,1,-0.03143,0.06735,0.94886,0.005,1,1,0.02429,-0.01076,0.51436,0.6176,0.557,24.71902,1,-0.03991,0.02123,0.95455,0.00482,1,1,participant_26,question_4,Timer-Correct,True,Other
0.0,0,20,1,-0.03966,0.03745,0,0.27552,0.08611,0.06738,14882,4506.24805,1,-0.04099,0.01868,-0.03101,-0.01154,0.5985,0.3574,0.55277,24.62157,1,-0.03595,0.06087,0.95455,0.00503,1,1,0.02429,-0.01072,0.51436,0.61759,0.55704,24.95826,1,-0.04338,0.01402,0.96023,0.00479,1,1,participant_26,question_4,Timer-Correct,True,Other
0.0,0,20,1,-0.03589,0.05977,0,0.27552,0.08611,0.07422,14882,4506.24805,1,-0.04057,0.0221,-0.03101,-0.01154,0.5985,0.35741,0.55245,24.94596,1,-0.04032,0.0496,0.95445,0.00487,1,1,0.02429,-0.01072,0.51436,0.61764,0.55676,25.1018,1,-0.03147,0.06993,0.95445,0.00482,1,1,participant_26,question_4,Timer-Correct,True,Other
0.0,0,20,1,-0.04448,0.05216,0,0.27552,0.08611,0.08105,14882,4506.24805,1,-0.04087,0.02441,-0.03101,-0.01154,0.5985,0.35734,0.55242,25.07046,1,-0.03231,0.04511,0.94866,0.00489,1,1,0.02429,-0.01072,0.51436,0.61765,0.55674,25.06541,1,-0.05665,0.05921,0.94866,0.00481,1,1,participant_26,question_4,Timer-Correct,True,Other
0.0,0,20,1,-0.04234,0.05521,0,0.27552,0.08611,0.0874,14882,4506.24805,1,-0.04097,0.02661,-0.03101,-0.01154,0.5985,0.35734,0.55218,24.86226,1,-0.02771,0.05183,0.94287,0.00488,1,1,0.02929,-0.01286,0.61921,0.61764,0.55671,24.93637,1,-0.05697,0.05859,0.94916,0.00482,1,1,participant_26,question_4,Timer-Correct,True,Other
0.0,0,20,1,-0.02932,0.03792,0,0.2651,0.09444,0.09424,14882,4506.24805,1,-0.0402,0.02737,-0.03101,-0.01154,0.5985,0.35714,0.55186,24.54178,1,-0.05278,0.02941,0.94916,0.00476,1,1,0.02929,-0.01286,0.61921,0.61753,0.55648,24.29245,1,-0.00586,0.04644,0.95545,0.00487,1,1,participant_26,question_4,Timer-Correct,True,Other
0.0,0,20,1,-0.04575,0.02797,0,0.2651,0.09444,0.10107,14882,4506.24805,1,-0.04054,0.0274,-0.03101,-0.01154,0.5985,0.35709,0.55187,24.62308,1,-0.05517,0.01818,0.95545,0.00477,1,1,0.02929,-0.01286,0.61921,0.61755,0.55644,24.30527,1,-0.03634,0.03777,0.96173,0.00486,1,1,participant_26,question_4,Timer-Correct,True,Other
0.0,0,20,1,-0.05245,0.01722,0,0.2651,0.09444,0.10791,14882,4506.24805,1,-0.04124,0.02681,-0.03177,-0.01171,0.61225,0.35707,0.55183,24.76366,1,-0.06508,0.00385,0.96752,0.00473,1,1,0.02429,-0.01069,0.51436,0.6175,0.55643,24.52825,1,-0.03982,0.03059,0.96752,0.00486,1,1,participant_26,question_4,Timer-Correct,True,Other
0.0,0,20,1,-0.04926,0.00579,0,0.2651,0.09444,0.11426,14882,4506.24805,1,-0.04169,0.02564,-0.03177,-0.01171,0.61225,0.35694,0.55184,24.87387,1,-0.08194,-0.00606,0.97331,0.00475,1,1,0.02429,-0.01069,0.51436,0.61741,0.55641,24.58363,1,-0.01659,0.01763,0.96702,0.00489,1,1,participant_26,question_4,Timer-Correct,True,Other
0.0,0,20,1,-0.05044,-0.00094,0,0.25,0.10556,0.12109,14882,4506.24805,1,-0.04215,0.02424,-0.03177,-0.01171,0.61225,0.3569,0.55203,24.88337,1,-0.08288,-0.01231,0.97281,0.00485,1,1,0.02429,-0.01069,0.51436,0.61738,0.55626,25.02359,1,-0.01799,0.01042,0.96652,0.00486,1,1,participant_26,question_4,Timer-Correct,True,Other
0.0,0,20,1,-0.05008,-0.00033,0,0.25,0.10556,0.12793,14882,4506.24805,1,-0.04255,0.02301,-0.03177,-0.01171,0.61226,0.35689,0.55203,24.9138,1,-0.08246,-0.01171,0.97231,0.00484,1,1,0.02429,-0.01061,0.51436,0.61738,0.5563,24.88915,1,-0.0177,0.01105,0.96602,0.00485,1,1,participant_26,question_4,Timer-Correct,True,Other
0.0,0,20,1,-0.05571,0.00843,0,0.25,0.10556,0.13525,14882,4506.24805,1,-0.04317,0.02232,-0.03177,-0.01171,0.61226,0.35686,0.55209,25.23601,1,-0.08729,0.003,0.96602,0.00484,1,1,0.02429,-0.01061,0.51436,0.61734,0.55625,24.67019,1,-0.02412,0.01387,0.96602,0.00488,1,1,participant_26,question_4,Timer-Correct,True,Other
0.0,0,20,1,-0.05651,0.01252,0,0.25,0.10556,0.14111,14882,4506.24805,1,-0.04378,0.02187,-0.03177,-0.01171,0.61226,0.35682,0.55209,25.10229,1,-0.08648,0.00756,0.96602,0.00485,1,1,0.02429,-0.01061,0.51436,0.61729,0.55624,24.43075,1,-0.02654,0.01748,0.96602,0.0049,1,1,participant_26,question_4,Timer-Correct,True,Other
0.0,0,20,1,-0.05236,0.01958,0,0.22708,0.1213,0.14893,14882,4506.24805,1,-0.04415,0.02177,-0.03016,-0.01106,0.58044,0.35676,0.55197,24.79113,1,-0.08157,0.01442,0.96023,0.00485,1,1,0.02862,-0.01258,0.60774,0.61725,0.55612,24.02783,1,-0.02314,0.02474,0.96023,0.00492,1,1,participant_26,question_4,Timer-Correct,True,Other
0.0,0,20,1,-0.07095,0.02216,0,0.22708,0.1213,0.1543,14882,4506.24805,1,-0.04527,0.02179,-0.03016,-0.01106,0.58044,0.35605,0.55203,24.86096,1,-0.09087,0.03489,0.95445,0.00489,1,1,0.02862,-0.01258,0.60774,0.61644,0.55621,24.53507,1,-0.05103,0.00942,0.95445,0.00492,1,1,participant_26,question_4,Timer-Correct,True,Other
0.0,0,20,1,-0.10567,0.01893,0,0.22708,0.1213,0.16113,14882,4506.24805,1,-0.04768,0.02167,-0.03016,-0.01106,0.58044,0.35568,0.55195,24.97748,1,-0.11959,0.03396,0.94866,0.00476,1,1,0.02862,-0.01258,0.60774,0.61586,0.55607,24.55377,1,-0.09175,0.0039,0.94866,0.00483,1,1,participant_26,question_4,Timer-Correct,True,Other
0.0,0,20,1,-0.10111,0.02612,0,0.22708,0.1213,0.16748,14882,4506.24805,1,-0.04974,0.02184,-0.0312,-0.01142,0.59705,0.35533,0.55207,25.21207,1,-0.11437,0.0408,0.94287,0.00484,1,1,0.02857,-0.01264,0.61266,0.61558,0.55632,24.86612,1,-0.08785,0.01144,0.94287,0.00489,1,1,participant_26,question_4,Timer-Correct,True,Other
0.0,0,20,1,-0.07566,0.02406,0,0.22708,0.1213,0.17432,14882,4506.24805,1,-0.0507,0.02193,-0.0312,-0.01142,0.59705,0.35523,0.55224,25.28813,1,-0.08837,0.04718,0.94287,0.0049,1,1,0.02857,-0.01264,0.61266,0.61539,0.55605,24.92199,1,-0.06295,0.00093,0.94287,0.00489,1,1,participant_26,question_4,Timer-Correct,True,Other
0.0,0,20,1,-0.08473,0.02842,0,0.21042,0.13241,0.18066,14882,4506.24805,1,-0.05192,0.02216,-0.0312,-0.01142,0.59705,0.35482,0.55213,24.947,1,-0.10088,0.05491,0.94287,0.00479,1,1,0.02857,-0.01264,0.61266,0.61515,0.55622,25.00383,1,-0.06857,0.00192,0.94287,0.00483,1,1,participant_26,question_4,Timer-Correct,True,Other
0.0,0,20,1,-0.08473,0.02842,0,0.21042,0.13241,0.1875,14882,4506.24805,1,-0.05305,0.02237,-0.03113,-0.0114,0.59397,0.35467,0.55249,24.88905,1,-0.10088,0.05491,0.94287,0.00496,1,1,0.02811,-0.01243,0.60463,0.61502,0.55615,24.85229,1,-0.06857,0.00192,0.94287,0.00487,1,1,participant_26,question_4,Timer-Correct,True,Other
0.0,0,20,1,-0.10085,0.03384,0,0.21042,0.13241,0.19385,14882,4506.24805,1,-0.05464,0.02276,-0.03113,-0.0114,0.59397,0.35406,0.55168,22.44273,1,-0.12401,0.06256,0.94287,0.00496,1,1,0.02811,-0.01243,0.60463,0.61495,0.55609,24.49975,1,-0.07769,0.00511,0.94287,0.00486,1,1,participant_26,question_4,Timer-Correct,True,Other
0.0,0,20,1,-0.10841,0.03302,0,0.21042,0.13241,0.20117,14882,4506.24805,1,-0.05637,0.02309,-0.03113,-0.0114,0.59397,0.35449,0.55244,25.1609,1,-0.1256,0.0615,0.94287,0.00496,1,1,0.02811,-0.01243,0.60463,0.61485,0.55611,24.49056,1,-0.09122,0.00453,0.94287,0.00486,1,1,participant_26,question_4,Timer-Correct,True,Other
0.0,0,20,1,-0.10423,0.03952,0,0.21042,0.13241,0.20117,14882,4506.24805,0,-0.08341,0.02458,-0.03017,-0.01101,0.5732,0.35436,0.55241,25.06878,1,-0.1208,0.06761,0.93761,0.00494,1,1,0.02811,-0.01252,0.60463,0.6148,0.55615,24.56582,1,-0.08766,0.01142,0.93761,0.00491,1,1,participant_26,question_4,Timer-Correct,True,Other
0.0,0,20,1,-0.08284,0.0496,0,0.20104,0.13889,0.20117,14882,4506.24805,0,-0.08313,0.03709,-0.03017,-0.01101,0.5732,0.35424,0.55275,25.45051,1,-0.07629,0.08834,0.93235,0.00503,1,1,0.02811,-0.01252,0.60463,0.61476,0.55615,25.10585,1,-0.08939,0.01085,0.93235,0.0049,1,1,participant_26,question_4,Timer-Correct,True,Other
0.0,0,20,1,-0.08556,0.06195,0,0.20104,0.13889,0.20117,14882,4506.24805,0,-0.08394,0.04538,-0.03017,-0.01101,0.5732,0.354,0.55242,25.22821,1,-0.07878,0.10135,0.92709,0.00481,1,1,0.02811,-0.01252,0.60463,0.61467,0.55619,25.16717,1,-0.09234,0.02254,0.92709,0.00487,1,1,participant_26,question_4,Timer-Correct,True,Other
0.0,0,20,1,-0.09007,0.05487,0,0.20104,0.13889,0.01904,14883,4506.45654,1,-0.08547,0.04775,-0.03168,-0.01157,0.60026,0.35396,0.55235,25.03755,1,-0.08381,0.0948,0.93288,0.00486,1,1,0.02806,-0.01258,0.60559,0.61468,0.55634,25.38283,1,-0.09634,0.01494,0.93288,0.00487,1,1,participant_26,question_4,Timer-Correct,True,Other
0.0,0,20,1,-0.09868,0.0395,0,0.20104,0.13889,0.02588,14883,4506.45654,1,-0.08811,0.0461,-0.03168,-0.01157,0.60026,0.35396,0.55259,25.24669,1,-0.11449,0.05476,0.94393,0.00495,1,1,0.02806,-0.01258,0.60559,0.6145,0.55653,25.10774,1,-0.08287,0.02424,0.94393,0.00489,1,1,participant_26,question_4,Timer-Correct,True,Other
0.0,0,20,1,-0.09146,0.04533,0,0.20104,0.13889,0.03271,14883,4506.45654,1,-0.08867,0.04597,-0.03168,-0.01157,0.60026,0.35376,0.55271,25.55017,1,-0.12136,0.05894,0.95497,0.00487,1,1,0.02806,-0.01258,0.60559,0.61447,0.55666,24.92771,1,-0.06155,0.03172,0.95497,0.00488,1,1,participant_26,question_4,Timer-Correct,True,Other
0.0,0,20,1,-0.09549,0.03899,0,0.19427,0.14444,0.03906,14883,4506.45654,1,-0.08964,0.04497,-0.0309,-0.01135,0.58455,0.35384,0.55314,25.49874,1,-0.12608,0.05289,0.96023,0.00497,1,1,0.02806,-0.01258,0.60559,0.61448,0.55649,24.68935,1,-0.06489,0.02509,0.96023,0.00485,1,1,participant_26,question_4,Timer-Correct,True,Other
0.0,0,20,1,-0.0983,0.04278,0,0.19427,0.14444,0.04639,14883,4506.45654,1,-0.09073,0.0447,-0.0309,-0.01135,0.58455,0.35381,0.55339,25.76541,1,-0.13617,0.03779,0.95445,0.00494,1,1,0.02806,-0.01258,0.60559,0.61448,0.55667,25.12296,1,-0.06042,0.04776,0.95445,0.00487,1,1,participant_26,question_4,Timer-Correct,True,Other
0.0,0,20,1,-0.09612,0.05169,0,0.19427,0.14444,0.05273,14883,4506.45654,1,-0.09132,0.04548,-0.0309,-0.01135,0.58455,0.35371,0.55338,25.34865,1,-0.13206,0.0441,0.94866,0.00499,1,1,0.02806,-0.01258,0.60559,0.61433,0.55667,24.96097,1,-0.06017,0.05927,0.94866,0.00492,1,1,participant_26,question_4,Timer-Correct,True,Other
0.0,0,20,1,-0.08982,0.06218,0,0.19427,0.14444,0.05957,14883,4506.45654,1,-0.09117,0.04715,-0.0309,-0.01135,0.58455,0.3537,0.55338,25.34996,1,-0.12676,0.05089,0.94287,0.00499,1,1,0.02723,-0.01223,0.5886,0.61429,0.55668,25.02632,1,-0.05287,0.07346,0.93719,0.00492,1,1,participant_26,question_4,Timer-Correct,True,Other
0.0,0,20,1,-0.09305,0.06485,0,0.19427,0.14444,0.06641,14883,4506.45654,1,-0.09134,0.04876,-0.0309,-0.01135,0.58455,0.35363,0.55335,25.61165,1,-0.12632,0.07903,0.93719,0.00489,1,1,0.02723,-0.01223,0.5886,0.61421,0.55683,25.30768,1,-0.05978,0.05067,0.9315,0.00491,1,1,participant_26,question_4,Timer-Correct,True,Other
0.0,0,20,1,-0.0924,0.07658,0,0.1901,0.14722,0.07324,14883,4506.45654,1,-0.09143,0.05107,-0.0309,-0.01135,0.58455,0.35356,0.55338,25.56589,1,-0.1231,0.0921,0.9315,0.0049,1,1,0.02723,-0.01223,0.5886,0.61417,0.55687,25.28286,1,-0.06169,0.06107,0.92581,0.00489,1,1,participant_26,question_4,Timer-Correct,True,Other
0.0,0,20,1,-0.08792,0.08343,0,0.1901,0.14722,0.07959,14883,4506.45654,1,-0.09116,0.05356,-0.0309,-0.01144,0.58455,0.35364,0.55341,25.61055,1,-0.11788,0.09858,0.92581,0.00501,1,1,0.02723,-0.01223,0.5886,0.61415,0.55689,25.27999,1,-0.05797,0.06827,0.92012,0.0049,1,1,participant_26,question_4,Timer-Correct,True,Other
0.0,0,20,1,-0.07322,0.08679,0,0.1901,0.14722,0.08691,14883,4506.45654,1,-0.08988,0.05594,-0.0309,-0.01144,0.58455,0.35372,0.55367,25.73828,1,-0.08754,0.10697,0.92012,0.00509,1,1,0.02723,-0.01223,0.5886,0.61411,0.55688,25.16531,1,-0.05889,0.0666,0.92012,0.00492,1,1,participant_26,question_4,Timer-Correct,True,Other
0.0,0,20,1,-0.06224,0.09189,0,0.1901,0.14722,0.09326,14883,4506.45654,1,-0.08804,0.05833,-0.0309,-0.01144,0.58455,0.35364,0.55369,25.50498,1,-0.06382,0.11213,0.92012,0.00509,1,1,0.02723,-0.01223,0.5886,0.61408,0.55693,25.18244,1,-0.06065,0.07165,0.92012,0.0049,1,1,participant_26,question_4,Timer-Correct,True,Other
0.0,0,20,1,-0.0641,0.0883,0,0.18594,0.15,0.1001,14883,4506.45654,1,-0.08654,0.06021,-0.0309,-0.01144,0.58455,0.35358,0.55396,25.68773,1,-0.06382,0.11213,0.92012,0.00515,1,1,0.02843,-0.01279,0.61554,0.61405,0.55695,25.18114,1,-0.06438,0.06447,0.92581,0.00489,1,1,participant_26,question_4,Timer-Correct,True,Other
0.0,0,20,1,-0.07076,0.08035,0,0.18594,0.15,0.10693,14883,4506.45654,1,-0.08561,0.06139,-0.0309,-0.01144,0.58455,0.35341,0.55388,25.68626,1,-0.06842,0.11095,0.92581,0.00509,1,1,0.02843,-0.01279,0.61554,0.61403,0.55696,25.19163,1,-0.0731,0.04974,0.9315,0.00491,1,1,participant_26,question_4,Timer-Correct,True,Other
0.0,0,20,1,-0.07422,0.07274,0,0.18594,0.15,0.11328,14883,4506.45654,1,-0.08498,0.06202,-0.0309,-0.01144,0.58455,0.35342,0.55396,25.67076,1,-0.07581,0.09963,0.9315,0.00515,1,1,0.02843,-0.01279,0.61554,0.61403,0.55699,25.16241,1,-0.07264,0.04586,0.93719,0.00495,1,1,participant_26,question_4,Timer-Correct,True,Other
0.0,0,20,1,-0.07855,0.06592,0,0.18594,0.15,0.12012,14883,4506.45654,1,-0.08464,0.06223,-0.0309,-0.01144,0.58455,0.35352,0.55374,25.73125,1,-0.08071,0.09321,0.93719,0.00509,1,1,0.02843,-0.01279,0.61554,0.61405,0.557,25.11692,1,-0.07639,0.03864,0.94287,0.00495,1,1,participant_26,question_4,Timer-Correct,True,Other
0.0,0,20,1,-0.09432,0.04766,0,0.18594,0.15,0.12695,14883,4506.45654,1,-0.08513,0.0615,-0.0309,-0.01144,0.58455,0.35355,0.55375,25.74366,1,-0.10629,0.09999,0.94287,0.00511,1,1,0.02843,-0.01279,0.61554,0.61405,0.557,25.11692,1,-0.08235,-0.00468,0.94287,0.00495,1,1,participant_26,question_4,Timer-Correct,True,Other
0.0,0,20,1,-0.09617,0.02843,0,0.17552,0.15741,0.13379,14883,4506.45654,1,-0.08565,0.05992,-0.0309,-0.01144,0.58455,0.35366,0.55367,25.89622,1,-0.1106,0.05861,0.94287,0.0051,1,1,0.02843,-0.01279,0.61554,0.61408,0.55696,24.97652,1,-0.08174,-0.00175,0.94287,0.00496,1,1,participant_26,question_4,Timer-Correct,True,Other
0.0,0,20,1,-0.09427,0.03218,0,0.17552,0.15741,0.14062,14883,4506.45654,1,-0.08604,0.05866,-0.0309,-0.01149,0.58455,0.35363,0.55374,26.137,1,-0.1106,0.05861,0.94287,0.00508,1,1,0.02734,-0.01232,0.59107,0.6141,0.55698,25.02874,1,-0.07794,0.00574,0.93719,0.00496,1,1,participant_26,question_4,Timer-Correct,True,Other
0.0,0,20,1,-0.08548,0.03441,0,0.17552,0.15741,0.14697,14883,4506.45654,1,-0.08602,0.05761,-0.0309,-0.01149,0.58455,0.35381,0.55376,26.38478,1,-0.09981,0.06728,0.93719,0.00506,1,1,0.02734,-0.01232,0.59107,0.61418,0.55683,24.87783,1,-0.07115,0.00154,0.9315,0.005,1,1,participant_26,question_4,Timer-Correct,True,Other
0.0,0,20,1,-0.08877,0.0601,0,0.17552,0.15741,0.1543,14883,4506.45654,1,-0.08613,0.05771,-0.0309,-0.01149,0.58455,0.35386,0.55375,25.64277,1,-0.11359,0.10997,0.9315,0.0051,1,1,0.02734,-0.01232,0.59107,0.6142,0.55686,24.79661,1,-0.06395,0.01023,0.92581,0.00501,1,1,participant_26,question_4,Timer-Correct,True,Other
0.0,0,20,1,-0.08432,0.06705,0,0.17552,0.15741,0.16016,14883,4506.45654,1,-0.08606,0.05809,-0.0309,-0.01149,0.58455,0.3538,0.55366,25.83105,1,-0.10844,0.11634,0.92581,0.00503,1,1,0.02734,-0.01232,0.59107,0.61426,0.55674,24.81265,1,-0.06021,0.01775,0.92012,0.00498,1,1,participant_26,question_4,Timer-Correct,True,Other
0.0,0,20,1,-0.07164,0.08544,0,0.16771,0.16296,0.16797,14883,4506.45654,1,-0.08551,0.05914,-0.0309,-0.01149,0.58455,0.35383,0.5536,25.87438,1,-0.09987,0.11482,0.92012,0.00502,1,1,0.02734,-0.01232,0.59107,0.61441,0.55687,25.4374,1,-0.04341,0.05605,0.92012,0.00499,1,1,participant_26,question_4,Timer-Correct,True,Other
0.0,0,20,1,-0.06646,0.0883,0,0.16771,0.16296,0.17383,14883,4506.45654,1,-0.0848,0.06022,-0.0309,-0.01149,0.58455,0.35371,0.55336,25.48214,1,-0.09413,0.10849,0.92012,0.00498,1,1,0.02734,-0.01232,0.59107,0.61449,0.55681,25.5557,1,-0.0388,0.06811,0.92012,0.00497,1,1,participant_26,question_4,Timer-Correct,True,Other
0.0,0,20,1,-0.07267,0.07777,0,0.16771,0.16296,0.18066,14883,4506.45654,1,-0.08437,0.06084,-0.0323,-0.01193,0.612,0.35369,0.55334,25.39019,1,-0.0993,0.10193,0.92591,0.00499,1,1,0.02806,-0.01263,0.60559,0.61452,0.55669,25.14857,1,-0.04604,0.05362,0.9316,0.00496,1,1,participant_26,question_4,Timer-Correct,True,Other
0.0,0,20,1,-0.09611,0.04981,0,0.16771,0.16296,0.18701,14883,4506.45654,1,-0.08477,0.06046,-0.0323,-0.01193,0.612,0.35385,0.55309,25.38195,1,-0.09573,0.07455,0.93738,0.00503,1,1,0.02806,-0.01263,0.60559,0.61469,0.5567,25.04869,1,-0.09649,0.02508,0.94307,0.00499,1,1,participant_26,question_4,Timer-Correct,True,Other
0.0,0,20,1,-0.09764,0.05856,0,0.1625,0.16667,0.19482,14883,4506.45654,1,-0.0852,0.0604,-0.0323,-0.01193,0.612,0.35391,0.55304,25.35478,1,-0.09892,0.06116,0.94886,0.00503,1,1,0.02806,-0.01263,0.60559,0.6147,0.5567,25.02193,1,-0.09636,0.05596,0.95455,0.00499,1,1,participant_26,question_4,Timer-Correct,True,Other
0.0,0,20,1,-0.10205,0.05176,0,0.1625,0.16667,0.20068,14883,4506.45654,1,-0.08575,0.06012,-0.03139,-0.01161,0.59547,0.35401,0.55297,25.42192,1,-0.1039,0.05461,0.95455,0.00505,1,1,0.0285,-0.01274,0.61318,0.61468,0.55694,25.46494,1,-0.1002,0.04891,0.96023,0.00496,1,1,participant_26,question_4,Timer-Correct,True,Other
0.0,0,20,1,-0.09083,0.02559,0,0.1625,0.16667,0.20703,14883,4506.45654,1,-0.0859,0.05904,-0.03139,-0.01161,0.59547,0.35432,0.55305,26.03787,1,-0.09319,0.04483,0.95445,0.00502,1,1,0.0285,-0.01274,0.61318,0.61494,0.55684,25.46239,1,-0.08847,0.00634,0.95445,0.00498,1,1,participant_26,question_4,Timer-Correct,True,Other
0.0,0,20,1,-0.10151,0.0318,0,0.1625,0.16667,0.21387,14883,4506.45654,1,-0.08638,0.05822,-0.03139,-0.01161,0.59547,0.35424,0.55303,26.03088,1,-0.13127,0.04649,0.94866,0.00498,1,1,0.0285,-0.01274,0.61318,0.61501,0.55693,25.53312,1,-0.07175,0.0171,0.94866,0.005,1,1,participant_26,question_4,Timer-Correct,True,Other
0.0,0,20,1,-0.09513,0.04255,0,0.1625,0.16667,0.2207,14883,4506.45654,1,-0.08663,0.05776,-0.03098,-0.01145,0.58949,0.35443,0.55306,25.91182,1,-0.12597,0.05327,0.94287,0.00501,1,1,0.02755,-0.01234,0.59169,0.61505,0.55674,25.18681,1,-0.06429,0.03184,0.93719,0.00497,1,1,participant_26,question_4,Timer-Correct,True,Other
0.0,0,20,1,-0.08337,0.04994,0,0.15417,0.16667,0.22754,14883,4506.45654,1,-0.08654,0.05753,-0.03098,-0.01145,0.58949,0.35462,0.55295,25.83137,1,-0.09852,0.05051,0.93719,0.00505,1,1,0.02755,-0.01234,0.59169,0.6154,0.55678,25.26941,1,-0.06822,0.04938,0.9315,0.00498,1,1,participant_26,question_4,Timer-Correct,True,Other
0.0,0,20,1,-0.07948,0.05703,0,0.15417,0.16667,0.23389,14883,4506.45654,1,-0.08635,0.05752,-0.03098,-0.01145,0.58949,0.355,0.55296,26.07616,1,-0.08362,0.06392,0.9315,0.00514,1,1,0.02755,-0.01234,0.59169,0.61551,0.55676,25.26937,1,-0.07533,0.05013,0.92581,0.00498,1,1,participant_26,question_4,Timer-Correct,True,Other
0.0,0,20,1,-0.077,0.06035,0,0.15417,0.16667,0.24072,14883,4506.45654,1,-0.08609,0.0576,-0.0312,-0.0116,0.59705,0.35502,0.55311,26.26067,1,-0.07866,0.07056,0.92581,0.00511,1,1,0.02823,-0.01254,0.60348,0.61544,0.55691,25.61768,1,-0.07533,0.05013,0.92581,0.00496,1,1,participant_26,question_4,Timer-Correct,True,Other
0.0,0,20,1,-0.09257,0.0524,0,0.15417,0.16667,0.24756,14883,4506.45654,1,-0.08626,0.05746,-0.0312,-0.0116,0.59705,0.35512,0.553,26.19607,1,-0.1166,0.06905,0.92581,0.00502,1,1,0.02823,-0.01254,0.60348,0.61575,0.55694,25.29542,1,-0.06853,0.03576,0.9315,0.00499,1,1,participant_26,question_4,Timer-Correct,True,Other
0.0,0,20,1,-0.08563,0.04387,0,0.15417,0.16667,0.25439,14883,4506.45654,1,-0.08625,0.05711,-0.0312,-0.0116,0.59705,0.35524,0.55294,26.08176,1,-0.11292,0.04572,0.9315,0.00505,1,1,0.02823,-0.01254,0.60348,0.6158,0.55696,25.50267,1,-0.05833,0.04202,0.93719,0.00499,1,1,participant_26,question_4,Timer-Correct,True,Other
0.0,0,20,1,-0.09004,0.03687,0,0.14219,0.16852,0.26074,14883,4506.45654,1,-0.08634,0.0566,-0.0312,-0.0116,0.59705,0.35535,0.55289,26.03975,1,-0.1181,0.03894,0.93719,0.00506,1,1,0.02839,-0.01261,0.60487,0.61593,0.55672,25.07264,1,-0.06199,0.03479,0.94287,0.00502,1,1,participant_26,question_4,Timer-Correct,True,Other
0.0,0,20,1,-0.08799,0.03014,0,0.14219,0.16852,0.26758,14883,4506.45654,1,-0.08638,0.05596,-0.0312,-0.0116,0.59705,0.35559,0.55288,25.87607,1,-0.10553,0.03422,0.94287,0.00502,1,1,0.02839,-0.01261,0.60487,0.61621,0.55678,25.22276,1,-0.07045,0.02606,0.94287,0.005,1,1,participant_26,question_4,Timer-Correct,True,Other
0.0,0,20,1,-0.08889,0.03513,0,0.14219,0.16852,0.27441,14883,4506.45654,1,-0.08644,0.05546,-0.0312,-0.0116,0.59705,0.35581,0.55296,26.15545,1,-0.09186,0.03595,0.94287,0.00514,1,1,0.02839,-0.01261,0.60487,0.61629,0.55679,25.23057,1,-0.08592,0.0343,0.94287,0.00497,1,1,participant_26,question_4,Timer-Correct,True,Other
0.0,0,20,1,-0.08698,0.03876,0,0.14219,0.16852,0.28076,14883,4506.45654,1,-0.08645,0.05507,-0.03016,-0.01123,0.58044,0.35586,0.55287,26.54966,1,-0.09186,0.03595,0.94287,0.00506,1,1,0.02811,-0.01238,0.59609,0.61646,0.55685,25.2364,1,-0.0821,0.04156,0.93719,0.00498,1,1,participant_26,question_4,Timer-Correct,True,Other
0.0,0,20,1,-0.0436,0.07907,0,0.1349,0.16759,0.2876,14883,4506.45654,1,-0.08548,0.05562,-0.03016,-0.01123,0.58044,0.35712,0.55255,26.43308,1,-0.06246,0.07856,0.93719,0.00508,1,1,0.02811,-0.01238,0.59609,0.61757,0.5567,25.05825,1,-0.02474,0.07959,0.9315,0.00507,1,1,participant_26,question_4,Timer-Correct,True,Other
0.0,0,20,1,-0.01948,0.05631,0,0.1349,0.16759,0.29443,14883,4506.45654,1,-0.08401,0.05564,-0.03016,-0.01123,0.58044,0.35744,0.55205,25.46139,1,-0.05134,0.03375,0.9315,0.00512,1,1,0.02811,-0.01238,0.59609,0.61812,0.55668,25.61114,1,0.01239,0.07887,0.92581,0.00503,1,1,participant_26,question_4,Timer-Correct,True,Other
0.0,0,20,1,-0.01888,0.05584,0,0.1349,0.16759,0.30176,14883,4506.45654,1,-0.0826,0.05564,-0.03028,-0.01133,0.5878,0.35765,0.55194,25.65531,1,-0.0466,0.04056,0.92581,0.00511,1,1,0.02941,-0.01284,0.61783,0.61841,0.55628,24.91752,1,0.00883,0.07112,0.9321,0.00505,1,1,participant_26,question_4,Timer-Correct,True,Other
0.0,0,20,1,-0.03359,0.07247,0,0.1349,0.16759,0.30762,14883,4506.45654,1,-0.08155,0.056,-0.03028,-0.01133,0.5878,0.35832,0.55196,25.82984,1,-0.05133,0.08106,0.9321,0.00511,1,1,0.02941,-0.01284,0.61783,0.61876,0.55653,25.10531,1,-0.01584,0.06388,0.94407,0.00503,1,1,participant_26,question_4,Timer-Correct,True,Other
0.0,0,20,1,-0.02799,0.06777,0,0.1276,0.16389,0.31445,14883,4506.45654,1,-0.08044,0.05624,-0.03028,-0.01133,0.5878,0.35844,0.55198,25.43763,1,-0.0443,0.07117,0.94407,0.00517,1,1,0.02941,-0.01284,0.61783,0.61884,0.5565,25.0913,1,-0.01168,0.06438,0.95605,0.00507,1,1,participant_26,question_4,Timer-Correct,True,Other
0.0,0,20,1,-0.0345,0.05748,0,0.1276,0.16389,0.32129,14883,4506.45654,1,-0.07942,0.05693,-0.03069,-0.01155,0.59932,0.35852,0.55208,26.00075,1,-0.05406,0.0575,0.95605,0.00509,1,1,0.02901,-0.01264,0.60647,0.61899,0.55653,25.03917,1,-0.01495,0.05747,0.96173,0.00507,1,1,participant_26,question_4,Timer-Correct,True,Other
0.0,0,20,1,-0.04209,-0.01636,0,0.1276,0.16389,0.32129,14883,4506.45654,0,-0.05497,0.04645,-0.03069,-0.01155,0.59932,0.35887,0.55215,26.42862,1,-0.05393,-0.00438,0.96173,0.00505,1,1,0.02901,-0.01264,0.60647,0.61923,0.55661,25.00609,1,-0.03024,-0.02834,0.95545,0.00501,1,1,participant_26,question_4,Timer-Correct,True,Other
0.0,0,20,1,-0.03348,0.0165,0,0.1276,0.16389,0.32129,14883,4506.45654,0,-0.04423,0.03147,-0.03069,-0.01155,0.59932,0.35874,0.55194,25.62789,1,-0.02515,0.04733,0.95545,0.0051,1,1,0.02901,-0.01264,0.60647,0.61928,0.55691,25.53873,1,-0.04181,-0.01433,0.94916,0.00501,1,1,participant_26,question_4,Timer-Correct,True,Other
0.0,0,20,1,-0.03103,0.02012,0,0.1276,0.16389,0.32129,14883,4506.45654,0,-0.03983,0.02769,-0.03069,-0.01155,0.59932,0.35879,0.55188,25.51777,1,-0.02024,0.05457,0.94916,0.00512,1,1,0.02937,-0.01278,0.61304,0.61948,0.55684,25.47741,1,-0.04181,-0.01433,0.94916,0.00499,1,1,participant_26,question_4,Timer-Correct,True,Other
0.0,0,20,1,-0.05487,0.0115,0,0.1276,0.16389,0.021,14884,4506.78418,1,-0.04359,0.02364,-0.03069,-0.01155,0.59932,0.35911,0.55194,25.79604,1,-0.07011,0.05215,0.94916,0.00512,1,1,0.02937,-0.01278,0.61304,0.61952,0.5569,25.63539,1,-0.03963,-0.02915,0.95545,0.00504,1,1,participant_26,question_4,Timer-Correct,True,Other
0.0,0,20,1,-0.0543,0.02012,0,0.12604,0.16204,0.02686,14884,4506.78418,1,-0.04573,0.02294,-0.03069,-0.01155,0.59932,0.35919,0.55185,25.73199,1,-0.07143,0.03202,0.95545,0.00515,1,1,0.02937,-0.01278,0.61304,0.61955,0.55682,25.54075,1,-0.03718,0.00822,0.96173,0.00501,1,1,participant_26,question_4,Timer-Correct,True,Other
0.0,0,20,1,-0.06573,0.00153,0,0.12604,0.16204,0.03369,14884,4506.78418,1,-0.04906,0.01937,-0.03147,-0.01188,0.6163,0.3592,0.55185,25.74485,1,-0.08694,0.01034,0.97392,0.00514,1,1,0.02924,-0.0127,0.60931,0.61957,0.55651,24.88067,1,-0.04452,-0.00728,0.97392,0.00505,1,1,participant_26,question_4,Timer-Correct,True,Other
0.0,0,20,1,-0.05921,-0.03771,0,0.12604,0.16204,0.04053,14884,4506.78418,1,-0.05051,0.01121,-0.03147,-0.01188,0.6163,0.35923,0.55182,25.79337,1,-0.08494,-0.01467,0.9861,0.00508,1,1,0.02924,-0.0127,0.60931,0.61979,0.55668,24.7155,1,-0.03348,-0.06076,0.97981,0.00512,1,1,participant_26,question_4,Timer-Correct,True,Other
0.0,0,20,1,-0.06395,-0.04409,0,0.12604,0.16204,0.04688,14884,4506.78418,1,-0.05219,0.0043,-0.03147,-0.01188,0.6163,0.35928,0.55191,25.71581,1,-0.0919,-0.02145,0.992,0.0051,1,1,0.02924,-0.0127,0.60931,0.6199,0.55672,24.843,1,-0.03601,-0.06673,0.98571,0.00513,1,1,participant_26,question_4,Timer-Correct,True,Other
0.0,0,20,1,-0.0636,-0.04346,0,0.12604,0.16204,0.05371,14884,4506.78418,1,-0.05346,-0.00101,-0.03038,-0.01144,0.59598,0.35929,0.55194,25.69849,1,-0.09148,-0.02086,0.9915,0.0051,1,1,0.02924,-0.01266,0.60738,0.61989,0.5569,25.37407,1,-0.03571,-0.06607,0.98521,0.00508,1,1,participant_26,question_4,Timer-Correct,True,Other
0.0,0,20,1,-0.05043,-0.0254,0,0.12604,0.16204,0.06055,14884,4506.78418,1,-0.05316,-0.00344,-0.03038,-0.01144,0.59598,0.35932,0.55182,25.85778,1,-0.07218,0.00149,0.97881,0.00514,1,1,0.02924,-0.01266,0.60738,0.61989,0.55685,25.34147,1,-0.02868,-0.05229,0.97881,0.00504,1,1,participant_26,question_4,Timer-Correct,True,Other
0.0,0,20,1,-0.05808,-0.01798,0,0.12604,0.16204,0.06787,14884,4506.78418,1,-0.05361,-0.00477,-0.03038,-0.01144,0.59598,0.35929,0.55167,25.42424,1,-0.06652,0.00466,0.97242,0.00516,1,1,0.02924,-0.01266,0.60738,0.61989,0.55685,25.34147,1,-0.04964,-0.04062,0.97242,0.00504,1,1,participant_26,question_4,Timer-Correct,True,Other
0.0,0,20,1,-0.05351,-0.01002,0,0.12604,0.16204,0.07422,14884,4506.78418,1,-0.0536,-0.0052,-0.03038,-0.01144,0.59598,0.35937,0.55159,25.4665,1,-0.06129,0.01221,0.96602,0.00513,1,1,0.02924,-0.01266,0.60738,0.61989,0.55685,25.34147,1,-0.04573,-0.03224,0.96602,0.00504,1,1,participant_26,question_4,Timer-Correct,True,Other
0.0,0,20,1,-0.05519,0.00308,0,0.12604,0.16204,0.08057,14884,4506.78418,1,-0.05372,-0.00457,-0.03038,-0.01144,0.59598,0.35942,0.5515,25.54039,1,-0.0674,-0.00012,0.96602,0.00511,1,1,0.02924,-0.01266,0.60738,0.61989,0.55685,25.34147,1,-0.04298,0.00627,0.96602,0.00504,1,1,participant_26,question_4,Timer-Correct,True,Other
0.0,0,20,1,-0.0391,0.02455,0,0.12604,0.16204,0.08691,14884,4506.78418,1,-0.05268,-0.00249,-0.03038,-0.01144,0.59598,0.35947,0.55147,25.49153,1,-0.05333,-0.00173,0.96602,0.00514,1,1,0.02924,-0.01266,0.60738,0.61996,0.55681,25.42674,1,-0.02488,0.05084,0.96602,0.00501,1,1,participant_26,question_4,Timer-Correct,True,Other
0.0,0,20,1,-0.0391,0.02455,0,0.12604,0.16204,0.09375,14884,4506.78418,1,-0.05177,-0.00068,-0.03089,-0.01158,0.60763,0.35966,0.55148,25.57367,1,-0.05333,-0.00173,0.96602,0.00519,1,1,0.02924,-0.01258,0.6055,0.62021,0.5566,25.15742,1,-0.02488,0.05084,0.96602,0.00505,1,1,participant_26,question_4,Timer-Correct,True,Other
0.0,0,20,1,0.03013,-0.04085,0,0.12604,0.16204,0.10059,14884,4506.78418,1,-0.04665,-0.00319,-0.03089,-0.01158,0.60763,0.36131,0.55083,26.18276,1,0.03521,-0.02269,0.96602,0.00522,1,1,0.02924,-0.01258,0.6055,0.62205,0.55568,25.2083,1,0.02504,-0.059,0.96602,0.00513,1,1,participant_26,question_4,Timer-Correct,True,Other
0.0,0,20,1,0.04776,-0.08167,0,0.12604,0.16204,0.10693,14884,4506.78418,1,-0.0411,-0.00781,-0.03089,-0.01158,0.60763,0.36199,0.5501,25.3323,1,0.02533,-0.06841,0.96602,0.00519,1,1,0.02924,-0.01258,0.6055,0.62249,0.55534,24.92286,1,0.07019,-0.09493,0.96602,0.00513,1,1,participant_26,question_4,Timer-Correct,True,Other
0.0,0,20,1,0.04776,-0.08167,0,0.12604,0.16204,0.11377,14884,4506.78418,1,-0.03616,-0.01191,-0.02988,-0.0112,0.59492,0.36249,0.55001,25.65597,1,0.02533,-0.06841,0.96602,0.00522,1,1,0.02941,-0.0124,0.60349,0.62297,0.55507,25.11166,1,0.07019,-0.09493,0.96602,0.00504,1,1,participant_26,question_4,Timer-Correct,True,Other
0.0,0,20,1,0.06342,-0.02537,0,0.12604,0.16204,0.12061,14884,4506.78418,1,-0.03092,-0.01262,-0.02988,-0.0112,0.59492,0.36331,0.5499,25.79691,1,0.04962,-0.06111,0.96602,0.00521,1,1,0.02941,-0.0124,0.60349,0.62349,0.55495,24.67196,1,0.07723,0.01036,0.96602,0.00506,1,1,participant_26,question_4,Timer-Correct,True,Other
0.0,0,20,1,0.07998,-0.03016,0,0.12604,0.16204,0.12695,14884,4506.78418,1,-0.02538,-0.0135,-0.02988,-0.0112,0.59492,0.3631,0.54993,26.09311,1,0.061,-0.061,0.96602,0.00519,1,1,0.02941,-0.0124,0.60349,0.62344,0.55499,24.93481,1,0.09895,0.00068,0.96602,0.00504,1,1,participant_26,question_4,Timer-Correct,True,Other
0.0,0,20,1,0.07998,-0.03016,0,0.12604,0.16204,0.12695,14884,4506.78418,0,0.00447,-0.02426,-0.03088,-0.01154,0.6128,0.36307,0.54994,26.13779,1,0.061,-0.061,0.96602,0.00516,1,1,0.02941,-0.0124,0.60349,0.62346,0.55489,24.80691,1,0.09895,0.00068,0.96602,0.00504,1,1,participant_26,question_4,Timer-Correct,True,Other
0.0,0,20,1,0.08206,-0.03818,0,0.12604,0.16204,0.12695,14884,4506.78418,0,0.04326,-0.03122,-0.03088,-0.01154,0.6128,0.36299,0.54979,25.67047,1,0.07883,-0.06365,0.96602,0.00517,1,1,0.02941,-0.0124,0.60349,0.62349,0.55507,24.97438,1,0.08529,-0.01271,0.96602,0.00505,1,1,participant_26,question_4,Timer-Correct,True,Other
0.0,0,20,1,0.09392,-0.03231,0,0.12604,0.16204,0.12695,14884,4506.78418,0,0.06015,-0.03158,-0.03088,-0.01154,0.6128,0.36291,0.54981,25.52411,1,0.07431,-0.06006,0.96602,0.00521,1,1,0.02941,-0.0124,0.60349,0.6233,0.55498,25.13595,1,0.11354,-0.00457,0.96602,0.00502,1,1,participant_26,question_4,Timer-Correct,True,Other
0.0,0,20,1,0.09258,-0.03625,0,0.12604,0.16204,0.02002,14885,4506.91797,1,0.06826,-0.03275,-0.03088,-0.01158,0.6128,0.36279,0.54967,25.39849,1,0.07431,-0.06006,0.96602,0.00521,1,1,0.03024,-0.01277,0.62137,0.62329,0.55495,25.05001,1,0.11084,-0.01244,0.97231,0.00502,1,1,participant_26,question_4,Timer-Correct,True,Other
0.0,0,20,1,0.06909,-0.05335,0,0.12604,0.16204,0.02734,14885,4506.91797,1,0.06842,-0.03687,-0.03088,-0.01158,0.6128,0.3627,0.54967,25.13822,1,0.04696,-0.08643,0.97231,0.00524,1,1,0.03024,-0.01277,0.62137,0.6231,0.55491,24.92032,1,0.09122,-0.02027,0.9786,0.00502,1,1,participant_26,question_4,Timer-Correct,True,Other
0.0,0,20,1,0.07525,-0.04699,0,0.12604,0.16204,0.03369,14885,4506.91797,1,0.06956,-0.03856,-0.03088,-0.01158,0.6128,0.36253,0.54977,25.24787,1,0.06505,-0.07201,0.9786,0.00518,1,1,0.03024,-0.01277,0.62137,0.62304,0.55494,24.88479,1,0.08544,-0.02196,0.98488,0.00505,1,1,participant_26,question_4,Timer-Correct,True,Other
0.0,0,20,1,0.07639,-0.04368,0,0.13229,0.15648,0.04004,14885,4506.91797,1,0.07054,-0.03929,-0.0299,-0.01117,0.5909,0.36244,0.54992,25.47465,1,0.06472,-0.07263,0.97909,0.00517,1,1,0.02945,-0.0125,0.60814,0.62289,0.55497,25.00529,1,0.08805,-0.01473,0.97909,0.00497,1,1,participant_26,question_4,Timer-Correct,True,Other
0.0,0,20,1,0.07833,-0.03641,0,0.13229,0.15648,0.04688,14885,4506.91797,1,0.07151,-0.03893,-0.0299,-0.01117,0.5909,0.36224,0.54989,25.5726,1,0.07746,-0.06653,0.97331,0.00518,1,1,0.02945,-0.0125,0.60814,0.62278,0.55496,25.02509,1,0.07921,-0.0063,0.96702,0.00498,1,1,participant_26,question_4,Timer-Correct,True,Other
0.0,0,20,1,0.09359,-0.01402,0,0.13229,0.15648,0.05371,14885,4506.91797,1,0.07396,-0.03616,-0.0299,-0.01117,0.5909,0.36217,0.54999,25.38821,1,0.0799,-0.03808,0.96123,0.00518,1,1,0.02945,-0.0125,0.60814,0.62282,0.55498,24.74808,1,0.10727,0.01003,0.95495,0.00508,1,1,participant_26,question_4,Timer-Correct,True,Other
0.0,0,20,1,0.09703,-0.00624,0,0.13229,0.15648,0.06055,14885,4506.91797,1,0.07627,-0.03317,-0.03061,-0.01142,0.604,0.36208,0.55001,25.21314,1,0.08402,-0.03038,0.95495,0.0052,1,1,0.02945,-0.0125,0.60814,0.6228,0.555,24.70285,1,0.11004,0.0179,0.94866,0.00504,1,1,participant_26,question_4,Timer-Correct,True,Other
0.0,0,20,1,0.07573,-0.01126,0,0.13229,0.15648,0.06689,14885,4506.91797,1,0.07622,-0.03118,-0.03061,-0.01142,0.604,0.36184,0.55001,25.59228,1,0.06457,-0.0298,0.95445,0.00514,1,1,0.02945,-0.0125,0.60814,0.62251,0.55488,24.90923,1,0.08689,0.00728,0.95445,0.00502,1,1,participant_26,question_4,Timer-Correct,True,Other
0.0,0,20,1,0.07884,-0.02188,0,0.14948,0.14259,0.0752,14885,4506.91797,1,0.07644,-0.0304,-0.03061,-0.01142,0.604,0.36177,0.55005,25.46052,1,0.05077,-0.0361,0.96023,0.00518,1,1,0.02945,-0.0125,0.60814,0.62246,0.55489,24.94578,1,0.10691,-0.00767,0.96023,0.00501,1,1,participant_26,question_4,Timer-Correct,True,Other
0.0,0,20,1,0.07746,-0.02586,0,0.14948,0.14259,0.08105,14885,4506.91797,1,0.07652,-0.03005,-0.03012,-0.01123,0.59168,0.36173,0.55002,25.46423,1,0.05077,-0.0361,0.96023,0.00522,1,1,0.0299,-0.01271,0.61827,0.62236,0.5549,24.80295,1,0.10415,-0.01562,0.96652,0.005,1,1,participant_26,question_4,Timer-Correct,True,Other
0.0,0,20,1,0.08515,-0.0371,0,0.14948,0.14259,0.08691,14885,4506.91797,1,0.07713,-0.03056,-0.03012,-0.01123,0.59168,0.36155,0.55006,25.84659,1,0.08542,-0.04877,0.96073,0.00517,1,1,0.0299,-0.01271,0.61827,0.62223,0.55494,25.00742,1,0.08488,-0.02542,0.96702,0.00501,1,1,participant_26,question_4,Timer-Correct,True,Other
0.0,0,20,1,0.07978,-0.04494,0,0.14948,0.14259,0.09375,14885,4506.91797,1,0.07731,-0.03151,-0.03012,-0.01123,0.59168,0.36145,0.54987,25.30139,1,0.07975,-0.05414,0.96123,0.00518,1,1,0.0299,-0.01271,0.61827,0.62216,0.55485,25.15953,1,0.07981,-0.03573,0.96752,0.00497,1,1,participant_26,question_4,Timer-Correct,True,Other
0.0,0,20,1,0.07772,-0.04884,0,0.14948,0.14259,0.10059,14885,4506.91797,1,0.07734,-0.0326,-0.03038,-0.01126,0.59598,0.36134,0.54968,25.43005,1,0.07562,-0.06195,0.96752,0.00515,1,1,0.02924,-0.01248,0.60738,0.62219,0.55491,25.28263,1,0.07981,-0.03573,0.96752,0.00501,1,1,participant_26,question_4,Timer-Correct,True,Other
0.0,0,20,1,0.0683,-0.06294,0,0.16302,0.13241,0.10742,14885,4506.91797,1,0.0768,-0.03438,-0.03038,-0.01126,0.59598,0.36125,0.54963,25.17981,1,0.0617,-0.082,0.97331,0.00518,1,1,0.02924,-0.01248,0.60738,0.62209,0.55492,25.422,1,0.07489,-0.04389,0.96702,0.00499,1,1,participant_26,question_4,Timer-Correct,True,Other
0.0,0,20,1,0.06339,-0.06368,0,0.16302,0.13241,0.11426,14885,4506.91797,1,0.07606,-0.03601,-0.03038,-0.01126,0.59598,0.36121,0.54964,25.25012,1,0.05578,-0.08656,0.97281,0.00519,1,1,0.02924,-0.01248,0.60738,0.62205,0.55491,25.18141,1,0.071,-0.0408,0.96652,0.00501,1,1,participant_26,question_4,Timer-Correct,True,Other
0.0,0,20,1,0.05999,-0.07123,0,0.16302,0.13241,0.12061,14885,4506.91797,1,0.07521,-0.03786,-0.03147,-0.01156,0.61631,0.3612,0.54968,25.48321,1,0.05178,-0.09401,0.9787,0.00515,1,1,0.02924,-0.01248,0.60738,0.62202,0.55494,25.36591,1,0.06819,-0.04845,0.97242,0.00501,1,1,participant_26,question_4,Timer-Correct,True,Other
0.0,0,20,1,0.04903,-0.08157,0,0.16302,0.13241,0.12793,14885,4506.91797,1,0.0739,-0.04005,-0.03147,-0.01156,0.61631,0.36124,0.54963,25.44479,1,0.0404,-0.1022,0.97881,0.00522,1,1,0.02924,-0.01248,0.60738,0.62191,0.55483,25.36839,1,0.05765,-0.06095,0.97881,0.00496,1,1,participant_26,question_4,Timer-Correct,True,Other
0.0,0,20,1,0.05562,-0.09284,0,0.1776,0.12222,0.13428,14885,4506.91797,1,0.07303,-0.04256,-0.03147,-0.01156,0.61631,0.36117,0.54966,25.77514,1,0.03264,-0.1192,0.98521,0.00517,1,1,0.02924,-0.01248,0.60738,0.62189,0.55488,25.24268,1,0.0786,-0.06648,0.98521,0.00496,1,1,participant_26,question_4,Timer-Correct,True,Other
0.0,0,20,1,0.05562,-0.09284,0,0.1776,0.12222,0.14111,14885,4506.91797,1,0.07224,-0.04485,-0.0312,-0.01144,0.61011,0.36108,0.54964,25.73734,1,0.03264,-0.1192,0.98521,0.00513,1,1,0.02924,-0.01248,0.60738,0.62179,0.55481,25.15773,1,0.0786,-0.06648,0.98521,0.00493,1,1,participant_26,question_4,Timer-Correct,True,Other
0.0,0,20,1,0.08017,-0.07394,0,0.1776,0.12222,0.14795,14885,4506.91797,1,0.07259,-0.04611,-0.0312,-0.01144,0.61011,0.36091,0.54962,25.9142,1,0.05933,-0.09963,0.97881,0.00517,1,1,0.02924,-0.01248,0.60738,0.6216,0.55469,24.88371,1,0.10102,-0.04825,0.97881,0.005,1,1,participant_26,question_4,Timer-Correct,True,Other
0.0,0,20,1,0.09024,-0.06345,0,0.1776,0.12222,0.1543,14885,4506.91797,1,0.07332,-0.04684,-0.0312,-0.01144,0.61011,0.36083,0.54963,25.70632,1,0.08066,-0.09401,0.97242,0.00516,1,1,0.02924,-0.01248,0.60738,0.62156,0.55475,24.76528,1,0.09981,-0.03289,0.97242,0.00499,1,1,participant_26,question_4,Timer-Correct,True,Other
0.0,0,20,1,0.09687,-0.04795,0,0.1776,0.12222,0.16113,14885,4506.91797,1,0.07426,-0.04688,-0.03069,-0.01124,0.59932,0.36084,0.54961,25.73242,1,0.08856,-0.07855,0.96023,0.00514,1,1,0.02924,-0.01252,0.60931,0.62155,0.55482,25.23194,1,0.10519,-0.01736,0.96023,0.00496,1,1,participant_26,question_4,Timer-Correct,True,Other
0.0,0,20,1,0.08029,-0.05309,0,0.18958,0.11574,0.16797,14885,4506.91797,1,0.0745,-0.04712,-0.03069,-0.01124,0.59932,0.36057,0.54975,25.78855,1,0.0747,-0.07605,0.95445,0.00511,1,1,0.02924,-0.01252,0.60931,0.62144,0.55472,25.20657,1,0.08588,-0.03014,0.95445,0.00503,1,1,participant_26,question_4,Timer-Correct,True,Other
0.0,0,20,1,0.07887,-0.02937,0,0.18958,0.11574,0.17432,14885,4506.91797,1,0.07466,-0.04646,-0.03069,-0.01124,0.59932,0.36048,0.54953,25.36053,1,0.07498,-0.02395,0.94866,0.00514,1,1,0.02924,-0.01252,0.60931,0.62131,0.55454,24.69657,1,0.08277,-0.03478,0.94866,0.00502,1,1,participant_26,question_4,Timer-Correct,True,Other
0.0,0,20,1,0.07373,-0.04162,0,0.18958,0.11574,0.18066,14885,4506.91797,1,0.07462,-0.04629,-0.03209,-0.01167,0.62489,0.36047,0.5496,25.54574,1,0.07069,-0.0318,0.95506,0.00515,1,1,0.02937,-0.01255,0.61304,0.62131,0.55461,24.85576,1,0.07678,-0.05144,0.96134,0.00497,1,1,participant_26,question_4,Timer-Correct,True,Other
0.0,0,20,1,0.09996,-0.06131,0,0.18958,0.11574,0.1875,14885,4506.91797,1,0.0755,-0.04681,-0.03209,-0.01167,0.62489,0.36076,0.54957,25.47353,1,0.09394,-0.05245,0.97353,0.00515,1,1,0.02937,-0.01255,0.61304,0.62164,0.55472,25.0321,1,0.10598,-0.07018,0.97981,0.00498,1,1,participant_26,question_4,Timer-Correct,True,Other
0.0,0,20,1,0.08961,-0.09888,0,0.18958,0.11574,0.19482,14885,4506.91797,1,0.07597,-0.04854,-0.03209,-0.01167,0.62489,0.36079,0.54954,25.36408,1,0.08294,-0.11593,0.992,0.00517,1,1,0.02937,-0.01255,0.61304,0.62159,0.55453,24.35748,1,0.09629,-0.08182,0.99828,0.00502,1,1,participant_26,question_4,Timer-Correct,True,Other
0.0,0,20,1,0.08316,-0.11434,0,0.20156,0.10648,0.20117,14885,4506.91797,1,0.0762,-0.05067,-0.0308,-0.01131,0.60058,0.36079,0.54954,25.36408,1,0.07527,-0.13124,1.00407,0.00517,1,1,0.02937,-0.01255,0.61304,0.62166,0.55473,24.9864,1,0.09105,-0.09744,1.01036,0.005,1,1,participant_26,question_4,Timer-Correct,True,Other
0.0,0,20,1,0.06756,-0.10391,0,0.20156,0.10648,0.20801,14885,4506.91797,1,0.07593,-0.05233,-0.0308,-0.01131,0.60058,0.36053,0.54966,25.31407,1,0.04246,-0.11162,1.00396,0.00517,1,1,0.02937,-0.01255,0.61304,0.6213,0.55446,24.50232,1,0.09266,-0.09619,1.00396,0.00503,1,1,participant_26,question_4,Timer-Correct,True,Other
0.0,0,20,1,0.1085,-0.09275,0,0.20156,0.10648,0.21533,14885,4506.91797,1,0.07692,-0.05355,-0.0308,-0.01131,0.60058,0.3604,0.54969,25.27832,1,0.09666,-0.10658,0.99756,0.00516,1,1,0.02937,-0.01255,0.61304,0.62143,0.55467,24.88135,1,0.12034,-0.07893,0.99756,0.00502,1,1,participant_26,question_4,Timer-Correct,True,Other
0.0,0,20,1,0.11304,-0.08061,0,0.20156,0.10648,0.22168,14885,4506.91797,1,0.07798,-0.05435,-0.0314,-0.01146,0.60878,0.36033,0.55007,25.957,1,0.10059,-0.0986,0.99117,0.0051,1,1,0.02884,-0.01234,0.60474,0.62126,0.55463,25.11764,1,0.1255,-0.06262,0.98488,0.00497,1,1,participant_26,question_4,Timer-Correct,True,Other
0.0,0,20,1,0.09763,-0.06519,0,0.21146,0.09907,0.22803,14885,4506.91797,1,0.07854,-0.05466,-0.0314,-0.01146,0.60878,0.36013,0.54971,25.06493,1,0.08314,-0.07458,0.98488,0.00521,1,1,0.02884,-0.01234,0.60474,0.62098,0.55476,25.1555,1,0.11212,-0.05579,0.9786,0.00494,1,1,participant_26,question_4,Timer-Correct,True,Other
0.0,0,20,1,0.08953,-0.0583,0,0.21146,0.09907,0.23486,14885,4506.91797,1,0.07885,-0.05476,-0.0314,-0.01146,0.60878,0.35988,0.54999,25.38095,1,0.07532,-0.06626,0.9786,0.00514,1,1,0.02884,-0.01234,0.60474,0.62085,0.55481,25.26159,1,0.10375,-0.05034,0.97231,0.00497,1,1,participant_26,question_4,Timer-Correct,True,Other
0.0,0,20,1,0.09295,-0.05036,0,0.21146,0.09907,0.2417,14885,4506.91797,1,0.07923,-0.05464,-0.0314,-0.01151,0.60878,0.35987,0.54999,25.33584,1,0.07941,-0.05851,0.97231,0.00516,1,1,0.02873,-0.01242,0.60436,0.6208,0.55477,24.92364,1,0.10649,-0.04221,0.96602,0.00499,1,1,participant_26,question_4,Timer-Correct,True,Other
0.0,0,20,1,0.1154,-0.02446,0,0.21146,0.09907,0.24805,14885,4506.91797,1,0.08018,-0.05385,-0.0314,-0.01151,0.60878,0.35974,0.55035,25.8785,1,0.11713,-0.02708,0.96602,0.00512,1,1,0.02873,-0.01242,0.60436,0.62057,0.55482,25.10761,1,0.11367,-0.02183,0.96602,0.005,1,1,participant_26,question_4,Timer-Correct,True,Other
0.0,0,20,1,0.12368,-0.02327,0,0.21146,0.09907,0.25488,14885,4506.91797,1,0.0813,-0.05306,-0.0314,-0.01151,0.60878,0.35952,0.55025,25.52202,1,0.11325,-0.02011,0.96602,0.00514,1,1,0.02873,-0.01242,0.60436,0.62043,0.55476,24.80133,1,0.13412,-0.02644,0.96602,0.00499,1,1,participant_26,question_4,Timer-Correct,True,Other
0.0,0,20,1,0.12368,-0.02327,0,0.21146,0.09907,0.26172,14885,4506.91797,1,0.08236,-0.05232,-0.03129,-0.0114,0.6031,0.35943,0.55043,25.90506,1,0.11325,-0.02011,0.96602,0.00516,1,1,0.02902,-0.01254,0.61246,0.62038,0.55485,25.15423,1,0.13412,-0.02644,0.96602,0.00496,1,1,participant_26,question_4,Timer-Correct,True,Other
0.0,0,20,1,0.09348,-0.02078,0,0.21875,0.09537,0.26855,14885,4506.91797,1,0.08263,-0.05155,-0.03129,-0.0114,0.6031,0.35917,0.55046,25.87055,1,0.0846,-0.01685,0.96602,0.00512,1,1,0.02902,-0.01254,0.61246,0.62005,0.55486,25.02869,1,0.10237,-0.02471,0.96602,0.005,1,1,participant_26,question_4,Timer-Correct,True,Other
0.0,0,20,1,0.10984,-0.02687,0,0.21875,0.09537,0.2749,14885,4506.91797,1,0.08327,-0.05096,-0.03129,-0.0114,0.6031,0.359,0.55047,26.01557,1,0.10065,-0.01683,0.96602,0.00509,1,1,0.02902,-0.01254,0.61246,0.61999,0.55479,25.0009,1,0.11904,-0.0369,0.96602,0.005,1,1,participant_26,question_4,Timer-Correct,True,Other
0.0,0,20,1,0.11104,-0.02321,0,0.21875,0.09537,0.28174,14885,4506.91797,1,0.08392,-0.05032,-0.0313,-0.01138,0.59991,0.35901,0.55031,25.7281,1,0.10065,-0.01683,0.96602,0.00511,1,1,0.02811,-0.0122,0.59609,0.61984,0.55467,25.32543,1,0.12144,-0.0296,0.96033,0.00497,1,1,participant_26,question_4,Timer-Correct,True,Other
0.0,0,20,1,0.11674,-0.02749,0,0.2224,0.09259,0.28857,14885,4506.91797,1,0.08467,-0.0498,-0.0313,-0.01138,0.59991,0.35859,0.55031,25.39994,1,0.10769,-0.01652,0.96033,0.00517,1,1,0.02811,-0.0122,0.59609,0.61962,0.5545,24.69492,1,0.1258,-0.03846,0.95465,0.00501,1,1,participant_26,question_4,Timer-Correct,True,Other
0.0,0,20,1,0.10819,-0.01732,0,0.2224,0.09259,0.28857,14885,4506.91797,0,0.10794,-0.03676,-0.0313,-0.01138,0.59991,0.35849,0.55025,25.58541,1,0.09969,-0.00222,0.95465,0.00515,1,1,0.02811,-0.0122,0.59609,0.61956,0.55445,24.66621,1,0.11668,-0.03241,0.94896,0.00503,1,1,participant_26,question_4,Timer-Correct,True,Other
0.0,0,20,1,0.10522,-0.02601,0,0.2224,0.09259,0.28857,14885,4506.91797,0,0.10658,-0.03138,-0.03247,-0.01179,0.62124,0.35848,0.55026,25.88414,1,0.09924,-0.00306,0.95535,0.00515,1,1,0.02966,-0.01287,0.63099,0.61938,0.55422,24.73112,1,0.11119,-0.04895,0.96164,0.00503,1,1,participant_26,question_4,Timer-Correct,True,Other
0.0,0,20,1,0.10742,-0.05863,0,0.2224,0.09259,0.28857,14885,4506.91797,0,0.10686,-0.04046,-0.03247,-0.01179,0.62124,0.35827,0.55036,25.8941,1,0.09944,-0.02614,0.96804,0.00513,1,1,0.02966,-0.01287,0.63099,0.61919,0.55434,24.81483,1,0.11539,-0.09111,0.98001,0.00503,1,1,participant_26,question_4,Timer-Correct,True,Other
0.0,0,20,1,0.10431,-0.06281,0,0.2224,0.09259,0.02051,14886,4507.21289,1,0.10622,-0.04605,-0.03247,-0.01179,0.62124,0.35818,0.55031,25.76617,1,0.10656,-0.05315,0.98641,0.00513,1,1,0.02966,-0.01287,0.63099,0.61907,0.55431,25.00518,1,0.10206,-0.07246,0.99838,0.00503,1,1,participant_26,question_4,Timer-Correct,True,Other
0.0,0,20,1,0.0981,-0.07772,0,0.22708,0.08889,0.02686,14886,4507.21289,1,0.1046,-0.05238,-0.03174,-0.01143,0.60474,0.35812,0.55021,25.95862,1,0.09927,-0.06761,0.99838,0.00514,1,1,0.02931,-0.01266,0.62542,0.61899,0.55413,24.67988,1,0.09693,-0.08782,1.01036,0.00502,1,1,participant_26,question_4,Timer-Correct,True,Other
0.0,0,20,1,0.10225,-0.07812,0,0.22708,0.08889,0.0332,14886,4507.21289,1,0.1042,-0.05667,-0.03174,-0.01143,0.60474,0.35782,0.55016,25.62976,1,0.08652,-0.07369,1.00396,0.00518,1,1,0.02931,-0.01266,0.62542,0.61893,0.55405,24.75614,1,0.11798,-0.08255,1.00396,0.00507,1,1,participant_26,question_4,Timer-Correct,True,Other
0.0,0,20,1,0.09291,-0.05417,0,0.22708,0.08889,0.04004,14886,4507.21289,1,0.10259,-0.05632,-0.03174,-0.01143,0.60474,0.35779,0.55017,25.50994,1,0.0729,-0.0708,0.99756,0.0052,1,1,0.02931,-0.01266,0.62542,0.61882,0.55407,24.72392,1,0.11292,-0.03753,0.99756,0.00503,1,1,participant_26,question_4,Timer-Correct,True,Other
0.0,0,20,1,0.09759,-0.04238,0,0.22708,0.08889,0.04736,14886,4507.21289,1,0.10197,-0.05457,-0.03174,-0.01143,0.60474,0.35773,0.55025,25.94661,1,0.077,-0.06304,0.99117,0.00518,1,1,0.02823,-0.01227,0.60348,0.61872,0.55399,25.03795,1,0.11819,-0.02173,0.98488,0.00504,1,1,participant_26,question_4,Timer-Correct,True,Other
0.0,0,20,1,0.09964,-0.03788,0,0.22708,0.08889,0.0542,14886,4507.21289,1,0.10171,-0.05272,-0.03174,-0.01143,0.60474,0.35758,0.55,25.31425,1,0.08254,-0.05245,0.98488,0.00519,1,1,0.02823,-0.01227,0.60348,0.61867,0.55393,24.93139,1,0.11675,-0.0233,0.9786,0.00507,1,1,participant_26,question_4,Timer-Correct,True,Other
0.0,0,20,1,0.10046,-0.04027,0,0.23802,0.08056,0.06055,14886,4507.21289,1,0.10158,-0.05147,-0.03174,-0.01143,0.60474,0.35759,0.55001,25.24493,1,0.08385,-0.05951,0.9786,0.0052,1,1,0.02823,-0.01227,0.60348,0.61866,0.55394,25.15799,1,0.11706,-0.02102,0.97231,0.00507,1,1,participant_26,question_4,Timer-Correct,True,Other
0.0,0,20,1,0.10379,-0.03246,0,0.23802,0.08056,0.06738,14886,4507.21289,1,0.10178,-0.04974,-0.03174,-0.01143,0.60474,0.35757,0.55007,25.26799,1,0.08787,-0.05181,0.97231,0.00522,1,1,0.02823,-0.01218,0.60348,0.61867,0.55388,24.98774,1,0.11972,-0.0131,0.96602,0.00508,1,1,participant_26,question_4,Timer-Correct,True,Other
0.0,0,20,1,0.0961,-0.02717,0,0.23802,0.08056,0.07373,14886,4507.21289,1,0.10131,-0.04786,-0.03174,-0.01143,0.60474,0.35749,0.55003,25.32745,1,0.07726,-0.0301,0.96602,0.00521,1,1,0.02823,-0.01218,0.60348,0.61855,0.55385,25.09624,1,0.11495,-0.02423,0.96602,0.00506,1,1,participant_26,question_4,Timer-Correct,True,Other
0.0,0,20,1,0.09586,-0.01921,0,0.23802,0.08056,0.08057,14886,4507.21289,1,0.10089,-0.04566,-0.03174,-0.01143,0.60474,0.35745,0.55005,25.28316,1,0.07784,-0.02823,0.96602,0.00523,1,1,0.02823,-0.01218,0.60348,0.61858,0.55384,25.11111,1,0.11387,-0.0102,0.96602,0.00505,1,1,participant_26,question_4,Timer-Correct,True,Other
0.0,0,20,1,0.09239,-0.0271,0,0.24531,0.075,0.0874,14886,4507.21289,1,0.10028,-0.04433,-0.03297,-0.0119,0.62727,0.35746,0.55007,25.3327,1,0.07365,-0.03596,0.97242,0.00519,1,1,0.02857,-0.01241,0.61266,0.61853,0.55386,25.08594,1,0.11113,-0.01825,0.97242,0.00504,1,1,participant_26,question_4,Timer-Correct,True,Other
0.0,0,20,1,0.09997,-0.05045,0,0.24531,0.075,0.09375,14886,4507.21289,1,0.10026,-0.04474,-0.03297,-0.0119,0.62727,0.35731,0.54989,25.37354,1,0.11317,-0.04973,0.97881,0.0052,1,1,0.02857,-0.01241,0.61266,0.61839,0.55368,25.15148,1,0.08676,-0.05117,0.97881,0.00506,1,1,participant_26,question_4,Timer-Correct,True,Other
0.0,0,20,1,0.1003,-0.06171,0,0.24531,0.075,0.10059,14886,4507.21289,1,0.10027,-0.0458,-0.03297,-0.0119,0.62727,0.35731,0.54987,25.46135,1,0.11162,-0.0621,0.98521,0.00519,1,1,0.02857,-0.01241,0.61266,0.61839,0.55368,25.15148,1,0.08899,-0.06133,0.98521,0.00506,1,1,participant_26,question_4,Timer-Correct,True,Other
0.0,0,20,1,0.10194,-0.05851,0,0.24531,0.075,0.10742,14886,4507.21289,1,0.10036,-0.04655,-0.03098,-0.0111,0.58949,0.35734,0.54991,25.53098,1,0.11511,-0.05506,0.97942,0.00521,1,1,0.02893,-0.0125,0.61934,0.61839,0.55372,25.25424,1,0.08877,-0.06197,0.98571,0.00505,1,1,participant_26,question_4,Timer-Correct,True,Other
0.0,0,20,1,0.0909,-0.05002,0,0.24531,0.075,0.11426,14886,4507.21289,1,0.09984,-0.04674,-0.03098,-0.0111,0.58949,0.35746,0.54992,25.60869,1,0.07463,-0.05397,0.97353,0.0052,1,1,0.02893,-0.0125,0.61934,0.61862,0.55378,25.16193,1,0.10716,-0.04608,0.97981,0.00511,1,1,participant_26,question_4,Timer-Correct,True,Other
0.0,0,20,1,0.10513,-0.03109,0,0.24948,0.07315,0.12061,14886,4507.21289,1,0.10012,-0.04592,-0.03098,-0.0111,0.58949,0.35754,0.55005,25.40415,1,0.08985,-0.03063,0.96763,0.00523,1,1,0.02893,-0.0125,0.61934,0.61866,0.55378,25.19747,1,0.1204,-0.03155,0.97392,0.00508,1,1,participant_26,question_4,Timer-Correct,True,Other
0.0,0,20,1,0.10649,-0.02697,0,0.24948,0.07315,0.12744,14886,4507.21289,1,0.10043,-0.04497,-0.03174,-0.01143,0.60474,0.35752,0.5501,25.48799,1,0.08992,-0.0305,0.96752,0.00522,1,1,0.02823,-0.01222,0.60348,0.61865,0.55385,25.09838,1,0.12307,-0.02344,0.96752,0.00508,1,1,participant_26,question_4,Timer-Correct,True,Other
0.0,0,20,1,0.11165,-0.03431,0,0.24948,0.07315,0.13428,14886,4507.21289,1,0.10097,-0.04446,-0.03174,-0.01143,0.60474,0.35772,0.55028,26.06141,1,0.09722,-0.02243,0.97331,0.00523,1,1,0.02823,-0.01222,0.60348,0.61878,0.554,25.0024,1,0.12608,-0.04619,0.96702,0.00513,1,1,participant_26,question_4,Timer-Correct,True,Other
0.0,0,20,1,0.11521,-0.0308,0,0.24948,0.07315,0.14062,14886,4507.21289,1,0.10162,-0.04384,-0.03174,-0.01143,0.60474,0.35773,0.5503,26.02133,1,0.09914,-0.02414,0.97281,0.00523,1,1,0.02823,-0.01222,0.60348,0.61881,0.55404,24.9263,1,0.13128,-0.03746,0.96652,0.00512,1,1,participant_26,question_4,Timer-Correct,True,Other
0.0,0,20,1,0.11418,-0.03421,0,0.24948,0.07315,0.14697,14886,4507.21289,1,0.10216,-0.04342,-0.03174,-0.01143,0.60474,0.35784,0.55023,25.59412,1,0.09945,-0.02354,0.97231,0.00528,1,1,0.02931,-0.01266,0.62542,0.61887,0.55414,25.00939,1,0.12892,-0.04488,0.97231,0.0051,1,1,participant_26,question_4,Timer-Correct,True,Other
0.0,0,20,1,0.1172,-0.04369,0,0.25677,0.06759,0.15527,14886,4507.21289,1,0.10279,-0.04344,-0.03174,-0.01143,0.60474,0.358,0.55019,25.96207,1,0.11511,-0.03882,0.97231,0.00525,1,1,0.02931,-0.01266,0.62542,0.61908,0.55413,25.21186,1,0.11929,-0.04856,0.9786,0.00512,1,1,participant_26,question_4,Timer-Correct,True,Other
0.0,0,20,1,0.09223,-0.05189,0,0.25677,0.06759,0.16064,14886,4507.21289,1,0.10237,-0.04377,-0.03174,-0.01143,0.60474,0.3581,0.55019,25.90434,1,0.06162,-0.0472,0.9786,0.00523,1,1,0.02931,-0.01266,0.62542,0.61918,0.55415,25.17304,1,0.12285,-0.05658,0.98488,0.00511,1,1,participant_26,question_4,Timer-Correct,True,Other
0.0,0,20,1,0.09014,-0.05571,0,0.25677,0.06759,0.16748,14886,4507.21289,1,0.1019,-0.04423,-0.0313,-0.01138,0.59991,0.35817,0.55014,26.00796,1,0.05743,-0.05483,0.98488,0.00526,1,1,0.02862,-0.0124,0.60774,0.61923,0.55414,25.18658,1,0.12285,-0.05658,0.98488,0.0051,1,1,participant_26,question_4,Timer-Correct,True,Other
0.0,0,20,1,0.08875,-0.07216,0,0.25677,0.06759,0.17432,14886,4507.21289,1,0.10141,-0.04527,-0.0313,-0.01138,0.59991,0.3584,0.55036,26.25682,1,0.07233,-0.05137,0.98488,0.0052,1,1,0.02862,-0.0124,0.60774,0.6194,0.55414,24.86383,1,0.10517,-0.09296,0.9786,0.00517,1,1,participant_26,question_4,Timer-Correct,True,Other
0.0,0,20,1,0.10283,-0.05945,0,0.26875,0.05926,0.18066,14886,4507.21289,1,0.10146,-0.04577,-0.0313,-0.01138,0.59991,0.3585,0.55018,25.91775,1,0.09185,-0.03502,0.9786,0.00525,1,1,0.02862,-0.0124,0.60774,0.6195,0.55417,24.69703,1,0.1138,-0.08388,0.97231,0.0052,1,1,participant_26,question_4,Timer-Correct,True,Other
0.0,0,20,1,0.10481,-0.05568,0,0.26875,0.05926,0.1875,14886,4507.21289,1,0.10158,-0.04611,-0.0313,-0.01134,0.59991,0.35849,0.55017,25.91213,1,0.09581,-0.02748,0.97231,0.00526,1,1,0.02914,-0.01256,0.61793,0.61961,0.55418,24.75848,1,0.1138,-0.08388,0.97231,0.00513,1,1,participant_26,question_4,Timer-Correct,True,Other
0.0,0,20,1,0.10978,-0.04621,0,0.26875,0.05926,0.19385,14886,4507.21289,1,0.10185,-0.04612,-0.0313,-0.01134,0.59991,0.35868,0.5499,25.45423,1,0.10662,-0.05733,0.97231,0.00532,1,1,0.02914,-0.01256,0.61793,0.61981,0.55413,25.03118,1,0.11293,-0.0351,0.9786,0.00516,1,1,participant_26,question_4,Timer-Correct,True,Other
0.0,0,20,1,0.10994,-0.05502,0,0.26875,0.05926,0.20117,14886,4507.21289,1,0.10211,-0.04641,-0.0313,-0.01134,0.59991,0.35877,0.54984,25.26658,1,0.0978,-0.05818,0.9786,0.0053,1,1,0.02914,-0.01256,0.61793,0.61999,0.55413,25.07728,1,0.12207,-0.05186,0.98488,0.00512,1,1,participant_26,question_4,Timer-Correct,True,Other
0.0,0,20,1,0.10797,-0.05886,0,0.26875,0.05926,0.20703,14886,4507.21289,1,0.10229,-0.04679,-0.03177,-0.01153,0.61226,0.35897,0.54985,25.73542,1,0.09388,-0.06587,0.98488,0.00523,1,1,0.02882,-0.01241,0.60817,0.61996,0.55426,25.40932,1,0.12207,-0.05186,0.98488,0.00511,1,1,participant_26,question_4,Timer-Correct,True,Other
0.0,0,20,1,0.09574,-0.07688,0,0.28542,0.0463,0.21436,14886,4507.21289,1,0.10209,-0.04771,-0.03177,-0.01153,0.61226,0.35913,0.54987,25.80058,1,0.07834,-0.06958,0.98488,0.0053,1,1,0.02882,-0.01241,0.60817,0.62031,0.55421,24.6966,1,0.11314,-0.08419,0.9786,0.00517,1,1,participant_26,question_4,Timer-Correct,True,Other
0.0,0,20,1,0.1143,-0.0546,0,0.28542,0.0463,0.2207,14886,4507.21289,1,0.10245,-0.04791,-0.03177,-0.01153,0.61226,0.35932,0.54997,25.69879,1,0.09683,-0.04925,0.9786,0.00526,1,1,0.02882,-0.01241,0.60817,0.62033,0.55424,24.68609,1,0.13177,-0.05995,0.97231,0.00516,1,1,participant_26,question_4,Timer-Correct,True,Other
0.0,0,20,1,0.11753,-0.04671,0,0.28542,0.0463,0.22705,14886,4507.21289,1,0.10288,-0.04787,-0.03129,-0.0114,0.6031,0.35943,0.55002,25.65745,1,0.10075,-0.04162,0.97231,0.00531,1,1,0.02912,-0.01254,0.61265,0.62045,0.55444,25.15194,1,0.13431,-0.05179,0.96602,0.00516,1,1,participant_26,question_4,Timer-Correct,True,Other
0.0,0,20,1,0.11045,-0.05162,0,0.28542,0.0463,0.23389,14886,4507.21289,1,0.10309,-0.04798,-0.03129,-0.0114,0.6031,0.35946,0.5498,25.70448,1,0.10966,-0.05243,0.96602,0.00533,1,1,0.02912,-0.01254,0.61265,0.62059,0.55443,25.09491,1,0.11124,-0.05081,0.96602,0.00513,1,1,participant_26,question_4,Timer-Correct,True,Other
0.0,0,20,1,0.11932,-0.05429,0,0.28542,0.0463,0.24072,14886,4507.21289,1,0.10353,-0.04815,-0.03129,-0.0114,0.6031,0.35951,0.54987,25.68002,1,0.11581,-0.0585,0.96602,0.00535,1,1,0.02912,-0.01254,0.61265,0.62065,0.55434,24.77318,1,0.12282,-0.05007,0.96602,0.00515,1,1,participant_26,question_4,Timer-Correct,True,Other
0.0,0,20,1,0.118,-0.05837,0,0.29375,0.04074,0.24805,14886,4507.21289,1,0.10391,-0.04842,-0.0315,-0.01146,0.60884,0.3596,0.54979,26.09023,1,0.11581,-0.0585,0.96602,0.0053,1,1,0.02941,-0.01265,0.61784,0.6207,0.5544,24.76825,1,0.12019,-0.05823,0.97231,0.00518,1,1,participant_26,question_4,Timer-Correct,True,Other
0.0,0,20,1,0.09155,-0.08478,0,0.29375,0.04074,0.25391,14886,4507.21289,1,0.1036,-0.04935,-0.0315,-0.01146,0.60884,0.35988,0.5497,25.99291,1,0.07667,-0.08563,0.97231,0.0053,1,1,0.02941,-0.01265,0.61784,0.62097,0.55439,25.17481,1,0.10643,-0.08392,0.9786,0.00519,1,1,participant_26,question_4,Timer-Correct,True,Other
0.0,0,20,1,0.09767,-0.08769,0,0.29375,0.04074,0.26074,14886,4507.21289,1,0.10345,-0.05031,-0.0315,-0.01146,0.60884,0.35996,0.54964,25.98385,1,0.07896,-0.09289,0.9786,0.00536,1,1,0.02941,-0.01265,0.61784,0.62103,0.55439,25.19369,1,0.11637,-0.08249,0.98488,0.00515,1,1,participant_26,question_4,Timer-Correct,True,Other
0.0,0,20,1,0.09432,-0.09576,0,0.29375,0.04074,0.26758,14886,4507.21289,1,0.10323,-0.05142,-0.0314,-0.01146,0.60878,0.36004,0.54951,25.4993,1,0.07489,-0.10082,0.98488,0.00535,1,1,0.02957,-0.01258,0.61917,0.62112,0.55423,24.8416,1,0.11375,-0.09071,0.99117,0.00516,1,1,participant_26,question_4,Timer-Correct,True,Other
0.0,0,20,1,0.08979,-0.09801,0,0.29427,0.04074,0.27441,14886,4507.21289,1,0.10291,-0.05253,-0.0314,-0.01146,0.60878,0.36015,0.5496,25.83168,1,0.08061,-0.1031,0.99117,0.00533,1,1,0.02957,-0.01258,0.61917,0.62127,0.55422,24.79052,1,0.09898,-0.09292,0.99117,0.0052,1,1,participant_26,question_4,Timer-Correct,True,Other
0.0,0,20,1,0.09204,-0.10129,0,0.29427,0.04074,0.28174,14886,4507.21289,1,0.10265,-0.05366,-0.0314,-0.01146,0.60878,0.36027,0.5496,25.90266,1,0.08305,-0.10746,0.99117,0.00532,1,1,0.02957,-0.01258,0.61917,0.6213,0.55419,24.77831,1,0.10102,-0.09513,0.99117,0.0052,1,1,participant_26,question_4,Timer-Correct,True,Other
0.0,0,20,1,0.08998,-0.1054,0,0.29427,0.04074,0.28809,14886,4507.21289,1,0.10237,-0.05484,-0.03225,-0.01174,0.62603,0.3603,0.54964,26.36635,1,0.07899,-0.11552,0.99756,0.0053,1,1,0.02854,-0.01217,0.59664,0.62133,0.55432,25.1221,1,0.10097,-0.09527,0.99128,0.00517,1,1,participant_26,question_4,Timer-Correct,True,Other
0.0,0,20,1,0.0993,-0.04399,0,0.29427,0.04074,0.29443,14886,4507.21289,1,0.1023,-0.0546,-0.03225,-0.01174,0.62603,0.36044,0.54958,26.44897,1,0.08101,-0.03183,0.99767,0.00531,1,1,0.02854,-0.01217,0.59664,0.62148,0.55421,25.14594,1,0.11759,-0.05615,0.99139,0.00516,1,1,participant_26,question_4,Timer-Correct,True,Other
0.0,0,20,1,0.08373,-0.06665,0,0.29427,0.04074,0.30176,14886,4507.21289,1,0.10189,-0.05486,-0.03225,-0.01174,0.62603,0.36053,0.54957,26.35289,1,0.0693,-0.03269,0.99778,0.00532,1,1,0.02854,-0.01217,0.59664,0.62164,0.55422,25.00008,1,0.09816,-0.10061,0.9915,0.00516,1,1,participant_26,question_4,Timer-Correct,True,Other
0.0,0,20,1,0.08712,-0.05881,0,0.29427,0.04074,0.30811,14886,4507.21289,1,0.10158,-0.05494,-0.03137,-0.01147,0.6118,0.36053,0.5494,25.92952,1,0.07334,-0.0253,0.9915,0.00533,1,1,0.02924,-0.01243,0.60931,0.62171,0.55432,25.03374,1,0.10089,-0.09231,0.98521,0.00518,1,1,participant_26,question_4,Timer-Correct,True,Other
0.0,0,20,1,0.09895,-0.03878,0,0.29427,0.04074,0.31494,14886,4507.21289,1,0.10152,-0.05461,-0.03137,-0.01147,0.6118,0.36071,0.54941,25.65865,1,0.0868,-0.00504,0.97881,0.00541,1,1,0.02924,-0.01243,0.60931,0.62178,0.55433,25.01765,1,0.1111,-0.07252,0.97881,0.00519,1,1,participant_26,question_4,Timer-Correct,True,Other
0.0,0,20,1,0.10477,-0.02814,0,0.29427,0.04074,0.32129,14886,4507.21289,1,0.10146,-0.05443,-0.03137,-0.01147,0.6118,0.36067,0.54942,25.73071,1,0.09452,0.00906,0.97242,0.00537,1,1,0.02924,-0.01243,0.60931,0.62182,0.55439,24.89539,1,0.11503,-0.06534,0.97242,0.00517,1,1,participant_26,question_4,Timer-Correct,True,Other
0.0,0,20,1,0.10814,-0.02025,0,0.29427,0.04074,0.32812,14886,4507.21289,1,0.10152,-0.05431,0.0,0.0,0.0,0.36069,0.54944,25.82151,1,0.09854,0.01648,0.96602,0.00537,0,1,0.02924,-0.01243,0.60931,0.62185,0.55441,25.01064,1,0.11775,-0.05699,0.96602,0.00516,1,1,participant_26,question_4,Timer-Correct,True,Other
0.0,0,20,1,0.11392,-0.02238,0,0.29427,0.04074,0.33496,14886,4507.21289,1,0.10165,-0.05355,0.0,0.0,0.0,0.36079,0.54945,25.98156,1,0.10058,0.00758,0.96602,0.00535,0,1,0.02924,-0.01243,0.60931,0.62188,0.55441,25.25429,1,0.12726,-0.05233,0.96602,0.00514,1,1,participant_26,question_4,Timer-Correct,True,Other
0.0,0,20,1,0.11916,-0.02703,0,0.29427,0.04074,0.3418,14886,4507.21289,1,0.10196,-0.05281,0.0,0.0,0.0,0.36082,0.54946,26.02781,1,0.11025,0.00847,0.96602,0.00534,0,1,0.02924,-0.01243,0.60931,0.62193,0.55436,25.24782,1,0.12806,-0.06254,0.96602,0.00511,1,1,participant_26,question_4,Timer-Correct,True,Other
0.0,0,20,1,0.11786,-0.03115,0,0.29427,0.04074,0.34863,14886,4507.21289,1,0.10238,-0.05183,-0.0308,-0.01131,0.60058,0.36082,0.54945,26.04358,1,0.11025,0.00847,0.96602,0.00532,1,1,0.02959,-0.01252,0.61579,0.62206,0.55414,24.70005,1,0.12547,-0.07077,0.97231,0.00518,1,1,participant_26,question_4,Timer-Correct,True,Other
0.0,0,20,1,0.09729,-0.08321,0,0.29427,0.04074,0.35498,14886,4507.21289,1,0.10227,-0.05194,-0.0308,-0.01131,0.60058,0.36088,0.54959,26.17456,1,0.08901,-0.08751,0.97231,0.00531,1,1,0.02959,-0.01252,0.61579,0.62217,0.55413,24.7109,1,0.10556,-0.0789,0.9786,0.00518,1,1,participant_26,question_4,Timer-Correct,True,Other
0.0,0,20,1,0.09653,-0.07987,0,0.29427,0.04074,0.36182,14886,4507.21289,1,0.10235,-0.05248,-0.0308,-0.01131,0.60058,0.36097,0.54964,25.89043,1,0.09093,-0.08521,0.9786,0.00536,1,1,0.02959,-0.01252,0.61579,0.62213,0.55423,24.84026,1,0.10212,-0.07453,0.98488,0.00516,1,1,participant_26,question_4,Timer-Correct,True,Other
0.0,0,20,1,0.09454,-0.0838,0,0.29427,0.04074,0.36816,14886,4507.21289,1,0.10228,-0.05334,-0.0308,-0.01131,0.60058,0.36099,0.54973,26.04199,1,0.08695,-0.09308,0.98488,0.00536,1,1,0.02924,-0.01244,0.60738,0.62218,0.55439,24.76987,1,0.10212,-0.07453,0.98488,0.00515,1,1,participant_26,question_4,Timer-Correct,True,Other
0.0,0,20,1,0.10532,-0.07736,0,0.29427,0.04074,0.37549,14886,4507.21289,1,0.1024,-0.05416,-0.0308,-0.01131,0.60058,0.36104,0.54973,26.00548,1,0.09727,-0.0932,0.98488,0.00536,1,1,0.02924,-0.01244,0.60738,0.6222,0.55438,24.64954,1,0.11337,-0.06151,0.9786,0.00514,1,1,participant_26,question_4,Timer-Correct,True,Other
0.0,0,20,1,0.09484,-0.06625,0,0.29427,0.04074,0.38184,14886,4507.21289,1,0.10228,-0.0547,-0.0308,-0.01131,0.60058,0.36104,0.54973,26.02608,1,0.09985,-0.07848,0.9786,0.00536,1,1,0.02924,-0.01244,0.60738,0.62222,0.55438,24.63464,1,0.08983,-0.05401,0.97231,0.00515,1,1,participant_26,question_4,Timer-Correct,True,Other
0.0,0,20,1,0.09335,-0.07047,0,0.29427,0.04074,0.38867,14886,4507.21289,1,0.10207,-0.05549,-0.03163,-0.01163,0.61771,0.36106,0.5498,26.18954,1,0.09978,-0.07862,0.9787,0.00534,1,1,0.03015,-0.01281,0.62542,0.62224,0.55439,24.62763,1,0.08693,-0.06232,0.9787,0.00515,1,1,participant_26,question_4,Timer-Correct,True,Other
0.0,0,20,1,0.08204,-0.0806,0,0.29427,0.04074,0.39551,14886,4507.21289,1,0.10177,-0.05661,-0.03163,-0.01163,0.61771,0.36109,0.5498,26.28687,1,0.0732,-0.08642,0.9851,0.00532,1,1,0.03015,-0.01281,0.62542,0.62232,0.55434,24.66891,1,0.09089,-0.07478,0.99139,0.00514,1,1,participant_26,question_4,Timer-Correct,True,Other
0.0,0,20,1,0.08242,-0.09653,0,0.29427,0.04074,0.40234,14886,4507.21289,1,0.10149,-0.05822,-0.03163,-0.01163,0.61771,0.3612,0.54971,26.30409,1,0.07144,-0.10685,0.99778,0.00534,1,1,0.03015,-0.01281,0.62542,0.62246,0.55456,25.37333,1,0.0934,-0.0862,1.00407,0.00511,1,1,participant_26,question_4,Timer-Correct,True,Other
0.0,0,20,1,0.0804,-0.10046,0,0.29427,0.04074,0.40869,14886,4507.21289,1,0.10124,-0.05975,-0.03038,-0.01117,0.59599,0.36125,0.54941,25.83484,1,0.06739,-0.11472,1.00407,0.00537,1,1,0.02924,-0.0124,0.6055,0.62253,0.55462,25.35323,1,0.0934,-0.0862,1.00407,0.00509,1,1,participant_26,question_4,Timer-Correct,True,Other
0.0,0,20,1,0.13008,-0.0647,0,0.29427,0.04074,0.41553,14886,4507.21289,1,0.10187,-0.06004,-0.03038,-0.01117,0.59599,0.36199,0.54937,26.04475,1,0.11222,-0.03429,0.99767,0.00536,1,1,0.02924,-0.0124,0.6055,0.62312,0.5544,24.91917,1,0.14793,-0.09511,0.99139,0.00512,1,1,participant_26,question_4,Timer-Correct,True,Other
0.0,0,20,1,0.12586,-0.0434,0,0.29427,0.04074,0.42236,14886,4507.21289,1,0.1024,-0.05966,-0.03038,-0.01117,0.59599,0.36205,0.54935,25.99853,1,0.12471,-0.0168,0.98499,0.00537,1,1,0.02924,-0.0124,0.6055,0.62309,0.55435,25.07864,1,0.12701,-0.07,0.9787,0.00511,1,1,participant_26,question_4,Timer-Correct,True,Other
0.0,0,20,1,0.13216,-0.02775,0,0.29427,0.04074,0.42871,14886,4507.21289,1,0.10303,-0.05902,-0.03038,-0.01117,0.59599,0.3621,0.54935,26.09216,1,0.13215,-0.00197,0.97231,0.00537,1,1,0.02945,-0.01241,0.60814,0.62314,0.5543,25.00135,1,0.13218,-0.05352,0.96602,0.00514,1,1,participant_26,question_4,Timer-Correct,True,Other
0.0,0,20,1,0.14194,-0.00718,0,0.29427,0.04074,0.43555,14886,4507.21289,1,0.1041,-0.05813,-0.03038,-0.01117,0.59599,0.36213,0.54928,26.21125,1,0.14182,-0.001,0.96602,0.00535,1,1,0.02945,-0.01241,0.60814,0.62324,0.5543,24.91966,1,0.14207,-0.01336,0.96602,0.00511,1,1,participant_26,question_4,Timer-Correct,True,Other
0.0,0,20,1,0.13635,-0.0388,0,0.29427,0.04074,0.44238,14886,4507.21289,1,0.10475,-0.05829,-0.03038,-0.01117,0.59599,0.36215,0.5493,26.07696,1,0.13913,-0.00913,0.96602,0.00536,1,1,0.02945,-0.01241,0.60814,0.62332,0.55429,24.88193,1,0.13357,-0.06847,0.96602,0.00518,1,1,participant_26,question_4,Timer-Correct,True,Other
0.0,0,20,1,0.13508,-0.04293,0,0.29427,0.04074,0.44922,14886,4507.21289,1,0.10534,-0.05862,-0.03038,-0.01113,0.59599,0.36215,0.54929,26.09365,1,0.13913,-0.00913,0.96602,0.00536,1,1,0.0301,-0.01266,0.62045,0.62333,0.55429,24.97235,1,0.13102,-0.07673,0.97231,0.00517,1,1,participant_26,question_4,Timer-Correct,True,Other
0.0,0,20,1,0.13928,-0.04849,0,0.29427,0.04074,0.45557,14886,4507.21289,1,0.10592,-0.05892,-0.03038,-0.01113,0.59599,0.36225,0.54932,26.12889,1,0.14088,-0.01667,0.97231,0.00539,1,1,0.0301,-0.01266,0.62045,0.62335,0.55429,24.83992,1,0.13769,-0.08031,0.97859,0.00519,1,1,participant_26,question_4,Timer-Correct,True,Other
0.0,0,20,1,0.12461,-0.05424,0,0.29271,0.04167,0.46191,14886,4507.21289,1,0.10612,-0.05941,-0.03038,-0.01113,0.59599,0.36217,0.54931,26.01949,1,0.11221,-0.02568,0.97859,0.00536,1,1,0.0301,-0.01266,0.62045,0.62338,0.55425,24.75308,1,0.137,-0.0828,0.98488,0.00518,1,1,participant_26,question_4,Timer-Correct,True,Other
0.0,0,20,1,0.12436,-0.05486,0,0.29271,0.04167,0.46875,14886,4507.21289,1,0.10633,-0.05984,-0.03018,-0.01112,0.59287,0.36226,0.54933,26.11545,1,0.11191,-0.02627,0.97909,0.00537,1,1,0.0301,-0.01266,0.62045,0.62341,0.55427,24.70599,1,0.1368,-0.08345,0.98538,0.00517,1,1,participant_26,question_4,Timer-Correct,True,Other
0.0,0,20,1,0.11112,-0.05437,0,0.29271,0.04167,0.47559,14886,4507.21289,1,0.1062,-0.06006,-0.03018,-0.01112,0.59287,0.36227,0.54935,26.09558,1,0.11267,-0.0206,0.97959,0.00538,1,1,0.0301,-0.01266,0.62045,0.62341,0.55431,24.81061,1,0.10957,-0.08814,0.97959,0.00514,1,1,participant_26,question_4,Timer-Correct,True,Other
0.0,0,20,1,0.12738,-0.04518,0,0.29271,0.04167,0.48242,14886,4507.21289,1,0.10693,-0.05992,-0.03018,-0.01112,0.59287,0.36226,0.5494,26.15398,1,0.1151,-0.01547,0.97381,0.00537,1,1,0.0301,-0.01266,0.62045,0.62339,0.55429,24.86114,1,0.13966,-0.07489,0.97381,0.00516,1,1,participant_26,question_4,Timer-Correct,True,Other
0.0,0,20,1,0.13028,-0.03797,0,0.29063,0.04259,0.48242,14886,4507.21289,0,0.12987,-0.04332,-0.03018,-0.01112,0.59287,0.36231,0.5494,26.08937,1,0.1186,-0.00863,0.96802,0.00543,1,1,0.0301,-0.01266,0.62045,0.62341,0.5543,24.85195,1,0.14195,-0.06731,0.96802,0.00514,1,1,participant_26,question_4,Timer-Correct,True,Other
0.0,0,20,1,0.14368,-0.03175,0,0.29063,0.04259,0.48242,14886,4507.21289,0,0.13678,-0.03754,-0.03018,-0.01112,0.59287,0.36231,0.54945,26.04042,1,0.14707,0.00267,0.96802,0.00544,1,1,0.0301,-0.01266,0.62045,0.6234,0.55428,24.69647,1,0.14029,-0.06617,0.96802,0.00517,1,1,participant_26,question_4,Timer-Correct,True,Other
0.0,0,20,1,0.14264,-0.02682,0,0.29063,0.04259,0.48242,14886,4507.21289,0,0.13873,-0.03396,-0.03018,-0.01112,0.59287,0.36222,0.54947,26.09709,1,0.14173,0.00473,0.96802,0.00542,1,1,0.0301,-0.01266,0.62045,0.62337,0.55429,24.69533,1,0.14354,-0.05836,0.96802,0.00519,1,1,participant_26,question_4,Timer-Correct,True,Other
0.0,0,20,1,0.13983,-0.03395,0,0.29063,0.04259,0.02637,14887,4507.70215,1,0.139,-0.03396,-0.03038,-0.01117,0.59599,0.36222,0.54947,26.09496,1,0.13839,-0.00202,0.97381,0.00542,1,1,0.0301,-0.01266,0.62045,0.62337,0.55429,24.69533,1,0.14126,-0.06589,0.97381,0.00519,1,1,participant_26,question_4,Timer-Correct,True,Other
0.0,0,20,1,0.12992,-0.06645,0,0.29063,0.04259,0.03076,14887,4507.70215,1,0.13719,-0.04046,-0.03038,-0.01117,0.59599,0.36213,0.54943,25.99414,1,0.12572,-0.05299,0.97959,0.00538,1,1,0.0301,-0.01266,0.62045,0.62334,0.55428,24.70749,1,0.13413,-0.07991,0.97959,0.0052,1,1,participant_26,question_4,Timer-Correct,True,Other
0.0,0,20,1,0.12614,-0.06778,0,0.29063,0.04259,0.0332,14887,4507.70215,1,0.13535,-0.04501,-0.03038,-0.01117,0.59599,0.36206,0.54953,26.15163,1,0.12247,-0.05345,0.98538,0.00535,1,1,0.0301,-0.01266,0.62045,0.6233,0.5543,24.70712,1,0.1298,-0.08212,0.98538,0.00519,1,1,participant_26,question_4,Timer-Correct,True,Other
0.0,0,20,1,0.12453,-0.07095,0,0.2901,0.04352,0.04053,14887,4507.70215,1,0.1338,-0.04872,-0.03038,-0.01122,0.59599,0.36207,0.54943,25.86844,1,0.11905,-0.06043,0.99117,0.00537,1,1,0.02945,-0.01245,0.60814,0.62329,0.55431,24.66362,1,0.13,-0.08147,0.98488,0.00521,1,1,participant_26,question_4,Timer-Correct,True,Other
0.0,0,20,1,0.11138,-0.0929,0,0.2901,0.04352,0.04639,14887,4507.70215,1,0.131,-0.05424,-0.03038,-0.01122,0.59599,0.36188,0.54953,25.57275,1,0.09825,-0.10608,0.98488,0.00543,1,1,0.02945,-0.01245,0.60814,0.62316,0.55436,24.74202,1,0.12451,-0.07973,0.97859,0.00516,1,1,participant_26,question_4,Timer-Correct,True,Other
0.0,0,20,1,0.12144,-0.07156,0,0.2901,0.04352,0.05322,14887,4507.70215,1,0.12994,-0.05617,-0.03038,-0.01122,0.59599,0.36175,0.54957,25.50997,1,0.09579,-0.08434,0.97859,0.00542,1,1,0.02945,-0.01245,0.60814,0.62304,0.55442,24.81556,1,0.14709,-0.05877,0.97231,0.00514,1,1,participant_26,question_4,Timer-Correct,True,Other
0.0,0,20,1,0.12634,-0.06027,0,0.2901,0.04352,0.06006,14887,4507.70215,1,0.12958,-0.05658,-0.03017,-0.01112,0.59082,0.36178,0.54976,26.12646,1,0.10335,-0.06925,0.96652,0.00536,1,1,0.03,-0.01269,0.62223,0.62291,0.55432,24.87404,1,0.14934,-0.05129,0.96652,0.00512,1,1,participant_26,question_4,Timer-Correct,True,Other
0.0,0,20,1,0.13635,-0.00743,0,0.2901,0.04352,0.06641,14887,4507.70215,1,0.13019,-0.05211,-0.03017,-0.01112,0.59082,0.36189,0.54986,25.41954,1,0.1353,0.01052,0.96073,0.00544,1,1,0.03,-0.01269,0.62223,0.62248,0.55426,24.88339,1,0.13741,-0.02538,0.96702,0.00519,1,1,participant_26,question_4,Timer-Correct,True,Other
0.0,0,20,1,0.18429,0.18487,0,0.2901,0.04352,0.07324,14887,4507.70215,1,0.1347,-0.03236,-0.03017,-0.01112,0.59082,0.36247,0.55129,21.21574,1,0.19853,0.22829,0.96123,0.00536,1,1,0.03,-0.01269,0.62223,0.62234,0.55498,22.41257,1,0.17006,0.14146,0.96752,0.00518,1,1,participant_26,question_4,Timer-Correct,True,Question
0.0,0,20,1,0.18522,0.18779,0,0.2901,0.04352,0.07959,14887,4507.70215,1,0.13859,-0.01542,-0.03017,-0.01094,0.59082,0.36275,0.55152,20.37291,1,0.19828,0.22782,0.96173,0.00543,1,1,0.02901,-0.0121,0.60647,0.62226,0.55576,20.5032,1,0.17216,0.14775,0.96173,0.0051,1,1,participant_26,question_4,Timer-Correct,True,Question
0.0,0,20,0,0.18522,0.18779,0,0.2901,0.04352,0.08691,14887,4507.70215,1,0.13859,-0.01542,-0.03017,-0.01094,0.59082,0.36275,0.55152,20.37291,0,0.19828,0.22782,0.96173,0.00543,1,0,0.02901,-0.0121,0.60647,0.62226,0.55576,20.5032,0,0.17216,0.14775,0.95545,0.0051,1,0,participant_26,question_4,Timer-Correct,False,Question
0.0,0,20,0,0.18522,0.18779,0,0.28906,0.04352,0.09326,14887,4507.70215,1,0.13859,-0.01542,-0.03017,-0.01094,0.59082,0.36275,0.55152,20.37291,0,0.19828,0.22782,0.95545,0.00543,1,0,0.02901,-0.0121,0.60647,0.62226,0.55576,20.5032,0,0.17216,0.14775,0.94916,0.0051,1,0,participant_26,question_4,Timer-Correct,False,Question
0.0,0,20,0,0.18522,0.18779,0,0.28906,0.04352,0.10156,14887,4507.70215,1,0.13859,-0.01542,-0.03017,-0.01094,0.59082,0.36275,0.55152,20.37291,0,0.19828,0.22782,0.94916,0.00543,1,0,0.02901,-0.0121,0.60647,0.62226,0.55576,20.5032,0,0.17216,0.14775,0.94287,0.0051,1,0,participant_26,question_4,Timer-Correct,False,Question
0.0,0,20,0,0.18522,0.18779,0,0.28906,0.04352,0.10156,14887,4507.70215,0,0.13931,-0.0131,-0.03017,-0.01094,0.59082,0.36275,0.55152,20.37291,0,0.19828,0.22782,0.94287,0.00543,1,0,0.02901,-0.0121,0.60647,0.62226,0.55576,20.5032,0,0.17216,0.14775,0.94287,0.0051,1,0,participant_26,question_4,Timer-Correct,False,Question
0.0,0,20,0,0.18522,0.18779,0,0.28906,0.04352,0.10156,14887,4507.70215,0,0.13931,-0.0131,-0.03017,-0.01094,0.59082,0.36275,0.55152,20.37291,0,0.19828,0.22782,0.94287,0.00543,1,0,0.02901,-0.0121,0.60647,0.62226,0.55576,20.5032,0,0.17216,0.14775,0.94287,0.0051,1,0,participant_26,question_4,Timer-Correct,False,Question
0.0,0,20,0,0.18522,0.18779,0,0.28906,0.04352,0.10156,14887,4507.70215,0,0.13931,-0.0131,-0.03017,-0.01094,0.59082,0.36275,0.55152,20.37291,0,0.19828,0.22782,0.94287,0.00543,1,0,0.02901,-0.0121,0.60647,0.62226,0.55576,20.5032,0,0.17216,0.14775,0.94287,0.0051,1,0,participant_26,question_4,Timer-Correct,False,Question
0.0,-115,20,0,0.18522,0.18779,0,0.28802,0.04537,0.10156,14887,4507.70215,0,0.0,0.0,-0.03017,-0.01094,0.59082,0.36275,0.55152,20.37291,0,0.19828,0.22782,0.94287,0.00543,1,0,0.02901,-0.0121,0.60647,0.62226,0.55576,20.5032,0,0.17216,0.14775,0.94287,0.0051,1,0,participant_26,question_4,Timer-Correct,True,Question
0.0,-115,20,0,0.18522,0.18779,0,0.28802,0.04537,0.10156,14887,4507.70215,0,0.0,0.0,-0.03017,-0.01094,0.59082,0.36275,0.55152,20.37291,0,0.19828,0.22782,0.94287,0.00543,1,0,0.02901,-0.0121,0.60647,0.62226,0.55576,20.5032,0,0.17216,0.14775,0.94287,0.0051,1,0,participant_26,question_4,Timer-Correct,True,Question
0.0,-115,20,0,0.18522,0.18779,0,0.28802,0.04537,0.10156,14887,4507.70215,0,0.0,0.0,-0.03017,-0.01094,0.59082,0.36275,0.55152,20.37291,0,0.19828,0.22782,0.94287,0.00543,1,0,0.02901,-0.0121,0.60647,0.62226,0.55576,20.5032,0,0.17216,0.14775,0.94287,0.0051,1,0,participant_26,question_4,Timer-Correct,True,Question
0.0,-115,20,0,0.18522,0.18779,0,0.28802,0.04537,0.10156,14887,4507.70215,0,0.0,0.0,-0.03017,-0.01094,0.59082,0.36275,0.55152,20.37291,0,0.19828,0.22782,0.94287,0.00543,1,0,0.02901,-0.0121,0.60647,0.62226,0.55576,20.5032,0,0.17216,0.14775,0.94287,0.0051,1,0,participant_26,question_4,Timer-Correct,True,Question
0.0,-115,20,0,0.18522,0.18779,0,0.28802,0.04537,0.10156,14887,4507.70215,0,0.0,0.0,-0.03017,-0.01094,0.59082,0.36275,0.55152,20.37291,0,0.19828,0.22782,0.94287,0.00543,1,0,0.02901,-0.0121,0.60647,0.62226,0.55576,20.5032,0,0.17216,0.14775,0.94287,0.0051,1,0,participant_26,question_4,Timer-Correct,True,Question
0.0,-115,20,0,0.18522,0.18779,0,0.2875,0.0463,0.10156,14887,4507.70215,0,0.0,0.0,-0.03017,-0.01094,0.59082,0.36275,0.55152,20.37291,0,0.19828,0.22782,0.94287,0.00543,1,0,0.02901,-0.0121,0.60647,0.62226,0.55576,20.5032,0,0.17216,0.14775,0.94287,0.0051,1,0,participant_26,question_4,Timer-Correct,True,Question
0.0,-115,20,0,0.18522,0.18779,0,0.2875,0.0463,0.10156,14887,4507.70215,0,0.0,0.0,-0.03017,-0.01094,0.59082,0.36275,0.55152,20.37291,0,0.19828,0.22782,0.94287,0.00543,1,0,0.02901,-0.0121,0.60647,0.62226,0.55576,20.5032,0,0.17216,0.14775,0.94287,0.0051,1,0,participant_26,question_4,Timer-Correct,True,Question
0.0,-115,20,0,0.18522,0.18779,0,0.2875,0.0463,0.10156,14887,4507.70215,0,0.0,0.0,-0.03017,-0.01094,0.59082,0.36275,0.55152,20.37291,0,0.19828,0.22782,0.94287,0.00543,1,0,0.02901,-0.0121,0.60647,0.62226,0.55576,20.5032,0,0.17216,0.14775,0.94287,0.0051,1,0,participant_26,question_4,Timer-Correct,True,Question
0.0,-115,20,0,0.18522,0.18779,0,0.2875,0.0463,0.10156,14887,4507.70215,0,0.0,0.0,-0.03017,-0.01094,0.59082,0.36275,0.55152,20.37291,0,0.19828,0.22782,0.94287,0.00543,1,0,0.02901,-0.0121,0.60647,0.62226,0.55576,20.5032,0,0.17216,0.14775,0.94287,0.0051,1,0,participant_26,question_4,Timer-Correct,True,Question
0.0,-115,20,0,0.18522,0.18779,0,0.2875,0.0463,0.10156,14887,4507.70215,0,0.0,0.0,-0.03017,-0.01094,0.59082,0.36275,0.55152,20.37291,0,0.19828,0.22782,0.94287,0.00543,1,0,0.02901,-0.0121,0.60647,0.62226,0.55576,20.5032,0,0.17216,0.14775,0.94287,0.0051,1,0,participant_26,question_4,Timer-Correct,True,Question
0.0,-115,20,0,0.18522,0.18779,0,0.28698,0.04722,0.10156,14887,4507.70215,0,0.0,0.0,-0.03017,-0.01094,0.59082,0.36275,0.55152,20.37291,0,0.19828,0.22782,0.94287,0.00543,1,0,0.02901,-0.0121,0.60647,0.62226,0.55576,20.5032,0,0.17216,0.14775,0.94287,0.0051,1,0,participant_26,question_4,Timer-Correct,True,Question
0.0,-115,20,0,0.18522,0.18779,0,0.28698,0.04722,0.10156,14887,4507.70215,0,0.0,0.0,-0.03017,-0.01094,0.59082,0.36275,0.55152,20.37291,0,0.19828,0.22782,0.94287,0.00543,1,0,0.02901,-0.0121,0.60647,0.62226,0.55576,20.5032,0,0.17216,0.14775,0.94287,0.0051,1,0,participant_26,question_4,Timer-Correct,True,Question
0.0,-115,20,0,0.18522,0.18779,0,0.28698,0.04722,0.10156,14887,4507.70215,0,0.0,0.0,-0.03017,-0.01094,0.59082,0.36275,0.55152,20.37291,0,0.19828,0.22782,0.94287,0.00543,1,0,0.02901,-0.0121,0.60647,0.62226,0.55576,20.5032,0,0.17216,0.14775,0.94287,0.0051,1,0,participant_26,question_4,Timer-Correct,True,Question
0.08335,0,21,1,0.14459,-0.01732,0,0.28698,0.04722,0.10156,14887,4507.70215,0,0.0723,-0.00866,-0.03017,-0.01094,0.59082,0.36145,0.54948,26.05105,1,0.13426,-0.00768,0.94287,0.00539,1,1,0.02901,-0.0121,0.60647,0.62292,0.55408,24.80035,1,0.15493,-0.02697,0.94287,0.00523,1,1,participant_26,question_4,Timer-Correct,True,Other
0.0,0,21,1,0.14172,-0.02459,0,0.28698,0.04722,0.10156,14887,4507.70215,0,0.09544,-0.01397,-0.0312,-0.01144,0.61011,0.36152,0.54962,26.42215,1,0.13077,-0.01469,0.94866,0.00535,1,1,0.02924,-0.0124,0.6055,0.62298,0.55431,25.26605,1,0.15267,-0.03448,0.94866,0.00522,1,1,participant_26,question_4,Timer-Correct,True,Other
0.0,0,21,1,0.14811,-0.02193,0,0.28698,0.04722,0.10156,14887,4507.70215,0,0.14481,-0.02128,-0.0312,-0.01144,0.61011,0.36159,0.54965,26.16343,1,0.13752,-0.00988,0.95445,0.00538,1,1,0.02924,-0.0124,0.6055,0.6231,0.5545,25.57603,1,0.15871,-0.03399,0.95445,0.00522,1,1,participant_26,question_4,Timer-Correct,True,Other
0.0,0,21,1,0.14885,-0.02405,0,0.28698,0.04722,0.10156,14887,4507.70215,0,0.14683,-0.02267,-0.0312,-0.01144,0.61011,0.36159,0.54965,26.16343,1,0.13757,-0.0167,0.96023,0.00538,1,1,0.02924,-0.0124,0.6055,0.62314,0.5545,25.62526,1,0.16014,-0.0314,0.96023,0.0052,1,1,participant_26,question_4,Timer-Correct,True,Other
0.0,0,21,1,0.14606,-0.03122,0,0.28698,0.04722,0.10156,14887,4507.70215,0,0.14658,-0.02552,-0.0312,-0.01144,0.61011,0.36154,0.54952,25.6442,1,0.13417,-0.02364,0.96602,0.00542,1,1,0.02945,-0.01245,0.60814,0.62314,0.55451,25.53669,1,0.15795,-0.0388,0.96602,0.00519,1,1,participant_26,question_4,Timer-Correct,True,Other
0.0,0,21,1,0.13259,-0.03729,0,0.28698,0.04722,0.02002,14888,4507.92969,1,0.14308,-0.02846,-0.0312,-0.01144,0.61011,0.36165,0.54952,25.76199,1,0.10428,-0.03565,0.96602,0.00546,1,1,0.02945,-0.01245,0.60814,0.62318,0.55448,25.4828,1,0.16089,-0.03894,0.96602,0.00521,1,1,participant_26,question_4,Timer-Correct,True,Other
0.0,0,21,1,0.12384,-0.01421,0,0.28698,0.04722,0.02686,14888,4507.92969,1,0.13923,-0.02561,-0.0312,-0.01144,0.61011,0.36169,0.54966,26.40056,1,0.11256,0.01483,0.96602,0.0054,1,1,0.02945,-0.01245,0.60814,0.62318,0.55456,25.76059,1,0.13512,-0.04324,0.96602,0.00519,1,1,participant_26,question_4,Timer-Correct,True,Other
0.0,0,21,1,0.12059,-0.02204,0,0.28646,0.04907,0.03369,14888,4507.92969,1,0.13612,-0.02501,-0.03147,-0.01156,0.61631,0.36171,0.54963,26.09764,1,0.10865,0.00741,0.97242,0.00542,1,1,0.02945,-0.01245,0.60814,0.62322,0.55452,25.72792,1,0.13253,-0.05148,0.97242,0.00517,1,1,participant_26,question_4,Timer-Correct,True,Other
0.0,0,21,1,0.11216,-0.05492,0,0.28646,0.04907,0.04004,14888,4507.92969,1,0.1327,-0.02929,-0.03147,-0.01156,0.61631,0.36168,0.5496,26.13529,1,0.0947,-0.05184,0.97881,0.00542,1,1,0.02945,-0.01245,0.60814,0.62323,0.55452,25.74194,1,0.12962,-0.058,0.97881,0.0052,1,1,participant_26,question_4,Timer-Correct,True,Other
0.0,0,21,1,0.12906,-0.03701,0,0.28646,0.04907,0.04736,14888,4507.92969,1,0.13225,-0.03025,-0.03147,-0.01156,0.61631,0.36161,0.54945,25.65913,1,0.13018,-0.00649,0.98521,0.00547,1,1,0.02945,-0.01245,0.60814,0.62318,0.55446,25.42561,1,0.12794,-0.06753,0.98521,0.00521,1,1,participant_26,question_4,Timer-Correct,True,Other
0.0,0,21,1,0.12906,-0.03701,0,0.28646,0.04907,0.0542,14888,4507.92969,1,0.13189,-0.031,-0.0312,-0.01144,0.61011,0.36165,0.54966,26.28179,1,0.13018,-0.00649,0.98521,0.00541,1,1,0.02945,-0.01245,0.60814,0.62316,0.55452,25.51749,1,0.12794,-0.06753,0.98521,0.00522,1,1,participant_26,question_4,Timer-Correct,True,Other
0.0,0,21,1,0.13656,-0.05435,0,0.28646,0.04907,0.06055,14888,4507.92969,1,0.13236,-0.03334,-0.0312,-0.01144,0.61011,0.36162,0.54967,26.51904,1,0.11514,-0.05067,0.97881,0.00537,1,1,0.02945,-0.01245,0.60814,0.62315,0.55444,25.62679,1,0.15799,-0.05803,0.97881,0.00521,1,1,participant_26,question_4,Timer-Correct,True,Other
0.0,0,21,1,0.13615,-0.04876,0,0.28646,0.04907,0.06738,14888,4507.92969,1,0.1327,-0.03474,-0.0312,-0.01144,0.61011,0.36156,0.54962,26.31883,1,0.11861,-0.04436,0.97242,0.00535,1,1,0.02945,-0.01245,0.60814,0.62315,0.55444,25.62415,1,0.15369,-0.05317,0.97242,0.00521,1,1,participant_26,question_4,Timer-Correct,True,Other
0.0,0,21,1,0.14037,-0.03711,0,0.28646,0.04907,0.07373,14888,4507.92969,1,0.13334,-0.03494,-0.0312,-0.01144,0.61011,0.36151,0.54953,26.1945,1,0.12246,-0.0366,0.96602,0.00537,1,1,0.0294,-0.01245,0.60791,0.62308,0.55441,25.65282,1,0.15828,-0.03763,0.96033,0.00525,1,1,participant_26,question_4,Timer-Correct,True,Other
0.0,0,21,1,0.14032,-0.01151,0,0.28646,0.04907,0.08057,14888,4507.92969,1,0.13388,-0.03314,-0.0312,-0.01144,0.61011,0.36143,0.54954,26.15765,1,0.12256,0.01612,0.96033,0.00539,1,1,0.0294,-0.01245,0.60791,0.62306,0.55441,25.63778,1,0.15809,-0.03913,0.95465,0.00525,1,1,participant_26,question_4,Timer-Correct,True,Other
0.0,0,21,1,0.15443,-0.00767,0,0.28646,0.04907,0.0874,14888,4507.92969,1,0.13535,-0.03132,-0.0312,-0.01144,0.61011,0.36141,0.54956,26.12505,1,0.15092,0.01455,0.95465,0.00541,1,1,0.0294,-0.01245,0.60791,0.62301,0.55431,25.20261,1,0.15794,-0.02988,0.94896,0.0053,1,1,participant_26,question_4,Timer-Correct,True,Other
0.0,0,21,1,0.15762,-0.00128,0,0.28646,0.04907,0.09375,14888,4507.92969,1,0.13683,-0.02931,-0.03069,-0.01124,0.59932,0.36138,0.54948,26.03881,1,0.15749,0.02797,0.94317,0.00542,1,1,0.03015,-0.01281,0.62542,0.62292,0.55433,25.2852,1,0.15775,-0.03053,0.94946,0.00526,1,1,participant_26,question_4,Timer-Correct,True,Other
0.0,0,21,1,0.14381,-0.00185,0,0.28646,0.04907,0.1001,14888,4507.92969,1,0.13727,-0.0276,-0.03069,-0.01124,0.59932,0.36134,0.54943,26.02285,1,0.14869,0.03447,0.94367,0.00546,1,1,0.03015,-0.01281,0.62542,0.62288,0.55428,25.29519,1,0.13894,-0.03817,0.95565,0.00527,1,1,participant_26,question_4,Timer-Correct,True,Other
0.0,0,21,1,0.13697,-0.01496,0,0.28646,0.04907,0.10742,14888,4507.92969,1,0.13725,-0.02685,-0.03069,-0.01124,0.59932,0.3612,0.54941,26.23096,1,0.14325,0.02823,0.94986,0.00544,1,1,0.03015,-0.01281,0.62542,0.62279,0.55422,25.40394,1,0.13069,-0.05814,0.96183,0.00527,1,1,participant_26,question_4,Timer-Correct,True,Other
0.0,0,21,1,0.131,-0.02977,0,0.28646,0.04907,0.11426,14888,4507.92969,1,0.1369,-0.02702,-0.0308,-0.01122,0.60058,0.36111,0.5494,26.24385,1,0.13624,0.01431,0.96183,0.00542,1,1,0.03015,-0.01281,0.62542,0.62276,0.55419,25.29712,1,0.12576,-0.07384,0.97381,0.00528,1,1,participant_26,question_4,Timer-Correct,True,Other
0.0,0,21,1,0.11389,-0.05439,0,0.28646,0.04907,0.12061,14888,4507.92969,1,0.13569,-0.02846,-0.0308,-0.01122,0.60058,0.36104,0.54939,26.21058,1,0.11379,-0.0116,0.97959,0.00544,1,1,0.03015,-0.01281,0.62542,0.62265,0.5541,25.36112,1,0.114,-0.09719,0.97959,0.00528,1,1,participant_26,question_4,Timer-Correct,True,Other
0.0,0,21,1,0.10734,-0.05494,0,0.28646,0.04907,0.12744,14888,4507.92969,1,0.13428,-0.02978,-0.0308,-0.01122,0.60058,0.36101,0.54937,26.18205,1,0.10316,-0.01807,0.98538,0.00544,1,1,0.03015,-0.01281,0.62542,0.62262,0.55403,25.28813,1,0.11152,-0.09182,0.98538,0.00529,1,1,participant_26,question_4,Timer-Correct,True,Other
0.0,0,21,1,0.10236,-0.06597,0,0.28646,0.04907,0.13428,14888,4507.92969,1,0.13276,-0.0315,-0.03209,-0.01167,0.62489,0.36099,0.54934,26.07941,1,0.09569,-0.03236,0.99756,0.00544,1,1,0.02924,-0.01235,0.60738,0.62261,0.55407,25.43735,1,0.10903,-0.09959,0.99128,0.00527,1,1,participant_26,question_4,Timer-Correct,True,Other
0.0,0,21,1,0.12103,-0.05365,0,0.28646,0.04907,0.14062,14888,4507.92969,1,0.13222,-0.03251,-0.03209,-0.01167,0.62489,0.36077,0.5493,25.91131,1,0.11009,-0.03983,0.99767,0.00544,1,1,0.02924,-0.01235,0.60738,0.62249,0.55404,25.46557,1,0.13196,-0.06746,0.99139,0.00526,1,1,participant_26,question_4,Timer-Correct,True,Other
0.0,0,21,1,0.11679,-0.05358,0,0.28646,0.04907,0.14697,14888,4507.92969,1,0.13155,-0.03343,-0.03209,-0.01167,0.62489,0.36073,0.54928,25.88786,1,0.10619,-0.03984,0.99778,0.00544,1,1,0.02924,-0.01235,0.60738,0.6224,0.55402,25.60871,1,0.12738,-0.06732,0.9915,0.0053,1,1,participant_26,question_4,Timer-Correct,True,Other
0.0,0,21,1,0.11994,-0.04585,0,0.28646,0.04907,0.15381,14888,4507.92969,1,0.13107,-0.03394,-0.03137,-0.01144,0.61001,0.3607,0.54946,26.49714,1,0.10997,-0.03242,0.9915,0.00541,1,1,0.02924,-0.0123,0.60738,0.62244,0.55392,25.39738,1,0.12991,-0.05927,0.98521,0.00529,1,1,participant_26,question_4,Timer-Correct,True,Other
0.0,0,21,1,0.11565,-0.04089,0,0.28646,0.04907,0.16113,14888,4507.92969,1,0.13045,-0.03422,-0.03137,-0.01144,0.61001,0.36063,0.54941,26.41786,1,0.1053,-0.01999,0.97881,0.00541,1,1,0.02924,-0.0123,0.60738,0.62236,0.55399,25.77076,1,0.126,-0.06179,0.97881,0.00526,1,1,participant_26,question_4,Timer-Correct,True,Other
0.0,0,21,1,0.14336,-0.02618,0,0.28646,0.04907,0.16748,14888,4507.92969,1,0.13095,-0.03391,-0.03137,-0.01144,0.61001,0.3606,0.5494,26.46521,1,0.13489,-0.00483,0.97242,0.0054,1,1,0.02924,-0.0123,0.60738,0.62229,0.55404,25.67926,1,0.15183,-0.04753,0.97242,0.00525,1,1,participant_26,question_4,Timer-Correct,True,Other
0.0,0,21,1,0.14923,-0.01125,0,0.28646,0.04907,0.17432,14888,4507.92969,1,0.13162,-0.03307,-0.03038,-0.01106,0.58975,0.36055,0.54933,26.25147,1,0.14198,0.00942,0.96023,0.00551,1,1,0.02924,-0.01234,0.60931,0.62234,0.55387,25.27188,1,0.15648,-0.03193,0.96023,0.00527,1,1,participant_26,question_4,Timer-Correct,True,Other
0.0,0,21,1,0.13839,-0.02155,0,0.28646,0.04907,0.18115,14888,4507.92969,1,0.13187,-0.03266,-0.03038,-0.01106,0.58975,0.36043,0.54951,26.39052,1,0.13596,0.02883,0.95445,0.00548,1,1,0.02924,-0.01234,0.60931,0.62214,0.55389,25.22656,1,0.14082,-0.07193,0.95445,0.00532,1,1,participant_26,question_4,Timer-Correct,True,Other
0.0,0,21,1,0.13508,-0.03225,0,0.28646,0.04907,0.18799,14888,4507.92969,1,0.13198,-0.03265,-0.03038,-0.01106,0.58975,0.36042,0.54944,26.19179,1,0.12992,-0.01205,0.94866,0.0055,1,1,0.02924,-0.01234,0.60931,0.62207,0.55389,25.25612,1,0.14024,-0.05245,0.94866,0.00533,1,1,participant_26,question_4,Timer-Correct,True,Other
0.0,0,21,1,0.1338,-0.0364,0,0.28646,0.04907,0.19434,14888,4507.92969,1,0.13204,-0.03277,-0.0314,-0.01137,0.60878,0.36034,0.54943,26.09618,1,0.12992,-0.01205,0.94866,0.00549,1,1,0.02937,-0.01246,0.61304,0.62204,0.55387,25.16407,1,0.13769,-0.06075,0.95495,0.00534,1,1,participant_26,question_4,Timer-Correct,True,Other
0.0,0,21,1,0.1192,-0.07818,0,0.28646,0.04907,0.20117,14888,4507.92969,1,0.13162,-0.03424,-0.0314,-0.01137,0.60878,0.36022,0.54945,26.06843,1,0.11193,-0.07524,0.96073,0.00549,1,1,0.02937,-0.01246,0.61304,0.62194,0.55405,25.44707,1,0.12648,-0.08112,0.96702,0.00528,1,1,participant_26,question_4,Timer-Correct,True,Other
0.0,0,21,1,0.10586,-0.08723,0,0.28646,0.04907,0.20801,14888,4507.92969,1,0.13082,-0.03589,-0.0314,-0.01137,0.60878,0.36018,0.5494,25.85025,1,0.09365,-0.0828,0.97281,0.0055,1,1,0.02937,-0.01246,0.61304,0.62194,0.55405,25.44707,1,0.11806,-0.09167,0.97909,0.00528,1,1,participant_26,question_4,Timer-Correct,True,Other
0.0,0,21,1,0.09613,-0.11108,0,0.28646,0.04907,0.21484,14888,4507.92969,1,0.12977,-0.03817,-0.03224,-0.0117,0.62406,0.36018,0.54954,26.37203,1,0.08194,-0.10601,0.99128,0.00545,1,1,0.02937,-0.01251,0.61304,0.62191,0.55406,25.38993,1,0.11033,-0.11614,0.99756,0.0053,1,1,participant_26,question_4,Timer-Correct,True,Other
0.0,0,21,1,0.10073,-0.11656,0,0.28646,0.04907,0.22119,14888,4507.92969,1,0.12891,-0.04048,-0.03224,-0.0117,0.62406,0.36005,0.54963,26.3119,1,0.09679,-0.11818,1.00396,0.00545,1,1,0.02937,-0.01251,0.61304,0.62184,0.55404,25.29094,1,0.10466,-0.11494,1.00396,0.0053,1,1,participant_26,question_4,Timer-Correct,True,Other
0.0,0,21,1,0.10708,-0.11576,0,0.28646,0.04907,0.22803,14888,4507.92969,1,0.12829,-0.04263,-0.03224,-0.0117,0.62406,0.35992,0.54962,25.90952,1,0.08891,-0.11758,1.01036,0.00546,1,1,0.02937,-0.01251,0.61304,0.62176,0.55412,25.15087,1,0.12525,-0.11394,1.01036,0.00533,1,1,participant_26,question_4,Timer-Correct,True,Other
0.0,0,21,1,0.10708,-0.11576,0,0.28646,0.04907,0.23486,14888,4507.92969,1,0.1277,-0.04466,-0.03179,-0.01162,0.61456,0.35991,0.54972,25.96149,1,0.08891,-0.11758,1.01036,0.00547,1,1,0.02937,-0.01255,0.61304,0.62171,0.55421,25.43848,1,0.12525,-0.11394,1.01036,0.00534,1,1,participant_26,question_4,Timer-Correct,True,Other
0.0,0,21,1,0.12417,-0.08736,0,0.28646,0.04907,0.24121,14888,4507.92969,1,0.1276,-0.04581,-0.03179,-0.01162,0.61456,0.35983,0.54974,25.97744,1,0.12277,-0.08248,1.00396,0.0055,1,1,0.02937,-0.01255,0.61304,0.62158,0.55425,25.39863,1,0.12558,-0.09225,1.00396,0.00536,1,1,participant_26,question_4,Timer-Correct,True,Other
0.0,0,21,1,0.12026,-0.07641,0,0.28646,0.04907,0.24121,14888,4507.92969,0,0.11975,-0.07415,-0.03179,-0.01162,0.61456,0.35989,0.54996,26.44878,1,0.11699,-0.06967,0.99756,0.00547,1,1,0.02937,-0.01255,0.61304,0.62154,0.55432,25.27867,1,0.12353,-0.08315,0.99756,0.00537,1,1,participant_26,question_4,Timer-Correct,True,Other
0.0,0,21,1,0.12631,-0.06119,0,0.28646,0.04907,0.24121,14888,4507.92969,0,0.12303,-0.06767,-0.03101,-0.01136,0.5985,0.35987,0.55013,26.59134,1,0.12417,-0.05495,0.98538,0.00548,1,1,0.02937,-0.01255,0.61304,0.62156,0.55436,25.38335,1,0.12845,-0.06744,0.98538,0.00534,1,1,participant_26,question_4,Timer-Correct,True,Other
0.0,0,21,1,0.13949,-0.03555,0,0.28646,0.04907,0.24121,14888,4507.92969,0,0.12852,-0.05696,-0.03101,-0.01136,0.5985,0.35968,0.55021,26.22563,1,0.12381,-0.02916,0.97959,0.00548,1,1,0.02937,-0.01255,0.61304,0.6215,0.55454,25.74222,1,0.15518,-0.04194,0.97959,0.00534,1,1,participant_26,question_4,Timer-Correct,True,Other
0.0,0,21,1,0.13919,-0.01896,0,0.28646,0.04907,0.02051,14889,4508.17773,1,0.13119,-0.04746,-0.03101,-0.01136,0.5985,0.35971,0.5503,26.4077,1,0.12641,-0.00807,0.97381,0.00554,1,1,0.02937,-0.01255,0.61304,0.6215,0.55457,25.82472,1,0.15198,-0.02985,0.97381,0.00533,1,1,participant_26,question_4,Timer-Correct,True,Other
0.0,0,21,1,0.14039,-0.015,0,0.28646,0.04907,0.02734,14889,4508.17773,1,0.13303,-0.04097,-0.03177,-0.01162,0.61226,0.35966,0.55031,26.42286,1,0.12641,-0.00807,0.97381,0.00552,1,1,0.02923,-0.01255,0.61301,0.62142,0.55456,25.71137,1,0.15438,-0.02193,0.96752,0.00532,1,1,participant_26,question_4,Timer-Correct,True,Other
0.0,0,21,1,0.13295,-0.00793,0,0.28646,0.04907,0.03369,14889,4508.17773,1,0.13301,-0.03546,-0.03177,-0.01162,0.61226,0.35961,0.55032,26.35335,1,0.12071,-0.00538,0.97331,0.00557,1,1,0.02923,-0.01255,0.61301,0.62133,0.55453,25.4446,1,0.14518,-0.01049,0.96702,0.0053,1,1,participant_26,question_4,Timer-Correct,True,Other
0.0,0,21,1,0.1322,-0.0032,0,0.28646,0.04907,0.04004,14889,4508.17773,1,0.1329,-0.03085,-0.03177,-0.01162,0.61226,0.35949,0.55034,26.18889,1,0.11583,-0.00296,0.97281,0.00551,1,1,0.02923,-0.01255,0.61301,0.62134,0.55456,25.37608,1,0.14857,-0.00344,0.96652,0.00531,1,1,participant_26,question_4,Timer-Correct,True,Other
0.0,0,21,1,0.12805,-0.01423,0,0.28646,0.04907,0.04688,14889,4508.17773,1,0.13229,-0.02877,-0.03406,-0.01244,0.65553,0.35943,0.55032,26.08711,1,0.11227,-0.00986,0.9787,0.00548,1,1,0.02941,-0.01265,0.61784,0.62123,0.55464,25.35321,1,0.14384,-0.01859,0.9787,0.00534,1,1,participant_26,question_4,Timer-Correct,True,Other
0.0,0,21,1,0.11597,-0.02495,0,0.28646,0.04907,0.05322,14889,4508.17773,1,0.13048,-0.02835,-0.03406,-0.01244,0.65553,0.35936,0.55029,26.13795,1,0.09661,-0.02264,0.9851,0.00551,1,1,0.02941,-0.01265,0.61784,0.62117,0.55466,25.367,1,0.13532,-0.02726,0.99139,0.00537,1,1,participant_26,question_4,Timer-Correct,True,Other
0.0,0,21,1,0.10214,-0.0404,0,0.28646,0.04907,0.06006,14889,4508.17773,1,0.12764,-0.02955,-0.03406,-0.01244,0.65553,0.35931,0.5503,26.13787,1,0.0853,-0.03652,0.99778,0.00552,1,1,0.02941,-0.01265,0.61784,0.62113,0.55467,25.35236,1,0.11898,-0.04427,1.00407,0.00539,1,1,participant_26,question_4,Timer-Correct,True,Other
0.0,0,21,1,0.09559,-0.05576,0,0.28646,0.05,0.06641,14889,4508.17773,1,0.12473,-0.03194,-0.03406,-0.01249,0.65553,0.35931,0.55034,26.5549,1,0.07736,-0.05147,1.01047,0.00549,1,1,0.02941,-0.01265,0.61784,0.62111,0.55485,25.71964,1,0.11382,-0.06005,1.01675,0.00535,1,1,participant_26,question_4,Timer-Correct,True,Other
0.0,0,21,1,0.10574,-0.05134,0,0.28646,0.05,0.07324,14889,4508.17773,1,0.12315,-0.03355,-0.03406,-0.01249,0.65553,0.35922,0.55039,26.73821,1,0.10179,-0.04882,1.01675,0.00547,1,1,0.02941,-0.01265,0.61784,0.62107,0.55483,25.57904,1,0.10969,-0.05385,1.01675,0.00535,1,1,participant_26,question_4,Timer-Correct,True,Other
0.0,0,21,1,0.11646,-0.05504,0,0.28646,0.05,0.08008,14889,4508.17773,1,0.12263,-0.03521,-0.03406,-0.01249,0.65553,0.35954,0.55033,26.36926,1,0.09755,-0.05898,1.01675,0.00552,1,1,0.02941,-0.01265,0.61784,0.62121,0.55486,25.73589,1,0.13536,-0.0511,1.01675,0.00531,1,1,participant_26,question_4,Timer-Correct,True,Other
0.0,0,21,1,0.12244,-0.04037,0,0.28646,0.05,0.08691,14889,4508.17773,1,0.12262,-0.03557,-0.03073,-0.0113,0.59318,0.3596,0.55022,26.15828,1,0.10486,-0.04464,1.00457,0.00552,1,1,0.02957,-0.01272,0.61917,0.62149,0.55466,25.17091,1,0.14003,-0.0361,1.00457,0.00534,1,1,participant_26,question_4,Timer-Correct,True,Other
0.0,0,21,1,0.1585,-0.05316,0,0.29323,0.05556,0.09326,14889,4508.17773,1,0.12501,-0.03675,-0.03073,-0.0113,0.59318,0.36043,0.54998,26.48098,1,0.14388,-0.05023,0.99239,0.00549,1,1,0.02957,-0.01272,0.61917,0.62221,0.55462,25.68103,1,0.17312,-0.05609,0.99239,0.0053,1,1,participant_26,question_4,Timer-Correct,True,Other
0.0,0,21,1,0.16863,-0.03385,0,0.29323,0.05556,0.1001,14889,4508.17773,1,0.12774,-0.03657,-0.03073,-0.0113,0.59318,0.3604,0.55004,26.49581,1,0.14836,-0.02895,0.9802,0.00551,1,1,0.02957,-0.01272,0.61917,0.62207,0.5546,25.70794,1,0.18889,-0.03874,0.9802,0.00529,1,1,participant_26,question_4,Timer-Correct,True,Other
0.0,0,21,1,0.17257,-0.0221,0,0.29323,0.05556,0.10645,14889,4508.17773,1,0.13037,-0.03572,-0.03114,-0.01147,0.602,0.36047,0.55028,26.54473,1,0.15196,-0.02137,0.97381,0.00548,1,1,0.02884,-0.01243,0.60474,0.62207,0.5546,25.70794,1,0.19317,-0.02284,0.96752,0.00529,1,1,participant_26,question_4,Timer-Correct,True,Other
0.0,0,21,1,0.17378,-0.007,0,0.29323,0.05556,0.11328,14889,4508.17773,1,0.13279,-0.03412,-0.03114,-0.01147,0.602,0.36043,0.55029,26.34353,1,0.15398,-0.00303,0.97331,0.0055,1,1,0.02884,-0.01243,0.60474,0.622,0.5546,25.53118,1,0.19358,-0.01097,0.96702,0.00531,1,1,participant_26,question_4,Timer-Correct,True,Other
0.0,0,21,1,0.18241,-0.02075,0,0.29323,0.05556,0.12012,14889,4508.17773,1,0.1354,-0.03342,-0.03114,-0.01147,0.602,0.36037,0.55028,26.29491,1,0.17541,-0.01425,0.97281,0.00559,1,1,0.02884,-0.01243,0.60474,0.622,0.55451,25.59353,1,0.1894,-0.02726,0.96652,0.00531,1,1,participant_26,question_4,Timer-Correct,True,Other
0.0,0,21,1,0.18516,-0.0131,0,0.29323,0.05556,0.12695,14889,4508.17773,1,0.13789,-0.0324,-0.03073,-0.0113,0.59318,0.36029,0.5501,26.25847,1,0.17877,-0.00686,0.96652,0.00559,1,1,0.02923,-0.01255,0.61301,0.62194,0.55435,25.19301,1,0.19155,-0.01933,0.96023,0.00532,1,1,participant_26,question_4,Timer-Correct,True,Other
0.0,0,21,1,0.1802,0.00359,0,0.29896,0.06111,0.13379,14889,4508.17773,1,0.1399,-0.03069,-0.03073,-0.0113,0.59318,0.36016,0.55014,26.36699,1,0.17808,0.01314,0.95445,0.0055,1,1,0.02923,-0.01255,0.61301,0.62181,0.55438,25.28895,1,0.18232,-0.00596,0.95445,0.00532,1,1,participant_26,question_4,Timer-Correct,True,Other
0.0,0,21,1,0.17996,0.01783,0,0.29896,0.06111,0.14062,14889,4508.17773,1,0.14172,-0.02848,-0.03073,-0.0113,0.59318,0.36012,0.55026,26.2338,1,0.17838,0.0259,0.94866,0.0055,1,1,0.02923,-0.01255,0.61301,0.62173,0.55444,25.31538,1,0.18154,0.00977,0.94866,0.00533,1,1,participant_26,question_4,Timer-Correct,True,Other
0.0,0,21,1,0.17884,0.01391,0,0.29896,0.06111,0.14746,14889,4508.17773,1,0.14333,-0.02664,-0.03177,-0.01166,0.61226,0.36009,0.5502,26.03947,1,0.17838,0.0259,0.94866,0.00553,1,1,0.02941,-0.01265,0.61784,0.62171,0.55446,25.24264,1,0.17929,0.00193,0.95495,0.00532,1,1,participant_26,question_4,Timer-Correct,True,Other
0.0,0,21,1,0.15921,-0.04135,0,0.29896,0.06111,0.1543,14889,4508.17773,1,0.144,-0.02725,-0.03177,-0.01166,0.61226,0.36004,0.55032,25.92718,1,0.14522,-0.07503,0.96073,0.00556,1,1,0.02941,-0.01265,0.61784,0.62164,0.55456,25.20678,1,0.17319,-0.00767,0.96702,0.00531,1,1,participant_26,question_4,Timer-Correct,True,Other
0.0,0,21,1,0.16181,-0.05315,0,0.30104,0.06296,0.1543,14889,4508.17773,0,0.16862,-0.02079,-0.03177,-0.01166,0.61226,0.35999,0.55034,25.79479,1,0.13485,-0.09059,0.97281,0.00553,1,1,0.02941,-0.01265,0.61784,0.62153,0.55468,25.63719,1,0.18877,-0.01571,0.97909,0.00529,1,1,participant_26,question_4,Timer-Correct,True,Other
0.0,0,21,1,0.1573,-0.06433,0,0.30104,0.06296,0.1543,14889,4508.17773,0,0.16296,-0.04256,-0.03201,-0.01176,0.61514,0.35991,0.55057,26.0547,1,0.12779,-0.10581,0.98488,0.00551,1,1,0.02873,-0.01242,0.60436,0.62153,0.55469,25.64358,1,0.18681,-0.02285,0.98488,0.00529,1,1,participant_26,question_4,Timer-Correct,True,Other
0.0,0,21,1,0.15722,-0.05275,0,0.30104,0.06296,0.1543,14889,4508.17773,0,0.16105,-0.04596,-0.03201,-0.01176,0.61514,0.35971,0.55048,25.72036,1,0.1402,-0.08748,0.98488,0.00554,1,1,0.02873,-0.01242,0.60436,0.62134,0.5547,25.58905,1,0.17425,-0.01802,0.97859,0.00527,1,1,participant_26,question_4,Timer-Correct,True,Other
0.0,0,21,1,0.16955,-0.04416,0,0.30104,0.06296,0.02051,14890,4508.33789,1,0.16318,-0.04551,-0.03201,-0.01176,0.61514,0.35963,0.55058,26.07197,1,0.1435,-0.0751,0.97859,0.00552,1,1,0.02873,-0.01242,0.60436,0.62131,0.5547,25.65625,1,0.1956,-0.01321,0.97231,0.00525,1,1,participant_26,question_4,Timer-Correct,True,Other
0.0,0,21,1,0.175,-0.02924,0,0.30104,0.06296,0.02734,14890,4508.33789,1,0.16554,-0.04225,-0.03129,-0.01153,0.60046,0.35954,0.5506,25.96841,1,0.15038,-0.06019,0.96652,0.00553,1,1,0.02902,-0.01263,0.61246,0.62126,0.55466,25.55113,1,0.19961,0.00172,0.96023,0.00529,1,1,participant_26,question_4,Timer-Correct,True,Other
0.0,0,21,1,0.18064,-0.00655,0,0.30208,0.06296,0.03418,14890,4508.33789,1,0.16806,-0.0363,-0.03129,-0.01153,0.60046,0.35946,0.55069,25.89786,1,0.17328,-0.02974,0.95445,0.00552,1,1,0.02902,-0.01263,0.61246,0.62107,0.55468,25.27844,1,0.188,0.01665,0.95445,0.00531,1,1,participant_26,question_4,Timer-Correct,True,Other
0.0,0,21,1,0.17995,0.00227,0,0.30208,0.06296,0.04102,14890,4508.33789,1,0.16976,-0.03079,-0.03129,-0.01153,0.60046,0.35942,0.55069,25.78144,1,0.17185,-0.02002,0.94866,0.00553,1,1,0.02902,-0.01263,0.61246,0.621,0.55469,25.27003,1,0.18805,0.02456,0.94866,0.00534,1,1,participant_26,question_4,Timer-Correct,True,Other
0.0,0,21,1,0.17885,-0.0016,0,0.30208,0.06296,0.04736,14890,4508.33789,1,0.17089,-0.02714,-0.0313,-0.01156,0.59991,0.35945,0.5507,25.78068,1,0.17185,-0.02002,0.94866,0.00555,1,1,0.02929,-0.01277,0.61921,0.62095,0.55468,25.07185,1,0.18585,0.01683,0.95495,0.00535,1,1,participant_26,question_4,Timer-Correct,True,Other
0.0,0,21,1,0.16578,-0.0093,0,0.30208,0.06296,0.0542,14890,4508.33789,1,0.17033,-0.02516,-0.0313,-0.01156,0.59991,0.35931,0.55097,26.27102,1,0.159,-0.02667,0.96073,0.0055,1,1,0.02929,-0.01277,0.61921,0.62086,0.55484,25.63612,1,0.17257,0.00806,0.96702,0.00527,1,1,participant_26,question_4,Timer-Correct,True,Other
0.0,0,21,1,0.17292,-0.01765,0,0.30208,0.06296,0.06104,14890,4508.33789,1,0.17059,-0.02441,-0.0313,-0.01156,0.59991,0.35926,0.55096,26.2253,1,0.14803,-0.034,0.97281,0.00549,1,1,0.02929,-0.01277,0.61921,0.62086,0.55485,25.64344,1,0.19781,-0.00129,0.97909,0.00527,1,1,participant_26,question_4,Timer-Correct,True,Other
0.0,0,21,1,0.16568,-0.03614,0,0.30312,0.06389,0.06689,14890,4508.33789,1,0.17014,-0.02548,-0.03247,-0.01197,0.62124,0.35923,0.55098,26.24908,1,0.13753,-0.05617,0.99128,0.00553,1,1,0.02429,-0.01057,0.51436,0.62083,0.55482,25.4666,1,0.19382,-0.01612,0.99128,0.00527,1,1,participant_26,question_4,Timer-Correct,True,Other
0.0,0,21,1,0.1554,-0.03718,0,0.30312,0.06389,0.07324,14890,4508.33789,1,0.16891,-0.02645,-0.03247,-0.01197,0.62124,0.35918,0.55103,26.14738,1,0.12875,-0.05418,0.99767,0.00554,1,1,0.02429,-0.01057,0.51436,0.62069,0.55483,25.47941,1,0.18204,-0.02019,0.99139,0.00529,1,1,participant_26,question_4,Timer-Correct,True,Other
0.0,0,21,1,0.15403,-0.03994,0,0.30312,0.06389,0.08057,14890,4508.33789,1,0.16777,-0.02749,-0.03247,-0.01197,0.62124,0.35915,0.551,26.07397,1,0.12878,-0.05014,0.99778,0.00554,1,1,0.02429,-0.01057,0.51436,0.6207,0.55483,25.45353,1,0.17928,-0.02975,0.9915,0.00531,1,1,participant_26,question_4,Timer-Correct,True,Other
0.0,0,21,1,0.15398,-0.04008,0,0.30312,0.06389,0.08691,14890,4508.33789,1,0.16678,-0.02839,-0.03247,-0.01197,0.62124,0.3591,0.55098,26.08573,1,0.12871,-0.05027,0.99789,0.0055,1,1,0.02429,-0.01057,0.51436,0.62071,0.55483,25.48504,1,0.17924,-0.02988,0.99161,0.00529,1,1,participant_26,question_4,Timer-Correct,True,Other
0.0,0,21,1,0.15234,-0.03673,0,0.30312,0.06389,0.09375,14890,4508.33789,1,0.16582,-0.02894,-0.03247,-0.01197,0.62124,0.35906,0.55102,26.05106,1,0.12957,-0.0483,0.99161,0.00548,1,1,0.02429,-0.01057,0.51436,0.62065,0.55478,25.39552,1,0.17511,-0.02517,0.99161,0.00529,1,1,participant_26,question_4,Timer-Correct,True,Other
0.0,0,21,1,0.14985,-0.03826,0,0.30312,0.06389,0.10059,14890,4508.33789,1,0.16482,-0.02953,-0.03247,-0.01197,0.62124,0.35907,0.55098,26.15047,1,0.12824,-0.05429,0.99161,0.00547,1,1,0.02429,-0.01057,0.51436,0.6206,0.55467,25.70283,1,0.17145,-0.02224,0.99161,0.00528,1,1,participant_26,question_4,Timer-Correct,True,Other
0.0,0,21,1,0.14985,-0.03826,0,0.30312,0.06389,0.10742,14890,4508.33789,1,0.16394,-0.03004,-0.03247,-0.01197,0.62124,0.35907,0.551,26.09314,1,0.12824,-0.05429,0.99161,0.00548,1,1,0.02429,-0.01057,0.51436,0.62059,0.55469,25.74215,1,0.17145,-0.02224,0.99161,0.00529,1,1,participant_26,question_4,Timer-Correct,True,Other
0.0,0,21,1,0.15223,-0.03857,0,0.30312,0.06389,0.11377,14890,4508.33789,1,0.16329,-0.03051,-0.03247,-0.01197,0.62124,0.3591,0.55101,26.1919,1,0.12913,-0.05061,0.99161,0.00549,1,1,0.02429,-0.01057,0.51436,0.62059,0.55468,25.75842,1,0.17533,-0.02652,0.99161,0.00528,1,1,participant_26,question_4,Timer-Correct,True,Other
0.0,0,21,1,0.15561,-0.04269,0,0.30312,0.06389,0.12061,14890,4508.33789,1,0.16288,-0.03115,-0.03247,-0.01197,0.62124,0.35913,0.55102,26.1861,1,0.13666,-0.05454,0.99161,0.00547,1,1,0.02429,-0.01057,0.51436,0.62059,0.55468,25.75842,1,0.17455,-0.03084,0.99161,0.00528,1,1,participant_26,question_4,Timer-Correct,True,Other
0.0,0,21,1,0.15561,-0.04269,0,0.30521,0.06389,0.12744,14890,4508.33789,1,0.16252,-0.03173,-0.03247,-0.01197,0.62124,0.35921,0.55101,26.21477,1,0.13666,-0.05454,0.99161,0.0055,1,1,0.02429,-0.01057,0.51436,0.62063,0.55473,25.6126,1,0.17455,-0.03084,0.99161,0.00528,1,1,participant_26,question_4,Timer-Correct,True,Other
0.0,0,21,1,0.15899,-0.05381,0,0.30521,0.06389,0.13379,14890,4508.33789,1,0.16235,-0.03278,-0.03247,-0.01197,0.62124,0.3593,0.551,26.17529,1,0.13953,-0.0671,0.99161,0.0055,1,1,0.02429,-0.01057,0.51436,0.62065,0.55477,25.54972,1,0.17844,-0.04052,0.99161,0.00528,1,1,participant_26,question_4,Timer-Correct,True,Other
0.0,0,21,1,0.1649,-0.04923,0,0.30521,0.06389,0.14062,14890,4508.33789,1,0.16247,-0.03353,-0.03247,-0.01197,0.62124,0.35937,0.55095,26.25022,1,0.14674,-0.05673,0.99161,0.00547,1,1,0.02429,-0.01057,0.51436,0.62071,0.55467,25.60795,1,0.18305,-0.04174,0.99161,0.00526,1,1,participant_26,question_4,Timer-Correct,True,Other
0.0,0,21,1,0.1667,-0.04533,0,0.30521,0.06389,0.14746,14890,4508.33789,1,0.16265,-0.03404,-0.0313,-0.01156,0.59991,0.35948,0.5509,26.21044,1,0.15031,-0.04906,0.98521,0.00544,1,1,0.02929,-0.01268,0.61921,0.62076,0.55469,25.56735,1,0.18309,-0.0416,0.9915,0.00526,1,1,participant_26,question_4,Timer-Correct,True,Other
0.0,0,21,1,0.15392,-0.05357,0,0.30521,0.06389,0.1543,14890,4508.33789,1,0.16229,-0.03486,-0.0313,-0.01156,0.59991,0.3594,0.55075,25.64876,1,0.15514,-0.05769,0.9851,0.00546,1,1,0.02929,-0.01268,0.61921,0.62086,0.55466,25.25088,1,0.1527,-0.04945,0.99139,0.00526,1,1,participant_26,question_4,Timer-Correct,True,Other
0.0,0,21,1,0.16111,-0.05572,0,0.3125,0.06019,0.16162,14890,4508.33789,1,0.16224,-0.03569,-0.0313,-0.01156,0.59991,0.35951,0.55076,25.8137,1,0.1615,-0.05897,0.98499,0.00548,1,1,0.02929,-0.01268,0.61921,0.62086,0.55464,25.32607,1,0.16071,-0.05248,0.99128,0.00527,1,1,participant_26,question_4,Timer-Correct,True,Other
0.0,0,21,1,0.16379,-0.04845,0,0.3125,0.06019,0.16748,14890,4508.33789,1,0.1623,-0.03618,-0.03108,-0.0115,0.59639,0.35954,0.55077,25.86424,1,0.16471,-0.05184,0.97909,0.0055,1,1,0.02929,-0.01268,0.61921,0.62088,0.55456,25.2632,1,0.16287,-0.04505,0.98538,0.00528,1,1,participant_26,question_4,Timer-Correct,True,Other
0.0,0,21,1,0.17656,-0.03208,0,0.3125,0.06019,0.17432,14890,4508.33789,1,0.16283,-0.03603,-0.03108,-0.0115,0.59639,0.3596,0.55071,25.74233,1,0.17606,-0.0367,0.97959,0.00545,1,1,0.02929,-0.01268,0.61921,0.62102,0.55446,25.0759,1,0.17705,-0.02746,0.97959,0.00528,1,1,participant_26,question_4,Timer-Correct,True,Other
0.0,0,21,1,0.1578,-0.03231,0,0.3125,0.06019,0.18066,14890,4508.33789,1,0.16265,-0.0359,-0.03108,-0.0115,0.59639,0.35969,0.55077,25.85869,1,0.12773,-0.04731,0.97381,0.00549,1,1,0.02929,-0.01268,0.61921,0.62113,0.5545,25.00286,1,0.18788,-0.01731,0.97381,0.00527,1,1,participant_26,question_4,Timer-Correct,True,Other
0.0,0,21,1,0.15589,-0.03626,0,0.3151,0.05741,0.18799,14890,4508.33789,1,0.16242,-0.03591,-0.03406,-0.01264,0.65553,0.35976,0.55098,26.06698,1,0.12394,-0.05508,0.9802,0.00545,1,1,0.02882,-0.0125,0.60817,0.62112,0.55459,25.18137,1,0.18784,-0.01745,0.97392,0.00526,1,1,participant_26,question_4,Timer-Correct,True,Other
0.0,0,21,1,0.15964,-0.03051,0,0.3151,0.05741,0.19482,14890,4508.33789,1,0.16232,-0.03573,-0.03406,-0.01264,0.65553,0.36002,0.55103,26.12366,1,0.14135,-0.04779,0.9861,0.00546,1,1,0.02882,-0.0125,0.60817,0.6213,0.55466,25.78924,1,0.17792,-0.01323,0.97981,0.00526,1,1,participant_26,question_4,Timer-Correct,True,Other
0.0,0,21,1,0.16181,-0.03335,0,0.3151,0.05741,0.20117,14890,4508.33789,1,0.16231,-0.03565,-0.03406,-0.01264,0.65553,0.36013,0.55101,26.09085,1,0.14648,-0.05384,0.992,0.00548,1,1,0.02882,-0.0125,0.60817,0.62134,0.55479,25.50814,1,0.17715,-0.01286,0.98571,0.00527,1,1,participant_26,question_4,Timer-Correct,True,Other
0.0,0,21,1,0.16204,-0.03275,0,0.3151,0.05741,0.2085,14890,4508.33789,1,0.1623,-0.03556,-0.03177,-0.0118,0.61226,0.36017,0.55089,26.05279,1,0.14676,-0.05324,0.9915,0.00542,1,1,0.02873,-0.01242,0.60436,0.62143,0.55483,25.31732,1,0.17732,-0.01225,0.98521,0.00529,1,1,participant_26,question_4,Timer-Correct,True,Other
0.0,0,21,1,0.16373,-0.04543,0,0.3151,0.05741,0.21484,14890,4508.33789,1,0.16234,-0.03586,-0.03177,-0.0118,0.61226,0.36027,0.55089,26.14268,1,0.17173,-0.03336,0.97881,0.00543,1,1,0.02873,-0.01242,0.60436,0.62158,0.55483,25.29824,1,0.15572,-0.05749,0.97881,0.00525,1,1,participant_26,question_4,Timer-Correct,True,Other
0.0,0,21,1,0.17857,-0.03244,0,0.31771,0.05556,0.22119,14890,4508.33789,1,0.16282,-0.03576,-0.03177,-0.0118,0.61226,0.36048,0.55103,26.17433,1,0.18475,-0.02353,0.97242,0.00545,1,1,0.02873,-0.01242,0.60436,0.62164,0.55481,25.37267,1,0.1724,-0.04135,0.97242,0.00526,1,1,participant_26,question_4,Timer-Correct,True,Other
0.0,0,21,1,0.1814,-0.02459,0,0.31771,0.05556,0.22852,14890,4508.33789,1,0.16335,-0.03544,-0.03158,-0.01177,0.61041,0.36049,0.55105,26.30661,1,0.18809,-0.01595,0.96602,0.00541,1,1,0.02923,-0.01264,0.61301,0.62171,0.55478,25.18604,1,0.1747,-0.03322,0.96602,0.00532,1,1,participant_26,question_4,Timer-Correct,True,Other
0.0,0,21,1,0.16449,-0.01329,0,0.31771,0.05556,0.23486,14890,4508.33789,1,0.16338,-0.03483,-0.03158,-0.01177,0.61041,0.36048,0.55074,25.35801,1,0.13868,-0.04471,0.96602,0.00548,1,1,0.02923,-0.01264,0.61301,0.62186,0.55481,25.29413,1,0.19029,0.01813,0.96602,0.0053,1,1,participant_26,question_4,Timer-Correct,True,Other
0.0,0,21,1,0.16602,-0.02523,0,0.31771,0.05556,0.2417,14890,4508.33789,1,0.16345,-0.03457,-0.03158,-0.01177,0.61041,0.36062,0.55065,25.38681,1,0.13963,-0.05242,0.96602,0.00549,1,1,0.02923,-0.01264,0.61301,0.62183,0.55473,25.2326,1,0.1924,0.00195,0.96602,0.00533,1,1,participant_26,question_4,Timer-Correct,True,Other
0.0,0,21,1,0.16495,-0.0291,0,0.31771,0.05556,0.24854,14890,4508.33789,1,0.16349,-0.03442,-0.0314,-0.01173,0.60878,0.36067,0.55059,25.68795,1,0.13963,-0.05242,0.96602,0.00546,1,1,0.02957,-0.01272,0.61917,0.62194,0.55478,25.41826,1,0.19028,-0.00578,0.97231,0.00526,1,1,participant_26,question_4,Timer-Correct,True,Other
0.0,0,21,1,0.16056,-0.04741,0,0.31875,0.05556,0.25488,14890,4508.33789,1,0.16342,-0.03476,-0.0314,-0.01173,0.60878,0.36089,0.55063,26.08719,1,0.15056,-0.07639,0.97231,0.00539,1,1,0.02957,-0.01272,0.61917,0.62208,0.55467,25.8271,1,0.17055,-0.01843,0.97859,0.00526,1,1,participant_26,question_4,Timer-Correct,True,Other
0.0,0,21,1,0.16555,-0.05495,0,0.31875,0.05556,0.26172,14890,4508.33789,1,0.16347,-0.03526,-0.0314,-0.01173,0.60878,0.36091,0.55063,26.06864,1,0.15482,-0.09167,0.97859,0.00541,1,1,0.02957,-0.01272,0.61917,0.62214,0.5547,25.77108,1,0.17628,-0.01823,0.98488,0.00529,1,1,participant_26,question_4,Timer-Correct,True,Other
0.0,0,21,1,0.1627,-0.06275,0,0.31875,0.05556,0.26855,14890,4508.33789,1,0.16345,-0.03593,-0.0314,-0.01164,0.60878,0.36096,0.55056,25.92954,1,0.15132,-0.09954,0.98488,0.00547,1,1,0.02937,-0.0126,0.61304,0.62217,0.55476,25.58227,1,0.17408,-0.02597,0.99117,0.00529,1,1,participant_26,question_4,Timer-Correct,True,Other
0.0,0,21,1,0.14922,-0.06175,0,0.31875,0.05556,0.27539,14890,4508.33789,1,0.16311,-0.03655,-0.0314,-0.01164,0.60878,0.36121,0.5504,26.14471,1,0.13613,-0.07426,0.99117,0.00545,1,1,0.02937,-0.0126,0.61304,0.62238,0.55464,25.66049,1,0.1623,-0.04924,0.99117,0.00528,1,1,participant_26,question_4,Timer-Correct,True,Other
0.0,0,21,1,0.15994,-0.04299,0,0.31927,0.05463,0.28174,14890,4508.33789,1,0.16304,-0.0367,-0.0314,-0.01164,0.60878,0.36134,0.55032,26.11617,1,0.15376,-0.0314,0.99117,0.00547,1,1,0.02937,-0.0126,0.61304,0.62248,0.55451,25.51424,1,0.16612,-0.05458,0.99117,0.0053,1,1,participant_26,question_4,Timer-Correct,True,Other
0.0,0,21,1,0.15816,-0.04681,0,0.31927,0.05463,0.28857,14890,4508.33789,1,0.16293,-0.03693,-0.03226,-0.01197,0.62811,0.36136,0.55012,25.97707,1,0.15024,-0.03891,0.99756,0.00545,1,1,0.02924,-0.01248,0.60931,0.62255,0.55438,25.30714,1,0.16608,-0.05472,0.99128,0.00531,1,1,participant_26,question_4,Timer-Correct,True,Other
0.0,0,21,1,0.15635,-0.06683,0,0.31927,0.05463,0.29541,14890,4508.33789,1,0.16278,-0.03759,-0.03226,-0.01197,0.62811,0.36152,0.55009,26.09323,1,0.13419,-0.0585,0.99767,0.00544,1,1,0.02924,-0.01248,0.60931,0.6227,0.55434,25.66044,1,0.1785,-0.07516,0.99139,0.0053,1,1,participant_26,question_4,Timer-Correct,True,Other
0.0,0,21,1,0.16467,-0.07749,0,0.31927,0.05463,0.30176,14890,4508.33789,1,0.16282,-0.03846,-0.03226,-0.01197,0.62811,0.36168,0.54981,25.543,1,0.14449,-0.06545,0.99778,0.00547,1,1,0.02924,-0.01248,0.60931,0.62279,0.55418,25.24229,1,0.18486,-0.08952,0.9915,0.00536,1,1,participant_26,question_4,Timer-Correct,True,Other
0.0,0,21,1,0.16643,-0.07371,0,0.31927,0.05463,0.30859,14890,4508.33789,1,0.1629,-0.03921,-0.03137,-0.01156,0.6118,0.36171,0.54973,25.71625,1,0.14799,-0.05789,0.9915,0.00547,1,1,0.02959,-0.01252,0.61579,0.62283,0.55413,25.20029,1,0.18486,-0.08952,0.9915,0.00534,1,1,participant_26,question_4,Timer-Correct,True,Other
0.0,0,21,1,0.16795,-0.06911,0,0.31927,0.05463,0.31543,14890,4508.33789,1,0.163,-0.03983,-0.03137,-0.01156,0.6118,0.36184,0.54969,25.75148,1,0.15929,-0.08047,0.9851,0.00554,1,1,0.02959,-0.01252,0.61579,0.62299,0.554,25.5416,1,0.17661,-0.05776,0.99139,0.00534,1,1,participant_26,question_4,Timer-Correct,True,Other
0.0,0,21,1,0.15952,-0.07995,0,0.31927,0.05463,0.32178,14890,4508.33789,1,0.16281,-0.04106,-0.03137,-0.01156,0.6118,0.36193,0.54954,25.75478,1,0.13635,-0.09689,0.98499,0.00549,1,1,0.02959,-0.01252,0.61579,0.62311,0.55392,25.31493,1,0.1827,-0.06301,0.99128,0.00535,1,1,participant_26,question_4,Timer-Correct,True,Other
0.0,0,21,1,0.15957,-0.07981,0,0.31927,0.05463,0.32812,14890,4508.33789,1,0.16286,-0.04139,-0.0312,-0.01144,0.61011,0.36201,0.5495,26.07035,1,0.13642,-0.09675,0.98488,0.00546,1,1,0.03015,-0.01271,0.62542,0.62319,0.5539,25.45442,1,0.18273,-0.06288,0.99117,0.00536,1,1,participant_26,question_4,Timer-Correct,True,Other
0.0,0,21,1,0.1664,-0.02686,0,0.31927,0.05463,0.33496,14890,4508.33789,1,0.16305,-0.04085,-0.0312,-0.01144,0.61011,0.36217,0.54937,26.15714,1,0.1576,-0.02805,0.99117,0.00543,1,1,0.03015,-0.01271,0.62542,0.62333,0.55379,25.77682,1,0.1752,-0.02567,0.99117,0.00534,1,1,participant_26,question_4,Timer-Correct,True,Other
0.0,0,21,1,0.15961,-0.03761,0,0.31927,0.05463,0.3418,14890,4508.33789,1,0.16285,-0.04071,-0.0312,-0.01144,0.61011,0.36224,0.54929,26.35044,1,0.14051,-0.03791,0.99117,0.00542,1,1,0.03015,-0.01271,0.62542,0.62341,0.55376,25.58752,1,0.17871,-0.03731,0.99117,0.00539,1,1,participant_26,question_4,Timer-Correct,True,Other
0.0,0,21,1,0.15778,-0.04146,0,0.31927,0.05463,0.34863,14890,4508.33789,1,0.16249,-0.04096,-0.03147,-0.01151,0.61631,0.36231,0.54907,25.79637,1,0.13688,-0.04547,0.99756,0.00549,1,1,0.02924,-0.01226,0.6055,0.62344,0.55363,25.28799,1,0.17867,-0.03745,0.99128,0.00542,1,1,participant_26,question_4,Timer-Correct,True,Other
0.0,0,21,1,0.16126,-0.04905,0,0.31927,0.05463,0.35547,14890,4508.33789,1,0.16208,-0.04185,-0.03147,-0.01151,0.61631,0.36248,0.54901,25.90835,1,0.153,-0.06097,0.99767,0.00549,1,1,0.02924,-0.01226,0.6055,0.62366,0.55371,25.68284,1,0.16952,-0.03714,0.99139,0.00535,1,1,participant_26,question_4,Timer-Correct,True,Other
0.0,0,21,1,0.16536,-0.04717,0,0.31927,0.05463,0.3623,14890,4508.33789,1,0.16178,-0.04288,-0.03147,-0.01151,0.61631,0.36259,0.54891,26.04409,1,0.15616,-0.05592,0.99778,0.00545,1,1,0.02924,-0.01226,0.6055,0.62374,0.55373,25.64707,1,0.17456,-0.03842,0.9915,0.00533,1,1,participant_26,question_4,Timer-Correct,True,Other
0.0,0,21,1,0.16965,-0.03639,0,0.31927,0.05463,0.36865,14890,4508.33789,1,0.16159,-0.04361,-0.03012,-0.01105,0.59168,0.36264,0.54896,26.1929,1,0.16272,-0.04154,0.98571,0.00542,1,1,0.0301,-0.01252,0.62044,0.6238,0.5537,25.76216,1,0.17658,-0.03123,0.98571,0.00534,1,1,participant_26,question_4,Timer-Correct,True,Other
0.0,0,21,1,0.17095,-0.03342,0,0.32135,0.05278,0.37549,14890,4508.33789,1,0.1617,-0.04411,-0.03012,-0.01105,0.59168,0.36289,0.54905,26.53291,1,0.18244,-0.02908,0.97353,0.0055,1,1,0.0301,-0.01252,0.62044,0.62392,0.55365,25.82496,1,0.15947,-0.03777,0.97981,0.00534,1,1,participant_26,question_4,Timer-Correct,True,Other
0.0,0,21,1,0.16618,-0.02191,0,0.32135,0.05278,0.38232,14890,4508.33789,1,0.16156,-0.0442,-0.03012,-0.01105,0.59168,0.36282,0.54901,26.46442,1,0.16248,-0.02559,0.96763,0.00545,1,1,0.0301,-0.01252,0.62044,0.62398,0.55362,25.72157,1,0.16989,-0.01824,0.97392,0.00536,1,1,participant_26,question_4,Timer-Correct,True,Other
0.0,0,21,1,0.16444,-0.02567,0,0.32135,0.05278,0.38916,14890,4508.33789,1,0.16153,-0.04398,-0.03124,-0.01149,0.61538,0.36285,0.54895,26.28535,1,0.159,-0.0331,0.97392,0.00545,1,1,0.02936,-0.01219,0.60428,0.62399,0.55348,25.41446,1,0.16989,-0.01824,0.97392,0.00539,1,1,participant_26,question_4,Timer-Correct,True,Other
0.0,0,21,1,0.15703,-0.04439,0,0.32135,0.05278,0.396,14890,4508.33789,1,0.16156,-0.04413,-0.03124,-0.01149,0.61538,0.36297,0.54903,26.10304,1,0.13384,-0.06453,0.9861,0.00549,1,1,0.02936,-0.01219,0.60428,0.62422,0.55357,25.24321,1,0.18021,-0.02424,0.97981,0.00543,1,1,participant_26,question_4,Timer-Correct,True,Other
0.0,0,21,1,0.16105,-0.03795,0,0.32135,0.05278,0.40234,14890,4508.33789,1,0.16171,-0.04409,-0.03124,-0.01149,0.61538,0.36302,0.54906,26.19478,1,0.13706,-0.05954,0.992,0.00546,1,1,0.02936,-0.01219,0.60428,0.62422,0.55361,25.24246,1,0.18505,-0.01636,0.98571,0.00542,1,1,participant_26,question_4,Timer-Correct,True,Other
0.0,0,21,1,0.1573,-0.04897,0,0.325,0.05093,0.40869,14890,4508.33789,1,0.16178,-0.04427,-0.03124,-0.01149,0.61538,0.36316,0.54904,26.02034,1,0.13369,-0.06664,0.99789,0.0055,1,1,0.03024,-0.01258,0.62136,0.62427,0.55364,25.28753,1,0.1809,-0.03129,0.99789,0.00541,1,1,participant_26,question_4,Timer-Correct,True,Other
0.0,0,21,1,0.15235,-0.04515,0,0.325,0.05093,0.41553,14890,4508.33789,1,0.16178,-0.04445,-0.03124,-0.01149,0.61538,0.36318,0.54896,25.79922,1,0.14405,-0.05768,0.99789,0.0055,1,1,0.03024,-0.01258,0.62136,0.62439,0.55375,25.63745,1,0.16066,-0.03263,1.00418,0.00541,1,1,participant_26,question_4,Timer-Correct,True,Other
0.0,0,21,1,0.16063,-0.05849,0,0.325,0.05093,0.42236,14890,4508.33789,1,0.162,-0.04487,-0.03124,-0.01149,0.61538,0.36326,0.54904,26.0375,1,0.1542,-0.04559,1.00418,0.00553,1,1,0.03024,-0.01258,0.62136,0.6245,0.55391,25.41691,1,0.16706,-0.07139,1.01047,0.00537,1,1,participant_26,question_4,Timer-Correct,True,Other
0.0,0,21,1,0.16178,-0.05442,0,0.325,0.05093,0.4292,14890,4508.33789,1,0.16225,-0.04521,-0.03065,-0.01134,0.60476,0.36331,0.54929,26.07365,1,0.15426,-0.04546,1.00407,0.0055,1,1,0.02971,-0.01239,0.60959,0.62451,0.55402,25.48217,1,0.16931,-0.06337,1.00407,0.00537,1,1,participant_26,question_4,Timer-Correct,True,Other
0.0,0,21,1,0.16164,-0.10312,0,0.325,0.05093,0.43604,14890,4508.33789,1,0.16245,-0.04655,-0.03065,-0.01134,0.60476,0.36342,0.54941,25.9761,1,0.1454,-0.12008,0.99767,0.0055,1,1,0.02971,-0.01239,0.60959,0.62469,0.55414,25.60091,1,0.17788,-0.08616,0.99139,0.0054,1,1,participant_26,question_4,Timer-Correct,True,Other
0.0,0,21,1,0.15952,-0.08273,0,0.32604,0.05,0.44287,14890,4508.33789,1,0.16253,-0.04738,-0.03065,-0.01134,0.60476,0.36344,0.54939,25.98895,1,0.1609,-0.09755,0.98499,0.00551,1,1,0.02971,-0.01239,0.60959,0.62473,0.55417,25.55882,1,0.15814,-0.06792,0.9787,0.00539,1,1,participant_26,question_4,Timer-Correct,True,Other
0.0,0,21,1,0.16123,-0.07881,0,0.32604,0.05,0.44922,14890,4508.33789,1,0.16265,-0.04814,-0.03163,-0.01172,0.62504,0.36345,0.5495,26.142,1,0.16433,-0.0897,0.9787,0.0055,1,1,0.03054,-0.01276,0.62567,0.62475,0.55413,25.42579,1,0.15814,-0.06792,0.9787,0.00539,1,1,participant_26,question_4,Timer-Correct,True,Other
0.0,0,21,1,0.15938,-0.08424,0,0.32604,0.05,0.45605,14890,4508.33789,1,0.16266,-0.04877,-0.03163,-0.01172,0.62504,0.36346,0.54954,26.05569,1,0.16075,-0.0915,0.9851,0.00549,1,1,0.03054,-0.01276,0.62567,0.6248,0.55418,25.29322,1,0.15802,-0.07698,0.99139,0.00541,1,1,participant_26,question_4,Timer-Correct,True,Other
0.0,0,21,1,0.15968,-0.098,0,0.32604,0.05,0.46289,14890,4508.33789,1,0.16255,-0.04979,-0.03163,-0.01172,0.62504,0.36352,0.54956,26.12912,1,0.16045,-0.09938,0.99778,0.00546,1,1,0.03054,-0.01276,0.62567,0.62486,0.55435,25.72495,1,0.15891,-0.09662,1.00407,0.00534,1,1,participant_26,question_4,Timer-Correct,True,Other
0.0,0,21,1,0.15798,-0.10188,0,0.32604,0.05,0.46924,14890,4508.33789,1,0.16236,-0.05097,-0.03051,-0.01141,0.60373,0.36352,0.54954,26.14646,1,0.15705,-0.10715,1.00407,0.00546,1,1,0.02945,-0.01234,0.60248,0.62488,0.55434,25.64581,1,0.15891,-0.09662,1.00407,0.00537,1,1,participant_26,question_4,Timer-Correct,True,Other
0.0,0,21,1,0.15383,-0.08669,0,0.32604,0.05,0.47607,14890,4508.33789,1,0.16236,-0.05166,-0.03051,-0.01141,0.60373,0.3636,0.54961,26.04004,1,0.13462,-0.10729,0.99767,0.00551,1,1,0.02945,-0.01234,0.60248,0.62498,0.55439,25.60342,1,0.17305,-0.06609,0.99139,0.00539,1,1,participant_26,question_4,Timer-Correct,True,Other
0.0,0,21,1,0.16507,-0.06717,0,0.32604,0.05,0.48291,14890,4508.33789,1,0.16245,-0.05189,-0.03051,-0.01141,0.60373,0.36363,0.54959,25.92644,1,0.14797,-0.08561,0.98499,0.0055,1,1,0.02945,-0.01234,0.60248,0.62509,0.55434,25.39483,1,0.18217,-0.04873,0.9787,0.00535,1,1,participant_26,question_4,Timer-Correct,True,Other
0.0,0,21,1,0.17344,-0.04404,0,0.32604,0.05,0.48975,14890,4508.33789,1,0.16265,-0.0518,-0.03006,-0.01126,0.59582,0.36368,0.54962,26.04861,1,0.15833,-0.06277,0.96652,0.0055,1,1,0.0297,-0.01239,0.60759,0.62509,0.55435,25.39421,1,0.18854,-0.02532,0.96023,0.00533,1,1,participant_26,question_4,Timer-Correct,True,Other
0.0,0,21,1,0.18352,-0.03164,0,0.32604,0.05,0.49609,14890,4508.33789,1,0.16279,-0.05179,-0.03006,-0.01126,0.59582,0.36376,0.54953,25.99548,1,0.1703,-0.05028,0.95445,0.00547,1,1,0.0297,-0.01239,0.60759,0.62515,0.55447,25.73764,1,0.19675,-0.01301,0.95445,0.00533,1,1,participant_26,question_4,Timer-Correct,True,Other
0.0,0,21,1,0.16992,-0.03291,0,0.32604,0.05,0.50293,14890,4508.33789,1,0.16304,-0.05181,-0.03006,-0.01126,0.59582,0.36377,0.5495,26.15199,1,0.14122,-0.05548,0.94866,0.00545,1,1,0.0297,-0.01239,0.60759,0.62512,0.55438,25.64087,1,0.19862,-0.01033,0.94866,0.00532,1,1,participant_26,question_4,Timer-Correct,True,Other
0.0,0,21,1,0.16992,-0.03291,0,0.32604,0.05,0.50928,14890,4508.33789,1,0.16334,-0.05174,-0.03077,-0.01142,0.60886,0.36376,0.54948,26.05454,1,0.14122,-0.05548,0.94866,0.00546,1,1,0.0297,-0.01239,0.60759,0.62516,0.55442,25.8682,1,0.19862,-0.01033,0.94866,0.00531,1,1,participant_26,question_4,Timer-Correct,True,Other
0.0,0,21,1,0.16943,-0.04319,0,0.32604,0.05,0.51562,14890,4508.33789,1,0.16354,-0.052,-0.03077,-0.01142,0.60886,0.36378,0.54947,26.01191,1,0.14425,-0.0628,0.95445,0.00548,1,1,0.0297,-0.01239,0.60759,0.62515,0.55434,25.70336,1,0.19462,-0.02357,0.95445,0.00531,1,1,participant_26,question_4,Timer-Correct,True,Other
0.0,0,21,1,0.16975,-0.04844,0,0.32604,0.05,0.52295,14890,4508.33789,1,0.16371,-0.05231,-0.03077,-0.01142,0.60886,0.3638,0.54949,25.92168,1,0.14155,-0.06946,0.96023,0.00547,1,1,0.0297,-0.01239,0.60759,0.6252,0.5544,25.83302,1,0.19795,-0.02741,0.96023,0.00531,1,1,participant_26,question_4,Timer-Correct,True,Other
0.0,0,21,1,0.1687,-0.05242,0,0.32604,0.05,0.52979,14890,4508.33789,1,0.16384,-0.05272,-0.02988,-0.0111,0.59217,0.36386,0.54955,26.23005,1,0.14155,-0.06946,0.96023,0.00546,1,1,0.03038,-0.01271,0.62055,0.62525,0.55439,25.82819,1,0.19584,-0.03538,0.96652,0.00531,1,1,participant_26,question_4,Timer-Correct,True,Other
0.0,0,21,1,0.15776,-0.06122,0,0.32604,0.05,0.53711,14890,4508.33789,1,0.16372,-0.05305,-0.02988,-0.0111,0.59217,0.36389,0.54963,26.40891,1,0.14249,-0.08057,0.96073,0.00546,1,1,0.03038,-0.01271,0.62055,0.62527,0.55437,25.81972,1,0.17304,-0.04187,0.96702,0.00533,1,1,participant_26,question_4,Timer-Correct,True,Other
0.0,0,21,1,0.15815,-0.05996,0,0.32604,0.05,0.54346,14890,4508.33789,1,0.1633,-0.05363,-0.02988,-0.0111,0.59217,0.36389,0.54953,26.1656,1,0.14689,-0.07642,0.96123,0.00545,1,1,0.03038,-0.01271,0.62055,0.62525,0.55424,25.1696,1,0.1694,-0.0435,0.96752,0.00537,1,1,participant_26,question_4,Timer-Correct,True,Other
0.0,0,21,1,0.15519,-0.06794,0,0.32604,0.05,0.5498,14890,4508.33789,1,0.16275,-0.05453,-0.03088,-0.01149,0.6128,0.36389,0.54935,25.86004,1,0.14327,-0.08433,0.96752,0.00548,1,1,0.03038,-0.01271,0.62055,0.62528,0.55422,25.15803,1,0.16711,-0.05155,0.97381,0.00538,1,1,participant_26,question_4,Timer-Correct,True,Other
0.0,0,21,1,0.15679,-0.0745,0,0.32604,0.05,0.55664,14890,4508.33789,1,0.16259,-0.0558,-0.03088,-0.01149,0.6128,0.3639,0.54938,25.76761,1,0.13803,-0.09675,0.97959,0.0055,1,1,0.03038,-0.01271,0.62055,0.62536,0.55445,25.68907,1,0.17556,-0.05225,0.97959,0.0053,1,1,participant_26,question_4,Timer-Correct,True,Other
0.0,0,21,1,0.15535,-0.07774,0,0.32604,0.05,0.56348,14890,4508.33789,1,0.16237,-0.0569,-0.03088,-0.01149,0.6128,0.36391,0.54954,26.13171,1,0.13663,-0.10073,0.98538,0.00546,1,1,0.03038,-0.01271,0.62055,0.62539,0.55447,25.67425,1,0.17407,-0.05475,0.98538,0.00532,1,1,participant_26,question_4,Timer-Correct,True,Other
0.0,0,21,1,0.15267,-0.08504,0,0.32604,0.05,0.57031,14890,4508.33789,1,0.16211,-0.05806,-0.03088,-0.01154,0.6128,0.36392,0.54953,26.17154,1,0.1333,-0.10799,0.99117,0.00546,1,1,0.03038,-0.01266,0.61854,0.6254,0.55435,25.26806,1,0.17203,-0.06209,0.99117,0.00533,1,1,participant_26,question_4,Timer-Correct,True,Other
0.0,0,21,1,0.15619,-0.08007,0,0.32604,0.05,0.57666,14890,4508.33789,1,0.16202,-0.05874,-0.03088,-0.01154,0.6128,0.36391,0.54965,26.22042,1,0.13778,-0.10253,0.99117,0.00545,1,1,0.03038,-0.01266,0.61854,0.62548,0.55454,25.90855,1,0.1746,-0.05761,0.99117,0.0053,1,1,participant_26,question_4,Timer-Correct,True,Other
0.0,0,21,1,0.15839,-0.07443,0,0.32604,0.05,0.5835,14890,4508.33789,1,0.16187,-0.05915,-0.03088,-0.01154,0.6128,0.36397,0.54965,26.12467,1,0.14021,-0.09037,0.99117,0.00548,1,1,0.03038,-0.01266,0.61854,0.62547,0.55455,25.93501,1,0.17658,-0.05849,0.99117,0.00531,1,1,participant_26,question_4,Timer-Correct,True,Other
0.0,0,21,1,0.15839,-0.07443,0,0.32604,0.05,0.58984,14890,4508.33789,1,0.16178,-0.05939,-0.03088,-0.01158,0.6128,0.36393,0.54965,26.23036,1,0.14021,-0.09037,0.99117,0.00544,1,1,0.03038,-0.01266,0.61854,0.62548,0.55457,25.89694,1,0.17658,-0.05849,0.99117,0.0053,1,1,participant_26,question_4,Timer-Correct,True,Other
0.0,0,21,1,0.16048,-0.06439,0,0.32604,0.05,0.59668,14890,4508.33789,1,0.16202,-0.05945,-0.03088,-0.01158,0.6128,0.36406,0.5497,26.05259,1,0.14517,-0.07432,0.99117,0.00544,1,1,0.03038,-0.01266,0.61854,0.62547,0.55461,25.99299,1,0.17579,-0.05446,0.99117,0.0053,1,1,participant_26,question_4,Timer-Correct,True,Other
0.0,0,21,1,0.16222,-0.05985,0,0.32604,0.05,0.60352,14890,4508.33789,1,0.16206,-0.0598,-0.03088,-0.01158,0.6128,0.36401,0.54967,26.04551,1,0.14651,-0.06678,0.99117,0.00541,1,1,0.03038,-0.01266,0.61854,0.62547,0.55463,25.93987,1,0.17794,-0.05293,0.99117,0.0053,1,1,participant_26,question_4,Timer-Correct,True,Other
0.0,0,21,1,0.16222,-0.05985,0,0.32604,0.05,0.60986,14890,4508.33789,1,0.16215,-0.06007,-0.03088,-0.01158,0.6128,0.36406,0.54971,25.76691,1,0.14651,-0.06678,0.99117,0.00546,1,1,0.03038,-0.01271,0.61853,0.62549,0.55459,25.85926,1,0.17794,-0.05293,0.99117,0.00528,1,1,participant_26,question_4,Timer-Correct,True,Other
0.0,0,21,1,0.16539,-0.05022,0,0.32604,0.05,0.6167,14890,4508.33789,1,0.16234,-0.05973,-0.03088,-0.01158,0.6128,0.36404,0.54969,25.73892,1,0.15262,-0.06101,0.99117,0.00545,1,1,0.03038,-0.01271,0.61853,0.62551,0.55465,25.75669,1,0.17817,-0.03943,0.99117,0.0053,1,1,participant_26,question_4,Timer-Correct,True,Other
0.0,0,21,1,0.15654,-0.04323,0,0.32604,0.05,0.62354,14890,4508.33789,1,0.16217,-0.05901,-0.03088,-0.01158,0.6128,0.36409,0.54986,26.05502,1,0.15607,-0.05045,0.99117,0.00541,1,1,0.03038,-0.01271,0.61853,0.62554,0.5548,25.44317,1,0.15701,-0.03601,0.99117,0.00528,1,1,participant_26,question_4,Timer-Correct,True,Other
0.0,0,21,1,0.15654,-0.04323,0,0.32604,0.05,0.63037,14890,4508.33789,1,0.16196,-0.05838,-0.03088,-0.01163,0.6128,0.36414,0.54989,26.1239,1,0.15607,-0.05045,0.99117,0.00542,1,1,0.03038,-0.01271,0.61853,0.62555,0.55475,25.51436,1,0.15701,-0.03601,0.99117,0.00527,1,1,participant_26,question_4,Timer-Correct,True,Other
0.0,0,21,1,0.15712,-0.03963,0,0.32604,0.05,0.63672,14890,4508.33789,1,0.16174,-0.05776,-0.03088,-0.01163,0.6128,0.36416,0.54999,26.22225,1,0.15428,-0.05049,0.99117,0.00542,1,1,0.03038,-0.01271,0.61853,0.62556,0.55477,25.47375,1,0.15996,-0.02877,0.99117,0.00527,1,1,participant_26,question_4,Timer-Correct,True,Other
0.0,0,21,1,0.16601,-0.03336,0,0.32604,0.05,0.64355,14890,4508.33789,1,0.16187,-0.05679,-0.03088,-0.01163,0.6128,0.36419,0.55004,26.13332,1,0.16539,-0.04823,0.99117,0.0054,1,1,0.03038,-0.01271,0.61853,0.62562,0.55482,25.39416,1,0.16663,-0.01849,0.99117,0.0053,1,1,participant_26,question_4,Timer-Correct,True,Other
0.0,0,21,1,0.1686,-0.02637,0,0.32604,0.05,0.65039,14890,4508.33789,1,0.16206,-0.05568,-0.02978,-0.01123,0.59193,0.36422,0.55013,25.87734,1,0.1685,-0.04134,0.98538,0.00541,1,1,0.03038,-0.01276,0.61854,0.62562,0.55475,25.1466,1,0.16871,-0.01141,0.98538,0.00532,1,1,participant_26,question_4,Timer-Correct,True,Other
0.0,0,21,1,0.17398,-0.01227,0,0.32604,0.05,0.65723,14890,4508.33789,1,0.16222,-0.05537,-0.02978,-0.01123,0.59193,0.36426,0.55017,26.05651,1,0.17368,-0.02282,0.97959,0.00541,1,1,0.03038,-0.01276,0.61854,0.62563,0.55491,25.46621,1,0.17428,-0.00173,0.97959,0.00531,1,1,participant_26,question_4,Timer-Correct,True,Other
0.0,0,21,1,0.17935,-0.00752,0,0.32604,0.05,0.66357,14890,4508.33789,1,0.16263,-0.05475,-0.02978,-0.01123,0.59193,0.36426,0.55017,26.05651,1,0.18029,-0.01695,0.97381,0.00541,1,1,0.03038,-0.01276,0.61854,0.62565,0.55479,25.02544,1,0.1784,0.00192,0.97381,0.00534,1,1,participant_26,question_4,Timer-Correct,True,Other
0.0,0,21,1,0.18045,-0.00367,0,0.32604,0.05,0.67041,14890,4508.33789,1,0.1631,-0.05396,-0.0302,-0.01145,0.6013,0.36426,0.55017,26.05651,1,0.18029,-0.01695,0.97381,0.00541,1,1,0.0295,-0.01237,0.59987,0.6257,0.5548,25.1133,1,0.18061,0.00961,0.96752,0.00534,1,1,participant_26,question_4,Timer-Correct,True,Other
0.0,0,21,1,0.17066,0.00257,0,0.32604,0.05,0.67725,14890,4508.33789,1,0.1633,-0.05289,-0.0302,-0.01145,0.6013,0.36436,0.55023,26.06371,1,0.15723,-0.01641,0.97331,0.00545,1,1,0.0295,-0.01237,0.59987,0.62575,0.55484,25.26989,1,0.1841,0.02156,0.96702,0.00534,1,1,participant_26,question_4,Timer-Correct,True,Other
0.0,0,21,1,0.17211,-0.02142,0,0.32604,0.05,0.68359,14890,4508.33789,1,0.16344,-0.05235,-0.0302,-0.01145,0.6013,0.36449,0.55015,25.92161,1,0.15737,-0.01736,0.97281,0.00548,1,1,0.0295,-0.01237,0.59987,0.62587,0.55494,25.25645,1,0.18686,-0.02548,0.96652,0.0053,1,1,participant_26,question_4,Timer-Correct,True,Other
0.0,0,21,1,0.17125,-0.02477,0,0.32604,0.05,0.68359,14890,4508.33789,0,0.16817,-0.02526,-0.0302,-0.01145,0.6013,0.3645,0.5503,26.31971,1,0.15765,-0.01677,0.97231,0.00543,1,1,0.03051,-0.01278,0.61943,0.62584,0.55492,25.19046,1,0.18486,-0.03277,0.97231,0.00529,1,1,participant_26,question_4,Timer-Correct,True,Other
0.0,0,21,1,0.17987,-0.0314,0,0.32604,0.05,0.68359,14890,4508.33789,0,0.17402,-0.02833,-0.0302,-0.01145,0.6013,0.36455,0.55027,26.47761,1,0.17033,-0.01498,0.97231,0.00539,1,1,0.03051,-0.01278,0.61943,0.62588,0.55491,25.18481,1,0.1894,-0.04782,0.9786,0.0053,1,1,participant_26,question_4,Timer-Correct,True,Other
0.0,0,21,1,0.15695,-0.01466,0,0.32604,0.05,0.68359,14890,4508.33789,0,0.16833,-0.02377,-0.0302,-0.01145,0.6013,0.36455,0.5501,26.06115,1,0.13902,-0.03471,0.9786,0.0054,1,1,0.03051,-0.01278,0.61943,0.626,0.55484,25.29793,1,0.17488,0.00539,0.98488,0.0053,1,1,participant_26,question_4,Timer-Correct,True,Other
0.0,0,21,1,0.15107,-0.02989,0,0.32604,0.05,0.02002,14891,4509.02832,1,0.16401,-0.0253,-0.03172,-0.012,0.63243,0.36455,0.55008,26.09889,1,0.13173,-0.04986,0.99128,0.00539,1,1,0.03094,-0.01291,0.62811,0.62603,0.55484,25.37498,1,0.17042,-0.00992,0.99756,0.00528,1,1,participant_26,question_4,Timer-Correct,True,Other
0.0,0,21,1,0.15148,-0.0526,0,0.32604,0.05,0.02686,14891,4509.02832,1,0.16151,-0.03076,-0.03172,-0.012,0.63243,0.36472,0.54998,26.15938,1,0.13202,-0.073,1.00396,0.00539,1,1,0.03094,-0.01291,0.62811,0.62614,0.55484,25.50086,1,0.17093,-0.0322,1.00396,0.00532,1,1,participant_26,question_4,Timer-Correct,True,Other
0.0,0,20,1,0.14948,-0.06273,0,0.32604,0.05,0.03369,14891,4509.02832,1,0.1595,-0.03609,-0.03172,-0.012,0.63243,0.3648,0.54994,26.19974,1,0.12675,-0.07968,1.01036,0.00536,1,1,0.03094,-0.01291,0.62811,0.62616,0.55483,25.45687,1,0.17221,-0.04577,1.01036,0.00531,1,1,participant_26,question_4,Timer-Correct,True,Other
0.0,0,20,1,0.15057,-0.05887,0,0.32604,0.05,0.04102,14891,4509.02832,1,0.15823,-0.03934,0.0,0.0,0.0,0.36482,0.54991,26.25446,1,0.12675,-0.07968,1.01036,0.00536,0,1,0.02962,-0.01234,0.60045,0.62618,0.55482,25.48039,1,0.17438,-0.03806,1.00407,0.0053,1,1,participant_26,question_4,Timer-Correct,True,Other
0.0,0,20,1,0.15549,-0.0542,0,0.32604,0.05,0.04688,14891,4509.02832,1,0.15788,-0.0412,0.0,0.0,0.0,0.36486,0.54978,25.73141,1,0.14875,-0.07931,0.99767,0.00546,0,1,0.02962,-0.01234,0.60045,0.62632,0.55477,25.40069,1,0.16224,-0.0291,0.99139,0.00529,1,1,participant_26,question_4,Timer-Correct,True,Other
0.0,0,20,1,0.16316,-0.04003,0,0.32604,0.05,0.05371,14891,4509.02832,1,0.15847,-0.04107,0.0,0.0,0.0,0.3649,0.54976,25.77783,1,0.15413,-0.07497,0.98499,0.00544,0,1,0.02962,-0.01234,0.60045,0.62634,0.55477,25.47375,1,0.17219,-0.0051,0.9787,0.00527,1,1,participant_26,question_4,Timer-Correct,True,Other
0.0,0,20,1,0.16602,-0.03233,0,0.32604,0.05,0.06055,14891,4509.02832,1,0.15923,-0.0402,-0.03076,-0.01162,0.61501,0.36494,0.54964,25.70761,1,0.15761,-0.06726,0.9787,0.00543,1,1,0.03006,-0.01244,0.60754,0.62635,0.55463,25.02785,1,0.17443,0.00261,0.97242,0.00532,1,1,participant_26,question_4,Timer-Correct,True,Other
0.0,0,20,1,0.17176,-0.04352,0,0.32604,0.05,0.06689,14891,4509.02832,1,0.16037,-0.0405,-0.03076,-0.01162,0.61501,0.36505,0.54968,25.7712,1,0.16556,-0.06896,0.97881,0.00543,1,1,0.03006,-0.01244,0.60754,0.62648,0.55459,25.16261,1,0.17796,-0.01808,0.97881,0.00534,1,1,participant_26,question_4,Timer-Correct,True,Other
0.0,0,20,1,0.16088,-0.05,0,0.32604,0.05,0.07373,14891,4509.02832,1,0.16041,-0.04129,-0.03076,-0.01162,0.61501,0.36511,0.54968,25.83024,1,0.14141,-0.07791,0.98521,0.00542,1,1,0.03006,-0.01244,0.60754,0.62651,0.55456,25.24506,1,0.18034,-0.02208,0.98521,0.00534,1,1,participant_26,question_4,Timer-Correct,True,Other
0.0,0,20,1,0.15979,-0.05388,0,0.32604,0.05,0.08105,14891,4509.02832,1,0.16036,-0.04226,-0.03015,-0.01141,0.60376,0.36515,0.54968,25.79769,1,0.14141,-0.07791,0.98521,0.00542,1,1,0.03087,-0.0128,0.62296,0.62662,0.55459,25.43167,1,0.17817,-0.02984,0.9915,0.00534,1,1,participant_26,question_4,Timer-Correct,True,Other
0.0,0,20,1,0.14511,-0.05476,0,0.32604,0.05,0.08691,14891,4509.02832,1,0.15927,-0.04315,-0.03015,-0.01141,0.60376,0.36517,0.54961,25.79053,1,0.12488,-0.0783,0.9851,0.00538,1,1,0.03087,-0.0128,0.62296,0.62675,0.55475,25.66271,1,0.16534,-0.03122,0.99139,0.00528,1,1,participant_26,question_4,Timer-Correct,True,Other
0.0,0,20,1,0.1512,-0.05844,0,0.32604,0.05,0.09424,14891,4509.02832,1,0.15873,-0.04417,-0.03015,-0.01141,0.60376,0.36531,0.54957,25.79149,1,0.13046,-0.09258,0.98499,0.0054,1,1,0.03087,-0.0128,0.62296,0.62684,0.55479,25.45367,1,0.17193,-0.0243,0.99128,0.00528,1,1,participant_26,question_4,Timer-Correct,True,Other
0.0,0,20,1,0.15236,-0.05444,0,0.32604,0.05,0.10059,14891,4509.02832,1,0.15833,-0.04481,-0.03037,-0.01148,0.61008,0.36547,0.54963,25.91725,1,0.13053,-0.09244,0.98488,0.00541,1,1,0.03035,-0.01257,0.61149,0.62687,0.5548,25.42583,1,0.17418,-0.01644,0.98488,0.00531,1,1,participant_26,question_4,Timer-Correct,True,Other
0.0,0,20,1,0.16197,-0.05089,0,0.32604,0.05,0.10742,14891,4509.02832,1,0.15855,-0.04517,-0.03037,-0.01148,0.61008,0.36558,0.54963,26.10226,1,0.13998,-0.09597,0.98488,0.00537,1,1,0.03035,-0.01257,0.61149,0.62695,0.55476,25.43699,1,0.18397,-0.00582,0.9786,0.00533,1,1,participant_26,question_4,Timer-Correct,True,Other
0.0,0,20,1,0.15812,-0.04595,0,0.32604,0.05,0.11377,14891,4509.02832,1,0.15852,-0.04521,-0.03037,-0.01148,0.61008,0.36559,0.54963,26.07621,1,0.14884,-0.08554,0.9786,0.00538,1,1,0.03035,-0.01257,0.61149,0.62704,0.55476,25.39494,1,0.1674,-0.00636,0.97231,0.00532,1,1,participant_26,question_4,Timer-Correct,True,Other
0.0,0,20,1,0.15989,-0.04204,0,0.32604,0.05,0.12061,14891,4509.02832,1,0.1586,-0.04505,-0.03037,-0.01148,0.61008,0.36561,0.54959,25.98486,1,0.15238,-0.07771,0.97231,0.00536,1,1,0.03097,-0.0128,0.62307,0.62706,0.55461,25.02168,1,0.1674,-0.00636,0.97231,0.00532,1,1,participant_26,question_4,Timer-Correct,True,Other
0.0,0,20,1,0.17146,-0.04157,0,0.32604,0.05,0.12744,14891,4509.02832,1,0.15924,-0.04487,-0.03037,-0.01148,0.61008,0.36574,0.54944,25.79085,1,0.16756,-0.07727,0.97231,0.00541,1,1,0.03097,-0.0128,0.62307,0.62723,0.55466,25.10875,1,0.17536,-0.00586,0.9786,0.00535,1,1,participant_26,question_4,Timer-Correct,True,Other
0.0,0,20,1,0.17169,-0.05771,0,0.32604,0.05,0.13428,14891,4509.02832,1,0.15983,-0.04548,-0.03037,-0.01148,0.61008,0.36581,0.54935,25.7763,1,0.16773,-0.09457,0.9786,0.0054,1,1,0.03097,-0.0128,0.62307,0.62724,0.55467,25.09255,1,0.17565,-0.02084,0.98488,0.00535,1,1,participant_26,question_4,Timer-Correct,True,Other
0.0,0,20,1,0.16999,-0.06164,0,0.32604,0.05,0.14111,14891,4509.02832,1,0.16029,-0.04622,-0.03035,-0.01147,0.61149,0.36587,0.54948,26.03907,1,0.16432,-0.10245,0.98488,0.00542,1,1,0.03037,-0.01258,0.61008,0.62728,0.55465,25.35491,1,0.17565,-0.02084,0.98488,0.00534,1,1,participant_26,question_4,Timer-Correct,True,Other
0.0,0,20,1,0.17119,-0.01166,0,0.32604,0.05,0.14746,14891,4509.02832,1,0.16077,-0.04472,-0.03035,-0.01147,0.61149,0.36595,0.54946,26.09711,1,0.15526,-0.01491,0.98488,0.00538,1,1,0.03037,-0.01258,0.61008,0.62742,0.55471,25.64083,1,0.18713,-0.00841,0.9786,0.00532,1,1,participant_26,question_4,Timer-Correct,True,Other
0.0,0,20,1,0.17785,-0.00661,0,0.32604,0.05,0.15381,14891,4509.02832,1,0.16148,-0.04313,-0.03035,-0.01147,0.61149,0.36609,0.54942,26.02857,1,0.1609,-0.01235,0.9786,0.00542,1,1,0.03037,-0.01258,0.61008,0.62749,0.55462,25.68929,1,0.19481,-0.00086,0.97231,0.00532,1,1,participant_26,question_4,Timer-Correct,True,Other
0.0,0,20,1,0.17958,-0.00294,0,0.32604,0.05,0.16064,14891,4509.02832,1,0.1622,-0.04152,-0.03035,-0.01147,0.61149,0.3661,0.54927,25.83467,1,0.16435,-0.00501,0.97231,0.00542,1,1,0.03093,-0.01275,0.62033,0.62752,0.55468,25.8219,1,0.19481,-0.00086,0.97231,0.00527,1,1,participant_26,question_4,Timer-Correct,True,Other
0.0,0,20,1,0.1623,-0.01199,0,0.32604,0.05,0.16748,14891,4509.02832,1,0.16221,-0.04038,-0.03035,-0.01147,0.61149,0.36609,0.54921,25.90677,1,0.15001,-0.01173,0.97231,0.00538,1,1,0.03093,-0.01275,0.62033,0.6276,0.55477,25.5577,1,0.17459,-0.01225,0.9786,0.00531,1,1,participant_26,question_4,Timer-Correct,True,Other
0.0,0,20,1,0.16175,-0.02326,0,0.32604,0.05,0.17529,14891,4509.02832,1,0.16219,-0.03975,-0.03035,-0.01147,0.61149,0.36616,0.54918,25.90311,1,0.14815,-0.02836,0.9786,0.00537,1,1,0.03093,-0.01275,0.62033,0.62763,0.55472,25.66126,1,0.17535,-0.01816,0.98488,0.0053,1,1,participant_26,question_4,Timer-Correct,True,Other
0.0,0,20,1,0.15705,-0.03472,0,0.32604,0.05,0.18066,14891,4509.02832,1,0.16201,-0.03957,-0.03124,-0.01177,0.6303,0.36616,0.54912,26.02388,1,0.14099,-0.04341,0.99128,0.00538,1,1,0.03015,-0.01241,0.60376,0.62764,0.55472,25.65841,1,0.1731,-0.02603,0.99128,0.0053,1,1,participant_26,question_4,Timer-Correct,True,Other
0.0,0,20,1,0.15651,-0.0505,0,0.32604,0.05,0.18799,14891,4509.02832,1,0.16182,-0.03995,-0.03124,-0.01177,0.6303,0.36628,0.54908,26.18213,1,0.13843,-0.05489,0.99767,0.00532,1,1,0.03015,-0.01241,0.60376,0.6277,0.55468,25.739,1,0.17459,-0.04612,0.99139,0.00533,1,1,participant_26,question_4,Timer-Correct,True,Other
0.0,0,20,1,0.1589,-0.05811,0,0.32604,0.05,0.19434,14891,4509.02832,1,0.16172,-0.04055,-0.03124,-0.01177,0.6303,0.36636,0.54899,26.15273,1,0.14205,-0.06225,0.99778,0.00534,1,1,0.03015,-0.01241,0.60376,0.62777,0.55466,25.8941,1,0.17575,-0.05396,0.9915,0.00533,1,1,participant_26,question_4,Timer-Correct,True,Other
0.0,0,20,1,0.16066,-0.05434,0,0.32604,0.05,0.20117,14891,4509.02832,1,0.16169,-0.041,-0.03004,-0.01129,0.60702,0.36638,0.54894,26.04757,1,0.14557,-0.05472,0.9915,0.00536,1,1,0.03136,-0.01284,0.62709,0.62781,0.55458,25.76561,1,0.17575,-0.05396,0.9915,0.00532,1,1,participant_26,question_4,Timer-Correct,True,Other
0.0,0,20,1,0.15075,-0.06144,0,0.32604,0.05,0.20752,14891,4509.02832,1,0.16134,-0.04164,-0.03004,-0.01129,0.60702,0.36633,0.54879,25.62669,1,0.15043,-0.06358,0.9851,0.00542,1,1,0.03136,-0.01284,0.62709,0.62785,0.55456,25.8207,1,0.15106,-0.0593,0.99139,0.00531,1,1,participant_26,question_4,Timer-Correct,True,Other
0.0,0,20,1,0.15477,-0.06524,0,0.32604,0.05,0.21436,14891,4509.02832,1,0.16115,-0.04235,-0.03004,-0.01129,0.60702,0.36636,0.54879,25.59042,1,0.15397,-0.06604,0.98499,0.00543,1,1,0.03136,-0.01284,0.62709,0.62787,0.55449,25.68164,1,0.15557,-0.06445,0.99128,0.00531,1,1,participant_26,question_4,Timer-Correct,True,Other
0.0,0,20,1,0.15482,-0.06511,0,0.32604,0.05,0.22119,14891,4509.02832,1,0.16096,-0.04302,-0.03004,-0.01129,0.60702,0.36637,0.54877,25.6098,1,0.15403,-0.0659,0.98488,0.00543,1,1,0.03136,-0.01284,0.62709,0.62787,0.55449,25.68164,1,0.15561,-0.06431,0.99117,0.00531,1,1,participant_26,question_4,Timer-Correct,True,Other
0.0,0,20,1,0.14937,-0.08297,0,0.32604,0.05,0.22803,14891,4509.02832,1,0.16063,-0.04416,-0.03004,-0.01129,0.60702,0.3664,0.54863,25.98203,1,0.14499,-0.09196,0.99117,0.00538,1,1,0.03136,-0.01284,0.62709,0.62782,0.5543,25.12724,1,0.15375,-0.07399,0.99117,0.00536,1,1,participant_26,question_4,Timer-Correct,True,Other
0.0,0,20,1,0.15208,-0.08052,0,0.32604,0.05,0.23486,14891,4509.02832,1,0.16039,-0.04517,-0.03004,-0.01129,0.60702,0.36638,0.54859,25.84037,1,0.14742,-0.08776,0.99117,0.0054,1,1,0.03136,-0.01284,0.62709,0.62782,0.55427,25.17853,1,0.15673,-0.07328,0.99117,0.00536,1,1,participant_26,question_4,Timer-Correct,True,Other
0.0,0,20,1,0.15324,-0.07649,0,0.32604,0.05,0.24121,14891,4509.02832,1,0.1602,-0.04602,-0.03006,-0.01125,0.60754,0.36639,0.54851,25.66277,1,0.14742,-0.08776,0.99117,0.00541,1,1,0.0,0.0,0.0,0.62783,0.55427,25.18889,1,0.15905,-0.06522,0.98488,0.00535,0,1,participant_26,question_4,Timer-Correct,True,Other
0.0,0,20,1,0.15238,-0.08266,0,0.32604,0.05,0.24805,14891,4509.02832,1,0.15999,-0.04698,-0.03006,-0.01125,0.60754,0.36639,0.54851,25.66277,1,0.14383,-0.09803,0.98488,0.00541,1,1,0.0,0.0,0.0,0.62786,0.55421,25.21367,1,0.16093,-0.06728,0.9786,0.00535,0,1,participant_26,question_4,Timer-Correct,True,Other
0.0,0,20,1,0.15236,-0.0743,0,0.32604,0.05,0.25439,14891,4509.02832,1,0.1598,-0.04768,-0.03006,-0.01125,0.60754,0.36619,0.54846,25.85917,1,0.13433,-0.08765,0.9786,0.00545,1,1,0.0,0.0,0.0,0.62767,0.55419,24.94914,1,0.17039,-0.06096,0.97231,0.0054,0,1,participant_26,question_4,Timer-Correct,True,Other
0.0,0,20,1,0.15419,-0.07038,0,0.32604,0.05,0.26123,14891,4509.02832,1,0.15966,-0.04825,-0.03037,-0.01139,0.61008,0.36591,0.54858,25.64238,1,0.13799,-0.07979,0.97231,0.00543,1,1,0.03073,-0.01266,0.61821,0.62745,0.55416,25.23081,1,0.17039,-0.06096,0.97231,0.00535,1,1,participant_26,question_4,Timer-Correct,True,Other
0.0,0,20,1,0.06029,0.03181,0,0.32604,0.05,0.26807,14891,4509.02832,1,0.15723,-0.0463,-0.03037,-0.01139,0.61008,0.36378,0.54965,26.14205,1,0.05169,0.0267,0.97231,0.00547,1,1,0.03073,-0.01266,0.61821,0.62483,0.55519,25.59973,1,0.0689,0.03693,0.9786,0.00542,1,1,participant_26,question_4,Timer-Correct,True,Question
0.0,0,20,1,0.01538,-0.01555,0,0.32604,0.05,0.27441,14891,4509.02832,1,0.15385,-0.04557,-0.03037,-0.01139,0.61008,0.36256,0.55021,25.91213,1,-0.00692,-0.01556,0.9786,0.00541,1,1,0.03073,-0.01266,0.61821,0.62318,0.55597,25.9343,1,0.03768,-0.01554,0.98488,0.00539,1,1,participant_26,question_4,Timer-Correct,True,Other
0.0,0,20,1,0.01145,-0.02323,0,0.32604,0.05,0.27441,14891,4509.02832,0,0.12176,-0.05551,-0.0307,-0.01153,0.6076,0.36189,0.5504,26.231,1,-0.0116,-0.02304,0.98488,0.00537,1,1,0.0301,-0.01289,0.62044,0.62238,0.55578,25.46328,1,0.0345,-0.02342,0.99117,0.00542,1,1,participant_26,question_4,Timer-Correct,True,Other
0.0,0,20,1,-0.06975,0.01024,0,0.32604,0.05,0.27441,14891,4509.02832,0,0.026,-0.02264,-0.0307,-0.01153,0.6076,0.36018,0.55102,26.74832,1,-0.08598,0.01659,0.99117,0.00529,1,1,0.0301,-0.01289,0.62044,0.62035,0.55631,25.92902,1,-0.05353,0.00388,0.99117,0.00533,1,1,participant_26,question_4,Timer-Correct,True,Other
0.0,0,20,1,-0.07365,0.01923,0,0.32604,0.05,0.27441,14891,4509.02832,0,-0.00721,-0.00868,-0.0307,-0.01153,0.6076,0.36002,0.55114,26.9674,1,-0.09629,0.0237,0.99117,0.00529,1,1,0.0301,-0.01289,0.62044,0.62035,0.55646,25.89162,1,-0.051,0.01477,0.99117,0.00534,1,1,participant_26,question_4,Timer-Correct,True,Other
0.0,0,20,1,-0.06949,0.02609,0,0.32604,0.05,0.27441,14891,4509.02832,0,-0.07096,0.01852,-0.03012,-0.01123,0.59168,0.35989,0.5513,27.16378,1,-0.09145,0.03031,0.98538,0.00525,1,1,0.03015,-0.01299,0.62542,0.62023,0.55637,25.5884,1,-0.04753,0.02188,0.98538,0.00536,1,1,participant_26,question_4,Timer-Correct,True,Other
0.0,0,20,1,-0.04806,0.03515,0,0.32604,0.05,0.27441,14891,4509.02832,0,-0.05951,0.02684,-0.03012,-0.01123,0.59168,0.35977,0.55122,26.91216,1,-0.07243,0.03421,0.97959,0.00532,1,1,0.03015,-0.01299,0.62542,0.62043,0.55629,25.78726,1,-0.02369,0.0361,0.97959,0.00537,1,1,participant_26,question_4,Timer-Correct,True,Other
0.0,0,20,1,-0.04019,0.04479,0,0.32604,0.05,0.27441,14891,4509.02832,0,-0.05307,0.03282,-0.03012,-0.01123,0.59168,0.35968,0.55131,27.02046,1,-0.04955,0.04522,0.97381,0.00529,1,1,0.03015,-0.01299,0.62542,0.6203,0.55638,25.64771,1,-0.03084,0.04436,0.97381,0.00536,1,1,participant_26,question_4,Timer-Correct,True,Other
0.0,0,20,1,-0.03619,0.05159,0,0.32604,0.05,0.02051,14892,4509.32959,1,-0.04885,0.03751,-0.03012,-0.01123,0.59168,0.35971,0.55124,26.70723,1,-0.04494,0.05178,0.96802,0.00539,1,1,0.03015,-0.01299,0.62542,0.62027,0.5564,25.66931,1,-0.02744,0.0514,0.96802,0.00536,1,1,participant_26,question_4,Timer-Correct,True,Other
0.0,0,20,1,-0.04537,0.04213,0,0.32604,0.05,0.02686,14892,4509.32959,1,-0.04816,0.03844,-0.03012,-0.01123,0.59168,0.35938,0.55126,26.30805,1,-0.06051,0.01472,0.96802,0.00536,1,1,0.03015,-0.01299,0.62542,0.6202,0.55646,25.78276,1,-0.03023,0.06954,0.96802,0.00533,1,1,participant_26,question_4,Timer-Correct,True,Other
0.0,0,20,1,-0.05061,0.0454,0,0.32604,0.05,0.03369,14892,4509.32959,1,-0.04856,0.0396,-0.03012,-0.01123,0.59168,0.3593,0.55132,26.36186,1,-0.07001,0.02024,0.96802,0.00537,1,1,0.03015,-0.01299,0.62542,0.62019,0.55639,25.50048,1,-0.0312,0.07057,0.96802,0.00534,1,1,participant_26,question_4,Timer-Correct,True,Other
0.0,0,20,1,-0.05061,0.0454,0,0.32604,0.05,0.04004,14892,4509.32959,1,-0.04886,0.04043,-0.03017,-0.0113,0.59082,0.35923,0.5513,26.16446,1,-0.07001,0.02024,0.96802,0.00537,1,1,0.03015,-0.01299,0.62542,0.62019,0.55657,25.7724,1,-0.0312,0.07057,0.96802,0.00531,1,1,participant_26,question_4,Timer-Correct,True,Other
0.0,0,20,1,-0.05061,0.03225,0,0.32604,0.05,0.04688,14892,4509.32959,1,-0.04907,0.03941,-0.03017,-0.0113,0.59082,0.35912,0.55141,26.2905,1,-0.0835,-0.00839,0.96802,0.00535,1,1,0.03015,-0.01299,0.62542,0.62007,0.55669,25.86979,1,-0.01771,0.0729,0.96802,0.00533,1,1,participant_26,question_4,Timer-Correct,True,Other
0.0,0,20,1,-0.05323,0.03949,0,0.32604,0.05,0.05322,14892,4509.32959,1,-0.04954,0.03941,-0.03017,-0.0113,0.59082,0.35916,0.55161,26.86301,1,-0.08543,0.00143,0.96802,0.00532,1,1,0.03015,-0.01299,0.62542,0.62002,0.55672,25.78135,1,-0.02103,0.07755,0.96802,0.00535,1,1,participant_26,question_4,Timer-Correct,True,Other
0.0,0,20,1,-0.05141,0.04322,0,0.32604,0.05,0.06055,14892,4509.32959,1,-0.04972,0.0398,-0.03052,-0.01144,0.59599,0.35907,0.55176,26.94793,1,-0.08543,0.00143,0.96802,0.00534,1,1,0.02924,-0.01266,0.60738,0.61995,0.55673,25.60639,1,-0.01739,0.08501,0.96173,0.00538,1,1,participant_26,question_4,Timer-Correct,True,Other
0.0,0,20,1,-0.03016,0.04138,0,0.32604,0.05,0.06689,14892,4509.32959,1,-0.04795,0.03994,-0.03052,-0.01144,0.59599,0.3589,0.55192,27.12441,1,-0.03739,0.02767,0.96173,0.00532,1,1,0.02924,-0.01266,0.60738,0.61987,0.55675,25.67262,1,-0.02294,0.05508,0.95545,0.00533,1,1,participant_26,question_4,Timer-Correct,True,Other
0.0,0,20,1,-0.01886,0.04432,0,0.32552,0.05,0.07373,14892,4509.32959,1,-0.04552,0.0403,-0.03052,-0.01144,0.59599,0.35865,0.55171,26.36661,1,-0.04265,0.02927,0.95545,0.0053,1,1,0.02924,-0.01266,0.60738,0.61983,0.55676,25.71021,1,0.00492,0.05936,0.94916,0.00531,1,1,participant_26,question_4,Timer-Correct,True,Other
0.0,0,20,1,-0.01298,0.05533,0,0.32552,0.05,0.08057,14892,4509.32959,1,-0.04302,0.04146,-0.03069,-0.01155,0.59932,0.3586,0.55168,26.21227,1,-0.0376,0.03664,0.94916,0.00541,1,1,0.02842,-0.01233,0.59144,0.61978,0.55675,25.57228,1,0.01163,0.07402,0.93719,0.00535,1,1,participant_26,question_4,Timer-Correct,True,Other
0.0,0,20,1,-0.02216,0.04636,0,0.32552,0.05,0.0874,14892,4509.32959,1,-0.04153,0.04181,-0.03069,-0.01155,0.59932,0.35853,0.55167,26.02168,1,-0.03658,0.05558,0.93719,0.00543,1,1,0.02842,-0.01233,0.59144,0.61972,0.55686,25.64788,1,-0.00774,0.03713,0.9315,0.00537,1,1,participant_26,question_4,Timer-Correct,True,Other
0.0,0,20,1,-0.01847,0.05287,0,0.32552,0.05,0.09424,14892,4509.32959,1,-0.03999,0.04255,-0.03069,-0.01155,0.59932,0.35848,0.55168,26.34233,1,-0.03279,0.063,0.9315,0.00538,1,1,0.02842,-0.01233,0.59144,0.61965,0.55686,25.63898,1,-0.00416,0.04274,0.92581,0.00533,1,1,participant_26,question_4,Timer-Correct,True,Other
0.0,0,20,1,-0.02021,0.04911,0,0.32552,0.05,0.10059,14892,4509.32959,1,-0.03876,0.04296,-0.03137,-0.01175,0.6118,0.35847,0.5516,26.1934,1,-0.03287,0.06288,0.9316,0.00538,1,1,0.02924,-0.0127,0.60931,0.61962,0.55673,25.23398,1,-0.00755,0.03535,0.9316,0.00536,1,1,participant_26,question_4,Timer-Correct,True,Other
0.0,0,20,1,-0.03667,0.04546,0,0.32552,0.05,0.10742,14892,4509.32959,1,-0.03863,0.0431,-0.03137,-0.01175,0.6118,0.35828,0.55164,26.26155,1,-0.05392,0.05396,0.93738,0.00539,1,1,0.02924,-0.0127,0.60931,0.61954,0.55676,25.22997,1,-0.01942,0.03696,0.94307,0.00535,1,1,participant_26,question_4,Timer-Correct,True,Other
0.0,0,20,1,-0.04816,0.03047,0,0.32396,0.05,0.11426,14892,4509.32959,1,-0.03916,0.0424,-0.03137,-0.01175,0.6118,0.35823,0.55181,26.49307,1,-0.06556,0.04817,0.94886,0.00534,1,1,0.02924,-0.0127,0.60931,0.61948,0.55678,25.24181,1,-0.03077,0.01278,0.95455,0.00533,1,1,participant_26,question_4,Timer-Correct,True,Other
0.0,0,20,1,-0.05225,0.02354,0,0.32396,0.05,0.12109,14892,4509.32959,1,-0.03985,0.04141,-0.03028,-0.01133,0.5878,0.35824,0.55175,26.5027,1,-0.07032,0.04156,0.95455,0.00535,1,1,0.02924,-0.01275,0.60931,0.61945,0.5568,25.239,1,-0.03418,0.00552,0.96023,0.00534,1,1,participant_26,question_4,Timer-Correct,True,Other
0.0,0,20,1,-0.05634,0.03424,0,0.32396,0.05,0.12744,14892,4509.32959,1,-0.04068,0.04105,-0.03028,-0.01133,0.5878,0.35817,0.55175,26.47081,1,-0.07521,0.04321,0.95445,0.00536,1,1,0.02924,-0.01275,0.60931,0.61933,0.5568,25.40668,1,-0.03747,0.02526,0.95445,0.00538,1,1,participant_26,question_4,Timer-Correct,True,Other
0.0,0,20,1,-0.04101,0.03559,0,0.32292,0.05093,0.13428,14892,4509.32959,1,-0.04069,0.04079,-0.03028,-0.01133,0.5878,0.35819,0.5518,26.62811,1,-0.04707,0.05084,0.94866,0.00535,1,1,0.02924,-0.01275,0.60931,0.61938,0.55687,25.4419,1,-0.03496,0.02035,0.94866,0.00536,1,1,participant_26,question_4,Timer-Correct,True,Other
0.0,0,20,1,-0.03881,0.03863,0,0.32292,0.05093,0.14111,14892,4509.32959,1,-0.04061,0.04069,-0.03028,-0.01133,0.5878,0.35817,0.55182,26.62359,1,-0.04236,0.05754,0.94287,0.00536,1,1,0.03018,-0.01318,0.62996,0.61937,0.55686,25.43593,1,-0.03526,0.01971,0.94916,0.00536,1,1,participant_26,question_4,Timer-Correct,True,Other
0.0,0,20,1,-0.02986,0.04051,0,0.32292,0.05093,0.14795,14892,4509.32959,1,-0.04014,0.04068,-0.03028,-0.01133,0.5878,0.35811,0.55193,26.62038,1,-0.01981,0.05841,0.94916,0.00534,1,1,0.03018,-0.01318,0.62996,0.61929,0.55683,25.42395,1,-0.03992,0.0226,0.95545,0.00539,1,1,participant_26,question_4,Timer-Correct,True,Other
0.0,0,20,1,-0.03879,0.02975,0,0.32292,0.05093,0.15527,14892,4509.32959,1,-0.04008,0.04023,-0.03028,-0.01133,0.5878,0.35806,0.55201,26.88072,1,-0.02904,0.05174,0.95545,0.0053,1,1,0.03018,-0.01318,0.62996,0.61935,0.55683,25.46879,1,-0.04854,0.00775,0.96173,0.0054,1,1,participant_26,question_4,Timer-Correct,True,Other
0.0,0,20,1,-0.04321,0.02213,0,0.32292,0.05093,0.16162,14892,4509.32959,1,-0.04021,0.0395,-0.03028,-0.01133,0.5878,0.35803,0.55204,26.8288,1,-0.03399,0.04453,0.96173,0.00529,1,1,0.02937,-0.01283,0.61304,0.61928,0.55685,25.33741,1,-0.05242,-0.00026,0.96802,0.00536,1,1,participant_26,question_4,Timer-Correct,True,Other
0.0,0,20,1,-0.03083,0.02501,0,0.3224,0.05093,0.16797,14892,4509.32959,1,-0.03985,0.03895,-0.03028,-0.01133,0.5878,0.35803,0.55205,26.80675,1,-0.03874,0.03887,0.96802,0.00531,1,1,0.02937,-0.01283,0.61304,0.6193,0.55695,25.35452,1,-0.02291,0.01114,0.96802,0.00539,1,1,participant_26,question_4,Timer-Correct,True,Other
0.0,0,20,1,-0.03542,0.02884,0,0.3224,0.05093,0.17432,14892,4509.32959,1,-0.03968,0.03857,-0.03028,-0.01133,0.5878,0.35803,0.55206,26.86267,1,-0.0441,0.04212,0.96802,0.0053,1,1,0.02937,-0.01283,0.61304,0.61927,0.55695,25.50404,1,-0.02673,0.01556,0.96802,0.00536,1,1,participant_26,question_4,Timer-Correct,True,Other
0.0,0,20,1,-0.03357,0.03278,0,0.3224,0.05093,0.18115,14892,4509.32959,1,-0.03946,0.03837,-0.03028,-0.01133,0.5878,0.35806,0.55207,26.61474,1,-0.0441,0.04212,0.96802,0.00537,1,1,0.02901,-0.01269,0.60647,0.61912,0.55682,25.56773,1,-0.02305,0.02344,0.96173,0.00533,1,1,participant_26,question_4,Timer-Correct,True,Other
0.0,0,20,1,-0.04098,0.01781,0,0.3224,0.05093,0.18799,14892,4509.32959,1,-0.03952,0.03766,-0.03028,-0.01133,0.5878,0.35765,0.55189,26.11992,1,-0.05991,0.03595,0.96173,0.00535,1,1,0.02901,-0.01269,0.60647,0.61892,0.55681,25.64351,1,-0.02205,-0.00033,0.95545,0.00534,1,1,participant_26,question_4,Timer-Correct,True,Other
0.0,0,20,1,-0.03549,0.01479,0,0.3224,0.05093,0.19434,14892,4509.32959,1,-0.03938,0.0369,-0.03028,-0.01133,0.5878,0.35772,0.55174,26.18313,1,-0.05047,0.02696,0.95545,0.00535,1,1,0.02901,-0.01269,0.60647,0.61892,0.55675,25.57761,1,-0.02052,0.00262,0.94916,0.00535,1,1,participant_26,question_4,Timer-Correct,True,Other
0.0,0,20,1,-0.0294,0.02622,0,0.32135,0.05278,0.20117,14892,4509.32959,1,-0.03906,0.03655,-0.03028,-0.01133,0.5878,0.35776,0.55171,26.15109,1,-0.04536,0.03435,0.94916,0.00538,1,1,0.02841,-0.0124,0.59482,0.61891,0.55668,25.70409,1,-0.01344,0.01808,0.93719,0.00534,1,1,participant_26,question_4,Timer-Correct,True,Other
0.0,0,20,1,-0.02381,0.04768,0,0.32135,0.05278,0.20801,14892,4509.32959,1,-0.03858,0.0369,-0.03028,-0.01133,0.5878,0.35777,0.55195,26.85708,1,-0.03442,0.0575,0.93719,0.00534,1,1,0.02841,-0.0124,0.59482,0.61884,0.55676,25.93574,1,-0.01321,0.03785,0.9315,0.00532,1,1,participant_26,question_4,Timer-Correct,True,Other
0.0,0,20,1,-0.0256,0.05263,0,0.32135,0.05278,0.21484,14892,4509.32959,1,-0.03819,0.03738,-0.03028,-0.01133,0.5878,0.35775,0.55196,26.86344,1,-0.04308,0.06923,0.9315,0.00533,1,1,0.02841,-0.0124,0.59482,0.6188,0.55668,25.51042,1,-0.00812,0.03603,0.92581,0.00534,1,1,participant_26,question_4,Timer-Correct,True,Other
0.0,0,20,1,-0.02735,0.04885,0,0.32135,0.05278,0.22119,14892,4509.32959,1,-0.03787,0.03771,-0.0314,-0.01169,0.60878,0.3576,0.55165,26.1548,1,-0.04316,0.06911,0.9316,0.00535,1,1,0.02884,-0.01261,0.60474,0.61876,0.55662,25.58058,1,-0.01154,0.0286,0.9316,0.00534,1,1,participant_26,question_4,Timer-Correct,True,Other
0.0,0,20,1,-0.04289,0.02954,0,0.32135,0.05278,0.22803,14892,4509.32959,1,-0.03802,0.03748,-0.0314,-0.01169,0.60878,0.35751,0.55168,26.42584,1,-0.05576,0.05644,0.93738,0.00536,1,1,0.02884,-0.01261,0.60474,0.6187,0.55667,25.8111,1,-0.03001,0.00265,0.94307,0.00532,1,1,participant_26,question_4,Timer-Correct,True,Other
0.0,0,20,1,-0.05485,0.0399,0,0.32135,0.05278,0.23486,14892,4509.32959,1,-0.03848,0.03755,-0.0314,-0.01169,0.60878,0.35741,0.55162,26.0108,1,-0.07103,0.03977,0.94886,0.00536,1,1,0.02884,-0.01261,0.60474,0.61862,0.55668,25.81538,1,-0.03868,0.04003,0.95455,0.00528,1,1,participant_26,question_4,Timer-Correct,True,Other
0.0,0,20,1,-0.0609,0.02909,0,0.32135,0.05278,0.24121,14892,4509.32959,1,-0.03909,0.03732,-0.03066,-0.01144,0.59348,0.35745,0.5518,26.49923,1,-0.07583,0.0331,0.95455,0.00532,1,1,0.02952,-0.01293,0.61998,0.6186,0.55663,25.54103,1,-0.04597,0.02509,0.96652,0.00528,1,1,participant_26,question_4,Timer-Correct,True,Other
0.0,0,20,1,-0.06198,0.02307,0,0.32135,0.05278,0.24854,14892,4509.32959,1,-0.03969,0.03694,-0.03066,-0.01144,0.59348,0.35736,0.55175,26.57384,1,-0.09558,0.02164,0.96073,0.00535,1,1,0.02952,-0.01293,0.61998,0.61843,0.55665,25.51526,1,-0.02838,0.0245,0.96702,0.00538,1,1,participant_26,question_4,Timer-Correct,True,Other
0.0,0,20,1,-0.03822,0.02339,0,0.32135,0.05278,0.25488,14892,4509.32959,1,-0.03965,0.0366,-0.03066,-0.01144,0.59348,0.35732,0.55183,26.78713,1,-0.04689,0.02047,0.96123,0.00533,1,1,0.02952,-0.01293,0.61998,0.6184,0.55667,25.60883,1,-0.02955,0.02631,0.96752,0.00535,1,1,participant_26,question_4,Timer-Correct,True,Other
0.0,0,20,1,-0.03671,0.02669,0,0.31979,0.0537,0.26172,14892,4509.32959,1,-0.03958,0.03635,-0.03101,-0.01154,0.5985,0.35724,0.55185,26.93488,1,-0.04729,0.01988,0.96173,0.00532,1,1,0.02873,-0.0126,0.60436,0.61837,0.55672,25.70677,1,-0.02614,0.0335,0.96173,0.00536,1,1,participant_26,question_4,Timer-Correct,True,Other
0.0,0,20,1,-0.03416,0.05636,0,0.31979,0.0537,0.26807,14892,4509.32959,1,-0.03945,0.03684,-0.03101,-0.01154,0.5985,0.35701,0.55204,26.93387,1,-0.06135,0.03239,0.96173,0.00533,1,1,0.02873,-0.0126,0.60436,0.61819,0.55672,25.86977,1,-0.00697,0.08034,0.95545,0.0053,1,1,participant_26,question_4,Timer-Correct,True,Other
0.0,0,20,1,-0.03407,0.06105,0,0.31979,0.0537,0.2749,14892,4509.32959,1,-0.03932,0.03741,-0.03101,-0.01154,0.5985,0.35696,0.55201,26.85468,1,-0.05882,0.03222,0.95545,0.00532,1,1,0.02873,-0.0126,0.60436,0.61808,0.55661,25.82531,1,-0.00932,0.08988,0.94916,0.00531,1,1,participant_26,question_4,Timer-Correct,True,Other
0.0,0,20,1,-0.03208,0.06504,0,0.31979,0.0537,0.28174,14892,4509.32959,1,-0.03915,0.03806,-0.03177,-0.0118,0.61226,0.35695,0.55214,26.97944,1,-0.05841,0.03281,0.95495,0.00534,1,1,0.02766,-0.01211,0.58293,0.618,0.55649,25.50887,1,-0.00575,0.09727,0.94297,0.00534,1,1,participant_26,question_4,Timer-Correct,True,Other
0.0,0,20,1,-0.04227,0.07181,0,0.31979,0.0537,0.28809,14892,4509.32959,1,-0.03922,0.03882,-0.03177,-0.0118,0.61226,0.35671,0.55184,26.58274,1,-0.06884,0.04877,0.94876,0.00533,1,1,0.02766,-0.01211,0.58293,0.61789,0.55642,25.38178,1,-0.01569,0.09484,0.94307,0.00532,1,1,participant_26,question_4,Timer-Correct,True,Other
0.0,0,20,1,-0.05053,0.06922,0,0.31667,0.05648,0.29541,14892,4509.32959,1,-0.03947,0.0395,-0.03177,-0.0118,0.61226,0.35654,0.55168,26.2332,1,-0.07958,0.04431,0.94886,0.00534,1,1,0.02766,-0.01211,0.58293,0.61781,0.55644,25.3877,1,-0.02147,0.09414,0.94317,0.0053,1,1,participant_26,question_4,Timer-Correct,True,Other
0.0,0,20,1,-0.04997,0.06877,0,0.31667,0.05648,0.30176,14892,4509.32959,1,-0.0397,0.04013,-0.03108,-0.0115,0.59639,0.35654,0.55186,26.64376,1,-0.07473,0.05095,0.94317,0.00529,1,1,0.02929,-0.01286,0.61921,0.61781,0.5566,25.78284,1,-0.02521,0.08659,0.94946,0.00529,1,1,participant_26,question_4,Timer-Correct,True,Other
0.0,0,20,1,-0.03111,0.05853,0,0.31667,0.05648,0.30859,14892,4509.32959,1,-0.03952,0.04053,-0.03108,-0.0115,0.59639,0.35648,0.55194,27.14766,1,-0.03653,0.05071,0.94367,0.00535,1,1,0.02929,-0.01286,0.61921,0.61762,0.55657,26.00359,1,-0.02569,0.06634,0.95565,0.00528,1,1,participant_26,question_4,Timer-Correct,True,Other
0.0,0,20,1,-0.03843,0.04365,0,0.31667,0.05648,0.31543,14892,4509.32959,1,-0.0395,0.04059,-0.03108,-0.0115,0.59639,0.35638,0.55182,26.8654,1,-0.04637,0.03332,0.94986,0.00536,1,1,0.02929,-0.01286,0.61921,0.6176,0.55655,26.0702,1,-0.03049,0.05399,0.96183,0.00528,1,1,participant_26,question_4,Timer-Correct,True,Other
0.0,0,20,1,-0.03923,0.04355,0,0.31563,0.05741,0.32227,14892,4509.32959,1,-0.03884,0.04111,-0.03108,-0.0115,0.59639,0.3563,0.55171,26.59094,1,-0.05141,0.02604,0.95605,0.00537,1,1,0.02811,-0.01238,0.59609,0.61757,0.55648,25.96848,1,-0.02706,0.06106,0.95605,0.00524,1,1,participant_26,question_4,Timer-Correct,True,Other
0.0,0,20,1,-0.02866,0.05043,0,0.31563,0.05741,0.32861,14892,4509.32959,1,-0.03843,0.04143,-0.03108,-0.0115,0.59639,0.35607,0.5516,26.19582,1,-0.05855,0.02409,0.95605,0.00537,1,1,0.02811,-0.01238,0.59609,0.61738,0.55636,25.85504,1,0.00122,0.07678,0.94407,0.00527,1,1,participant_26,question_4,Timer-Correct,True,Other
0.0,0,20,1,-0.02645,0.06016,0,0.31563,0.05741,0.33496,14892,4509.32959,1,-0.03814,0.04175,-0.03108,-0.0115,0.59639,0.35607,0.55154,26.10907,1,-0.05444,0.03743,0.94407,0.00537,1,1,0.02811,-0.01238,0.59609,0.61737,0.55634,25.78665,1,0.00154,0.08289,0.9321,0.00527,1,1,participant_26,question_4,Timer-Correct,True,Other
0.0,0,20,1,-0.02211,0.06759,0,0.31563,0.05741,0.34131,14892,4509.32959,1,-0.03785,0.04208,-0.0313,-0.01147,0.59991,0.35606,0.55153,26.13528,1,-0.04932,0.04473,0.93788,0.00537,1,1,0.02811,-0.01238,0.59609,0.61737,0.55641,25.8888,1,0.00509,0.09045,0.92591,0.00528,1,1,participant_26,question_4,Timer-Correct,True,Other
0.0,0,20,1,-0.02811,0.06061,0,0.31563,0.05741,0.34863,14892,4509.32959,1,-0.03749,0.04247,-0.0313,-0.01147,0.59991,0.35601,0.55148,26.13667,1,-0.05219,0.04474,0.9317,0.00538,1,1,0.02811,-0.01238,0.59609,0.61724,0.55631,25.97506,1,-0.00403,0.07649,0.9317,0.00525,1,1,participant_26,question_4,Timer-Correct,True,Other
0.0,0,20,1,-0.03321,0.05255,0,0.31406,0.05926,0.35596,14892,4509.32959,1,-0.03713,0.04262,-0.0313,-0.01147,0.59991,0.35599,0.55142,26.0414,1,-0.05603,0.03846,0.93748,0.00536,1,1,0.02811,-0.01238,0.59609,0.61723,0.55626,25.85432,1,-0.01038,0.06665,0.93748,0.00525,1,1,participant_26,question_4,Timer-Correct,True,Other
0.0,0,20,1,-0.03732,0.04555,0,0.31406,0.05926,0.36182,14892,4509.32959,1,-0.03685,0.04262,-0.0313,-0.01147,0.59991,0.356,0.55153,26.26091,1,-0.06087,0.03159,0.94327,0.00535,1,1,0.02811,-0.01238,0.59609,0.6172,0.55625,25.63373,1,-0.01378,0.0595,0.94327,0.00528,1,1,participant_26,question_4,Timer-Correct,True,Other
0.0,0,20,1,-0.03705,0.0313,0,0.31406,0.05926,0.36865,14892,4509.32959,1,-0.03657,0.0426,-0.0313,-0.01147,0.59991,0.35598,0.55147,26.26384,1,-0.05929,0.01806,0.94327,0.00538,1,1,0.02811,-0.01238,0.59609,0.61726,0.55619,25.76329,1,-0.0148,0.04453,0.94327,0.00527,1,1,participant_26,question_4,Timer-Correct,True,Other
0.0,0,20,1,-0.00744,0.03833,0,0.31406,0.05926,0.37549,14892,4509.32959,1,-0.03562,0.04258,-0.0313,-0.01147,0.59991,0.35625,0.55139,26.38249,1,-0.0316,0.02075,0.94327,0.00534,1,1,0.02811,-0.01238,0.59609,0.61763,0.55598,25.03795,1,0.01672,0.05592,0.94327,0.00532,1,1,participant_26,question_4,Timer-Correct,True,Other
0.0,0,20,1,-0.00683,0.03797,0,0.31406,0.05926,0.38184,14892,4509.32959,1,-0.03469,0.04247,-0.03108,-0.01136,0.59639,0.35652,0.55146,26.37862,1,-0.02697,0.02767,0.93748,0.00535,1,1,0.02929,-0.01286,0.61921,0.61784,0.55593,25.27109,1,0.01331,0.04828,0.94946,0.00539,1,1,participant_26,question_4,Timer-Correct,True,Other
0.0,0,20,1,-0.02663,0.00958,0,0.3125,0.06019,0.38867,14892,4509.32959,1,-0.03461,0.04181,-0.03108,-0.01136,0.59639,0.35687,0.5515,27.08494,1,-0.03185,0.00803,0.94367,0.00534,1,1,0.02929,-0.01286,0.61921,0.61805,0.55582,25.12829,1,-0.02141,0.01113,0.95565,0.00536,1,1,participant_26,question_4,Timer-Correct,True,Other
0.0,0,20,1,-0.03595,0.00058,0,0.3125,0.06019,0.39551,14892,4509.32959,1,-0.03497,0.04089,-0.03108,-0.01136,0.59639,0.35687,0.5515,27.08063,1,-0.03739,0.00286,0.94986,0.00533,1,1,0.02929,-0.01286,0.61921,0.61795,0.55581,25.18737,1,-0.03452,-0.0017,0.96183,0.00531,1,1,participant_26,question_4,Timer-Correct,True,Other
0.0,0,20,1,-0.0403,-0.00712,0,0.3125,0.06019,0.40234,14892,4509.32959,1,-0.03554,0.03959,-0.03016,-0.01106,0.58044,0.35687,0.5515,27.08063,1,-0.04236,-0.00461,0.95605,0.00533,1,1,0.02929,-0.01286,0.61921,0.61793,0.55585,25.23962,1,-0.03823,-0.00964,0.96802,0.0053,1,1,participant_26,question_4,Timer-Correct,True,Other
0.0,0,20,1,-0.03337,0.00878,0,0.3125,0.06019,0.40869,14892,4509.32959,1,-0.03577,0.03881,-0.03016,-0.01106,0.58044,0.35691,0.55157,26.84184,1,-0.04165,0.00603,0.96802,0.00534,1,1,0.02929,-0.01286,0.61921,0.61805,0.55584,25.11086,1,-0.02509,0.01154,0.96802,0.00534,1,1,participant_26,question_4,Timer-Correct,True,Other
0.0,0,20,1,-0.05289,-0.00392,0,0.3125,0.06019,0.41504,14892,4509.32959,1,-0.03649,0.03763,-0.03016,-0.01106,0.58044,0.35691,0.55157,26.84184,1,-0.07973,-0.01575,0.96802,0.00533,1,1,0.02929,-0.01286,0.61921,0.6181,0.55612,25.72021,1,-0.02604,0.00791,0.96802,0.00526,1,1,participant_26,question_4,Timer-Correct,True,Other
0.0,0,20,1,-0.05289,-0.00392,0,0.31094,0.06204,0.42188,14892,4509.32959,1,-0.03717,0.03652,-0.03016,-0.01106,0.58044,0.35691,0.55157,26.84184,1,-0.07973,-0.01575,0.96802,0.00533,1,1,0.02929,-0.01286,0.61921,0.61811,0.55613,25.72965,1,-0.02604,0.00791,0.96802,0.00526,1,1,participant_26,question_4,Timer-Correct,True,Other
0.0,0,20,1,-0.05558,-0.00102,0,0.31094,0.06204,0.42871,14892,4509.32959,1,-0.03756,0.03555,-0.03016,-0.01106,0.58044,0.35693,0.55155,26.86121,1,-0.07972,-0.01257,0.96802,0.00536,1,1,0.02929,-0.01286,0.61921,0.618,0.55591,25.03384,1,-0.03145,0.01054,0.96802,0.0053,1,1,participant_26,question_4,Timer-Correct,True,Other
0.0,0,20,1,-0.04086,-0.00334,0,0.31094,0.06204,0.43506,14892,4509.32959,1,-0.03741,0.03485,-0.03016,-0.01106,0.58044,0.35691,0.55156,26.88064,1,-0.05102,-0.01845,0.96802,0.00534,1,1,0.02929,-0.01286,0.61921,0.61799,0.55596,24.95698,1,-0.03069,0.01177,0.96802,0.00529,1,1,participant_26,question_4,Timer-Correct,True,Other
0.0,0,20,1,-0.04086,-0.00334,0,0.31094,0.06204,0.43506,14892,4509.32959,0,-0.03589,0.00866,-0.03016,-0.01106,0.58044,0.35691,0.55156,26.88064,1,-0.05102,-0.01845,0.96802,0.00534,1,1,0.02929,-0.01286,0.61921,0.61799,0.55596,24.95698,1,-0.03069,0.01177,0.96802,0.00529,1,1,participant_26,question_4,Timer-Correct,True,Other
0.0,0,20,1,-0.03708,0.00908,0,0.30937,0.06389,0.43506,14892,4509.32959,0,-0.03648,0.00887,-0.03016,-0.01106,0.58044,0.35691,0.55156,26.88064,1,-0.05159,-0.00999,0.96802,0.00534,1,1,0.02929,-0.01286,0.61921,0.61808,0.55622,25.86397,1,-0.02256,0.02816,0.96802,0.00524,1,1,participant_26,question_4,Timer-Correct,True,Other
0.0,0,20,1,-0.03684,0.0082,0,0.30937,0.06389,0.43506,14892,4509.32959,0,-0.0366,0.00865,-0.03016,-0.01106,0.58044,0.35691,0.55156,26.88064,1,-0.04971,-0.0092,0.96802,0.00534,1,1,0.02929,-0.01286,0.61921,0.61806,0.55623,25.73242,1,-0.02397,0.0256,0.96802,0.00522,1,1,participant_26,question_4,Timer-Correct,True,Other
0.0,0,20,1,-0.03684,0.0082,0,0.30937,0.06389,0.02051,14893,4509.77148,1,-0.03666,0.00854,-0.03016,-0.0111,0.58044,0.35691,0.55156,26.87788,1,-0.04971,-0.0092,0.96802,0.00533,1,1,0.02929,-0.01286,0.61921,0.61808,0.55628,25.58806,1,-0.02397,0.0256,0.96802,0.00523,1,1,participant_26,question_4,Timer-Correct,True,Other
0.0,0,20,1,-0.03675,0.01146,0,0.30937,0.06389,0.02686,14893,4509.77148,1,-0.03668,0.00912,-0.03016,-0.0111,0.58044,0.35691,0.55157,26.84184,1,-0.05159,-0.00999,0.96802,0.00533,1,1,0.02929,-0.01286,0.61921,0.61807,0.5563,25.71312,1,-0.0219,0.03291,0.96802,0.00523,1,1,participant_26,question_4,Timer-Correct,True,Other
0.0,0,20,1,-0.03679,0.01182,0,0.30937,0.06389,0.03369,14893,4509.77148,1,-0.0367,0.00957,-0.03016,-0.0111,0.58044,0.35693,0.55158,26.78932,1,-0.05129,-0.01401,0.96802,0.00534,1,1,0.02929,-0.01286,0.61921,0.61808,0.5563,25.71366,1,-0.0223,0.03765,0.96802,0.00522,1,1,participant_26,question_4,Timer-Correct,True,Other
0.0,0,20,1,-0.03679,0.01182,0,0.30833,0.06481,0.04053,14893,4509.77148,1,-0.03671,0.00989,-0.03016,-0.0111,0.58044,0.35693,0.55158,26.78932,1,-0.05129,-0.01401,0.96802,0.00534,1,1,0.02929,-0.01286,0.61921,0.61808,0.5563,25.72363,1,-0.0223,0.03765,0.96802,0.00523,1,1,participant_26,question_4,Timer-Correct,True,Other
0.0,0,20,1,-0.04033,0.00966,0,0.30833,0.06481,0.04688,14893,4509.77148,1,-0.03716,0.00986,-0.03016,-0.0111,0.58044,0.35691,0.55157,26.84184,1,-0.05159,-0.00999,0.96802,0.00533,1,1,0.02929,-0.01286,0.61921,0.61808,0.55639,25.88655,1,-0.02907,0.02931,0.96802,0.00522,1,1,participant_26,question_4,Timer-Correct,True,Other
0.0,0,20,1,-0.02421,0.01361,0,0.30833,0.06481,0.0542,14893,4509.77148,1,-0.03572,0.01028,-0.03016,-0.0111,0.58044,0.35691,0.55157,26.84184,1,-0.05159,-0.00999,0.96802,0.00533,1,1,0.02929,-0.01286,0.61921,0.61809,0.55649,26.00835,1,0.00316,0.03722,0.96802,0.00521,1,1,participant_26,question_4,Timer-Correct,True,Other
0.0,0,20,1,-0.02421,0.01361,0,0.30833,0.06481,0.06104,14893,4509.77148,1,-0.03457,0.01061,-0.03108,-0.01136,0.59639,0.35691,0.55157,26.84184,1,-0.05159,-0.00999,0.96802,0.00533,1,1,0.02929,-0.01286,0.61921,0.61809,0.55649,26.00835,1,0.00316,0.03722,0.96802,0.00521,1,1,participant_26,question_4,Timer-Correct,True,Other
0.0,0,20,1,-0.0254,0.00964,0,0.30833,0.06481,0.06738,14893,4509.77148,1,-0.03374,0.01053,-0.03108,-0.01136,0.59639,0.35688,0.55158,26.92085,1,-0.05159,-0.00999,0.96802,0.00531,1,1,0.02929,-0.01286,0.61921,0.61806,0.55637,26.36203,1,0.00079,0.02928,0.96802,0.00519,1,1,participant_26,question_4,Timer-Correct,True,Other
0.0,0,20,1,-0.04141,-0.00478,0,0.30833,0.06481,0.07422,14893,4509.77148,1,-0.03438,0.00925,-0.03108,-0.01136,0.59639,0.35687,0.5515,27.08494,1,-0.05056,-0.02721,0.96802,0.00534,1,1,0.02929,-0.01286,0.61921,0.61807,0.55627,26.03436,1,-0.03226,0.01765,0.96802,0.00519,1,1,participant_26,question_4,Timer-Correct,True,Other
0.0,0,20,1,-0.04546,-0.01193,0,0.30833,0.06481,0.08105,14893,4509.77148,1,-0.03523,0.00762,-0.03173,-0.01162,0.60981,0.35688,0.55147,27.06114,1,-0.05523,-0.03427,0.97381,0.00533,1,1,0.02929,-0.01286,0.61921,0.61805,0.55619,25.63318,1,-0.0357,0.0104,0.97381,0.00523,1,1,participant_26,question_4,Timer-Correct,True,Other
0.0,0,20,1,0.01893,-0.02795,0,0.30833,0.06481,0.0874,14893,4509.77148,1,-0.03136,0.00508,-0.03173,-0.01162,0.60981,0.35801,0.55076,26.49952,1,0.0131,-0.00829,0.97959,0.00538,1,1,0.02929,-0.01286,0.61921,0.61919,0.5557,25.29246,1,0.02476,-0.04762,0.97959,0.00538,1,1,participant_26,question_4,Timer-Correct,True,Other
0.0,0,20,1,0.06126,-0.05946,0,0.30833,0.06481,0.09424,14893,4509.77148,1,-0.02519,0.00078,-0.03173,-0.01162,0.60981,0.35897,0.54993,25.91245,1,0.02847,-0.09064,0.98538,0.00543,1,1,0.02929,-0.01286,0.61921,0.6203,0.55516,25.63297,1,0.09405,-0.02827,0.98538,0.00533,1,1,participant_26,question_4,Timer-Correct,True,Other
0.0,0,20,1,0.05934,-0.06278,0,0.30833,0.06481,0.10107,14893,4509.77148,1,-0.01991,-0.0032,0.0,0.0,0.0,0.35963,0.54966,26.15844,1,0.0244,-0.09791,0.99117,0.00544,0,1,0.02924,-0.01248,0.60931,0.62083,0.55475,25.50712,1,0.09427,-0.02764,0.98488,0.00525,1,1,participant_26,question_4,Timer-Correct,True,Other
0.0,0,20,1,0.10078,-0.06921,0,0.30833,0.06481,0.10742,14893,4509.77148,1,-0.01281,-0.00708,0.0,0.0,0.0,0.36104,0.54934,26.32767,1,0.07421,-0.08108,0.98488,0.00543,0,1,0.02924,-0.01248,0.60931,0.6219,0.55442,25.19897,1,0.12736,-0.05734,0.9786,0.00526,1,1,participant_26,question_4,Timer-Correct,True,Other
0.0,0,20,1,0.10862,-0.02922,0,0.30833,0.06481,0.11377,14893,4509.77148,1,-0.00606,-0.00831,0.0,0.0,0.0,0.36145,0.54938,26.17383,1,0.1053,-0.00899,0.9786,0.00542,0,1,0.02924,-0.01248,0.60931,0.62221,0.55438,25.24348,1,0.11195,-0.04945,0.97231,0.00528,1,1,participant_26,question_4,Timer-Correct,True,Other
0.0,0,20,1,0.11055,-0.02554,0,0.30833,0.06481,0.12109,14893,4509.77148,1,8e-05,-0.00922,-0.03038,-0.01117,0.59599,0.36175,0.54925,25.83551,1,0.10915,-0.00163,0.97231,0.00548,1,1,0.03015,-0.01281,0.62542,0.62249,0.55421,24.89185,1,0.11195,-0.04945,0.97231,0.00523,1,1,participant_26,question_4,Timer-Correct,True,Other
0.0,0,20,1,0.09642,-0.05249,0,0.30833,0.06481,0.12109,14893,4509.77148,0,0.03293,-0.02554,-0.03038,-0.01117,0.59599,0.36157,0.54921,26.33724,1,0.09256,-0.02464,0.97231,0.0054,1,1,0.03015,-0.01281,0.62542,0.62246,0.55416,25.01833,1,0.10028,-0.08034,0.9786,0.00522,1,1,participant_26,question_4,Timer-Correct,True,Other
0.0,0,20,1,0.10074,-0.05198,0,0.30729,0.06481,0.12109,14893,4509.77148,0,0.06684,-0.03876,-0.03038,-0.01117,0.59599,0.36168,0.54928,26.07071,1,0.09812,-0.0235,0.9786,0.00538,1,1,0.03015,-0.01281,0.62542,0.62248,0.55418,24.95701,1,0.10337,-0.08047,0.98488,0.00521,1,1,participant_26,question_4,Timer-Correct,True,Other
0.0,0,20,1,0.09405,-0.06781,0,0.30729,0.06481,0.12109,14893,4509.77148,0,0.07591,-0.04844,-0.03147,-0.01151,0.61631,0.36164,0.54916,25.73434,1,0.09022,-0.03856,0.99128,0.00541,1,1,0.03,-0.01269,0.62223,0.6225,0.5542,24.96951,1,0.09788,-0.09706,0.99756,0.0052,1,1,participant_26,question_4,Timer-Correct,True,Other
0.0,0,20,1,0.08664,-0.09006,0,0.30729,0.06481,0.02002,14894,4509.89941,1,0.07859,-0.05885,-0.03147,-0.01151,0.61631,0.36166,0.5492,25.85781,1,0.07822,-0.06411,1.00396,0.00539,1,1,0.03,-0.01269,0.62223,0.62255,0.55426,25.12896,1,0.09506,-0.11602,1.00396,0.00522,1,1,participant_26,question_4,Timer-Correct,True,Other
0.0,0,20,1,0.08449,-0.0956,0,0.30729,0.06481,0.02637,14894,4509.89941,1,0.07977,-0.0662,-0.03147,-0.01151,0.61631,0.36161,0.54919,25.88904,1,0.07037,-0.0735,1.01036,0.00542,1,1,0.03,-0.01269,0.62223,0.62253,0.55427,25.14308,1,0.09861,-0.11769,1.01036,0.0052,1,1,participant_26,question_4,Timer-Correct,True,Other
0.0,0,20,1,0.08109,-0.10364,0,0.30729,0.06481,0.03369,14894,4509.89941,1,0.07999,-0.07244,-0.03147,-0.01151,0.61631,0.36158,0.54925,25.99382,1,0.0663,-0.0812,1.01675,0.00539,1,1,0.03,-0.01269,0.62223,0.62254,0.55426,24.97747,1,0.09588,-0.12609,1.01675,0.00521,1,1,participant_26,question_4,Timer-Correct,True,Other
0.0,0,20,1,0.08233,-0.0948,0,0.30729,0.06481,0.04004,14894,4509.89941,1,0.08033,-0.07563,-0.03147,-0.01151,0.61631,0.36157,0.54928,26.039,1,0.06456,-0.07247,1.01675,0.00539,1,1,0.03,-0.01269,0.62223,0.6226,0.55428,25.14701,1,0.10011,-0.11712,1.01675,0.00521,1,1,participant_26,question_4,Timer-Correct,True,Other
0.0,0,20,1,0.08536,-0.08858,0,0.30729,0.06481,0.04688,14894,4509.89941,1,0.08096,-0.07725,-0.03147,-0.01151,0.61631,0.36159,0.54929,25.9691,1,0.06545,-0.0671,1.01675,0.00539,1,1,0.03,-0.01269,0.62223,0.62264,0.55428,24.85848,1,0.10527,-0.11005,1.01675,0.00525,1,1,participant_26,question_4,Timer-Correct,True,Other
0.0,0,20,1,0.08667,-0.0845,0,0.30729,0.06481,0.05371,14894,4509.89941,1,0.08159,-0.07806,-0.03147,-0.01156,0.61631,0.36167,0.54942,26.38755,1,0.06545,-0.0671,1.01675,0.00534,1,1,0.02924,-0.01235,0.6055,0.62266,0.55431,24.95199,1,0.10789,-0.10191,1.01047,0.00525,1,1,participant_26,question_4,Timer-Correct,True,Other
0.0,0,20,1,0.08784,-0.09727,0,0.30729,0.06481,0.06006,14894,4509.89941,1,0.08222,-0.07998,-0.03147,-0.01156,0.61631,0.36156,0.54941,26.14513,1,0.06453,-0.10565,1.01047,0.00536,1,1,0.02924,-0.01235,0.6055,0.62268,0.5544,25.09984,1,0.11115,-0.08889,1.00418,0.00523,1,1,participant_26,question_4,Timer-Correct,True,Other
0.0,0,20,1,0.09347,-0.07901,0,0.30729,0.06481,0.06689,14894,4509.89941,1,0.08324,-0.07989,-0.03147,-0.01156,0.61631,0.36155,0.54943,26.14335,1,0.07149,-0.08445,1.00418,0.00537,1,1,0.02924,-0.01235,0.6055,0.6227,0.55442,25.05811,1,0.11545,-0.07358,0.99789,0.00522,1,1,participant_26,question_4,Timer-Correct,True,Other
0.0,0,20,1,0.10317,-0.05592,0,0.30729,0.06481,0.07324,14894,4509.89941,1,0.0849,-0.07789,-0.03031,-0.01113,0.59375,0.36156,0.5495,26.29454,1,0.08327,-0.06191,0.98571,0.00536,1,1,0.02924,-0.0124,0.6055,0.62272,0.55444,25.19869,1,0.12307,-0.04993,0.97942,0.00523,1,1,participant_26,question_4,Timer-Correct,True,Other
0.0,0,20,1,0.1053,-0.06383,0,0.30729,0.06481,0.08008,14894,4509.89941,1,0.08647,-0.07681,-0.03031,-0.01113,0.59375,0.36153,0.54948,26.04526,1,0.08389,-0.08708,0.96724,0.00536,1,1,0.02924,-0.0124,0.6055,0.62274,0.55446,25.15521,1,0.12672,-0.04058,0.96724,0.00523,1,1,participant_26,question_4,Timer-Correct,True,Other
0.0,0,20,1,0.11652,-0.04212,0,0.30729,0.06481,0.08643,14894,4509.89941,1,0.08862,-0.07433,-0.03031,-0.01113,0.59375,0.36154,0.54958,25.94406,1,0.09685,-0.06361,0.95506,0.00536,1,1,0.02924,-0.0124,0.6055,0.62276,0.55443,24.97806,1,0.1362,-0.02062,0.95506,0.00525,1,1,participant_26,question_4,Timer-Correct,True,Other
0.0,0,20,1,0.1229,-0.02667,0,0.30729,0.06481,0.09326,14894,4509.89941,1,0.0909,-0.07115,-0.03017,-0.01112,0.59082,0.36155,0.54962,26.05714,1,0.10464,-0.04828,0.94287,0.00535,1,1,0.02924,-0.0124,0.6055,0.62275,0.55447,24.99216,1,0.14115,-0.00505,0.94287,0.00525,1,1,participant_26,question_4,Timer-Correct,True,Other
0.0,0,20,1,0.12586,-0.01717,0,0.30729,0.06481,0.1001,14894,4509.89941,1,0.09309,-0.06778,-0.03017,-0.01112,0.59082,0.36152,0.54957,25.89947,1,0.10504,-0.04315,0.94287,0.00536,1,1,0.02924,-0.0124,0.6055,0.62276,0.55456,25.65752,1,0.14668,0.00881,0.94287,0.0052,1,1,participant_26,question_4,Timer-Correct,True,Other
0.0,0,20,1,0.12852,-0.01055,0,0.30729,0.06481,0.10693,14894,4509.89941,1,0.09517,-0.06441,-0.03017,-0.01112,0.59082,0.36154,0.54968,26.1907,1,0.10715,-0.03399,0.94287,0.00535,1,1,0.02924,-0.0124,0.6055,0.62282,0.55465,25.47566,1,0.14989,0.01288,0.94287,0.00524,1,1,participant_26,question_4,Timer-Correct,True,Other
0.0,0,20,1,0.12852,-0.01055,0,0.30729,0.06481,0.11377,14894,4509.89941,1,0.09702,-0.06142,-0.03008,-0.01114,0.58922,0.36154,0.54957,25.87824,1,0.10715,-0.03399,0.94287,0.00537,1,1,0.02924,-0.01244,0.6055,0.62283,0.55476,25.44297,1,0.14989,0.01288,0.94287,0.00524,1,1,participant_26,question_4,Timer-Correct,True,Other
0.0,0,20,1,0.12987,-0.0083,0,0.30729,0.06481,0.12012,14894,4509.89941,1,0.09875,-0.05863,-0.03008,-0.01114,0.58922,0.36158,0.54963,25.67972,1,0.10632,-0.03632,0.94287,0.00541,1,1,0.02924,-0.01244,0.6055,0.62281,0.55472,25.34835,1,0.15342,0.01972,0.94287,0.00524,1,1,participant_26,question_4,Timer-Correct,True,Other
0.0,0,20,1,0.13511,-0.00261,0,0.30677,0.06481,0.12695,14894,4509.89941,1,0.10057,-0.05583,-0.03008,-0.01114,0.58922,0.36163,0.54969,25.86998,1,0.11226,-0.03096,0.94287,0.0054,1,1,0.02924,-0.01244,0.6055,0.62286,0.55475,25.27354,1,0.15796,0.02574,0.94287,0.00523,1,1,participant_26,question_4,Timer-Correct,True,Other
0.0,0,20,1,0.13217,-0.00979,0,0.30677,0.06481,0.13379,14894,4509.89941,1,0.10207,-0.05363,-0.03038,-0.01126,0.59598,0.36166,0.5497,25.87715,1,0.10861,-0.03812,0.94866,0.0054,1,1,0.02945,-0.0125,0.60814,0.62292,0.55479,25.21001,1,0.15572,0.01855,0.94866,0.00527,1,1,participant_26,question_4,Timer-Correct,True,Other
0.0,0,20,1,0.1189,-0.0237,0,0.30677,0.06481,0.13379,14894,4509.89941,0,0.12003,-0.02918,-0.03038,-0.01126,0.59598,0.3617,0.54978,25.98504,1,0.1059,-0.04902,0.95445,0.00539,1,1,0.02945,-0.0125,0.60814,0.62299,0.55485,25.46493,1,0.13191,0.00163,0.95445,0.00522,1,1,participant_26,question_4,Timer-Correct,True,Other
0.0,0,20,1,0.11612,-0.03005,0,0.30677,0.06481,0.13379,14894,4509.89941,0,0.11807,-0.02962,-0.03038,-0.01126,0.59598,0.36172,0.54971,25.83907,1,0.10069,-0.06163,0.96024,0.0054,1,1,0.02945,-0.0125,0.60814,0.62299,0.55485,25.46493,1,0.13155,0.00153,0.96024,0.00522,1,1,participant_26,question_4,Timer-Correct,True,Other
0.0,0,20,1,0.1131,-0.03729,0,0.30677,0.06481,0.13379,14894,4509.89941,0,0.11641,-0.03217,-0.03038,-0.01126,0.59598,0.3617,0.54978,25.98504,1,0.09703,-0.06886,0.96602,0.00539,1,1,0.02945,-0.0125,0.60814,0.62303,0.55492,25.6337,1,0.12917,-0.00571,0.96602,0.00521,1,1,participant_26,question_4,Timer-Correct,True,Other
0.0,0,20,1,0.11842,-0.03394,0,0.30573,0.06574,0.01953,14895,4510.04004,1,0.11692,-0.03262,-0.03038,-0.01126,0.59598,0.3617,0.54978,25.98504,1,0.10829,-0.07106,0.96602,0.00539,1,1,0.02945,-0.0125,0.60814,0.62307,0.55492,25.6573,1,0.12856,0.00317,0.96602,0.00518,1,1,participant_26,question_4,Timer-Correct,True,Other
0.0,0,20,1,0.11969,-0.03648,0,0.30573,0.06574,0.02637,14895,4510.04004,1,0.11747,-0.03339,-0.03038,-0.01126,0.59598,0.36171,0.54976,26.00975,1,0.10497,-0.06685,0.96602,0.00541,1,1,0.02945,-0.0125,0.60814,0.62309,0.55491,25.62892,1,0.13441,-0.00611,0.96602,0.00517,1,1,participant_26,question_4,Timer-Correct,True,Other
0.0,0,20,1,0.11969,-0.03648,0,0.30573,0.06574,0.03271,14895,4510.04004,1,0.11784,-0.0339,-0.03038,-0.01126,0.59598,0.3617,0.54971,25.86164,1,0.10497,-0.06685,0.96602,0.00543,1,1,0.02945,-0.0125,0.60814,0.62314,0.55492,25.49989,1,0.13441,-0.00611,0.96602,0.00521,1,1,participant_26,question_4,Timer-Correct,True,Other
0.0,0,20,1,0.12575,-0.02954,0,0.30573,0.06574,0.03955,14895,4510.04004,1,0.11897,-0.03328,-0.03038,-0.01126,0.59598,0.36186,0.54994,26.47836,1,0.11096,-0.06245,0.96602,0.00536,1,1,0.02945,-0.0125,0.60814,0.6232,0.5549,25.45886,1,0.14054,0.00337,0.96602,0.00523,1,1,participant_26,question_4,Timer-Correct,True,Other
0.0,0,20,1,0.12468,-0.02578,0,0.30573,0.06574,0.04639,14895,4510.04004,1,0.11968,-0.03234,-0.03038,-0.01126,0.59598,0.36187,0.54996,26.58298,1,0.11167,-0.05526,0.96602,0.00535,1,1,0.02945,-0.0125,0.60814,0.62318,0.55492,25.44479,1,0.13769,0.00369,0.96602,0.00522,1,1,participant_26,question_4,Timer-Correct,True,Other
0.0,0,20,1,0.12468,-0.02578,0,0.30521,0.06667,0.05322,14895,4510.04004,1,0.12024,-0.03161,-0.03038,-0.01131,0.59598,0.36187,0.54996,26.53778,1,0.11167,-0.05526,0.96602,0.00536,1,1,0.02945,-0.0125,0.60814,0.62316,0.55494,25.37832,1,0.13769,0.00369,0.96602,0.00525,1,1,participant_26,question_4,Timer-Correct,True,Other
0.0,0,20,1,0.12679,-0.02716,0,0.30521,0.06667,0.06006,14895,4510.04004,1,0.12089,-0.03117,-0.03038,-0.01131,0.59598,0.36186,0.54996,26.55999,1,0.11111,-0.06154,0.96602,0.00535,1,1,0.02945,-0.0125,0.60814,0.62319,0.55497,25.31924,1,0.14247,0.00723,0.96602,0.00524,1,1,participant_26,question_4,Timer-Correct,True,Other
0.0,0,20,1,0.12636,-0.02263,0,0.30521,0.06667,0.06641,14895,4510.04004,1,0.12139,-0.03039,-0.03038,-0.01131,0.59598,0.36187,0.54996,26.58298,1,0.11167,-0.05526,0.96602,0.00535,1,1,0.02945,-0.0125,0.60814,0.62319,0.55494,25.36129,1,0.14104,0.01,0.96602,0.00524,1,1,participant_26,question_4,Timer-Correct,True,Other
0.0,0,20,1,0.12636,-0.02263,0,0.30521,0.06667,0.07324,14895,4510.04004,1,0.12181,-0.02975,-0.03038,-0.01126,0.59598,0.36187,0.54996,26.58298,1,0.11167,-0.05526,0.96602,0.00535,1,1,0.02945,-0.0125,0.60814,0.62318,0.5549,25.46296,1,0.14104,0.01,0.96602,0.00523,1,1,participant_26,question_4,Timer-Correct,True,Other
0.0,0,20,1,0.12094,-0.03841,0,0.30469,0.06759,0.07959,14895,4510.04004,1,0.12174,-0.03041,-0.03038,-0.01126,0.59598,0.36185,0.54992,26.55107,1,0.10462,-0.07295,0.96602,0.00535,1,1,0.02945,-0.0125,0.60814,0.62319,0.55491,25.48857,1,0.13727,-0.00387,0.96602,0.00523,1,1,participant_26,question_4,Timer-Correct,True,Other
0.0,0,20,1,0.12062,-0.03563,0,0.30469,0.06759,0.08643,14895,4510.04004,1,0.12166,-0.03079,-0.03038,-0.01126,0.59598,0.3618,0.54981,25.96016,1,0.10734,-0.06432,0.96602,0.0054,1,1,0.02945,-0.0125,0.60814,0.62315,0.55485,25.64972,1,0.1339,-0.00693,0.96602,0.0052,1,1,participant_26,question_4,Timer-Correct,True,Other
0.0,0,20,1,0.12062,-0.03563,0,0.30469,0.06759,0.09326,14895,4510.04004,1,0.12159,-0.03111,-0.03038,-0.01126,0.59598,0.3618,0.54981,25.96016,1,0.10734,-0.06432,0.96602,0.0054,1,1,0.02945,-0.0125,0.60814,0.62309,0.55485,25.73631,1,0.1339,-0.00693,0.96602,0.00519,1,1,participant_26,question_4,Timer-Correct,True,Other
0.0,0,20,1,0.1145,-0.03705,0,0.30469,0.06759,0.1001,14895,4510.04004,1,0.12115,-0.03148,-0.03038,-0.01126,0.59598,0.3617,0.54973,25.8343,1,0.10195,-0.06352,0.96602,0.0054,1,1,0.02945,-0.0125,0.60814,0.62301,0.55482,25.6001,1,0.12704,-0.01058,0.96602,0.00522,1,1,participant_26,question_4,Timer-Correct,True,Other
0.0,0,20,1,0.12363,-0.02964,0,0.30469,0.06759,0.10693,14895,4510.04004,1,0.12129,-0.03137,-0.03038,-0.01126,0.59598,0.3617,0.54978,25.98504,1,0.09709,-0.0494,0.96602,0.00539,1,1,0.02945,-0.0125,0.60814,0.62294,0.55474,25.41455,1,0.15016,-0.00989,0.96602,0.00526,1,1,participant_26,question_4,Timer-Correct,True,Other
0.0,0,20,1,0.12363,-0.02964,0,0.30365,0.06759,0.11328,14895,4510.04004,1,0.12142,-0.03128,-0.03038,-0.01131,0.59598,0.36166,0.54976,25.90352,1,0.09709,-0.0494,0.96602,0.00541,1,1,0.02924,-0.01244,0.6055,0.62291,0.55473,25.32962,1,0.15016,-0.00989,0.96602,0.00528,1,1,participant_26,question_4,Timer-Correct,True,Other
0.0,0,20,1,0.11649,-0.02747,0,0.30365,0.06759,0.12012,14895,4510.04004,1,0.12116,-0.03108,-0.03038,-0.01131,0.59598,0.36162,0.54977,25.95937,1,0.09228,-0.04789,0.96602,0.0054,1,1,0.02924,-0.01244,0.6055,0.62287,0.55478,25.21586,1,0.1407,-0.00706,0.96602,0.00529,1,1,participant_26,question_4,Timer-Correct,True,Other
0.0,0,20,1,0.11773,-0.02876,0,0.30365,0.06759,0.12646,14895,4510.04004,1,0.12099,-0.03096,-0.03038,-0.01131,0.59598,0.36169,0.5499,26.53073,1,0.09036,-0.04641,0.96602,0.00536,1,1,0.02924,-0.01244,0.6055,0.62289,0.55473,25.31032,1,0.14509,-0.01111,0.96602,0.00529,1,1,participant_26,question_4,Timer-Correct,True,Other
0.0,0,20,1,0.11442,-0.03669,0,0.30365,0.06759,0.1333,14895,4510.04004,1,0.12068,-0.03123,-0.03147,-0.01169,0.6163,0.36154,0.54992,26.41351,1,0.08626,-0.05426,0.97242,0.00538,1,1,0.02924,-0.0124,0.6055,0.62285,0.55469,25.18529,1,0.14258,-0.01912,0.97242,0.00526,1,1,participant_26,question_4,Timer-Correct,True,Other
0.0,0,20,1,0.11401,-0.04354,0,0.30365,0.06759,0.14014,14895,4510.04004,1,0.12037,-0.03179,-0.03147,-0.01169,0.6163,0.36143,0.54998,26.3012,1,0.1039,-0.06629,0.97881,0.0054,1,1,0.02924,-0.0124,0.6055,0.62268,0.55468,25.37842,1,0.12411,-0.02078,0.97881,0.00525,1,1,participant_26,question_4,Timer-Correct,True,Other
0.0,0,20,1,0.11047,-0.05135,0,0.30312,0.06759,0.14795,14895,4510.04004,1,0.11994,-0.03264,-0.03147,-0.01169,0.6163,0.36145,0.54997,26.23438,1,0.09855,-0.06521,0.98521,0.00543,1,1,0.02924,-0.0124,0.6055,0.62268,0.55477,25.34954,1,0.12238,-0.03749,0.98521,0.00526,1,1,participant_26,question_4,Timer-Correct,True,Other
0.0,0,20,1,0.11215,-0.04813,0,0.30312,0.06759,0.15332,14895,4510.04004,1,0.11962,-0.03329,-0.03069,-0.01137,0.59932,0.3614,0.55008,26.45009,1,0.10213,-0.05814,0.97942,0.0054,1,1,0.03015,-0.01281,0.62542,0.62261,0.55472,25.54462,1,0.12218,-0.03812,0.98571,0.0053,1,1,participant_26,question_4,Timer-Correct,True,Other
0.0,0,20,1,0.11975,-0.03386,0,0.30312,0.06759,0.16016,14895,4510.04004,1,0.11962,-0.03331,-0.03069,-0.01137,0.59932,0.36136,0.55015,26.55016,1,0.12635,-0.04427,0.97353,0.00537,1,1,0.03015,-0.01281,0.62542,0.62254,0.55474,25.45579,1,0.11316,-0.02345,0.97981,0.00529,1,1,participant_26,question_4,Timer-Correct,True,Other
0.0,0,20,1,0.12111,-0.02466,0,0.30312,0.06759,0.16699,14895,4510.04004,1,0.11968,-0.03298,-0.03069,-0.01137,0.59932,0.36132,0.55013,26.58095,1,0.12813,-0.02769,0.96763,0.0054,1,1,0.03015,-0.01281,0.62542,0.62253,0.55471,25.23569,1,0.11409,-0.02163,0.97392,0.00528,1,1,participant_26,question_4,Timer-Correct,True,Other
0.0,0,20,1,0.12411,-0.01741,0,0.30312,0.06759,0.1748,14895,4510.04004,1,0.11985,-0.0324,-0.03069,-0.01137,0.59932,0.36132,0.55012,26.57239,1,0.13163,-0.02061,0.96173,0.0054,1,1,0.03,-0.01279,0.62223,0.62253,0.55486,25.68364,1,0.11659,-0.0142,0.96802,0.00525,1,1,participant_26,question_4,Timer-Correct,True,Other
0.0,0,20,1,0.12001,-0.0173,0,0.30312,0.06759,0.18018,14895,4510.04004,1,0.11985,-0.03186,-0.03069,-0.01137,0.59932,0.36131,0.55008,26.45749,1,0.12214,-0.03393,0.96802,0.00541,1,1,0.03,-0.01279,0.62223,0.62246,0.55495,25.96153,1,0.11788,-0.00067,0.96802,0.00524,1,1,participant_26,question_4,Timer-Correct,True,Other
0.0,0,20,1,0.12068,-0.01767,0,0.30312,0.06759,0.1875,14895,4510.04004,1,0.11988,-0.03137,-0.03069,-0.01137,0.59932,0.3613,0.55014,26.54264,1,0.12143,-0.03181,0.96802,0.00543,1,1,0.03,-0.01279,0.62223,0.62249,0.55485,25.69263,1,0.11993,-0.00354,0.96802,0.00525,1,1,participant_26,question_4,Timer-Correct,True,Other
0.0,0,20,1,0.122,-0.01375,0,0.30312,0.06759,0.19482,14895,4510.04004,1,0.11995,-0.03078,-0.03069,-0.01137,0.59932,0.3613,0.55014,26.54264,1,0.12143,-0.03181,0.96802,0.00543,1,1,0.02924,-0.01248,0.60738,0.62249,0.55485,25.69263,1,0.12257,0.0043,0.96173,0.00525,1,1,participant_26,question_4,Timer-Correct,True,Other
0.0,0,20,1,0.13963,0.00192,0,0.30312,0.06759,0.20068,14895,4510.04004,1,0.12059,-0.02973,-0.03069,-0.01137,0.59932,0.36128,0.55009,26.42519,1,0.12574,-0.0167,0.96173,0.00543,1,1,0.02924,-0.01248,0.60738,0.62249,0.55483,25.59961,1,0.15352,0.02054,0.95545,0.00526,1,1,participant_26,question_4,Timer-Correct,True,Other
0.0,0,20,1,0.14212,0.00702,0,0.3026,0.06852,0.20703,14895,4510.04004,1,0.12126,-0.02858,-0.03069,-0.01137,0.59932,0.36128,0.55009,26.42519,1,0.13032,-0.01302,0.95545,0.00543,1,1,0.02924,-0.01248,0.60738,0.62248,0.55496,25.64656,1,0.15392,0.02705,0.94916,0.00526,1,1,participant_26,question_4,Timer-Correct,True,Other
0.0,0,20,1,0.14522,0.01467,0,0.3026,0.06852,0.21387,14895,4510.04004,1,0.12199,-0.02727,-0.03069,-0.01137,0.59932,0.36129,0.55011,26.37405,1,0.13408,-0.00547,0.94916,0.00544,1,1,0.02924,-0.01248,0.60738,0.62248,0.55492,25.76502,1,0.15637,0.0348,0.94287,0.00526,1,1,participant_26,question_4,Timer-Correct,True,Other
0.0,0,20,1,0.13419,0.01772,0,0.3026,0.06852,0.2207,14895,4510.04004,1,0.12234,-0.02595,-0.03069,-0.01137,0.59932,0.36128,0.55009,26.42519,1,0.13862,0.00595,0.94287,0.00543,1,1,0.02924,-0.01248,0.60738,0.6225,0.55484,25.57608,1,0.12975,0.0295,0.94287,0.00526,1,1,participant_26,question_4,Timer-Correct,True,Other
0.0,0,20,1,0.13935,0.02635,0,0.3026,0.06852,0.22754,14895,4510.04004,1,0.12283,-0.02445,-0.03069,-0.01137,0.59932,0.36132,0.55013,26.33682,1,0.14652,0.01481,0.94287,0.00541,1,1,0.02924,-0.01248,0.60738,0.62247,0.5549,25.79473,1,0.13219,0.03788,0.94287,0.00528,1,1,participant_26,question_4,Timer-Correct,True,Question
0.0,0,20,1,0.13804,0.02247,0,0.3026,0.06852,0.23438,14895,4510.04004,1,0.12325,-0.02315,-0.03069,-0.01142,0.59932,0.36132,0.55013,26.33682,1,0.14652,0.01481,0.94287,0.00541,1,1,0.03,-0.01279,0.62223,0.62251,0.55501,25.76592,1,0.12957,0.03012,0.94916,0.00527,1,1,participant_26,question_4,Timer-Correct,True,Other
0.0,0,20,1,0.12462,0.00978,0,0.30208,0.06852,0.2417,14895,4510.04004,1,0.12329,-0.02226,-0.03069,-0.01142,0.59932,0.36143,0.55016,26.42608,1,0.12105,-0.00029,0.94916,0.0054,1,1,0.03,-0.01279,0.62223,0.62254,0.55501,25.77856,1,0.12819,0.01985,0.95545,0.00527,1,1,participant_26,question_4,Timer-Correct,True,Other
0.0,0,20,1,0.12601,0.01262,0,0.30208,0.06852,0.2417,14895,4510.04004,0,0.13133,0.00387,-0.03069,-0.01142,0.59932,0.36141,0.55016,26.42618,1,0.12041,-0.00118,0.95545,0.0054,1,1,0.03,-0.01279,0.62223,0.62261,0.55505,25.43735,1,0.13162,0.02641,0.96173,0.00528,1,1,participant_26,question_4,Timer-Correct,True,Other
0.0,0,20,1,0.11985,-0.00194,0,0.30208,0.06852,0.2417,14895,4510.04004,0,0.12559,0.00096,-0.0312,-0.01162,0.61011,0.3614,0.55029,26.70404,1,0.11303,-0.01554,0.96752,0.00537,1,1,0.03,-0.01288,0.62223,0.62259,0.55508,25.36157,1,0.12668,0.01166,0.97381,0.00528,1,1,participant_26,question_4,Timer-Correct,True,Other
0.0,0,20,1,0.11362,-0.0305,0,0.30208,0.06852,0.2417,14895,4510.04004,0,0.1216,-0.00952,-0.0312,-0.01162,0.61011,0.36142,0.55037,26.64128,1,0.10694,-0.02168,0.97959,0.0054,1,1,0.03,-0.01288,0.62223,0.62259,0.55504,25.2466,1,0.12029,-0.03932,0.97959,0.00529,1,1,participant_26,question_4,Timer-Correct,True,Other
0.0,0,20,1,0.10837,-0.06163,0,0.30156,0.06944,0.02002,14896,4510.28809,1,0.11829,-0.02255,-0.0312,-0.01162,0.61011,0.36143,0.55039,26.59991,1,0.10335,-0.03344,0.98538,0.00541,1,1,0.03,-0.01288,0.62223,0.62258,0.5551,25.36519,1,0.1134,-0.08982,0.98538,0.00527,1,1,participant_26,question_4,Timer-Correct,True,Other
0.0,0,20,1,0.1067,-0.06474,0,0.30156,0.06944,0.02637,14896,4510.28809,1,0.11598,-0.03099,-0.0312,-0.01162,0.61011,0.36142,0.55039,26.61841,1,0.0998,-0.04031,0.99117,0.0054,1,1,0.02924,-0.01253,0.6055,0.62264,0.55515,25.5481,1,0.11361,-0.08916,0.98488,0.00527,1,1,participant_26,question_4,Timer-Correct,True,Other
0.0,0,20,1,0.11053,-0.05052,0,0.30156,0.06944,0.0332,14896,4510.28809,1,0.11507,-0.03424,-0.0312,-0.01162,0.61011,0.36145,0.55047,26.46286,1,0.10648,-0.02431,0.98488,0.00542,1,1,0.02924,-0.01253,0.6055,0.62263,0.55524,25.57151,1,0.11457,-0.07674,0.9786,0.00528,1,1,participant_26,question_4,Timer-Correct,True,Other
0.0,0,20,1,0.11144,-0.06369,0,0.30156,0.06944,0.0415,14896,4510.28809,1,0.11455,-0.03845,-0.0312,-0.01162,0.61011,0.36144,0.55047,26.47671,1,0.10409,-0.06312,0.9786,0.00541,1,1,0.02924,-0.01253,0.6055,0.62264,0.55522,25.3747,1,0.11879,-0.06426,0.97231,0.00528,1,1,participant_26,question_4,Timer-Correct,True,Other
0.0,0,20,1,0.11338,-0.05984,0,0.30156,0.06944,0.04639,14896,4510.28809,1,0.1144,-0.04112,-0.0312,-0.01162,0.61011,0.36144,0.55049,26.43347,1,0.10796,-0.05541,0.97231,0.00541,1,1,0.03015,-0.01299,0.62542,0.6226,0.55531,25.37786,1,0.11879,-0.06426,0.97231,0.00528,1,1,participant_26,question_4,Timer-Correct,True,Other
0.0,0,20,1,0.11548,-0.05484,0,0.30156,0.06944,0.05322,14896,4510.28809,1,0.11452,-0.04265,-0.0312,-0.01162,0.61011,0.36145,0.5505,26.45093,1,0.11258,-0.04843,0.97231,0.00541,1,1,0.03015,-0.01299,0.62542,0.62261,0.55539,25.14206,1,0.11838,-0.06126,0.9786,0.00529,1,1,participant_26,question_4,Timer-Correct,True,Other
0.0,0,20,1,0.11162,-0.05924,0,0.30156,0.06944,0.06006,14896,4510.28809,1,0.11423,-0.04431,-0.0312,-0.01162,0.61011,0.36144,0.5505,26.4639,1,0.10892,-0.05817,0.9786,0.00541,1,1,0.03015,-0.01299,0.62542,0.62258,0.55541,25.15939,1,0.11433,-0.06031,0.98488,0.00527,1,1,participant_26,question_4,Timer-Correct,True,Other
0.0,0,20,1,0.10838,-0.06712,0,0.30156,0.06944,0.06641,14896,4510.28809,1,0.1137,-0.04638,-0.0312,-0.01162,0.61011,0.36145,0.55053,26.39382,1,0.10508,-0.06585,0.98488,0.00541,1,1,0.03015,-0.01299,0.62542,0.62258,0.55538,25.25394,1,0.11169,-0.06838,0.99117,0.00526,1,1,participant_26,question_4,Timer-Correct,True,Other
0.0,0,20,1,0.10364,-0.07454,0,0.30156,0.06944,0.07324,14896,4510.28809,1,0.11286,-0.04873,-0.0312,-0.01162,0.61011,0.36145,0.55053,26.39382,1,0.09624,-0.0764,0.99117,0.00541,1,1,0.03015,-0.01299,0.62542,0.62262,0.55541,25.12018,1,0.11104,-0.07267,0.99117,0.00529,1,1,participant_26,question_4,Timer-Correct,True,Other
0.0,0,20,1,0.10469,-0.07231,0,0.30156,0.06944,0.08008,14896,4510.28809,1,0.11223,-0.05054,-0.0312,-0.01162,0.61011,0.36144,0.55054,26.37967,1,0.09773,-0.0748,0.99117,0.00542,1,1,0.03015,-0.01299,0.62542,0.62256,0.55543,25.1396,1,0.11166,-0.06983,0.99117,0.00527,1,1,participant_26,question_4,Timer-Correct,True,Other
0.0,0,20,1,0.10469,-0.07231,0,0.30156,0.06944,0.08643,14896,4510.28809,1,0.1117,-0.0521,-0.0312,-0.01162,0.61011,0.36143,0.55054,26.37686,1,0.09773,-0.0748,0.99117,0.00542,1,1,0.03015,-0.01299,0.62542,0.62255,0.55544,25.10168,1,0.11166,-0.06983,0.99117,0.00528,1,1,participant_26,question_4,Timer-Correct,True,Other
0.0,0,20,1,0.09969,-0.07313,0,0.30156,0.06944,0.09326,14896,4510.28809,1,0.1109,-0.0535,-0.0312,-0.01162,0.61011,0.36143,0.55049,26.41841,1,0.09518,-0.0747,0.99117,0.00542,1,1,0.03015,-0.01299,0.62542,0.62247,0.55547,25.12279,1,0.10419,-0.07157,0.99117,0.00532,1,1,participant_26,question_4,Timer-Correct,True,Other
0.0,0,20,1,0.10133,-0.06871,0,0.30156,0.06944,0.1001,14896,4510.28809,1,0.1103,-0.05445,-0.0312,-0.01162,0.61011,0.36144,0.55048,26.39251,1,0.09723,-0.07316,0.99117,0.00542,1,1,0.03015,-0.01299,0.62542,0.62247,0.55547,25.12279,1,0.10544,-0.06427,0.99117,0.00533,1,1,participant_26,question_4,Timer-Correct,True,Other
0.0,0,20,1,0.10133,-0.06871,0,0.30156,0.06944,0.10693,14896,4510.28809,1,0.10977,-0.05529,-0.0312,-0.01162,0.61011,0.36144,0.55047,26.39713,1,0.09723,-0.07316,0.99117,0.00542,1,1,0.03015,-0.01299,0.62542,0.62249,0.55545,25.11492,1,0.10544,-0.06427,0.99117,0.00531,1,1,participant_26,question_4,Timer-Correct,True,Other
0.0,0,20,1,0.10161,-0.04895,0,0.30156,0.06944,0.11279,14896,4510.28809,1,0.10932,-0.05494,-0.0312,-0.01162,0.61011,0.36144,0.55046,26.40992,1,0.10072,-0.03036,0.99117,0.00542,1,1,0.03015,-0.01299,0.62542,0.62245,0.55549,25.09531,1,0.10251,-0.06754,0.99117,0.00532,1,1,participant_26,question_4,Timer-Correct,True,Other
0.0,0,20,1,0.10073,-0.05176,0,0.30156,0.06944,0.11914,14896,4510.28809,1,0.10887,-0.05477,-0.0312,-0.01162,0.61011,0.36144,0.55047,26.39713,1,0.09844,-0.03748,0.99117,0.00543,1,1,0.03015,-0.01299,0.62542,0.62244,0.55544,25.25002,1,0.10302,-0.06604,0.99117,0.00531,1,1,participant_26,question_4,Timer-Correct,True,Other
0.0,0,20,1,0.10073,-0.05176,0,0.30156,0.06944,0.12646,14896,4510.28809,1,0.10846,-0.05462,-0.0312,-0.01162,0.61011,0.36142,0.55043,26.50346,1,0.09844,-0.03748,0.99117,0.00542,1,1,0.03015,-0.01299,0.62542,0.62242,0.55542,25.31937,1,0.10302,-0.06604,0.99117,0.00531,1,1,participant_26,question_4,Timer-Correct,True,Other
0.0,0,20,1,0.11564,-0.05611,0,0.30156,0.06944,0.13428,14896,4510.28809,1,0.1088,-0.05469,-0.0312,-0.01162,0.61011,0.36143,0.55034,26.59857,1,0.1015,-0.03969,0.99117,0.00538,1,1,0.03015,-0.01299,0.62542,0.62239,0.55534,25.18184,1,0.12979,-0.07253,0.99117,0.00532,1,1,participant_26,question_4,Timer-Correct,True,Other
0.0,0,20,1,0.10916,-0.06036,0,0.30156,0.06944,0.13916,14896,4510.28809,1,0.10882,-0.05495,-0.0312,-0.01162,0.61011,0.36143,0.55034,26.59857,1,0.09633,-0.04471,0.99117,0.00538,1,1,0.03015,-0.01299,0.62542,0.62243,0.55538,25.12869,1,0.12198,-0.07601,0.99117,0.00533,1,1,participant_26,question_4,Timer-Correct,True,Other
0.0,0,20,1,0.10916,-0.06036,0,0.30156,0.06944,0.14648,14896,4510.28809,1,0.10883,-0.05518,-0.0312,-0.01162,0.61011,0.3614,0.55033,26.64535,1,0.09633,-0.04471,0.99117,0.00536,1,1,0.03015,-0.01299,0.62542,0.62243,0.55535,24.95506,1,0.12198,-0.07601,0.99117,0.00533,1,1,participant_26,question_4,Timer-Correct,True,Other
0.0,0,20,1,0.11044,-0.06367,0,0.30156,0.06944,0.15283,14896,4510.28809,1,0.1089,-0.05554,-0.0312,-0.01162,0.61011,0.36142,0.55033,26.67013,1,0.10109,-0.04515,0.99117,0.00538,1,1,0.03015,-0.01299,0.62542,0.62237,0.55529,25.11523,1,0.11979,-0.08219,0.99117,0.0053,1,1,participant_26,question_4,Timer-Correct,True,Other
0.0,0,20,1,0.10946,-0.06689,0,0.30156,0.06944,0.15967,14896,4510.28809,1,0.10892,-0.05599,-0.0312,-0.01162,0.61011,0.3614,0.55032,26.68009,1,0.0982,-0.04726,0.99117,0.00537,1,1,0.03015,-0.01299,0.62542,0.62238,0.55529,25.21107,1,0.12071,-0.08652,0.99117,0.00526,1,1,participant_26,question_4,Timer-Correct,True,Other
0.0,0,20,1,0.10946,-0.06689,0,0.30156,0.06944,0.16602,14896,4510.28809,1,0.10894,-0.05641,-0.03072,-0.0114,0.60088,0.36139,0.55019,26.405,1,0.0982,-0.04726,0.99117,0.00538,1,1,0.02959,-0.01279,0.61579,0.62234,0.55525,25.21484,1,0.12071,-0.08652,0.99117,0.00528,1,1,participant_26,question_4,Timer-Correct,True,Other
0.0,0,20,1,0.12426,-0.06601,0,0.30156,0.06944,0.17285,14896,4510.28809,1,0.10951,-0.05677,-0.03072,-0.0114,0.60088,0.36165,0.55013,26.54597,1,0.11266,-0.05134,0.99117,0.0054,1,1,0.02959,-0.01279,0.61579,0.62257,0.55517,25.00679,1,0.13586,-0.08069,0.99117,0.00529,1,1,participant_26,question_4,Timer-Correct,True,Other
0.0,0,20,1,0.11421,-0.06721,0,0.30156,0.06944,0.17969,14896,4510.28809,1,0.10968,-0.05714,-0.03072,-0.0114,0.60088,0.36182,0.55017,26.90397,1,0.10296,-0.05765,0.99117,0.00539,1,1,0.02959,-0.01279,0.61579,0.62278,0.55525,25.00213,1,0.12546,-0.07676,0.99117,0.0053,1,1,participant_26,question_4,Timer-Correct,True,Other
0.0,0,20,1,0.11097,-0.07519,0,0.30156,0.06944,0.18652,14896,4510.28809,1,0.10972,-0.05776,-0.03147,-0.01169,0.6163,0.36199,0.5501,26.20611,1,0.09906,-0.06537,0.99756,0.00544,1,1,0.03,-0.01288,0.62223,0.62283,0.55525,25.03702,1,0.12287,-0.08502,0.99756,0.00532,1,1,participant_26,question_4,Timer-Correct,True,Other
0.0,0,20,1,0.11316,-0.08788,0,0.30156,0.06944,0.19336,14896,4510.28809,1,0.10984,-0.05877,-0.03147,-0.01169,0.6163,0.36186,0.55,26.51077,1,0.0888,-0.07416,1.00396,0.00542,1,1,0.03,-0.01288,0.62223,0.62269,0.55519,25.24848,1,0.13751,-0.10161,1.00396,0.00529,1,1,participant_26,question_4,Timer-Correct,True,Other
0.0,0,20,1,0.10682,-0.09947,0,0.30156,0.06944,0.2002,14896,4510.28809,1,0.10974,-0.06008,-0.03147,-0.01169,0.6163,0.36182,0.54996,26.41455,1,0.07979,-0.08671,1.01036,0.00542,1,1,0.03,-0.01288,0.62223,0.62269,0.55517,25.28265,1,0.13385,-0.11224,1.01036,0.00528,1,1,participant_26,question_4,Timer-Correct,True,Other
0.0,0,20,1,0.10358,-0.10752,0,0.30156,0.06944,0.20703,14896,4510.28809,1,0.10955,-0.06156,-0.03147,-0.01169,0.6163,0.36187,0.54999,26.38747,1,0.07578,-0.09448,1.01675,0.00539,1,1,0.03,-0.01288,0.62223,0.62266,0.55512,25.10225,1,0.13137,-0.12056,1.01675,0.00529,1,1,participant_26,question_4,Timer-Correct,True,Other
0.0,0,20,1,0.10246,-0.09944,0,0.30156,0.06944,0.21387,14896,4510.28809,1,0.10933,-0.06271,-0.03147,-0.01169,0.6163,0.36182,0.54997,26.4344,1,0.07065,-0.09347,1.01675,0.00542,1,1,0.03,-0.01288,0.62223,0.62266,0.55512,25.10225,1,0.13427,-0.10541,1.01675,0.00529,1,1,participant_26,question_4,Timer-Correct,True,Other
0.0,0,20,1,0.10035,-0.10175,0,0.30156,0.06944,0.2207,14896,4510.28809,1,0.10907,-0.06386,-0.03147,-0.01169,0.6163,0.36179,0.54995,26.26464,1,0.07561,-0.08758,1.01675,0.00542,1,1,0.03,-0.01288,0.62223,0.62262,0.5551,25.13602,1,0.12509,-0.11592,1.01675,0.00529,1,1,participant_26,question_4,Timer-Correct,True,Other
0.0,0,20,1,0.10035,-0.10175,0,0.30156,0.06944,0.22754,14896,4510.28809,1,0.10882,-0.06494,-0.03147,-0.01169,0.6163,0.36182,0.54993,26.20392,1,0.07561,-0.08758,1.01675,0.00543,1,1,0.02959,-0.0127,0.61579,0.6226,0.55519,25.36621,1,0.12509,-0.11592,1.01675,0.00528,1,1,participant_26,question_4,Timer-Correct,True,Other
0.0,0,20,1,0.11079,-0.09905,0,0.30156,0.06944,0.23389,14896,4510.28809,1,0.10887,-0.06589,-0.03147,-0.01169,0.6163,0.36167,0.54999,26.21393,1,0.09858,-0.08659,1.01675,0.00543,1,1,0.02959,-0.0127,0.61579,0.62252,0.55533,25.49095,1,0.12299,-0.11151,1.01675,0.00527,1,1,participant_26,question_4,Timer-Correct,True,Other
0.0,0,20,1,0.10853,-0.10211,0,0.30104,0.06944,0.24023,14896,4510.28809,1,0.10886,-0.06687,-0.03147,-0.01169,0.6163,0.36163,0.55,26.21532,1,0.09792,-0.08968,1.01675,0.00545,1,1,0.02959,-0.0127,0.61579,0.6225,0.55533,25.51712,1,0.11914,-0.11455,1.01675,0.00525,1,1,participant_26,question_4,Timer-Correct,True,Other
0.0,0,20,1,0.11463,-0.08686,0,0.30104,0.06944,0.24707,14896,4510.28809,1,0.10902,-0.06739,-0.03069,-0.01137,0.59932,0.36164,0.54998,26.19425,1,0.10523,-0.07496,1.00457,0.00544,1,1,0.02959,-0.0127,0.61579,0.62249,0.55528,25.33532,1,0.12403,-0.09875,1.00457,0.00528,1,1,participant_26,question_4,Timer-Correct,True,Other
0.0,0,20,1,0.14048,-0.07531,0,0.30104,0.06944,0.25391,14896,4510.28809,1,0.10982,-0.0676,-0.03069,-0.01137,0.59932,0.36156,0.55009,26.39412,1,0.13216,-0.06678,0.99239,0.00544,1,1,0.02959,-0.0127,0.61579,0.62233,0.55529,25.2245,1,0.14879,-0.08384,0.99239,0.00531,1,1,participant_26,question_4,Timer-Correct,True,Other
0.0,0,20,1,0.14497,-0.05791,0,0.30104,0.06944,0.26074,14896,4510.28809,1,0.1107,-0.06735,-0.03069,-0.01137,0.59932,0.36153,0.55016,26.49352,1,0.14078,-0.04142,0.9802,0.00543,1,1,0.02959,-0.0127,0.61579,0.62229,0.55529,25.23608,1,0.14915,-0.07439,0.9802,0.00533,1,1,participant_26,question_4,Timer-Correct,True,Other
0.0,0,20,1,0.15197,-0.03862,0,0.30104,0.06944,0.26758,14896,4510.28809,1,0.11171,-0.06665,-0.03069,-0.01137,0.59932,0.36151,0.55017,26.47499,1,0.14774,-0.02683,0.96802,0.00545,1,1,0.02924,-0.01261,0.60931,0.62229,0.55529,25.23258,1,0.1562,-0.05041,0.96173,0.00533,1,1,participant_26,question_4,Timer-Correct,True,Other
0.0,0,20,1,0.14826,-0.02637,0,0.30052,0.07037,0.27393,14896,4510.28809,1,0.11258,-0.06569,-0.03069,-0.01137,0.59932,0.36139,0.55017,26.31989,1,0.1443,-0.01792,0.96173,0.00544,1,1,0.02924,-0.01261,0.60931,0.62227,0.55527,25.18305,1,0.15221,-0.03481,0.95545,0.00533,1,1,participant_26,question_4,Timer-Correct,True,Other
0.0,0,20,1,0.14965,-0.01578,0,0.30052,0.07037,0.28076,14896,4510.28809,1,0.11344,-0.06453,-0.03069,-0.01137,0.59932,0.36135,0.5501,26.12122,1,0.14342,-0.00057,0.95545,0.00544,1,1,0.02924,-0.01261,0.60931,0.62226,0.55527,25.18035,1,0.15588,-0.031,0.94916,0.00533,1,1,participant_26,question_4,Timer-Correct,True,Other
0.0,0,20,1,0.14989,-0.01516,0,0.30052,0.07037,0.2876,14896,4510.28809,1,0.11427,-0.06341,-0.0308,-0.0114,0.60058,0.36134,0.55006,26.04944,1,0.14371,3e-05,0.95495,0.00546,1,1,0.02924,-0.01261,0.60931,0.62223,0.55529,25.39103,1,0.15607,-0.03035,0.94866,0.00531,1,1,participant_26,question_4,Timer-Correct,True,Other
0.0,0,20,1,0.14636,-0.01224,0,0.30052,0.07037,0.29443,14896,4510.28809,1,0.11498,-0.06227,-0.0308,-0.0114,0.60058,0.36131,0.55007,26.01283,1,0.13928,0.00198,0.95445,0.0055,1,1,0.02924,-0.01261,0.60931,0.62221,0.55524,25.13649,1,0.15344,-0.02647,0.95445,0.00535,1,1,participant_26,question_4,Timer-Correct,True,Other
0.0,0,20,1,0.1386,-0.02247,0,0.3,0.07037,0.30078,14896,4510.28809,1,0.11549,-0.06141,-0.0308,-0.0114,0.60058,0.36126,0.5501,26.1476,1,0.1341,-0.00635,0.96024,0.00547,1,1,0.02924,-0.01261,0.60931,0.62213,0.55521,25.04957,1,0.1431,-0.0386,0.96024,0.00538,1,1,participant_26,question_4,Timer-Correct,True,Other
0.0,0,20,1,0.13258,-0.03757,0,0.3,0.07037,0.30713,14896,4510.28809,1,0.11586,-0.0609,-0.03209,-0.01186,0.62489,0.36124,0.55013,26.1833,1,0.1269,-0.02082,0.97242,0.00548,1,1,0.02924,-0.01261,0.60931,0.62207,0.55527,25.22433,1,0.13826,-0.05432,0.97242,0.00534,1,1,participant_26,question_4,Timer-Correct,True,Other
0.0,0,20,1,0.1216,-0.05186,0,0.3,0.07037,0.30713,14896,4510.28809,0,0.13729,-0.04519,-0.03209,-0.01186,0.62489,0.36122,0.55004,25.9434,1,0.11602,-0.03512,0.97881,0.0055,1,1,0.02924,-0.01261,0.60931,0.62199,0.55526,25.46185,1,0.12718,-0.0686,0.97881,0.00532,1,1,participant_26,question_4,Timer-Correct,True,Other
0.0,0,20,1,0.11811,-0.05398,0,0.3,0.07037,0.30713,14896,4510.28809,0,0.1277,-0.04958,-0.03209,-0.01186,0.62489,0.36118,0.55012,26.05963,1,0.10637,-0.04244,0.98521,0.00546,1,1,0.02924,-0.01261,0.60931,0.62199,0.55526,25.46185,1,0.12985,-0.06552,0.98521,0.00532,1,1,participant_26,question_4,Timer-Correct,True,Other
0.0,0,20,1,0.11361,-0.06597,0,0.3,0.07037,0.30713,14896,4510.28809,0,0.123,-0.05505,-0.03209,-0.01186,0.62489,0.36117,0.55018,26.19141,1,0.10247,-0.0501,0.99161,0.00545,1,1,0.02937,-0.01274,0.61304,0.62197,0.55529,25.3637,1,0.12474,-0.08185,0.99789,0.00534,1,1,participant_26,question_4,Timer-Correct,True,Other
0.0,0,20,1,0.10436,-0.07607,0,0.29896,0.07037,0.02051,14897,4510.60205,1,0.11834,-0.0603,-0.03209,-0.01186,0.62489,0.36104,0.55015,26.20439,1,0.09442,-0.0638,0.99789,0.00545,1,1,0.02937,-0.01274,0.61304,0.62195,0.55526,25.42494,1,0.11429,-0.08834,1.00418,0.00534,1,1,participant_26,question_4,Timer-Correct,True,Other
0.0,0,20,1,0.11547,-0.08395,0,0.29896,0.07037,0.02686,14897,4510.60205,1,0.11777,-0.06503,-0.03209,-0.01186,0.62489,0.36094,0.55012,26.05875,1,0.11955,-0.06677,1.00418,0.0055,1,1,0.02937,-0.01274,0.61304,0.62195,0.55525,25.46016,1,0.11139,-0.10113,1.01047,0.00533,1,1,participant_26,question_4,Timer-Correct,True,Other
0.0,0,20,1,0.11234,-0.09178,0,0.29896,0.07037,0.03369,14897,4510.60205,1,0.11686,-0.06949,-0.03209,-0.01186,0.62489,0.36087,0.55005,26.26208,1,0.11588,-0.0743,1.01047,0.00549,1,1,0.02937,-0.01274,0.61304,0.62193,0.55527,25.42598,1,0.1088,-0.10927,1.01675,0.00534,1,1,participant_26,question_4,Timer-Correct,True,Other
0.0,0,20,1,0.12013,-0.08638,0,0.29896,0.07037,0.04053,14897,4510.60205,1,0.11733,-0.0719,-0.03209,-0.01186,0.62489,0.36087,0.55008,26.22959,1,0.10863,-0.07734,1.01675,0.0055,1,1,0.02937,-0.01274,0.61304,0.62181,0.55529,25.44333,1,0.13162,-0.09542,1.01675,0.00537,1,1,participant_26,question_4,Timer-Correct,True,Other
0.0,0,20,1,0.1188,-0.0896,0,0.29896,0.07037,0.04736,14897,4510.60205,1,0.11751,-0.07412,-0.03209,-0.01186,0.62489,0.36086,0.55014,26.09116,1,0.10466,-0.07204,1.01675,0.00551,1,1,0.02937,-0.01274,0.61304,0.62181,0.55532,25.37493,1,0.13295,-0.10717,1.01675,0.00537,1,1,participant_26,question_4,Timer-Correct,True,Other
0.0,0,20,1,0.12193,-0.08168,0,0.29844,0.0713,0.0542,14897,4510.60205,1,0.118,-0.07496,-0.03137,-0.01162,0.61001,0.3609,0.55036,26.36898,1,0.10845,-0.06443,1.01036,0.00549,1,1,0.02937,-0.01274,0.61304,0.62178,0.55534,25.54153,1,0.13542,-0.09894,1.01036,0.00537,1,1,participant_26,question_4,Timer-Correct,True,Other
0.0,0,20,1,0.11947,-0.06702,0,0.29844,0.0713,0.06055,14897,4510.60205,1,0.11815,-0.07416,-0.03137,-0.01162,0.61001,0.3608,0.55031,26.67707,1,0.10758,-0.05206,1.00396,0.00545,1,1,0.02937,-0.01274,0.61304,0.62174,0.55534,25.30908,1,0.13136,-0.08199,1.00396,0.00538,1,1,participant_26,question_4,Timer-Correct,True,Other
0.0,0,20,1,0.12121,-0.05382,0,0.29844,0.0713,0.06738,14897,4510.60205,1,0.11843,-0.07231,-0.03137,-0.01162,0.61001,0.36083,0.55031,26.31009,1,0.11236,-0.03382,0.99756,0.00547,1,1,0.02937,-0.01274,0.61304,0.62172,0.55535,25.34006,1,0.13007,-0.07382,0.99756,0.00537,1,1,participant_26,question_4,Timer-Correct,True,Other
0.0,0,20,1,0.12438,-0.04598,0,0.29844,0.0713,0.07422,14897,4510.60205,1,0.11892,-0.07012,-0.03137,-0.01162,0.61001,0.36082,0.55039,26.24542,1,0.11616,-0.02632,0.99117,0.00547,1,1,0.02957,-0.01282,0.61917,0.62167,0.55535,25.40831,1,0.1326,-0.06564,0.99117,0.00539,1,1,participant_26,question_4,Timer-Correct,True,Other
0.0,0,20,1,0.14906,-0.04188,0,0.29792,0.0713,0.08105,14897,4510.60205,1,0.12124,-0.06795,-0.03137,-0.01162,0.61001,0.3607,0.55044,26.26453,1,0.14138,-0.02535,0.99117,0.00547,1,1,0.02957,-0.01282,0.61917,0.62164,0.55544,25.77917,1,0.15675,-0.05841,0.99117,0.00536,1,1,participant_26,question_4,Timer-Correct,True,Other
0.0,0,20,1,0.14123,-0.06968,0,0.29792,0.0713,0.0874,14897,4510.60205,1,0.12267,-0.06807,-0.03137,-0.01162,0.61001,0.36063,0.55038,26.3632,1,0.12902,-0.07319,0.99117,0.00545,1,1,0.02957,-0.01282,0.61917,0.62162,0.55545,25.76971,1,0.15344,-0.06618,0.99117,0.00535,1,1,participant_26,question_4,Timer-Correct,True,Other
0.0,0,20,1,0.1424,-0.06568,0,0.29792,0.0713,0.09424,14897,4510.60205,1,0.12399,-0.06791,-0.0314,-0.01164,0.60878,0.36059,0.55034,26.14223,1,0.12902,-0.07319,0.99117,0.00546,1,1,0.02884,-0.01252,0.60474,0.62161,0.55548,25.71581,1,0.15578,-0.05816,0.98488,0.00535,1,1,participant_26,question_4,Timer-Correct,True,Other
0.0,0,20,1,0.13634,-0.05307,0,0.29792,0.0713,0.10107,14897,4510.60205,1,0.12476,-0.06698,-0.0314,-0.01164,0.60878,0.3605,0.55047,26.30582,1,0.12189,-0.05976,0.98488,0.00547,1,1,0.02884,-0.01252,0.60474,0.62149,0.55552,25.70829,1,0.15079,-0.04637,0.9786,0.00536,1,1,participant_26,question_4,Timer-Correct,True,Other
0.0,0,20,1,0.13335,-0.04499,0,0.29792,0.0713,0.10791,14897,4510.60205,1,0.12526,-0.06569,-0.0314,-0.01164,0.60878,0.36046,0.55047,26.35052,1,0.11925,-0.04711,0.9786,0.00547,1,1,0.02884,-0.01252,0.60474,0.62144,0.55548,25.74882,1,0.14746,-0.04286,0.97231,0.00535,1,1,participant_26,question_4,Timer-Correct,True,Other
0.0,0,20,1,0.13645,-0.03718,0,0.29792,0.0713,0.11475,14897,4510.60205,1,0.12588,-0.06411,-0.0314,-0.0116,0.60878,0.36041,0.55033,25.93586,1,0.12301,-0.03951,0.97231,0.00551,1,1,0.02884,-0.01252,0.60474,0.6214,0.55531,25.35581,1,0.14989,-0.03484,0.96602,0.00537,1,1,participant_26,question_4,Timer-Correct,True,Other
0.0,0,20,1,0.13034,-0.03823,0,0.29792,0.0713,0.12109,14897,4510.60205,1,0.12612,-0.06274,-0.0314,-0.0116,0.60878,0.36032,0.55038,26.03205,1,0.1185,-0.03757,0.96602,0.00555,1,1,0.02884,-0.01252,0.60474,0.62131,0.55522,25.39552,1,0.14218,-0.03889,0.96602,0.0054,1,1,participant_26,question_4,Timer-Correct,True,Other
0.0,0,20,1,0.13928,-0.04161,0,0.29792,0.0713,0.12793,14897,4510.60205,1,0.12678,-0.06169,-0.0314,-0.0116,0.60878,0.36022,0.55032,25.7787,1,0.14175,-0.03668,0.96602,0.00554,1,1,0.02884,-0.01252,0.60474,0.62131,0.55517,25.31449,1,0.13681,-0.04654,0.96602,0.00541,1,1,participant_26,question_4,Timer-Correct,True,Other
0.0,0,20,1,0.13802,-0.04567,0,0.29792,0.0713,0.13428,14897,4510.60205,1,0.12731,-0.06092,-0.03114,-0.01147,0.602,0.36027,0.55051,26.41418,1,0.14175,-0.03668,0.96602,0.00549,1,1,0.02952,-0.01283,0.61998,0.6212,0.55525,25.36217,1,0.13428,-0.05465,0.97231,0.00541,1,1,participant_26,question_4,Timer-Correct,True,Other
0.0,0,20,1,0.13463,-0.05205,0,0.29792,0.0713,0.14111,14897,4510.60205,1,0.12764,-0.06052,-0.03114,-0.01147,0.602,0.36008,0.55045,26.11494,1,0.12375,-0.04329,0.97231,0.00553,1,1,0.02952,-0.01283,0.61998,0.621,0.55522,25.35524,1,0.14551,-0.06082,0.9786,0.00541,1,1,participant_26,question_4,Timer-Correct,True,Other
0.0,0,20,1,0.12512,-0.06558,0,0.29792,0.0713,0.14795,14897,4510.60205,1,0.12753,-0.06074,-0.03114,-0.01147,0.602,0.36001,0.55054,26.30732,1,0.11853,-0.05071,0.9786,0.0055,1,1,0.02952,-0.01283,0.61998,0.62091,0.55515,25.41533,1,0.13171,-0.08045,0.98488,0.00544,1,1,participant_26,question_4,Timer-Correct,True,Other
0.0,0,20,1,0.11878,-0.08154,0,0.29792,0.0713,0.15479,14897,4510.60205,1,0.12717,-0.06161,-0.03209,-0.0118,0.61941,0.35997,0.5505,26.21017,1,0.11093,-0.0661,0.99128,0.00552,1,1,0.02954,-0.01284,0.6224,0.6209,0.55516,25.45536,1,0.12663,-0.09698,0.99756,0.00543,1,1,participant_26,question_4,Timer-Correct,True,Other
0.0,0,20,1,0.12738,-0.05873,0,0.29792,0.0713,0.16113,14897,4510.60205,1,0.12718,-0.06149,-0.03209,-0.0118,0.61941,0.35985,0.55065,26.13949,1,0.1239,-0.06417,1.00396,0.0055,1,1,0.02954,-0.01284,0.6224,0.62088,0.55514,25.76583,1,0.13086,-0.05329,1.00396,0.0054,1,1,participant_26,question_4,Timer-Correct,True,Other
0.0,0,20,1,0.11355,-0.09354,0,0.29792,0.0713,0.16797,14897,4510.60205,1,0.12665,-0.06273,-0.03209,-0.0118,0.61941,0.35983,0.55064,26.15567,1,0.11027,-0.0781,1.01036,0.00551,1,1,0.02954,-0.01284,0.6224,0.62085,0.55515,25.79602,1,0.11684,-0.10897,1.01036,0.00537,1,1,participant_26,question_4,Timer-Correct,True,Other
0.0,0,20,1,0.11355,-0.09354,0,0.29792,0.0713,0.1748,14897,4510.60205,1,0.12617,-0.06387,-0.03177,-0.01171,0.61226,0.35975,0.5506,26.06351,1,0.11027,-0.0781,1.01036,0.00553,1,1,0.02954,-0.01284,0.6224,0.6208,0.55516,25.74573,1,0.11684,-0.10897,1.01036,0.00541,1,1,participant_26,question_4,Timer-Correct,True,Other
0.0,0,20,1,0.12877,-0.07019,0,0.29792,0.0713,0.18115,14897,4510.60205,1,0.12626,-0.06409,-0.03177,-0.01171,0.61226,0.35972,0.55053,26.31792,1,0.11069,-0.07241,1.00396,0.00552,1,1,0.02954,-0.01284,0.6224,0.62069,0.55514,25.85621,1,0.14684,-0.06796,1.00396,0.00544,1,1,participant_26,question_4,Timer-Correct,True,Other
0.0,0,20,1,0.13325,-0.04274,0,0.29792,0.0713,0.18799,14897,4510.60205,1,0.1265,-0.06336,-0.03177,-0.01171,0.61226,0.35968,0.5505,26.40639,1,0.11436,-0.07093,0.99756,0.00549,1,1,0.02954,-0.01284,0.6224,0.62069,0.55499,25.68315,1,0.15214,-0.01454,0.99756,0.00541,1,1,participant_26,question_4,Timer-Correct,True,Other
0.0,0,20,1,0.13751,-0.03116,0,0.29792,0.0713,0.19482,14897,4510.60205,1,0.12687,-0.06228,-0.03177,-0.01171,0.61226,0.35965,0.55033,26.14138,1,0.11815,-0.06319,0.99117,0.00554,1,1,0.02902,-0.01263,0.61246,0.62068,0.55492,25.55745,1,0.15686,0.00087,0.98488,0.00543,1,1,participant_26,question_4,Timer-Correct,True,Other
0.0,0,20,1,0.13766,-0.00725,0,0.29792,0.0713,0.20166,14897,4510.60205,1,0.12722,-0.06051,-0.03177,-0.01171,0.61226,0.35966,0.55032,26.3364,1,0.12431,-0.01601,0.98488,0.00552,1,1,0.02902,-0.01263,0.61246,0.62063,0.55479,25.2499,1,0.15101,0.0015,0.9786,0.00545,1,1,participant_26,question_4,Timer-Correct,True,Other
0.0,0,20,1,0.14072,-0.0134,0,0.29792,0.0713,0.2085,14897,4510.60205,1,0.12764,-0.05904,-0.03177,-0.01171,0.61226,0.35969,0.55026,26.39522,1,0.12648,-0.02329,0.9786,0.0055,1,1,0.02902,-0.01263,0.61246,0.62063,0.55467,25.53502,1,0.15495,-0.00352,0.97231,0.00545,1,1,participant_26,question_4,Timer-Correct,True,Other
0.0,0,20,1,0.14376,-0.0058,0,0.29792,0.0713,0.21484,14897,4510.60205,1,0.12813,-0.05742,-0.03177,-0.01162,0.61226,0.3597,0.55026,26.38737,1,0.13018,-0.01586,0.97231,0.00551,1,1,0.02902,-0.01254,0.61246,0.62063,0.55461,25.49316,1,0.15733,0.00425,0.96602,0.00545,1,1,participant_26,question_4,Timer-Correct,True,Other
0.0,0,20,1,0.1467,-0.01516,0,0.29792,0.0713,0.22168,14897,4510.60205,1,0.12867,-0.05618,-0.03177,-0.01162,0.61226,0.35976,0.5501,26.23323,1,0.13225,-0.0244,0.96602,0.00553,1,1,0.02902,-0.01254,0.61246,0.62066,0.55456,25.60471,1,0.16116,-0.00593,0.96602,0.00544,1,1,participant_26,question_4,Timer-Correct,True,Other
0.0,0,20,1,0.14627,-0.02639,0,0.29792,0.0713,0.22803,14897,4510.60205,1,0.12918,-0.05533,-0.03177,-0.01162,0.61226,0.35978,0.54995,26.30977,1,0.13213,-0.03413,0.96602,0.00554,1,1,0.02902,-0.01254,0.61246,0.6207,0.55452,25.59523,1,0.16041,-0.01865,0.96602,0.00541,1,1,participant_26,question_4,Timer-Correct,True,Other
0.0,0,20,1,0.14627,-0.02639,0,0.29792,0.0713,0.23486,14897,4510.60205,1,0.12965,-0.05452,-0.03129,-0.0114,0.6031,0.35978,0.54992,26.45079,1,0.13213,-0.03413,0.96602,0.00553,1,1,0.02882,-0.01241,0.60817,0.62076,0.55444,25.47238,1,0.16041,-0.01865,0.96602,0.00542,1,1,participant_26,question_4,Timer-Correct,True,Other
0.0,0,20,1,0.13288,-0.05062,0,0.29792,0.0713,0.2417,14897,4510.60205,1,0.12974,-0.05442,-0.03129,-0.0114,0.6031,0.3598,0.54972,26.25444,1,0.12982,-0.05837,0.96602,0.00553,1,1,0.02882,-0.01241,0.60817,0.6208,0.55431,25.4593,1,0.13593,-0.04287,0.96602,0.00546,1,1,participant_26,question_4,Timer-Correct,True,Other
0.0,0,20,1,0.14433,-0.00803,0,0.29792,0.0713,0.24854,14897,4510.60205,1,0.13012,-0.0532,-0.03129,-0.0114,0.6031,0.35985,0.54967,26.07497,1,0.14293,-0.01954,0.96602,0.00553,1,1,0.02882,-0.01241,0.60817,0.62082,0.55422,25.6497,1,0.14574,0.00347,0.96602,0.00547,1,1,participant_26,question_4,Timer-Correct,True,Other
0.0,0,20,1,0.14124,-0.01581,0,0.29792,0.0713,0.24854,14897,4510.60205,0,0.13995,-0.02608,-0.03209,-0.01161,0.61941,0.35984,0.5497,26.14881,1,0.13924,-0.02717,0.97242,0.00553,1,1,0.02902,-0.01245,0.61246,0.62075,0.55414,25.80298,1,0.14323,-0.00444,0.97242,0.00547,1,1,participant_26,question_4,Timer-Correct,True,Other
0.0,0,20,1,0.14721,0.02167,0,0.29792,0.0713,0.24854,14897,4510.60205,0,0.14358,-0.00221,-0.03209,-0.01161,0.61941,0.36024,0.54961,25.81785,1,0.14947,0.0231,0.97881,0.0056,1,1,0.02902,-0.01245,0.61246,0.62047,0.55397,25.52015,1,0.14496,0.02023,0.97881,0.00548,1,1,participant_26,question_4,Timer-Correct,True,Other
0.0,0,20,1,0.17324,0.19458,0,0.29792,0.0713,0.24854,14897,4510.60205,0,0.15347,0.06339,-0.03209,-0.01161,0.61941,0.36057,0.55118,20.14439,1,0.1885,0.21006,0.98521,0.00567,1,1,0.02902,-0.01245,0.61246,0.6203,0.55489,21.89803,1,0.15797,0.17909,0.98521,0.00547,1,1,participant_26,question_4,Timer-Correct,True,Question
0.0,0,20,1,0.17324,0.19458,0,0.29792,0.0713,0.24854,14897,4510.60205,0,0.16456,0.13694,-0.0314,-0.01119,0.60878,0.36066,0.55168,19.23331,1,0.1885,0.21006,0.98521,0.00549,1,1,0.02842,-0.012,0.60367,0.62034,0.55598,19.35845,1,0.15797,0.17909,0.98521,0.00544,1,1,participant_26,question_4,Timer-Correct,True,Question
0.0,0,20,0,0.17324,0.19458,0,0.29792,0.0713,0.24854,14897,4510.60205,0,0.16456,0.13694,-0.0314,-0.01119,0.60878,0.36066,0.55168,19.23331,0,0.1885,0.21006,0.97881,0.00549,1,0,0.02842,-0.012,0.60367,0.62034,0.55598,19.35845,0,0.15797,0.17909,0.97881,0.00544,1,0,participant_26,question_4,Timer-Correct,False,Question
0.0,0,20,0,0.17324,0.19458,0,0.29792,0.0713,0.24854,14897,4510.60205,0,0.16456,0.13694,-0.0314,-0.01119,0.60878,0.36066,0.55168,19.23331,0,0.1885,0.21006,0.97242,0.00549,1,0,0.02842,-0.012,0.60367,0.62034,0.55598,19.35845,0,0.15797,0.17909,0.97242,0.00544,1,0,participant_26,question_4,Timer-Correct,False,Question
0.0,0,20,0,0.17324,0.19458,0,0.29792,0.0713,0.24854,14897,4510.60205,0,0.0,0.0,-0.0314,-0.01119,0.60878,0.36066,0.55168,19.23331,0,0.1885,0.21006,0.96602,0.00549,1,0,0.02842,-0.012,0.60367,0.62034,0.55598,19.35845,0,0.15797,0.17909,0.96602,0.00544,1,0,participant_26,question_4,Timer-Correct,False,Question
0.0,0,20,0,0.17324,0.19458,0,0.29792,0.0713,0.24854,14897,4510.60205,0,0.0,0.0,-0.0314,-0.01119,0.60878,0.36066,0.55168,19.23331,0,0.1885,0.21006,0.96602,0.00549,1,0,0.02842,-0.012,0.60367,0.62034,0.55598,19.35845,0,0.15797,0.17909,0.96602,0.00544,1,0,participant_26,question_4,Timer-Correct,False,Question
0.0,0,20,0,0.17324,0.19458,0,0.29792,0.0713,0.24854,14897,4510.60205,0,0.0,0.0,-0.0314,-0.01119,0.60878,0.36066,0.55168,19.23331,0,0.1885,0.21006,0.96602,0.00549,1,0,0.02842,-0.012,0.60367,0.62034,0.55598,19.35845,0,0.15797,0.17909,0.96602,0.00544,1,0,participant_26,question_4,Timer-Correct,False,Question
0.0,0,20,0,0.17324,0.19458,0,0.29792,0.0713,0.24854,14897,4510.60205,0,0.0,0.0,-0.0314,-0.01119,0.60878,0.36066,0.55168,19.23331,0,0.1885,0.21006,0.96602,0.00549,1,0,0.02842,-0.012,0.60367,0.62034,0.55598,19.35845,0,0.15797,0.17909,0.96602,0.00544,1,0,participant_26,question_4,Timer-Correct,False,Question
0.0,-114,20,0,0.17324,0.19458,0,0.29792,0.0713,0.24854,14897,4510.60205,0,0.0,0.0,-0.0314,-0.01119,0.60878,0.36066,0.55168,19.23331,0,0.1885,0.21006,0.96602,0.00549,1,0,0.02842,-0.012,0.60367,0.62034,0.55598,19.35845,0,0.15797,0.17909,0.96602,0.00544,1,0,participant_26,question_4,Timer-Correct,True,Question
0.0,-114,20,0,0.17324,0.19458,0,0.29792,0.0713,0.24854,14897,4510.60205,0,0.0,0.0,-0.0314,-0.01119,0.60878,0.36066,0.55168,19.23331,0,0.1885,0.21006,0.96602,0.00549,1,0,0.02842,-0.012,0.60367,0.62034,0.55598,19.35845,0,0.15797,0.17909,0.96602,0.00544,1,0,participant_26,question_4,Timer-Correct,True,Question
0.0,-114,20,0,0.17324,0.19458,0,0.29792,0.0713,0.24854,14897,4510.60205,0,0.0,0.0,-0.0314,-0.01119,0.60878,0.36066,0.55168,19.23331,0,0.1885,0.21006,0.96602,0.00549,1,0,0.02842,-0.012,0.60367,0.62034,0.55598,19.35845,0,0.15797,0.17909,0.96602,0.00544,1,0,participant_26,question_4,Timer-Correct,True,Question
0.0,-114,20,0,0.17324,0.19458,0,0.29792,0.0713,0.24854,14897,4510.60205,0,0.0,0.0,-0.0314,-0.01119,0.60878,0.36066,0.55168,19.23331,0,0.1885,0.21006,0.96602,0.00549,1,0,0.02842,-0.012,0.60367,0.62034,0.55598,19.35845,0,0.15797,0.17909,0.96602,0.00544,1,0,participant_26,question_4,Timer-Correct,True,Question
0.0,-114,20,0,0.17324,0.19458,0,0.29792,0.0713,0.24854,14897,4510.60205,0,0.0,0.0,-0.0314,-0.01119,0.60878,0.36066,0.55168,19.23331,0,0.1885,0.21006,0.96602,0.00549,1,0,0.02842,-0.012,0.60367,0.62034,0.55598,19.35845,0,0.15797,0.17909,0.96602,0.00544,1,0,participant_26,question_4,Timer-Correct,True,Question
0.0,-114,20,0,0.17324,0.19458,0,0.29792,0.0713,0.24854,14897,4510.60205,0,0.0,0.0,-0.0314,-0.01119,0.60878,0.36066,0.55168,19.23331,0,0.1885,0.21006,0.96602,0.00549,1,0,0.02842,-0.012,0.60367,0.62034,0.55598,19.35845,0,0.15797,0.17909,0.96602,0.00544,1,0,participant_26,question_4,Timer-Correct,True,Question
0.0,-114,20,0,0.17324,0.19458,0,0.29792,0.0713,0.24854,14897,4510.60205,0,0.0,0.0,-0.0314,-0.01119,0.60878,0.36066,0.55168,19.23331,0,0.1885,0.21006,0.96602,0.00549,1,0,0.02842,-0.012,0.60367,0.62034,0.55598,19.35845,0,0.15797,0.17909,0.96602,0.00544,1,0,participant_26,question_4,Timer-Correct,True,Question
0.0,-114,20,0,0.17324,0.19458,0,0.29792,0.0713,0.24854,14897,4510.60205,0,0.0,0.0,-0.0314,-0.01119,0.60878,0.36066,0.55168,19.23331,0,0.1885,0.21006,0.96602,0.00549,1,0,0.02842,-0.012,0.60367,0.62034,0.55598,19.35845,0,0.15797,0.17909,0.96602,0.00544,1,0,participant_26,question_4,Timer-Correct,True,Question
0.0,-114,20,0,0.17324,0.19458,0,0.29792,0.0713,0.24854,14897,4510.60205,0,0.0,0.0,-0.0314,-0.01119,0.60878,0.36066,0.55168,19.23331,0,0.1885,0.21006,0.96602,0.00549,1,0,0.02842,-0.012,0.60367,0.62034,0.55598,19.35845,0,0.15797,0.17909,0.96602,0.00544,1,0,participant_26,question_4,Timer-Correct,True,Question
0.0,-114,20,0,0.17324,0.19458,0,0.29792,0.0713,0.24854,14897,4510.60205,0,0.0,0.0,-0.0314,-0.01119,0.60878,0.36066,0.55168,19.23331,0,0.1885,0.21006,0.96602,0.00549,1,0,0.02842,-0.012,0.60367,0.62034,0.55598,19.35845,0,0.15797,0.17909,0.96602,0.00544,1,0,participant_26,question_4,Timer-Correct,True,Question
0.0,-114,20,0,0.17324,0.19458,0,0.29792,0.0713,0.24854,14897,4510.60205,0,0.0,0.0,-0.0314,-0.01119,0.60878,0.36066,0.55168,19.23331,0,0.1885,0.21006,0.96602,0.00549,1,0,0.02842,-0.012,0.60367,0.62034,0.55598,19.35845,0,0.15797,0.17909,0.96602,0.00544,1,0,participant_26,question_4,Timer-Correct,True,Question
0.0,-114,20,0,0.17324,0.19458,0,0.29792,0.0713,0.24854,14897,4510.60205,0,0.0,0.0,-0.0314,-0.01119,0.60878,0.36066,0.55168,19.23331,0,0.1885,0.21006,0.96602,0.00549,1,0,0.02842,-0.012,0.60367,0.62034,0.55598,19.35845,0,0.15797,0.17909,0.96602,0.00544,1,0,participant_26,question_4,Timer-Correct,True,Question
0.0,-114,20,0,0.17324,0.19458,0,0.29792,0.0713,0.24854,14897,4510.60205,0,0.0,0.0,-0.0314,-0.01119,0.60878,0.36066,0.55168,19.23331,0,0.1885,0.21006,0.96602,0.00549,1,0,0.02842,-0.012,0.60367,0.62034,0.55598,19.35845,0,0.15797,0.17909,0.96602,0.00544,1,0,participant_26,question_4,Timer-Correct,True,Question
0.0,-114,20,0,0.17324,0.19458,0,0.29792,0.0713,0.24854,14897,4510.60205,0,0.0,0.0,-0.0314,-0.01119,0.60878,0.36066,0.55168,19.23331,0,0.1885,0.21006,0.96602,0.00549,1,0,0.02842,-0.012,0.60367,0.62034,0.55598,19.35845,0,0.15797,0.17909,0.96602,0.00544,1,0,participant_26,question_4,Timer-Correct,True,Question
0.0,-114,20,0,0.17324,0.19458,0,0.29792,0.0713,0.24854,14897,4510.60205,0,0.0,0.0,-0.0314,-0.01119,0.60878,0.36066,0.55168,19.23331,0,0.1885,0.21006,0.96602,0.00549,1,0,0.02842,-0.012,0.60367,0.62034,0.55598,19.35845,0,0.15797,0.17909,0.96602,0.00544,1,0,participant_26,question_4,Timer-Correct,True,Question
0.09999,0,21,1,0.16568,0.12629,0,0.29792,0.0713,0.24854,14897,4510.60205,0,0.08284,0.06315,-0.0314,-0.01119,0.60878,0.36117,0.55133,27.27292,1,0.16037,0.14034,0.96602,0.00552,1,1,0.02842,-0.012,0.60367,0.62243,0.55623,26.27951,1,0.17099,0.11225,0.96602,0.00543,1,1,participant_26,question_4,Timer-Correct,True,Question
0.0,0,21,1,0.17281,0.13203,0,0.29792,0.0713,0.24854,14897,4510.60205,0,0.11283,0.08611,-0.0314,-0.01119,0.60878,0.36129,0.55132,27.24134,1,0.16723,0.14417,0.96602,0.00554,1,1,0.02842,-0.012,0.60367,0.62245,0.55623,26.25766,1,0.17839,0.11989,0.96602,0.00545,1,1,participant_26,question_4,Timer-Correct,True,Question
0.0,0,21,1,0.17281,0.13203,0,0.29792,0.0713,0.24854,14897,4510.60205,0,0.17043,0.13012,-0.0308,-0.01131,0.60058,0.36128,0.55132,27.07827,1,0.16723,0.14417,0.96602,0.00555,1,1,0.02924,-0.01248,0.60738,0.6226,0.55629,26.10008,1,0.17839,0.11989,0.96602,0.00548,1,1,participant_26,question_4,Timer-Correct,True,Question
0.0,0,21,1,0.17284,0.13834,0,0.29792,0.0713,0.24854,14897,4510.60205,0,0.17164,0.13423,-0.0308,-0.01131,0.60058,0.36147,0.55137,27.23438,1,0.15248,0.14917,0.96602,0.00554,1,1,0.02924,-0.01248,0.60738,0.62274,0.55634,25.97162,1,0.19319,0.12751,0.96602,0.00551,1,1,participant_26,question_4,Timer-Correct,True,Question
0.0,0,21,1,0.18458,0.13965,0,0.29792,0.0713,0.24854,14897,4510.60205,0,0.17595,0.13604,-0.0308,-0.01131,0.60058,0.3616,0.55138,27.21377,1,0.16513,0.15075,0.96602,0.00552,1,1,0.02924,-0.01248,0.60738,0.62276,0.5563,25.88495,1,0.20404,0.12856,0.96602,0.0055,1,1,participant_26,question_4,Timer-Correct,True,Question
0.0,0,21,1,0.18243,0.13237,0,0.29792,0.0713,0.02051,14898,4511.0376,1,0.17757,0.13512,-0.0312,-0.01144,0.61011,0.36163,0.55142,27.09503,1,0.16513,0.15075,0.96602,0.00552,1,1,0.03105,-0.01322,0.6431,0.62295,0.55644,26.50621,1,0.19973,0.11399,0.97929,0.00544,1,1,participant_26,question_4,Timer-Correct,True,Question
0.0,0,21,1,0.18068,0.11889,0,0.29792,0.0713,0.02734,14898,4511.0376,1,0.17819,0.13187,-0.0312,-0.01144,0.61011,0.36174,0.55137,27.08312,1,0.17612,0.13912,0.97929,0.00555,1,1,0.03105,-0.01322,0.6431,0.62315,0.55647,26.35133,1,0.18524,0.09865,0.99257,0.00547,1,1,participant_26,question_4,Timer-Correct,True,Question
0.0,0,21,1,0.15599,0.10407,0,0.29792,0.0713,0.03369,14898,4511.0376,1,0.17449,0.12724,-0.0312,-0.01144,0.61011,0.36193,0.55142,27.33573,1,0.14685,0.1207,0.99257,0.00551,1,1,0.03105,-0.01322,0.6431,0.62314,0.55641,26.02871,1,0.16513,0.08744,1.00584,0.00551,1,1,participant_26,question_4,Timer-Correct,True,Question
0.0,0,21,1,0.15232,0.09732,0,0.29792,0.0713,0.04053,14898,4511.0376,1,0.17133,0.12296,-0.03038,-0.01122,0.59599,0.36198,0.55141,27.20571,1,0.1395,0.10719,1.00584,0.00551,1,1,0.02945,-0.0125,0.60814,0.62331,0.55655,26.37287,1,0.16513,0.08744,1.00584,0.00541,1,1,participant_26,question_4,Timer-Correct,True,Question
0.0,0,21,1,0.17109,0.11224,0,0.29792,0.0713,0.04688,14898,4511.0376,1,0.1713,0.12162,-0.03038,-0.01122,0.59599,0.3621,0.55134,27.01505,1,0.15626,0.10959,1.00584,0.00558,1,1,0.02945,-0.0125,0.60814,0.62351,0.55651,26.33782,1,0.18592,0.11488,0.99257,0.00551,1,1,participant_26,question_4,Timer-Correct,True,Question
0.0,0,21,1,0.17796,0.12613,0,0.29792,0.0713,0.05371,14898,4511.0376,1,0.17204,0.12213,-0.03038,-0.01122,0.59599,0.36224,0.5513,27.04992,1,0.14926,0.12217,0.99257,0.00554,1,1,0.02945,-0.0125,0.60814,0.62362,0.55655,26.22669,1,0.20667,0.1301,0.97929,0.00547,1,1,participant_26,question_4,Timer-Correct,True,Question
0.0,0,21,1,0.18523,0.1427,0,0.29792,0.0713,0.06006,14898,4511.0376,1,0.17336,0.12418,-0.03003,-0.01109,0.59158,0.3624,0.55138,27.23491,1,0.15973,0.14151,0.97351,0.0055,1,1,0.03024,-0.01277,0.62137,0.62383,0.5566,26.51419,1,0.21073,0.14389,0.96652,0.00545,1,1,participant_26,question_4,Timer-Correct,True,Question
0.0,0,21,1,0.18006,0.15315,0,0.29792,0.0713,0.06689,14898,4511.0376,1,0.17397,0.12682,-0.03003,-0.01109,0.59158,0.36259,0.55135,27.07037,1,0.18864,0.15838,0.96073,0.00555,1,1,0.03024,-0.01277,0.62137,0.62393,0.5566,26.07971,1,0.17149,0.14791,0.96702,0.00547,1,1,participant_26,question_4,Timer-Correct,True,Question
0.0,0,21,1,0.17743,0.14649,0,0.29792,0.0713,0.07373,14898,4511.0376,1,0.17425,0.12845,-0.03003,-0.01109,0.59158,0.36273,0.55141,27.18121,1,0.16829,0.14242,0.96123,0.00552,1,1,0.03024,-0.01277,0.62137,0.62403,0.55667,26.08051,1,0.18658,0.15055,0.96752,0.00547,1,1,participant_26,question_4,Timer-Correct,True,Question
0.0,0,21,1,0.17464,0.13988,0,0.29792,0.0713,0.08057,14898,4511.0376,1,0.17428,0.12933,-0.03065,-0.01134,0.60476,0.36285,0.55133,27.10543,1,0.16486,0.13597,0.96752,0.00555,1,1,0.03061,-0.01298,0.62703,0.62417,0.55673,26.33471,1,0.18441,0.14379,0.97381,0.00543,1,1,participant_26,question_4,Timer-Correct,True,Question
0.0,0,21,1,0.18099,0.14051,0,0.29792,0.0713,0.08691,14898,4511.0376,1,0.17476,0.13013,-0.03065,-0.01134,0.60476,0.36314,0.5513,27.18224,1,0.15138,0.12541,0.97959,0.00553,1,1,0.03061,-0.01298,0.62703,0.62445,0.55684,26.23022,1,0.21061,0.15561,0.97959,0.00546,1,1,participant_26,question_4,Timer-Correct,True,Question
0.0,0,21,1,0.15901,0.13178,0,0.29792,0.0713,0.09375,14898,4511.0376,1,0.17371,0.13024,-0.03065,-0.01134,0.60476,0.36327,0.55138,27.12492,1,0.15832,0.11689,0.98538,0.00554,1,1,0.03061,-0.01298,0.62703,0.6246,0.55674,26.27071,1,0.15969,0.14666,0.98538,0.00544,1,1,participant_26,question_4,Timer-Correct,True,Question
0.0,0,21,1,0.15752,0.12907,0,0.29792,0.0713,0.10156,14898,4511.0376,1,0.1727,0.13017,-0.03088,-0.01144,0.6128,0.36334,0.55134,27.12763,1,0.15517,0.11095,0.99117,0.00554,1,1,0.02996,-0.0126,0.61111,0.62469,0.55685,26.41795,1,0.15988,0.14719,0.98488,0.00544,1,1,participant_26,question_4,Timer-Correct,True,Question
0.0,0,21,1,0.17158,0.13041,0,0.29792,0.0713,0.10791,14898,4511.0376,1,0.17263,0.13018,-0.03088,-0.01144,0.6128,0.36361,0.55128,27.28137,1,0.15476,0.11481,0.98488,0.00555,1,1,0.02996,-0.0126,0.61111,0.62493,0.55672,26.28199,1,0.18839,0.14602,0.9786,0.00542,1,1,participant_26,question_4,Timer-Correct,True,Question
0.0,0,21,1,0.17554,0.13958,0,0.29792,0.0713,0.11377,14898,4511.0376,1,0.1728,0.13071,-0.03088,-0.01144,0.6128,0.36373,0.55117,27.12262,1,0.14822,0.11525,0.9786,0.00554,1,1,0.02996,-0.0126,0.61111,0.62512,0.55684,26.15106,1,0.20287,0.16392,0.97231,0.00547,1,1,participant_26,question_4,Timer-Correct,True,Question
0.0,0,21,1,0.17832,0.14616,0,0.29792,0.0713,0.12061,14898,4511.0376,1,0.17309,0.13152,-0.03015,-0.01132,0.60376,0.36408,0.55136,27.07773,1,0.15173,0.12177,0.97231,0.00558,1,1,0.02962,-0.01252,0.60045,0.62544,0.5566,25.58336,1,0.20491,0.17054,0.96602,0.00548,1,1,participant_26,question_4,Timer-Correct,True,Question
0.0,0,21,1,0.30579,0.27813,0,0.29792,0.0713,0.12744,14898,4511.0376,1,0.17972,0.13885,-0.03015,-0.01132,0.60376,0.36652,0.55271,26.79137,1,0.30264,0.28581,0.96602,0.00558,1,1,0.02962,-0.01252,0.60045,0.62777,0.55903,27.12996,1,0.30895,0.27045,0.96602,0.00551,1,1,participant_26,question_4,Timer-Correct,True,Question
0.0,0,21,1,0.38203,0.35586,0,0.29792,0.0713,0.13428,14898,4511.0376,1,0.18936,0.14918,-0.03015,-0.01132,0.60376,0.36918,0.55467,27.89519,1,0.37328,0.37214,0.96602,0.00565,1,1,0.02962,-0.01252,0.60045,0.62957,0.56071,27.13297,1,0.39077,0.33958,0.96602,0.00557,1,1,participant_26,question_4,Timer-Correct,True,Question
0.0,0,21,1,0.38166,0.35319,0,0.29792,0.0713,0.13428,14898,4511.0376,0,0.21872,0.18702,-0.02945,-0.01186,0.60814,0.36988,0.5551,28.0815,1,0.37328,0.37214,0.96602,0.0055,1,1,0.03139,-0.01334,0.62207,0.63036,0.56142,27.38439,1,0.39004,0.33423,0.97231,0.00548,1,1,participant_26,question_4,Timer-Correct,True,Question
0.0,0,21,1,0.4618,0.48532,0,0.29792,0.0713,0.13428,14898,4511.0376,0,0.34026,0.33617,-0.02945,-0.01186,0.60814,0.37315,0.5575,28.51792,1,0.46168,0.50312,0.97231,0.00575,1,1,0.03139,-0.01334,0.62207,0.63284,0.56363,27.85894,1,0.46192,0.46752,0.9786,0.00544,1,1,participant_26,question_4,Timer-Correct,True,Answer_Area
0.0,0,21,1,0.49197,0.54787,0,0.29792,0.0713,0.13428,14898,4511.0376,0,0.39083,0.40674,-0.02945,-0.01186,0.60814,0.37361,0.55816,28.68712,1,0.47852,0.57078,0.9786,0.00577,1,1,0.03139,-0.01334,0.62207,0.63337,0.56415,27.92295,1,0.50541,0.52495,0.98488,0.00542,1,1,participant_26,question_4,Timer-Correct,True,Answer_Area
0.0,0,21,1,0.49143,0.54416,0,0.29792,0.0713,0.13428,14898,4511.0376,0,0.48173,0.52578,-0.02924,-0.01202,0.60931,0.37388,0.5584,28.57966,1,0.47741,0.56737,0.98488,0.00576,1,1,0.03147,-0.01336,0.6163,0.63373,0.56444,28.03719,1,0.50546,0.52095,0.99117,0.00539,1,1,participant_26,question_4,Timer-Correct,True,Answer_Area
0.0,0,21,1,0.4918,0.49222,0,0.29792,0.0713,0.13428,14898,4511.0376,0,0.48677,0.509,-0.02924,-0.01202,0.60931,0.37381,0.55799,28.71209,1,0.4871,0.50283,0.99117,0.00568,1,1,0.03147,-0.01336,0.6163,0.6343,0.56418,27.81817,1,0.4965,0.48161,0.99117,0.00536,1,1,participant_26,question_4,Timer-Correct,True,Answer_Area
0.0,0,21,1,0.50639,0.51148,0,0.29792,0.0713,0.13428,14898,4511.0376,0,0.49331,0.50983,-0.02924,-0.01202,0.60931,0.37385,0.55815,28.76439,1,0.49925,0.5218,0.99117,0.00567,1,1,0.03147,-0.01336,0.6163,0.63444,0.56427,27.76689,1,0.51354,0.50117,0.99117,0.00537,1,1,participant_26,question_4,Timer-Correct,True,Answer_Area
0.0,0,21,1,0.50634,0.51354,0,0.2974,0.07222,0.02002,14899,4511.19824,1,0.49657,0.51076,-0.02924,-0.01188,0.60931,0.37387,0.55816,28.75455,1,0.49925,0.5218,0.99117,0.00566,1,1,0.03137,-0.01321,0.6118,0.63456,0.56421,27.73136,1,0.51343,0.50529,0.98488,0.00538,1,1,participant_26,question_4,Timer-Correct,True,Answer_Area
0.0,0,21,1,0.48936,0.53847,0,0.2974,0.07222,0.02734,14899,4511.19824,1,0.49513,0.5163,-0.02924,-0.01188,0.60931,0.374,0.55795,28.61502,1,0.48522,0.55378,0.98488,0.00565,1,1,0.03137,-0.01321,0.6118,0.63462,0.56401,27.79976,1,0.4935,0.52316,0.9786,0.00537,1,1,participant_26,question_4,Timer-Correct,True,Answer_Area
0.0,0,21,1,0.49289,0.53146,0,0.2974,0.07222,0.03418,14899,4511.19824,1,0.49475,0.51883,-0.02924,-0.01188,0.60931,0.374,0.55786,28.64134,1,0.48333,0.54143,0.9786,0.00564,1,1,0.03137,-0.01321,0.6118,0.63472,0.56393,27.92027,1,0.50246,0.52149,0.97231,0.00534,1,1,participant_26,question_4,Timer-Correct,True,Answer_Area
0.0,0,21,1,0.49344,0.53326,0,0.2974,0.07222,0.04053,14899,4511.19824,1,0.49457,0.52089,-0.02924,-0.01188,0.60931,0.37401,0.55781,28.73754,1,0.48442,0.54502,0.97231,0.00566,1,1,0.03142,-0.01317,0.61184,0.63475,0.56391,27.90915,1,0.50246,0.52149,0.97231,0.00536,1,1,participant_26,question_4,Timer-Correct,True,Answer_Area
0.0,0,21,1,0.48724,0.55157,0,0.2974,0.07222,0.04736,14899,4511.19824,1,0.49365,0.52472,-0.02924,-0.01188,0.60931,0.37402,0.55777,28.80996,1,0.48498,0.54553,0.97231,0.00565,1,1,0.03142,-0.01317,0.61184,0.63496,0.56385,27.83265,1,0.4895,0.5576,0.9786,0.00538,1,1,participant_26,question_4,Timer-Correct,True,Answer_Area
0.0,0,21,1,0.49091,0.54315,0,0.30521,0.10278,0.05371,14899,4511.19824,1,0.49335,0.52677,-0.02924,-0.01188,0.60931,0.37402,0.55777,28.81202,1,0.48587,0.54164,0.9786,0.00565,1,1,0.03142,-0.01317,0.61184,0.635,0.5638,28.02893,1,0.49595,0.54466,0.98488,0.00536,1,1,participant_26,question_4,Timer-Correct,True,Answer_Area
0.0,0,21,1,0.48982,0.5356,0,0.30521,0.10278,0.06055,14899,4511.19824,1,0.49299,0.52765,-0.02937,-0.01195,0.61304,0.37403,0.55777,28.80024,1,0.48372,0.53439,0.99128,0.00566,1,1,0.03226,-0.01357,0.62811,0.63507,0.56374,28.00233,1,0.49593,0.53682,0.99756,0.00535,1,1,participant_26,question_4,Timer-Correct,True,Answer_Area
0.0,0,21,1,0.49485,0.53473,0,0.30521,0.10278,0.06738,14899,4511.19824,1,0.49316,0.5283,-0.02937,-0.01195,0.61304,0.37404,0.5578,28.86151,1,0.48508,0.53327,1.00396,0.00566,1,1,0.03226,-0.01357,0.62811,0.63514,0.56373,27.97564,1,0.50462,0.5362,1.00396,0.00538,1,1,participant_26,question_4,Timer-Correct,True,Answer_Area
0.0,0,21,1,0.49801,0.51071,0,0.30521,0.10278,0.07422,14899,4511.19824,1,0.49357,0.52683,-0.02937,-0.01195,0.61304,0.37407,0.55788,28.85697,1,0.49061,0.53812,1.01036,0.00565,1,1,0.03226,-0.01357,0.62811,0.63527,0.56379,27.99652,1,0.5054,0.4833,1.01036,0.00538,1,1,participant_26,question_4,Timer-Correct,True,Answer_Area
0.0,0,21,1,0.4975,0.50889,0,0.34219,0.21852,0.08057,14899,4511.19824,1,0.49387,0.52545,-0.02937,-0.01195,0.61304,0.37414,0.55792,28.86109,1,0.48959,0.53456,1.01675,0.00565,1,1,0.0314,-0.01315,0.60878,0.6353,0.56379,27.95072,1,0.50541,0.48322,1.01047,0.0054,1,1,participant_26,question_4,Timer-Correct,True,Answer_Area
0.0,0,21,1,0.4946,0.52094,0,0.34219,0.21852,0.0874,14899,4511.19824,1,0.49392,0.52513,-0.02937,-0.01195,0.61304,0.3742,0.55795,28.87047,1,0.49388,0.54531,1.01047,0.00568,1,1,0.0314,-0.01315,0.60878,0.63544,0.56385,28.07324,1,0.49532,0.49658,1.00418,0.00538,1,1,participant_26,question_4,Timer-Correct,True,Answer_Area
0.0,0,21,1,0.50064,0.51881,0,0.34219,0.21852,0.09424,14899,4511.19824,1,0.49437,0.52471,-0.02937,-0.01195,0.61304,0.3742,0.55795,28.87047,1,0.49896,0.54414,1.00418,0.00568,1,1,0.0314,-0.01315,0.60878,0.63552,0.5638,28.084,1,0.50232,0.49347,0.99789,0.00537,1,1,participant_26,question_4,Timer-Correct,True,Answer_Area
0.0,0,21,1,0.50112,0.52055,0,0.34219,0.21852,0.10107,14899,4511.19824,1,0.49479,0.52445,-0.02957,-0.01207,0.61917,0.37423,0.55798,28.84738,1,0.49991,0.54763,0.99789,0.00566,1,1,0.03224,-0.01343,0.62406,0.63558,0.56378,28.17739,1,0.50232,0.49347,0.99789,0.0054,1,1,participant_26,question_4,Timer-Correct,True,Answer_Area
0.0,0,21,1,0.48794,0.54031,0,0.34219,0.21852,0.10742,14899,4511.19824,1,0.49439,0.52538,-0.02957,-0.01207,0.61917,0.37434,0.55786,28.95382,1,0.47944,0.54031,0.99789,0.00567,1,1,0.03224,-0.01343,0.62406,0.63571,0.56378,28.00249,1,0.49643,0.54031,1.00418,0.00541,1,1,participant_26,question_4,Timer-Correct,True,Answer_Area
0.0,0,21,1,0.49564,0.53969,0,0.36927,0.34352,0.11523,14899,4511.19824,1,0.49446,0.52618,-0.02957,-0.01207,0.61917,0.37443,0.55786,28.95596,1,0.48635,0.53649,1.00418,0.00567,1,1,0.03224,-0.01343,0.62406,0.63585,0.56376,27.99297,1,0.50493,0.54289,1.01047,0.00538,1,1,participant_26,question_4,Timer-Correct,True,Answer_Area
0.0,0,21,1,0.49563,0.54165,0,0.36927,0.34352,0.12109,14899,4511.19824,1,0.49452,0.52699,-0.02884,-0.01179,0.60474,0.3745,0.55785,28.98475,1,0.48637,0.53655,1.00407,0.00568,1,1,0.03159,-0.01315,0.60896,0.63596,0.56383,28.21528,1,0.50489,0.54675,1.00407,0.0054,1,1,participant_26,question_4,Timer-Correct,True,Answer_Area
0.0,0,21,1,0.50258,0.53105,0,0.36927,0.34352,0.12793,14899,4511.19824,1,0.49492,0.52719,-0.02884,-0.01179,0.60474,0.37474,0.5579,29.10483,1,0.51158,0.55041,0.99767,0.00567,1,1,0.03159,-0.01315,0.60896,0.63618,0.56389,28.1653,1,0.49358,0.51169,0.99139,0.0054,1,1,participant_26,question_4,Timer-Correct,True,Answer_Area
0.0,0,21,1,0.48987,0.55028,0,0.36927,0.34352,0.13428,14899,4511.19824,1,0.49468,0.52829,-0.02884,-0.01179,0.60474,0.37491,0.55791,28.96692,1,0.49445,0.55934,0.98499,0.00569,1,1,0.03159,-0.01315,0.60896,0.63635,0.5641,28.21489,1,0.48529,0.54123,0.97871,0.00543,1,1,participant_26,question_4,Timer-Correct,True,Answer_Area
0.0,0,21,1,0.49092,0.55577,0,0.36927,0.34352,0.14111,14899,4511.19824,1,0.49451,0.52954,-0.02882,-0.01186,0.60817,0.37498,0.55795,28.87047,1,0.49646,0.56631,0.97231,0.00568,1,1,0.03406,-0.01421,0.65553,0.6365,0.56414,28.25231,1,0.48538,0.54524,0.97231,0.00539,1,1,participant_26,question_4,Timer-Correct,True,Answer_Area
0.0,0,21,1,0.50859,0.54237,0,0.3776,0.37963,0.14746,14899,4511.19824,1,0.49512,0.5301,-0.02882,-0.01186,0.60817,0.37535,0.558,29.02535,1,0.50547,0.56838,0.97231,0.0057,1,1,0.03406,-0.01421,0.65553,0.63686,0.56437,28.27348,1,0.51171,0.51636,0.9786,0.00541,1,1,participant_26,question_4,Timer-Correct,True,Answer_Area
0.0,0,21,1,0.48254,0.54078,0,0.3776,0.37963,0.15381,14899,4511.19824,1,0.4946,0.53054,-0.02882,-0.01186,0.60817,0.37557,0.55804,29.1121,1,0.48989,0.56836,0.9786,0.00571,1,1,0.03406,-0.01421,0.65553,0.63703,0.5644,28.18749,1,0.47519,0.51321,0.98488,0.00541,1,1,participant_26,question_4,Timer-Correct,True,Answer_Area
0.0,0,21,1,0.48067,0.52895,0,0.3776,0.37963,0.16113,14899,4511.19824,1,0.49404,0.53048,-0.03014,-0.01244,0.63814,0.37567,0.55802,29.08758,1,0.48662,0.55759,0.99839,0.00568,1,1,0.03271,-0.01361,0.62598,0.63722,0.56441,28.26097,1,0.47471,0.50031,1.00467,0.00542,1,1,participant_26,question_4,Timer-Correct,True,Answer_Area
0.0,0,21,1,0.50032,0.52235,0,0.3776,0.37963,0.16748,14899,4511.19824,1,0.49428,0.53017,-0.03014,-0.01244,0.63814,0.37601,0.55791,28.98446,1,0.48768,0.53432,1.01818,0.0057,1,1,0.03271,-0.01361,0.62598,0.63762,0.5645,28.14295,1,0.51296,0.51038,1.01818,0.00545,1,1,participant_26,question_4,Timer-Correct,True,Answer_Area
0.0,0,21,1,0.501,0.51348,0,0.38958,0.43611,0.17432,14899,4511.19824,1,0.49453,0.52955,-0.03014,-0.01244,0.63814,0.37621,0.55789,29.07749,1,0.50112,0.52508,1.03168,0.00571,1,1,0.03271,-0.01361,0.62598,0.63775,0.56454,28.22896,1,0.50088,0.50189,1.03168,0.00544,1,1,participant_26,question_4,Timer-Correct,True,Answer_Area
0.0,0,21,1,0.50005,0.50546,0,0.38958,0.43611,0.18115,14899,4511.19824,1,0.49473,0.52869,-0.03,-0.01246,0.6392,0.37639,0.55788,28.92196,1,0.49916,0.51755,1.04518,0.00572,1,1,0.03297,-0.01364,0.62727,0.63797,0.56467,28.12382,1,0.50093,0.49338,1.04518,0.00543,1,1,participant_26,question_4,Timer-Correct,True,Answer_Area
0.0,0,21,1,0.49953,0.51121,0,0.38958,0.43611,0.1875,14899,4511.19824,1,0.49489,0.52809,-0.03,-0.01246,0.6392,0.37684,0.5578,29.05663,1,0.48564,0.50532,1.04518,0.00567,1,1,0.03297,-0.01364,0.62727,0.63835,0.56477,28.18082,1,0.51341,0.51711,1.04518,0.00543,1,1,participant_26,question_4,Timer-Correct,True,Answer_Area
0.0,0,21,1,0.48729,0.50957,0,0.38958,0.43611,0.19434,14899,4511.19824,1,0.49464,0.52747,-0.03,-0.01246,0.6392,0.37699,0.55775,28.90901,1,0.47235,0.50025,1.04518,0.00572,1,1,0.03297,-0.01364,0.62727,0.63854,0.56483,28.14533,1,0.50223,0.51888,1.04518,0.00545,1,1,participant_26,question_4,Timer-Correct,True,Answer_Area
0.0,0,21,1,0.48729,0.50957,0,0.38958,0.43611,0.20068,14899,4511.19824,1,0.4944,0.52689,-0.02982,-0.01247,0.63944,0.37719,0.55778,28.97641,1,0.47235,0.50025,1.04518,0.00567,1,1,0.03346,-0.01386,0.63307,0.63874,0.56479,28.08514,1,0.50223,0.51888,1.04518,0.00542,1,1,participant_26,question_4,Timer-Correct,True,Answer_Area
0.0,0,21,1,0.49097,0.49629,0,0.38958,0.43611,0.2085,14899,4511.19824,1,0.4943,0.52594,-0.02982,-0.01247,0.63944,0.37754,0.55771,29.15306,1,0.47818,0.50716,1.04518,0.00566,1,1,0.03346,-0.01386,0.63307,0.63908,0.56499,28.16344,1,0.50375,0.48541,1.04518,0.00545,1,1,participant_26,question_4,Timer-Correct,True,Answer_Area
0.0,0,21,1,0.49115,0.49195,0,0.41094,0.53148,0.21484,14899,4511.19824,1,0.4942,0.52491,-0.02982,-0.01247,0.63944,0.37772,0.55773,28.80986,1,0.48914,0.49552,1.04518,0.00571,1,1,0.03346,-0.01386,0.63307,0.63921,0.56497,28.43804,1,0.49317,0.48837,1.04518,0.0054,1,1,participant_26,question_4,Timer-Correct,True,Answer_Area
0.0,0,21,1,0.49223,0.50015,0,0.41094,0.53148,0.22119,14899,4511.19824,1,0.49414,0.52418,-0.02811,-0.01174,0.60463,0.37777,0.55773,28.85712,1,0.49123,0.50334,1.03168,0.00571,1,1,0.03304,-0.01366,0.62149,0.63937,0.56511,28.20941,1,0.49323,0.49695,1.03168,0.00543,1,1,participant_26,question_4,Timer-Correct,True,Answer_Area
0.0,0,21,1,0.48979,0.53095,0,0.41094,0.53148,0.22803,14899,4511.19824,1,0.49402,0.52437,-0.02811,-0.01174,0.60463,0.37809,0.55755,28.9583,1,0.49375,0.55177,1.01818,0.0057,1,1,0.03304,-0.01366,0.62149,0.63955,0.56505,28.23323,1,0.48584,0.51013,1.01818,0.0054,1,1,participant_26,question_4,Timer-Correct,True,Answer_Area
0.0,0,21,1,0.50046,0.53339,0,0.41094,0.53148,0.23438,14899,4511.19824,1,0.4942,0.52462,-0.02811,-0.01174,0.60463,0.37822,0.55746,28.85318,1,0.50368,0.5436,1.00467,0.00568,1,1,0.03304,-0.01366,0.62149,0.63966,0.5651,28.12669,1,0.49724,0.52317,1.00467,0.00542,1,1,participant_26,question_4,Timer-Correct,True,Answer_Area
0.0,0,21,1,0.50098,0.53758,0,0.42188,0.57963,0.24121,14899,4511.19824,1,0.49438,0.52497,-0.02879,-0.01199,0.62226,0.37823,0.55747,28.85243,1,0.50472,0.54753,0.99757,0.00569,1,1,0.03307,-0.01362,0.62204,0.63972,0.56504,28.17866,1,0.49725,0.52763,0.99757,0.0054,1,1,participant_26,question_4,Timer-Correct,True,Answer_Area
0.0,0,21,1,0.49584,0.51842,0,0.42188,0.57963,0.24756,14899,4511.19824,1,0.49442,0.5248,-0.02879,-0.01199,0.62226,0.37843,0.55731,28.89732,1,0.48956,0.52935,1.00396,0.00566,1,1,0.03307,-0.01362,0.62204,0.63986,0.56501,28.12797,1,0.50213,0.5075,1.00396,0.00544,1,1,participant_26,question_4,Timer-Correct,True,Answer_Area
0.0,0,21,1,0.49753,0.51935,0,0.42188,0.57963,0.25488,14899,4511.19824,1,0.4945,0.52466,-0.02879,-0.01199,0.62226,0.37851,0.5573,28.78988,1,0.48964,0.52686,1.01036,0.00568,1,1,0.03307,-0.01362,0.62204,0.63992,0.56498,28.21709,1,0.50542,0.51184,1.01036,0.0054,1,1,participant_26,question_4,Timer-Correct,True,Answer_Area
0.0,0,21,1,0.4975,0.52134,0,0.42188,0.57963,0.26172,14899,4511.19824,1,0.49457,0.52458,-0.02843,-0.01186,0.61554,0.37852,0.55726,28.73653,1,0.48964,0.52686,1.01036,0.00567,1,1,0.03228,-0.01324,0.60475,0.63996,0.56504,28.13129,1,0.50537,0.51582,1.00407,0.0054,1,1,participant_26,question_4,Timer-Correct,True,Answer_Area
0.0,0,21,1,0.4956,0.51643,0,0.42917,0.61019,0.26807,14899,4511.19824,1,0.4946,0.52438,-0.02843,-0.01186,0.61554,0.37864,0.55738,28.6716,1,0.47602,0.5424,0.99767,0.00561,1,1,0.03228,-0.01324,0.60475,0.64007,0.56523,28.0431,1,0.51519,0.49046,0.99139,0.00541,1,1,participant_26,question_4,Timer-Correct,True,Answer_Area
0.0,0,21,1,0.48929,0.53989,0,0.42917,0.61019,0.2749,14899,4511.19824,1,0.49447,0.52475,-0.02843,-0.01186,0.61554,0.37866,0.55752,28.43168,1,0.48849,0.56812,0.98499,0.00563,1,1,0.03228,-0.01324,0.60475,0.64006,0.56532,27.93815,1,0.49008,0.51167,0.97871,0.0054,1,1,participant_26,question_4,Timer-Correct,True,Answer_Area
0.0,0,21,1,0.49039,0.54748,0,0.42917,0.61019,0.28174,14899,4511.19824,1,0.49438,0.52528,-0.02843,-0.01196,0.61554,0.3787,0.55756,28.48145,1,0.49059,0.57498,0.97231,0.00565,1,1,0.03228,-0.01333,0.60475,0.64008,0.56535,27.90676,1,0.49019,0.51998,0.96602,0.0054,1,1,participant_26,question_4,Timer-Correct,True,Answer_Area
0.0,0,21,1,0.48804,0.53905,0,0.42917,0.61019,0.28857,14899,4511.19824,1,0.49423,0.52559,-0.02843,-0.01196,0.61554,0.37864,0.55765,28.54531,1,0.48455,0.53872,0.96602,0.00561,1,1,0.03228,-0.01333,0.60475,0.64012,0.56549,27.85155,1,0.49153,0.53939,0.96602,0.00538,1,1,participant_26,question_4,Timer-Correct,True,Answer_Area
0.0,0,21,1,0.50974,0.5474,0,0.42917,0.61019,0.29541,14899,4511.19824,1,0.49458,0.52607,-0.02843,-0.01196,0.61554,0.37864,0.55779,28.45891,1,0.50945,0.55173,0.96602,0.0056,1,1,0.03228,-0.01333,0.60475,0.64,0.56554,27.87205,1,0.51002,0.54306,0.96602,0.00534,1,1,participant_26,question_4,Timer-Correct,True,Answer_Area
0.0,0,21,1,0.50978,0.54541,0,0.42917,0.61019,0.30176,14899,4511.19824,1,0.49491,0.52649,-0.02843,-0.012,0.61554,0.37862,0.55781,28.5083,1,0.50945,0.55173,0.96602,0.0056,1,1,0.03336,-0.0138,0.6257,0.63995,0.56556,27.77613,1,0.5101,0.5391,0.97231,0.00533,1,1,participant_26,question_4,Timer-Correct,True,Answer_Area
0.0,0,21,1,0.49311,0.55635,0,0.43542,0.63333,0.30859,14899,4511.19824,1,0.49487,0.52713,-0.02843,-0.012,0.61554,0.37839,0.55795,28.30535,1,0.49138,0.56446,0.97231,0.00556,1,1,0.03336,-0.0138,0.6257,0.63979,0.56566,27.7277,1,0.49484,0.54825,0.9786,0.00536,1,1,participant_26,question_4,Timer-Correct,True,Answer_Area
0.0,0,21,1,0.47273,0.56367,0,0.43542,0.63333,0.31543,14899,4511.19824,1,0.49441,0.52789,-0.02843,-0.012,0.61554,0.37787,0.55802,28.36058,1,0.47071,0.57729,0.9786,0.00562,1,1,0.03336,-0.0138,0.6257,0.63918,0.56563,27.79834,1,0.47475,0.55004,0.98488,0.00532,1,1,participant_26,question_4,Timer-Correct,True,Answer_Area
0.0,0,21,1,0.47139,0.55637,0,0.43542,0.63333,0.32227,14899,4511.19824,1,0.49419,0.52853,-0.0289,-0.01215,0.62063,0.37751,0.55817,28.3499,1,0.46835,0.5705,0.99128,0.00558,1,1,0.03346,-0.01405,0.63307,0.63878,0.56572,27.56089,1,0.47443,0.54224,0.99757,0.00533,1,1,participant_26,question_4,Timer-Correct,True,Answer_Area
0.0,0,21,1,0.42085,0.54739,0,0.43854,0.64074,0.32861,14899,4511.19824,1,0.49272,0.52968,-0.0289,-0.01215,0.62063,0.37609,0.55844,28.05398,1,0.4294,0.54546,1.00396,0.00553,1,1,0.03346,-0.01405,0.63307,0.6371,0.56584,27.79432,1,0.41231,0.54932,1.00396,0.00534,1,1,participant_26,question_4,Timer-Correct,True,Answer_Area
0.0,0,21,1,0.42019,0.54814,0,0.43854,0.64074,0.33545,14899,4511.19824,1,0.49092,0.53044,-0.0289,-0.01215,0.62063,0.37581,0.55855,28.06285,1,0.40859,0.54915,1.01036,0.00548,1,1,0.03346,-0.01405,0.63307,0.63669,0.56586,27.53275,1,0.43179,0.54713,1.01036,0.00532,1,1,participant_26,question_4,Timer-Correct,True,Answer_Area
0.0,0,21,1,0.42019,0.54814,0,0.43854,0.64074,0.3418,14899,4511.19824,1,0.48913,0.53116,-0.02839,-0.01189,0.60487,0.37559,0.55858,28.07763,1,0.40859,0.54915,1.01036,0.00547,1,1,0.03261,-0.01377,0.62216,0.63641,0.56591,27.86843,1,0.43179,0.54713,1.01036,0.00532,1,1,participant_26,question_4,Timer-Correct,True,Answer_Area
0.0,0,21,1,0.41825,0.54186,0,0.43854,0.64074,0.3418,14899,4511.19824,0,0.467,0.54843,-0.02839,-0.01189,0.60487,0.37538,0.5587,27.98843,1,0.41719,0.57501,1.00396,0.00544,1,1,0.03261,-0.01377,0.62216,0.6363,0.56596,27.5629,1,0.4193,0.50872,1.00396,0.00531,1,1,participant_26,question_4,Timer-Correct,True,Answer_Area
0.0,0,21,1,0.41059,0.5303,0,0.43854,0.64074,0.3418,14899,4511.19824,0,0.43879,0.53937,-0.02839,-0.01189,0.60487,0.37529,0.55884,28.02719,1,0.40511,0.53819,0.99757,0.00545,1,1,0.03261,-0.01377,0.62216,0.63627,0.56607,27.4734,1,0.41607,0.52242,0.99757,0.0053,1,1,participant_26,question_4,Timer-Correct,True,Answer_Area
0.0,0,21,1,0.41138,0.53193,0,0.44271,0.64444,0.3418,14899,4511.19824,0,0.42965,0.53689,-0.02842,-0.01191,0.60367,0.37526,0.55897,27.89878,1,0.40674,0.54183,0.99117,0.00543,1,1,0.03374,-0.01431,0.64472,0.63629,0.56611,27.4098,1,0.41601,0.52204,0.99815,0.0053,1,1,participant_26,question_4,Timer-Correct,True,Answer_Area
0.0,0,21,1,0.41725,0.54759,0,0.44271,0.64444,0.02002,14900,4511.54688,1,0.42655,0.53956,-0.02842,-0.01191,0.60367,0.37521,0.55909,27.80737,1,0.42405,0.56033,0.99815,0.0054,1,1,0.03374,-0.01431,0.64472,0.63617,0.56623,27.33608,1,0.41045,0.53485,1.00514,0.00525,1,1,participant_26,question_4,Timer-Correct,True,Answer_Area
0.0,0,21,1,0.41721,0.55039,0,0.44271,0.64444,0.02686,14900,4511.54688,1,0.42468,0.54173,-0.02842,-0.01191,0.60367,0.37518,0.55906,27.81634,1,0.42662,0.55987,1.00514,0.00538,1,1,0.03374,-0.01431,0.64472,0.63611,0.56625,27.18615,1,0.4078,0.54091,1.01212,0.00523,1,1,participant_26,question_4,Timer-Correct,True,Answer_Area
0.0,0,21,1,0.41608,0.54635,0,0.44271,0.64444,0.0332,14900,4511.54688,1,0.42325,0.5425,-0.02856,-0.01201,0.60651,0.37517,0.55907,27.81531,1,0.42502,0.55609,1.01212,0.00537,1,1,0.03374,-0.01431,0.64472,0.63607,0.56628,27.20551,1,0.40714,0.53662,1.01911,0.00526,1,1,participant_26,question_4,Timer-Correct,True,Answer_Area
0.0,0,21,1,0.42311,0.54436,0,0.44271,0.64444,0.04004,14900,4511.54688,1,0.42323,0.54277,-0.02856,-0.01201,0.60651,0.37507,0.55917,27.52648,1,0.41398,0.55903,1.01911,0.00542,1,1,0.03374,-0.01431,0.64472,0.63603,0.56626,27.0815,1,0.43224,0.52969,1.01911,0.00522,1,1,participant_26,question_4,Timer-Correct,True,Answer_Area
0.0,0,21,1,0.42133,0.54033,0,0.4526,0.6537,0.04688,14900,4511.54688,1,0.42299,0.54246,-0.02856,-0.01201,0.60651,0.375,0.55917,27.57577,1,0.41841,0.55375,1.01911,0.00537,1,1,0.03374,-0.01431,0.64472,0.63601,0.56618,26.89548,1,0.42426,0.52692,1.01911,0.00523,1,1,participant_26,question_4,Timer-Correct,True,Answer_Area
0.0,0,21,1,0.42184,0.54446,0,0.4526,0.6537,0.05371,14900,4511.54688,1,0.42287,0.54268,-0.02856,-0.01201,0.60651,0.37494,0.55911,27.43739,1,0.41841,0.55375,1.01911,0.0054,1,1,0.0313,-0.01332,0.59991,0.63596,0.56622,26.93005,1,0.42528,0.53517,1.00584,0.00522,1,1,participant_26,question_4,Timer-Correct,True,Answer_Area
0.0,0,21,1,0.41837,0.54957,0,0.4526,0.6537,0.06055,14900,4511.54688,1,0.42242,0.54337,-0.02856,-0.01201,0.60651,0.37488,0.55909,27.39667,1,0.41328,0.56251,1.00584,0.00537,1,1,0.0313,-0.01332,0.59991,0.63586,0.56616,26.93665,1,0.42346,0.53663,0.99257,0.00518,1,1,participant_26,question_4,Timer-Correct,True,Answer_Area
0.0,0,21,1,0.41945,0.55319,0,0.4526,0.6537,0.06738,14900,4511.54688,1,0.42215,0.54427,-0.02856,-0.01201,0.60651,0.37489,0.55906,27.32422,1,0.4172,0.56367,0.99257,0.00537,1,1,0.0313,-0.01332,0.59991,0.63588,0.56618,26.89618,1,0.4217,0.5427,0.97929,0.00518,1,1,participant_26,question_4,Timer-Correct,True,Answer_Area
0.0,0,21,1,0.4216,0.56099,0,0.4526,0.6537,0.07373,14900,4511.54688,1,0.4221,0.54566,-0.02856,-0.01201,0.60651,0.37489,0.55906,27.32422,1,0.42041,0.5709,0.97929,0.00537,1,1,0.0313,-0.01332,0.59991,0.63585,0.56617,26.91672,1,0.4228,0.55108,0.96602,0.00518,1,1,participant_26,question_4,Timer-Correct,True,Answer_Area
0.0,0,21,1,0.42116,0.56693,0,0.46302,0.66019,0.08008,14900,4511.54688,1,0.42203,0.5473,-0.02856,-0.01201,0.60651,0.37498,0.55908,27.45265,1,0.42103,0.57611,0.96602,0.0053,1,1,0.0313,-0.01332,0.59991,0.63589,0.56612,26.86649,1,0.42128,0.55776,0.96602,0.00516,1,1,participant_26,question_4,Timer-Correct,True,Answer_Area
0.0,0,21,1,0.42041,0.5691,0,0.46302,0.66019,0.08691,14900,4511.54688,1,0.42191,0.54885,-0.02856,-0.01201,0.60651,0.37497,0.55911,27.39548,1,0.41875,0.5811,0.96602,0.0053,1,1,0.0313,-0.01332,0.59991,0.63588,0.56614,26.919,1,0.42207,0.55709,0.96602,0.00516,1,1,participant_26,question_4,Timer-Correct,True,Answer_Area
0.0,0,21,1,0.42041,0.5691,0,0.46302,0.66019,0.09375,14900,4511.54688,1,0.42181,0.5502,-0.02856,-0.01201,0.60651,0.37495,0.55909,27.38131,1,0.41875,0.5811,0.96602,0.00529,1,1,0.0313,-0.01332,0.59991,0.63586,0.56619,26.78847,1,0.42207,0.55709,0.96602,0.00516,1,1,participant_26,question_4,Timer-Correct,True,Answer_Area
0.0,0,21,1,0.41863,0.57292,0,0.46302,0.66019,0.10059,14900,4511.54688,1,0.42161,0.55162,-0.02856,-0.01201,0.60651,0.37488,0.55919,27.25273,1,0.42026,0.58247,0.96602,0.00533,1,1,0.0313,-0.01332,0.59991,0.63574,0.56627,26.67593,1,0.417,0.56337,0.96602,0.00512,1,1,participant_26,question_4,Timer-Correct,True,Answer_Area
0.0,0,21,1,0.41706,0.57237,0,0.46771,0.66019,0.10693,14900,4511.54688,1,0.42135,0.55284,-0.02856,-0.01201,0.60651,0.37487,0.55915,27.17109,1,0.41981,0.57856,0.96602,0.00533,1,1,0.0313,-0.01332,0.59991,0.63576,0.56625,26.65763,1,0.41432,0.56617,0.96602,0.00512,1,1,participant_26,question_4,Timer-Correct,True,Answer_Area
0.0,0,21,1,0.41599,0.56865,0,0.46771,0.66019,0.11377,14900,4511.54688,1,0.42105,0.55372,-0.02964,-0.01245,0.62857,0.37486,0.55912,27.08661,1,0.41824,0.57508,0.97242,0.00533,1,1,0.0313,-0.01332,0.59991,0.63575,0.56621,26.56345,1,0.41373,0.56222,0.97242,0.00512,1,1,participant_26,question_4,Timer-Correct,True,Answer_Area
0.0,0,21,1,0.39908,0.5015,0,0.46771,0.66019,0.12012,14900,4511.54688,1,0.41989,0.55097,-0.02964,-0.01245,0.62857,0.37458,0.55825,27.10912,1,0.38627,0.52215,0.97882,0.00527,1,1,0.0313,-0.01332,0.59991,0.63555,0.56522,26.77854,1,0.41189,0.48085,0.97882,0.00514,1,1,participant_26,question_4,Timer-Correct,True,Answer_Area
0.0,0,21,1,0.38271,0.38378,0,0.46771,0.66019,0.12695,14900,4511.54688,1,0.41803,0.54261,-0.02964,-0.01245,0.62857,0.37429,0.55625,26.34556,1,0.35929,0.4054,0.98521,0.0052,1,1,0.0313,-0.01332,0.59991,0.63533,0.56341,26.74525,1,0.40613,0.36216,0.98521,0.00509,1,1,participant_26,question_4,Timer-Correct,True,Question
0.0,0,21,1,0.3824,0.38123,0,0.46771,0.66019,0.1333,14900,4511.54688,1,0.41634,0.53493,-0.02842,-0.01145,0.60367,0.3745,0.5554,27.34998,1,0.35929,0.4054,0.98521,0.0052,1,1,0.03244,-0.01338,0.62607,0.6351,0.5624,26.69447,1,0.40552,0.35707,0.9915,0.00511,1,1,participant_26,question_4,Timer-Correct,True,Question
0.0,0,21,1,0.36344,0.21235,0,0.46823,0.66019,0.14062,14900,4511.54688,1,0.41393,0.52027,-0.02842,-0.01145,0.60367,0.37463,0.55225,25.34781,1,0.35417,0.2399,0.9851,0.00523,1,1,0.03244,-0.01338,0.62607,0.63442,0.55872,23.8666,1,0.37271,0.1848,0.99139,0.00512,1,1,participant_26,question_4,Timer-Correct,True,Question
0.0,0,21,1,0.33932,0.10765,0,0.46823,0.66019,0.14062,14900,4511.54688,0,0.40018,0.46388,-0.02842,-0.01145,0.60367,0.37471,0.55055,24.69268,1,0.34436,0.12528,0.98499,0.0053,1,1,0.03244,-0.01338,0.62607,0.63413,0.55742,24.60744,1,0.33427,0.09002,0.99128,0.00507,1,1,participant_26,question_4,Timer-Correct,True,Question
0.0,0,21,1,0.33935,0.10776,0,0.46823,0.66019,0.14062,14900,4511.54688,0,0.36976,0.28582,-0.02862,-0.01112,0.60774,0.37463,0.54985,25.23504,1,0.3444,0.12539,0.98488,0.00527,1,1,0.03209,-0.01284,0.62489,0.63389,0.55615,24.16521,1,0.33429,0.09014,0.99117,0.00514,1,1,participant_26,question_4,Timer-Correct,True,Question
0.0,0,21,1,0.31395,-0.05019,0,0.46823,0.66019,0.14062,14900,4511.54688,0,0.35116,0.17382,-0.02862,-0.01112,0.60774,0.37457,0.54807,24.99089,1,0.3059,-0.0531,0.99117,0.0053,1,1,0.03209,-0.01284,0.62489,0.63331,0.55483,25.31589,1,0.32199,-0.04727,0.99117,0.00508,1,1,participant_26,question_4,Timer-Correct,True,Other
0.0,0,21,1,0.30068,-0.09912,0,0.46823,0.66019,0.14062,14900,4511.54688,0,0.31799,-0.01385,-0.02862,-0.01112,0.60774,0.37458,0.54767,24.90796,1,0.29074,-0.10275,0.99117,0.00533,1,1,0.03209,-0.01284,0.62489,0.6332,0.55431,24.28219,1,0.31063,-0.09548,0.99117,0.00511,1,1,participant_26,question_4,Timer-Correct,True,Other
0.0,0,21,1,0.30068,-0.09912,0,0.46823,0.66019,0.14062,14900,4511.54688,0,0.30934,-0.05648,-0.02429,-0.00934,0.51437,0.3745,0.54751,25.22165,1,0.29074,-0.10275,0.99117,0.0053,1,1,0.03197,-0.01269,0.6243,0.63321,0.55415,24.88632,1,0.31063,-0.09548,0.99117,0.0051,1,1,participant_26,question_4,Timer-Correct,True,Other
0.0,0,21,1,0.31901,-0.08536,0,0.46823,0.66019,0.14062,14900,4511.54688,0,0.31256,-0.06611,-0.02429,-0.00934,0.51437,0.37412,0.54757,24.96973,1,0.32464,-0.07856,0.99117,0.00533,1,1,0.03197,-0.01269,0.6243,0.63332,0.55412,24.56461,1,0.31338,-0.09217,0.99117,0.00513,1,1,participant_26,question_4,Timer-Correct,True,Other
0.0,0,21,1,0.31329,-0.0726,0,0.46823,0.66019,0.02002,14901,4511.71436,1,0.31275,-0.06773,-0.02429,-0.00934,0.51437,0.37398,0.54771,24.97877,1,0.30667,-0.07568,0.99117,0.00534,1,1,0.03197,-0.01269,0.6243,0.6333,0.5543,25.08788,1,0.31992,-0.06952,0.99117,0.0051,1,1,participant_26,question_4,Timer-Correct,True,Other
0.0,0,21,1,0.31388,-0.06868,0,0.46823,0.66019,0.02686,14901,4511.71436,1,0.31297,-0.06792,-0.02902,-0.01125,0.61246,0.3739,0.54777,25.00245,1,0.30667,-0.07568,0.99117,0.00533,1,1,0.0308,-0.0123,0.60058,0.63335,0.55424,24.83366,1,0.32109,-0.06168,0.98488,0.00511,1,1,participant_26,question_4,Timer-Correct,True,Other
0.0,0,21,1,0.31124,-0.06773,0,0.46823,0.66019,0.03369,14901,4511.71436,1,0.31268,-0.06789,-0.02902,-0.01125,0.61246,0.37379,0.54773,25.05079,1,0.2968,-0.07295,0.98488,0.00531,1,1,0.0308,-0.0123,0.60058,0.63333,0.55425,24.93562,1,0.32569,-0.06251,0.9786,0.0051,1,1,participant_26,question_4,Timer-Correct,True,Other
0.0,0,21,1,0.31084,-0.06247,0,0.46823,0.66019,0.04004,14901,4511.71436,1,0.31242,-0.06711,-0.02902,-0.01125,0.61246,0.37376,0.54766,24.84821,1,0.29148,-0.06986,0.9786,0.00533,1,1,0.0308,-0.0123,0.60058,0.63329,0.55408,24.72079,1,0.33019,-0.05508,0.97231,0.00509,1,1,participant_26,question_4,Timer-Correct,True,Other
0.0,0,21,1,0.31264,-0.05471,0,0.46823,0.66019,0.04736,14901,4511.71436,1,0.31245,-0.06556,-0.02873,-0.01097,0.60436,0.37367,0.54763,25.03145,1,0.29397,-0.06222,0.97231,0.0053,1,1,0.03137,-0.01248,0.6118,0.63327,0.55421,24.70215,1,0.33132,-0.04719,0.96602,0.00509,1,1,participant_26,question_4,Timer-Correct,True,Other
0.0,0,21,1,0.32327,-0.05874,0,0.46823,0.66019,0.05469,14901,4511.71436,1,0.31365,-0.06481,-0.02873,-0.01097,0.60436,0.37357,0.54754,25.08139,1,0.31443,-0.07052,0.96602,0.00526,1,1,0.03137,-0.01248,0.6118,0.63331,0.55418,24.73516,1,0.33211,-0.04696,0.96602,0.0051,1,1,participant_26,question_4,Timer-Correct,True,Other
0.0,0,21,1,0.32486,-0.04103,0,0.46823,0.66019,0.06104,14901,4511.71436,1,0.31477,-0.06243,-0.02873,-0.01097,0.60436,0.37359,0.54751,25.05958,1,0.32088,-0.02586,0.96602,0.00525,1,1,0.03137,-0.01248,0.6118,0.63333,0.55418,24.74686,1,0.32885,-0.0562,0.96602,0.00509,1,1,participant_26,question_4,Timer-Correct,True,Other
0.0,0,21,1,0.32429,-0.045,0,0.46823,0.66019,0.06738,14901,4511.71436,1,0.31564,-0.06084,-0.02873,-0.01097,0.60436,0.37353,0.54747,24.94688,1,0.32088,-0.02586,0.96602,0.00526,1,1,0.03209,-0.0127,0.62489,0.63334,0.5542,24.69803,1,0.3277,-0.06415,0.97231,0.00509,1,1,participant_26,question_4,Timer-Correct,True,Other
0.0,0,21,1,0.31247,-0.03413,0,0.46823,0.66019,0.07373,14901,4511.71436,1,0.31537,-0.05862,-0.02873,-0.01097,0.60436,0.37356,0.54736,24.87488,1,0.32144,0.00568,0.97231,0.00525,1,1,0.03209,-0.0127,0.62489,0.63343,0.55425,24.56763,1,0.3035,-0.07394,0.9786,0.00509,1,1,participant_26,question_4,Timer-Correct,True,Other
0.0,0,21,1,0.31398,-0.03898,0,0.46823,0.66019,0.08057,14901,4511.71436,1,0.31527,-0.05711,-0.02873,-0.01097,0.60436,0.37361,0.54727,24.67106,1,0.31989,-0.00497,0.9786,0.00525,1,1,0.03209,-0.0127,0.62489,0.63347,0.55424,24.55323,1,0.30808,-0.07298,0.98488,0.00507,1,1,participant_26,question_4,Timer-Correct,True,Other
0.0,0,21,1,0.31041,-0.05423,0,0.46823,0.66019,0.09229,14901,4511.71436,1,0.31492,-0.0569,-0.02957,-0.01131,0.62307,0.37365,0.54713,24.4269,1,0.3153,-0.01949,0.99128,0.00527,1,1,0.03188,-0.01258,0.61887,0.6335,0.55424,24.59561,1,0.30552,-0.08897,0.99757,0.00504,1,1,participant_26,question_4,Timer-Correct,True,Other
0.0,0,21,1,0.28664,-0.07025,0,0.46823,0.66019,0.09766,14901,4511.71436,1,0.31303,-0.05779,-0.02957,-0.01131,0.62307,0.37366,0.5471,24.51695,1,0.28606,-0.04285,1.00396,0.00525,1,1,0.03188,-0.01258,0.61887,0.63358,0.55414,24.6349,1,0.28723,-0.09765,1.00396,0.005,1,1,participant_26,question_4,Timer-Correct,True,Other
0.0,0,21,1,0.28895,-0.08406,0,0.46823,0.66019,0.10205,14901,4511.71436,1,0.31153,-0.05943,-0.02957,-0.01131,0.62307,0.3737,0.54709,24.55091,1,0.28771,-0.05796,1.01036,0.00523,1,1,0.03188,-0.01258,0.61887,0.63364,0.5542,24.64464,1,0.2902,-0.11016,1.01036,0.00501,1,1,participant_26,question_4,Timer-Correct,True,Other
0.0,0,21,1,0.28702,-0.09184,0,0.46823,0.66019,0.10693,14901,4511.71436,1,0.31009,-0.06134,-0.02928,-0.01115,0.61687,0.37374,0.54706,24.45445,1,0.28523,-0.06541,1.01675,0.00522,1,1,0.03225,-0.01277,0.62603,0.63367,0.55429,24.93035,1,0.28882,-0.11828,1.01675,0.00502,1,1,participant_26,question_4,Timer-Correct,True,Other
0.0,0,21,1,0.29476,-0.08436,0,0.46823,0.66019,0.11377,14901,4511.71436,1,0.30924,-0.06262,-0.02928,-0.01115,0.61687,0.37376,0.54709,24.65038,1,0.29503,-0.06253,1.01675,0.00522,1,1,0.03225,-0.01277,0.62603,0.63378,0.5543,24.96943,1,0.29448,-0.10618,1.01675,0.00506,1,1,participant_26,question_4,Timer-Correct,True,Other
0.0,0,21,1,0.2985,-0.09096,0,0.46823,0.66019,0.12061,14901,4511.71436,1,0.30867,-0.06411,-0.02928,-0.01115,0.61687,0.37377,0.54714,24.65574,1,0.29685,-0.06966,1.01675,0.00522,1,1,0.03225,-0.01277,0.62603,0.63388,0.55437,25.16432,1,0.30014,-0.11225,1.01675,0.00501,1,1,participant_26,question_4,Timer-Correct,True,Other
0.0,0,21,1,0.29914,-0.087,0,0.46823,0.66019,0.12744,14901,4511.71436,1,0.30819,-0.06525,-0.02928,-0.01115,0.61687,0.37382,0.54712,24.6649,1,0.29685,-0.06966,1.01675,0.00522,1,1,0.0314,-0.01242,0.60878,0.63393,0.55434,25.04753,1,0.30142,-0.10433,1.01047,0.005,1,1,participant_26,question_4,Timer-Correct,True,Other
0.0,0,21,1,0.30949,-0.0797,0,0.46823,0.66019,0.13379,14901,4511.71436,1,0.30826,-0.06594,-0.02928,-0.01115,0.61687,0.3739,0.54705,24.80189,1,0.30487,-0.0627,1.01047,0.0052,1,1,0.0314,-0.01242,0.60878,0.63397,0.55443,24.81875,1,0.31411,-0.09669,1.00418,0.00502,1,1,participant_26,question_4,Timer-Correct,True,Other
0.0,0,21,1,0.31126,-0.07103,0,0.46823,0.66019,0.14014,14901,4511.71436,1,0.30839,-0.06617,-0.02928,-0.01115,0.61687,0.37393,0.54706,24.73643,1,0.3052,-0.05852,1.00418,0.00519,1,1,0.0314,-0.01242,0.60878,0.63399,0.55443,24.83493,1,0.31733,-0.08353,0.99789,0.00501,1,1,participant_26,question_4,Timer-Correct,True,Other
0.0,0,21,1,0.31242,-0.06735,0,0.46823,0.66019,0.14746,14901,4511.71436,1,0.30857,-0.06622,-0.02928,-0.01115,0.61687,0.37395,0.54702,24.81949,1,0.30752,-0.05116,0.99789,0.00517,1,1,0.03224,-0.01278,0.62406,0.63402,0.55444,24.82912,1,0.31733,-0.08353,0.99789,0.00501,1,1,participant_26,question_4,Timer-Correct,True,Other
0.0,0,21,1,0.30987,-0.07105,0,0.46823,0.66019,0.1543,14901,4511.71436,1,0.30862,-0.06643,-0.02928,-0.01115,0.61687,0.37392,0.54704,24.81486,1,0.30334,-0.04864,0.99789,0.00518,1,1,0.03224,-0.01278,0.62406,0.63402,0.55445,24.91319,1,0.31639,-0.09347,1.00418,0.005,1,1,participant_26,question_4,Timer-Correct,True,Other
0.0,0,21,1,0.31004,-0.07505,0,0.46823,0.66019,0.16162,14901,4511.71436,1,0.30868,-0.06677,-0.02928,-0.01115,0.61687,0.37392,0.54705,24.8543,1,0.30593,-0.05292,1.00418,0.00518,1,1,0.03224,-0.01278,0.62406,0.63402,0.55445,24.91319,1,0.31416,-0.09717,1.01047,0.005,1,1,participant_26,question_4,Timer-Correct,True,Other
0.0,0,21,1,0.30888,-0.07871,0,0.46823,0.66019,0.16748,14901,4511.71436,1,0.30869,-0.06723,-0.02928,-0.01115,0.61687,0.37392,0.54713,24.88232,1,0.30361,-0.06025,1.01047,0.00519,1,1,0.0314,-0.01246,0.60878,0.634,0.55444,24.92974,1,0.31416,-0.09717,1.01047,0.00499,1,1,participant_26,question_4,Timer-Correct,True,Other
0.0,0,21,1,0.30213,-0.08526,0,0.46823,0.66019,0.17432,14901,4511.71436,1,0.30844,-0.0679,-0.02928,-0.01115,0.61687,0.37385,0.54707,24.95969,1,0.29226,-0.07672,1.01047,0.00515,1,1,0.0314,-0.01246,0.60878,0.63399,0.55443,24.83493,1,0.312,-0.09381,1.00418,0.00501,1,1,participant_26,question_4,Timer-Correct,True,Other
0.0,0,21,1,0.29605,-0.08366,0,0.46823,0.66019,0.18115,14901,4511.71436,1,0.308,-0.06846,-0.02928,-0.01115,0.61687,0.37375,0.54703,24.84372,1,0.28813,-0.06929,1.00418,0.00516,1,1,0.0314,-0.01246,0.60878,0.63393,0.55434,24.43464,1,0.30396,-0.09803,0.99789,0.00501,1,1,participant_26,question_4,Timer-Correct,True,Other
0.0,0,21,1,0.29791,-0.07595,0,0.46823,0.66019,0.1875,14901,4511.71436,1,0.30765,-0.06872,-0.02928,-0.01115,0.61687,0.3737,0.54704,24.80445,1,0.29058,-0.06185,0.99789,0.00514,1,1,0.0314,-0.01242,0.60878,0.63384,0.55423,24.73006,1,0.30524,-0.09005,0.99161,0.00501,1,1,participant_26,question_4,Timer-Correct,True,Other
0.0,0,21,1,0.30198,-0.06945,0,0.46823,0.66019,0.19434,14901,4511.71436,1,0.30746,-0.06874,-0.02928,-0.01115,0.61687,0.37338,0.54715,24.94754,1,0.32355,-0.04996,0.99161,0.00518,1,1,0.0314,-0.01242,0.60878,0.63362,0.55419,24.60555,1,0.28041,-0.08894,0.99161,0.005,1,1,participant_26,question_4,Timer-Correct,True,Other
0.0,0,20,1,0.26597,-0.04643,0,0.46823,0.66019,0.20117,14901,4511.71436,1,0.30613,-0.06802,-0.02928,-0.01115,0.61687,0.3725,0.5473,24.35422,1,0.26872,-0.02038,0.99161,0.00522,1,1,0.0314,-0.01242,0.60878,0.63282,0.55442,24.71271,1,0.26321,-0.07248,0.99161,0.00498,1,1,participant_26,question_4,Timer-Correct,True,Other
0.0,0,20,1,0.2681,-0.03872,0,0.46823,0.66019,0.20752,14901,4511.71436,1,0.30494,-0.06711,-0.02924,-0.01107,0.60738,0.37194,0.54767,24.57069,1,0.27139,-0.01302,0.98521,0.00516,1,1,0.03089,-0.01249,0.60763,0.63214,0.55459,24.87279,1,0.26481,-0.06442,0.98521,0.00501,1,1,participant_26,question_4,Timer-Correct,True,Other
0.0,0,20,1,0.18144,-0.00847,0,0.46823,0.66019,0.21436,14901,4511.71436,1,0.30119,-0.06533,-0.02924,-0.01107,0.60738,0.36916,0.54829,24.63088,1,0.17002,-0.02183,0.97882,0.00511,1,1,0.03089,-0.01249,0.60763,0.6291,0.55492,24.24977,1,0.19287,0.00489,0.97882,0.00505,1,1,participant_26,question_4,Timer-Correct,True,Other
0.0,0,20,1,0.09256,0.00192,0,0.46823,0.66019,0.22119,14901,4511.71436,1,0.29506,-0.06335,-0.02924,-0.01107,0.60738,0.36759,0.54882,24.99192,1,0.08826,-0.02575,0.97242,0.00511,1,1,0.03089,-0.01249,0.60763,0.6272,0.55535,24.47004,1,0.09686,0.02958,0.97242,0.00507,1,1,participant_26,question_4,Timer-Correct,True,Other
0.0,0,20,1,0.09602,0.00962,0,0.46823,0.66019,0.22119,14901,4511.71436,0,0.25258,-0.05177,-0.02962,-0.01117,0.60045,0.36673,0.54909,24.94022,1,0.09234,-0.01809,0.96602,0.00511,1,1,0.02962,-0.01243,0.60045,0.62614,0.5555,24.41924,1,0.0997,0.03733,0.96602,0.00505,1,1,participant_26,question_4,Timer-Correct,True,Other
0.0,0,20,1,0.03582,0.06647,0,0.46823,0.66019,0.22119,14901,4511.71436,0,0.1442,0.00735,-0.02962,-0.01117,0.60045,0.36427,0.55028,25.46455,1,0.02146,0.08206,0.96602,0.00501,1,1,0.02962,-0.01243,0.60045,0.62328,0.55635,24.31318,1,0.05018,0.05088,0.96602,0.00503,1,1,participant_26,question_4,Timer-Correct,True,Other
0.0,0,20,1,0.01034,0.04565,0,0.46823,0.66019,0.22119,14901,4511.71436,0,0.09958,0.02012,-0.02962,-0.01117,0.60045,0.36368,0.55038,25.01372,1,0.00314,0.04346,0.96602,0.00501,1,1,0.02962,-0.01243,0.60045,0.62304,0.55649,24.6172,1,0.01754,0.04785,0.96602,0.00503,1,1,participant_26,question_4,Timer-Correct,True,Other
0.0,0,20,1,0.00865,0.04184,0,0.46823,0.66019,0.22119,14901,4511.71436,0,0.01827,0.05132,-0.03015,-0.01132,0.60376,0.36331,0.55056,24.94039,1,0.00314,0.04346,0.96602,0.00503,1,1,0.03052,-0.01299,0.6252,0.62268,0.55658,24.84839,1,0.01416,0.04022,0.97231,0.00502,1,1,participant_26,question_4,Timer-Correct,True,Other
0.0,0,20,1,-0.00819,-0.00193,0,0.46823,0.66019,0.22119,14901,4511.71436,0,0.00504,0.0247,-0.03015,-0.01132,0.60376,0.36293,0.55053,25.462,1,-0.02586,-0.01718,0.97231,0.00504,1,1,0.03052,-0.01299,0.6252,0.62267,0.55639,24.57667,1,0.00948,0.01333,0.9786,0.00503,1,1,participant_26,question_4,Timer-Correct,True,Other
0.0,0,20,1,-0.004,-0.00112,0,0.46823,0.66019,0.22119,14901,4511.71436,0,0.00203,0.01609,-0.03015,-0.01132,0.60376,0.36266,0.55065,25.4496,1,-0.00932,-0.00603,0.9786,0.00501,1,1,0.03052,-0.01299,0.6252,0.62253,0.55627,23.96354,1,0.00133,0.0038,0.98488,0.00506,1,1,participant_26,question_4,Timer-Correct,True,Other
0.0,0,20,1,-0.00806,-0.00872,0,0.46823,0.66019,0.02002,14902,4511.9624,1,-0.00049,0.00989,-0.03064,-0.01147,0.61178,0.36248,0.55063,25.08832,1,-0.01403,-0.01345,0.98488,0.005,1,1,0.03052,-0.01299,0.6252,0.62242,0.55621,23.96858,1,-0.0021,-0.004,0.99117,0.00505,1,1,participant_26,question_4,Timer-Correct,True,Other
0.0,0,20,1,-0.00785,0.00861,0,0.46823,0.66019,0.02637,14902,4511.9624,1,-0.00197,0.00963,-0.03064,-0.01147,0.61178,0.36234,0.55061,24.98002,1,-0.03163,0.01979,0.99117,0.00503,1,1,0.03052,-0.01299,0.6252,0.62227,0.55621,24.40081,1,0.01593,-0.00256,0.99117,0.00503,1,1,participant_26,question_4,Timer-Correct,True,Other
0.0,0,20,1,-0.01953,-0.02346,0,0.46823,0.66019,0.0332,14902,4511.9624,1,-0.00489,0.00412,-0.03064,-0.01147,0.61178,0.36234,0.55063,25.12486,1,-0.04862,-0.03332,0.99117,0.005,1,1,0.03052,-0.01299,0.6252,0.6223,0.55617,24.41184,1,0.00956,-0.01359,0.99117,0.00503,1,1,participant_26,question_4,Timer-Correct,True,Other
0.0,0,20,1,-0.01786,-0.01953,0,0.46823,0.66019,0.04004,14902,4511.9624,1,-0.00675,0.00074,-0.0302,-0.01127,0.6013,0.36236,0.5506,25.10784,1,-0.04862,-0.03332,0.99117,0.005,1,1,0.02941,-0.01245,0.60349,0.62223,0.55625,24.61137,1,0.01291,-0.00575,0.98488,0.00499,1,1,participant_26,question_4,Timer-Correct,True,Other
0.0,0,20,1,-0.00628,-0.01038,0,0.46823,0.66019,0.04688,14902,4511.9624,1,-0.00669,-0.00065,-0.0302,-0.01127,0.6013,0.36214,0.55059,25.03142,1,-0.024,-0.02204,0.98488,0.00506,1,1,0.02941,-0.01245,0.60349,0.62216,0.55623,24.53356,1,0.01144,0.00129,0.9786,0.00498,1,1,participant_26,question_4,Timer-Correct,True,Other
0.0,0,20,1,-0.00641,-0.00662,0,0.46823,0.66019,0.05322,14902,4511.9624,1,-0.00666,-0.00131,-0.0302,-0.01127,0.6013,0.36214,0.55049,25.18062,1,-0.02586,-0.01706,0.9786,0.00503,1,1,0.02941,-0.01245,0.60349,0.62217,0.55621,24.55502,1,0.01304,0.00382,0.97231,0.00499,1,1,participant_26,question_4,Timer-Correct,True,Other
0.0,0,20,1,0.00147,0.00813,0,0.46823,0.66019,0.06006,14902,4511.9624,1,-0.00584,-0.00037,-0.02972,-0.01108,0.59069,0.36202,0.55065,25.55727,1,-0.0166,-0.00268,0.96652,0.00501,1,1,0.02941,-0.01245,0.60349,0.62217,0.55621,24.55502,1,0.01955,0.01895,0.96024,0.00499,1,1,participant_26,question_4,Timer-Correct,True,Other
0.0,0,20,1,0.02147,0.02357,0,0.46823,0.66019,0.06689,14902,4511.9624,1,-0.00336,0.00181,-0.02972,-0.01108,0.59069,0.36198,0.55072,25.59078,1,0.01799,0.0165,0.95445,0.00504,1,1,0.02941,-0.01245,0.60349,0.6223,0.55616,24.58839,1,0.02496,0.03064,0.95445,0.00504,1,1,participant_26,question_4,Timer-Correct,True,Other
0.0,0,20,1,0.03233,0.05503,0,0.46823,0.66019,0.07324,14902,4511.9624,1,-0.00039,0.00624,-0.02972,-0.01108,0.59069,0.36202,0.5507,25.59658,1,0.02593,0.02639,0.94866,0.00503,1,1,0.02941,-0.01245,0.60349,0.62236,0.55615,24.56739,1,0.03873,0.08367,0.94866,0.00507,1,1,participant_26,question_4,Timer-Correct,True,Other
0.0,0,20,1,0.03594,0.06189,0,0.46823,0.66019,0.08008,14902,4511.9624,1,0.00241,0.01052,-0.02972,-0.01108,0.59069,0.36207,0.55063,25.53614,1,0.03013,0.0332,0.94287,0.00502,1,1,0.02941,-0.0124,0.60349,0.62239,0.55606,24.49158,1,0.04175,0.09058,0.94287,0.00506,1,1,participant_26,question_4,Timer-Correct,True,Other
0.0,0,20,1,0.01357,0.03534,0,0.46823,0.66019,0.08643,14902,4511.9624,1,0.0032,0.0123,-0.02972,-0.01108,0.59069,0.36214,0.55053,25.52436,1,0.01017,0.03366,0.94287,0.00504,1,1,0.02941,-0.0124,0.60349,0.62241,0.5561,24.68034,1,0.01697,0.03702,0.94287,0.00503,1,1,participant_26,question_4,Timer-Correct,True,Other
0.0,0,20,1,0.02489,0.05775,0,0.46823,0.66019,0.09375,14902,4511.9624,1,0.00465,0.01533,-0.02972,-0.01108,0.59069,0.36217,0.55056,25.46763,1,0.02725,0.0783,0.94287,0.00503,1,1,0.02941,-0.0124,0.60349,0.62247,0.55602,24.64225,1,0.02253,0.0372,0.94287,0.005,1,1,participant_26,question_4,Timer-Correct,True,Other
0.0,0,20,1,0.0212,0.05086,0,0.46823,0.66019,0.10107,14902,4511.9624,1,0.00569,0.01755,-0.0302,-0.01127,0.6013,0.36213,0.55054,25.27062,1,0.02304,0.07178,0.94866,0.00504,1,1,0.02945,-0.01243,0.60248,0.62255,0.55573,23.97234,1,0.01937,0.02994,0.94866,0.00505,1,1,participant_26,question_4,Timer-Correct,True,Other
0.0,0,20,1,0.01343,0.03971,0,0.46823,0.66019,0.10693,14902,4511.9624,1,0.00614,0.01885,-0.0302,-0.01127,0.6013,0.36238,0.55055,24.93816,1,-0.00533,0.05362,0.95445,0.00509,1,1,0.02945,-0.01243,0.60248,0.62285,0.5559,24.0424,1,0.03219,0.02581,0.95445,0.00508,1,1,participant_26,question_4,Timer-Correct,True,Other
0.0,0,20,1,0.00818,0.03901,0,0.46823,0.66019,0.11377,14902,4511.9624,1,0.00625,0.01997,-0.0302,-0.01127,0.6013,0.36238,0.55052,25.05552,1,0.0011,0.05221,0.96024,0.00502,1,1,0.02945,-0.01243,0.60248,0.62286,0.5559,24.00806,1,0.01526,0.02581,0.96024,0.00507,1,1,participant_26,question_4,Timer-Correct,True,Other
0.0,0,20,1,0.00818,0.03901,0,0.46823,0.66019,0.12061,14902,4511.9624,1,0.00636,0.02097,-0.02915,-0.01089,0.58287,0.36237,0.55045,24.85938,1,0.0011,0.05221,0.96024,0.00505,1,1,0.02996,-0.0126,0.61111,0.62295,0.55614,24.42146,1,0.01526,0.02581,0.96024,0.00506,1,1,participant_26,question_4,Timer-Correct,True,Other
0.0,0,20,1,0.00387,0.0523,0,0.46823,0.66019,0.12744,14902,4511.9624,1,0.00623,0.02254,-0.02915,-0.01089,0.58287,0.36235,0.5504,25.06887,1,-0.00471,0.05532,0.95445,0.00503,1,1,0.02996,-0.0126,0.61111,0.62284,0.55615,24.3618,1,0.01245,0.04929,0.95445,0.00505,1,1,participant_26,question_4,Timer-Correct,True,Other
0.0,0,20,1,-0.03148,0.04743,0,0.46823,0.66019,0.13428,14902,4511.9624,1,0.00444,0.02373,-0.02915,-0.01089,0.58287,0.36194,0.55048,25.88801,1,-0.04226,0.05488,0.94866,0.00502,1,1,0.02996,-0.0126,0.61111,0.62216,0.55618,24.55955,1,-0.02071,0.03998,0.94866,0.00507,1,1,participant_26,question_4,Timer-Correct,True,Other
0.0,0,20,1,-0.03782,0.0358,0,0.46823,0.66019,0.14062,14902,4511.9624,1,0.00251,0.02427,-0.03172,-0.01181,0.63243,0.36179,0.55064,26.04977,1,-0.04743,0.0475,0.95506,0.00507,1,1,0.03052,-0.01299,0.6252,0.62185,0.55619,24.72729,1,-0.02821,0.0241,0.96134,0.00505,1,1,participant_26,question_4,Timer-Correct,True,Other
0.0,0,20,1,-0.05806,0.02769,0,0.46823,0.66019,0.14795,14902,4511.9624,1,-0.00012,0.02442,-0.03172,-0.01181,0.63243,0.36185,0.55055,26.0836,1,-0.06012,0.05686,0.97353,0.00504,1,1,0.03052,-0.01299,0.6252,0.62162,0.55615,24.80486,1,-0.056,-0.00149,0.97981,0.00506,1,1,participant_26,question_4,Timer-Correct,True,Other
0.0,0,20,1,-0.06066,-0.00316,0,0.46823,0.66019,0.15381,14902,4511.9624,1,-0.00264,0.02327,-0.03172,-0.01181,0.63243,0.36192,0.5505,25.99921,1,-0.06738,0.02618,0.992,0.00507,1,1,0.03052,-0.01299,0.6252,0.62179,0.55615,24.83299,1,-0.05394,-0.0325,0.99828,0.00505,1,1,participant_26,question_4,Timer-Correct,True,Other
0.0,0,20,1,-0.06319,-0.00673,0,0.46823,0.66019,0.16064,14902,4511.9624,1,-0.00506,0.02207,-0.02915,-0.01089,0.58287,0.36196,0.5505,26.08795,1,-0.07243,0.01904,0.99828,0.00504,1,1,0.02943,-0.01242,0.60024,0.62189,0.55617,24.95184,1,-0.05394,-0.0325,0.99828,0.00508,1,1,participant_26,question_4,Timer-Correct,True,Other
0.0,0,20,1,-0.08882,0.01254,0,0.46823,0.66019,0.16699,14902,4511.9624,1,-0.00829,0.02171,-0.02915,-0.01089,0.58287,0.36209,0.55012,25.49843,1,-0.10852,0.02522,0.9861,0.00504,1,1,0.02943,-0.01242,0.60024,0.62222,0.55613,24.6524,1,-0.06912,-0.00014,0.97981,0.0051,1,1,participant_26,question_4,Timer-Correct,True,Other
0.0,0,20,1,-0.06459,0.03098,0,0.46823,0.66019,0.17383,14902,4511.9624,1,-0.01037,0.02205,-0.02915,-0.01089,0.58287,0.36214,0.5501,25.41487,1,-0.0835,0.03362,0.96763,0.00506,1,1,0.02943,-0.01242,0.60024,0.62232,0.55612,24.57142,1,-0.04568,0.02834,0.96134,0.00509,1,1,participant_26,question_4,Timer-Correct,True,Other
0.0,0,20,1,-0.05538,0.04625,0,0.46823,0.66019,0.18018,14902,4511.9624,1,-0.01198,0.02291,-0.03035,-0.01134,0.60957,0.3623,0.55003,25.4188,1,-0.07284,0.04829,0.95495,0.00511,1,1,0.0295,-0.01246,0.59987,0.62239,0.55625,24.98983,1,-0.03792,0.04421,0.94866,0.00505,1,1,participant_26,question_4,Timer-Correct,True,Other
0.0,0,20,1,-0.03637,0.03151,0,0.46823,0.66019,0.18018,14902,4511.9624,0,-0.03968,0.02939,-0.03035,-0.01134,0.60957,0.36236,0.54994,25.59993,1,-0.04946,0.03486,0.95445,0.00509,1,1,0.0295,-0.01246,0.59987,0.62272,0.55637,25.36762,1,-0.02328,0.02817,0.95445,0.00506,1,1,participant_26,question_4,Timer-Correct,True,Other
0.0,0,20,1,-0.02735,0.03402,0,0.46823,0.66019,0.18018,14902,4511.9624,0,-0.03352,0.0317,-0.03035,-0.01134,0.60957,0.36254,0.54984,25.49625,1,-0.04286,0.03517,0.96024,0.00502,1,1,0.0295,-0.01246,0.59987,0.6229,0.55631,25.03983,1,-0.01185,0.03287,0.96024,0.00504,1,1,participant_26,question_4,Timer-Correct,True,Other
0.0,0,20,1,-0.03314,0.02315,0,0.46823,0.66019,0.18018,14902,4511.9624,0,-0.03339,0.02885,-0.03035,-0.01128,0.61149,0.3628,0.54991,25.72972,1,-0.04749,0.02845,0.96602,0.0051,1,1,0.03063,-0.01288,0.61983,0.62311,0.5562,24.70992,1,-0.01879,0.01785,0.97231,0.00514,1,1,participant_26,question_4,Timer-Correct,True,Other
0.0,0,20,1,-0.07685,-0.00019,0,0.46823,0.66019,0.02051,14903,4512.14941,1,-0.04425,0.02159,-0.03035,-0.01128,0.61149,0.36292,0.54979,25.47103,1,-0.09371,0.00476,0.97231,0.00511,1,1,0.03063,-0.01288,0.61983,0.62315,0.5561,24.51498,1,-0.05998,-0.00514,0.9786,0.0051,1,1,participant_26,question_4,Timer-Correct,True,Other
0.0,0,20,1,-0.06964,-0.00543,0,0.46823,0.66019,0.02734,14903,4512.14941,1,-0.04933,0.01619,-0.03035,-0.01128,0.61149,0.36301,0.5498,25.52275,1,-0.09476,-0.0083,0.9786,0.00514,1,1,0.03063,-0.01288,0.61983,0.62319,0.55613,24.6123,1,-0.04452,-0.00256,0.98488,0.00512,1,1,participant_26,question_4,Timer-Correct,True,Other
0.0,0,20,1,-0.07061,-0.0056,0,0.46823,0.66019,0.03369,14903,4512.14941,1,-0.05288,0.01256,-0.03004,-0.0112,0.60702,0.36315,0.54979,25.82341,1,-0.10009,-0.01578,0.98488,0.00512,1,1,0.0,0.0,0.0,0.62339,0.55616,24.78366,1,-0.04112,0.00457,0.9792,0.00512,0,1,participant_26,question_4,Timer-Correct,True,Other
0.0,0,20,1,-0.05063,0.01961,0,0.46823,0.66019,0.04053,14903,4512.14941,1,-0.05256,0.01356,-0.03004,-0.0112,0.60702,0.36331,0.54964,25.9359,1,-0.07311,0.03085,0.9792,0.00502,1,1,0.0,0.0,0.0,0.62353,0.5562,25.11132,1,-0.02814,0.00837,0.96722,0.00509,0,1,participant_26,question_4,Timer-Correct,True,Other
0.0,0,20,1,-0.03059,0.03662,0,0.46823,0.66019,0.04688,14903,4512.14941,1,-0.04981,0.01645,-0.03004,-0.0112,0.60702,0.36332,0.54955,25.6929,1,-0.05493,0.04299,0.96722,0.00509,1,1,0.0,0.0,0.0,0.62371,0.5561,24.94217,1,-0.00626,0.03025,0.95525,0.00508,0,1,participant_26,question_4,Timer-Correct,True,Other
0.0,0,20,1,-0.01999,0.05433,0,0.46823,0.66019,0.0542,14903,4512.14941,1,-0.0465,0.02065,-0.02958,-0.01105,0.59875,0.36337,0.54956,25.58195,1,-0.04061,0.06331,0.94946,0.00511,1,1,0.02876,-0.01204,0.5794,0.62382,0.55606,24.77849,1,0.00063,0.04535,0.94317,0.00513,1,1,participant_26,question_4,Timer-Correct,True,Other
0.0,0,20,1,-0.02953,0.06022,0,0.46823,0.66019,0.06055,14903,4512.14941,1,-0.0448,0.02461,-0.02958,-0.01105,0.59875,0.36353,0.54966,26.10139,1,-0.01786,0.06854,0.93739,0.00512,1,1,0.02876,-0.01204,0.5794,0.62389,0.55614,24.62644,1,-0.04119,0.05189,0.94307,0.00509,1,1,participant_26,question_4,Timer-Correct,True,Other
0.0,0,20,1,-0.03849,0.05824,0,0.46823,0.66019,0.06689,14903,4512.14941,1,-0.04423,0.02767,-0.02958,-0.01105,0.59875,0.36364,0.54962,25.66478,1,-0.0419,0.06966,0.93729,0.00517,1,1,0.02876,-0.01204,0.5794,0.62392,0.55615,24.64572,1,-0.03508,0.04682,0.94297,0.0051,1,1,participant_26,question_4,Timer-Correct,True,Other
0.0,0,20,1,-0.04448,0.04745,0,0.46823,0.66019,0.07373,14903,4512.14941,1,-0.04425,0.02932,-0.02962,-0.01108,0.60045,0.36368,0.54981,25.91756,1,-0.04655,0.06311,0.94297,0.00514,1,1,0.03073,-0.01284,0.61821,0.62393,0.55614,24.64563,1,-0.04241,0.03179,0.95495,0.0051,1,1,participant_26,question_4,Timer-Correct,True,Other
0.0,0,20,1,-0.06151,0.03736,0,0.46823,0.66019,0.08057,14903,4512.14941,1,-0.04557,0.02994,-0.02962,-0.01108,0.60045,0.36374,0.54979,26.03328,1,-0.0819,0.04932,0.96074,0.00516,1,1,0.03073,-0.01284,0.61821,0.62408,0.55618,24.57483,1,-0.04112,0.0254,0.96702,0.00513,1,1,participant_26,question_4,Timer-Correct,True,Other
0.0,0,20,1,-0.06745,0.01887,0,0.46823,0.66019,0.0874,14903,4512.14941,1,-0.04714,0.02914,-0.02962,-0.01108,0.60045,0.36376,0.54971,26.04417,1,-0.09033,0.02969,0.97281,0.00516,1,1,0.03073,-0.01284,0.61821,0.62411,0.55614,24.58337,1,-0.04458,0.00805,0.9791,0.00515,1,1,participant_26,question_4,Timer-Correct,True,Other
0.0,0,20,1,-0.0726,0.01182,0,0.46823,0.66019,0.09424,14903,4512.14941,1,-0.04883,0.02799,-0.02962,-0.01108,0.60045,0.36374,0.54976,26.11398,1,-0.10056,0.01572,0.98488,0.00517,1,1,0.02967,-0.01236,0.59501,0.62414,0.55626,24.72897,1,-0.04464,0.00792,0.9792,0.00513,1,1,participant_26,question_4,Timer-Correct,True,Other
0.0,0,20,1,-0.06304,0.00502,0,0.46823,0.66019,0.10107,14903,4512.14941,1,-0.04972,0.02655,-0.02962,-0.01108,0.60045,0.36381,0.54982,26.32044,1,-0.09909,-0.02902,0.9792,0.00517,1,1,0.02967,-0.01236,0.59501,0.62429,0.55644,25.39615,1,-0.02699,0.03906,0.96722,0.00505,1,1,participant_26,question_4,Timer-Correct,True,Other
0.0,0,20,1,-0.04781,0.04509,0,0.46823,0.66019,0.10791,14903,4512.14941,1,-0.04961,0.02764,-0.02962,-0.01108,0.60045,0.36381,0.54982,26.32044,1,-0.07818,0.03521,0.96722,0.00517,1,1,0.02967,-0.01236,0.59501,0.62429,0.55628,24.82098,1,-0.01743,0.05498,0.95525,0.00511,1,1,participant_26,question_4,Timer-Correct,True,Other
0.0,0,20,1,-0.03932,0.05934,0,0.46823,0.66019,0.11426,14903,4512.14941,1,-0.04904,0.02941,-0.02962,-0.01108,0.60045,0.36383,0.54977,26.12369,1,-0.06819,0.04903,0.95525,0.00519,1,1,0.02967,-0.01236,0.59501,0.6243,0.55629,24.78228,1,-0.01045,0.06965,0.94327,0.00511,1,1,participant_26,question_4,Timer-Correct,True,Other
0.0,0,20,1,-0.035,0.04601,0,0.46823,0.66019,0.12109,14903,4512.14941,1,-0.0483,0.03028,-0.02962,-0.01108,0.60045,0.36385,0.5497,25.85714,1,-0.06565,0.02485,0.94327,0.00524,1,1,0.02967,-0.01236,0.59501,0.62441,0.55649,25.11247,1,-0.00435,0.06718,0.94327,0.00512,1,1,participant_26,question_4,Timer-Correct,True,Other
0.0,0,20,1,-0.03467,0.05287,0,0.46823,0.66019,0.12793,14903,4512.14941,1,-0.04762,0.03141,-0.02962,-0.01108,0.60045,0.36384,0.54972,25.88247,1,-0.06597,0.02229,0.94327,0.00522,1,1,0.02967,-0.01236,0.59501,0.6244,0.55652,25.1196,1,-0.00337,0.08344,0.94327,0.00512,1,1,participant_26,question_4,Timer-Correct,True,Other
0.0,0,20,1,-0.03467,0.05287,0,0.46823,0.66019,0.13428,14903,4512.14941,1,-0.047,0.03243,-0.0295,-0.01111,0.59987,0.36383,0.54974,25.917,1,-0.06597,0.02229,0.94327,0.00521,1,1,0.02967,-0.01236,0.59501,0.62444,0.55653,25.07292,1,-0.00337,0.08344,0.94327,0.00514,1,1,participant_26,question_4,Timer-Correct,True,Other
0.0,0,20,1,-0.02634,0.06982,0,0.46823,0.66019,0.14111,14903,4512.14941,1,-0.04606,0.03413,-0.0295,-0.01111,0.59987,0.36385,0.54987,25.90334,1,-0.05456,0.04714,0.94327,0.00515,1,1,0.02967,-0.01236,0.59501,0.62446,0.55655,25.04128,1,0.00187,0.09251,0.94327,0.00512,1,1,participant_26,question_4,Timer-Correct,True,Other
0.0,0,20,1,-0.03941,0.06422,0,0.46823,0.66019,0.14795,14903,4512.14941,1,-0.04577,0.03544,-0.0295,-0.01111,0.59987,0.36383,0.54991,25.90224,1,-0.05281,0.04611,0.94327,0.00513,1,1,0.02967,-0.01236,0.59501,0.62454,0.55666,25.26972,1,-0.026,0.08233,0.94327,0.00509,1,1,participant_26,question_4,Timer-Correct,True,Other
0.0,0,20,1,-0.04111,0.06077,0,0.46823,0.66019,0.15479,14903,4512.14941,1,-0.04558,0.03649,-0.0295,-0.01116,0.59987,0.36383,0.54991,25.68584,1,-0.05281,0.04611,0.94327,0.00515,1,1,0.03015,-0.01259,0.60376,0.62453,0.55665,25.32463,1,-0.02941,0.07542,0.94896,0.00509,1,1,participant_26,question_4,Timer-Correct,True,Other
0.0,0,20,1,-0.0466,0.05856,0,0.46823,0.66019,0.16113,14903,4512.14941,1,-0.04562,0.03738,-0.0295,-0.01116,0.59987,0.36382,0.54993,25.71109,1,-0.06462,0.04422,0.94896,0.00515,1,1,0.03015,-0.01259,0.60376,0.62453,0.55665,25.32463,1,-0.02858,0.07291,0.95465,0.00509,1,1,participant_26,question_4,Timer-Correct,True,Other
0.0,0,20,1,-0.03823,0.05562,0,0.46823,0.66019,0.16797,14903,4512.14941,1,-0.04534,0.03808,-0.0295,-0.01116,0.59987,0.36384,0.54993,25.79186,1,-0.06708,0.0439,0.95465,0.00521,1,1,0.03015,-0.01259,0.60376,0.62447,0.55661,25.35332,1,-0.00938,0.06733,0.96034,0.00513,1,1,participant_26,question_4,Timer-Correct,True,Other
0.0,0,20,1,-0.04222,0.04889,0,0.46823,0.66019,0.1748,14903,4512.14941,1,-0.04522,0.03848,-0.0295,-0.01116,0.59987,0.36375,0.54996,25.85827,1,-0.07182,0.0373,0.96034,0.00517,1,1,0.03015,-0.01259,0.60376,0.6245,0.55665,25.31001,1,-0.01263,0.06047,0.96602,0.00509,1,1,participant_26,question_4,Timer-Correct,True,Other
0.0,0,20,1,-0.0451,0.04898,0,0.46823,0.66019,0.18115,14903,4512.14941,1,-0.04522,0.03885,-0.0295,-0.01116,0.59987,0.36379,0.54993,25.64351,1,-0.07868,0.03212,0.96602,0.00525,1,1,0.03015,-0.01259,0.60376,0.62453,0.55666,25.42333,1,-0.01152,0.06585,0.96602,0.00507,1,1,participant_26,question_4,Timer-Correct,True,Other
0.0,0,20,1,-0.04668,0.04881,0,0.46823,0.66019,0.1875,14903,4512.14941,1,-0.04527,0.0392,-0.0295,-0.01116,0.59987,0.36376,0.54991,25.70378,1,-0.08366,0.0296,0.96602,0.00525,1,1,0.03015,-0.01259,0.60376,0.62448,0.55658,25.07141,1,-0.00969,0.06803,0.96602,0.0051,1,1,participant_26,question_4,Timer-Correct,True,Other
0.0,0,20,1,-0.04668,0.04881,0,0.46823,0.66019,0.19434,14903,4512.14941,1,-0.04531,0.03952,-0.0295,-0.0112,0.59987,0.3638,0.55002,26.09152,1,-0.08366,0.0296,0.96602,0.00523,1,1,0.03015,-0.01259,0.60376,0.62442,0.55654,25.14444,1,-0.00969,0.06803,0.96602,0.00512,1,1,participant_26,question_4,Timer-Correct,True,Other
0.0,0,20,1,-0.04982,0.04783,0,0.46823,0.66019,0.20117,14903,4512.14941,1,-0.04546,0.03979,-0.0295,-0.0112,0.59987,0.36373,0.54985,25.73476,1,-0.08555,0.0332,0.96602,0.00524,1,1,0.03015,-0.01259,0.60376,0.62442,0.55654,25.14444,1,-0.0141,0.06245,0.96602,0.00512,1,1,participant_26,question_4,Timer-Correct,True,Other
0.0,0,20,1,-0.05835,0.04762,0,0.46823,0.66019,0.20801,14903,4512.14941,1,-0.04586,0.04003,-0.0295,-0.0112,0.59987,0.36351,0.54992,25.69662,1,-0.09417,0.0319,0.96602,0.00522,1,1,0.03015,-0.01259,0.60376,0.62447,0.55663,25.15358,1,-0.02252,0.06334,0.96602,0.00515,1,1,participant_26,question_4,Timer-Correct,True,Other
0.0,0,20,1,-0.05253,0.05789,0,0.46823,0.66019,0.21436,14903,4512.14941,1,-0.04606,0.04057,-0.02923,-0.011,0.59156,0.36353,0.54998,26.05079,1,-0.08922,0.03863,0.96024,0.0052,1,1,0.02967,-0.01236,0.59501,0.6243,0.55665,25.4556,1,-0.01584,0.07715,0.95455,0.00509,1,1,participant_26,question_4,Timer-Correct,True,Other
0.0,0,20,1,-0.04935,0.05259,0,0.46823,0.66019,0.22119,14903,4512.14941,1,-0.04616,0.04093,-0.02923,-0.011,0.59156,0.3633,0.54998,26.02372,1,-0.05267,0.03608,0.94876,0.0052,1,1,0.02967,-0.01236,0.59501,0.6239,0.5565,25.45931,1,-0.04603,0.06909,0.94307,0.00506,1,1,participant_26,question_4,Timer-Correct,True,Other
0.0,0,20,1,-0.03,0.06157,0,0.46823,0.66019,0.22754,14903,4512.14941,1,-0.0457,0.04152,-0.02923,-0.011,0.59156,0.36347,0.54994,25.95045,1,-0.03203,0.04726,0.93729,0.00526,1,1,0.02967,-0.01236,0.59501,0.62394,0.55654,25.53348,1,-0.02797,0.07588,0.9316,0.00508,1,1,participant_26,question_4,Timer-Correct,True,Other
0.0,0,20,1,-0.02554,0.068,0,0.46823,0.66019,0.23438,14903,4512.14941,1,-0.04514,0.04225,-0.02923,-0.011,0.59156,0.36338,0.54988,26.18312,1,-0.0228,0.06073,0.92581,0.00519,1,1,0.03073,-0.01284,0.61821,0.62395,0.55646,25.36817,1,-0.02827,0.07526,0.9321,0.00507,1,1,participant_26,question_4,Timer-Correct,True,Other
0.0,0,20,1,-0.03965,0.06088,0,0.46823,0.66019,0.24219,14903,4512.14941,1,-0.04499,0.04275,-0.02923,-0.011,0.59156,0.36318,0.54986,25.82084,1,-0.04255,0.05136,0.9321,0.00519,1,1,0.03073,-0.01284,0.61821,0.62394,0.55634,25.23262,1,-0.03675,0.07041,0.94407,0.00507,1,1,participant_26,question_4,Timer-Correct,True,Other
0.0,0,20,1,-0.0541,0.04451,0,0.46823,0.66019,0.24805,14903,4512.14941,1,-0.04523,0.0428,-0.02923,-0.011,0.59156,0.36316,0.54984,25.88251,1,-0.05455,0.04305,0.94407,0.00519,1,1,0.03073,-0.01284,0.61821,0.62394,0.55634,25.23262,1,-0.05366,0.04597,0.95605,0.00507,1,1,participant_26,question_4,Timer-Correct,True,Other
0.0,0,20,1,-0.06281,0.03004,0,0.46823,0.66019,0.25439,14903,4512.14941,1,-0.04568,0.04247,-0.02923,-0.011,0.59156,0.36308,0.54981,25.54258,1,-0.06447,0.02899,0.95605,0.0052,1,1,0.03073,-0.01284,0.61821,0.62392,0.55638,25.16861,1,-0.06114,0.03109,0.96802,0.00506,1,1,participant_26,question_4,Timer-Correct,True,Other
0.0,0,20,1,-0.07629,0.02792,0,0.46823,0.66111,0.26123,14903,4512.14941,1,-0.04645,0.04211,-0.02923,-0.011,0.59156,0.36301,0.54973,25.85651,1,-0.08427,0.02484,0.96802,0.00517,1,1,0.03073,-0.01284,0.61821,0.62386,0.55645,25.30252,1,-0.06831,0.031,0.96802,0.00508,1,1,participant_26,question_4,Timer-Correct,True,Other
0.0,0,20,1,-0.07668,0.02872,0,0.46823,0.66111,0.26758,14903,4512.14941,1,-0.04718,0.04178,-0.02923,-0.011,0.59156,0.36301,0.54981,25.61382,1,-0.08551,0.02593,0.96802,0.00525,1,1,0.03073,-0.01284,0.61821,0.62388,0.55649,25.23417,1,-0.06784,0.03151,0.96802,0.00514,1,1,participant_26,question_4,Timer-Correct,True,Other
0.0,0,20,1,-0.08095,0.02175,0,0.46823,0.66111,0.27539,14903,4512.14941,1,-0.04799,0.04131,-0.03006,-0.01135,0.60754,0.36296,0.54987,25.84487,1,-0.0904,0.01918,0.97381,0.00523,1,1,0.03073,-0.01284,0.61821,0.6238,0.55651,25.18089,1,-0.07151,0.02431,0.97381,0.00512,1,1,participant_26,question_4,Timer-Correct,True,Other
0.0,0,20,1,-0.06644,0.01824,0,0.46823,0.66111,0.28174,14903,4512.14941,1,-0.04842,0.04077,-0.03006,-0.01135,0.60754,0.36277,0.54995,25.77307,1,-0.10316,0.00736,0.9796,0.00525,1,1,0.03073,-0.01284,0.61821,0.62356,0.55642,24.83416,1,-0.02972,0.02911,0.9796,0.00507,1,1,participant_26,question_4,Timer-Correct,True,Other
0.0,0,20,1,-0.07625,0.01018,0,0.46823,0.66111,0.28906,14903,4512.14941,1,-0.04905,0.04007,-0.03006,-0.01135,0.60754,0.36273,0.54992,25.69662,1,-0.11412,0.00138,0.98538,0.00522,1,1,0.03073,-0.01284,0.61821,0.62354,0.55642,24.83052,1,-0.03839,0.01897,0.98538,0.00509,1,1,participant_26,question_4,Timer-Correct,True,Other
0.0,0,20,1,-0.07693,0.01058,0,0.46719,0.66204,0.29492,14903,4512.14941,1,-0.04967,0.03942,-0.03116,-0.01172,0.62775,0.36272,0.54998,25.77761,1,-0.11912,-0.00541,0.99117,0.00522,1,1,0.0,0.0,0.0,0.62355,0.55646,25.04063,1,-0.03475,0.02657,0.9792,0.00507,0,1,participant_26,question_4,Timer-Correct,True,Other
0.0,0,20,1,-0.06198,0.03929,0,0.46719,0.66204,0.30176,14903,4512.14941,1,-0.04994,0.03942,-0.03116,-0.01172,0.62775,0.36262,0.54999,25.97021,1,-0.08631,0.03596,0.9792,0.00523,1,1,0.0,0.0,0.0,0.62349,0.55652,25.18304,1,-0.03765,0.04261,0.96722,0.00502,0,1,participant_26,question_4,Timer-Correct,True,Other
0.0,0,20,1,-0.05084,0.0413,0,0.46719,0.66204,0.30859,14903,4512.14941,1,-0.04996,0.03946,-0.03116,-0.01172,0.62775,0.36259,0.55008,26.26471,1,-0.06461,0.03444,0.96722,0.0052,1,1,0.0,0.0,0.0,0.62342,0.55656,25.15882,1,-0.03708,0.04816,0.95525,0.00505,0,1,participant_26,question_4,Timer-Correct,True,Other
0.0,0,20,1,-0.04182,0.05513,0,0.46719,0.66204,0.31543,14903,4512.14941,1,-0.04979,0.03978,-0.02936,-0.01103,0.59071,0.36255,0.55016,26.33961,1,-0.05007,0.05494,0.94946,0.00522,1,1,0.03063,-0.01288,0.61983,0.62331,0.55668,25.29643,1,-0.03357,0.05532,0.94946,0.00505,1,1,participant_26,question_4,Timer-Correct,True,Other
0.0,0,20,1,-0.05227,0.06768,0,0.46615,0.66296,0.32178,14903,4512.14941,1,-0.05005,0.04058,-0.02936,-0.01103,0.59071,0.36238,0.55045,26.44296,1,-0.0549,0.07748,0.94367,0.00522,1,1,0.03063,-0.01288,0.61983,0.62309,0.55652,25.65799,1,-0.04965,0.05787,0.95565,0.00502,1,1,participant_26,question_4,Timer-Correct,True,Other
0.0,0,20,1,-0.06701,0.0451,0,0.46615,0.66296,0.32861,14903,4512.14941,1,-0.05087,0.04081,-0.02936,-0.01103,0.59071,0.36234,0.55048,26.4617,1,-0.0728,0.03339,0.94986,0.00524,1,1,0.03063,-0.01288,0.61983,0.62297,0.55667,25.52435,1,-0.06122,0.0568,0.96183,0.00505,1,1,participant_26,question_4,Timer-Correct,True,Other
0.0,0,20,1,-0.06959,0.04151,0,0.46615,0.66296,0.33545,14903,4512.14941,1,-0.05163,0.04119,-0.02936,-0.01108,0.59071,0.36224,0.55046,26.22662,1,-0.07803,0.0261,0.95605,0.00521,1,1,0.02962,-0.01252,0.60045,0.62299,0.55658,25.22318,1,-0.06116,0.05692,0.96173,0.00508,1,1,participant_26,question_4,Timer-Correct,True,Other
0.0,0,20,1,-0.05698,0.05787,0,0.46615,0.66296,0.34229,14903,4512.14941,1,-0.05122,0.0424,-0.02936,-0.01108,0.59071,0.3621,0.55061,26.56796,1,-0.09991,0.03704,0.96173,0.00519,1,1,0.02962,-0.01252,0.60045,0.62291,0.5567,25.45186,1,-0.01405,0.07869,0.95545,0.00512,1,1,participant_26,question_4,Timer-Correct,True,Other
0.0,0,20,1,-0.0462,0.06227,0,0.4651,0.66296,0.34863,14903,4512.14941,1,-0.05073,0.04381,-0.02936,-0.01108,0.59071,0.36203,0.55068,26.41501,1,-0.0689,0.05078,0.95545,0.00519,1,1,0.02962,-0.01252,0.60045,0.62274,0.55667,25.08963,1,-0.02349,0.07377,0.94916,0.00503,1,1,participant_26,question_4,Timer-Correct,True,Other
0.0,0,20,1,-0.04003,0.07316,0,0.4651,0.66296,0.35596,14903,4512.14941,1,-0.0501,0.04545,-0.02946,-0.01105,0.58915,0.36196,0.55053,26.20675,1,-0.06366,0.05802,0.94916,0.00514,1,1,0.02909,-0.01231,0.59051,0.62265,0.5567,25.35369,1,-0.01639,0.0883,0.93719,0.00505,1,1,participant_26,question_4,Timer-Correct,True,Other
0.0,0,20,1,-0.03643,0.05202,0,0.4651,0.66296,0.3623,14903,4512.14941,1,-0.0498,0.04613,-0.02946,-0.01105,0.58915,0.36161,0.55071,25.83594,1,-0.04879,0.03666,0.93719,0.0052,1,1,0.02909,-0.01231,0.59051,0.62256,0.55678,25.00708,1,-0.02408,0.06738,0.9315,0.00502,1,1,participant_26,question_4,Timer-Correct,True,Other
0.0,0,20,1,-0.04514,0.0444,0,0.4651,0.66296,0.36865,14903,4512.14941,1,-0.0501,0.04629,-0.02946,-0.01105,0.58915,0.36154,0.55069,25.65981,1,-0.05326,0.04949,0.9315,0.00521,1,1,0.02909,-0.01231,0.59051,0.62237,0.5568,24.8901,1,-0.03702,0.0393,0.92581,0.00501,1,1,participant_26,question_4,Timer-Correct,True,Other
0.0,0,20,1,-0.04896,0.03657,0,0.4651,0.66296,0.37549,14903,4512.14941,1,-0.05071,0.04592,0.0,0.0,0.0,0.36149,0.55079,26.02338,1,-0.05334,0.04937,0.9316,0.0052,0,1,0.03038,-0.0129,0.61854,0.62227,0.55704,25.33626,1,-0.04458,0.02376,0.93789,0.005,1,1,participant_26,question_4,Timer-Correct,True,Other
0.0,0,20,1,-0.06821,0.02312,0,0.4651,0.66296,0.3833,14903,4512.14941,1,-0.05151,0.04515,0.0,0.0,0.0,0.36131,0.55085,25.89541,1,-0.06656,0.05045,0.94367,0.00518,0,1,0.03038,-0.0129,0.61854,0.62225,0.55703,25.14476,1,-0.06986,-0.00421,0.95565,0.00504,1,1,participant_26,question_4,Timer-Correct,True,Other
0.0,0,20,1,-0.07466,0.00123,0,0.4651,0.66296,0.38916,14903,4512.14941,1,-0.05227,0.04396,0.0,0.0,0.0,0.36124,0.55093,25.85933,1,-0.09,0.0248,0.96143,0.00523,0,1,0.03038,-0.0129,0.61854,0.62216,0.557,25.12889,1,-0.05932,-0.02233,0.97341,0.00504,1,1,participant_26,question_4,Timer-Correct,True,Other
0.0,0,20,1,-0.08584,-0.01663,0,0.4651,0.66296,0.396,14903,4512.14941,1,-0.05313,0.04263,-0.02988,-0.01129,0.59492,0.36115,0.55092,25.84929,1,-0.10522,0.00391,0.9792,0.00519,1,1,0.02979,-0.01271,0.60749,0.62209,0.55707,25.32748,1,-0.06646,-0.03718,0.98488,0.00502,1,1,participant_26,question_4,Timer-Correct,True,Other
0.0,0,20,1,-0.085,-0.01021,0,0.4651,0.66296,0.40283,14903,4512.14941,1,-0.05362,0.04164,-0.02988,-0.01129,0.59492,0.36111,0.55099,25.7702,1,-0.12107,0.00581,0.98488,0.00522,1,1,0.02979,-0.01271,0.60749,0.62201,0.55721,25.31668,1,-0.04893,-0.02623,0.9786,0.00504,1,1,participant_26,question_4,Timer-Correct,True,Other
0.0,0,20,1,-0.07064,0.00585,0,0.4651,0.66296,0.40918,14903,4512.14941,1,-0.05368,0.04136,-0.02988,-0.01129,0.59492,0.36109,0.55097,25.6726,1,-0.09637,0.01825,0.9786,0.00523,1,1,0.02979,-0.01271,0.60749,0.62194,0.55719,25.11124,1,-0.04491,-0.00655,0.97231,0.00506,1,1,participant_26,question_4,Timer-Correct,True,Other
0.0,0,20,1,-0.06016,0.02417,0,0.46458,0.66296,0.41602,14903,4512.14941,1,-0.05342,0.04162,-0.02978,-0.01123,0.59193,0.361,0.55102,26.06418,1,-0.08615,0.03226,0.96652,0.00519,1,1,0.02853,-0.01224,0.58278,0.62186,0.55692,24.45578,1,-0.03417,0.01607,0.95455,0.00509,1,1,participant_26,question_4,Timer-Correct,True,Other
0.0,0,20,1,-0.03603,0.04916,0,0.46458,0.66296,0.42236,14903,4512.14941,1,-0.05286,0.04254,-0.02978,-0.01123,0.59193,0.36101,0.55114,26.33723,1,-0.04533,0.06345,0.94876,0.00522,1,1,0.02853,-0.01224,0.58278,0.62161,0.55696,24.35518,1,-0.02673,0.03488,0.94307,0.00509,1,1,participant_26,question_4,Timer-Correct,True,Other
0.0,0,20,1,-0.03069,0.06626,0,0.46458,0.66296,0.4292,14903,4512.14941,1,-0.0525,0.04298,-0.02978,-0.01123,0.59193,0.36093,0.55113,26.314,1,-0.03712,0.07999,0.93729,0.00513,1,1,0.02853,-0.01224,0.58278,0.62165,0.55697,24.34533,1,-0.02426,0.05253,0.9316,0.00507,1,1,participant_26,question_4,Timer-Correct,True,Other
0.0,0,20,1,-0.02257,0.08002,0,0.46458,0.66296,0.43604,14903,4512.14941,1,-0.05216,0.04341,-0.02978,-0.01123,0.59193,0.3609,0.55114,26.40268,1,-0.02783,0.09306,0.92581,0.00513,1,1,0.02853,-0.01228,0.58278,0.62171,0.55716,24.89315,1,-0.01731,0.06699,0.92012,0.00501,1,1,participant_26,question_4,Timer-Correct,True,Other
0.0,0,20,1,-0.02252,0.08646,0,0.46458,0.66296,0.44238,14903,4512.14941,1,-0.0519,0.04426,-0.02978,-0.01123,0.59193,0.36077,0.55102,25.78261,1,-0.02733,0.09499,0.92012,0.00516,1,1,0.02853,-0.01228,0.58278,0.62161,0.55716,24.78707,1,-0.01771,0.07794,0.92012,0.00505,1,1,participant_26,question_4,Timer-Correct,True,Other
0.0,0,20,1,-0.02235,0.08633,0,0.46458,0.66296,0.44922,14903,4512.14941,1,-0.05164,0.04495,-0.02978,-0.01123,0.59193,0.36085,0.55101,25.82588,1,-0.026,0.09056,0.92012,0.0052,1,1,0.02853,-0.01228,0.58278,0.62171,0.55727,24.85852,1,-0.01869,0.0821,0.92012,0.005,1,1,participant_26,question_4,Timer-Correct,True,Other
0.0,0,20,1,-0.03272,0.06822,0,0.46458,0.66296,0.45605,14903,4512.14941,1,-0.0516,0.04527,-0.03172,-0.012,0.63243,0.36097,0.55105,25.52923,1,-0.0359,0.07657,0.93231,0.00518,1,1,0.02996,-0.01288,0.61111,0.62182,0.55735,24.62444,1,-0.02955,0.05986,0.93799,0.00504,1,1,participant_26,question_4,Timer-Correct,True,Other
0.0,0,20,1,0.0321,0.08672,0,0.46458,0.66296,0.4624,14903,4512.14941,1,-0.05038,0.04562,-0.03172,-0.012,0.63243,0.36276,0.55169,24.88848,1,0.01558,0.08256,0.95018,0.00531,1,1,0.02996,-0.01288,0.61111,0.6236,0.55818,23.96309,1,0.04863,0.09089,0.95587,0.0051,1,1,participant_26,question_4,Timer-Correct,True,Other
0.0,0,20,1,0.1292,0.22647,0,0.46458,0.66296,0.4624,14903,4512.14941,0,-0.0256,0.06274,-0.03172,-0.012,0.63243,0.36484,0.55346,26.17724,1,0.10811,0.24006,0.96805,0.00525,1,1,0.02996,-0.01288,0.61111,0.62533,0.55984,24.78217,1,0.1503,0.21288,0.97374,0.00509,1,1,participant_26,question_4,Timer-Correct,True,Question
0.0,0,20,1,0.12352,0.2154,0,0.46458,0.66296,0.4624,14903,4512.14941,0,0.04896,0.13907,-0.0297,-0.01185,0.60759,0.36577,0.55425,26.12383,1,0.10113,0.2295,0.97952,0.00529,1,1,0.0,0.0,0.0,0.62629,0.56052,24.62969,1,0.14591,0.20129,0.98521,0.00507,0,1,participant_26,question_4,Timer-Correct,True,Question
0.0,0,20,1,0.26041,0.38671,0,0.46458,0.66296,0.4624,14903,4512.14941,0,0.11944,0.22162,-0.0297,-0.01185,0.60759,0.36899,0.5569,25.93348,1,0.27763,0.40818,0.97882,0.00529,1,1,0.0,0.0,0.0,0.62896,0.5639,25.7493,1,0.24319,0.36524,0.97882,0.00515,0,1,participant_26,question_4,Timer-Correct,True,Question
0.0,0,20,1,0.34282,0.49429,0,0.46458,0.66296,0.4624,14903,4512.14941,0,0.24225,0.36547,-0.0297,-0.01185,0.60759,0.37154,0.5589,26.66424,1,0.34466,0.49261,0.97242,0.00537,1,1,0.0,0.0,0.0,0.63086,0.56565,25.66009,1,0.34098,0.49598,0.97242,0.00516,0,1,participant_26,question_4,Timer-Correct,True,Answer_Area
0.0,0,20,1,0.34228,0.49212,0,0.46458,0.66296,0.4624,14903,4512.14941,0,0.29227,0.42879,-0.02957,-0.01262,0.62307,0.3721,0.55931,26.53011,1,0.34466,0.49261,0.97242,0.00528,1,1,0.03147,-0.01387,0.6163,0.63162,0.5664,25.89117,1,0.33991,0.49162,0.97871,0.00508,1,1,participant_26,question_4,Timer-Correct,True,Answer_Area
0.0,0,20,1,0.41839,0.58593,0,0.46458,0.66296,0.4624,14903,4512.14941,0,0.33431,0.48117,-0.02957,-0.01262,0.62307,0.37412,0.56125,27.3171,1,0.42575,0.60263,0.9851,0.00538,1,1,0.03147,-0.01387,0.6163,0.6332,0.56768,26.08365,1,0.41103,0.56923,0.99139,0.00506,1,1,participant_26,question_4,Timer-Correct,True,Answer_Area
0.0,0,20,1,0.39675,0.5762,0,0.46458,0.66296,0.4624,14903,4512.14941,0,0.38581,0.55141,-0.02957,-0.01262,0.62307,0.3739,0.56112,27.1399,1,0.40288,0.59412,0.99778,0.00539,1,1,0.03147,-0.01387,0.6163,0.63337,0.56774,25.82863,1,0.39062,0.55827,1.00407,0.00505,1,1,participant_26,question_4,Timer-Correct,True,Answer_Area
0.0,0,20,1,0.39519,0.57058,0,0.46458,0.66296,0.4624,14903,4512.14941,0,0.3905,0.561,-0.02882,-0.01241,0.60817,0.37393,0.56131,27.25298,1,0.40127,0.59091,1.00407,0.0054,1,1,0.0327,-0.01445,0.63572,0.6335,0.5678,25.91891,1,0.38911,0.55025,1.01734,0.00506,1,1,participant_26,question_4,Timer-Correct,True,Answer_Area
0.0,0,20,1,0.41421,0.58886,0,0.46458,0.66296,0.4624,14903,4512.14941,0,0.3984,0.57029,-0.02882,-0.01241,0.60817,0.37398,0.56137,27.11619,1,0.40695,0.5944,1.01095,0.00532,1,1,0.0327,-0.01445,0.63572,0.63384,0.56811,25.93963,1,0.42147,0.58332,1.01793,0.00504,1,1,participant_26,question_4,Timer-Correct,True,Answer_Area
0.0,0,20,1,0.41612,0.59047,0,0.46458,0.66296,0.02051,14904,4512.65869,1,0.40283,0.57533,-0.02882,-0.01241,0.60817,0.37402,0.56146,27.36842,1,0.40949,0.59833,1.01154,0.00532,1,1,0.0327,-0.01445,0.63572,0.63392,0.56805,25.83553,1,0.42276,0.5826,1.01852,0.00502,1,1,participant_26,question_4,Timer-Correct,True,Answer_Area
0.0,0,20,1,0.4163,0.59214,0,0.46458,0.66296,0.02686,14904,4512.65869,1,0.40553,0.57869,-0.02882,-0.01241,0.60817,0.37404,0.5615,27.38261,1,0.40935,0.59803,1.01212,0.00532,1,1,0.03188,-0.01406,0.61887,0.63395,0.56814,25.87256,1,0.42326,0.58624,1.01212,0.00499,1,1,participant_26,question_4,Timer-Correct,True,Answer_Area
0.0,0,20,1,0.40018,0.55482,0,0.46458,0.66296,0.03369,14904,4512.65869,1,0.40464,0.57471,-0.02882,-0.01241,0.60817,0.37394,0.56135,27.11589,1,0.39942,0.58215,1.01212,0.00533,1,1,0.03188,-0.01406,0.61887,0.63404,0.56817,25.7766,1,0.40094,0.52749,1.00514,0.00502,1,1,participant_26,question_4,Timer-Correct,True,Answer_Area
0.0,0,20,1,0.40291,0.55761,0,0.46458,0.66296,0.04053,14904,4512.65869,1,0.40439,0.57227,-0.02882,-0.01241,0.60817,0.37391,0.56132,27.23898,1,0.40138,0.58695,1.00514,0.00532,1,1,0.03188,-0.01406,0.61887,0.6341,0.56819,25.78976,1,0.40445,0.52827,0.99815,0.00503,1,1,participant_26,question_4,Timer-Correct,True,Answer_Area
0.0,0,20,1,0.40446,0.56363,0,0.46458,0.66296,0.04688,14904,4512.65869,1,0.4044,0.57119,-0.02882,-0.01241,0.60817,0.37394,0.56126,27.24669,1,0.40316,0.59055,0.99815,0.0053,1,1,0.0314,-0.01388,0.60878,0.6341,0.56819,25.78576,1,0.40576,0.53671,0.98488,0.00503,1,1,participant_26,question_4,Timer-Correct,True,Answer_Area
0.0,0,20,1,0.41694,0.59466,0,0.46458,0.66296,0.05371,14904,4512.65869,1,0.40579,0.5738,-0.02882,-0.01241,0.60817,0.37392,0.56132,27.3806,1,0.41115,0.5913,0.98488,0.0053,1,1,0.0314,-0.01388,0.60878,0.63429,0.56812,26.00865,1,0.42273,0.59801,0.9786,0.00498,1,1,participant_26,question_4,Timer-Correct,True,Answer_Area
0.0,0,20,1,0.42011,0.60618,0,0.46458,0.66296,0.06152,14904,4512.65869,1,0.40722,0.57704,-0.02882,-0.01241,0.60817,0.37396,0.56127,27.19433,1,0.41168,0.60035,0.9786,0.0053,1,1,0.0314,-0.01388,0.60878,0.63429,0.56817,25.89314,1,0.42854,0.61201,0.97231,0.005,1,1,participant_26,question_4,Timer-Correct,True,Answer_Area
0.0,0,20,1,0.4209,0.6078,0,0.46458,0.66296,0.06738,14904,4512.65869,1,0.40847,0.57983,-0.02882,-0.01241,0.60817,0.37397,0.56129,27.2282,1,0.41325,0.60359,0.97231,0.00531,1,1,0.03224,-0.01423,0.62406,0.63441,0.56816,25.86619,1,0.42854,0.61201,0.97231,0.005,1,1,participant_26,question_4,Timer-Correct,True,Answer_Area
0.0,0,20,1,0.41311,0.59527,0,0.46458,0.66296,0.07373,14904,4512.65869,1,0.40885,0.58112,-0.02882,-0.01241,0.60817,0.37403,0.56125,27.19056,1,0.41314,0.59434,0.97231,0.00533,1,1,0.03224,-0.01423,0.62406,0.63448,0.56819,25.76814,1,0.41308,0.5962,0.9786,0.005,1,1,participant_26,question_4,Timer-Correct,True,Answer_Area
0.0,0,20,1,0.41237,0.59574,0,0.46458,0.66296,0.08057,14904,4512.65869,1,0.40913,0.58224,-0.02882,-0.01241,0.60817,0.37405,0.56124,27.17592,1,0.41266,0.59328,0.9786,0.00534,1,1,0.03224,-0.01423,0.62406,0.63447,0.56817,25.83384,1,0.41208,0.5982,0.98488,0.005,1,1,participant_26,question_4,Timer-Correct,True,Answer_Area
0.0,0,20,1,0.41097,0.59029,0,0.46458,0.66296,0.0874,14904,4512.65869,1,0.40926,0.58282,-0.02882,-0.01241,0.60817,0.37403,0.56122,27.23621,1,0.41109,0.59,0.98488,0.00534,1,1,0.03301,-0.01455,0.638,0.63452,0.56817,25.89894,1,0.41085,0.59059,0.99815,0.005,1,1,participant_26,question_4,Timer-Correct,True,Answer_Area
0.0,0,20,1,0.41791,0.58664,1,0.46458,0.66296,0.09424,14904,4512.65869,1,0.40983,0.58307,-0.02882,-0.01241,0.60817,0.37408,0.5612,27.33986,1,0.41333,0.58384,0.99815,0.00535,1,1,0.03301,-0.01455,0.638,0.63466,0.56822,25.76676,1,0.42248,0.58944,1.00514,0.00499,1,1,participant_26,question_4,Timer-Correct,True,Answer_Area
0.0,0,20,1,0.41852,0.5786,0,0.46458,0.66296,0.10059,14904,4512.65869,1,0.41038,0.58279,-0.02882,-0.01241,0.60817,0.37412,0.56112,27.27057,1,0.40893,0.57077,1.00514,0.00535,1,1,0.03301,-0.01455,0.638,0.63473,0.56821,25.883,1,0.42811,0.58642,1.01212,0.00497,1,1,participant_26,question_4,Timer-Correct,True,Answer_Area
0.0,0,20,1,0.41789,0.57853,0,0.46458,0.66296,0.10791,14904,4512.65869,1,0.41082,0.58254,-0.02902,-0.01245,0.61246,0.37412,0.56112,27.27057,1,0.4072,0.56706,1.01212,0.00535,1,1,0.03161,-0.01389,0.60918,0.63478,0.56817,25.87589,1,0.42858,0.58999,1.00584,0.00499,1,1,participant_26,question_4,Timer-Correct,True,Answer_Area
0.0,0,20,1,0.41921,0.605,0,0.46458,0.66296,0.11426,14904,4512.65869,1,0.41129,0.58379,-0.02902,-0.01245,0.61246,0.37415,0.56106,27.24582,1,0.42214,0.61362,1.00584,0.00536,1,1,0.03161,-0.01389,0.60918,0.6349,0.5682,25.70781,1,0.41628,0.59639,0.99257,0.005,1,1,participant_26,question_4,Timer-Correct,True,Answer_Area
0.0,0,20,1,0.42492,0.60578,0,0.46458,0.66296,0.12061,14904,4512.65869,1,0.412,0.58495,-0.02902,-0.01245,0.61246,0.37424,0.56101,27.27758,1,0.43067,0.61543,0.99257,0.00534,1,1,0.03161,-0.01389,0.60918,0.6349,0.56818,25.65616,1,0.41916,0.59614,0.97929,0.00502,1,1,participant_26,question_4,Timer-Correct,True,Answer_Area
0.0,0,20,1,0.42699,0.61288,0,0.46458,0.66296,0.12744,14904,4512.65869,1,0.41275,0.58634,-0.02882,-0.01232,0.60817,0.37426,0.56102,27.29537,1,0.43368,0.62195,0.97929,0.00532,1,1,0.03177,-0.01391,0.61225,0.63499,0.56818,25.7219,1,0.42029,0.60381,0.96602,0.00499,1,1,participant_26,question_4,Timer-Correct,True,Answer_Area
0.0,0,20,1,0.40583,0.60259,0,0.46458,0.66296,0.13428,14904,4512.65869,1,0.41242,0.58712,-0.02882,-0.01232,0.60817,0.37434,0.56089,27.30678,1,0.41346,0.61406,0.96602,0.00536,1,1,0.03177,-0.01391,0.61225,0.63513,0.56808,25.9344,1,0.39819,0.59111,0.96602,0.00497,1,1,participant_26,question_4,Timer-Correct,True,Answer_Area
0.0,0,20,1,0.4148,0.62832,0,0.46458,0.66296,0.14111,14904,4512.65869,1,0.41253,0.58899,-0.02882,-0.01232,0.60817,0.37438,0.56079,27.24627,1,0.42318,0.65487,0.96602,0.00535,1,1,0.03177,-0.01391,0.61225,0.63518,0.56809,25.8819,1,0.40641,0.60177,0.96602,0.005,1,1,participant_26,question_4,Timer-Correct,True,Answer_Area
0.0,0,20,1,0.41218,0.61944,0,0.46458,0.66296,0.14746,14904,4512.65869,1,0.41251,0.59031,-0.0302,-0.01295,0.63927,0.37439,0.56078,27.24861,1,0.41993,0.6486,0.97953,0.00536,1,1,0.03406,-0.01485,0.65553,0.63519,0.5681,26.00969,1,0.40442,0.59027,0.98581,0.005,1,1,participant_26,question_4,Timer-Correct,True,Answer_Area
0.0,0,20,1,0.41653,0.5945,0,0.46458,0.66296,0.1543,14904,4512.65869,1,0.41268,0.59049,-0.0302,-0.01295,0.63927,0.37442,0.56074,27.26665,1,0.42093,0.62771,0.99932,0.00535,1,1,0.03406,-0.01485,0.65553,0.63533,0.56801,25.79126,1,0.41212,0.5613,1.0056,0.00499,1,1,participant_26,question_4,Timer-Correct,True,Answer_Area
0.0,0,20,1,0.4009,0.57914,0,0.46458,0.66296,0.16113,14904,4512.65869,1,0.41221,0.59004,-0.0302,-0.01295,0.63927,0.37448,0.5607,27.21388,1,0.38983,0.60628,1.01911,0.00533,1,1,0.03406,-0.01485,0.65553,0.63538,0.56796,25.80342,1,0.41196,0.55201,1.02539,0.00504,1,1,participant_26,question_4,Timer-Correct,True,Answer_Area
0.0,0,20,1,0.39866,0.57226,0,0.46458,0.66296,0.16797,14904,4512.65869,1,0.41169,0.58935,-0.02954,-0.01259,0.62646,0.37453,0.56066,27.26576,1,0.38648,0.60007,1.03179,0.00534,1,1,0.03256,-0.01415,0.62482,0.63541,0.56796,25.81911,1,0.41083,0.54446,1.03807,0.005,1,1,participant_26,question_4,Timer-Correct,True,Answer_Area
0.0,0,20,1,0.40284,0.57119,0,0.46458,0.66296,0.17432,14904,4512.65869,1,0.41136,0.58868,-0.02954,-0.01259,0.62646,0.37461,0.5605,27.22503,1,0.38801,0.59454,1.03097,0.00535,1,1,0.03256,-0.01415,0.62482,0.6355,0.56784,26.05576,1,0.41768,0.54784,1.03097,0.00499,1,1,participant_26,question_4,Timer-Correct,True,Answer_Area
0.0,0,20,1,0.40994,0.56319,0,0.46458,0.66296,0.18115,14904,4512.65869,1,0.41131,0.58777,-0.02954,-0.01259,0.62646,0.3746,0.56042,27.02926,1,0.39405,0.58897,1.02386,0.00536,1,1,0.03256,-0.01415,0.62482,0.63552,0.56786,26.07142,1,0.42582,0.53741,1.02386,0.00499,1,1,participant_26,question_4,Timer-Correct,True,Answer_Area
0.0,0,20,1,0.41135,0.56906,0,0.46458,0.66296,0.1875,14904,4512.65869,1,0.41131,0.58712,-0.02954,-0.01259,0.62646,0.37466,0.56042,27.05768,1,0.39589,0.59256,1.01675,0.00532,1,1,0.0313,-0.01354,0.59991,0.63554,0.56788,26.11505,1,0.42682,0.54557,1.01047,0.00497,1,1,participant_26,question_4,Timer-Correct,True,Answer_Area
0.0,0,20,1,0.40268,0.56686,0,0.46458,0.66296,0.19434,14904,4512.65869,1,0.41102,0.58645,-0.02954,-0.01259,0.62646,0.37467,0.56042,27.05121,1,0.40159,0.58579,1.01047,0.00532,1,1,0.0313,-0.01354,0.59991,0.63565,0.56787,26.09827,1,0.40377,0.54794,1.00418,0.005,1,1,participant_26,question_4,Timer-Correct,True,Answer_Area
0.0,0,20,1,0.40799,0.60088,0,0.46458,0.66296,0.20215,14904,4512.65869,1,0.41093,0.58691,-0.02954,-0.01259,0.62646,0.3747,0.56039,27.12359,1,0.40234,0.59233,1.00418,0.00531,1,1,0.0313,-0.01354,0.59991,0.63571,0.56781,25.98929,1,0.41365,0.60942,0.99789,0.00501,1,1,participant_26,question_4,Timer-Correct,True,Answer_Area
0.0,0,20,1,0.41018,0.60763,0,0.46458,0.66296,0.2085,14904,4512.65869,1,0.4109,0.58756,-0.02862,-0.01222,0.60774,0.37472,0.56038,27.11194,1,0.40557,0.5988,0.9915,0.00531,1,1,0.0313,-0.0135,0.59991,0.63571,0.56781,25.98929,1,0.41479,0.61646,0.98521,0.00501,1,1,participant_26,question_4,Timer-Correct,True,Answer_Area
0.0,0,20,1,0.40872,0.58035,0,0.46458,0.66296,0.21436,14904,4512.65869,1,0.41084,0.58734,-0.02862,-0.01222,0.60774,0.37474,0.5603,27.18713,1,0.40462,0.60249,0.97882,0.00528,1,1,0.0313,-0.0135,0.59991,0.63578,0.56779,25.87826,1,0.41281,0.5582,0.97882,0.00499,1,1,participant_26,question_4,Timer-Correct,True,Answer_Area
0.0,0,20,1,0.41263,0.59109,0,0.46458,0.66296,0.2207,14904,4512.65869,1,0.41089,0.58745,-0.02862,-0.01222,0.60774,0.37474,0.56032,27.12867,1,0.41103,0.60691,0.97242,0.00528,1,1,0.0313,-0.0135,0.59991,0.63578,0.56779,25.87826,1,0.41423,0.57526,0.97242,0.00499,1,1,participant_26,question_4,Timer-Correct,True,Answer_Area
0.0,0,20,1,0.41263,0.59109,0,0.46458,0.66296,0.22754,14904,4512.65869,1,0.41094,0.58756,-0.02914,-0.01237,0.61793,0.37473,0.56035,27.20162,1,0.41103,0.60691,0.97242,0.00528,1,1,0.0313,-0.01354,0.59991,0.63579,0.56777,25.9118,1,0.41423,0.57526,0.97242,0.00499,1,1,participant_26,question_4,Timer-Correct,True,Answer_Area
0.0,0,20,1,0.41526,0.59062,3,0.46458,0.66296,0.23486,14904,4512.65869,1,0.41106,0.58764,-0.02914,-0.01237,0.61793,0.37471,0.56035,27.27202,1,0.41168,0.60289,0.97882,0.00527,1,1,0.0313,-0.01354,0.59991,0.63572,0.56788,26.08079,1,0.41884,0.57835,0.97882,0.00501,1,1,participant_26,question_4,Timer-Correct,True,Answer_Area
0.0,0,20,1,0.41584,0.58326,0,0.46458,0.66296,0.24121,14904,4512.65869,1,0.41119,0.58752,-0.02914,-0.01237,0.61793,0.37472,0.5604,27.11615,1,0.41106,0.59298,0.98521,0.00527,1,1,0.0313,-0.01354,0.59991,0.63578,0.56782,26.02589,1,0.42062,0.57355,0.98521,0.00499,1,1,participant_26,question_4,Timer-Correct,True,Answer_Area
0.0,0,20,1,0.41584,0.58326,0,0.46458,0.66296,0.24805,14904,4512.65869,1,0.41131,0.58741,-0.02862,-0.01222,0.60774,0.37472,0.5604,27.11615,1,0.41106,0.59298,0.98521,0.00527,1,1,0.0313,-0.01354,0.59991,0.63581,0.56781,26.0111,1,0.42062,0.57355,0.98521,0.00501,1,1,participant_26,question_4,Timer-Correct,True,Answer_Area
0.0,0,20,1,0.41203,0.5934,0,0.46458,0.66296,0.25488,14904,4512.65869,1,0.41133,0.58756,-0.02862,-0.01222,0.60774,0.3747,0.56038,27.01831,1,0.40508,0.60774,0.97882,0.00529,1,1,0.0313,-0.01354,0.59991,0.63581,0.56781,26.0111,1,0.41898,0.57905,0.97882,0.00501,1,1,participant_26,question_4,Timer-Correct,True,Answer_Area
0.0,0,20,1,0.41411,0.59617,0,0.46458,0.66296,0.26123,14904,4512.65869,1,0.4114,0.58778,-0.02862,-0.01222,0.60774,0.37472,0.56041,27.08529,1,0.40883,0.61017,0.97242,0.00527,1,1,0.0313,-0.01354,0.59991,0.63581,0.56781,26.0111,1,0.41939,0.58217,0.97242,0.00501,1,1,participant_26,question_4,Timer-Correct,True,Answer_Area
0.0,0,20,1,0.41411,0.59617,0,0.46458,0.66296,0.26807,14904,4512.65869,1,0.41146,0.58798,-0.02914,-0.01237,0.61793,0.3747,0.56042,27.11007,1,0.40883,0.61017,0.97242,0.00526,1,1,0.0313,-0.01354,0.59991,0.63583,0.56786,26.08137,1,0.41939,0.58217,0.97242,0.00502,1,1,participant_26,question_4,Timer-Correct,True,Answer_Area
0.0,0,20,1,0.41164,0.595,0,0.46458,0.66296,0.2749,14904,4512.65869,1,0.41147,0.58815,-0.02914,-0.01237,0.61793,0.37471,0.56039,26.97501,1,0.40071,0.60833,0.97882,0.0053,1,1,0.0313,-0.01354,0.59991,0.63582,0.56787,26.04415,1,0.42256,0.58168,0.97882,0.00502,1,1,participant_26,question_4,Timer-Correct,True,Answer_Area
0.0,0,20,1,0.40919,0.59073,0,0.46458,0.66296,0.28125,14904,4512.65869,1,0.41142,0.58821,-0.02914,-0.01237,0.61793,0.37473,0.56038,27.00496,1,0.39708,0.59829,0.98521,0.00528,1,1,0.0313,-0.01354,0.59991,0.63583,0.56792,26.09506,1,0.4213,0.58317,0.98521,0.00503,1,1,participant_26,question_4,Timer-Correct,True,Answer_Area
0.0,0,20,1,0.40684,0.58329,0,0.46458,0.66296,0.28809,14904,4512.65869,1,0.41131,0.5881,-0.03041,-0.01289,0.64386,0.37471,0.56039,26.97501,1,0.3935,0.59134,0.99872,0.0053,1,1,0.0313,-0.01354,0.59991,0.63579,0.56795,26.21782,1,0.42019,0.57524,0.99872,0.00503,1,1,participant_26,question_4,Timer-Correct,True,Answer_Area
0.0,0,20,1,0.40542,0.57423,0,0.46458,0.66296,0.29492,14904,4512.65869,1,0.41118,0.58779,-0.03041,-0.01289,0.64386,0.3747,0.56042,27.04982,1,0.39179,0.58508,1.00582,0.0053,1,1,0.0313,-0.01354,0.59991,0.63579,0.56795,26.21782,1,0.41904,0.56338,1.00582,0.00503,1,1,participant_26,question_4,Timer-Correct,True,Answer_Area
0.0,0,20,1,0.40251,0.57596,0,0.46458,0.66296,0.30176,14904,4512.65869,1,0.41099,0.58753,-0.03041,-0.01289,0.64386,0.37468,0.56042,27.0153,1,0.38602,0.58503,1.01293,0.00531,1,1,0.0313,-0.01354,0.59991,0.63582,0.56787,26.04415,1,0.41901,0.56689,1.01293,0.00502,1,1,participant_26,question_4,Timer-Correct,True,Answer_Area
0.0,0,20,1,0.40126,0.57205,0,0.47083,0.66296,0.30859,14904,4512.65869,1,0.41079,0.5872,-0.0302,-0.01285,0.63927,0.37463,0.56043,27.04466,1,0.3841,0.58138,1.02004,0.00528,1,1,0.0313,-0.01354,0.59991,0.63574,0.5679,26.0893,1,0.41842,0.56272,1.02004,0.00503,1,1,participant_26,question_4,Timer-Correct,True,Answer_Area
0.0,0,20,1,0.40043,0.5718,0,0.47083,0.66296,0.31494,14904,4512.65869,1,0.41057,0.58688,-0.0302,-0.01285,0.63927,0.37452,0.56048,26.96949,1,0.38642,0.58761,1.02004,0.00526,1,1,0.0313,-0.01354,0.59991,0.6358,0.56786,26.06979,1,0.41443,0.556,1.02004,0.005,1,1,participant_26,question_4,Timer-Correct,True,Answer_Area
0.0,0,20,1,0.39912,0.57309,0,0.47083,0.66296,0.32178,14904,4512.65869,1,0.41085,0.58734,-0.0302,-0.01285,0.63927,0.37454,0.56051,26.97425,1,0.3844,0.58952,1.02004,0.00525,1,1,0.0313,-0.01354,0.59991,0.63581,0.56793,26.04714,1,0.41383,0.55666,1.02004,0.00503,1,1,participant_26,question_4,Timer-Correct,True,Answer_Area
0.0,0,20,1,0.39912,0.57309,0,0.47083,0.66296,0.32812,14904,4512.65869,1,0.41093,0.58739,-0.0302,-0.01285,0.63927,0.3745,0.56053,26.96035,1,0.3844,0.58952,1.02004,0.00525,1,1,0.0313,-0.01354,0.59991,0.63582,0.56787,26.04415,1,0.41383,0.55666,1.02004,0.00501,1,1,participant_26,question_4,Timer-Correct,True,Answer_Area
0.0,0,20,1,0.41079,0.57631,0,0.47083,0.66296,0.33447,14904,4512.65869,1,0.41086,0.58713,-0.0302,-0.01285,0.63927,0.37445,0.56052,26.8556,1,0.40833,0.59507,1.02004,0.00529,1,1,0.0313,-0.01354,0.59991,0.63572,0.56792,26.10274,1,0.41325,0.55754,1.02004,0.00504,1,1,participant_26,question_4,Timer-Correct,True,Answer_Area
0.0,0,20,1,0.40727,0.57254,0,0.47083,0.66296,0.34277,14904,4512.65869,1,0.41067,0.58675,-0.0302,-0.01285,0.63927,0.37444,0.56051,26.82894,1,0.40506,0.58872,1.02004,0.00529,1,1,0.0313,-0.01354,0.59991,0.63567,0.56788,26.08356,1,0.40949,0.55636,1.02004,0.00502,1,1,participant_26,question_4,Timer-Correct,True,Answer_Area
0.0,0,20,1,0.40957,0.57997,0,0.56302,0.69444,0.34863,14904,4512.65869,1,0.41053,0.5865,-0.02902,-0.01226,0.61246,0.3744,0.56047,26.90068,1,0.40841,0.59555,1.00653,0.00526,1,1,0.0313,-0.0135,0.59991,0.63569,0.56789,26.08134,1,0.41073,0.56439,1.00653,0.00501,1,1,participant_26,question_4,Timer-Correct,True,Answer_Area
0.0,0,20,1,0.42014,0.60383,0,0.56302,0.69444,0.35498,14904,4512.65869,1,0.41095,0.58752,-0.02902,-0.01226,0.61246,0.37428,0.56034,27.04119,1,0.42437,0.59223,0.99303,0.00525,1,1,0.0313,-0.0135,0.59991,0.63568,0.56789,26.06736,1,0.4159,0.61542,0.99303,0.00501,1,1,participant_26,question_4,Timer-Correct,True,Answer_Area
0.0,0,20,1,0.43137,0.60972,0,0.56302,0.69444,0.36182,14904,4512.65869,1,0.41154,0.58861,-0.02902,-0.01226,0.61246,0.37425,0.5603,26.92981,1,0.42639,0.59953,0.97953,0.00526,1,1,0.0313,-0.0135,0.59991,0.63564,0.56785,26.0871,1,0.43636,0.61991,0.97953,0.00501,1,1,participant_26,question_4,Timer-Correct,True,Answer_Area
0.0,0,20,1,0.4332,0.61519,0,0.56302,0.69444,0.36865,14904,4512.65869,1,0.41214,0.58968,-0.02902,-0.01226,0.61246,0.37425,0.5603,26.93948,1,0.42955,0.60648,0.96602,0.00526,1,1,0.03287,-0.01419,0.63082,0.6356,0.56783,26.09962,1,0.43684,0.6239,0.97231,0.00502,1,1,participant_26,question_4,Timer-Correct,True,Answer_Area
0.0,0,20,1,0.42798,0.60196,0,0.64792,0.73148,0.37549,14904,4512.65869,1,0.41237,0.58983,-0.02902,-0.01226,0.61246,0.37417,0.56028,26.95446,1,0.42409,0.59865,0.97231,0.00525,1,1,0.03287,-0.01419,0.63082,0.6355,0.56778,26.185,1,0.43186,0.60527,0.9786,0.005,1,1,participant_26,question_4,Timer-Correct,True,Answer_Area
0.0,0,20,1,0.42319,0.60516,0,0.64792,0.73148,0.38184,14904,4512.65869,1,0.41243,0.58981,-0.02902,-0.01226,0.61246,0.37406,0.56028,26.97875,1,0.41862,0.59511,0.9786,0.00523,1,1,0.03287,-0.01419,0.63082,0.63547,0.56781,26.12214,1,0.42776,0.61521,0.98488,0.005,1,1,participant_26,question_4,Timer-Correct,True,Answer_Area
0.0,0,20,1,0.42192,0.59985,0,0.64792,0.73148,0.38916,14904,4512.65869,1,0.41246,0.58965,-0.02902,-0.01226,0.61246,0.37402,0.56027,26.86364,1,0.41709,0.59184,0.98488,0.00526,1,1,0.03388,-0.01465,0.65103,0.63547,0.56784,26.02285,1,0.42675,0.60785,0.99815,0.00501,1,1,participant_26,question_4,Timer-Correct,True,Answer_Area
0.0,0,20,1,0.41449,0.60069,0,0.64792,0.73148,0.39551,14904,4512.65869,1,0.41248,0.58976,-0.02902,-0.01226,0.61246,0.37397,0.56032,26.90787,1,0.4086,0.59729,0.99815,0.00526,1,1,0.03388,-0.01465,0.65103,0.63543,0.56777,26.21656,1,0.42037,0.60408,1.00514,0.00499,1,1,participant_26,question_4,Timer-Correct,True,Answer_Area
0.0,0,20,1,0.40272,0.57141,0,0.75104,0.78426,0.40234,14904,4512.65869,1,0.41228,0.58925,-0.02902,-0.01226,0.61246,0.37399,0.56032,26.85698,1,0.39804,0.59198,1.00514,0.00526,1,1,0.03388,-0.01465,0.65103,0.63537,0.56786,26.02799,1,0.40741,0.55084,1.01212,0.00503,1,1,participant_26,question_4,Timer-Correct,True,Answer_Area
0.0,0,20,1,0.39943,0.56209,0,0.75104,0.78426,0.40869,14904,4512.65869,1,0.41204,0.58866,-0.03062,-0.01295,0.64406,0.37392,0.56044,26.85345,1,0.39273,0.58152,1.02563,0.00526,1,1,0.03406,-0.0148,0.65553,0.63532,0.56785,26.00777,1,0.40613,0.54267,1.02563,0.00503,1,1,participant_26,question_4,Timer-Correct,True,Answer_Area
0.0,0,20,1,0.41733,0.57337,0,0.75104,0.78426,0.41553,14904,4512.65869,1,0.41203,0.58839,-0.03062,-0.01295,0.64406,0.3737,0.5605,26.93081,1,0.40399,0.56792,1.03913,0.00526,1,1,0.03406,-0.0148,0.65553,0.63507,0.5677,25.89237,1,0.43066,0.57882,1.03215,0.00502,1,1,participant_26,question_4,Timer-Correct,True,Answer_Area
0.0,0,20,1,0.41737,0.56442,0,0.75104,0.78426,0.42236,14904,4512.65869,1,0.41201,0.58809,-0.03062,-0.01295,0.64406,0.37357,0.56036,26.99268,1,0.42252,0.56099,1.04565,0.00525,1,1,0.03406,-0.0148,0.65553,0.63508,0.56767,26.00522,1,0.41222,0.56786,1.03866,0.005,1,1,participant_26,question_4,Timer-Correct,True,Answer_Area
0.0,0,20,1,0.41874,0.57004,0,0.75104,0.78426,0.42871,14904,4512.65869,1,0.41202,0.58792,-0.02923,-0.01228,0.61301,0.37352,0.56035,27.02,1,0.42409,0.56462,1.03866,0.00523,1,1,0.03161,-0.01371,0.60918,0.63506,0.56767,26.0328,1,0.41338,0.57545,1.02539,0.00498,1,1,participant_26,question_4,Timer-Correct,True,Answer_Area
0.0,0,20,1,0.41461,0.57607,0,0.79792,0.80185,0.43555,14904,4512.65869,1,0.41193,0.58731,-0.02923,-0.01228,0.61301,0.37346,0.56033,26.93559,1,0.4201,0.58218,1.01189,0.00523,1,1,0.03161,-0.01371,0.60918,0.63492,0.56758,25.77668,1,0.40912,0.56995,1.0056,0.00497,1,1,participant_26,question_4,Timer-Correct,True,Answer_Area
0.0,0,20,1,0.41222,0.59693,0,0.79792,0.80185,0.44238,14904,4512.65869,1,0.41166,0.58713,-0.02923,-0.01228,0.61301,0.37339,0.56037,26.91814,1,0.4182,0.60196,0.9921,0.00521,1,1,0.03161,-0.01371,0.60918,0.63487,0.56761,25.82709,1,0.40625,0.5919,0.98581,0.00497,1,1,participant_26,question_4,Timer-Correct,True,Answer_Area
0.0,0,20,1,0.41527,0.60585,0,0.79792,0.80185,0.44922,14904,4512.65869,1,0.41142,0.58698,-0.02884,-0.01216,0.60474,0.37334,0.56033,26.91196,1,0.42295,0.61197,0.97231,0.00519,1,1,0.03209,-0.01394,0.61941,0.63479,0.56762,25.82672,1,0.40758,0.59973,0.97231,0.005,1,1,participant_26,question_4,Timer-Correct,True,Answer_Area
0.0,0,20,1,0.42431,0.6025,0,0.79792,0.80185,0.45557,14904,4512.65869,1,0.4118,0.58698,-0.02884,-0.01216,0.60474,0.37331,0.56035,26.88332,1,0.4176,0.60706,0.97231,0.0052,1,1,0.03209,-0.01394,0.61941,0.63477,0.56771,25.8707,1,0.43101,0.59793,0.9786,0.00499,1,1,participant_26,question_4,Timer-Correct,True,Answer_Area
0.0,0,20,1,0.42661,0.60265,0,0.79792,0.80185,0.4624,14904,4512.65869,1,0.41205,0.58645,-0.02884,-0.01216,0.60474,0.3733,0.5604,26.81812,1,0.41882,0.61051,0.9786,0.00519,1,1,0.03209,-0.01394,0.61941,0.63474,0.56773,25.87119,1,0.4344,0.59478,0.98488,0.00498,1,1,participant_26,question_4,Timer-Correct,True,Answer_Area
0.0,0,20,1,0.42563,0.59925,0,0.825,0.81204,0.46875,14904,4512.65869,1,0.41233,0.58602,-0.02884,-0.01216,0.60474,0.37324,0.56046,26.67347,1,0.41729,0.60734,0.98488,0.00522,1,1,0.03209,-0.01394,0.61941,0.63472,0.56775,25.8226,1,0.43396,0.59116,0.99117,0.00497,1,1,participant_26,question_4,Timer-Correct,True,Answer_Area
0.0,0,20,1,0.41942,0.59824,0,0.825,0.81204,0.47559,14904,4512.65869,1,0.41239,0.5861,-0.02884,-0.01216,0.60474,0.37322,0.56039,26.79446,1,0.41127,0.60134,0.99117,0.00524,1,1,0.03209,-0.01394,0.61941,0.6347,0.56765,25.84372,1,0.42757,0.59514,0.99117,0.00497,1,1,participant_26,question_4,Timer-Correct,True,Answer_Area
0.0,0,20,1,0.43602,0.60686,0,0.825,0.81204,0.48242,14904,4512.65869,1,0.41312,0.58668,-0.02884,-0.01216,0.60474,0.37374,0.56045,26.68458,1,0.42636,0.60768,0.99117,0.00523,1,1,0.03209,-0.01394,0.61941,0.63516,0.56772,25.8514,1,0.44568,0.60604,0.99117,0.00496,1,1,participant_26,question_4,Timer-Correct,True,Answer_Area
0.0,0,20,1,0.4351,0.60347,0,0.825,0.81204,0.48877,14904,4512.65869,1,0.41388,0.58733,-0.02954,-0.01259,0.62646,0.37416,0.56059,26.51181,1,0.42488,0.60448,0.99757,0.00524,1,1,0.03225,-0.01393,0.61714,0.63569,0.56793,25.67726,1,0.44532,0.60247,0.99757,0.00503,1,1,participant_26,question_4,Timer-Correct,True,Answer_Area
0.0,0,20,1,0.58644,0.69213,0,0.84844,0.81759,0.49561,14904,4512.65869,1,0.41771,0.58985,-0.02954,-0.01259,0.62646,0.37779,0.56149,26.72216,1,0.58259,0.72259,1.00396,0.00538,1,1,0.03225,-0.01393,0.61714,0.63909,0.56859,24.91972,1,0.59028,0.66167,1.00396,0.00506,1,1,participant_26,question_4,Timer-Correct,True,Answer_Area
0.0,0,20,1,0.64611,0.67038,0,0.84844,0.81759,0.49561,14904,4512.65869,0,0.45504,0.61036,-0.02954,-0.01259,0.62646,0.37989,0.56211,26.55433,1,0.62205,0.68358,1.01036,0.0054,1,1,0.03225,-0.01393,0.61714,0.64089,0.56908,24.58046,1,0.67017,0.65719,1.01036,0.00501,1,1,participant_26,question_4,Timer-Correct,True,Answer_Area
0.0,0,20,1,0.64611,0.67038,0,0.84844,0.81759,0.49561,14904,4512.65869,0,0.55057,0.64037,-0.02781,-0.01244,0.61002,0.38096,0.56244,26.53356,1,0.62205,0.68358,1.01036,0.0054,1,1,0.03318,-0.01415,0.62071,0.64185,0.56923,24.43526,1,0.67017,0.65719,1.01036,0.00505,1,1,participant_26,question_4,Timer-Correct,True,Answer_Area
0.0,0,20,1,0.77665,0.76339,0,0.84844,0.81759,0.49561,14904,4512.65869,0,0.62593,0.68138,-0.02781,-0.01244,0.61002,0.38439,0.5636,26.51644,1,0.77029,0.81827,1.00396,0.00523,1,1,0.03318,-0.01415,0.62071,0.64474,0.5707,24.78353,1,0.783,0.7085,1.00396,0.00502,1,1,participant_26,question_4,Timer-Correct,True,Other
0.0,0,20,1,0.81998,0.794,0,0.84844,0.81759,0.49561,14904,4512.65869,0,0.74758,0.74259,-0.02781,-0.01244,0.61002,0.38597,0.56398,26.19807,1,0.81675,0.82522,0.99757,0.00518,1,1,0.03318,-0.01415,0.62071,0.64587,0.57126,25.01937,1,0.82322,0.76279,0.99757,0.00495,1,1,participant_26,question_4,Timer-Correct,True,Other
0.0,0,20,1,0.81728,0.79723,0,0.87396,0.80556,0.49561,14904,4512.65869,0,0.78243,0.76991,-0.02722,-0.01248,0.60712,0.38641,0.56416,26.6169,1,0.81559,0.82692,0.99117,0.00523,1,1,0.03302,-0.01405,0.60838,0.64653,0.57148,24.85086,1,0.81897,0.76755,0.98488,0.00493,1,1,participant_26,question_4,Timer-Correct,True,Other
0.0,0,20,1,0.80904,0.7706,0,0.87396,0.80556,0.49561,14904,4512.65869,0,0.7913,0.77014,-0.02722,-0.01248,0.60712,0.38647,0.56406,26.37852,1,0.79344,0.76689,0.98488,0.00523,1,1,0.03302,-0.01405,0.60838,0.647,0.57147,24.77033,1,0.82465,0.77431,0.9786,0.00496,1,1,participant_26,question_4,Timer-Correct,True,Other
0.0,0,20,1,0.82291,0.80341,0,0.87396,0.80556,0.02002,14905,4513.18115,1,0.7992,0.77846,-0.02722,-0.01248,0.60712,0.38648,0.56409,26.40127,1,0.80478,0.82001,0.9786,0.00521,1,1,0.03302,-0.01405,0.60838,0.64714,0.57152,24.93461,1,0.84105,0.78681,0.97231,0.00495,1,1,participant_26,question_4,Timer-Correct,True,Submit
0.0,0,20,1,0.82123,0.80542,0,0.87396,0.80556,0.02686,14905,4513.18115,1,0.80361,0.78385,-0.02722,-0.01248,0.60712,0.3866,0.56402,26.65822,1,0.80369,0.82175,0.97231,0.00522,1,1,0.03302,-0.01405,0.60838,0.64725,0.57152,24.96622,1,0.83877,0.78908,0.96602,0.00496,1,1,participant_26,question_4,Timer-Correct,True,Submit
0.0,0,20,1,0.81868,0.8228,0,0.88437,0.80556,0.03369,14905,4513.18115,1,0.80612,0.79034,-0.02722,-0.01248,0.60712,0.38669,0.56399,26.62498,1,0.81245,0.86963,0.96602,0.00517,1,1,0.03302,-0.01405,0.60838,0.64736,0.57143,24.70593,1,0.82492,0.77596,0.96602,0.00495,1,1,participant_26,question_4,Timer-Correct,True,Other
0.0,0,20,1,0.81907,0.81089,0,0.88437,0.80556,0.04004,14905,4513.18115,1,0.80797,0.79328,-0.02722,-0.01248,0.60712,0.38665,0.5639,26.57003,1,0.81523,0.85199,0.96602,0.00519,1,1,0.03302,-0.01405,0.60838,0.64742,0.57137,24.53609,1,0.82291,0.7698,0.96602,0.00494,1,1,participant_26,question_4,Timer-Correct,True,Other
0.0,0,20,1,0.82016,0.8097,0,0.88437,0.80556,0.04688,14905,4513.18115,1,0.80949,0.79533,-0.02708,-0.01236,0.60603,0.38662,0.56379,26.53446,1,0.81523,0.85199,0.96602,0.00517,1,1,0.03428,-0.01448,0.62883,0.64751,0.57127,24.59692,1,0.82509,0.76741,0.97231,0.00495,1,1,participant_26,question_4,Timer-Correct,True,Submit
0.0,0,20,1,0.81759,0.80365,0,0.88437,0.80556,0.0542,14905,4513.18115,1,0.81039,0.79626,-0.02708,-0.01236,0.60603,0.38669,0.56372,26.40566,1,0.82241,0.83925,0.97231,0.00519,1,1,0.03428,-0.01448,0.62883,0.64767,0.5713,24.78372,1,0.81277,0.76805,0.9786,0.00494,1,1,participant_26,question_4,Timer-Correct,True,Other
0.0,0,20,1,0.8226,0.79571,0,0.88437,0.80556,0.06055,14905,4513.18115,1,0.81162,0.7962,-0.02708,-0.01236,0.60603,0.38678,0.5637,26.32463,1,0.82349,0.83398,0.9786,0.00514,1,1,0.03428,-0.01448,0.62883,0.64774,0.57139,24.70382,1,0.82172,0.75745,0.98488,0.00496,1,1,participant_26,question_4,Timer-Correct,True,Submit
0.0,0,20,1,0.82321,0.79489,0,0.89271,0.81111,0.06689,14905,4513.18115,1,0.81267,0.79608,-0.02708,-0.01236,0.60603,0.38682,0.56365,26.44936,1,0.8247,0.83233,0.98488,0.00512,1,1,0.03334,-0.01411,0.61078,0.64773,0.57136,24.68221,1,0.82172,0.75745,0.98488,0.00496,1,1,participant_26,question_4,Timer-Correct,True,Other
0.0,0,20,1,0.8335,0.79711,0,0.89271,0.81111,0.07373,14905,4513.18115,1,0.81441,0.79617,-0.02708,-0.01236,0.60603,0.3869,0.56359,26.53445,1,0.83083,0.82993,0.98488,0.00513,1,1,0.03334,-0.01411,0.61078,0.64788,0.57137,24.79591,1,0.83617,0.76429,0.9786,0.00494,1,1,participant_26,question_4,Timer-Correct,True,Submit
0.0,0,20,1,0.82085,0.80002,0,0.89271,0.81111,0.08057,14905,4513.18115,1,0.8149,0.79646,-0.02708,-0.01236,0.60603,0.3869,0.56353,26.69044,1,0.82915,0.83144,0.9786,0.00512,1,1,0.03334,-0.01411,0.61078,0.64797,0.57138,24.81183,1,0.81255,0.7686,0.97231,0.00492,1,1,participant_26,question_4,Timer-Correct,True,Submit
0.0,0,20,1,0.82023,0.80085,0,0.89271,0.81111,0.0874,14905,4513.18115,1,0.81528,0.79678,-0.02708,-0.01236,0.60603,0.38691,0.56353,26.66387,1,0.8279,0.8331,0.97231,0.00512,1,1,0.03399,-0.01427,0.62189,0.64806,0.57133,24.54116,1,0.81255,0.7686,0.97231,0.00493,1,1,participant_26,question_4,Timer-Correct,True,Submit
0.0,0,20,1,0.82306,0.77936,0,0.89271,0.81111,0.09424,14905,4513.18115,1,0.8158,0.79562,-0.02708,-0.01236,0.60603,0.3869,0.56352,26.62177,1,0.83181,0.81416,0.97231,0.00513,1,1,0.03399,-0.01427,0.62189,0.64806,0.57131,24.68031,1,0.81431,0.74456,0.9786,0.00495,1,1,participant_26,question_4,Timer-Correct,True,Other
0.0,0,20,1,0.82846,0.78019,0,0.89375,0.81296,0.10059,14905,4513.18115,1,0.81659,0.79465,-0.02708,-0.01236,0.60603,0.38694,0.56345,26.40876,1,0.83312,0.80997,0.9786,0.00514,1,1,0.03399,-0.01427,0.62189,0.64815,0.57129,24.48301,1,0.8238,0.7504,0.98488,0.00493,1,1,participant_26,question_4,Timer-Correct,True,Other
0.0,0,20,1,0.83017,0.77806,0,0.89375,0.81296,0.10742,14905,4513.18115,1,0.81739,0.79368,-0.02708,-0.01236,0.60603,0.38694,0.56345,26.40876,1,0.83439,0.80818,0.98488,0.00514,1,1,0.03399,-0.01427,0.62189,0.64814,0.57121,24.43005,1,0.82595,0.74794,0.99117,0.00495,1,1,participant_26,question_4,Timer-Correct,True,Other
0.0,0,20,1,0.827,0.79246,0,0.89375,0.81296,0.11426,14905,4513.18115,1,0.81792,0.79361,-0.02708,-0.01236,0.60603,0.38694,0.56345,26.40876,1,0.82902,0.80021,0.99117,0.00514,1,1,0.03399,-0.01427,0.62189,0.64819,0.57109,24.63924,1,0.82497,0.78471,0.99117,0.00494,1,1,participant_26,question_4,Timer-Correct,True,Other
0.0,0,20,1,0.82969,0.79025,0,0.89375,0.81296,0.12061,14905,4513.18115,1,0.81854,0.79343,-0.02708,-0.01236,0.60603,0.38692,0.56341,26.3461,1,0.82883,0.7945,0.99117,0.00513,1,1,0.03399,-0.01427,0.62189,0.64815,0.57111,24.49383,1,0.83056,0.786,0.99117,0.00494,1,1,participant_26,question_4,Timer-Correct,True,Other
0.0,0,20,1,0.82969,0.79025,0,0.89375,0.81296,0.12744,14905,4513.18115,1,0.8191,0.79327,-0.02708,-0.01236,0.60603,0.38692,0.56341,26.3461,1,0.82883,0.7945,0.99117,0.00513,1,1,0.03399,-0.01427,0.62189,0.64817,0.57109,24.44087,1,0.83056,0.786,0.99117,0.00493,1,1,participant_26,question_4,Timer-Correct,True,Other
0.0,0,20,1,0.82705,0.78512,0,0.89375,0.81296,0.13428,14905,4513.18115,1,0.81948,0.79288,-0.02708,-0.01236,0.60603,0.38683,0.56338,26.29064,1,0.82693,0.79587,0.99117,0.00517,1,1,0.03399,-0.01427,0.62189,0.64818,0.57105,24.69583,1,0.82718,0.77436,0.99117,0.00492,1,1,participant_26,question_4,Timer-Correct,True,Other
0.0,0,20,1,0.82434,0.78339,0,0.89375,0.81296,0.14062,14905,4513.18115,1,0.8197,0.79245,-0.02708,-0.01236,0.60603,0.38684,0.56336,26.29374,1,0.82167,0.79597,0.99117,0.00513,1,1,0.03399,-0.01427,0.62189,0.6481,0.57097,24.55451,1,0.827,0.77081,0.99117,0.00491,1,1,participant_26,question_4,Timer-Correct,True,Other
0.0,0,20,1,0.82434,0.78339,0,0.89375,0.81296,0.14746,14905,4513.18115,1,0.8199,0.79206,-0.02708,-0.01236,0.60603,0.38676,0.56334,26.24533,1,0.82167,0.79597,0.99117,0.00512,1,1,0.03399,-0.01427,0.62189,0.64811,0.57097,24.63279,1,0.827,0.77081,0.99117,0.0049,1,1,participant_26,question_4,Timer-Correct,True,Other
0.0,0,20,1,0.81873,0.78386,0,0.89375,0.81296,0.1543,14905,4513.18115,1,0.81985,0.79172,-0.02708,-0.01236,0.60603,0.38669,0.56333,26.23109,1,0.81419,0.7957,0.99117,0.00511,1,1,0.03399,-0.01427,0.62189,0.64811,0.57085,24.58427,1,0.82327,0.77202,0.99117,0.00496,1,1,participant_26,question_4,Timer-Correct,True,Other
0.0,0,20,1,0.81577,0.78086,0,0.89427,0.81296,0.16113,14905,4513.18115,1,0.81969,0.79128,-0.02708,-0.01236,0.60603,0.38666,0.5633,26.32746,1,0.81264,0.78902,0.99117,0.00512,1,1,0.03399,-0.01427,0.62189,0.64811,0.57085,24.59147,1,0.8189,0.77269,0.99117,0.00495,1,1,participant_26,question_4,Timer-Correct,True,Other
0.0,0,20,1,0.81577,0.78086,0,0.89427,0.81296,0.16797,14905,4513.18115,1,0.81954,0.79088,-0.02708,-0.01236,0.60603,0.38664,0.56333,26.44838,1,0.81264,0.78902,0.99117,0.00511,1,1,0.03382,-0.01415,0.61879,0.64807,0.57086,24.4444,1,0.8189,0.77269,0.99117,0.00498,1,1,participant_26,question_4,Timer-Correct,True,Other
0.0,0,20,1,0.83105,0.79796,0,0.89427,0.81296,0.17432,14905,4513.18115,1,0.81997,0.79114,-0.02708,-0.01236,0.60603,0.38659,0.56333,26.57053,1,0.81014,0.79687,0.99117,0.00512,1,1,0.03382,-0.01415,0.61879,0.64797,0.57084,24.692,1,0.85196,0.79904,0.99117,0.00497,1,1,participant_26,question_4,Timer-Correct,True,Submit
0.0,0,20,1,0.82454,0.78742,0,0.89427,0.81296,0.18115,14905,4513.18115,1,0.82013,0.79101,-0.02708,-0.01236,0.60603,0.38658,0.5633,26.57536,1,0.80551,0.78141,0.99117,0.00512,1,1,0.03382,-0.01415,0.61879,0.64793,0.57087,24.82688,1,0.84356,0.79342,0.99117,0.00496,1,1,participant_26,question_4,Timer-Correct,True,Other
0.0,0,20,1,0.82511,0.7864,0,0.89427,0.81296,0.1875,14905,4513.18115,1,0.8203,0.79085,-0.02785,-0.01256,0.62013,0.38655,0.56321,26.40149,1,0.80662,0.77942,0.99757,0.00511,1,1,0.03334,-0.01393,0.61078,0.64792,0.57075,24.8463,1,0.8436,0.79339,0.99128,0.00492,1,1,participant_26,question_4,Timer-Correct,True,Other
0.0,0,20,1,0.8344,0.80113,0,0.89427,0.81296,0.19434,14905,4513.18115,1,0.82077,0.79119,-0.02785,-0.01256,0.62013,0.38648,0.56316,26.37745,1,0.83112,0.82107,0.99768,0.00514,1,1,0.03334,-0.01393,0.61078,0.64793,0.5706,24.99207,1,0.83768,0.78119,0.99139,0.0049,1,1,participant_26,question_4,Timer-Correct,True,Submit
0.0,0,20,1,0.83657,0.79564,0,0.89427,0.81296,0.20117,14905,4513.18115,1,0.82128,0.79134,-0.02785,-0.01256,0.62013,0.38652,0.56312,26.27882,1,0.83275,0.81455,0.99779,0.00513,1,1,0.03334,-0.01393,0.61078,0.64796,0.57053,25.07139,1,0.84039,0.77674,0.9915,0.00492,1,1,participant_26,question_4,Timer-Correct,True,Submit
0.0,0,20,1,0.83483,0.79765,0,0.89427,0.81296,0.20898,14905,4513.18115,1,0.8217,0.79154,-0.02722,-0.01229,0.60712,0.38653,0.56311,26.23429,1,0.8315,0.81628,0.9915,0.00513,1,1,0.03334,-0.01393,0.61078,0.64796,0.57051,25.02741,1,0.83816,0.77902,0.98521,0.00494,1,1,participant_26,question_4,Timer-Correct,True,Submit
0.0,0,20,1,0.81216,0.81691,0,0.89427,0.81296,0.21484,14905,4513.18115,1,0.82141,0.7923,-0.02722,-0.01229,0.60712,0.38654,0.5631,26.2776,1,0.80804,0.86284,0.97882,0.00513,1,1,0.03334,-0.01393,0.61078,0.64801,0.57046,24.96495,1,0.81628,0.77098,0.97882,0.00495,1,1,participant_26,question_4,Timer-Correct,True,Other
0.0,0,20,1,0.81154,0.81344,0,0.89427,0.81296,0.22168,14905,4513.18115,1,0.82112,0.79293,-0.02722,-0.01229,0.60712,0.38651,0.56301,26.41343,1,0.807,0.85592,0.97242,0.00507,1,1,0.03334,-0.01393,0.61078,0.64802,0.57045,24.90072,1,0.81608,0.77096,0.97242,0.00495,1,1,participant_26,question_4,Timer-Correct,True,Other
0.0,0,20,1,0.81096,0.81424,0,0.89427,0.81296,0.22754,14905,4513.18115,1,0.82083,0.79353,-0.02708,-0.01218,0.60603,0.38655,0.563,26.37407,1,0.80588,0.85747,0.96602,0.00509,1,1,0.03399,-0.01409,0.62189,0.6481,0.5704,24.71841,1,0.81605,0.771,0.97231,0.00497,1,1,participant_26,question_4,Timer-Correct,True,Other
0.0,0,20,1,0.82531,0.79692,0,0.89427,0.81296,0.23438,14905,4513.18115,1,0.82096,0.79363,-0.02708,-0.01218,0.60603,0.38675,0.56283,26.30804,1,0.81844,0.83974,0.97231,0.00513,1,1,0.03399,-0.01409,0.62189,0.6482,0.57028,24.94353,1,0.83218,0.7541,0.9786,0.00498,1,1,participant_26,question_4,Timer-Correct,True,Submit
0.0,0,20,1,0.83401,0.81025,0,0.89427,0.81296,0.24121,14905,4513.18115,1,0.82131,0.79408,-0.02708,-0.01218,0.60603,0.38696,0.56276,26.44452,1,0.83897,0.82701,0.9786,0.00508,1,1,0.03399,-0.01409,0.62189,0.6485,0.57023,24.92019,1,0.82905,0.79349,0.98488,0.00499,1,1,participant_26,question_4,Timer-Correct,True,Submit
0.0,0,20,1,0.83644,0.80743,0,0.89427,0.81296,0.24756,14905,4513.18115,1,0.82171,0.79443,-0.02784,-0.01258,0.62608,0.38722,0.56263,26.26095,1,0.84162,0.82361,0.99128,0.0051,1,1,0.03334,-0.01376,0.60742,0.64864,0.57015,25.03607,1,0.83126,0.79125,0.99128,0.00499,1,1,participant_26,question_4,Timer-Correct,True,Submit
0.0,0,20,1,0.86652,0.78078,0,0.89427,0.81296,0.25439,14905,4513.18115,1,0.82286,0.79408,-0.02784,-0.01258,0.62608,0.38835,0.56214,25.86037,1,0.86463,0.77896,0.99768,0.00512,1,1,0.03334,-0.01376,0.60742,0.64939,0.56983,24.97693,1,0.86841,0.78259,0.99139,0.00501,1,1,participant_26,question_4,Timer-Correct,True,Other
0.0,0,20,1,0.86277,0.77156,0,0.89427,0.81296,0.26123,14905,4513.18115,1,0.82386,0.79352,-0.02784,-0.01258,0.62608,0.38859,0.56208,25.30563,1,0.85227,0.76451,0.99779,0.00514,1,1,0.03334,-0.01376,0.60742,0.64947,0.56978,24.80617,1,0.87328,0.77861,0.9915,0.00498,1,1,participant_26,question_4,Timer-Correct,True,Other
0.0,0,20,1,0.8617,0.77255,0,0.89427,0.81296,0.26807,14905,4513.18115,1,0.82478,0.793,-0.02753,-0.01239,0.62126,0.38839,0.56206,26.26232,1,0.85229,0.76447,0.99789,0.00512,1,1,0.03292,-0.01348,0.59731,0.64958,0.56965,24.7541,1,0.87111,0.78062,0.98592,0.00499,1,1,participant_26,question_4,Timer-Correct,True,Other
0.0,0,20,1,0.85657,0.79605,0,0.89427,0.81296,0.2749,14905,4513.18115,1,0.82554,0.79308,-0.02753,-0.01239,0.62126,0.38847,0.56199,26.31237,1,0.85775,0.80968,0.98592,0.00511,1,1,0.03292,-0.01348,0.59731,0.64964,0.56962,24.95077,1,0.8554,0.78242,0.98023,0.00499,1,1,participant_26,question_4,Timer-Correct,True,Submit
0.0,0,20,1,0.85077,0.79403,0,0.89427,0.81296,0.28125,14905,4513.18115,1,0.82612,0.7931,-0.02753,-0.01239,0.62126,0.38852,0.56201,26.24498,1,0.83812,0.81196,0.98023,0.00512,1,1,0.03292,-0.01348,0.59731,0.64984,0.56964,25.19262,1,0.86342,0.7761,0.97454,0.00497,1,1,participant_26,question_4,Timer-Correct,True,Other
0.0,0,20,1,0.84828,0.79692,0,0.89427,0.81296,0.28809,14905,4513.18115,1,0.82663,0.79319,-0.02694,-0.01215,0.61113,0.38865,0.56201,26.35984,1,0.83561,0.81538,0.96815,0.00512,1,1,0.03368,-0.01373,0.61033,0.64992,0.56968,25.11625,1,0.86095,0.77846,0.96815,0.00497,1,1,participant_26,question_4,Timer-Correct,True,Submit
0.0,0,20,1,0.86179,0.81493,0,0.89427,0.81296,0.29492,14905,4513.18115,1,0.82741,0.79367,-0.02694,-0.01215,0.61113,0.3888,0.56192,26.39468,1,0.85017,0.85249,0.96175,0.00511,1,1,0.03368,-0.01373,0.61033,0.65002,0.56959,25.06054,1,0.87341,0.77738,0.96744,0.00498,1,1,participant_26,question_4,Timer-Correct,True,Submit
0.0,0,20,1,0.85345,0.81814,0,0.89427,0.81296,0.30176,14905,4513.18115,1,0.82797,0.7942,-0.02694,-0.01215,0.61113,0.38881,0.56188,26.5165,1,0.85346,0.85319,0.96104,0.00511,1,1,0.03368,-0.01373,0.61033,0.65019,0.56955,25.1152,1,0.85344,0.78309,0.96673,0.00501,1,1,participant_26,question_4,Timer-Correct,True,Submit
0.0,0,20,1,0.85443,0.81721,0,0.89427,0.81296,0.30859,14905,4513.18115,1,0.82854,0.79469,-0.02694,-0.0121,0.61113,0.38884,0.56181,26.2538,1,0.8533,0.85337,0.96034,0.00512,1,1,0.03451,-0.01405,0.62457,0.65028,0.56961,24.92127,1,0.85555,0.78106,0.97231,0.00499,1,1,participant_26,question_4,Timer-Correct,True,Submit
0.0,0,20,1,0.86352,0.80228,0,0.89427,0.81296,0.30859,14905,4513.18115,0,0.85419,0.79851,-0.02694,-0.0121,0.61113,0.38912,0.5618,26.31624,1,0.86041,0.83862,0.97231,0.00514,1,1,0.03451,-0.01405,0.62457,0.65034,0.56957,25.00002,1,0.86662,0.76594,0.9786,0.00501,1,1,participant_26,question_4,Timer-Correct,True,Submit
0.0,0,20,1,0.83493,0.7812,0,0.89427,0.81296,0.30859,14905,4513.18115,0,0.84456,0.78985,-0.02694,-0.0121,0.61113,0.38856,0.56167,26.28978,1,0.83171,0.822,0.9786,0.00516,1,1,0.03451,-0.01405,0.62457,0.65003,0.56932,24.83566,1,0.83815,0.74039,0.98488,0.00501,1,1,participant_26,question_4,Timer-Correct,True,Other
0.0,0,20,1,0.83847,0.77693,0,0.89427,0.81296,0.30859,14905,4513.18115,0,0.84253,0.78555,-0.02757,-0.01223,0.62014,0.38834,0.56131,25.89854,1,0.83426,0.81853,0.99128,0.00514,1,1,0.03398,-0.01377,0.61826,0.6496,0.56896,24.90102,1,0.84267,0.73532,0.99757,0.00506,1,1,participant_26,question_4,Timer-Correct,True,Other
0.0,0,20,1,0.68793,0.61838,0,0.89427,0.81296,0.02002,14906,4513.49658,1,0.80388,0.74375,-0.02757,-0.01223,0.62014,0.38474,0.55939,26.07418,1,0.66312,0.6636,1.00396,0.00529,1,1,0.03398,-0.01377,0.61826,0.64654,0.56665,24.65962,1,0.71274,0.57316,1.00396,0.00509,1,1,participant_26,question_4,Timer-Correct,True,Answer_Area
0.0,0,20,1,0.63983,0.57913,0,0.89427,0.81296,0.02002,14906,4513.49658,0,0.75029,0.68891,-0.02757,-0.01223,0.62014,0.38295,0.55839,26.17601,1,0.61254,0.59882,1.01036,0.00523,1,1,0.03398,-0.01377,0.61826,0.6444,0.56552,24.34161,1,0.66712,0.55944,1.01036,0.00512,1,1,participant_26,question_4,Timer-Correct,True,Answer_Area
0.0,0,20,1,0.64092,0.57374,0,0.89427,0.81296,0.02002,14906,4513.49658,0,0.6956,0.63132,-0.02834,-0.01192,0.62076,0.38205,0.55788,26.23244,1,0.61235,0.59568,1.01675,0.00521,1,1,0.03471,-0.01419,0.65012,0.64341,0.56521,25.04175,1,0.66948,0.55179,1.02374,0.0051,1,1,participant_26,question_4,Timer-Correct,True,Answer_Area
0.0,0,20,1,0.48812,0.49851,0,0.89427,0.81296,0.02002,14906,4513.49658,0,0.62644,0.58705,-0.02834,-0.01192,0.62076,0.37918,0.55705,26.12636,1,0.46459,0.52698,1.02374,0.00519,1,1,0.03471,-0.01419,0.65012,0.63962,0.56431,25.71576,1,0.51166,0.47004,1.03072,0.00507,1,1,participant_26,question_4,Timer-Correct,True,Answer_Area
0.0,0,20,1,0.46968,0.49766,0,0.89427,0.81296,0.02002,14906,4513.49658,0,0.53291,0.5233,-0.02834,-0.01192,0.62076,0.37858,0.55695,26.07279,1,0.46746,0.50589,1.03072,0.00518,1,1,0.03471,-0.01419,0.65012,0.63871,0.56415,25.83721,1,0.47191,0.48943,1.03771,0.00509,1,1,participant_26,question_4,Timer-Correct,True,Answer_Area
0.0,0,20,1,0.4698,0.50156,1,0.89427,0.81296,0.02002,14906,4513.49658,0,0.50135,0.51243,-0.02843,-0.01182,0.61554,0.37816,0.55674,26.09257,1,0.46735,0.50555,1.03131,0.00517,1,1,0.0323,-0.01331,0.612,0.63833,0.56411,25.87997,1,0.47224,0.49756,1.02503,0.00506,1,1,participant_26,question_4,Timer-Correct,True,Answer_Area
0.0,0,20,1,0.47779,0.49778,0,0.89427,0.81296,0.02002,14906,4513.49658,0,0.4935,0.50754,-0.02843,-0.01182,0.61554,0.37813,0.55711,26.49528,1,0.46774,0.55245,1.01863,0.00515,1,1,0.0323,-0.01331,0.612,0.63861,0.56434,25.97807,1,0.48784,0.4431,1.00536,0.00509,1,1,participant_26,question_4,Timer-Correct,True,Answer_Area
0.0,0,20,1,0.46406,0.51489,0,0.89427,0.81296,0.01953,14907,4513.54297,1,0.48614,0.50938,-0.02843,-0.01182,0.61554,0.37807,0.55714,26.33362,1,0.46235,0.56436,0.99896,0.00519,1,1,0.0323,-0.01331,0.612,0.63856,0.56446,25.95682,1,0.46576,0.46541,0.98569,0.00505,1,1,participant_26,question_4,Timer-Correct,True,Answer_Area
0.0,0,20,1,0.46605,0.52242,0,0.89427,0.81296,0.02734,14907,4513.54297,1,0.48212,0.51199,-0.02843,-0.01191,0.61554,0.37808,0.55717,26.33104,1,0.46611,0.57495,0.9793,0.00518,1,1,0.03377,-0.01397,0.63795,0.63858,0.56455,25.96944,1,0.46598,0.46988,0.9793,0.00502,1,1,participant_26,question_4,Timer-Correct,True,Answer_Area
0.0,0,20,1,0.474,0.52397,0,0.89427,0.81296,0.03369,14907,4513.54297,1,0.48077,0.51398,-0.02843,-0.01191,0.61554,0.3781,0.55732,26.01943,1,0.47092,0.54902,0.9793,0.00519,1,1,0.03377,-0.01397,0.63795,0.63875,0.56479,25.86454,1,0.47708,0.49893,0.99257,0.00509,1,1,participant_26,question_4,Timer-Correct,True,Answer_Area
0.0,0,20,1,0.47798,0.52177,0,0.89427,0.81296,0.04053,14907,4513.54297,1,0.48037,0.5151,-0.02843,-0.01191,0.61554,0.37809,0.55737,25.99749,1,0.47194,0.53949,0.99257,0.00517,1,1,0.03377,-0.01397,0.63795,0.63883,0.56486,25.89766,1,0.48402,0.50405,1.00584,0.00503,1,1,participant_26,question_4,Timer-Correct,True,Answer_Area
0.0,0,20,1,0.47673,0.51598,0,0.89427,0.81296,0.04736,14907,4513.54297,1,0.47991,0.51521,-0.02843,-0.01191,0.61554,0.37811,0.55742,26.09538,1,0.46952,0.53198,1.00584,0.00518,1,1,0.03318,-0.01371,0.62591,0.63886,0.56491,25.97259,1,0.48393,0.49999,1.01213,0.00505,1,1,participant_26,question_4,Timer-Correct,True,Answer_Area
0.0,0,20,1,0.4687,0.51901,0,0.89427,0.81296,0.05371,14907,4513.54297,1,0.47867,0.51563,-0.02843,-0.01191,0.61554,0.37809,0.55741,26.10465,1,0.46931,0.53005,1.01213,0.00517,1,1,0.03318,-0.01371,0.62591,0.63901,0.56501,26.09699,1,0.46808,0.50797,1.00514,0.00507,1,1,participant_26,question_4,Timer-Correct,True,Answer_Area
0.0,0,20,1,0.47102,0.52883,0,0.89427,0.81296,0.06055,14907,4513.54297,1,0.4779,0.51695,-0.02843,-0.01191,0.61554,0.3781,0.55742,26.11175,1,0.46814,0.54197,1.00514,0.00517,1,1,0.03318,-0.01371,0.62591,0.63902,0.56495,25.94111,1,0.47389,0.51569,0.99815,0.00508,1,1,participant_26,question_4,Timer-Correct,True,Answer_Area
0.0,0,20,1,0.47183,0.53503,0,0.89427,0.81296,0.06787,14907,4513.54297,1,0.47735,0.51859,-0.02843,-0.01191,0.61554,0.37811,0.55742,26.12948,1,0.46943,0.54586,0.99815,0.00516,1,1,0.03218,-0.01328,0.60618,0.63905,0.56497,25.89588,1,0.47423,0.5242,0.98488,0.0051,1,1,participant_26,question_4,Timer-Correct,True,Answer_Area
0.0,0,20,1,0.47672,0.53496,0,0.89427,0.81296,0.07373,14907,4513.54297,1,0.4773,0.51996,-0.02843,-0.01191,0.61554,0.37809,0.55741,26.10465,1,0.47309,0.54709,0.98488,0.00516,1,1,0.03218,-0.01328,0.60618,0.63918,0.56484,26.1269,1,0.48035,0.52284,0.9786,0.00507,1,1,participant_26,question_4,Timer-Correct,True,Answer_Area
0.0,0,20,1,0.47833,0.53,0,0.89427,0.81296,0.08057,14907,4513.54297,1,0.47738,0.52073,-0.02843,-0.01191,0.61554,0.37809,0.55736,26.15417,1,0.4735,0.54216,0.9786,0.00515,1,1,0.03218,-0.01328,0.60618,0.63922,0.56487,26.04122,1,0.48316,0.51784,0.97231,0.00509,1,1,participant_26,question_4,Timer-Correct,True,Answer_Area
0.0,0,20,1,0.47895,0.53386,0,0.89427,0.81296,0.0874,14907,4513.54297,1,0.47749,0.52167,-0.02843,-0.01191,0.61554,0.37815,0.55731,26.21357,1,0.47465,0.54576,0.97231,0.00518,1,1,0.03218,-0.01328,0.60618,0.63923,0.56482,26.02899,1,0.48326,0.52195,0.96602,0.00509,1,1,participant_26,question_4,Timer-Correct,True,Answer_Area
0.0,0,20,1,0.47943,0.54335,0,0.89427,0.81296,0.09375,14907,4513.54297,1,0.47762,0.52311,-0.02843,-0.01191,0.61554,0.37808,0.55716,26.35914,1,0.47577,0.58499,0.96602,0.00517,1,1,0.03218,-0.01328,0.60618,0.63924,0.56475,26.15969,1,0.48308,0.50171,0.96602,0.00506,1,1,participant_26,question_4,Timer-Correct,True,Answer_Area
0.0,0,20,1,0.47817,0.53645,0,0.89427,0.81296,0.10059,14907,4513.54297,1,0.47765,0.52395,-0.02843,-0.01191,0.61554,0.37806,0.55715,26.30699,1,0.47513,0.57878,0.96602,0.00517,1,1,0.03218,-0.01328,0.60618,0.63929,0.56459,25.97463,1,0.4812,0.49413,0.96602,0.00504,1,1,participant_26,question_4,Timer-Correct,True,Answer_Area
0.0,0,20,1,0.47811,0.53431,0,0.89427,0.81296,0.10742,14907,4513.54297,1,0.47768,0.52456,-0.02843,-0.01182,0.61554,0.37806,0.55716,26.46056,1,0.47513,0.57878,0.96602,0.00516,1,1,0.03307,-0.01362,0.62204,0.63927,0.56452,26.06321,1,0.48109,0.48983,0.97231,0.00505,1,1,participant_26,question_4,Timer-Correct,True,Answer_Area
0.0,0,20,1,0.47668,0.51064,0,0.89427,0.81296,0.11426,14907,4513.54297,1,0.47762,0.52378,-0.02843,-0.01182,0.61554,0.37803,0.55694,26.20881,1,0.46831,0.55359,0.97231,0.00512,1,1,0.03307,-0.01362,0.62204,0.63928,0.5644,26.08025,1,0.48506,0.46769,0.9786,0.00509,1,1,participant_26,question_4,Timer-Correct,True,Answer_Area
0.0,0,20,1,0.47704,0.52367,0,0.89427,0.81296,0.12061,14907,4513.54297,1,0.47759,0.52378,-0.02843,-0.01182,0.61554,0.37804,0.55684,26.1067,1,0.4635,0.5422,0.9786,0.00512,1,1,0.03307,-0.01362,0.62204,0.63933,0.56435,26.0037,1,0.49057,0.50515,0.98488,0.00505,1,1,participant_26,question_4,Timer-Correct,True,Answer_Area
0.0,0,20,1,0.4764,0.51981,0,0.89427,0.81296,0.12744,14907,4513.54297,1,0.47753,0.52358,-0.02843,-0.01182,0.61554,0.378,0.55675,26.28096,1,0.46228,0.5386,0.98488,0.00514,1,1,0.03304,-0.01347,0.62149,0.63931,0.56426,26.15273,1,0.49052,0.50101,0.99117,0.00501,1,1,participant_26,question_4,Timer-Correct,True,Answer_Area
