BKDUR,BKID,BKPMIN,BPOGV,BPOGX,BPOGY,CS,CX,CY,FPOGD,FPOGID,FPOGS,FPOGV,FPOGX,FPOGY,LEYEX,LEYEY,LEYEZ,LPCX,LPCY,LPD,LPOGV,LPOGX,LPOGY,LPS,LPUPILD,LPUPILV,LPV,REYEX,REYEY,REYEZ,RPCX,RPCY,RPD,RPOGV,RPOGX,RPOGY,RPS,RPUPILD,RPUPILV,RPV,participant_id,question_id,part,is_valid,AOI
0.0,0,39,1,0.88855,0.87312,0,0.8901,0.87593,0.6897,301,98.80319,1,0.89942,0.86239,-0.02218,0.07186,0.60871,0.41063,0.11315,20.36508,1,0.89394,0.8662,0.97362,0.00423,1,1,0.03763,0.069,0.64338,0.65867,0.14847,19.8417,1,0.88316,0.88005,0.97362,0.00407,1,1,participant_30,question_2,No-Timer,True,Submit
0.0,0,39,1,0.90091,0.83906,0,0.8901,0.87593,0.69616,301,98.80319,1,0.89917,0.86235,-0.02218,0.07186,0.60871,0.40982,0.11335,20.74176,1,0.90341,0.81761,0.96767,0.00421,1,1,0.03763,0.069,0.64338,0.65799,0.14841,19.94921,1,0.89842,0.86051,0.96767,0.00403,1,1,participant_30,question_2,No-Timer,True,Submit
0.0,0,39,1,0.8985,0.83326,0,0.8901,0.87593,0.70287,301,98.80319,1,0.89849,0.86213,-0.02218,0.07186,0.60871,0.40959,0.11343,20.16197,1,0.89646,0.81505,0.96171,0.00419,1,1,0.03763,0.069,0.64338,0.65758,0.14829,19.86249,1,0.90054,0.85148,0.96171,0.00405,1,1,participant_30,question_2,No-Timer,True,Submit
0.0,0,39,1,0.89504,0.83558,0,0.8901,0.87593,0.70957,301,98.80319,1,0.89779,0.86192,-0.02251,0.07166,0.6078,0.40914,0.11346,20.78986,1,0.89452,0.8166,0.95575,0.00419,1,1,0.03606,0.06672,0.62214,0.65734,0.14832,19.78264,1,0.89556,0.85455,0.94913,0.00407,1,1,participant_30,question_2,No-Timer,True,Submit
0.0,0,39,1,0.87966,0.85058,0,0.8901,0.87593,0.71628,301,98.80319,1,0.89714,0.86182,-0.02251,0.07166,0.6078,0.40843,0.11366,20.66775,1,0.88775,0.84543,0.94913,0.0042,1,1,0.03606,0.06672,0.62214,0.65659,0.14828,19.78017,1,0.87157,0.85574,0.94251,0.00408,1,1,participant_30,question_2,No-Timer,True,Submit
0.0,0,39,1,0.8905,0.87544,0,0.8901,0.87593,0.72321,301,98.80319,1,0.89689,0.86235,-0.02251,0.07166,0.6078,0.40814,0.11373,20.60351,1,0.90538,0.85727,0.94251,0.00419,1,1,0.03606,0.06672,0.62214,0.65635,0.14806,19.64862,1,0.87562,0.89361,0.93589,0.00405,1,1,participant_30,question_2,No-Timer,True,Submit
0.0,0,39,1,0.89393,0.87347,0,0.8901,0.87593,0.72969,301,98.80319,1,0.89679,0.8628,-0.02385,0.07494,0.63605,0.40774,0.11381,20.34198,1,0.90742,0.85594,0.94847,0.0042,1,1,0.03668,0.06836,0.63695,0.65597,0.14826,20.03319,1,0.88045,0.89099,0.94847,0.00407,1,1,participant_30,question_2,No-Timer,True,Submit
0.0,0,39,1,0.89169,0.87988,0,0.8901,0.87593,0.73666,301,98.80319,1,0.89671,0.86344,-0.02385,0.07494,0.63605,0.40707,0.11414,20.48694,1,0.90227,0.86928,0.96105,0.00422,1,1,0.03668,0.06836,0.63695,0.65541,0.14804,19.842,1,0.8811,0.89049,0.96767,0.00404,1,1,participant_30,question_2,No-Timer,True,Submit
0.0,0,39,1,0.90836,0.86029,0,0.8901,0.87593,0.74329,301,98.80319,1,0.89706,0.86359,-0.02385,0.07494,0.63605,0.40665,0.11412,20.50853,1,0.92772,0.83365,0.98024,0.0042,1,1,0.03668,0.06836,0.63695,0.65495,0.14813,20.06229,1,0.889,0.88693,0.98686,0.00406,1,1,participant_30,question_2,No-Timer,True,Submit
0.0,0,39,1,0.91169,0.85819,0,0.8901,0.87593,0.74981,301,98.80319,1,0.89744,0.86372,-0.0237,0.07335,0.62335,0.40638,0.11432,20.35532,1,0.93214,0.83067,0.99282,0.00421,1,1,0.03517,0.06615,0.61636,0.65475,0.14815,19.65443,1,0.89124,0.88571,0.99282,0.00406,1,1,participant_30,question_2,No-Timer,True,Submit
0.0,0,39,1,0.90806,0.8573,0,0.8901,0.87593,0.75692,301,98.80319,1,0.89748,0.8638,-0.0237,0.07335,0.62335,0.40577,0.11447,20.1822,1,0.91085,0.83475,0.9862,0.00421,1,1,0.03517,0.06615,0.61636,0.65401,0.14809,19.72698,1,0.90528,0.87984,0.97958,0.00407,1,1,participant_30,question_2,No-Timer,True,Submit
0.0,0,39,1,0.88805,0.85671,0,0.8901,0.87593,0.76375,301,98.80319,1,0.89688,0.86399,-0.0237,0.07335,0.62335,0.40524,0.11464,20.54315,1,0.91269,0.82956,0.97296,0.00417,1,1,0.03517,0.06615,0.61636,0.65379,0.14801,19.639,1,0.8634,0.88386,0.96634,0.00405,1,1,participant_30,question_2,No-Timer,True,Submit
0.0,0,39,1,0.88462,0.85902,0,0.8901,0.87593,0.77055,301,98.80319,1,0.89628,0.86418,-0.02382,0.07251,0.61702,0.40495,0.11464,20.3637,1,0.90821,0.83278,0.95972,0.00421,1,1,0.03595,0.06824,0.63584,0.65342,0.14809,19.97354,1,0.86102,0.88526,0.95972,0.00406,1,1,participant_30,question_2,No-Timer,True,Submit
0.0,0,39,1,0.90471,0.86814,0,0.8901,0.87593,0.77685,301,98.80319,1,0.8965,0.86384,-0.02382,0.07251,0.61702,0.40432,0.11488,20.39117,1,0.92084,0.85665,0.95972,0.00419,1,1,0.03595,0.06824,0.63584,0.65266,0.14802,19.91354,1,0.88858,0.87963,0.96634,0.00411,1,1,participant_30,question_2,No-Timer,True,Submit
0.0,0,39,1,0.89331,0.8626,0,0.8901,0.87593,0.78349,301,98.80319,1,0.89664,0.86351,-0.02382,0.07251,0.61702,0.40394,0.11495,20.10075,1,0.89439,0.85637,0.96634,0.00421,1,1,0.03595,0.06824,0.63584,0.65239,0.14792,19.79259,1,0.89222,0.86884,0.97296,0.00405,1,1,participant_30,question_2,No-Timer,True,Submit
0.0,0,39,1,0.89354,0.86246,0,0.8901,0.87593,0.7904,301,98.80319,1,0.89687,0.86313,-0.02327,0.06984,0.59466,0.40357,0.11492,20.52021,1,0.89461,0.85622,0.967,0.0042,1,1,0.03632,0.0696,0.64756,0.65227,0.14786,19.71384,1,0.89248,0.86869,0.97362,0.00407,1,1,participant_30,question_2,No-Timer,True,Submit
0.0,0,39,1,0.89597,0.86259,0,0.8901,0.87593,0.797,301,98.80319,1,0.89691,0.86277,-0.02327,0.06984,0.59466,0.40277,0.11505,20.42911,1,0.90703,0.83217,0.96767,0.00418,1,1,0.03632,0.0696,0.64756,0.65142,0.14772,19.62359,1,0.88492,0.89302,0.96767,0.00411,1,1,participant_30,question_2,No-Timer,True,Submit
0.0,0,39,1,0.8935,0.86132,0,0.8901,0.87593,0.80358,301,98.80319,1,0.89686,0.86294,-0.02327,0.06984,0.59466,0.40245,0.11515,20.35133,1,0.89091,0.84032,0.96171,0.00421,1,1,0.03632,0.0696,0.64756,0.65103,0.14752,19.73575,1,0.89608,0.88231,0.96171,0.00404,1,1,participant_30,question_2,No-Timer,True,Submit
0.0,0,39,1,0.89137,0.86265,0,0.8901,0.87593,0.81009,301,98.80319,1,0.89666,0.8632,-0.02441,0.07215,0.61433,0.402,0.11516,20.31978,1,0.889,0.84173,0.95575,0.00417,1,1,0.0354,0.06862,0.63805,0.65079,0.14753,19.83645,1,0.89374,0.88358,0.95575,0.00406,1,1,participant_30,question_2,No-Timer,True,Submit
0.0,0,39,1,0.89974,0.82751,0,0.8901,0.87593,0.81702,301,98.80319,1,0.89678,0.86254,-0.02441,0.07215,0.61433,0.40117,0.11533,20.5428,1,0.91896,0.80241,0.95575,0.00417,1,1,0.0354,0.06862,0.63805,0.64996,0.14717,19.82815,1,0.88051,0.85261,0.95575,0.00399,1,1,participant_30,question_2,No-Timer,True,Submit
0.0,0,39,1,0.89789,0.853,0,0.8901,0.87593,0.82347,301,98.80319,1,0.89666,0.86223,-0.02441,0.07215,0.61433,0.40046,0.11524,20.23848,1,0.91636,0.81307,0.95575,0.00421,1,1,0.0354,0.06862,0.63805,0.64934,0.14709,19.7529,1,0.87942,0.89292,0.95575,0.00403,1,1,participant_30,question_2,No-Timer,True,Submit
0.0,0,39,1,0.90247,0.85005,0,0.8901,0.87593,0.83038,301,98.80319,1,0.89664,0.86186,-0.02617,0.07541,0.64168,0.39975,0.11517,20.34115,1,0.92074,0.80975,0.96833,0.00414,1,1,0.0349,0.06896,0.63942,0.64878,0.1469,19.94564,1,0.88419,0.89035,0.96833,0.00403,1,1,participant_30,question_2,No-Timer,True,Submit
0.0,0,39,1,0.78282,0.73111,0,0.8901,0.87593,0.83726,301,98.80319,1,0.89445,0.85918,-0.02617,0.07541,0.64168,0.39641,0.11303,20.08651,1,0.77068,0.72276,0.98091,0.00448,1,1,0.0349,0.06896,0.63942,0.64538,0.14432,18.98508,1,0.79496,0.73945,0.98091,0.0041,1,1,participant_30,question_2,No-Timer,True,Other
0.0,0,39,1,0.71596,0.60447,0,0.8901,0.87593,0.83726,301,98.80319,0,0.87132,0.82541,-0.02617,0.07541,0.64168,0.39322,0.11036,19.24372,1,0.70507,0.55461,0.99348,0.00438,1,1,0.0349,0.06896,0.63942,0.64205,0.14148,17.87198,1,0.72685,0.65433,0.99348,0.00409,1,1,participant_30,question_2,No-Timer,True,Answer_Area
0.0,0,39,1,0.71804,0.5985,0,0.8901,0.87593,0.83726,301,98.80319,0,0.79468,0.71195,-0.02798,0.07717,0.65243,0.39239,0.11008,20.0981,1,0.70662,0.54813,1.00606,0.00442,1,1,0.03359,0.0699,0.64188,0.64124,0.14126,19.04033,1,0.72947,0.64887,1.00606,0.00419,1,1,participant_30,question_2,No-Timer,True,Answer_Area
0.0,0,39,1,0.55567,0.32792,0,0.8901,0.87593,0.83726,301,98.80319,0,0.71501,0.58394,-0.02798,0.07717,0.65243,0.38671,0.10607,19.616,1,0.54715,0.30015,1.00606,0.00438,1,1,0.03359,0.0699,0.64188,0.63541,0.13689,17.82879,1,0.56418,0.35569,1.00606,0.00386,1,1,participant_30,question_2,No-Timer,True,Question
0.0,0,39,1,0.51223,0.27552,0,0.8901,0.87593,0.83726,301,98.80319,0,0.59531,0.40065,-0.02798,0.07717,0.65243,0.38364,0.10482,19.47734,1,0.49349,0.25957,1.00606,0.00433,1,1,0.03359,0.0699,0.64188,0.63222,0.13536,18.3007,1,0.53098,0.29148,1.00606,0.004,1,1,participant_30,question_2,No-Timer,True,Question
0.0,0,39,1,0.51223,0.27552,0,0.8901,0.87593,0.83726,301,98.80319,0,0.55377,0.33809,-0.02901,0.0763,0.64064,0.38265,0.1042,19.75506,1,0.49349,0.25957,1.00606,0.00423,1,1,0.03215,0.07074,0.6438,0.63122,0.13451,19.11958,1,0.53098,0.29148,1.00606,0.00378,1,1,participant_30,question_2,No-Timer,True,Question
0.0,0,39,1,0.38994,0.23691,0,0.8901,0.87593,0.83726,301,98.80319,0,0.49916,0.30436,-0.02901,0.0763,0.64064,0.378,0.10326,19.50881,1,0.38042,0.20737,1.00606,0.00418,1,1,0.03215,0.07074,0.6438,0.62717,0.13304,18.92551,1,0.39945,0.26645,1.00606,0.00388,1,1,participant_30,question_2,No-Timer,True,Question
0.0,0,39,1,0.34359,0.22935,0,0.8901,0.87593,0.83726,301,98.80319,0,0.41525,0.24726,-0.02901,0.0763,0.64064,0.37541,0.10278,19.57535,1,0.33768,0.20399,1.00606,0.00413,1,1,0.03215,0.07074,0.6438,0.62487,0.13215,19.21509,1,0.34949,0.25472,1.00606,0.00397,1,1,participant_30,question_2,No-Timer,True,Question
0.0,0,39,1,0.34521,0.23787,0,0.8901,0.87593,0.83726,301,98.80319,0,0.38023,0.24257,-0.02927,0.0736,0.61682,0.37457,0.10246,19.64686,1,0.33916,0.20979,0.99944,0.00417,1,1,0.03006,0.06914,0.62545,0.62408,0.13171,19.54997,1,0.35127,0.26595,0.99282,0.00391,1,1,participant_30,question_2,No-Timer,True,Question
0.0,0,39,1,0.29727,0.21409,0,0.8901,0.87593,0.83726,301,98.80319,0,0.35258,0.23307,-0.02927,0.0736,0.61682,0.37093,0.10208,20.1741,1,0.28026,0.17934,0.9862,0.0042,1,1,0.03006,0.06914,0.62545,0.62106,0.13032,19.4038,1,0.31428,0.24884,0.97958,0.00401,1,1,participant_30,question_2,No-Timer,True,Question
0.0,0,39,1,0.29925,0.19531,0,0.8901,0.87593,0.83726,301,98.80319,0,0.31391,0.21576,-0.02927,0.0736,0.61682,0.36963,0.10182,20.17556,1,0.29069,0.16627,0.97296,0.00412,1,1,0.03006,0.06914,0.62545,0.62006,0.12971,19.29111,1,0.30781,0.22435,0.96634,0.00396,1,1,participant_30,question_2,No-Timer,True,Question
0.0,0,39,1,0.30223,0.20768,0,0.8901,0.87593,0.83726,301,98.80319,0,0.30807,0.21172,-0.03039,0.07398,0.61881,0.36904,0.10164,20.14535,1,0.29433,0.17884,0.95972,0.00419,1,1,0.02881,0.06838,0.61478,0.61962,0.12901,19.05323,1,0.31014,0.23652,0.9531,0.00392,1,1,participant_30,question_2,No-Timer,True,Question
0.0,0,39,1,0.30822,0.26423,0,0.8901,0.87593,0.83726,301,98.80319,0,0.30812,0.22922,-0.03039,0.07398,0.61881,0.36708,0.10144,20.59528,1,0.29405,0.23733,0.9531,0.00409,1,1,0.02881,0.06838,0.61478,0.61826,0.12828,19.55393,1,0.3224,0.29113,0.9531,0.00398,1,1,participant_30,question_2,No-Timer,True,Question
0.0,0,39,1,0.30748,0.26068,0,0.8901,0.87593,0.02037,302,99.70702,1,0.30796,0.23709,-0.03039,0.07398,0.61881,0.36595,0.10134,20.52736,1,0.28698,0.21882,0.9531,0.00412,1,1,0.02881,0.06838,0.61478,0.61723,0.12768,19.74492,1,0.32797,0.30253,0.9531,0.00396,1,1,participant_30,question_2,No-Timer,True,Question
0.0,0,39,1,0.30748,0.26068,0,0.8901,0.87593,0.02679,302,99.70702,1,0.30786,0.2418,-0.03153,0.07463,0.62308,0.36533,0.10091,19.58316,1,0.28698,0.21882,0.9531,0.00422,1,1,0.028,0.06867,0.61326,0.61678,0.12676,18.85459,1,0.32797,0.30253,0.9531,0.00403,1,1,participant_30,question_2,No-Timer,True,Question
0.0,0,39,1,0.31659,0.24975,0,0.8901,0.87593,0.03348,302,99.70702,1,0.30932,0.24313,-0.03153,0.07463,0.62308,0.36315,0.10067,19.9952,1,0.30073,0.25009,0.9531,0.00408,1,1,0.028,0.06867,0.61326,0.61513,0.12595,19.20737,1,0.33246,0.24941,0.9531,0.004,1,1,participant_30,question_2,No-Timer,True,Question
0.0,0,39,1,0.30113,0.25636,0,0.8901,0.87593,0.04021,302,99.70702,1,0.30815,0.24502,-0.03153,0.07463,0.62308,0.36205,0.10052,20.15581,1,0.28937,0.23981,0.9531,0.00405,1,1,0.028,0.06867,0.61326,0.61429,0.12542,19.66317,1,0.31289,0.27291,0.9531,0.00398,1,1,participant_30,question_2,No-Timer,True,Question
0.0,0,39,1,0.29961,0.2505,0,0.8901,0.87593,0.04688,302,99.70702,1,0.30708,0.2457,-0.03322,0.07639,0.63661,0.3614,0.10022,19.74869,1,0.2875,0.23391,0.95972,0.00408,1,1,0.02779,0.0704,0.62493,0.61371,0.12468,19.17688,1,0.31173,0.26709,0.95972,0.00394,1,1,participant_30,question_2,No-Timer,True,Question
0.0,0,39,1,0.31077,0.20473,0,0.8901,0.87593,0.05386,302,99.70702,1,0.30749,0.24115,-0.03322,0.07639,0.63661,0.3592,0.09994,19.94336,1,0.29544,0.18736,0.96634,0.00399,1,1,0.02779,0.0704,0.62493,0.61197,0.12356,19.24977,1,0.32611,0.2221,0.96634,0.00383,1,1,participant_30,question_2,No-Timer,True,Question
0.0,0,39,1,0.29551,0.212,0,0.8901,0.87593,0.06054,302,99.70702,1,0.30629,0.23824,-0.03322,0.07639,0.63661,0.35813,0.09976,19.49337,1,0.28114,0.16096,0.97296,0.00407,1,1,0.02779,0.0704,0.62493,0.61119,0.1234,19.54642,1,0.30987,0.26305,0.97296,0.00396,1,1,participant_30,question_2,No-Timer,True,Question
0.0,0,39,1,0.29603,0.2146,0,0.8901,0.87593,0.06768,302,99.70702,1,0.30536,0.23609,-0.03325,0.07453,0.6203,0.35761,0.09979,19.81949,1,0.28114,0.16096,0.97296,0.00423,1,1,0.02593,0.06775,0.59828,0.61065,0.12269,19.10789,1,0.31091,0.26825,0.967,0.00394,1,1,participant_30,question_2,No-Timer,True,Question
0.0,0,39,1,0.30246,0.24455,0,0.8901,0.87593,0.07402,302,99.70702,1,0.30512,0.23679,-0.03325,0.07453,0.6203,0.35539,0.09974,20.0924,1,0.30275,0.25147,0.96038,0.00397,1,1,0.02593,0.06775,0.59828,0.60901,0.12192,19.31432,1,0.30216,0.23764,0.95443,0.00398,1,1,participant_30,question_2,No-Timer,True,Question
0.0,0,39,1,0.31193,0.2682,0,0.8901,0.87593,0.08085,302,99.70702,1,0.30564,0.23921,-0.03325,0.07453,0.6203,0.35426,0.09957,19.76283,1,0.29737,0.25206,0.94781,0.00403,1,1,0.02593,0.06775,0.59828,0.60797,0.12148,19.45965,1,0.3265,0.28433,0.94185,0.004,1,1,participant_30,question_2,No-Timer,True,Question
0.0,0,39,1,0.31276,0.27082,0,0.8901,0.87593,0.08738,302,99.70702,1,0.30615,0.24147,-0.03508,0.07646,0.6356,0.35367,0.09942,19.38064,1,0.29902,0.25731,0.94185,0.00414,1,1,0.02619,0.07111,0.62499,0.60716,0.12114,19.44757,1,0.3265,0.28433,0.94185,0.0041,1,1,participant_30,question_2,No-Timer,True,Question
0.0,0,39,1,0.21156,0.10974,0,0.8901,0.87593,0.09402,302,99.70702,1,0.29985,0.23268,-0.03508,0.07646,0.6356,0.34999,0.09818,19.57314,1,0.18814,0.11502,0.94847,0.00434,1,1,0.02619,0.07111,0.62499,0.60335,0.11848,19.1764,1,0.23499,0.10446,0.95443,0.00424,1,1,participant_30,question_2,No-Timer,True,Question
0.0,0,39,1,0.18488,0.01028,0,0.8901,0.87593,0.10072,302,99.70702,1,0.29266,0.21878,-0.03508,0.07646,0.6356,0.34782,0.09731,19.82663,1,0.15084,0.00337,0.96105,0.00427,1,1,0.02619,0.07111,0.62499,0.60109,0.11764,18.61647,1,0.21892,0.0172,0.967,0.00434,1,1,participant_30,question_2,No-Timer,True,Other
0.0,0,39,1,0.18367,0.00687,0,0.8901,0.87593,0.10742,302,99.70702,1,0.28625,0.20632,-0.03531,0.07445,0.61886,0.34716,0.09759,19.75688,1,0.14841,-0.00346,0.967,0.00455,1,1,0.02429,0.06959,0.60885,0.60023,0.11677,18.79401,1,0.21892,0.0172,0.967,0.00425,1,1,participant_30,question_2,No-Timer,True,Other
0.0,0,39,1,0.12459,-0.02653,0,0.8901,0.87593,0.10742,302,99.70702,0,0.26124,0.16851,-0.03531,0.07445,0.61886,0.34295,0.09625,18.29262,1,0.11573,-0.05988,0.96038,0.00404,1,1,0.02429,0.06959,0.60885,0.59625,0.1153,17.80941,1,0.13345,0.00682,0.95443,0.00388,1,1,participant_30,question_2,No-Timer,True,Other
0.0,0,39,1,0.12598,-0.00332,0,0.8901,0.87593,0.10742,302,99.70702,0,0.19361,0.08259,-0.03531,0.07445,0.61886,0.34192,0.09645,18.39685,1,0.10113,-0.0187,0.94781,0.00404,1,1,0.02429,0.06959,0.60885,0.59544,0.11518,17.981,1,0.15083,0.01205,0.94185,0.00386,1,1,participant_30,question_2,No-Timer,True,Other
0.0,0,39,1,0.1361,0.02835,0,0.8901,0.87593,0.10742,302,99.70702,0,0.17444,0.06451,-0.03531,0.07445,0.61886,0.34129,0.09644,18.47254,1,0.11219,0.00976,0.92388,0.00398,1,1,0.02306,0.06817,0.59489,0.59497,0.11493,17.8006,1,0.16,0.04694,0.91253,0.00389,1,1,participant_30,question_2,No-Timer,True,Question
0.0,0,39,1,0.15222,0.06758,0,0.8901,0.87593,0.10742,302,99.70702,0,0.1381,0.03087,-0.03531,0.07445,0.61886,0.33968,0.09673,18.49892,1,0.13268,0.06762,0.90119,0.00409,1,1,0.02306,0.06817,0.59489,0.59376,0.11407,18.0156,1,0.17176,0.06753,0.8958,0.00388,1,1,participant_30,question_2,No-Timer,True,Question
0.0,0,39,1,0.16299,0.06542,0,0.8901,0.87593,0.10742,302,99.70702,0,0.15055,0.04814,-0.03531,0.07445,0.61886,0.33859,0.09696,18.70881,1,0.13878,0.0768,0.88445,0.00406,1,1,0.02306,0.06817,0.59489,0.59292,0.11378,17.82446,1,0.18721,0.05404,0.87906,0.00388,1,1,participant_30,question_2,No-Timer,True,Question
0.0,0,39,1,0.16937,0.08535,0,0.8901,0.87593,0.10742,302,99.70702,0,0.15682,0.06055,-0.03525,0.07079,0.58988,0.33802,0.09707,18.36964,1,0.14647,0.09621,0.86771,0.004,1,1,0.02234,0.06807,0.59245,0.59246,0.11356,17.68157,1,0.19227,0.07449,0.86232,0.00386,1,1,participant_30,question_2,No-Timer,True,Question
0.0,0,39,1,0.15948,0.08989,0,0.8901,0.87593,0.02016,303,99.84123,1,0.15749,0.06788,-0.03525,0.07079,0.58988,0.33626,0.09739,18.5833,1,0.1402,0.07776,0.86232,0.00399,1,1,0.02234,0.06807,0.59245,0.59108,0.11304,17.82597,1,0.17877,0.10203,0.86232,0.00388,1,1,participant_30,question_2,No-Timer,True,Question
0.0,0,39,1,0.16861,0.07844,0,0.8901,0.87593,0.02703,303,99.84123,1,0.15971,0.06999,-0.03525,0.07079,0.58988,0.33542,0.09751,18.42916,1,0.15513,0.08579,0.86232,0.00401,1,1,0.02234,0.06807,0.59245,0.59048,0.11274,17.85397,1,0.18208,0.07109,0.86232,0.00388,1,1,participant_30,question_2,No-Timer,True,Question
0.0,0,39,1,0.16861,0.07844,0,0.8901,0.87593,0.03356,303,99.84123,1,0.16119,0.0714,-0.03569,0.07021,0.58547,0.33487,0.09761,18.28711,1,0.15513,0.08579,0.86232,0.00398,1,1,0.02237,0.07,0.60765,0.58983,0.11268,17.51868,1,0.18208,0.07109,0.86232,0.00387,1,1,participant_30,question_2,No-Timer,True,Question
0.0,0,39,1,0.16481,0.1135,0,0.8901,0.87593,0.04025,303,99.84123,1,0.16171,0.07742,-0.03569,0.07021,0.58547,0.33332,0.0979,18.41044,1,0.14811,0.12788,0.86232,0.00397,1,1,0.02237,0.07,0.60765,0.58855,0.11228,17.58474,1,0.18151,0.09911,0.86232,0.0038,1,1,participant_30,question_2,No-Timer,True,Question
0.0,0,39,1,0.15847,0.08655,0,0.8901,0.87593,0.04691,303,99.84123,1,0.1613,0.07856,-0.03569,0.07021,0.58547,0.33252,0.09816,18.11234,1,0.13946,0.06696,0.86232,0.00398,1,1,0.02237,0.07,0.60765,0.58788,0.11206,17.69209,1,0.17748,0.10614,0.86232,0.00385,1,1,participant_30,question_2,No-Timer,True,Question
0.0,0,39,1,0.15634,0.08012,0,0.8901,0.87593,0.05369,303,99.84123,1,0.16075,0.07873,-0.03728,0.07206,0.60202,0.33196,0.09826,18.43611,1,0.13693,0.06048,0.86771,0.00394,1,1,0.02157,0.06936,0.60048,0.58746,0.11199,17.47041,1,0.17576,0.09975,0.86771,0.00381,1,1,participant_30,question_2,No-Timer,True,Question
0.0,0,39,1,0.1615,0.07888,0,0.8901,0.87593,0.06046,303,99.84123,1,0.16083,0.07875,-0.03728,0.07206,0.60202,0.33053,0.09868,18.41322,1,0.14769,0.08919,0.8731,0.00397,1,1,0.02157,0.06936,0.60048,0.58618,0.11166,17.69969,1,0.17531,0.06858,0.8731,0.00382,1,1,participant_30,question_2,No-Timer,True,Question
0.0,0,39,1,0.16993,0.02714,0,0.8901,0.87593,0.06709,303,99.84123,1,0.16166,0.07405,-0.03728,0.07206,0.60202,0.32981,0.09893,18.02836,1,0.16371,0.02055,0.87849,0.00395,1,1,0.02157,0.06936,0.60048,0.5856,0.11163,17.63072,1,0.17615,0.03373,0.87849,0.00378,1,1,participant_30,question_2,No-Timer,True,Question
0.0,0,39,1,0.16793,0.02045,0,0.8901,0.87593,0.07392,303,99.84123,1,0.16218,0.06959,-0.03539,0.06694,0.56063,0.32937,0.09911,18.14808,1,0.16137,0.0139,0.88388,0.00388,1,1,0.02065,0.06814,0.58992,0.58516,0.11153,17.29925,1,0.17448,0.027,0.88388,0.0038,1,1,participant_30,question_2,No-Timer,True,Other
0.0,0,39,1,0.15428,0.08881,0,0.8901,0.87593,0.08044,303,99.84123,1,0.16157,0.07107,-0.03539,0.06694,0.56063,0.32787,0.09961,18.19416,1,0.14191,0.07812,0.88388,0.00396,1,1,0.02065,0.06814,0.58992,0.5839,0.11137,17.30906,1,0.16665,0.09951,0.88388,0.00377,1,1,participant_30,question_2,No-Timer,True,Question
0.0,0,39,1,0.11624,0.02092,0,0.8901,0.87593,0.08714,303,99.84123,1,0.15833,0.06748,-0.03539,0.06694,0.56063,0.32653,0.09984,18.01874,1,0.10243,0.00687,0.88388,0.00389,1,1,0.02065,0.06814,0.58992,0.58263,0.11124,17.35958,1,0.13006,0.03497,0.88388,0.00378,1,1,participant_30,question_2,No-Timer,True,Other
0.0,0,39,1,0.12147,0.03678,0,0.8901,0.87593,0.09377,303,99.84123,1,0.15588,0.06544,-0.03539,0.06694,0.56063,0.32579,0.09985,17.83364,1,0.10752,0.01969,0.87359,0.0039,1,1,0.01926,0.06564,0.5683,0.58184,0.11108,17.2902,1,0.13543,0.05387,0.86869,0.00381,1,1,participant_30,question_2,No-Timer,True,Question
0.0,0,39,1,0.1046,0.03468,0,0.8901,0.87593,0.10048,303,99.84123,1,0.15267,0.06351,-0.03539,0.06694,0.56063,0.3236,0.10036,17.45904,1,0.08961,0.03913,0.8584,0.00387,1,1,0.01926,0.06564,0.5683,0.57949,0.11115,16.93625,1,0.1196,0.03022,0.8535,0.00374,1,1,participant_30,question_2,No-Timer,True,Question
0.0,0,39,1,0.12096,0.04851,0,0.8901,0.87593,0.10696,303,99.84123,1,0.15081,0.06263,-0.03539,0.06694,0.56063,0.32322,0.10073,17.53628,1,0.08948,0.04482,0.84321,0.00388,1,1,0.01926,0.06564,0.5683,0.57919,0.11121,16.7329,1,0.15244,0.0522,0.83831,0.00377,1,1,participant_30,question_2,No-Timer,True,Question
0.0,0,39,1,0.1277,0.06787,0,0.8901,0.87593,0.11368,303,99.84123,1,0.14952,0.06292,-0.03539,0.06694,0.56063,0.32266,0.1009,17.41571,1,0.0976,0.06397,0.82802,0.00391,1,1,0.01934,0.0674,0.58356,0.57879,0.11123,16.74941,1,0.15779,0.07176,0.82312,0.00374,1,1,participant_30,question_2,No-Timer,True,Question
0.0,0,39,1,0.12443,0.08975,0,0.8901,0.87593,0.12059,303,99.84123,1,0.1482,0.06433,-0.03539,0.06694,0.56063,0.32167,0.10129,17.47034,1,0.11151,0.08637,0.82312,0.00387,1,1,0.01934,0.0674,0.58356,0.57795,0.11109,16.84751,1,0.13735,0.09313,0.82312,0.00379,1,1,participant_30,question_2,No-Timer,True,Question
0.0,0,39,1,0.11709,0.10725,0,0.8901,0.87593,0.12704,303,99.84123,1,0.14665,0.06648,-0.03539,0.06694,0.56063,0.32126,0.10146,17.49524,1,0.0953,0.07657,0.82312,0.00396,1,1,0.01934,0.0674,0.58356,0.57752,0.111,16.99787,1,0.13887,0.13794,0.82312,0.00373,1,1,participant_30,question_2,No-Timer,True,Question
0.0,0,39,1,0.11709,0.10725,0,0.8901,0.87593,0.13375,303,99.84123,1,0.14524,0.06842,-0.03539,0.06694,0.56063,0.32068,0.10183,17.57409,1,0.0953,0.07657,0.82312,0.00384,1,1,0.01864,0.06616,0.57279,0.5771,0.11098,16.90714,1,0.13887,0.13794,0.82312,0.0038,1,1,participant_30,question_2,No-Timer,True,Question
0.0,0,39,1,0.11371,0.11421,0,0.8901,0.87593,0.14044,303,99.84123,1,0.1438,0.0705,-0.03539,0.06694,0.56063,0.31965,0.1021,17.43005,1,0.10621,0.11085,0.82312,0.00383,1,1,0.01864,0.06616,0.57279,0.5762,0.11087,16.6515,1,0.12122,0.11758,0.82312,0.00377,1,1,participant_30,question_2,No-Timer,True,Question
0.0,0,39,1,0.12414,0.0989,0,0.8901,0.87593,0.14739,303,99.84123,1,0.14295,0.07174,-0.03539,0.06694,0.56063,0.31915,0.10224,17.60899,1,0.11486,0.0879,0.82312,0.00385,1,1,0.01864,0.06616,0.57279,0.5758,0.11068,16.88025,1,0.13343,0.1099,0.82312,0.00376,1,1,participant_30,question_2,No-Timer,True,Question
0.0,0,39,1,0.12414,0.0989,0,0.8901,0.87593,0.15384,303,99.84123,1,0.14217,0.07287,-0.03874,0.06879,0.58195,0.31872,0.10246,17.30538,1,0.11486,0.0879,0.82312,0.00385,1,1,0.01864,0.06616,0.57279,0.57537,0.11056,16.74404,1,0.13343,0.1099,0.82312,0.00371,1,1,participant_30,question_2,No-Timer,True,Question
0.0,0,39,1,0.12629,0.08782,0,0.8901,0.87593,0.16105,303,99.84123,1,0.14153,0.07347,-0.03874,0.06879,0.58195,0.31773,0.10267,17.61074,1,0.11481,0.07917,0.82312,0.00386,1,1,0.01864,0.06616,0.57279,0.57456,0.11056,17.00722,1,0.13778,0.09647,0.82312,0.0037,1,1,participant_30,question_2,No-Timer,True,Question
0.0,0,39,1,0.11747,0.07848,0,0.8901,0.87593,0.16758,303,99.84123,1,0.14061,0.07366,-0.03874,0.06879,0.58195,0.31725,0.10287,17.59847,1,0.10234,0.08467,0.82312,0.00387,1,1,0.01864,0.06616,0.57279,0.57409,0.11041,16.71471,1,0.1326,0.0723,0.82312,0.00372,1,1,participant_30,question_2,No-Timer,True,Question
0.0,0,39,1,0.11747,0.07848,0,0.8901,0.87593,0.17432,303,99.84123,1,0.13975,0.07384,-0.03874,0.06879,0.58195,0.31684,0.10292,17.26328,1,0.10234,0.08467,0.82312,0.00381,1,1,0.0179,0.06648,0.5741,0.5738,0.1102,16.77158,1,0.1326,0.0723,0.82312,0.00366,1,1,participant_30,question_2,No-Timer,True,Question
0.0,0,39,1,0.12781,0.09641,0,0.8901,0.87593,0.18091,303,99.84123,1,0.13932,0.07465,-0.03874,0.06879,0.58195,0.31601,0.10312,17.41245,1,0.1207,0.10446,0.82312,0.00384,1,1,0.0179,0.06648,0.5741,0.57296,0.11,16.72351,1,0.13492,0.08837,0.82312,0.00367,1,1,participant_30,question_2,No-Timer,True,Question
0.0,0,39,1,0.12349,0.11637,0,0.8901,0.87593,0.18091,303,99.84123,0,0.12174,0.09514,-0.03874,0.06879,0.58195,0.31547,0.10319,17.44514,1,0.11497,0.11604,0.82312,0.00379,1,1,0.0179,0.06648,0.5741,0.57259,0.10987,16.79756,1,0.13202,0.11669,0.82312,0.00367,1,1,participant_30,question_2,No-Timer,True,Question
0.0,0,39,1,0.12034,0.10738,0,0.8901,0.87593,0.18091,303,99.84123,0,0.12104,0.10126,-0.04047,0.07033,0.59651,0.31515,0.10325,17.50189,1,0.11242,0.11016,0.82802,0.00378,1,1,0.0179,0.06648,0.5741,0.5722,0.1098,16.74779,1,0.12827,0.1046,0.83292,0.00369,1,1,participant_30,question_2,No-Timer,True,Question
0.0,0,39,1,0.12042,0.07405,0,0.8901,0.87593,0.18091,303,99.84123,0,0.12083,0.09219,-0.04047,0.07033,0.59651,0.31427,0.10333,17.64834,1,0.11124,0.06971,0.83782,0.00379,1,1,0.0179,0.06648,0.5741,0.57154,0.10957,16.95531,1,0.12959,0.07838,0.84272,0.00364,1,1,participant_30,question_2,No-Timer,True,Question
0.0,0,39,1,0.11497,0.04466,0,0.8901,0.87593,0.02036,304,100.02853,1,0.11937,0.08031,-0.04047,0.07033,0.59651,0.31387,0.1034,17.27253,1,0.10169,0.05141,0.84762,0.00382,1,1,0.0179,0.06648,0.5741,0.57102,0.10939,16.62267,1,0.12825,0.03792,0.85252,0.00364,1,1,participant_30,question_2,No-Timer,True,Question
0.0,0,39,1,0.11153,0.0354,0,0.8901,0.87593,0.02759,304,100.02853,1,0.1178,0.07133,-0.04019,0.06923,0.58718,0.31351,0.10329,17.39953,1,0.09661,0.0392,0.85742,0.00383,1,1,0.01755,0.06759,0.58219,0.57072,0.10925,16.72878,1,0.12645,0.03161,0.85742,0.0037,1,1,participant_30,question_2,No-Timer,True,Question
0.0,0,39,1,0.1129,0.05824,0,0.8901,0.87593,0.03379,304,100.02853,1,0.11698,0.06915,-0.04019,0.06923,0.58718,0.31283,0.10327,17.30243,1,0.10399,0.0374,0.85742,0.00378,1,1,0.01755,0.06759,0.58219,0.57009,0.10879,16.65301,1,0.1218,0.07907,0.85252,0.00364,1,1,participant_30,question_2,No-Timer,True,Question
0.0,0,39,1,0.10669,0.06051,0,0.8901,0.87593,0.04049,304,100.02853,1,0.11551,0.06791,-0.04019,0.06923,0.58718,0.31238,0.10335,17.23232,1,0.0958,0.05352,0.85252,0.00377,1,1,0.01755,0.06759,0.58219,0.56979,0.10862,16.70376,1,0.11759,0.06749,0.84762,0.00365,1,1,participant_30,question_2,No-Timer,True,Question
0.0,0,39,1,0.10891,0.06662,0,0.8901,0.87593,0.04716,304,100.02853,1,0.11469,0.06775,-0.04019,0.06923,0.58718,0.31209,0.1033,17.21648,1,0.09836,0.05958,0.84762,0.00379,1,1,0.01755,0.06759,0.58219,0.56942,0.10857,16.50506,1,0.11946,0.07366,0.84272,0.00365,1,1,participant_30,question_2,No-Timer,True,Question
0.0,0,39,1,0.11701,0.08017,0,0.8901,0.87593,0.05363,304,100.02853,1,0.11495,0.06913,-0.04019,0.06923,0.58718,0.31139,0.10323,17.18542,1,0.09309,0.09013,0.84272,0.00379,1,1,0.01755,0.06759,0.58219,0.56878,0.10808,16.34002,1,0.14093,0.0702,0.84272,0.00367,1,1,participant_30,question_2,No-Timer,True,Question
0.0,0,39,1,0.10831,0.08674,0,0.8901,0.87593,0.06064,304,100.02853,1,0.11428,0.07089,-0.04019,0.06923,0.58718,0.31106,0.1032,17.16372,1,0.09697,0.08103,0.84272,0.00383,1,1,0.01755,0.06759,0.58219,0.56849,0.10794,16.54914,1,0.11964,0.09245,0.84272,0.00359,1,1,participant_30,question_2,No-Timer,True,Question
0.0,0,39,1,0.10831,0.08674,0,0.8901,0.87593,0.06725,304,100.02853,1,0.11374,0.07233,-0.04019,0.06923,0.58718,0.31078,0.10307,17.17228,1,0.09697,0.08103,0.84272,0.00376,1,1,0.01755,0.06759,0.58219,0.56817,0.10776,16.73843,1,0.11964,0.09245,0.84272,0.00359,1,1,participant_30,question_2,No-Timer,True,Question
0.0,0,39,1,0.10823,0.05224,0,0.8901,0.87593,0.07404,304,100.02853,1,0.11328,0.07066,-0.04019,0.06923,0.58718,0.31005,0.10289,17.27068,1,0.09405,0.061,0.84272,0.00384,1,1,0.01755,0.06759,0.58219,0.56765,0.10743,16.52622,1,0.1224,0.04348,0.84272,0.00364,1,1,participant_30,question_2,No-Timer,True,Question
0.0,0,39,1,0.11764,0.04729,0,0.8901,0.87593,0.08076,304,100.02853,1,0.11361,0.06886,-0.04019,0.06923,0.58718,0.30979,0.10279,17.53451,1,0.09478,0.04905,0.84272,0.00374,1,1,0.01755,0.06759,0.58219,0.56731,0.10716,16.64573,1,0.14051,0.04553,0.84272,0.00357,1,1,participant_30,question_2,No-Timer,True,Question
0.0,0,39,1,0.11764,0.04729,0,0.8901,0.87593,0.08733,304,100.02853,1,0.1139,0.06732,-0.04019,0.06923,0.58718,0.30953,0.10269,17.13606,1,0.09478,0.04905,0.84272,0.00378,1,1,0.01755,0.06759,0.58219,0.56708,0.10686,16.43266,1,0.14051,0.04553,0.84272,0.00365,1,1,participant_30,question_2,No-Timer,True,Question
0.0,0,39,1,0.11518,0.05667,0,0.8901,0.87593,0.09384,304,100.02853,1,0.11399,0.06661,-0.04019,0.06923,0.58718,0.3089,0.10243,17.0355,1,0.11023,0.05771,0.84272,0.00376,1,1,0.01755,0.06759,0.58219,0.56654,0.10653,16.49017,1,0.12013,0.05563,0.84272,0.00368,1,1,participant_30,question_2,No-Timer,True,Question
0.0,0,39,1,0.11429,0.06229,0,0.8901,0.87593,0.10074,304,100.02853,1,0.11401,0.06634,-0.04019,0.06923,0.58718,0.30864,0.10228,17.2385,1,0.09906,0.09154,0.84272,0.00375,1,1,0.01755,0.06759,0.58219,0.56625,0.10639,16.41671,1,0.12953,0.03304,0.84272,0.0036,1,1,participant_30,question_2,No-Timer,True,Question
0.0,0,39,1,0.11429,0.06229,0,0.8901,0.87593,0.10743,304,100.02853,1,0.11402,0.0661,-0.04019,0.06923,0.58718,0.30842,0.10206,17.2325,1,0.09906,0.09154,0.84272,0.00376,1,1,0.01755,0.06759,0.58219,0.56598,0.10608,16.39277,1,0.12953,0.03304,0.84272,0.00365,1,1,participant_30,question_2,No-Timer,True,Question
0.0,0,39,1,0.11081,0.06537,0,0.8901,0.87593,0.11392,304,100.02853,1,0.11385,0.06606,-0.04019,0.06923,0.58718,0.30763,0.10199,17.09233,1,0.09672,0.06,0.84272,0.0038,1,1,0.01755,0.06759,0.58219,0.56538,0.10574,16.40407,1,0.1249,0.07074,0.84272,0.00363,1,1,participant_30,question_2,No-Timer,True,Question
0.0,0,39,1,0.11499,0.04884,0,0.8901,0.87593,0.12134,304,100.02853,1,0.11391,0.06515,-0.04019,0.06923,0.58718,0.30751,0.10189,17.24624,1,0.09765,0.04715,0.84272,0.00377,1,1,0.01755,0.06759,0.58219,0.5652,0.10548,16.46274,1,0.13233,0.05054,0.84272,0.00358,1,1,participant_30,question_2,No-Timer,True,Question
0.0,0,39,1,0.11718,0.05508,0,0.8901,0.87593,0.1273,304,100.02853,1,0.11407,0.06465,-0.04036,0.06758,0.57027,0.30723,0.10166,17.17134,1,0.10022,0.05331,0.83782,0.00374,1,1,0.01609,0.06767,0.5769,0.56493,0.10524,16.23737,1,0.13414,0.05684,0.83782,0.0036,1,1,participant_30,question_2,No-Timer,True,Question
0.0,0,39,1,0.1114,0.08631,0,0.8901,0.87593,0.13403,304,100.02853,1,0.11394,0.06568,-0.04036,0.06758,0.57027,0.30671,0.10139,17.15007,1,0.10192,0.07703,0.83292,0.00375,1,1,0.01609,0.06767,0.5769,0.56437,0.10494,16.31185,1,0.12089,0.09559,0.83292,0.00359,1,1,participant_30,question_2,No-Timer,True,Question
0.0,0,39,1,0.12596,0.09815,0,0.8901,0.87593,0.1407,304,100.02853,1,0.11449,0.06716,-0.04036,0.06758,0.57027,0.30646,0.10114,17.17256,1,0.10877,0.1066,0.82802,0.00379,1,1,0.01609,0.06767,0.5769,0.56412,0.10476,16.49647,1,0.14314,0.0897,0.82802,0.00359,1,1,participant_30,question_2,No-Timer,True,Question
0.0,0,39,1,0.12814,0.10418,0,0.8901,0.87593,0.14762,304,100.02853,1,0.11508,0.06877,-0.04151,0.06909,0.58159,0.30617,0.10117,16.89363,1,0.11134,0.1125,0.82312,0.00377,1,1,0.01334,0.05718,0.48623,0.56392,0.10452,16.45841,1,0.14495,0.09586,0.82312,0.00359,1,1,participant_30,question_2,No-Timer,True,Question
0.0,0,39,1,0.13527,0.0816,0,0.8901,0.87593,0.15433,304,100.02853,1,0.11592,0.0693,-0.04151,0.06909,0.58159,0.30565,0.10083,17.12139,1,0.11749,0.0741,0.82312,0.00377,1,1,0.01334,0.05718,0.48623,0.56341,0.10419,16.30438,1,0.15306,0.08911,0.82312,0.00358,1,1,participant_30,question_2,No-Timer,True,Question
0.0,0,39,1,0.12639,0.0892,0,0.8901,0.87593,0.16109,304,100.02853,1,0.11634,0.0701,-0.04151,0.06909,0.58159,0.30553,0.10074,17.11123,1,0.10892,0.06622,0.82312,0.00376,1,1,0.01334,0.05718,0.48623,0.56341,0.10404,16.48676,1,0.14386,0.11218,0.82312,0.0036,1,1,participant_30,question_2,No-Timer,True,Question
0.0,0,39,1,0.12328,0.08004,0,0.8901,0.87593,0.16796,304,100.02853,1,0.11661,0.07048,-0.18091,0.30736,2.58557,0.30554,0.10056,17.06662,1,0.10634,0.06003,0.82802,0.00375,0,1,0.01334,0.05718,0.48623,0.56336,0.10384,16.34677,1,0.14023,0.10005,0.83292,0.0036,1,1,participant_30,question_2,No-Timer,True,Question
0.0,0,39,1,0.19613,0.06253,0,0.8901,0.87593,0.17448,304,100.02853,1,0.11955,0.07019,-0.18091,0.30736,2.58557,0.30659,0.10012,17.2117,1,0.17659,0.07854,0.83782,0.00376,0,1,0.01334,0.05718,0.48623,0.56452,0.10346,16.44565,1,0.21567,0.04652,0.84272,0.00365,1,1,participant_30,question_2,No-Timer,True,Question
0.0,0,39,1,0.20034,0.07793,0,0.8901,0.87593,0.18112,304,100.02853,1,0.12244,0.07046,-0.18091,0.30736,2.58557,0.30681,0.1001,17.26085,1,0.18674,0.06679,0.84762,0.00373,0,1,0.01334,0.05718,0.48623,0.56454,0.10309,16.55457,1,0.21394,0.08907,0.85252,0.00358,1,1,participant_30,question_2,No-Timer,True,Question
0.0,0,39,1,0.19685,0.066,0,0.8901,0.87593,0.18794,304,100.02853,1,0.12501,0.07031,-0.18091,0.30736,2.58557,0.30708,0.09998,17.33746,1,0.18257,0.05484,0.85742,0.0038,0,1,0.01618,0.07066,0.59776,0.5647,0.1029,16.49606,1,0.21114,0.07715,0.86232,0.00362,1,1,participant_30,question_2,No-Timer,True,Question
0.0,0,39,1,0.19226,0.02235,0,0.8901,0.87593,0.19486,304,100.02853,1,0.12725,0.06871,-0.18091,0.30736,2.58557,0.30664,0.09967,17.30185,1,0.17059,0.01764,0.86232,0.00374,0,1,0.01618,0.07066,0.59776,0.5642,0.10232,16.73857,1,0.21392,0.02706,0.86232,0.00363,1,1,participant_30,question_2,No-Timer,True,Other
0.0,0,39,1,0.1815,0.02987,0,0.8901,0.87593,0.20125,304,100.02853,1,0.129,0.06746,-0.18091,0.30736,2.58557,0.30626,0.09962,17.30013,1,0.16826,0.05709,0.86232,0.00371,0,1,0.01618,0.07066,0.59776,0.56386,0.10232,16.50463,1,0.19474,0.00265,0.86232,0.00356,1,1,participant_30,question_2,No-Timer,True,Question
0.0,0,39,1,0.1815,0.02987,0,0.8901,0.87593,0.20125,304,100.02853,0,0.15825,0.069,-0.18297,0.30898,2.59263,0.30595,0.09954,17.29443,1,0.16826,0.05709,0.86232,0.00371,0,1,0.01581,0.07025,0.59398,0.56357,0.10214,16.40022,1,0.19474,0.00265,0.86232,0.00357,1,1,participant_30,question_2,No-Timer,True,Question
0.0,0,39,1,0.19249,0.04434,0,0.8901,0.87593,0.20125,304,100.02853,0,0.17537,0.05667,-0.18297,0.30898,2.59263,0.30534,0.09937,17.33673,1,0.1857,0.03328,0.86232,0.00373,0,1,0.01581,0.07025,0.59398,0.56299,0.10191,16.34026,1,0.19927,0.05541,0.86232,0.00359,1,1,participant_30,question_2,No-Timer,True,Question
0.0,0,39,1,0.19411,0.05729,0,0.8901,0.87593,0.20125,304,100.02853,0,0.18162,0.05688,-0.18297,0.30898,2.59263,0.30501,0.09924,17.41961,1,0.18511,0.06852,0.86232,0.00371,0,1,0.01581,0.07025,0.59398,0.56283,0.10155,16.44738,1,0.2031,0.04606,0.86232,0.00359,1,1,participant_30,question_2,No-Timer,True,Question
0.0,0,39,1,0.19219,0.05068,0,0.8901,0.87593,0.02036,305,100.23643,1,0.18426,0.05533,-0.044,0.07245,0.60758,0.30475,0.09927,17.259,1,0.18285,0.06207,0.86771,0.00367,1,1,0.01558,0.07017,0.59215,0.56256,0.10134,16.47446,1,0.20154,0.0393,0.86771,0.00353,1,1,participant_30,question_2,No-Timer,True,Question
0.0,0,39,1,0.19868,0.032,0,0.8901,0.87593,0.02689,305,100.23643,1,0.18714,0.05066,-0.044,0.07245,0.60758,0.30412,0.09904,17.10062,1,0.18201,0.02957,0.8731,0.00375,1,1,0.01558,0.07017,0.59215,0.56202,0.10121,16.37988,1,0.21536,0.03444,0.8731,0.00352,1,1,participant_30,question_2,No-Timer,True,Question
0.0,0,39,1,0.18884,0.01282,0,0.8901,0.87593,0.03396,305,100.23643,1,0.18743,0.04436,-0.044,0.07245,0.60758,0.30379,0.09897,17.29952,1,0.17592,0.02685,0.87849,0.00371,1,1,0.01558,0.07017,0.59215,0.56173,0.101,16.33289,1,0.20176,-0.00122,0.87849,0.00354,1,1,participant_30,question_2,No-Timer,True,Other
0.0,0,39,1,0.18694,0.00605,0,0.8901,0.87593,0.04028,305,100.23643,1,0.18736,0.03888,-0.04341,0.07097,0.5944,0.30351,0.09898,17.13634,1,0.17365,0.02026,0.88388,0.00366,1,1,0.01544,0.07084,0.59704,0.56146,0.1009,16.36732,1,0.20023,-0.00816,0.88388,0.00356,1,1,participant_30,question_2,No-Timer,True,Other
0.0,0,39,1,0.18863,0.01438,0,0.8901,0.87593,0.0467,305,100.23643,1,0.18752,0.03582,-0.04341,0.07097,0.5944,0.30285,0.09895,17.31478,1,0.173,0.01803,0.88388,0.00371,1,1,0.01544,0.07084,0.59704,0.56088,0.10062,16.24372,1,0.20427,0.01074,0.88388,0.00356,1,1,participant_30,question_2,No-Timer,True,Other
0.0,0,39,1,0.18533,0.00537,0,0.8901,0.87593,0.05397,305,100.23643,1,0.18727,0.03244,-0.04341,0.07097,0.5944,0.30257,0.09886,17.10931,1,0.16635,0.00755,0.88388,0.00371,1,1,0.01544,0.07084,0.59704,0.56067,0.1005,16.54103,1,0.2043,0.00319,0.88388,0.00353,1,1,participant_30,question_2,No-Timer,True,Other
0.0,0,39,1,0.18533,0.00537,0,0.8901,0.87593,0.0603,305,100.23643,1,0.18708,0.02973,-0.04389,0.07132,0.59733,0.30222,0.09894,17.21299,1,0.16635,0.00755,0.88388,0.00371,1,1,0.0152,0.07107,0.59821,0.56042,0.1004,16.14043,1,0.2043,0.00319,0.88388,0.00362,1,1,participant_30,question_2,No-Timer,True,Other
0.0,0,39,1,0.17838,0.00819,0,0.8901,0.87593,0.06735,305,100.23643,1,0.18629,0.02777,-0.04389,0.07132,0.59733,0.30168,0.09891,17.23289,1,0.1681,0.0103,0.88388,0.00377,1,1,0.0152,0.07107,0.59821,0.55978,0.10018,16.38067,1,0.18866,0.00607,0.88388,0.00354,1,1,participant_30,question_2,No-Timer,True,Other
0.0,0,39,1,0.18863,0.01275,0,0.8901,0.87593,0.07372,305,100.23643,1,0.18648,0.02652,-0.04389,0.07132,0.59733,0.3014,0.09898,17.13417,1,0.17009,0.01661,0.88388,0.00371,1,1,0.0152,0.07107,0.59821,0.55961,0.10007,16.26937,1,0.20716,0.00888,0.88388,0.00349,1,1,participant_30,question_2,No-Timer,True,Other
0.0,0,39,1,0.18863,0.01275,0,0.8901,0.87593,0.08038,305,100.23643,1,0.18665,0.02546,-0.04459,0.07203,0.60324,0.30104,0.09888,17.06548,1,0.17009,0.01661,0.88388,0.00369,1,1,0.01499,0.07101,0.59694,0.55932,0.09995,16.16383,1,0.20716,0.00888,0.88388,0.00351,1,1,participant_30,question_2,No-Timer,True,Other
0.0,0,39,1,0.18199,0.02142,0,0.8901,0.87593,0.08749,305,100.23643,1,0.18632,0.02517,-0.04459,0.07203,0.60324,0.30046,0.09886,17.30479,1,0.16813,0.01327,0.88388,0.00367,1,1,0.01499,0.07101,0.59694,0.5589,0.09978,16.25542,1,0.19585,0.02957,0.88388,0.00351,1,1,participant_30,question_2,No-Timer,True,Other
0.0,0,39,1,0.1808,0.01263,0,0.8901,0.87593,0.09394,305,100.23643,1,0.18595,0.02434,-0.04459,0.07203,0.60324,0.30023,0.09889,17.03968,1,0.16688,0.00928,0.88388,0.00371,1,1,0.01499,0.07101,0.59694,0.55857,0.09963,16.29005,1,0.19472,0.01599,0.88388,0.00353,1,1,participant_30,question_2,No-Timer,True,Other
0.0,0,39,1,0.1808,0.01263,0,0.8901,0.87593,0.10098,305,100.23643,1,0.18563,0.02361,-0.04437,0.07123,0.59659,0.2999,0.09887,17.11047,1,0.16688,0.00928,0.88388,0.00367,1,1,0.01467,0.07086,0.59494,0.55836,0.09965,16.31481,1,0.19472,0.01599,0.88388,0.0035,1,1,participant_30,question_2,No-Timer,True,Other
0.0,0,39,1,0.18553,0.00764,0,0.8901,0.87593,0.10725,305,100.23643,1,0.18562,0.02267,-0.04437,0.07123,0.59659,0.29927,0.09886,17.23149,1,0.16535,0.01102,0.88388,0.00375,1,1,0.01467,0.07086,0.59494,0.55781,0.09944,16.45033,1,0.2057,0.00425,0.88388,0.00348,1,1,participant_30,question_2,No-Timer,True,Other
0.0,0,39,1,0.17834,-0.00645,0,0.8901,0.87593,0.11369,305,100.23643,1,0.18522,0.02105,-0.04437,0.07123,0.59659,0.29896,0.09868,17.24962,1,0.16956,-0.00448,0.88388,0.0037,1,1,0.01467,0.07086,0.59494,0.55757,0.09946,16.32931,1,0.18712,-0.00843,0.88388,0.00348,1,1,participant_30,question_2,No-Timer,True,Other
0.0,0,39,1,0.17834,-0.00645,0,0.8901,0.87593,0.12106,305,100.23643,1,0.18485,0.0196,-0.04538,0.07241,0.60645,0.29872,0.09864,17.32756,1,0.16956,-0.00448,0.88388,0.00366,1,1,0.01445,0.07108,0.59681,0.55741,0.09931,16.18903,1,0.18712,-0.00843,0.88388,0.00351,1,1,participant_30,question_2,No-Timer,True,Other
0.0,0,39,1,0.17292,0.02017,0,0.8901,0.87593,0.12763,305,100.23643,1,0.18426,0.01963,-0.04538,0.07241,0.60645,0.29806,0.09851,17.1605,1,0.1581,0.01995,0.88388,0.00368,1,1,0.01445,0.07108,0.59681,0.55676,0.09913,16.2533,1,0.18773,0.02038,0.88388,0.00352,1,1,participant_30,question_2,No-Timer,True,Other
0.0,0,39,1,0.18658,0.02902,0,0.8901,0.87593,0.13406,305,100.23643,1,0.18437,0.02008,-0.04538,0.07241,0.60645,0.29789,0.09833,17.31629,1,0.16576,-0.00051,0.88388,0.00373,1,1,0.01445,0.07108,0.59681,0.55646,0.0991,16.37652,1,0.20739,0.05855,0.88388,0.00349,1,1,participant_30,question_2,No-Timer,True,Question
0.0,0,39,1,0.18849,0.03564,0,0.8901,0.87593,0.14115,305,100.23643,1,0.18455,0.02078,-0.04508,0.07153,0.59829,0.29755,0.09834,17.55872,1,0.16807,0.00622,0.87849,0.00373,1,1,0.0143,0.07184,0.6017,0.55613,0.09891,16.3546,1,0.2089,0.06506,0.87849,0.00348,1,1,participant_30,question_2,No-Timer,True,Question
0.0,0,39,1,0.18611,0.065,0,0.8901,0.87593,0.14745,305,100.23643,1,0.18462,0.02271,-0.04508,0.07153,0.59829,0.29721,0.09789,16.68956,1,0.18509,0.04794,0.8731,0.00369,1,1,0.0143,0.07184,0.6017,0.55534,0.09846,15.93197,1,0.18714,0.08206,0.8731,0.00345,1,1,participant_30,question_2,No-Timer,True,Question
0.0,0,39,1,0.19712,0.28163,0,0.8901,0.87593,0.15385,305,100.23643,1,0.18514,0.03349,-0.04508,0.07153,0.59829,0.29722,0.09941,11.58013,1,0.21648,0.27002,0.86771,0.00343,1,1,0.0143,0.07184,0.6017,0.55486,0.1008,8.66371,1,0.17776,0.29324,0.86771,0.00286,1,1,participant_30,question_2,No-Timer,True,Question
0.0,0,39,0,0.19712,0.28163,0,0.8901,0.87593,0.16056,305,100.23643,1,0.18514,0.03349,-0.04508,0.07153,0.59829,0.29722,0.09941,11.58013,0,0.21648,0.27002,0.86232,0.00343,1,0,0.0143,0.07184,0.6017,0.55486,0.1008,8.66371,0,0.17776,0.29324,0.86232,0.00286,1,0,participant_30,question_2,No-Timer,False,Question
0.0,0,39,0,0.19712,0.28163,0,0.8901,0.87593,0.16725,305,100.23643,1,0.18514,0.03349,-0.04508,0.07153,0.59829,0.29722,0.09941,11.58013,0,0.21648,0.27002,0.86232,0.00343,1,0,0.0143,0.07184,0.6017,0.55486,0.1008,8.66371,0,0.17776,0.29324,0.86232,0.00286,1,0,participant_30,question_2,No-Timer,False,Question
0.0,0,39,0,0.19712,0.28163,0,0.8901,0.87593,0.17419,305,100.23643,1,0.18514,0.03349,-0.04508,0.07153,0.59829,0.29722,0.09941,11.58013,0,0.21648,0.27002,0.86232,0.00343,1,0,0.0143,0.07184,0.6017,0.55486,0.1008,8.66371,0,0.17776,0.29324,0.86232,0.00286,1,0,participant_30,question_2,No-Timer,False,Question
0.0,0,39,0,0.19712,0.28163,0,0.8901,0.87593,0.17419,305,100.23643,0,0.1838,0.04047,-0.04508,0.07153,0.59829,0.29722,0.09941,11.58013,0,0.21648,0.27002,0.86232,0.00343,1,0,0.0143,0.07184,0.6017,0.55486,0.1008,8.66371,0,0.17776,0.29324,0.86232,0.00286,1,0,participant_30,question_2,No-Timer,False,Question
0.0,0,39,0,0.19712,0.28163,0,0.8901,0.87593,0.17419,305,100.23643,0,0.1838,0.04047,-0.04508,0.07153,0.59829,0.29722,0.09941,11.58013,0,0.21648,0.27002,0.86232,0.00343,1,0,0.0143,0.07184,0.6017,0.55486,0.1008,8.66371,0,0.17776,0.29324,0.86232,0.00286,1,0,participant_30,question_2,No-Timer,False,Question
0.0,0,39,0,0.19712,0.28163,0,0.8901,0.87593,0.17419,305,100.23643,0,0.1838,0.04047,-0.04508,0.07153,0.59829,0.29722,0.09941,11.58013,0,0.21648,0.27002,0.86232,0.00343,1,0,0.0143,0.07184,0.6017,0.55486,0.1008,8.66371,0,0.17776,0.29324,0.86232,0.00286,1,0,participant_30,question_2,No-Timer,False,Question
0.0,57,39,0,0.19712,0.28163,0,0.8901,0.87593,0.17419,305,100.23643,0,0.0,0.0,-0.04508,0.07153,0.59829,0.29722,0.09941,11.58013,0,0.21648,0.27002,0.86232,0.00343,1,0,0.0143,0.07184,0.6017,0.55486,0.1008,8.66371,0,0.17776,0.29324,0.86232,0.00286,1,0,participant_30,question_2,No-Timer,True,Question
0.0,57,39,0,0.19712,0.28163,0,0.8901,0.87593,0.17419,305,100.23643,0,0.0,0.0,-0.04508,0.07153,0.59829,0.29722,0.09941,11.58013,0,0.21648,0.27002,0.86232,0.00343,1,0,0.0143,0.07184,0.6017,0.55486,0.1008,8.66371,0,0.17776,0.29324,0.86232,0.00286,1,0,participant_30,question_2,No-Timer,True,Question
0.0,57,39,0,0.19712,0.28163,0,0.8901,0.87593,0.17419,305,100.23643,0,0.0,0.0,-0.04508,0.07153,0.59829,0.29722,0.09941,11.58013,0,0.21648,0.27002,0.86232,0.00343,1,0,0.0143,0.07184,0.6017,0.55486,0.1008,8.66371,0,0.17776,0.29324,0.86232,0.00286,1,0,participant_30,question_2,No-Timer,True,Question
0.0,57,39,0,0.19712,0.28163,0,0.8901,0.87593,0.17419,305,100.23643,0,0.0,0.0,-0.04508,0.07153,0.59829,0.29722,0.09941,11.58013,0,0.21648,0.27002,0.86232,0.00343,1,0,0.0143,0.07184,0.6017,0.55486,0.1008,8.66371,0,0.17776,0.29324,0.86232,0.00286,1,0,participant_30,question_2,No-Timer,True,Question
0.0,57,39,0,0.19712,0.28163,0,0.8901,0.87593,0.17419,305,100.23643,0,0.0,0.0,-0.04508,0.07153,0.59829,0.29722,0.09941,11.58013,0,0.21648,0.27002,0.86232,0.00343,1,0,0.0143,0.07184,0.6017,0.55486,0.1008,8.66371,0,0.17776,0.29324,0.86232,0.00286,1,0,participant_30,question_2,No-Timer,True,Question
0.0,57,39,0,0.19712,0.28163,0,0.8901,0.87593,0.17419,305,100.23643,0,0.0,0.0,-0.04508,0.07153,0.59829,0.29722,0.09941,11.58013,0,0.21648,0.27002,0.86232,0.00343,1,0,0.0143,0.07184,0.6017,0.55486,0.1008,8.66371,0,0.17776,0.29324,0.86232,0.00286,1,0,participant_30,question_2,No-Timer,True,Question
0.0,57,39,0,0.19712,0.28163,0,0.8901,0.87593,0.17419,305,100.23643,0,0.0,0.0,-0.04508,0.07153,0.59829,0.29722,0.09941,11.58013,0,0.21648,0.27002,0.86232,0.00343,1,0,0.0143,0.07184,0.6017,0.55486,0.1008,8.66371,0,0.17776,0.29324,0.86232,0.00286,1,0,participant_30,question_2,No-Timer,True,Question
0.0,57,39,0,0.19712,0.28163,0,0.8901,0.87593,0.17419,305,100.23643,0,0.0,0.0,-0.04508,0.07153,0.59829,0.29722,0.09941,11.58013,0,0.21648,0.27002,0.86232,0.00343,1,0,0.0143,0.07184,0.6017,0.55486,0.1008,8.66371,0,0.17776,0.29324,0.86232,0.00286,1,0,participant_30,question_2,No-Timer,True,Question
0.0,57,39,0,0.19712,0.28163,0,0.8901,0.87593,0.17419,305,100.23643,0,0.0,0.0,-0.04508,0.07153,0.59829,0.29722,0.09941,11.58013,0,0.21648,0.27002,0.86232,0.00343,1,0,0.0143,0.07184,0.6017,0.55486,0.1008,8.66371,0,0.17776,0.29324,0.86232,0.00286,1,0,participant_30,question_2,No-Timer,True,Question
0.0,57,39,0,0.19712,0.28163,0,0.8901,0.87593,0.17419,305,100.23643,0,0.0,0.0,-0.04508,0.07153,0.59829,0.29722,0.09941,11.58013,0,0.21648,0.27002,0.86232,0.00343,1,0,0.0143,0.07184,0.6017,0.55486,0.1008,8.66371,0,0.17776,0.29324,0.86232,0.00286,1,0,participant_30,question_2,No-Timer,True,Question
0.0,57,39,0,0.19712,0.28163,0,0.8901,0.87593,0.17419,305,100.23643,0,0.0,0.0,-0.04508,0.07153,0.59829,0.29722,0.09941,11.58013,0,0.21648,0.27002,0.86232,0.00343,1,0,0.0143,0.07184,0.6017,0.55486,0.1008,8.66371,0,0.17776,0.29324,0.86232,0.00286,1,0,participant_30,question_2,No-Timer,True,Question
0.0,57,39,0,0.19712,0.28163,0,0.8901,0.87593,0.17419,305,100.23643,0,0.0,0.0,-0.04508,0.07153,0.59829,0.29722,0.09941,11.58013,0,0.21648,0.27002,0.86232,0.00343,1,0,0.0143,0.07184,0.6017,0.55486,0.1008,8.66371,0,0.17776,0.29324,0.86232,0.00286,1,0,participant_30,question_2,No-Timer,True,Question
0.0,57,39,0,0.19712,0.28163,0,0.8901,0.87593,0.17419,305,100.23643,0,0.0,0.0,-0.04508,0.07153,0.59829,0.29722,0.09941,11.58013,0,0.21648,0.27002,0.86232,0.00343,1,0,0.0143,0.07184,0.6017,0.55486,0.1008,8.66371,0,0.17776,0.29324,0.86232,0.00286,1,0,participant_30,question_2,No-Timer,True,Question
0.0,57,39,0,0.19712,0.28163,0,0.8901,0.87593,0.17419,305,100.23643,0,0.0,0.0,-0.04508,0.07153,0.59829,0.29722,0.09941,11.58013,0,0.21648,0.27002,0.86232,0.00343,1,0,0.0143,0.07184,0.6017,0.55486,0.1008,8.66371,0,0.17776,0.29324,0.86232,0.00286,1,0,participant_30,question_2,No-Timer,True,Question
0.09334,0,40,1,0.27529,0.00359,0,0.8901,0.87593,0.17419,305,100.23643,0,0.13765,0.00179,-0.04508,0.07153,0.59829,0.28761,0.09605,17.89437,1,0.25843,0.0055,0.86232,0.00379,1,1,0.0143,0.07184,0.6017,0.54704,0.09329,16.72472,1,0.29215,0.00167,0.86232,0.00355,1,1,participant_30,question_2,No-Timer,True,Other
0.0,0,40,1,0.27329,-0.00681,0,0.8901,0.87593,0.17419,305,100.23643,0,0.27429,-0.00161,-0.04818,0.07243,0.60283,0.28718,0.09602,18.11149,1,0.2566,-0.00132,0.86771,0.00378,1,1,0.01187,0.07363,0.60868,0.54665,0.09313,16.67356,1,0.28998,-0.01231,0.8731,0.00356,1,1,participant_30,question_2,No-Timer,True,Other
0.0,0,40,1,0.28148,-0.01777,0,0.8901,0.87593,0.17419,305,100.23643,0,0.27789,-0.00969,-0.04818,0.07243,0.60283,0.28636,0.09602,18.05049,1,0.27464,-0.01804,0.87849,0.0038,1,1,0.01187,0.07363,0.60868,0.54574,0.09292,16.83871,1,0.28832,-0.0175,0.88388,0.00357,1,1,participant_30,question_2,No-Timer,True,Other
0.0,0,40,1,0.26821,-0.04224,0,0.8901,0.87593,0.17419,305,100.23643,0,0.27466,-0.02054,-0.04818,0.07243,0.60283,0.2859,0.09597,18.09186,1,0.25581,-0.03969,0.88927,0.00379,1,1,0.01187,0.07363,0.60868,0.54536,0.09278,16.81017,1,0.28061,-0.0448,0.89466,0.00357,1,1,participant_30,question_2,No-Timer,True,Other
0.0,0,40,1,0.26533,-0.05617,0,0.8901,0.87593,0.02007,306,100.53768,1,0.27233,-0.02945,-0.04929,0.07359,0.61208,0.28549,0.09606,18.05081,1,0.25224,-0.05347,0.90005,0.00378,1,1,0.01134,0.0727,0.60018,0.54496,0.0926,16.87008,1,0.27843,-0.05887,0.90544,0.00358,1,1,participant_30,question_2,No-Timer,True,Other
0.0,0,40,1,0.2696,-0.05094,0,0.8901,0.87593,0.02698,306,100.53768,1,0.27178,-0.03375,-0.04929,0.07359,0.61208,0.28456,0.0959,18.15148,1,0.26491,-0.07132,0.90544,0.00385,1,1,0.01134,0.0727,0.60018,0.54419,0.09242,16.86348,1,0.27429,-0.03056,0.90544,0.0036,1,1,participant_30,question_2,No-Timer,True,Other
0.0,0,40,1,0.27252,-0.0666,0,0.8901,0.87593,0.03346,306,100.53768,1,0.27191,-0.03922,-0.04929,0.07359,0.61208,0.28418,0.09591,18.06522,1,0.26766,-0.06945,0.90544,0.00385,1,1,0.01134,0.0727,0.60018,0.54373,0.09228,16.8072,1,0.27737,-0.06375,0.90544,0.00364,1,1,participant_30,question_2,No-Timer,True,Other
0.0,0,40,1,0.27098,-0.07434,0,0.8901,0.87593,0.04037,306,100.53768,1,0.27177,-0.04424,-0.05073,0.07511,0.62473,0.28381,0.09582,18.1791,1,0.2658,-0.07712,0.9114,0.00381,1,1,0.0112,0.07427,0.61243,0.54333,0.0921,16.92063,1,0.27616,-0.07156,0.9114,0.00357,1,1,participant_30,question_2,No-Timer,True,Other
0.0,0,40,1,0.26188,-0.04588,0,0.8901,0.87593,0.04713,306,100.53768,1,0.27054,-0.04445,-0.05073,0.07511,0.62473,0.28298,0.09577,18.13684,1,0.24584,-0.0432,0.91736,0.00384,1,1,0.0112,0.07427,0.61243,0.54259,0.09194,17.00688,1,0.27791,-0.04856,0.91736,0.00357,1,1,participant_30,question_2,No-Timer,True,Other
0.0,0,40,1,0.26542,-0.05864,0,0.8901,0.87593,0.05357,306,100.53768,1,0.26997,-0.04602,-0.05073,0.07511,0.62473,0.28259,0.09568,18.351,1,0.26049,-0.04899,0.92332,0.00384,1,1,0.0112,0.07427,0.61243,0.54218,0.09191,17.14903,1,0.27035,-0.06829,0.92332,0.00358,1,1,participant_30,question_2,No-Timer,True,Other
0.0,0,40,1,0.26542,-0.05864,0,0.8901,0.87593,0.06026,306,100.53768,1,0.26951,-0.04728,-0.04995,0.07349,0.61125,0.28225,0.09562,18.03253,1,0.26049,-0.04899,0.92332,0.00383,1,1,0.01051,0.0721,0.5938,0.54182,0.09176,17.03493,1,0.27035,-0.06829,0.92332,0.00361,1,1,participant_30,question_2,No-Timer,True,Other
0.0,0,40,1,0.27037,-0.04915,0,0.8901,0.87593,0.06723,306,100.53768,1,0.26959,-0.04745,-0.04995,0.07349,0.61125,0.28154,0.09547,18.20865,1,0.25362,-0.01714,0.91736,0.00388,1,1,0.01051,0.0721,0.5938,0.5411,0.09167,17.13632,1,0.28711,-0.08116,0.91736,0.00366,1,1,participant_30,question_2,No-Timer,True,Other
0.0,0,40,1,0.26414,-0.02879,0,0.8901,0.87593,0.07365,306,100.53768,1,0.26914,-0.0459,-0.04995,0.07349,0.61125,0.28117,0.09547,18.23154,1,0.25285,-0.01776,0.9114,0.00387,1,1,0.01051,0.0721,0.5938,0.54067,0.09154,17.08568,1,0.27544,-0.03983,0.9114,0.00363,1,1,participant_30,question_2,No-Timer,True,Other
0.0,0,40,1,0.26573,-0.02135,0,0.8901,0.87593,0.08034,306,100.53768,1,0.26887,-0.04401,-0.04957,0.07243,0.60209,0.28086,0.09542,18.33219,1,0.2548,-0.01047,0.90544,0.00387,1,1,0.01042,0.07405,0.60947,0.54049,0.09139,16.88801,1,0.27666,-0.03223,0.90544,0.00369,1,1,participant_30,question_2,No-Timer,True,Other
0.0,0,40,1,0.2643,-0.02659,0,0.8901,0.87593,0.08735,306,100.53768,1,0.26855,-0.04277,-0.04957,0.07243,0.60209,0.28021,0.09536,18.44005,1,0.25213,-0.01485,0.90544,0.00392,1,1,0.01042,0.07405,0.60947,0.53979,0.09134,17.07379,1,0.27647,-0.03834,0.90544,0.00363,1,1,participant_30,question_2,No-Timer,True,Other
0.0,0,40,1,0.27422,-0.03516,0,0.8901,0.87593,0.09376,306,100.53768,1,0.26893,-0.04226,-0.04957,0.07243,0.60209,0.27994,0.09533,18.50808,1,0.25162,-0.0192,0.90544,0.0039,1,1,0.01042,0.07405,0.60947,0.53945,0.09131,17.24478,1,0.29682,-0.05112,0.90544,0.00363,1,1,participant_30,question_2,No-Timer,True,Other
0.0,0,40,1,0.27364,-0.03603,0,0.8901,0.87593,0.10047,306,100.53768,1,0.26922,-0.04187,-0.05057,0.07347,0.61034,0.27966,0.09535,18.31749,1,0.24965,-0.02654,0.9114,0.00387,1,1,0.00954,0.06965,0.57327,0.53918,0.09135,17.27134,1,0.29762,-0.04551,0.90111,0.00368,1,1,participant_30,question_2,No-Timer,True,Other
0.0,0,40,1,0.25751,-0.01783,0,0.8901,0.87593,0.10715,306,100.53768,1,0.26853,-0.04046,-0.05057,0.07347,0.61034,0.27874,0.09546,18.72406,1,0.23421,-0.00347,0.90707,0.00396,1,1,0.00954,0.06965,0.57327,0.53835,0.09133,17.43088,1,0.28082,-0.03218,0.89678,0.00368,1,1,participant_30,question_2,No-Timer,True,Other
0.0,0,40,1,0.23284,-0.01821,0,0.8901,0.87593,0.1138,306,100.53768,1,0.26655,-0.03922,-0.05057,0.07347,0.61034,0.27771,0.09581,18.52309,1,0.2114,-0.02059,0.90273,0.00399,1,1,0.00954,0.06965,0.57327,0.53727,0.09151,17.1296,1,0.25429,-0.01583,0.89244,0.00372,1,1,participant_30,question_2,No-Timer,True,Other
0.0,0,40,1,0.23538,-0.00838,0,0.8901,0.87593,0.12054,306,100.53768,1,0.26491,-0.0376,-0.05108,0.07348,0.61154,0.27707,0.09586,18.55001,1,0.21523,-0.00782,0.89244,0.00398,1,1,0.00957,0.07344,0.60518,0.53648,0.09164,17.24615,1,0.25552,-0.00894,0.88705,0.00373,1,1,participant_30,question_2,No-Timer,True,Other
0.0,0,40,1,0.19692,0.01255,0,0.8901,0.87593,0.12724,306,100.53768,1,0.26151,-0.03509,-0.05108,0.07348,0.61154,0.27545,0.096,18.34302,1,0.18147,0.03746,0.8811,0.00396,1,1,0.00957,0.07344,0.60518,0.5346,0.09197,17.31252,1,0.21238,-0.01236,0.886,0.00371,1,1,participant_30,question_2,No-Timer,True,Other
0.0,0,40,1,0.18562,0.00489,0,0.8901,0.87593,0.13417,306,100.53768,1,0.2579,-0.03319,-0.05108,0.07348,0.61154,0.27523,0.09603,18.53968,1,0.16954,0.01601,0.88004,0.00392,1,1,0.00957,0.07344,0.60518,0.53445,0.09205,17.27893,1,0.20169,-0.00624,0.88494,0.00373,1,1,participant_30,question_2,No-Timer,True,Other
0.0,0,40,1,0.18599,0.00622,0,0.8901,0.87593,0.14061,306,100.53768,1,0.25463,-0.03139,-0.04923,0.07044,0.58625,0.275,0.09603,18.36801,1,0.16999,0.01731,0.87898,0.00392,1,1,0.00904,0.0713,0.58789,0.53416,0.09199,17.49483,1,0.20199,-0.00488,0.88388,0.00374,1,1,participant_30,question_2,No-Timer,True,Other
0.0,0,40,1,0.2062,-0.00296,0,0.8901,0.87593,0.1473,306,100.53768,1,0.25252,-0.03016,-0.04923,0.07044,0.58625,0.27455,0.09604,18.39888,1,0.18222,-0.00336,0.88388,0.00398,1,1,0.00904,0.0713,0.58789,0.53397,0.09206,17.72232,1,0.23018,-0.00257,0.88388,0.00374,1,1,participant_30,question_2,No-Timer,True,Other
0.0,0,40,1,0.18529,0.00286,0,0.8901,0.87593,0.1473,306,100.53768,0,0.2303,-0.01167,-0.04923,0.07044,0.58625,0.27434,0.09618,18.66926,1,0.16345,0.00179,0.88388,0.00396,1,1,0.00904,0.0713,0.58789,0.53367,0.09211,17.45636,1,0.20714,0.00393,0.88388,0.00375,1,1,participant_30,question_2,No-Timer,True,Other
0.0,0,40,1,0.18597,0.00598,0,0.8901,0.87593,0.1473,306,100.53768,0,0.20814,-0.00284,-0.05047,0.07204,0.59996,0.27425,0.09622,18.64644,1,0.16345,0.00179,0.88388,0.00397,1,1,0.00854,0.06836,0.56402,0.53356,0.09213,17.55618,1,0.2085,0.01017,0.87898,0.00377,1,1,participant_30,question_2,No-Timer,True,Other
0.0,0,40,1,0.20213,0.01672,0,0.8901,0.87593,0.1473,306,100.53768,0,0.20614,0.00368,-0.05047,0.07204,0.59996,0.2739,0.09641,18.74663,1,0.19285,0.00554,0.87898,0.00398,1,1,0.00854,0.06836,0.56402,0.53318,0.09229,17.41527,1,0.21142,0.02791,0.87408,0.00378,1,1,participant_30,question_2,No-Timer,True,Other
0.0,0,40,1,0.20313,0.02971,0,0.8901,0.87593,0.02012,307,100.69172,1,0.20539,0.01019,-0.05047,0.07204,0.59996,0.27383,0.0964,18.7309,1,0.18614,0.02119,0.87408,0.00405,1,1,0.00854,0.06836,0.56402,0.53308,0.09218,17.82265,1,0.22013,0.03824,0.86918,0.00379,1,1,participant_30,question_2,No-Timer,True,Question
0.0,0,40,1,0.20481,0.03581,0,0.8901,0.87593,0.02702,307,100.69172,1,0.20527,0.01531,-0.05174,0.0736,0.61292,0.27356,0.09637,18.96764,1,0.18816,0.02725,0.86918,0.00397,1,1,0.00878,0.07171,0.59167,0.53292,0.09234,17.92811,1,0.22146,0.04437,0.86428,0.0038,1,1,participant_30,question_2,No-Timer,True,Question
0.0,0,40,1,0.20419,0.02478,0,0.8901,0.87593,0.0337,307,100.69172,1,0.20509,0.01689,-0.05174,0.0736,0.61292,0.27339,0.09652,18.82221,1,0.19738,0.04648,0.86428,0.00402,1,1,0.00878,0.07171,0.59167,0.53276,0.09228,17.75013,1,0.211,0.00309,0.86428,0.00383,1,1,participant_30,question_2,No-Timer,True,Other
0.0,0,40,1,0.19359,0.01273,0,0.8901,0.87593,0.04017,307,100.69172,1,0.20345,0.0163,-0.05174,0.0736,0.61292,0.27327,0.09658,18.93163,1,0.18295,0.01483,0.86428,0.00398,1,1,0.00878,0.07171,0.59167,0.5326,0.09246,17.79499,1,0.20423,0.01062,0.86428,0.00381,1,1,participant_30,question_2,No-Timer,True,Other
0.0,0,40,1,0.19402,0.01295,0,0.8901,0.87593,0.04718,307,100.69172,1,0.20227,0.01588,-0.05022,0.0712,0.59332,0.27311,0.09669,18.91221,1,0.18522,0.02161,0.85889,0.00403,1,1,0.0088,0.07258,0.59882,0.53254,0.0925,17.78715,1,0.20282,0.00428,0.86918,0.00385,1,1,participant_30,question_2,No-Timer,True,Other
0.0,0,40,1,0.20777,0.02557,0,0.8901,0.87593,0.05385,307,100.69172,1,0.20288,0.01695,-0.05022,0.0712,0.59332,0.27295,0.09681,18.87878,1,0.191,0.03706,0.86379,0.00408,1,1,0.0088,0.07258,0.59882,0.53234,0.09265,18.08333,1,0.22453,0.01409,0.87408,0.00387,1,1,participant_30,question_2,No-Timer,True,Question
0.0,0,40,1,0.20329,0.00218,0,0.8901,0.87593,0.06087,307,100.69172,1,0.20292,0.01548,-0.05022,0.0712,0.59332,0.27283,0.09693,19.02747,1,0.18488,0.0326,0.86869,0.00404,1,1,0.0088,0.07258,0.59882,0.53226,0.09277,18.039,1,0.2217,-0.02823,0.87898,0.00387,1,1,participant_30,question_2,No-Timer,True,Other
0.0,0,40,1,0.20115,-0.00415,0,0.8901,0.87593,0.0672,307,100.69172,1,0.20276,0.01369,-0.05156,0.07294,0.6086,0.27282,0.09703,19.11924,1,0.1806,0.01993,0.87898,0.00405,1,1,0.00833,0.06931,0.57254,0.53227,0.09283,18.19587,1,0.2217,-0.02823,0.87898,0.00386,1,1,participant_30,question_2,No-Timer,True,Other
0.0,0,40,1,0.20095,-0.00551,0,0.8901,0.87593,0.0742,307,100.69172,1,0.20261,0.01209,-0.05156,0.07294,0.6086,0.2726,0.09728,19.34677,1,0.18922,-0.00431,0.88437,0.00406,1,1,0.00833,0.06931,0.57254,0.53208,0.09297,18.23426,1,0.21269,-0.00672,0.87408,0.00388,1,1,participant_30,question_2,No-Timer,True,Other
0.0,0,40,1,0.1984,0.0156,0,0.8901,0.87593,0.08074,307,100.69172,1,0.20229,0.01236,-0.05156,0.07294,0.6086,0.27258,0.09741,19.12449,1,0.18808,0.01289,0.87947,0.00406,1,1,0.00833,0.06931,0.57254,0.53203,0.09305,18.22568,1,0.20873,0.01831,0.86918,0.00389,1,1,participant_30,question_2,No-Timer,True,Other
0.0,0,40,1,0.20009,0.02176,0,0.8901,0.87593,0.08765,307,100.69172,1,0.20213,0.01303,-0.05167,0.07292,0.60885,0.27257,0.09741,19.11669,1,0.19008,0.01895,0.87457,0.00407,1,1,0.00843,0.07005,0.57939,0.53195,0.09309,18.27271,1,0.21011,0.02457,0.86428,0.00389,1,1,participant_30,question_2,No-Timer,True,Other
0.0,0,40,1,0.19548,0.00418,0,0.8901,0.87593,0.09399,307,100.69172,1,0.20169,0.01244,-0.05167,0.07292,0.60885,0.27249,0.09759,19.30592,1,0.18729,0.00783,0.86428,0.00415,1,1,0.00843,0.07005,0.57939,0.53178,0.09328,18.27077,1,0.20366,0.00053,0.86428,0.00393,1,1,participant_30,question_2,No-Timer,True,Other
0.0,0,40,1,0.19391,0.01414,0,0.8901,0.87593,0.10049,307,100.69172,1,0.2012,0.01255,-0.05167,0.07292,0.60885,0.2724,0.09765,19.42611,1,0.18743,0.02038,0.86428,0.00411,1,1,0.00843,0.07005,0.57939,0.53181,0.09338,18.48821,1,0.20039,0.00791,0.86428,0.0039,1,1,participant_30,question_2,No-Timer,True,Other
0.0,0,40,1,0.19432,0.01433,0,0.8901,0.87593,0.10739,307,100.69172,1,0.20079,0.01265,-0.05075,0.07151,0.59742,0.27234,0.09773,19.50644,1,0.18967,0.02712,0.85889,0.00408,1,1,0.00866,0.07276,0.60181,0.53164,0.09359,18.55895,1,0.19897,0.00155,0.86918,0.00399,1,1,participant_30,question_2,No-Timer,True,Other
0.0,0,40,1,0.20499,0.03354,0,0.8901,0.87593,0.1141,307,100.69172,1,0.20103,0.01381,-0.05075,0.07151,0.59742,0.27225,0.09789,19.47623,1,0.19878,0.04815,0.86379,0.00414,1,1,0.00866,0.07276,0.60181,0.53168,0.09349,18.66818,1,0.21119,0.01892,0.87408,0.00397,1,1,participant_30,question_2,No-Timer,True,Question
0.0,0,40,1,0.20957,0.03171,0,0.8901,0.87593,0.1208,307,100.69172,1,0.20148,0.01476,-0.05075,0.07151,0.59742,0.27224,0.09791,19.45043,1,0.19559,0.03664,0.86869,0.00414,1,1,0.00866,0.07276,0.60181,0.53163,0.09361,18.63017,1,0.22356,0.02678,0.87898,0.00394,1,1,participant_30,question_2,No-Timer,True,Question
0.0,0,40,1,0.20613,0.01897,0,0.8901,0.87593,0.12769,307,100.69172,1,0.20171,0.01497,-0.05268,0.07408,0.61962,0.27221,0.09797,19.56595,1,0.19142,0.02404,0.87898,0.00412,1,1,0.00866,0.07267,0.60181,0.53154,0.09377,18.58229,1,0.22085,0.0139,0.88927,0.00393,1,1,participant_30,question_2,No-Timer,True,Other
0.0,0,40,1,0.1993,-0.02565,0,0.8901,0.87593,0.13418,307,100.69172,1,0.2016,0.01303,-0.05268,0.07408,0.61962,0.27217,0.0981,19.65413,1,0.18005,-0.01877,0.89466,0.00414,1,1,0.00866,0.07267,0.60181,0.53149,0.09397,18.55561,1,0.21854,-0.03254,0.89466,0.004,1,1,participant_30,question_2,No-Timer,True,Other
0.0,0,40,1,0.19856,-0.02429,0,0.8901,0.87593,0.14063,307,100.69172,1,0.20146,0.01134,-0.05268,0.07408,0.61962,0.27207,0.0982,19.43993,1,0.17888,-0.02033,0.90005,0.00418,1,1,0.00866,0.07267,0.60181,0.53153,0.09401,18.67298,1,0.21823,-0.02825,0.90005,0.00398,1,1,participant_30,question_2,No-Timer,True,Other
0.0,0,40,1,0.19676,-0.03112,0,0.8901,0.87593,0.14758,307,100.69172,1,0.20125,0.00949,-0.05136,0.07217,0.60407,0.27213,0.09835,19.41411,1,0.17669,-0.02706,0.90544,0.00417,1,1,0.00878,0.0736,0.60987,0.5315,0.09408,18.6167,1,0.21683,-0.03519,0.90544,0.00397,1,1,participant_30,question_2,No-Timer,True,Other
0.0,0,40,1,0.19229,-0.01322,0,0.8901,0.87593,0.15407,307,100.69172,1,0.20088,0.00854,-0.05136,0.07217,0.60407,0.27215,0.09839,19.50741,1,0.17151,-0.0124,0.90544,0.00418,1,1,0.00878,0.0736,0.60987,0.53145,0.09417,18.75052,1,0.21308,-0.01405,0.90544,0.00397,1,1,participant_30,question_2,No-Timer,True,Other
0.0,0,40,1,0.19123,-0.00335,0,0.8901,0.87593,0.16078,307,100.69172,1,0.20049,0.00807,-0.05136,0.07217,0.60407,0.27216,0.09848,19.69374,1,0.17396,-0.00504,0.90544,0.00419,1,1,0.00878,0.0736,0.60987,0.53147,0.09426,18.8532,1,0.20851,-0.00166,0.90544,0.00397,1,1,participant_30,question_2,No-Timer,True,Other
0.0,0,40,1,0.19123,-0.00335,0,0.8901,0.87593,0.16776,307,100.69172,1,0.20014,0.00763,-0.05268,0.07398,0.61962,0.27219,0.0985,19.58752,1,0.17396,-0.00504,0.90544,0.00419,1,1,0.00866,0.07258,0.60181,0.53147,0.09426,18.8532,1,0.20851,-0.00166,0.90544,0.00397,1,1,participant_30,question_2,No-Timer,True,Other
0.0,0,40,1,0.19678,-0.02939,0,0.8901,0.87593,0.17415,307,100.69172,1,0.20001,0.00626,-0.05268,0.07398,0.61962,0.27224,0.09863,19.8805,1,0.18275,-0.02664,0.90544,0.0042,1,1,0.00866,0.07258,0.60181,0.53143,0.09442,18.76511,1,0.2108,-0.03214,0.90544,0.00401,1,1,participant_30,question_2,No-Timer,True,Other
0.0,0,40,1,0.20024,-0.01688,0,0.8901,0.87593,0.18085,307,100.69172,1,0.20002,0.00543,-0.05268,0.07398,0.61962,0.27225,0.09867,19.758,1,0.18616,-0.02316,0.90544,0.00421,1,1,0.00866,0.07258,0.60181,0.53151,0.09453,18.67336,1,0.21431,-0.0106,0.90544,0.00404,1,1,participant_30,question_2,No-Timer,True,Other
0.0,0,40,1,0.20024,-0.01688,0,0.8901,0.87593,0.18783,307,100.69172,1,0.20003,0.00466,-0.05093,0.07166,0.60013,0.27233,0.0988,19.62699,1,0.18616,-0.02316,0.90544,0.00423,1,1,0.00866,0.07258,0.60181,0.53153,0.09471,18.79629,1,0.21431,-0.0106,0.90544,0.00405,1,1,participant_30,question_2,No-Timer,True,Other
0.0,0,40,1,0.22294,0.00171,0,0.8901,0.87593,0.19477,307,100.69172,1,0.20079,0.00456,-0.05093,0.07166,0.60013,0.27365,0.10013,21.27245,1,0.20452,-0.00904,0.90544,0.0047,1,1,0.00866,0.07258,0.60181,0.53261,0.09494,18.96019,1,0.24136,0.01246,0.90544,0.00399,1,1,participant_30,question_2,No-Timer,True,Other
0.0,0,40,1,0.27842,-0.01272,0,0.8901,0.87593,0.20097,307,100.69172,1,0.2033,0.00401,-0.05093,0.07166,0.60013,0.27536,0.10012,21.46598,1,0.26392,-0.02085,0.90544,0.00482,1,1,0.00866,0.07258,0.60181,0.53401,0.09489,19.29515,1,0.29292,-0.00459,0.90544,0.0041,1,1,participant_30,question_2,No-Timer,True,Other
0.0,0,40,1,0.27465,-0.03199,0,0.8901,0.87593,0.208,307,100.69172,1,0.20553,0.00288,-0.05377,0.07636,0.64031,0.27582,0.10017,21.80201,1,0.25992,-0.03637,0.91802,0.0047,1,1,0.00948,0.07582,0.6291,0.53516,0.09602,20.47612,1,0.28939,-0.02762,0.92398,0.00457,1,1,participant_30,question_2,No-Timer,True,Other
0.0,0,40,1,0.3422,-0.01816,0,0.8901,0.87593,0.21461,307,100.69172,1,0.20967,0.00224,-0.05377,0.07636,0.64031,0.27828,0.10032,22.03555,1,0.33004,-0.00695,0.93655,0.00457,1,1,0.00948,0.07582,0.6291,0.53705,0.09588,19.93183,1,0.35435,-0.02938,0.94251,0.00438,1,1,participant_30,question_2,No-Timer,True,Other
0.0,0,40,1,0.32158,-0.06643,0,0.8901,0.87593,0.21461,307,100.69172,0,0.23405,-0.02015,-0.05377,0.07636,0.64031,0.27835,0.10002,21.58849,1,0.31146,-0.07247,0.95509,0.00452,1,1,0.00948,0.07582,0.6291,0.53711,0.09572,19.89459,1,0.33169,-0.06039,0.96105,0.00455,1,1,participant_30,question_2,No-Timer,True,Other
0.0,0,40,1,0.32081,-0.07006,0,0.8901,0.87593,0.21461,307,100.69172,0,0.27743,-0.04511,-0.05056,0.07219,0.60537,0.27851,0.10019,21.9892,1,0.30994,-0.07974,0.96105,0.00455,1,1,0.0094,0.07329,0.60846,0.53731,0.09561,20.14738,1,0.33169,-0.06039,0.96105,0.00459,1,1,participant_30,question_2,No-Timer,True,Other
0.0,0,40,1,0.32877,-0.02568,0,0.8901,0.87593,0.21461,307,100.69172,0,0.29454,-0.03863,-0.05056,0.07219,0.60537,0.27878,0.10025,22.06876,1,0.30632,-0.02714,0.94847,0.00455,1,1,0.0094,0.07329,0.60846,0.53757,0.09587,20.09325,1,0.35123,-0.02422,0.94251,0.00455,1,1,participant_30,question_2,No-Timer,True,Other
0.0,0,40,1,0.33869,-0.0025,0,0.8901,0.87593,0.02008,308,100.91277,1,0.30558,-0.0296,-0.05056,0.07219,0.60537,0.2791,0.10034,21.77873,1,0.31638,-0.00345,0.92993,0.00456,1,1,0.0094,0.07329,0.60846,0.53757,0.09564,19.1969,1,0.361,-0.00154,0.92398,0.00446,1,1,participant_30,question_2,No-Timer,True,Other
0.0,0,40,1,0.33984,0.0046,0,0.8901,0.87593,0.027,308,100.91277,1,0.31243,-0.02276,-0.05333,0.07627,0.63957,0.27907,0.10037,21.84749,1,0.31793,0.00356,0.92398,0.00456,1,1,0.00943,0.07281,0.6045,0.53773,0.09597,19.48641,1,0.36175,0.00564,0.91802,0.00447,1,1,participant_30,question_2,No-Timer,True,Other
0.0,0,40,1,0.334,-0.04908,0,0.8901,0.87593,0.03348,308,100.91277,1,0.31603,-0.02715,-0.05333,0.07627,0.63957,0.27925,0.10023,21.56022,1,0.32356,-0.04346,0.9306,0.00443,1,1,0.00943,0.07281,0.6045,0.53825,0.09584,19.8886,1,0.34445,-0.0547,0.9306,0.00449,1,1,participant_30,question_2,No-Timer,True,Other
0.0,0,40,1,0.34131,-0.04361,0,0.8901,0.87593,0.04046,308,100.91277,1,0.31964,-0.0295,-0.05333,0.07627,0.63957,0.27946,0.10018,21.70825,1,0.32677,-0.01289,0.94317,0.00441,1,1,0.00943,0.07281,0.6045,0.53843,0.09615,20.08949,1,0.35584,-0.07433,0.94317,0.00441,1,1,participant_30,question_2,No-Timer,True,Other
0.0,0,40,1,0.34131,-0.04361,0,0.8901,0.87593,0.04756,308,100.91277,1,0.32235,-0.03126,-0.05025,0.07201,0.60383,0.27948,0.10032,21.46653,1,0.32677,-0.01289,0.94317,0.00449,1,1,0.00924,0.07001,0.58122,0.53838,0.09581,19.11689,1,0.35584,-0.07433,0.94317,0.00446,1,1,participant_30,question_2,No-Timer,True,Other
0.0,0,40,1,0.32434,-0.02994,0,0.8901,0.87593,0.0536,308,100.91277,1,0.32257,-0.03111,-0.05025,0.07201,0.60383,0.27999,0.10021,21.64289,1,0.30812,-0.00839,0.9306,0.00458,1,1,0.00924,0.07001,0.58122,0.53853,0.09607,19.52281,1,0.34055,-0.05149,0.9306,0.00445,1,1,participant_30,question_2,No-Timer,True,Other
0.0,0,40,1,0.33651,-0.01894,0,0.8901,0.87593,0.06026,308,100.91277,1,0.32396,-0.0299,-0.05025,0.07201,0.60383,0.27985,0.10019,21.3037,1,0.32248,0.00573,0.91802,0.00455,1,1,0.00924,0.07001,0.58122,0.53889,0.09576,19.63201,1,0.35054,-0.0436,0.91802,0.00448,1,1,participant_30,question_2,No-Timer,True,Other
0.0,0,40,1,0.33651,-0.01894,0,0.8901,0.87593,0.06736,308,100.91277,1,0.3251,-0.0289,-0.05272,0.07568,0.63462,0.2799,0.10016,21.17322,1,0.32248,0.00573,0.91802,0.00454,1,1,0.00987,0.07342,0.60957,0.5394,0.09615,19.50676,1,0.35054,-0.0436,0.91802,0.00456,1,1,participant_30,question_2,No-Timer,True,Other
0.0,0,40,1,0.32441,-0.01624,0,0.8901,0.87593,0.07404,308,100.91277,1,0.32504,-0.02785,-0.05272,0.07568,0.63462,0.28061,0.10022,21.25287,1,0.31814,-0.01305,0.9306,0.00459,1,1,0.00987,0.07342,0.60957,0.53936,0.09601,19.67453,1,0.33067,-0.01944,0.9306,0.00444,1,1,participant_30,question_2,No-Timer,True,Other
0.0,0,40,1,0.3209,-0.04669,0,0.8901,0.87593,0.0806,308,100.91277,1,0.32473,-0.0293,-0.05272,0.07568,0.63462,0.28073,0.10021,21.54582,1,0.30258,-0.02565,0.94317,0.00458,1,1,0.00987,0.07342,0.60957,0.53961,0.09587,19.51852,1,0.33922,-0.06774,0.94317,0.00441,1,1,participant_30,question_2,No-Timer,True,Other
0.0,0,40,1,0.31792,-0.06579,0,0.8901,0.87593,0.0871,308,100.91277,1,0.32424,-0.0319,-0.05315,0.07657,0.64209,0.2808,0.10022,21.52405,1,0.29921,-0.04056,0.95575,0.00457,1,1,0.01024,0.07512,0.62364,0.53969,0.09606,19.51472,1,0.33662,-0.09101,0.96171,0.00436,1,1,participant_30,question_2,No-Timer,True,Other
0.0,0,40,1,0.33401,-0.07009,0,0.8901,0.87593,0.09447,308,100.91277,1,0.32489,-0.03445,-0.05315,0.07657,0.64209,0.28086,0.1004,21.74016,1,0.32541,-0.05239,0.96171,0.00451,1,1,0.01024,0.07512,0.62364,0.54004,0.09613,19.35099,1,0.34262,-0.08779,0.96767,0.00442,1,1,participant_30,question_2,No-Timer,True,Other
0.0,0,40,1,0.32423,-0.07744,0,0.8901,0.87593,0.10072,308,100.91277,1,0.32485,-0.03713,-0.05315,0.07657,0.64209,0.28132,0.10024,21.20305,1,0.31637,-0.05965,0.96767,0.00457,1,1,0.01024,0.07512,0.62364,0.54021,0.09612,19.35299,1,0.33209,-0.09523,0.97362,0.00441,1,1,participant_30,question_2,No-Timer,True,Other
0.0,0,40,1,0.32349,-0.08098,0,0.8901,0.87593,0.10718,308,100.91277,1,0.32477,-0.03971,-0.05267,0.07616,0.63863,0.28139,0.10019,21.33286,1,0.31489,-0.06674,0.97362,0.00457,1,1,0.00988,0.0715,0.59363,0.54029,0.09619,19.4498,1,0.33209,-0.09523,0.97362,0.00432,1,1,participant_30,question_2,No-Timer,True,Other
0.0,0,40,1,0.33631,-0.08716,0,0.8901,0.87593,0.11388,308,100.91277,1,0.32541,-0.04235,-0.05267,0.07616,0.63863,0.28149,0.10024,21.09591,1,0.31496,-0.05392,0.97362,0.00458,1,1,0.00988,0.0715,0.59363,0.54076,0.09594,19.09236,1,0.35767,-0.12039,0.96767,0.00437,1,1,participant_30,question_2,No-Timer,True,Other
0.0,0,40,1,0.32128,-0.08801,0,0.8901,0.87593,0.12086,308,100.91277,1,0.32519,-0.04475,-0.05267,0.07616,0.63863,0.28203,0.1002,21.01721,1,0.30659,-0.05638,0.96767,0.00448,1,1,0.00988,0.0715,0.59363,0.54099,0.09634,19.7737,1,0.33598,-0.11964,0.96171,0.0043,1,1,participant_30,question_2,No-Timer,True,Other
0.0,0,40,1,0.32497,-0.06509,0,0.8901,0.87593,0.12747,308,100.91277,1,0.32518,-0.04577,-0.05009,0.07256,0.60849,0.28194,0.1002,20.99007,1,0.31137,-0.03437,0.94913,0.00447,1,1,0.01019,0.07242,0.60161,0.54106,0.09622,19.40318,1,0.33857,-0.0958,0.94317,0.00429,1,1,participant_30,question_2,No-Timer,True,Other
0.0,0,40,1,0.32918,-0.0414,0,0.8901,0.87593,0.134,308,100.91277,1,0.32537,-0.04556,-0.05009,0.07256,0.60849,0.28224,0.10029,21.0865,1,0.32018,-0.01049,0.9306,0.0045,1,1,0.01019,0.07242,0.60161,0.5415,0.09631,19.00208,1,0.33819,-0.0723,0.9306,0.00424,1,1,participant_30,question_2,No-Timer,True,Other
0.0,0,40,1,0.33723,-0.02105,0,0.8901,0.87593,0.14095,308,100.91277,1,0.32591,-0.04445,-0.05009,0.07256,0.60849,0.28281,0.10017,20.98809,1,0.33626,0.00846,0.91802,0.00446,1,1,0.01019,0.07242,0.60161,0.54182,0.09647,19.74027,1,0.33819,-0.05056,0.91802,0.00432,1,1,participant_30,question_2,No-Timer,True,Other
0.0,0,40,1,0.33968,-0.00566,0,0.8901,0.87593,0.14737,308,100.91277,1,0.32651,-0.04276,-0.04957,0.07207,0.60433,0.28276,0.10017,21.02445,1,0.33932,0.02326,0.90544,0.00446,1,1,0.01034,0.07217,0.59957,0.54184,0.09611,19.42671,1,0.34004,-0.03458,0.90544,0.00443,1,1,participant_30,question_2,No-Timer,True,Other
0.0,0,40,1,0.33434,-0.00676,0,0.8901,0.87593,0.15405,308,100.91277,1,0.32684,-0.04126,-0.04957,0.07207,0.60433,0.28317,0.10027,21.40954,1,0.32524,0.0206,0.90544,0.00454,1,1,0.01034,0.07217,0.59957,0.54228,0.09632,18.99676,1,0.34343,-0.03411,0.90544,0.00424,1,1,participant_30,question_2,No-Timer,True,Other
0.0,0,40,1,0.34155,-0.00919,0,0.8901,0.87593,0.16075,308,100.91277,1,0.32743,-0.03998,-0.04957,0.07207,0.60433,0.28322,0.10014,21.03141,1,0.34297,0.01862,0.90544,0.00443,1,1,0.01034,0.07217,0.59957,0.54249,0.09625,19.28668,1,0.34014,-0.03701,0.90544,0.00443,1,1,participant_30,question_2,No-Timer,True,Other
0.0,0,40,1,0.34155,-0.00919,0,0.8901,0.87593,0.16749,308,100.91277,1,0.32797,-0.03879,-0.04966,0.07247,0.60768,0.28332,0.10005,20.56275,1,0.34297,0.01862,0.90544,0.00443,1,1,0.01071,0.07346,0.6103,0.54261,0.09607,19.35521,1,0.34014,-0.03701,0.90544,0.00445,1,1,participant_30,question_2,No-Timer,True,Other
0.0,0,40,1,0.3321,-0.01177,0,0.8901,0.87593,0.17447,308,100.91277,1,0.32812,-0.03779,-0.04966,0.07247,0.60768,0.28386,0.10012,20.92345,1,0.32,0.01033,0.90544,0.00457,1,1,0.01071,0.07346,0.6103,0.543,0.09619,18.9719,1,0.34421,-0.03387,0.90544,0.00417,1,1,participant_30,question_2,No-Timer,True,Other
0.0,0,40,1,0.33442,-0.02267,0,0.8901,0.87593,0.18124,308,100.91277,1,0.32835,-0.03725,-0.04966,0.07247,0.60768,0.28405,0.1002,21.13801,1,0.33009,-0.00762,0.90544,0.00461,1,1,0.01071,0.07346,0.6103,0.54318,0.09662,19.14111,1,0.33876,-0.03773,0.90544,0.00432,1,1,participant_30,question_2,No-Timer,True,Other
0.0,0,40,1,0.33442,-0.02267,0,0.8901,0.87593,0.18779,308,100.91277,1,0.32856,-0.03675,-0.04906,0.0719,0.60252,0.28425,0.10008,20.8666,1,0.33009,-0.00762,0.90544,0.0046,1,1,0.01075,0.07249,0.60218,0.5434,0.09636,19.5781,1,0.33876,-0.03773,0.90544,0.00428,1,1,participant_30,question_2,No-Timer,True,Other
0.0,0,40,1,0.33959,-0.02567,0,0.8901,0.87593,0.19451,308,100.91277,1,0.32892,-0.03638,-0.04906,0.0719,0.60252,0.2845,0.09957,21.13358,1,0.31345,-0.01456,0.90544,0.00432,1,1,0.01075,0.07249,0.60218,0.54379,0.09619,19.00735,1,0.36573,-0.03677,0.90544,0.00417,1,1,participant_30,question_2,No-Timer,True,Other
0.0,0,40,1,0.33613,-0.03151,0,0.8901,0.87593,0.20118,308,100.91277,1,0.32916,-0.03622,-0.04906,0.0719,0.60252,0.28474,0.09971,20.70789,1,0.33275,-0.01826,0.90544,0.00444,1,1,0.01075,0.07249,0.60218,0.54404,0.09637,19.61524,1,0.33952,-0.04476,0.90544,0.00423,1,1,participant_30,question_2,No-Timer,True,Other
0.0,0,40,1,0.33613,-0.03151,0,0.8901,0.87593,0.20761,308,100.91277,1,0.32937,-0.03608,-0.04924,0.07252,0.607,0.2851,0.09958,21.00547,1,0.33275,-0.01826,0.90544,0.00445,1,1,0.01109,0.07358,0.61127,0.54419,0.09636,19.425,1,0.33952,-0.04476,0.90544,0.00429,1,1,participant_30,question_2,No-Timer,True,Other
0.0,0,40,1,0.33038,-0.0363,0,0.8901,0.87593,0.21474,308,100.91277,1,0.3294,-0.03608,-0.04924,0.07252,0.607,0.28529,0.09932,20.76678,1,0.31909,-0.03214,0.90544,0.0044,1,1,0.01109,0.07358,0.61127,0.5446,0.09618,19.03947,1,0.34166,-0.04046,0.90544,0.00417,1,1,participant_30,question_2,No-Timer,True,Other
0.0,0,40,1,0.33763,-0.01078,0,0.8901,0.87593,0.22137,308,100.91277,1,0.32965,-0.03534,-0.04924,0.07252,0.607,0.2854,0.09944,20.89714,1,0.33529,0.01812,0.90544,0.00434,1,1,0.01109,0.07358,0.61127,0.54467,0.09662,19.01678,1,0.33997,-0.03968,0.90544,0.00431,1,1,participant_30,question_2,No-Timer,True,Other
0.0,0,40,1,0.33763,-0.01078,0,0.8901,0.87593,0.22803,308,100.91277,1,0.32987,-0.03464,-0.04925,0.07284,0.6093,0.28588,0.09964,20.96212,1,0.33529,0.01812,0.90544,0.0045,1,1,0.01111,0.07251,0.60239,0.5451,0.09633,19.2654,1,0.33997,-0.03968,0.90544,0.00425,1,1,participant_30,question_2,No-Timer,True,Other
0.0,0,40,1,0.33351,-0.01377,0,0.8901,0.87593,0.23487,308,100.91277,1,0.32998,-0.03406,-0.04925,0.07284,0.6093,0.28622,0.09953,20.85573,1,0.31982,0.00268,0.90544,0.00452,1,1,0.01111,0.07251,0.60239,0.54533,0.09603,19.03432,1,0.34721,-0.03023,0.90544,0.00427,1,1,participant_30,question_2,No-Timer,True,Other
0.0,0,40,1,0.33818,-0.01047,0,0.8901,0.87593,0.24136,308,100.91277,1,0.3302,-0.03342,-0.04925,0.07284,0.6093,0.28632,0.09942,20.60025,1,0.33482,0.01199,0.90544,0.00435,1,1,0.01111,0.07251,0.60239,0.54558,0.09629,19.32559,1,0.34154,-0.03294,0.90544,0.00421,1,1,participant_30,question_2,No-Timer,True,Other
0.0,0,40,1,0.33818,-0.01047,0,0.8901,0.87593,0.24786,308,100.91277,1,0.33041,-0.03282,-0.04887,0.07256,0.60692,0.28657,0.09935,20.5725,1,0.33482,0.01199,0.90544,0.00442,1,1,0.01155,0.07416,0.61643,0.54601,0.09626,18.85267,1,0.34154,-0.03294,0.90544,0.00435,1,1,participant_30,question_2,No-Timer,True,Other
0.0,0,40,1,0.33622,-0.0149,0,0.8901,0.87593,0.25455,308,100.91277,1,0.33056,-0.03236,-0.04887,0.07256,0.60692,0.28687,0.09937,20.8065,1,0.32136,-0.0032,0.90544,0.00449,1,1,0.01155,0.07416,0.61643,0.54625,0.09634,18.94323,1,0.35109,-0.0266,0.90544,0.00441,1,1,participant_30,question_2,No-Timer,True,Other
0.0,0,40,1,0.33958,-0.00817,0,0.8901,0.87593,0.26153,308,100.91277,1,0.33078,-0.03175,-0.04887,0.07256,0.60692,0.28722,0.09939,20.20779,1,0.33773,0.00254,0.90544,0.00441,1,1,0.01155,0.07416,0.61643,0.54644,0.09651,19.18731,1,0.34144,-0.01887,0.90544,0.00429,1,1,participant_30,question_2,No-Timer,True,Other
0.0,0,40,1,0.33998,-0.00479,0,0.8901,0.87593,0.26817,308,100.91277,1,0.33101,-0.03109,-0.04859,0.07242,0.60574,0.28727,0.09928,20.41903,1,0.33773,0.00254,0.90544,0.00442,1,1,0.01153,0.07256,0.60313,0.54674,0.09667,18.54525,1,0.34223,-0.01212,0.90005,0.00451,1,1,participant_30,question_2,No-Timer,True,Other
0.0,0,40,1,0.33594,0.00346,0,0.8901,0.87593,0.27507,308,100.91277,1,0.33112,-0.03027,-0.04859,0.07242,0.60574,0.28766,0.09948,20.74804,1,0.32287,0.00353,0.90005,0.00451,1,1,0.01153,0.07256,0.60313,0.54705,0.0966,18.77631,1,0.34902,0.00339,0.89466,0.00443,1,1,participant_30,question_2,No-Timer,True,Other
0.0,0,40,1,0.34504,0.01798,0,0.8901,0.87593,0.28165,308,100.91277,1,0.33145,-0.02915,-0.04859,0.07242,0.60574,0.28815,0.09953,20.43552,1,0.34469,0.01625,0.89466,0.00444,1,1,0.01153,0.07256,0.60313,0.5473,0.09697,19.19044,1,0.34539,0.0197,0.88927,0.00443,1,1,participant_30,question_2,No-Timer,True,Other
0.0,0,40,1,0.34569,0.02121,0,0.8901,0.87593,0.28834,308,100.91277,1,0.33177,-0.02801,-0.04818,0.07207,0.60283,0.28805,0.09928,20.30326,1,0.34599,0.02271,0.88927,0.00443,1,1,0.01173,0.07229,0.60163,0.54727,0.09692,18.13161,1,0.34539,0.0197,0.88927,0.00443,1,1,participant_30,question_2,No-Timer,True,Other
0.0,0,40,1,0.3763,0.01406,0,0.8901,0.87593,0.28834,308,100.91277,0,0.34199,-0.00229,-0.04818,0.07207,0.60283,0.28969,0.0995,20.38161,1,0.36771,0.02714,0.88927,0.00441,1,1,0.01173,0.07229,0.60163,0.54877,0.0972,19.19807,1,0.3849,0.00097,0.89466,0.00425,1,1,participant_30,question_2,No-Timer,True,Other
0.0,0,40,1,0.42114,-0.00547,0,0.8901,0.87593,0.28834,308,100.91277,0,0.38157,-0.00388,-0.04818,0.07207,0.60283,0.29107,0.09939,21.31371,1,0.40942,-0.0243,0.89466,0.00434,1,1,0.01173,0.07229,0.60163,0.54996,0.0969,18.9741,1,0.43286,0.01337,0.90005,0.00425,1,1,participant_30,question_2,No-Timer,True,Other
0.0,0,40,1,0.41881,-0.03109,0,0.8901,0.87593,0.28834,308,100.91277,0,0.39398,-0.01295,-0.05017,0.07595,0.63611,0.29179,0.09945,21.09258,1,0.4063,-0.04655,0.91263,0.00433,1,1,0.01266,0.07487,0.62311,0.55073,0.0969,18.84287,1,0.43133,-0.01563,0.92398,0.00428,1,1,participant_30,question_2,No-Timer,True,Other
0.0,0,40,1,0.43609,-0.06089,0,0.8901,0.87593,0.02003,309,101.20752,1,0.40451,-0.02493,-0.05017,0.07595,0.63611,0.29339,0.09949,20.81108,1,0.42738,-0.04429,0.93655,0.00424,1,1,0.01266,0.07487,0.62311,0.55235,0.09682,18.72201,1,0.4448,-0.07749,0.94251,0.00425,1,1,participant_30,question_2,No-Timer,True,Other
0.0,0,40,1,0.43283,-0.07632,0,0.8901,0.87593,0.02673,309,101.20752,1,0.41017,-0.03521,-0.05017,0.07595,0.63611,0.29365,0.09948,20.47948,1,0.41327,-0.06424,0.95509,0.00429,1,1,0.01266,0.07487,0.62311,0.55237,0.09675,18.76507,1,0.45238,-0.0884,0.96105,0.00415,1,1,participant_30,question_2,No-Timer,True,Other
0.0,0,40,1,0.43175,-0.08717,0,0.8901,0.87593,0.03346,309,101.20752,1,0.41377,-0.04387,-0.04849,0.07394,0.61891,0.2938,0.09956,21.04274,1,0.41137,-0.07856,0.967,0.00428,1,1,0.01241,0.0719,0.59951,0.5525,0.09701,18.86225,1,0.45213,-0.09578,0.967,0.00413,1,1,participant_30,question_2,No-Timer,True,Other
0.0,0,40,1,0.42952,-0.0649,0,0.8901,0.87593,0.04062,309,101.20752,1,0.41602,-0.04687,-0.04849,0.07394,0.61891,0.29419,0.0994,20.81435,1,0.41425,-0.06551,0.96038,0.00419,1,1,0.01241,0.0719,0.59951,0.55302,0.09769,18.73031,1,0.44479,-0.06429,0.95443,0.00442,1,1,participant_30,question_2,No-Timer,True,Other
0.0,0,40,1,0.43845,-0.03567,0,0.8901,0.87593,0.04684,309,101.20752,1,0.41882,-0.04547,-0.04849,0.07394,0.61891,0.29447,0.09956,20.57076,1,0.43621,-0.04472,0.94781,0.00424,1,1,0.01241,0.0719,0.59951,0.55318,0.09764,18.88445,1,0.4407,-0.02662,0.94185,0.00436,1,1,participant_30,question_2,No-Timer,True,Other
0.0,0,40,1,0.44024,-0.01354,0,0.8901,0.87593,0.05354,309,101.20752,1,0.4212,-0.04193,-0.04783,0.07306,0.61225,0.29454,0.09957,20.53436,1,0.43878,-0.02271,0.92927,0.00424,1,1,0.01265,0.07222,0.60261,0.55344,0.09779,18.0012,1,0.44171,-0.00438,0.92332,0.00439,1,1,participant_30,question_2,No-Timer,True,Other
0.0,0,40,1,0.44351,-0.00546,0,0.8901,0.87593,0.06023,309,101.20752,1,0.42343,-0.03828,-0.04783,0.07306,0.61225,0.29501,0.09956,20.79134,1,0.42707,-0.01976,0.91736,0.00417,1,1,0.01265,0.07222,0.60261,0.55401,0.09794,19.12574,1,0.45994,0.00883,0.91736,0.00423,1,1,participant_30,question_2,No-Timer,True,Other
0.0,0,40,1,0.43298,0.00824,0,0.8901,0.87593,0.06696,309,101.20752,1,0.4243,-0.03405,-0.04783,0.07306,0.61225,0.29534,0.09964,20.44761,1,0.42194,-0.01621,0.9114,0.00432,1,1,0.01265,0.07222,0.60261,0.55415,0.0979,18.15772,1,0.44403,0.03269,0.9114,0.00421,1,1,participant_30,question_2,No-Timer,True,Other
0.0,0,40,1,0.43346,0.01183,0,0.8901,0.87593,0.07362,309,101.20752,1,0.42507,-0.03023,-0.04721,0.07248,0.60664,0.29533,0.09963,20.57498,1,0.42289,-0.00903,0.90544,0.00428,1,1,0.01323,0.0742,0.61914,0.5543,0.09788,18.41729,1,0.44403,0.03269,0.9114,0.00416,1,1,participant_30,question_2,No-Timer,True,Other
0.0,0,40,1,0.44313,-0.03702,0,0.8901,0.87593,0.08057,309,101.20752,1,0.42645,-0.03075,-0.04721,0.07248,0.60664,0.29586,0.09947,20.39908,1,0.42834,-0.0217,0.9114,0.00426,1,1,0.01323,0.0742,0.61914,0.55465,0.09785,18.45421,1,0.45792,-0.05233,0.91736,0.00433,1,1,participant_30,question_2,No-Timer,True,Other
0.0,0,40,1,0.44529,-0.03578,0,0.8901,0.87593,0.08727,309,101.20752,1,0.4278,-0.03111,-0.04721,0.07248,0.60664,0.29598,0.09956,20.56913,1,0.44146,-0.02704,0.91736,0.00425,1,1,0.01323,0.0742,0.61914,0.55481,0.09799,18.82562,1,0.44912,-0.04453,0.92332,0.00428,1,1,participant_30,question_2,No-Timer,True,Other
0.0,0,40,1,0.44418,-0.05038,0,0.8901,0.87593,0.09372,309,101.20752,1,0.42889,-0.03239,-0.04827,0.07436,0.62202,0.29606,0.09962,20.42238,1,0.43981,-0.04142,0.92927,0.0043,1,1,0.01342,0.07425,0.61955,0.55491,0.09825,18.3382,1,0.44855,-0.05934,0.93523,0.00422,1,1,participant_30,question_2,No-Timer,True,Other
0.0,0,40,1,0.43661,-0.05984,0,0.8901,0.87593,0.10046,309,101.20752,1,0.42937,-0.03411,-0.04827,0.07436,0.62202,0.29656,0.09954,20.47823,1,0.42439,-0.06201,0.94119,0.0043,1,1,0.01342,0.07425,0.61955,0.55552,0.09777,18.63527,1,0.44883,-0.05766,0.94119,0.00413,1,1,participant_30,question_2,No-Timer,True,Other
0.0,0,40,1,0.44077,-0.05565,0,0.8901,0.87593,0.10712,309,101.20752,1,0.43004,-0.03538,-0.04827,0.07436,0.62202,0.2967,0.09945,20.47802,1,0.43649,-0.03442,0.94715,0.00431,1,1,0.01342,0.07425,0.61955,0.55582,0.09799,18.38508,1,0.44505,-0.07688,0.94715,0.00415,1,1,participant_30,question_2,No-Timer,True,Other
0.0,0,40,1,0.44021,-0.06287,0,0.8901,0.87593,0.11408,309,101.20752,1,0.43061,-0.0369,-0.04745,0.07338,0.61383,0.29678,0.0994,20.39919,1,0.43566,-0.04143,0.9531,0.00434,1,1,0.01366,0.07441,0.62161,0.55575,0.09819,18.36322,1,0.44475,-0.08431,0.9531,0.00422,1,1,participant_30,question_2,No-Timer,True,Other
0.0,0,40,1,0.43584,-0.05623,0,0.8901,0.87593,0.12116,309,101.20752,1,0.43088,-0.03792,-0.04745,0.07338,0.61383,0.29727,0.09941,20.20443,1,0.4221,-0.04091,0.9531,0.00433,1,1,0.01366,0.07441,0.62161,0.5562,0.09816,18.9706,1,0.44957,-0.07154,0.9531,0.00406,1,1,participant_30,question_2,No-Timer,True,Other
0.0,0,40,1,0.4358,-0.05575,0,0.8901,0.87593,0.1279,309,101.20752,1,0.43113,-0.03881,-0.04745,0.07338,0.61383,0.29744,0.09934,20.62179,1,0.42766,-0.04526,0.9531,0.00429,1,1,0.01366,0.07441,0.62161,0.55643,0.09808,18.93789,1,0.44394,-0.06624,0.9531,0.00402,1,1,participant_30,question_2,No-Timer,True,Other
0.0,0,40,1,0.43595,-0.05209,0,0.8901,0.87593,0.13432,309,101.20752,1,0.43136,-0.03944,-0.04827,0.07494,0.62681,0.29754,0.09932,20.1917,1,0.42766,-0.04526,0.9531,0.0043,1,1,0.01354,0.07297,0.60999,0.55678,0.09851,18.35334,1,0.44424,-0.05892,0.94715,0.00431,1,1,participant_30,question_2,No-Timer,True,Other
0.0,0,40,1,0.44153,-0.03253,0,0.8901,0.87593,0.14086,309,101.20752,1,0.43182,-0.03913,-0.04827,0.07494,0.62681,0.29807,0.09926,20.40771,1,0.43489,-0.01426,0.94715,0.00429,1,1,0.01354,0.07297,0.60999,0.55692,0.09872,18.66214,1,0.44817,-0.0508,0.94119,0.00439,1,1,participant_30,question_2,No-Timer,True,Other
0.0,0,40,1,0.44249,-0.00885,0,0.8901,0.87593,0.14731,309,101.20752,1,0.43229,-0.03781,-0.04827,0.07494,0.62681,0.29812,0.09932,20.0363,1,0.42649,0.006,0.94119,0.00434,1,1,0.01354,0.07297,0.60999,0.55713,0.09878,18.91504,1,0.4585,-0.0237,0.93523,0.00431,1,1,participant_30,question_2,No-Timer,True,Other
0.0,0,40,1,0.44243,-0.00963,0,0.8901,0.87593,0.15424,309,101.20752,1,0.43271,-0.03664,-0.04851,0.07554,0.63186,0.29821,0.09922,19.92784,1,0.42639,0.00524,0.94185,0.00436,1,1,0.0136,0.07227,0.60449,0.55758,0.09891,18.2865,1,0.45847,-0.02449,0.93589,0.00439,1,1,participant_30,question_2,No-Timer,True,Other
0.0,0,40,1,0.44168,-0.02236,0,0.8901,0.87593,0.16071,309,101.20752,1,0.43307,-0.03607,-0.04851,0.07554,0.63186,0.29837,0.099,20.62163,1,0.4254,-0.01368,0.94251,0.00428,1,1,0.0136,0.07227,0.60449,0.55752,0.09877,18.23739,1,0.45796,-0.03104,0.94251,0.00426,1,1,participant_30,question_2,No-Timer,True,Other
0.0,0,40,1,0.42787,-0.03355,0,0.8901,0.87593,0.1674,309,101.20752,1,0.43287,-0.03597,-0.04851,0.07554,0.63186,0.29888,0.09911,20.03694,1,0.41105,-0.02466,0.94913,0.00444,1,1,0.0136,0.07227,0.60449,0.55786,0.0988,18.63698,1,0.44469,-0.04244,0.94913,0.00429,1,1,participant_30,question_2,No-Timer,True,Other
0.0,0,40,1,0.42702,-0.04501,0,0.8901,0.87593,0.17415,309,101.20752,1,0.43265,-0.03631,-0.04879,0.07627,0.63799,0.2989,0.0991,20.13701,1,0.40998,-0.03239,0.95575,0.00445,1,1,0.01408,0.07407,0.61958,0.55799,0.09883,18.73821,1,0.44406,-0.05763,0.96171,0.00428,1,1,participant_30,question_2,No-Timer,True,Other
0.0,0,40,1,0.43959,-0.04564,0,0.8901,0.87593,0.18084,309,101.20752,1,0.4329,-0.03664,-0.04879,0.07627,0.63799,0.29905,0.09903,20.47263,1,0.43599,-0.0461,0.96171,0.00442,1,1,0.01408,0.07407,0.61958,0.55807,0.09888,18.15839,1,0.44319,-0.04519,0.96767,0.00425,1,1,participant_30,question_2,No-Timer,True,Other
0.0,0,40,1,0.43813,-0.06102,0,0.8901,0.87593,0.18754,309,101.20752,1,0.43308,-0.03748,-0.04879,0.07627,0.63799,0.29925,0.09892,20.36905,1,0.41979,-0.06503,0.96767,0.00435,1,1,0.01408,0.07407,0.61958,0.55818,0.09884,18.48743,1,0.45647,-0.05701,0.97362,0.00423,1,1,participant_30,question_2,No-Timer,True,Other
0.0,0,40,1,0.43876,-0.05315,0,0.8901,0.87593,0.1942,309,101.20752,1,0.43327,-0.038,-0.04561,0.07144,0.59756,0.29931,0.09887,20.28729,1,0.42079,-0.05718,0.96105,0.00435,1,1,0.01433,0.07492,0.62671,0.5584,0.09896,18.52014,1,0.45673,-0.04913,0.967,0.00423,1,1,participant_30,question_2,No-Timer,True,Other
0.0,0,40,1,0.43265,-0.03343,0,0.8901,0.87593,0.20113,309,101.20752,1,0.43325,-0.03785,-0.04561,0.07144,0.59756,0.29977,0.09891,20.1472,1,0.41128,-0.05303,0.95443,0.00447,1,1,0.01433,0.07492,0.62671,0.55876,0.09927,18.96899,1,0.45402,-0.01383,0.95443,0.00422,1,1,participant_30,question_2,No-Timer,True,Other
0.0,0,40,1,0.44395,-0.02544,0,0.8901,0.87593,0.20759,309,101.20752,1,0.43358,-0.03747,-0.04561,0.07144,0.59756,0.29976,0.09866,20.48458,1,0.42833,-0.04283,0.94185,0.00435,1,1,0.01433,0.07492,0.62671,0.55864,0.09906,18.78844,1,0.45957,-0.00805,0.94185,0.0042,1,1,participant_30,question_2,No-Timer,True,Other
0.0,0,40,1,0.44456,-0.01759,0,0.8901,0.87593,0.21429,309,101.20752,1,0.43392,-0.03686,-0.0469,0.07377,0.61627,0.29987,0.09875,20.37686,1,0.4293,-0.03493,0.93523,0.0043,1,1,0.01471,0.0764,0.63908,0.55884,0.09897,18.48116,1,0.45982,-0.00025,0.93523,0.00421,1,1,participant_30,question_2,No-Timer,True,Other
0.0,0,40,1,0.43885,-0.02233,0,0.8901,0.87593,0.22102,309,101.20752,1,0.43406,-0.03644,-0.0469,0.07377,0.61627,0.29999,0.09857,20.33977,1,0.42203,-0.04105,0.94119,0.00421,1,1,0.01471,0.0764,0.63908,0.55912,0.09903,18.4813,1,0.45567,-0.00361,0.94119,0.00426,1,1,participant_30,question_2,No-Timer,True,Other
0.0,0,40,1,0.43918,-0.0247,0,0.8901,0.87593,0.2277,309,101.20752,1,0.43421,-0.0361,-0.0469,0.07377,0.61627,0.3002,0.09869,20.31643,1,0.43189,-0.05339,0.94715,0.00426,1,1,0.01471,0.0764,0.63908,0.55935,0.09896,18.95089,1,0.44646,0.00399,0.94715,0.0042,1,1,participant_30,question_2,No-Timer,True,Other
0.0,0,40,1,0.43797,-0.03953,0,0.8901,0.87593,0.23441,309,101.20752,1,0.43431,-0.0362,-0.04857,0.07671,0.64007,0.30032,0.09859,20.39073,1,0.4301,-0.06846,0.95972,0.00428,1,1,0.01435,0.07405,0.61936,0.55945,0.09906,18.84841,1,0.44584,-0.0106,0.95972,0.00426,1,1,participant_30,question_2,No-Timer,True,Other
0.0,0,40,1,0.44062,-0.06175,0,0.8901,0.87593,0.24112,309,101.20752,1,0.43448,-0.03689,-0.04857,0.07671,0.64007,0.30055,0.09863,20.62118,1,0.4261,-0.08576,0.96634,0.00425,1,1,0.01435,0.07405,0.61936,0.55942,0.09909,18.68325,1,0.45515,-0.03774,0.96634,0.00423,1,1,participant_30,question_2,No-Timer,True,Other
0.0,0,40,1,0.448,-0.07784,0,0.8901,0.87593,0.24779,309,101.20752,1,0.43484,-0.03797,-0.04857,0.07671,0.64007,0.30062,0.09856,20.55735,1,0.43181,-0.1069,0.97296,0.00427,1,1,0.01435,0.07405,0.61936,0.55948,0.09912,18.75907,1,0.4642,-0.04877,0.97296,0.00421,1,1,participant_30,question_2,No-Timer,True,Other
0.0,0,40,1,0.4481,-0.07432,0,0.8901,0.87593,0.25448,309,101.20752,1,0.43518,-0.0389,-0.04688,0.07412,0.61841,0.30066,0.09854,20.36985,1,0.43181,-0.1069,0.97296,0.00427,1,1,0.01411,0.07211,0.6032,0.55979,0.09886,18.62821,1,0.46439,-0.04173,0.967,0.00422,1,1,participant_30,question_2,No-Timer,True,Other
0.0,0,40,1,0.4313,-0.01668,0,0.8901,0.87593,0.26156,309,101.20752,1,0.43508,-0.03834,-0.04688,0.07412,0.61841,0.30116,0.09836,20.14039,1,0.42518,-0.01438,0.96038,0.00431,1,1,0.01411,0.07211,0.6032,0.5601,0.09909,19.06282,1,0.43742,-0.01898,0.95443,0.00424,1,1,participant_30,question_2,No-Timer,True,Other
0.0,0,40,1,0.42804,-0.0029,0,0.8901,0.87593,0.26793,309,101.20752,1,0.43491,-0.03748,-0.04688,0.07412,0.61841,0.30117,0.09836,20.20514,1,0.41374,-0.00219,0.94781,0.0043,1,1,0.01411,0.07211,0.6032,0.56022,0.09903,18.84046,1,0.44235,-0.00361,0.94185,0.00427,1,1,participant_30,question_2,No-Timer,True,Other
0.0,0,40,1,0.42987,0.0151,0,0.8901,0.87593,0.2746,309,101.20752,1,0.43479,-0.03623,-0.04615,0.07305,0.6095,0.30116,0.09837,20.22809,1,0.41672,0.01903,0.92927,0.0043,1,1,0.01465,0.07463,0.62426,0.56022,0.09903,18.84046,1,0.44302,0.01118,0.92927,0.00427,1,1,participant_30,question_2,No-Timer,True,Other
0.0,0,40,1,0.40873,0.00538,0,0.8901,0.87593,0.28132,309,101.20752,1,0.43418,-0.03526,-0.04615,0.07305,0.6095,0.30076,0.09819,20.40695,1,0.39609,0.01724,0.92332,0.00437,1,1,0.01465,0.07463,0.62426,0.55988,0.09894,18.49406,1,0.42137,-0.00647,0.92927,0.00429,1,1,participant_30,question_2,No-Timer,True,Other
0.0,0,40,1,0.41498,-0.01924,0,0.8901,0.87593,0.28796,309,101.20752,1,0.43375,-0.03489,-0.04615,0.07305,0.6095,0.3008,0.0982,20.30886,1,0.40511,0.00707,0.92332,0.0044,1,1,0.01465,0.07463,0.62426,0.55989,0.09893,18.57697,1,0.42486,-0.04555,0.92927,0.00428,1,1,participant_30,question_2,No-Timer,True,Other
0.0,0,40,1,0.41367,-0.03067,0,0.8901,0.87593,0.29491,309,101.20752,1,0.4333,-0.0348,-0.04864,0.07712,0.64351,0.30087,0.09819,20.44798,1,0.40293,-0.00759,0.93589,0.0044,1,1,0.0142,0.07213,0.60338,0.55989,0.09893,18.57697,1,0.42441,-0.05375,0.93589,0.00428,1,1,participant_30,question_2,No-Timer,True,Other
0.0,0,40,1,0.42086,-0.00807,0,0.8901,0.87593,0.30141,309,101.20752,1,0.43303,-0.03422,-0.04864,0.07712,0.64351,0.30116,0.09798,20.45897,1,0.40959,-0.02054,0.94847,0.00432,1,1,0.0142,0.07213,0.60338,0.55999,0.09913,18.55165,1,0.43214,0.00441,0.94251,0.00428,1,1,participant_30,question_2,No-Timer,True,Other
0.0,0,40,1,0.42457,-0.02529,0,0.8901,0.87593,0.30833,309,101.20752,1,0.43285,-0.03403,-0.04864,0.07712,0.64351,0.30151,0.09806,20.30148,1,0.40388,-0.04083,0.95509,0.0045,1,1,0.0142,0.07213,0.60338,0.56022,0.09923,19.10837,1,0.44526,-0.00975,0.94913,0.00428,1,1,participant_30,question_2,No-Timer,True,Other
0.0,0,40,1,0.42522,-0.01829,0,0.8901,0.87593,0.31483,309,101.20752,1,0.43269,-0.0337,-0.0458,0.07277,0.60718,0.30134,0.0979,20.13464,1,0.40489,-0.03381,0.94913,0.00444,1,1,0.01426,0.07196,0.60188,0.56029,0.09917,19.01987,1,0.44556,-0.00276,0.94317,0.0042,1,1,participant_30,question_2,No-Timer,True,Other
0.0,0,40,1,0.41215,-0.01064,0,0.8901,0.87593,0.32188,309,101.20752,1,0.43415,-0.03387,-0.0458,0.07277,0.60718,0.30152,0.09746,20.43936,1,0.39995,-0.02499,0.9306,0.00419,1,1,0.01426,0.07196,0.60188,0.56063,0.09901,18.47888,1,0.42436,0.00372,0.9306,0.00428,1,1,participant_30,question_2,No-Timer,True,Other
0.0,0,40,1,0.42141,-0.00095,0,0.8901,0.87593,0.32883,309,101.20752,1,0.43416,-0.03378,-0.0458,0.07277,0.60718,0.3018,0.09748,20.24591,1,0.41041,-0.01653,0.91802,0.00427,1,1,0.01426,0.07196,0.60188,0.56067,0.09895,18.59981,1,0.43242,0.01462,0.91802,0.00427,1,1,participant_30,question_2,No-Timer,True,Other
0.0,0,40,1,0.42199,0.0034,0,0.8901,0.87593,0.32883,309,101.20752,0,0.42107,-0.00907,-0.04733,0.07557,0.62933,0.30191,0.09756,20.48524,1,0.41152,-0.0086,0.9114,0.00424,1,1,0.01472,0.07358,0.61546,0.56076,0.09907,18.51514,1,0.43246,0.01541,0.91736,0.0043,1,1,participant_30,question_2,No-Timer,True,Other
0.0,0,40,1,0.41652,-0.01426,0,0.8901,0.87593,0.32883,309,101.20752,0,0.41879,-0.01166,-0.04733,0.07557,0.62933,0.30209,0.09755,20.40865,1,0.40535,-0.03692,0.92332,0.0043,1,1,0.01472,0.07358,0.61546,0.56106,0.09911,18.97171,1,0.42769,0.0084,0.92927,0.00433,1,1,participant_30,question_2,No-Timer,True,Other
0.0,0,40,1,0.405,-0.01618,0,0.8901,0.87593,0.32883,309,101.20752,0,0.41419,-0.01317,-0.04733,0.07557,0.62933,0.30215,0.09746,20.45587,1,0.39205,-0.01823,0.93523,0.00432,1,1,0.01472,0.07358,0.61546,0.561,0.09906,18.61447,1,0.41795,-0.01414,0.94119,0.00433,1,1,participant_30,question_2,No-Timer,True,Other
0.0,0,40,1,0.40262,-0.03815,0,0.8901,0.87593,0.02012,310,101.54267,1,0.4113,-0.01941,-0.04846,0.07766,0.64635,0.30226,0.09747,20.45752,1,0.38865,-0.04009,0.95377,0.00426,1,1,0.0151,0.07499,0.62731,0.56136,0.09889,18.39191,1,0.41658,-0.0362,0.95972,0.00426,1,1,participant_30,question_2,No-Timer,True,Other
0.0,0,40,1,0.42251,-0.03322,0,0.8901,0.87593,0.02692,310,101.54267,1,0.41354,-0.02218,-0.04846,0.07766,0.64635,0.30274,0.0973,20.40971,1,0.40554,-0.03795,0.96634,0.00425,1,1,0.0151,0.07499,0.62731,0.56167,0.09917,18.89267,1,0.43948,-0.02849,0.96634,0.00428,1,1,participant_30,question_2,No-Timer,True,Other
0.0,0,40,1,0.42972,-0.03632,0,0.8901,0.87593,0.03324,310,101.54267,1,0.41624,-0.02453,-0.04846,0.07766,0.64635,0.30289,0.09735,20.52924,1,0.41415,-0.03681,0.97296,0.00433,1,1,0.0151,0.07499,0.62731,0.5618,0.09919,19.02287,1,0.4453,-0.03583,0.97296,0.00429,1,1,participant_30,question_2,No-Timer,True,Other
0.0,0,40,1,0.42987,-0.03283,0,0.8901,0.87593,0.03996,310,101.54267,1,0.41819,-0.02572,-0.04679,0.07505,0.62466,0.30299,0.09728,20.43912,1,0.41415,-0.03681,0.97296,0.00434,1,1,0.01469,0.07228,0.60458,0.56185,0.0991,19.02821,1,0.44559,-0.02886,0.967,0.00423,1,1,participant_30,question_2,No-Timer,True,Other
0.0,0,40,1,0.40702,-0.05305,0,0.8901,0.87593,0.04692,310,101.54267,1,0.41679,-0.02913,-0.04679,0.07505,0.62466,0.30307,0.09729,20.42703,1,0.39187,-0.03743,0.96038,0.00442,1,1,0.01469,0.07228,0.60458,0.5622,0.0989,18.40146,1,0.42217,-0.06866,0.95443,0.00421,1,1,participant_30,question_2,No-Timer,True,Other
0.0,0,40,1,0.41935,-0.03323,0,0.8901,0.87593,0.05335,310,101.54267,1,0.41707,-0.02959,-0.04679,0.07505,0.62466,0.30309,0.0972,20.40157,1,0.40322,-0.02338,0.94781,0.00445,1,1,0.01469,0.07228,0.60458,0.56238,0.09905,18.53793,1,0.43549,-0.04308,0.94185,0.00423,1,1,participant_30,question_2,No-Timer,True,Other
0.0,0,40,1,0.42062,-0.02185,0,0.8901,0.87593,0.06026,310,101.54267,1,0.41743,-0.02882,-0.04658,0.07503,0.62444,0.30342,0.09712,20.09303,1,0.40536,-0.00869,0.93523,0.00441,1,1,0.01515,0.07387,0.61791,0.56255,0.09923,18.94666,1,0.43587,-0.03501,0.93523,0.0042,1,1,participant_30,question_2,No-Timer,True,Other
0.0,0,40,1,0.41149,-0.05121,0,0.8901,0.87593,0.06696,310,101.54267,1,0.41689,-0.03085,-0.04658,0.07503,0.62444,0.30383,0.09705,20.33319,1,0.39406,-0.02839,0.93523,0.00449,1,1,0.01515,0.07387,0.61791,0.56253,0.09881,18.63852,1,0.42893,-0.07403,0.94119,0.00428,1,1,participant_30,question_2,No-Timer,True,Other
0.0,0,40,1,0.41478,-0.05061,0,0.8901,0.87593,0.07388,310,101.54267,1,0.41671,-0.0325,-0.04658,0.07503,0.62444,0.30388,0.09713,20.36995,1,0.38975,-0.02744,0.94119,0.00458,1,1,0.01515,0.07387,0.61791,0.56263,0.09905,18.81486,1,0.43982,-0.07378,0.94715,0.00433,1,1,participant_30,question_2,No-Timer,True,Other
0.0,0,40,1,0.41345,-0.06216,0,0.8901,0.87593,0.08015,310,101.54267,1,0.41646,-0.03478,-0.04766,0.077,0.64082,0.30386,0.0972,20.45989,1,0.38743,-0.04231,0.95377,0.00445,1,1,0.01509,0.07291,0.60983,0.56281,0.09929,18.79703,1,0.43946,-0.08201,0.95377,0.00428,1,1,participant_30,question_2,No-Timer,True,Other
0.0,0,40,1,0.42138,-0.05883,0,0.8901,0.87593,0.0872,310,101.54267,1,0.41681,-0.0365,-0.04766,0.077,0.64082,0.30421,0.09696,20.01064,1,0.40398,-0.05042,0.96038,0.00437,1,1,0.01509,0.07291,0.60983,0.56305,0.09888,18.48222,1,0.43878,-0.06723,0.95443,0.00416,1,1,participant_30,question_2,No-Timer,True,Other
0.0,0,40,1,0.40782,-0.06282,0,0.8901,0.87593,0.09383,310,101.54267,1,0.41621,-0.03825,-0.04766,0.077,0.64082,0.30434,0.09685,19.86452,1,0.38829,-0.05621,0.96105,0.00441,1,1,0.01509,0.07291,0.60983,0.56318,0.09913,19.00626,1,0.42734,-0.06942,0.95509,0.00413,1,1,participant_30,question_2,No-Timer,True,Other
0.0,0,40,1,0.40928,-0.04841,0,0.8901,0.87593,0.10078,310,101.54267,1,0.41578,-0.03889,-0.04482,0.07255,0.60385,0.30449,0.09683,20.3855,1,0.39046,-0.04206,0.94913,0.00443,1,1,0.01481,0.07106,0.59515,0.56323,0.09906,18.81597,1,0.42811,-0.05476,0.94317,0.00418,1,1,participant_30,question_2,No-Timer,True,Other
0.0,0,40,1,0.41171,-0.02509,0,0.8901,0.87593,0.10695,310,101.54267,1,0.41554,-0.03807,-0.04482,0.07255,0.60385,0.30472,0.09656,20.3619,1,0.39897,-0.02688,0.9306,0.0043,1,1,0.01481,0.07106,0.59515,0.56365,0.09957,18.80746,1,0.42446,-0.0233,0.9306,0.00443,1,1,participant_30,question_2,No-Timer,True,Other
0.0,0,40,1,0.41846,-0.00798,0,0.8901,0.87593,0.11401,310,101.54267,1,0.4157,-0.0364,-0.04482,0.07255,0.60385,0.3047,0.09669,20.37757,1,0.40513,-0.01055,0.91802,0.00417,1,1,0.01481,0.07106,0.59515,0.56364,0.09971,18.24191,1,0.43179,-0.00541,0.91802,0.0044,1,1,participant_30,question_2,No-Timer,True,Other
0.0,0,40,1,0.41906,-0.00364,0,0.8901,0.87593,0.12103,310,101.54267,1,0.41588,-0.03468,-0.04613,0.07499,0.6234,0.30495,0.09662,20.37149,1,0.40628,-0.00267,0.9114,0.00419,1,1,0.01529,0.07259,0.60872,0.56374,0.09998,18.26695,1,0.43184,-0.00461,0.91736,0.00439,1,1,participant_30,question_2,No-Timer,True,Other
0.0,0,40,1,0.44443,-0.00164,0,0.8901,0.87593,0.12723,310,101.54267,1,0.41731,-0.03303,-0.04613,0.07499,0.6234,0.30612,0.0965,20.52154,1,0.42282,-0.03099,0.92332,0.00426,1,1,0.01529,0.07259,0.60872,0.56487,0.09989,18.73216,1,0.46603,0.02771,0.92927,0.0043,1,1,participant_30,question_2,No-Timer,True,Other
0.0,0,40,1,0.49297,-0.02454,0,0.8901,0.87593,0.13372,310,101.54267,1,0.42091,-0.03262,-0.04613,0.07499,0.6234,0.30757,0.09647,20.77355,1,0.47741,-0.04849,0.93523,0.00421,1,1,0.01529,0.07259,0.60872,0.56623,0.09992,19.05934,1,0.50853,-0.00059,0.94119,0.00424,1,1,participant_30,question_2,No-Timer,True,Other
0.0,0,40,1,0.49239,-0.03518,0,0.8901,0.87593,0.14069,310,101.54267,1,0.42416,-0.03274,-0.0428,0.07035,0.58556,0.30823,0.09642,20.78302,1,0.47622,-0.06284,0.94715,0.00417,1,1,0.01571,0.07265,0.60923,0.56692,0.09992,19.07785,1,0.50856,-0.00753,0.94715,0.00422,1,1,participant_30,question_2,No-Timer,True,Other
0.0,0,40,1,0.54322,-0.04584,0,0.8901,0.87593,0.14711,310,101.54267,1,0.42934,-0.03331,-0.0428,0.07035,0.58556,0.30993,0.09675,20.29766,1,0.53744,-0.03115,0.94715,0.00444,1,1,0.01571,0.07265,0.60923,0.56846,0.09958,18.80796,1,0.549,-0.06053,0.94119,0.00454,1,1,participant_30,question_2,No-Timer,True,Other
0.0,0,40,1,0.52125,-0.04504,0,0.8901,0.87593,0.15379,310,101.54267,1,0.43317,-0.0338,-0.0428,0.07035,0.58556,0.30993,0.09676,20.30396,1,0.51409,-0.02703,0.94119,0.00445,1,1,0.01571,0.07265,0.60923,0.56847,0.10014,19.13284,1,0.52842,-0.06305,0.93523,0.00428,1,1,participant_30,question_2,No-Timer,True,Other
0.0,0,40,1,0.52157,-0.03439,0,0.8901,0.87593,0.16048,310,101.54267,1,0.4367,-0.03382,-0.04459,0.07371,0.61307,0.31013,0.09675,20.46146,1,0.51485,-0.01309,0.92927,0.00443,1,1,0.01603,0.07305,0.61256,0.56866,0.09991,18.83163,1,0.52829,-0.05569,0.92927,0.00419,1,1,participant_30,question_2,No-Timer,True,Other
0.0,0,40,1,0.53025,-0.03235,0,0.8901,0.87593,0.16048,310,101.54267,0,0.4677,-0.03058,-0.04459,0.07371,0.61307,0.31018,0.09701,20.60014,1,0.51082,-0.01154,0.92332,0.0045,1,1,0.01603,0.07305,0.61256,0.56864,0.10026,19.25763,1,0.54967,-0.05316,0.92927,0.00422,1,1,participant_30,question_2,No-Timer,True,Other
0.0,0,40,1,0.53501,-0.03681,0,0.8901,0.87593,0.16048,310,101.54267,0,0.50136,-0.03369,-0.04459,0.07371,0.61307,0.31065,0.09701,20.54794,1,0.51367,-0.0205,0.92332,0.0044,1,1,0.01603,0.07305,0.61256,0.56874,0.10005,18.802,1,0.55636,-0.05313,0.92927,0.00415,1,1,participant_30,question_2,No-Timer,True,Other
0.0,0,40,1,0.53489,-0.052,0,0.8901,0.87593,0.16048,310,101.54267,0,0.51254,-0.0398,-0.04652,0.07711,0.64099,0.31055,0.09689,20.26441,1,0.51284,-0.03541,0.93589,0.00436,1,1,0.01634,0.07405,0.62094,0.56902,0.10032,18.91855,1,0.55694,-0.0686,0.94185,0.00426,1,1,participant_30,question_2,No-Timer,True,Other
0.0,0,40,1,0.52235,-0.07588,0,0.8901,0.87593,0.02009,311,101.70985,1,0.51499,-0.04882,-0.04652,0.07711,0.64099,0.31083,0.0965,20.28971,1,0.51082,-0.07153,0.95443,0.00417,1,1,0.01634,0.07405,0.62094,0.56948,0.09999,18.80115,1,0.53389,-0.08024,0.95443,0.00417,1,1,participant_30,question_2,No-Timer,True,Other
0.0,0,40,1,0.53214,-0.07948,0,0.8901,0.87593,0.02703,311,101.70985,1,0.51842,-0.05495,-0.04652,0.07711,0.64099,0.3109,0.09645,20.67142,1,0.51865,-0.09318,0.967,0.00421,1,1,0.01634,0.07405,0.62094,0.56956,0.10012,19.03822,1,0.54563,-0.06578,0.967,0.00422,1,1,participant_30,question_2,No-Timer,True,Other
0.0,0,40,1,0.53203,-0.07592,0,0.8901,0.87593,0.03374,311,101.70985,1,0.52069,-0.05845,-0.04336,0.07212,0.59872,0.31104,0.09628,20.43088,1,0.51865,-0.09318,0.967,0.00424,1,1,0.01609,0.07229,0.6062,0.56953,0.1002,19.00306,1,0.54542,-0.05865,0.96105,0.00422,1,1,participant_30,question_2,No-Timer,True,Other
0.0,0,40,1,0.53079,-0.02618,0,0.8901,0.87593,0.04045,311,101.70985,1,0.52213,-0.05384,-0.04336,0.07212,0.59872,0.31137,0.09629,19.96147,1,0.5199,-0.04955,0.94847,0.00435,1,1,0.01609,0.07229,0.6062,0.56974,0.09994,18.73405,1,0.54167,-0.0028,0.94251,0.00427,1,1,participant_30,question_2,No-Timer,True,Other
0.0,0,40,1,0.5369,0.01416,0,0.8901,0.87593,0.04755,311,101.70985,1,0.52398,-0.04534,-0.04336,0.07212,0.59872,0.31132,0.09616,20.34512,1,0.52366,0.01211,0.92993,0.00435,1,1,0.01609,0.07229,0.6062,0.57007,0.09993,18.7435,1,0.55014,0.01621,0.92398,0.00427,1,1,participant_30,question_2,No-Timer,True,Other
0.0,0,40,1,0.53711,0.02519,0,0.8901,0.87593,0.05386,311,101.70985,1,0.52544,-0.0375,-0.04493,0.07496,0.62231,0.31128,0.09629,20.44638,1,0.52436,0.02647,0.91736,0.00439,1,1,0.0168,0.07486,0.62774,0.57015,0.09978,18.71393,1,0.54986,0.02392,0.91736,0.0042,1,1,participant_30,question_2,No-Timer,True,Question
0.0,0,40,1,0.52964,-0.00365,0,0.8901,0.87593,0.06057,311,101.70985,1,0.52586,-0.03411,-0.04493,0.07496,0.62231,0.31155,0.09576,20.05223,1,0.5161,-0.00367,0.92332,0.00445,1,1,0.0168,0.07486,0.62774,0.57035,0.10004,18.89448,1,0.54319,-0.00363,0.92927,0.0043,1,1,participant_30,question_2,No-Timer,True,Other
0.0,0,40,1,0.53822,-0.02689,0,0.8901,0.87593,0.0673,311,101.70985,1,0.52698,-0.03346,-0.04493,0.07496,0.62231,0.31177,0.09567,20.29091,1,0.52162,-0.03893,0.93523,0.0044,1,1,0.0168,0.07486,0.62774,0.57051,0.1001,18.35049,1,0.55483,-0.01484,0.94119,0.00433,1,1,participant_30,question_2,No-Timer,True,Other
0.0,0,40,1,0.53818,-0.03393,0,0.8901,0.87593,0.07397,311,101.70985,1,0.52792,-0.0335,-0.04352,0.07287,0.60344,0.31188,0.09588,20.26357,1,0.52128,-0.04602,0.94119,0.00433,1,1,0.01675,0.07421,0.62229,0.57063,0.09987,18.28094,1,0.55509,-0.02184,0.94715,0.00433,1,1,participant_30,question_2,No-Timer,True,Other
0.0,0,40,1,0.53098,-0.03718,0,0.8901,0.87593,0.08084,311,101.70985,1,0.52815,-0.03378,-0.04352,0.07287,0.60344,0.31209,0.09556,20.39567,1,0.51356,-0.06202,0.94119,0.00427,1,1,0.01675,0.07421,0.62229,0.57087,0.09967,18.69652,1,0.54839,-0.01234,0.94119,0.00428,1,1,participant_30,question_2,No-Timer,True,Other
0.0,0,40,1,0.52971,-0.01745,0,0.8901,0.87593,0.08735,311,101.70985,1,0.52826,-0.03261,-0.04352,0.07287,0.60344,0.31219,0.09539,20.13452,1,0.52613,-0.02364,0.93523,0.00423,1,1,0.01675,0.07421,0.62229,0.57085,0.09987,19.25449,1,0.53329,-0.01127,0.93523,0.00436,1,1,participant_30,question_2,No-Timer,True,Other
0.0,0,40,1,0.52971,-0.01745,0,0.8901,0.87593,0.09404,311,101.70985,1,0.52836,-0.0316,-0.04431,0.07442,0.61632,0.31225,0.09523,20.25025,1,0.52613,-0.02364,0.93523,0.00425,1,1,0.01696,0.0747,0.62642,0.57085,0.09984,19.14608,1,0.53329,-0.01127,0.93523,0.00438,1,1,participant_30,question_2,No-Timer,True,Other
0.0,0,40,1,0.53652,-0.00882,0,0.8901,0.87593,0.10073,311,101.70985,1,0.52887,-0.03018,-0.04431,0.07442,0.61632,0.3122,0.09533,20.38248,1,0.51996,0.01228,0.94119,0.00437,1,1,0.01696,0.0747,0.62642,0.571,0.09968,18.45328,1,0.55309,-0.02993,0.94119,0.00436,1,1,participant_30,question_2,No-Timer,True,Other
0.0,0,40,1,0.52962,-0.02464,0,0.8901,0.87593,0.10754,311,101.70985,1,0.52891,-0.02985,-0.04431,0.07442,0.61632,0.3127,0.09516,20.30882,1,0.52662,-0.00631,0.94715,0.00433,1,1,0.01696,0.0747,0.62642,0.57134,0.09982,18.09669,1,0.53262,-0.04297,0.94715,0.00441,1,1,participant_30,question_2,No-Timer,True,Other
0.0,0,40,1,0.52962,-0.02464,0,0.8901,0.87593,0.11411,311,101.70985,1,0.52895,-0.02956,-0.04394,0.07386,0.61169,0.31268,0.09494,20.22695,1,0.52662,-0.00631,0.94715,0.00423,1,1,0.0172,0.07535,0.63188,0.57146,0.0997,17.94821,1,0.53262,-0.04297,0.94715,0.00439,1,1,participant_30,question_2,No-Timer,True,Other
0.0,0,40,1,0.53517,-0.02452,0,0.8901,0.87593,0.12083,311,101.70985,1,0.52928,-0.0293,-0.04394,0.07386,0.61169,0.31278,0.09525,20.18023,1,0.51942,-0.00431,0.94119,0.00446,1,1,0.0172,0.07535,0.63188,0.57159,0.0996,19.20535,1,0.55092,-0.04472,0.94119,0.00436,1,1,participant_30,question_2,No-Timer,True,Other
0.0,0,40,1,0.5377,-0.01506,0,0.8901,0.87593,0.12753,311,101.70985,1,0.5297,-0.02859,-0.04394,0.07386,0.61169,0.31296,0.09497,20.05631,1,0.53376,-0.01802,0.93523,0.00442,1,1,0.0172,0.07535,0.63188,0.57166,0.09978,19.24816,1,0.54165,-0.01211,0.93523,0.00438,1,1,participant_30,question_2,No-Timer,True,Other
0.0,0,40,1,0.5376,-0.01155,0,0.8901,0.87593,0.13426,311,101.70985,1,0.53008,-0.02777,-0.0446,0.07527,0.62293,0.31309,0.095,20.04673,1,0.53376,-0.01802,0.93523,0.00443,1,1,0.0167,0.07259,0.60873,0.57168,0.09982,19.12321,1,0.54145,-0.00508,0.92927,0.00439,1,1,participant_30,question_2,No-Timer,True,Other
0.0,0,40,1,0.53745,-0.0248,0,0.8901,0.87593,0.14092,311,101.70985,1,0.53041,-0.02764,-0.0446,0.07527,0.62293,0.31328,0.09479,20.6739,1,0.52578,-0.02952,0.93523,0.00421,1,1,0.0167,0.07259,0.60873,0.57175,0.09957,18.65279,1,0.54913,-0.02009,0.92927,0.0044,1,1,participant_30,question_2,No-Timer,True,Other
0.0,0,40,1,0.52252,-0.02378,0,0.8901,0.87593,0.14775,311,101.70985,1,0.53007,-0.02747,-0.0446,0.07527,0.62293,0.31355,0.09456,20.43282,1,0.51017,-0.0324,0.93523,0.00419,1,1,0.0167,0.07259,0.60873,0.57215,0.09938,18.3876,1,0.53488,-0.01517,0.92927,0.00421,1,1,participant_30,question_2,No-Timer,True,Other
0.0,0,40,1,0.52239,-0.03165,0,0.8901,0.87593,0.15441,311,101.70985,1,0.52975,-0.02765,-0.0449,0.07614,0.629,0.31362,0.09456,20.60703,1,0.50971,-0.04023,0.94185,0.00421,1,1,0.01683,0.07276,0.61014,0.57224,0.09923,17.99649,1,0.53507,-0.02306,0.93589,0.00437,1,1,participant_30,question_2,No-Timer,True,Other
0.0,0,40,1,0.54267,-0.04944,0,0.8901,0.87593,0.16101,311,101.70985,1,0.53027,-0.02852,-0.0449,0.07614,0.629,0.31379,0.09428,20.46243,1,0.53202,-0.06488,0.94251,0.00421,1,1,0.01683,0.07276,0.61014,0.57249,0.09936,19.35943,1,0.55332,-0.03399,0.94251,0.00416,1,1,participant_30,question_2,No-Timer,True,Other
0.0,0,40,1,0.53276,-0.04133,0,0.8901,0.87593,0.16773,311,101.70985,1,0.53036,-0.02901,-0.0449,0.07614,0.629,0.31407,0.09444,20.81612,1,0.52206,-0.03503,0.94913,0.00419,1,1,0.01683,0.07276,0.61014,0.57264,0.09913,19.03463,1,0.54347,-0.04762,0.94913,0.00414,1,1,participant_30,question_2,No-Timer,True,Other
0.0,0,40,1,0.53293,-0.03785,0,0.8901,0.87593,0.17446,311,101.70985,1,0.53046,-0.02934,-0.043,0.07308,0.60374,0.31432,0.09431,20.28538,1,0.52239,-0.02807,0.94317,0.00425,1,1,0.01738,0.07454,0.62467,0.57259,0.09912,18.7964,1,0.54347,-0.04762,0.94913,0.00417,1,1,participant_30,question_2,No-Timer,True,Other
0.0,0,40,1,0.53282,-0.01479,0,0.8901,0.87593,0.18147,311,101.70985,1,0.53054,-0.02882,-0.043,0.07308,0.60374,0.3145,0.09435,20.55805,1,0.52482,0.00759,0.93655,0.00428,1,1,0.01738,0.07454,0.62467,0.57304,0.09921,18.02412,1,0.54082,-0.03717,0.94251,0.00426,1,1,participant_30,question_2,No-Timer,True,Other
0.0,0,40,1,0.54269,-0.00888,0,0.8901,0.87593,0.18806,311,101.70985,1,0.53096,-0.02813,-0.043,0.07308,0.60374,0.31462,0.09409,20.51271,1,0.53687,0.01654,0.92993,0.00423,1,1,0.01738,0.07454,0.62467,0.57307,0.0994,19.04277,1,0.54852,-0.0343,0.93589,0.00429,1,1,participant_30,question_2,No-Timer,True,Other
0.0,0,40,1,0.54259,0.00244,0,0.8901,0.87593,0.19468,311,101.70985,1,0.53135,-0.02711,-0.04337,0.07402,0.61151,0.31488,0.09406,20.71355,1,0.53715,0.02406,0.92332,0.00423,1,1,0.01692,0.07202,0.60357,0.57326,0.09934,19.31648,1,0.54802,-0.01917,0.92332,0.00417,1,1,participant_30,question_2,No-Timer,True,Other
0.0,0,40,1,0.53651,0.00095,0,0.8901,0.87593,0.20133,311,101.70985,1,0.53151,-0.02621,-0.04337,0.07402,0.61151,0.3152,0.09405,20.01962,1,0.52483,0.00978,0.92332,0.00447,1,1,0.01692,0.07202,0.60357,0.5735,0.09878,18.85427,1,0.54818,-0.00788,0.91736,0.00418,1,1,participant_30,question_2,No-Timer,True,Other
0.0,0,40,1,0.52839,0.00212,0,0.8901,0.87593,0.20789,311,101.70985,1,0.53142,-0.02532,-0.04337,0.07402,0.61151,0.31543,0.09388,20.24702,1,0.51651,0.00317,0.91736,0.00444,1,1,0.01692,0.07202,0.60357,0.57376,0.09907,18.16829,1,0.54026,0.00108,0.9114,0.00428,1,1,participant_30,question_2,No-Timer,True,Other
0.0,0,40,1,0.52858,0.0056,0,0.8901,0.87593,0.21478,311,101.70985,1,0.53133,-0.02438,-0.04223,0.07252,0.59801,0.31548,0.094,20.17122,1,0.51689,0.01012,0.9114,0.00436,1,1,0.01778,0.07513,0.62919,0.57383,0.09927,18.8795,1,0.54026,0.00108,0.9114,0.00429,1,1,participant_30,question_2,No-Timer,True,Other
0.0,0,40,1,0.53665,-0.01161,0,0.8901,0.87593,0.22131,311,101.70985,1,0.53149,-0.02401,-0.04223,0.07252,0.59801,0.31604,0.09364,20.72402,1,0.52928,-0.01498,0.9114,0.00423,1,1,0.01778,0.07513,0.62919,0.5742,0.09892,18.86267,1,0.54403,-0.00823,0.91736,0.00425,1,1,participant_30,question_2,No-Timer,True,Other
0.0,0,40,1,0.52956,-0.0044,0,0.8901,0.87593,0.22807,311,101.70985,1,0.53143,-0.02345,-0.04223,0.07252,0.59801,0.31623,0.09341,20.5773,1,0.51886,0.0123,0.91736,0.00423,1,1,0.01778,0.07513,0.62919,0.57446,0.09903,18.49453,1,0.54025,-0.02111,0.92332,0.00426,1,1,participant_30,question_2,No-Timer,True,Other
0.0,0,40,1,0.52939,-0.01848,0,0.8901,0.87593,0.23471,311,101.70985,1,0.53138,-0.02331,-0.0432,0.07462,0.61492,0.31653,0.09338,20.71634,1,0.51813,-0.00149,0.92927,0.00425,1,1,0.01782,0.07453,0.62382,0.57469,0.09927,18.71643,1,0.54064,-0.03548,0.93523,0.00428,1,1,participant_30,question_2,No-Timer,True,Other
0.0,0,40,1,0.54243,-0.02366,0,0.8901,0.87593,0.24138,311,101.70985,1,0.53167,-0.02332,-0.0432,0.07462,0.61492,0.31696,0.09311,20.51271,1,0.53462,-0.00298,0.94119,0.00424,1,1,0.01782,0.07453,0.62382,0.57497,0.09899,18.79215,1,0.55024,-0.04433,0.94119,0.00432,1,1,participant_30,question_2,No-Timer,True,Other
0.0,0,40,1,0.53883,-0.03354,0,0.8901,0.87593,0.24786,311,101.70985,1,0.53186,-0.02359,-0.0432,0.07462,0.61492,0.31742,0.09313,20.32465,1,0.53554,-0.01713,0.94715,0.00444,1,1,0.01782,0.07453,0.62382,0.57522,0.09887,18.25466,1,0.54212,-0.04995,0.94715,0.00431,1,1,participant_30,question_2,No-Timer,True,Other
0.0,0,40,1,0.53877,-0.04836,0,0.8901,0.87593,0.25478,311,101.70985,1,0.53204,-0.02422,-0.04484,0.07796,0.64162,0.31749,0.09296,20.1455,1,0.535,-0.03159,0.95972,0.00442,1,1,0.01793,0.07425,0.62109,0.57548,0.09905,18.97569,1,0.54254,-0.06512,0.95972,0.00438,1,1,participant_30,question_2,No-Timer,True,Other
0.0,0,40,1,0.53651,-0.0411,0,0.8901,0.87593,0.26155,311,101.70985,1,0.53215,-0.02465,-0.04484,0.07796,0.64162,0.31833,0.09253,20.31251,1,0.52091,-0.06362,0.96634,0.00431,1,1,0.01793,0.07425,0.62109,0.57595,0.09929,19.10059,1,0.55211,-0.01858,0.96634,0.00427,1,1,participant_30,question_2,No-Timer,True,Other
0.0,0,40,1,0.52901,-0.03148,0,0.8901,0.87593,0.26823,311,101.70985,1,0.53207,-0.02481,-0.04484,0.07796,0.64162,0.31864,0.09222,20.51918,1,0.52336,-0.04967,0.97296,0.0043,1,1,0.01793,0.07425,0.62109,0.57585,0.09891,18.70984,1,0.53466,-0.01329,0.97296,0.00412,1,1,participant_30,question_2,No-Timer,True,Other
0.0,0,40,1,0.52892,-0.03907,0,0.8901,0.87593,0.27491,311,101.70985,1,0.532,-0.02515,-0.0442,0.0778,0.63796,0.319,0.09228,20.65066,1,0.523,-0.05731,0.97958,0.00422,1,1,0.01862,0.0765,0.63831,0.57596,0.09862,18.55762,1,0.53483,-0.02082,0.97958,0.00424,1,1,participant_30,question_2,No-Timer,True,Other
0.0,0,40,1,0.54918,0.22194,0,0.8901,0.87593,0.28138,311,101.70985,1,0.5324,-0.01941,-0.0442,0.0778,0.63796,0.32001,0.09283,17.38946,1,0.54918,0.22194,0.97958,0.00344,1,1,0.01862,0.0765,0.63831,0.57596,0.09862,18.55762,0,0.53483,-0.02082,0.97958,0.00424,1,0,participant_30,question_2,No-Timer,True,Question
0.0,0,40,0,0.54918,0.22194,0,0.8901,0.87593,0.28832,311,101.70985,1,0.5324,-0.01941,-0.0442,0.0778,0.63796,0.32001,0.09283,17.38946,0,0.54918,0.22194,0.97958,0.00344,1,0,0.01862,0.0765,0.63831,0.57596,0.09862,18.55762,0,0.53483,-0.02082,0.97958,0.00424,1,0,participant_30,question_2,No-Timer,False,Question
0.0,0,40,0,0.54918,0.22194,0,0.8901,0.87593,0.29497,311,101.70985,1,0.5324,-0.01941,-0.0442,0.0778,0.63796,0.32001,0.09283,17.38946,0,0.54918,0.22194,0.97958,0.00344,1,0,0.01862,0.0765,0.63831,0.57596,0.09862,18.55762,0,0.53483,-0.02082,0.97958,0.00424,1,0,participant_30,question_2,No-Timer,False,Question
0.0,0,40,0,0.54918,0.22194,0,0.8901,0.87593,0.30144,311,101.70985,1,0.5324,-0.01941,-0.0442,0.0778,0.63796,0.32001,0.09283,17.38946,0,0.54918,0.22194,0.97958,0.00344,1,0,0.01862,0.0765,0.63831,0.57596,0.09862,18.55762,0,0.53483,-0.02082,0.97958,0.00424,1,0,participant_30,question_2,No-Timer,False,Question
0.0,0,40,0,0.54918,0.22194,0,0.8901,0.87593,0.30144,311,101.70985,0,0.53468,-0.00184,-0.0442,0.0778,0.63796,0.32001,0.09283,17.38946,0,0.54918,0.22194,0.97958,0.00344,1,0,0.01862,0.0765,0.63831,0.57596,0.09862,18.55762,0,0.53483,-0.02082,0.97958,0.00424,1,0,participant_30,question_2,No-Timer,False,Question
0.0,0,40,0,0.54918,0.22194,0,0.8901,0.87593,0.30144,311,101.70985,0,0.53468,-0.00184,-0.0442,0.0778,0.63796,0.32001,0.09283,17.38946,0,0.54918,0.22194,0.97958,0.00344,1,0,0.01862,0.0765,0.63831,0.57596,0.09862,18.55762,0,0.53483,-0.02082,0.97958,0.00424,1,0,participant_30,question_2,No-Timer,False,Question
0.0,0,40,0,0.54918,0.22194,0,0.8901,0.87593,0.30144,311,101.70985,0,0.53468,-0.00184,-0.0442,0.0778,0.63796,0.32001,0.09283,17.38946,0,0.54918,0.22194,0.97958,0.00344,1,0,0.01862,0.0765,0.63831,0.57596,0.09862,18.55762,0,0.53483,-0.02082,0.97958,0.00424,1,0,participant_30,question_2,No-Timer,False,Question
0.0,58,40,0,0.54918,0.22194,0,0.8901,0.87593,0.30144,311,101.70985,0,0.0,0.0,-0.0442,0.0778,0.63796,0.32001,0.09283,17.38946,0,0.54918,0.22194,0.97958,0.00344,1,0,0.01862,0.0765,0.63831,0.57596,0.09862,18.55762,0,0.53483,-0.02082,0.97958,0.00424,1,0,participant_30,question_2,No-Timer,True,Question
0.0,58,40,0,0.54918,0.22194,0,0.8901,0.87593,0.30144,311,101.70985,0,0.0,0.0,-0.0442,0.0778,0.63796,0.32001,0.09283,17.38946,0,0.54918,0.22194,0.97958,0.00344,1,0,0.01862,0.0765,0.63831,0.57596,0.09862,18.55762,0,0.53483,-0.02082,0.97958,0.00424,1,0,participant_30,question_2,No-Timer,True,Question
0.0,58,40,0,0.54918,0.22194,0,0.8901,0.87593,0.30144,311,101.70985,0,0.0,0.0,-0.0442,0.0778,0.63796,0.32001,0.09283,17.38946,0,0.54918,0.22194,0.97958,0.00344,1,0,0.01862,0.0765,0.63831,0.57596,0.09862,18.55762,0,0.53483,-0.02082,0.97958,0.00424,1,0,participant_30,question_2,No-Timer,True,Question
0.0,58,40,0,0.54918,0.22194,0,0.8901,0.87593,0.30144,311,101.70985,0,0.0,0.0,-0.0442,0.0778,0.63796,0.32001,0.09283,17.38946,0,0.54918,0.22194,0.97958,0.00344,1,0,0.01862,0.0765,0.63831,0.57596,0.09862,18.55762,0,0.53483,-0.02082,0.97958,0.00424,1,0,participant_30,question_2,No-Timer,True,Question
0.0,58,40,0,0.54918,0.22194,0,0.8901,0.87593,0.30144,311,101.70985,0,0.0,0.0,-0.0442,0.0778,0.63796,0.32001,0.09283,17.38946,0,0.54918,0.22194,0.97958,0.00344,1,0,0.01862,0.0765,0.63831,0.57596,0.09862,18.55762,0,0.53483,-0.02082,0.97958,0.00424,1,0,participant_30,question_2,No-Timer,True,Question
0.0,58,40,0,0.54918,0.22194,0,0.8901,0.87593,0.30144,311,101.70985,0,0.0,0.0,-0.0442,0.0778,0.63796,0.32001,0.09283,17.38946,0,0.54918,0.22194,0.97958,0.00344,1,0,0.01862,0.0765,0.63831,0.57596,0.09862,18.55762,0,0.53483,-0.02082,0.97958,0.00424,1,0,participant_30,question_2,No-Timer,True,Question
0.0,58,40,0,0.54918,0.22194,0,0.8901,0.87593,0.30144,311,101.70985,0,0.0,0.0,-0.0442,0.0778,0.63796,0.32001,0.09283,17.38946,0,0.54918,0.22194,0.97958,0.00344,1,0,0.01862,0.0765,0.63831,0.57596,0.09862,18.55762,0,0.53483,-0.02082,0.97958,0.00424,1,0,participant_30,question_2,No-Timer,True,Question
0.0,58,40,0,0.54918,0.22194,0,0.8901,0.87593,0.30144,311,101.70985,0,0.0,0.0,-0.0442,0.0778,0.63796,0.32001,0.09283,17.38946,0,0.54918,0.22194,0.97958,0.00344,1,0,0.01862,0.0765,0.63831,0.57596,0.09862,18.55762,0,0.53483,-0.02082,0.97958,0.00424,1,0,participant_30,question_2,No-Timer,True,Question
0.0,58,40,0,0.54918,0.22194,0,0.8901,0.87593,0.30144,311,101.70985,0,0.0,0.0,-0.0442,0.0778,0.63796,0.32001,0.09283,17.38946,0,0.54918,0.22194,0.97958,0.00344,1,0,0.01862,0.0765,0.63831,0.57596,0.09862,18.55762,0,0.53483,-0.02082,0.97958,0.00424,1,0,participant_30,question_2,No-Timer,True,Question
0.0,58,40,0,0.54918,0.22194,0,0.8901,0.87593,0.30144,311,101.70985,0,0.0,0.0,-0.0442,0.0778,0.63796,0.32001,0.09283,17.38946,0,0.54918,0.22194,0.97958,0.00344,1,0,0.01862,0.0765,0.63831,0.57596,0.09862,18.55762,0,0.53483,-0.02082,0.97958,0.00424,1,0,participant_30,question_2,No-Timer,True,Question
0.0,58,40,0,0.54918,0.22194,0,0.8901,0.87593,0.30144,311,101.70985,0,0.0,0.0,-0.0442,0.0778,0.63796,0.32001,0.09283,17.38946,0,0.54918,0.22194,0.97958,0.00344,1,0,0.01862,0.0765,0.63831,0.57596,0.09862,18.55762,0,0.53483,-0.02082,0.97958,0.00424,1,0,participant_30,question_2,No-Timer,True,Question
0.0,58,40,0,0.54918,0.22194,0,0.8901,0.87593,0.30144,311,101.70985,0,0.0,0.0,-0.0442,0.0778,0.63796,0.32001,0.09283,17.38946,0,0.54918,0.22194,0.97958,0.00344,1,0,0.01862,0.0765,0.63831,0.57596,0.09862,18.55762,0,0.53483,-0.02082,0.97958,0.00424,1,0,participant_30,question_2,No-Timer,True,Question
0.0,58,40,0,0.54918,0.22194,0,0.8901,0.87593,0.30144,311,101.70985,0,0.0,0.0,-0.0442,0.0778,0.63796,0.32001,0.09283,17.38946,0,0.54918,0.22194,0.97958,0.00344,1,0,0.01862,0.0765,0.63831,0.57596,0.09862,18.55762,0,0.53483,-0.02082,0.97958,0.00424,1,0,participant_30,question_2,No-Timer,True,Question
0.08729,0,41,1,0.54936,0.22768,0,0.8901,0.87593,0.30144,311,101.70985,0,0.27468,0.11384,-0.04157,0.07569,0.62222,0.32616,0.09245,20.54529,1,0.54936,0.22768,0.97296,0.00435,1,1,0.01862,0.0765,0.63831,0.57596,0.09862,18.55762,0,0.53483,-0.02082,0.97296,0.00424,1,0,participant_30,question_2,No-Timer,True,Question
0.0,0,41,1,0.55367,-0.02652,0,0.8901,0.87593,0.30144,311,101.70985,0,0.36768,0.06705,-0.04157,0.07569,0.62222,0.32623,0.09266,20.58862,1,0.55367,-0.02652,0.96634,0.00429,1,1,0.01862,0.0765,0.63831,0.57596,0.09862,18.55762,0,0.53483,-0.02082,0.96634,0.00424,1,0,participant_30,question_2,No-Timer,True,Other
0.0,0,41,1,0.56435,-0.00958,0,0.8901,0.87593,0.30144,311,101.70985,0,0.5558,0.06386,-0.04157,0.07569,0.62222,0.3264,0.09302,20.07035,1,0.55709,-0.00018,0.95972,0.00442,1,1,0.01862,0.0765,0.63831,0.58261,0.10094,18.81427,1,0.57161,-0.01898,0.95972,0.00441,1,1,participant_30,question_2,No-Timer,True,Other
0.0,0,41,1,0.56443,-0.00589,0,0.8901,0.87593,0.30144,311,101.70985,0,0.56011,0.02899,-0.04114,0.07499,0.61718,0.32638,0.09287,19.9936,1,0.55724,0.00721,0.9531,0.00453,1,1,0.02011,0.07634,0.64177,0.58264,0.10107,18.76206,1,0.57161,-0.01898,0.95972,0.00437,1,1,participant_30,question_2,No-Timer,True,Other
0.0,0,41,1,0.57124,-0.02396,0,0.8901,0.87593,0.30144,311,101.70985,0,0.56382,0.01134,-0.04114,0.07499,0.61718,0.32651,0.09321,20.23503,1,0.5633,-0.00994,0.95972,0.0044,1,1,0.02011,0.07634,0.64177,0.5825,0.10099,19.10982,1,0.57918,-0.03798,0.96634,0.00428,1,1,participant_30,question_2,No-Timer,True,Other
0.0,0,41,1,0.56538,-0.04551,0,0.8901,0.87593,0.01987,312,102.13879,1,0.56421,-0.00287,-0.04114,0.07499,0.61718,0.32635,0.09322,20.0598,1,0.55806,-0.04914,0.96634,0.00433,1,1,0.02011,0.07634,0.64177,0.5826,0.10106,19.34087,1,0.57269,-0.04187,0.97296,0.0042,1,1,participant_30,question_2,No-Timer,True,Other
0.0,0,41,1,0.5655,-0.05318,0,0.8901,0.87593,0.02684,312,102.13879,1,0.56447,-0.01293,-0.04114,0.07489,0.61718,0.3262,0.09347,20.29373,1,0.55792,-0.0568,0.97296,0.00436,1,1,0.02011,0.07624,0.64177,0.5826,0.10115,19.46432,1,0.57308,-0.04956,0.97958,0.00416,1,1,participant_30,question_2,No-Timer,True,Other
0.0,0,41,1,0.56497,-0.04177,0,0.8901,0.87593,0.0333,312,102.13879,1,0.56455,-0.01774,-0.04114,0.07489,0.61718,0.32646,0.0937,20.3472,1,0.55849,-0.03341,0.97958,0.00423,1,1,0.02011,0.07624,0.64177,0.58255,0.10157,18.6244,1,0.57144,-0.05012,0.97958,0.00452,1,1,participant_30,question_2,No-Timer,True,Other
0.0,0,41,1,0.56309,-0.05456,0,0.8901,0.87593,0.04026,312,102.13879,1,0.56434,-0.023,-0.04114,0.07489,0.61718,0.32637,0.09392,19.96988,1,0.55906,-0.06155,0.97958,0.00458,1,1,0.02011,0.07624,0.64177,0.58254,0.10179,18.63347,1,0.56712,-0.04756,0.97958,0.00442,1,1,participant_30,question_2,No-Timer,True,Other
0.0,0,41,1,0.56291,-0.05072,0,0.8901,0.87593,0.04696,312,102.13879,1,0.56416,-0.02646,-0.04114,0.07471,0.61718,0.32636,0.09408,20.00021,1,0.55906,-0.06155,0.97958,0.00452,1,1,0.01935,0.07341,0.61875,0.58245,0.10192,18.97576,1,0.56677,-0.03988,0.97296,0.00437,1,1,participant_30,question_2,No-Timer,True,Other
0.0,0,41,1,0.56366,-0.03255,0,0.8901,0.87593,0.05341,312,102.13879,1,0.56411,-0.02714,-0.04114,0.07471,0.61718,0.32621,0.09433,20.404,1,0.56527,-0.01861,0.97296,0.00439,1,1,0.01935,0.07341,0.61875,0.58213,0.10213,18.8848,1,0.56204,-0.04649,0.96634,0.00432,1,1,participant_30,question_2,No-Timer,True,Other
0.0,0,41,1,0.55346,-0.03124,0,0.8901,0.87593,0.06011,312,102.13879,1,0.56304,-0.02755,-0.04114,0.07471,0.61718,0.32618,0.09445,20.41401,1,0.55041,-0.03706,0.96634,0.00436,1,1,0.01935,0.07341,0.61875,0.58214,0.10202,18.72872,1,0.55651,-0.02542,0.95972,0.00438,1,1,participant_30,question_2,No-Timer,True,Other
0.0,0,41,1,0.5534,-0.0236,0,0.8901,0.87593,0.0675,312,102.13879,1,0.56217,-0.02719,-0.04157,0.07532,0.62222,0.32624,0.09446,20.15164,1,0.5506,-0.02947,0.95972,0.00428,1,1,0.0194,0.07393,0.62349,0.58213,0.10209,18.60363,1,0.55621,-0.01773,0.9531,0.00445,1,1,participant_30,question_2,No-Timer,True,Other
0.0,0,41,1,0.55499,-0.01847,0,0.8901,0.87593,0.0742,312,102.13879,1,0.56157,-0.02646,-0.04157,0.07532,0.62222,0.32619,0.09465,20.42746,1,0.54392,-0.0018,0.9531,0.00423,1,1,0.0194,0.07393,0.62349,0.58203,0.10253,19.04892,1,0.56606,-0.03514,0.9531,0.00436,1,1,participant_30,question_2,No-Timer,True,Other
0.0,0,41,1,0.55041,-0.03241,0,0.8901,0.87593,0.0806,312,102.13879,1,0.56071,-0.02692,-0.04157,0.07532,0.62222,0.32612,0.09494,20.05936,1,0.53593,-0.03963,0.9531,0.00443,1,1,0.0194,0.07393,0.62349,0.58198,0.10264,18.88721,1,0.56488,-0.02518,0.9531,0.00443,1,1,participant_30,question_2,No-Timer,True,Other
0.0,0,41,1,0.55044,-0.04014,0,0.8901,0.87593,0.08721,312,102.13879,1,0.55998,-0.02787,-0.04253,0.07684,0.63593,0.32612,0.09492,20.09273,1,0.53565,-0.04735,0.95972,0.0044,1,1,0.01947,0.07405,0.62571,0.5817,0.103,19.35735,1,0.56523,-0.03292,0.95972,0.00448,1,1,participant_30,question_2,No-Timer,True,Other
0.0,0,41,1,0.56537,-0.02559,0,0.8901,0.87593,0.09359,312,102.13879,1,0.56034,-0.02771,-0.04253,0.07684,0.63593,0.32595,0.09505,20.3106,1,0.55147,-0.03088,0.96634,0.00441,1,1,0.01947,0.07405,0.62571,0.58188,0.10303,18.99423,1,0.57927,-0.02031,0.96634,0.0044,1,1,participant_30,question_2,No-Timer,True,Other
0.0,0,41,1,0.56414,-0.02402,0,0.8901,0.87593,0.10073,312,102.13879,1,0.56057,-0.02748,-0.04253,0.07684,0.63593,0.32592,0.09508,20.1959,1,0.54892,-0.03384,0.97296,0.00441,1,1,0.01947,0.07405,0.62571,0.58186,0.10303,18.98286,1,0.57936,-0.0142,0.97296,0.00438,1,1,participant_30,question_2,No-Timer,True,Other
0.0,0,41,1,0.56447,-0.03528,0,0.8901,0.87593,0.10719,312,102.13879,1,0.5608,-0.02794,-0.04281,0.07729,0.64008,0.3259,0.09515,20.21721,1,0.54873,-0.04136,0.97958,0.00437,1,1,0.01991,0.07592,0.64146,0.58187,0.10307,19.07222,1,0.58021,-0.02919,0.9862,0.00437,1,1,participant_30,question_2,No-Timer,True,Other
0.0,0,41,1,0.56555,-0.05905,0,0.8901,0.87593,0.11368,312,102.13879,1,0.56107,-0.02967,-0.04281,0.07729,0.64008,0.32563,0.09519,20.4987,1,0.56347,-0.03873,0.9862,0.00436,1,1,0.01991,0.07592,0.64146,0.58163,0.10301,19.35289,1,0.56763,-0.07937,0.99282,0.0043,1,1,participant_30,question_2,No-Timer,True,Other
0.0,0,41,1,0.56049,-0.06787,0,0.8901,0.87593,0.12039,312,102.13879,1,0.56104,-0.03168,-0.04281,0.07729,0.64008,0.32556,0.09521,20.3113,1,0.55645,-0.0464,0.99282,0.00437,1,1,0.01991,0.07592,0.64146,0.58165,0.10296,19.26416,1,0.56453,-0.08934,0.99944,0.00429,1,1,participant_30,question_2,No-Timer,True,Other
0.0,0,41,1,0.5601,-0.05359,0,0.8901,0.87593,0.12745,312,102.13879,1,0.56099,-0.03278,-0.17926,0.32985,2.73168,0.32556,0.09523,20.41572,1,0.55659,-0.0397,0.98686,0.00437,0,1,0.01861,0.07131,0.60255,0.58152,0.10304,19.28341,1,0.56361,-0.06748,0.98091,0.00441,1,1,participant_30,question_2,No-Timer,True,Other
0.0,0,41,1,0.55491,-0.01663,0,0.8901,0.87593,0.13412,312,102.13879,1,0.5607,-0.03201,-0.17926,0.32985,2.73168,0.32537,0.09507,20.54062,1,0.55567,-0.03099,0.96833,0.00439,0,1,0.01861,0.07131,0.60255,0.58105,0.10333,19.24533,1,0.55414,-0.00226,0.95575,0.00446,1,1,participant_30,question_2,No-Timer,True,Other
0.0,0,41,1,0.55959,0.01535,0,0.8901,0.87593,0.14046,312,102.13879,1,0.56065,-0.02985,-0.17926,0.32985,2.73168,0.32532,0.09504,20.60111,1,0.54591,-0.00189,0.94317,0.00439,0,1,0.01861,0.07131,0.60255,0.5812,0.10325,19.07494,1,0.57327,0.03258,0.9306,0.00427,1,1,participant_30,question_2,No-Timer,True,Other
0.0,0,41,1,0.5596,0.02626,0,0.8901,0.87593,0.14742,312,102.13879,1,0.5606,-0.02741,-0.04297,0.07729,0.63965,0.32529,0.09498,20.632,1,0.54633,0.01243,0.9306,0.00439,1,1,0.01896,0.07281,0.6152,0.58114,0.10319,18.83236,1,0.57286,0.0401,0.92398,0.00429,1,1,participant_30,question_2,No-Timer,True,Question
0.0,0,41,1,0.57387,0.00521,0,0.8901,0.87593,0.15408,312,102.13879,1,0.56116,-0.02605,-0.04297,0.07729,0.63965,0.32521,0.09504,20.22162,1,0.55937,-0.00526,0.93655,0.0045,1,1,0.01896,0.07281,0.6152,0.58115,0.10291,19.21084,1,0.58838,0.01569,0.94251,0.00439,1,1,participant_30,question_2,No-Timer,True,Other
0.0,0,41,1,0.56089,-0.02583,0,0.8901,0.87593,0.16056,312,102.13879,1,0.56115,-0.02605,-0.04297,0.07729,0.63965,0.32519,0.0949,20.24387,1,0.54533,-0.04057,0.95509,0.00449,1,1,0.01896,0.07281,0.6152,0.58115,0.10287,19.26551,1,0.57645,-0.0111,0.96105,0.00442,1,1,participant_30,question_2,No-Timer,True,Other
0.0,0,41,1,0.56136,-0.05101,0,0.8901,0.87593,0.16747,312,102.13879,1,0.56115,-0.02701,-0.04325,0.07794,0.64385,0.32515,0.09523,20.70072,1,0.5447,-0.06215,0.97362,0.00447,1,1,0.01952,0.07516,0.63506,0.58112,0.10286,19.09967,1,0.57801,-0.03987,0.9862,0.00445,1,1,participant_30,question_2,No-Timer,True,Other
0.0,0,41,1,0.54624,-0.08136,0,0.8901,0.87593,0.17397,312,102.13879,1,0.5606,-0.02902,-0.04325,0.07794,0.64385,0.3247,0.09453,20.83579,1,0.54014,-0.0896,0.9862,0.00422,1,1,0.01952,0.07516,0.63506,0.58041,0.10305,19.84735,1,0.55234,-0.07312,0.99282,0.00447,1,1,participant_30,question_2,No-Timer,True,Other
0.0,0,41,1,0.52338,-0.07435,0,0.8901,0.87593,0.18068,312,102.13879,1,0.55927,-0.03064,-0.04325,0.07794,0.64385,0.32385,0.09461,21.139,1,0.50584,-0.08928,0.99282,0.00424,1,1,0.01952,0.07516,0.63506,0.57982,0.10282,19.10584,1,0.54093,-0.05942,0.99944,0.00449,1,1,participant_30,question_2,No-Timer,True,Other
0.0,0,41,1,0.52316,-0.07823,0,0.8901,0.87593,0.18785,312,102.13879,1,0.55803,-0.03228,-0.04355,0.07777,0.64248,0.32359,0.09468,21.13139,1,0.50539,-0.09705,0.99944,0.00425,1,1,0.01873,0.07335,0.61974,0.57946,0.1029,19.50268,1,0.54093,-0.05942,0.99944,0.00444,1,1,participant_30,question_2,No-Timer,True,Other
0.0,0,41,1,0.48594,-0.06147,0,0.8901,0.87593,0.19426,312,102.13879,1,0.55562,-0.03325,-0.04355,0.07777,0.64248,0.32251,0.09451,21.05723,1,0.4722,-0.07174,0.99944,0.0043,1,1,0.01873,0.07335,0.61974,0.57846,0.10286,19.55396,1,0.49967,-0.05119,0.99282,0.00438,1,1,participant_30,question_2,No-Timer,True,Other
0.0,0,41,1,0.48599,-0.06518,0,0.8901,0.87593,0.20074,312,102.13879,1,0.55338,-0.03428,-0.04355,0.07777,0.64248,0.32256,0.09436,21.0548,1,0.4764,-0.0742,0.99282,0.00433,1,1,0.01873,0.07335,0.61974,0.57816,0.1029,19.10101,1,0.49557,-0.05616,0.9862,0.00452,1,1,participant_30,question_2,No-Timer,True,Other
0.0,0,41,1,0.48696,-0.04281,0,0.8901,0.87593,0.20744,312,102.13879,1,0.5513,-0.03455,-0.18208,0.33131,2.737,0.32243,0.09433,20.84451,1,0.47824,-0.05193,0.97362,0.00436,0,1,0.01875,0.07384,0.62355,0.57804,0.1029,19.60064,1,0.49569,-0.0337,0.967,0.00445,1,1,participant_30,question_2,No-Timer,True,Other
0.0,0,41,1,0.50123,-0.01733,0,0.8901,0.87593,0.21442,312,102.13879,1,0.54978,-0.03403,-0.18208,0.33131,2.737,0.32239,0.09424,20.63408,1,0.48923,-0.00321,0.95443,0.00449,0,1,0.01875,0.07384,0.62355,0.57799,0.10265,19.49329,1,0.51324,-0.03144,0.95443,0.00444,1,1,participant_30,question_2,No-Timer,True,Other
0.0,0,41,1,0.49989,-0.00216,0,0.8901,0.87593,0.22106,312,102.13879,1,0.54832,-0.03309,-0.18208,0.33131,2.737,0.32204,0.09408,21.34297,1,0.48703,0.00331,0.94185,0.00431,0,1,0.01875,0.07384,0.62355,0.57802,0.10227,19.51955,1,0.51275,-0.00763,0.94185,0.00438,1,1,participant_30,question_2,No-Timer,True,Other
0.0,0,41,1,0.49989,-0.00216,0,0.8901,0.87593,0.22106,312,102.13879,0,0.52073,-0.04139,-0.04242,0.07546,0.62303,0.32201,0.09407,21.25368,1,0.48703,0.00331,0.94185,0.00431,1,1,0.01844,0.07307,0.61627,0.57804,0.10229,19.37231,1,0.51275,-0.00763,0.94185,0.00434,1,1,participant_30,question_2,No-Timer,True,Other
0.0,0,41,1,0.50058,-0.03819,0,0.8901,0.87593,0.22106,312,102.13879,0,0.51066,-0.03979,-0.04242,0.07546,0.62303,0.32187,0.09386,21.10891,1,0.485,-0.02839,0.95443,0.00428,1,1,0.01844,0.07307,0.61627,0.5777,0.10187,19.67529,1,0.51616,-0.048,0.95443,0.00441,1,1,participant_30,question_2,No-Timer,True,Other
0.0,0,41,1,0.50067,-0.04455,0,0.8901,0.87593,0.22106,312,102.13879,0,0.50733,-0.04138,-0.04242,0.07546,0.62303,0.32158,0.09366,20.99484,1,0.49326,-0.05767,0.967,0.00429,1,1,0.01844,0.07307,0.61627,0.57762,0.1023,20.12092,1,0.50807,-0.03142,0.967,0.00431,1,1,participant_30,question_2,No-Timer,True,Other
0.0,0,41,1,0.50018,-0.05925,0,0.8901,0.87593,0.02032,313,102.36636,1,0.50554,-0.04585,-0.04369,0.07753,0.63892,0.3215,0.09367,21.02457,1,0.49223,-0.07242,0.97958,0.0043,1,1,0.01857,0.07404,0.62403,0.5776,0.10213,20.22995,1,0.50813,-0.04609,0.97958,0.0043,1,1,participant_30,question_2,No-Timer,True,Other
0.0,0,41,1,0.50826,-0.03755,0,0.8901,0.87593,0.02677,313,102.36636,1,0.50608,-0.04419,-0.04369,0.07753,0.63892,0.32126,0.09343,21.28996,1,0.49918,-0.05031,0.97958,0.00437,1,1,0.01857,0.07404,0.62403,0.57723,0.10186,19.64103,1,0.51734,-0.02479,0.97958,0.00436,1,1,participant_30,question_2,No-Timer,True,Other
0.0,0,41,1,0.49804,-0.0213,0,0.8901,0.87593,0.03376,313,102.36636,1,0.50474,-0.04037,-0.04369,0.07753,0.63892,0.32105,0.09344,21.24631,1,0.48093,-0.01309,0.97958,0.00434,1,1,0.01857,0.07404,0.62403,0.57716,0.10184,19.48458,1,0.51516,-0.02952,0.97958,0.00438,1,1,participant_30,question_2,No-Timer,True,Other
0.0,0,41,1,0.49856,-0.00708,0,0.8901,0.87593,0.04086,313,102.36636,1,0.50386,-0.03562,-0.18371,0.33211,2.73682,0.321,0.09341,21.17393,1,0.48209,0.00091,0.967,0.00436,0,1,0.0186,0.07452,0.62808,0.57716,0.10197,19.7779,1,0.51503,-0.01508,0.967,0.00455,1,1,participant_30,question_2,No-Timer,True,Other
0.0,0,41,1,0.50465,-0.02092,0,0.8901,0.87593,0.04755,313,102.36636,1,0.50396,-0.03378,-0.18371,0.33211,2.73682,0.32059,0.0931,21.37645,1,0.49324,-0.01564,0.95443,0.0044,0,1,0.0186,0.07452,0.62808,0.5769,0.10161,19.67016,1,0.51605,-0.0262,0.95443,0.00447,1,1,participant_30,question_2,No-Timer,True,Other
0.0,0,41,1,0.49199,-0.01244,0,0.8901,0.87593,0.05378,313,102.36636,1,0.50263,-0.03141,-0.18371,0.33211,2.73682,0.3205,0.09306,21.48504,1,0.47414,-0.00883,0.94185,0.00437,0,1,0.0186,0.07452,0.62808,0.5769,0.10121,20.00339,1,0.50984,-0.01606,0.94185,0.00419,1,1,participant_30,question_2,No-Timer,True,Other
0.0,0,41,1,0.49199,-0.01244,0,0.8901,0.87593,0.06031,313,102.36636,1,0.50156,-0.02951,-0.04398,0.07786,0.6404,0.32041,0.09306,21.22692,1,0.47414,-0.00883,0.94185,0.00443,1,1,0.01838,0.0742,0.62378,0.57684,0.10114,19.96849,1,0.50984,-0.01606,0.94185,0.00424,1,1,participant_30,question_2,No-Timer,True,Other
0.0,0,41,1,0.49464,-0.05335,0,0.8901,0.87593,0.06698,313,102.36636,1,0.50094,-0.03168,-0.04398,0.07786,0.6404,0.32016,0.09279,21.25076,1,0.47415,-0.05077,0.95443,0.00437,1,1,0.01838,0.0742,0.62378,0.57659,0.10144,19.25242,1,0.51512,-0.05592,0.95443,0.00428,1,1,participant_30,question_2,No-Timer,True,Other
0.0,0,41,1,0.50208,-0.05956,0,0.8901,0.87593,0.07393,313,102.36636,1,0.50103,-0.034,-0.04398,0.07786,0.6404,0.32001,0.09254,20.84561,1,0.49101,-0.03825,0.967,0.00436,1,1,0.01838,0.0742,0.62378,0.57636,0.10126,19.97592,1,0.51315,-0.08087,0.967,0.00429,1,1,participant_30,question_2,No-Timer,True,Other
0.0,0,41,1,0.5016,-0.07446,0,0.8901,0.87593,0.08058,313,102.36636,1,0.50107,-0.03711,-0.04415,0.07787,0.6401,0.31979,0.09247,21.25974,1,0.48995,-0.05274,0.97958,0.00438,1,1,0.01835,0.07444,0.62583,0.57623,0.10111,19.65133,1,0.51326,-0.09617,0.97958,0.0043,1,1,participant_30,question_2,No-Timer,True,Other
0.0,0,41,1,0.50371,-0.03486,0,0.8901,0.87593,0.08775,313,102.36636,1,0.50126,-0.03695,-0.04415,0.07787,0.6401,0.31955,0.09231,21.35488,1,0.49465,-0.01625,0.97958,0.0043,1,1,0.01835,0.07444,0.62583,0.57618,0.10116,20.06167,1,0.51277,-0.05346,0.97958,0.00435,1,1,participant_30,question_2,No-Timer,True,Other
0.0,0,41,1,0.49443,-0.0257,0,0.8901,0.87593,0.09443,313,102.36636,1,0.50081,-0.0362,-0.04415,0.07787,0.6401,0.31945,0.09221,21.11845,1,0.48114,-0.03017,0.97958,0.00446,1,1,0.01835,0.07444,0.62583,0.57604,0.10119,20.23112,1,0.50772,-0.02122,0.97958,0.00435,1,1,participant_30,question_2,No-Timer,True,Other
0.0,0,41,1,0.49499,-0.01141,0,0.8901,0.87593,0.10074,313,102.36636,1,0.50044,-0.03465,-0.18514,0.33256,2.73373,0.31943,0.09218,21.11374,1,0.48231,-0.01595,0.967,0.00447,0,1,0.01862,0.07593,0.63831,0.57598,0.10114,20.32466,1,0.50767,-0.00688,0.967,0.00436,1,1,participant_30,question_2,No-Timer,True,Other
0.0,0,41,1,0.50307,-0.00191,0,0.8901,0.87593,0.10717,313,102.36636,1,0.5006,-0.03273,-0.18514,0.33256,2.73373,0.31906,0.09232,21.34909,1,0.48591,-0.00381,0.95443,0.00444,0,1,0.01862,0.07593,0.63831,0.57572,0.10089,19.75835,1,0.52023,-1e-05,0.95443,0.00435,1,1,participant_30,question_2,No-Timer,True,Other
0.0,0,41,1,0.50416,0.01012,0,0.8901,0.87593,0.11409,313,102.36636,1,0.5008,-0.03035,-0.18514,0.33256,2.73373,0.31892,0.09208,21.46728,1,0.50025,-0.00328,0.94185,0.0043,0,1,0.01862,0.07593,0.63831,0.57565,0.1007,19.20565,1,0.50808,0.02353,0.94185,0.00439,1,1,participant_30,question_2,No-Timer,True,Other
0.0,0,41,1,0.50418,0.00636,0,0.8901,0.87593,0.12079,313,102.36636,1,0.50097,-0.02841,-0.0442,0.07761,0.63796,0.31886,0.092,21.17881,1,0.50025,-0.00328,0.94185,0.00437,1,1,0.01855,0.07624,0.64097,0.57565,0.10105,19.18371,1,0.50811,0.01599,0.94847,0.00443,1,1,participant_30,question_2,No-Timer,True,Other
0.0,0,41,1,0.4817,-0.01273,0,0.8901,0.87593,0.12727,313,102.36636,1,0.50001,-0.02763,-0.0442,0.07761,0.63796,0.31787,0.09208,21.17392,1,0.47752,-0.01454,0.96105,0.00438,1,1,0.01855,0.07624,0.64097,0.57473,0.10101,20.02059,1,0.48589,-0.01091,0.96767,0.00434,1,1,participant_30,question_2,No-Timer,True,Other
0.0,0,41,1,0.42317,-0.06619,0,0.8901,0.87593,0.13426,313,102.36636,1,0.49635,-0.02947,-0.0442,0.07761,0.63796,0.31675,0.09228,21.50108,1,0.41887,-0.04363,0.98024,0.0045,1,1,0.01855,0.07624,0.64097,0.57366,0.10092,20.01952,1,0.42747,-0.08876,0.98686,0.00433,1,1,participant_30,question_2,No-Timer,True,Other
0.0,0,41,1,0.42153,-0.08123,0,0.8901,0.87593,0.14092,313,102.36636,1,0.49295,-0.03182,-0.04484,0.07805,0.64162,0.31636,0.0923,21.07517,1,0.41599,-0.06569,0.99944,0.00442,1,1,0.01734,0.07277,0.61177,0.57312,0.10119,20.11744,1,0.42706,-0.09678,0.99348,0.00443,1,1,participant_30,question_2,No-Timer,True,Other
0.0,0,41,1,0.40109,-0.07879,0,0.8901,0.87593,0.14737,313,102.36636,1,0.48896,-0.03386,-0.04484,0.07805,0.64162,0.31587,0.09262,21.07657,1,0.37804,-0.05817,0.99348,0.00451,1,1,0.01734,0.07277,0.61177,0.5724,0.10142,20.11129,1,0.42414,-0.09941,0.98091,0.00434,1,1,participant_30,question_2,No-Timer,True,Other
0.0,0,41,1,0.43547,-0.0605,0,0.8901,0.87593,0.15426,313,102.36636,1,0.48673,-0.03497,-0.04484,0.07805,0.64162,0.31587,0.09257,20.99759,1,0.42225,-0.03816,0.98091,0.0045,1,1,0.01734,0.07277,0.61177,0.57249,0.10137,20.07422,1,0.4487,-0.08284,0.96833,0.00434,1,1,participant_30,question_2,No-Timer,True,Other
0.0,0,41,1,0.43718,-0.04143,0,0.8901,0.87593,0.16124,313,102.36636,1,0.48475,-0.03523,-0.0433,0.07514,0.61771,0.31591,0.09254,20.82226,1,0.42507,-0.01624,0.96171,0.00452,1,1,0.01765,0.07429,0.62458,0.57249,0.10137,20.07422,1,0.4493,-0.06662,0.95509,0.00434,1,1,participant_30,question_2,No-Timer,True,Other
0.0,0,41,1,0.43898,-0.02046,0,0.8901,0.87593,0.16801,313,102.36636,1,0.48299,-0.03466,-0.0433,0.07514,0.61771,0.31558,0.0925,21.06257,1,0.42912,0.0107,0.94847,0.00439,1,1,0.01765,0.07429,0.62458,0.57238,0.10122,19.92128,1,0.44884,-0.05161,0.95443,0.00446,1,1,participant_30,question_2,No-Timer,True,Other
0.0,0,41,1,0.43071,-0.03353,0,0.8901,0.87593,0.17464,313,102.36636,1,0.48105,-0.03462,-0.0433,0.07514,0.61771,0.3154,0.09237,20.73932,1,0.42184,-0.03254,0.94781,0.00434,1,1,0.01765,0.07429,0.62458,0.57234,0.10135,19.67176,1,0.43958,-0.03453,0.95377,0.00463,1,1,participant_30,question_2,No-Timer,True,Other
0.0,0,41,1,0.43009,-0.0406,0,0.8901,0.87593,0.17464,313,102.36636,0,0.45095,-0.03507,-0.0451,0.07817,0.64262,0.31535,0.09251,20.44022,1,0.42093,-0.03955,0.95377,0.00437,1,1,0.01749,0.07381,0.62205,0.57201,0.10155,18.89182,1,0.43925,-0.04164,0.95972,0.00459,1,1,participant_30,question_2,No-Timer,True,Other
0.0,0,41,1,0.41548,-0.06637,0,0.8901,0.87593,0.17464,313,102.36636,0,0.43321,-0.05072,-0.0451,0.07817,0.64262,0.31498,0.09264,20.86493,1,0.39856,-0.09439,0.96634,0.00433,1,1,0.01749,0.07381,0.62205,0.57205,0.10172,19.2685,1,0.43239,-0.03836,0.96634,0.0046,1,1,participant_30,question_2,No-Timer,True,Other
0.0,0,41,1,0.43395,-0.06689,0,0.8901,0.87593,0.17464,313,102.36636,0,0.43346,-0.05611,-0.0451,0.07817,0.64262,0.31495,0.09267,20.9265,1,0.41508,-0.08894,0.97296,0.00433,1,1,0.01749,0.07381,0.62205,0.57203,0.10176,19.38229,1,0.45282,-0.04484,0.97296,0.00451,1,1,participant_30,question_2,No-Timer,True,Other
0.0,0,41,1,0.43395,-0.06689,0,0.8901,0.87593,0.01986,314,102.54743,1,0.43358,-0.05881,-0.04524,0.07813,0.64262,0.31495,0.09253,20.86085,1,0.41508,-0.08894,0.97296,0.00427,1,1,0.01749,0.07381,0.62205,0.57203,0.10188,19.40419,1,0.45282,-0.04484,0.97296,0.00446,1,1,participant_30,question_2,No-Timer,True,Other
0.0,0,41,1,0.4232,-0.05584,0,0.8901,0.87593,0.02715,314,102.54743,1,0.4315,-0.05821,-0.04524,0.07813,0.64262,0.31465,0.09275,20.68559,1,0.40537,-0.07834,0.96634,0.00428,1,1,0.01749,0.07381,0.62205,0.57198,0.10197,19.47775,1,0.44102,-0.03334,0.96634,0.0044,1,1,participant_30,question_2,No-Timer,True,Other
0.0,0,41,1,0.42981,-0.06262,0,0.8901,0.87593,0.03354,314,102.54743,1,0.43122,-0.05895,-0.04524,0.07813,0.64262,0.31478,0.09287,20.71319,1,0.41883,-0.06784,0.95972,0.00432,1,1,0.01749,0.07381,0.62205,0.57195,0.10208,19.21697,1,0.44079,-0.05739,0.95972,0.00438,1,1,participant_30,question_2,No-Timer,True,Other
0.0,0,41,1,0.42981,-0.06262,0,0.8901,0.87593,0.04021,314,102.54743,1,0.43102,-0.05947,-0.04529,0.07808,0.64264,0.31475,0.09293,20.5551,1,0.41883,-0.06784,0.95972,0.00433,1,1,0.01749,0.07421,0.62549,0.57196,0.10207,19.18312,1,0.44079,-0.05739,0.95972,0.00438,1,1,participant_30,question_2,No-Timer,True,Other
0.0,0,41,1,0.42261,-0.07835,0,0.8901,0.87593,0.0471,314,102.54743,1,0.42997,-0.06183,-0.04529,0.07808,0.64264,0.31463,0.09313,20.53216,1,0.40857,-0.06409,0.96634,0.00441,1,1,0.01749,0.07421,0.62549,0.57189,0.10213,19.32861,1,0.43666,-0.09262,0.96634,0.0043,1,1,participant_30,question_2,No-Timer,True,Other
0.0,0,41,1,0.4198,-0.07673,0,0.8901,0.87593,0.05364,314,102.54743,1,0.42884,-0.06349,-0.04529,0.07808,0.64264,0.31458,0.09298,20.27505,1,0.40303,-0.06142,0.97296,0.00449,1,1,0.01749,0.07421,0.62549,0.57188,0.10224,19.54783,1,0.43656,-0.09203,0.97296,0.00425,1,1,participant_30,question_2,No-Timer,True,Other
0.0,0,41,1,0.41907,-0.0847,0,0.8901,0.87593,0.06026,314,102.54743,1,0.42786,-0.06561,-0.04529,0.07798,0.64264,0.31449,0.09321,20.20252,1,0.40193,-0.06922,0.97958,0.00448,1,1,0.01731,0.07338,0.61886,0.57188,0.10226,19.49005,1,0.4362,-0.10018,0.97958,0.00427,1,1,participant_30,question_2,No-Timer,True,Other
0.0,0,41,1,0.42732,-0.06893,0,0.8901,0.87593,0.06696,314,102.54743,1,0.42781,-0.06591,-0.04529,0.07798,0.64264,0.31414,0.09329,20.72683,1,0.39813,-0.05768,0.97958,0.00443,1,1,0.01731,0.07338,0.61886,0.57194,0.10223,19.33869,1,0.45651,-0.08018,0.97958,0.00431,1,1,participant_30,question_2,No-Timer,True,Other
0.0,0,41,1,0.43364,-0.06539,0,0.8901,0.87593,0.07366,314,102.54743,1,0.4283,-0.06587,-0.04529,0.07798,0.64264,0.31404,0.09328,20.51256,1,0.41611,-0.0629,0.97958,0.00444,1,1,0.01731,0.07338,0.61886,0.57186,0.10261,19.14169,1,0.45117,-0.06788,0.97958,0.00436,1,1,participant_30,question_2,No-Timer,True,Other
0.0,0,41,1,0.43429,-0.05756,0,0.8901,0.87593,0.08036,314,102.54743,1,0.42876,-0.06523,-0.04392,0.07539,0.62125,0.31407,0.09331,20.4701,1,0.41712,-0.05515,0.97296,0.00444,1,1,0.01731,0.07329,0.61886,0.57186,0.10249,19.21479,1,0.45146,-0.05997,0.97296,0.00427,1,1,participant_30,question_2,No-Timer,True,Other
0.0,0,40,1,0.43187,-0.04247,0,0.8901,0.87593,0.08706,314,102.54743,1,0.42898,-0.0636,-0.04392,0.07539,0.62125,0.31402,0.09331,20.50046,1,0.41553,-0.03434,0.96634,0.00441,1,1,0.01731,0.07329,0.61886,0.57172,0.10278,19.63961,1,0.44822,-0.05059,0.96634,0.00437,1,1,participant_30,question_2,No-Timer,True,Other
0.0,0,40,1,0.43306,-0.0348,0,0.8901,0.87593,0.09422,314,102.54743,1,0.42925,-0.06168,-0.04392,0.07539,0.62125,0.31396,0.09317,20.33209,1,0.42929,-0.01081,0.95972,0.00432,1,1,0.01731,0.07329,0.61886,0.57127,0.10289,19.42669,1,0.43683,-0.05879,0.95972,0.00443,1,1,participant_30,question_2,No-Timer,True,Other
0.0,0,40,1,0.43306,-0.0348,0,0.8901,0.87593,0.10063,314,102.54743,1,0.42949,-0.06,-0.04553,0.07805,0.6432,0.31371,0.09333,20.25298,1,0.42929,-0.01081,0.95972,0.00432,1,1,0.01733,0.07374,0.62304,0.57122,0.10258,19.06458,1,0.43683,-0.05879,0.95972,0.00435,1,1,participant_30,question_2,No-Timer,True,Other
0.0,0,40,1,0.35974,-0.05206,0,0.8901,0.87593,0.10719,314,102.54743,1,0.42539,-0.05953,-0.04553,0.07805,0.6432,0.31284,0.09361,20.21056,1,0.34252,-0.06594,0.96634,0.00439,1,1,0.01733,0.07374,0.62304,0.57031,0.10303,19.03431,1,0.37695,-0.03818,0.96634,0.00435,1,1,participant_30,question_2,No-Timer,True,Other
0.0,0,40,1,0.37048,-0.0715,0,0.8901,0.87593,0.11366,314,102.54743,1,0.42234,-0.0602,-0.04553,0.07805,0.6432,0.31311,0.09374,20.20591,1,0.35305,-0.11351,0.97296,0.0044,1,1,0.01733,0.07374,0.62304,0.57033,0.10314,19.08419,1,0.38792,-0.0295,0.97296,0.00422,1,1,participant_30,question_2,No-Timer,True,Other
0.0,0,40,1,0.3714,-0.06433,0,0.8901,0.87593,0.12061,314,102.54743,1,0.41966,-0.06042,-0.04337,0.07421,0.61151,0.31312,0.09375,20.20409,1,0.35431,-0.10615,0.967,0.00439,1,1,0.01696,0.07254,0.61293,0.57033,0.10316,19.10822,1,0.3885,-0.02252,0.967,0.00421,1,1,participant_30,question_2,No-Timer,True,Other
0.0,0,40,1,0.39947,-0.0471,0,0.8901,0.87593,0.12725,314,102.54743,1,0.41865,-0.05975,-0.04337,0.07421,0.61151,0.31316,0.09372,20.46391,1,0.37989,-0.08375,0.95443,0.00427,1,1,0.01696,0.07254,0.61293,0.57064,0.10306,18.97234,1,0.41906,-0.01045,0.95443,0.00428,1,1,participant_30,question_2,No-Timer,True,Other
0.0,0,40,1,0.39824,-0.02424,0,0.8901,0.87593,0.13393,314,102.54743,1,0.41768,-0.05806,-0.04337,0.07421,0.61151,0.31311,0.09376,20.29329,1,0.38237,-0.06115,0.94185,0.00427,1,1,0.01696,0.07254,0.61293,0.57051,0.1032,18.59479,1,0.41411,0.01267,0.94185,0.00427,1,1,participant_30,question_2,No-Timer,True,Other
0.0,0,40,1,0.39824,-0.02424,0,0.8901,0.87593,0.14042,314,102.54743,1,0.41679,-0.05652,-0.04553,0.07805,0.6432,0.31311,0.09376,20.29329,1,0.38237,-0.06115,0.94185,0.00427,1,1,0.01696,0.07254,0.61293,0.57051,0.10318,18.58559,1,0.41411,0.01267,0.94185,0.00428,1,1,participant_30,question_2,No-Timer,True,Other
0.0,0,40,1,0.39518,-0.03823,0,0.8901,0.87593,0.1471,314,102.54743,1,0.41585,-0.05573,-0.04553,0.07805,0.6432,0.313,0.09371,20.1914,1,0.37415,-0.07449,0.95443,0.00425,1,1,0.01696,0.07254,0.61293,0.57051,0.10318,18.58559,1,0.4162,-0.00196,0.95443,0.00428,1,1,participant_30,question_2,No-Timer,True,Other
0.0,0,40,1,0.39908,-0.05891,0,0.8901,0.87593,0.15383,314,102.54743,1,0.41515,-0.05586,-0.04553,0.07805,0.6432,0.31302,0.0937,20.12778,1,0.37832,-0.09574,0.967,0.00425,1,1,0.01696,0.07254,0.61293,0.57064,0.10303,18.93546,1,0.41984,-0.02207,0.967,0.00429,1,1,participant_30,question_2,No-Timer,True,Other
0.0,0,40,1,0.39831,-0.06603,0,0.8901,0.87593,0.16051,314,102.54743,1,0.41448,-0.05627,-0.04396,0.0753,0.6205,0.313,0.09365,20.16935,1,0.37719,-0.10302,0.97296,0.00426,1,1,0.01733,0.07374,0.62304,0.57059,0.10312,18.97748,1,0.41942,-0.02903,0.97296,0.00431,1,1,participant_30,question_2,No-Timer,True,Other
0.0,0,40,1,0.40137,-0.06455,0,0.8901,0.87593,0.16743,314,102.54743,1,0.41398,-0.05659,-0.04396,0.0753,0.6205,0.31303,0.09366,20.12249,1,0.37791,-0.10009,0.96634,0.00428,1,1,0.01733,0.07374,0.62304,0.57082,0.10306,18.6315,1,0.42482,-0.02902,0.96634,0.00436,1,1,participant_30,question_2,No-Timer,True,Other
0.0,0,40,1,0.40216,-0.03273,0,0.8901,0.87593,0.17391,314,102.54743,1,0.41354,-0.0557,-0.04396,0.0753,0.6205,0.31303,0.09373,20.07468,1,0.37765,-0.04701,0.95972,0.00429,1,1,0.01733,0.07374,0.62304,0.57082,0.10306,18.6315,1,0.42666,-0.01845,0.95972,0.00436,1,1,participant_30,question_2,No-Timer,True,Other
0.0,0,40,1,0.40301,-0.02495,0,0.8901,0.87593,0.18062,314,102.54743,1,0.41316,-0.0546,-0.04396,0.0753,0.6205,0.31303,0.09373,20.07468,1,0.37892,-0.0392,0.9531,0.00429,1,1,0.01733,0.07374,0.62304,0.57083,0.103,18.48172,1,0.4271,-0.0107,0.9531,0.00439,1,1,participant_30,question_2,No-Timer,True,Other
0.0,0,40,1,0.39695,-0.01366,0,0.8901,0.87593,0.18773,314,102.54743,1,0.4126,-0.05319,-0.04396,0.0753,0.6205,0.31305,0.09369,19.91685,1,0.38352,0.00086,0.9531,0.00432,1,1,0.01733,0.07374,0.62304,0.57076,0.10314,18.72053,1,0.41038,-0.02819,0.9531,0.00441,1,1,participant_30,question_2,No-Timer,True,Other
0.0,0,40,1,0.39476,-0.00735,0,0.8901,0.87593,0.19424,314,102.54743,1,0.41201,-0.05166,-0.04396,0.0753,0.6205,0.31308,0.09343,19.92869,1,0.38142,0.00145,0.9531,0.00436,1,1,0.01733,0.07374,0.62304,0.57079,0.10302,18.35795,1,0.4081,-0.01614,0.9531,0.0044,1,1,participant_30,question_2,No-Timer,True,Other
0.0,0,40,1,0.39359,-0.01892,0,0.8901,0.87593,0.2007,314,102.54743,1,0.41141,-0.05061,-0.04553,0.07805,0.6432,0.31313,0.0936,19.95221,1,0.38016,-0.00608,0.95972,0.0043,1,1,0.01774,0.07526,0.63595,0.57097,0.10286,18.71827,1,0.40702,-0.03175,0.96634,0.00433,1,1,participant_30,question_2,No-Timer,True,Other
0.0,0,40,1,0.40223,-0.05284,0,0.8901,0.87593,0.20765,314,102.54743,1,0.41113,-0.05068,-0.04553,0.07805,0.6432,0.31309,0.0934,19.92815,1,0.38682,-0.03285,0.97296,0.00438,1,1,0.01774,0.07526,0.63595,0.57112,0.1029,19.11715,1,0.41765,-0.07283,0.97958,0.00433,1,1,participant_30,question_2,No-Timer,True,Other
0.0,0,40,1,0.39943,-0.06488,0,0.8901,0.87593,0.21438,314,102.54743,1,0.41077,-0.05111,-0.04553,0.07805,0.6432,0.31321,0.09339,20.12261,1,0.38032,-0.04,0.9862,0.00442,1,1,0.01774,0.07526,0.63595,0.57122,0.10272,19.02592,1,0.41854,-0.08977,0.99282,0.00422,1,1,participant_30,question_2,No-Timer,True,Other
0.0,0,40,1,0.39798,-0.07643,0,0.8901,0.87593,0.22102,314,102.54743,1,0.4104,-0.05185,-0.04553,0.07805,0.6432,0.31323,0.09335,20.1754,1,0.37788,-0.05512,0.99944,0.00442,1,1,0.017,0.07202,0.60777,0.57128,0.10264,19.0448,1,0.41809,-0.09775,0.99944,0.00427,1,1,participant_30,question_2,No-Timer,True,Other
0.0,0,40,1,0.40437,-0.08002,0,0.8901,0.87593,0.22771,314,102.54743,1,0.41023,-0.05266,-0.04553,0.07805,0.6432,0.31329,0.09325,20.22709,1,0.38512,-0.07155,0.99944,0.00439,1,1,0.017,0.07202,0.60777,0.57126,0.10256,19.11061,1,0.42363,-0.08849,0.99282,0.00426,1,1,participant_30,question_2,No-Timer,True,Other
0.0,0,40,1,0.39363,-0.08347,0,0.8901,0.87593,0.23457,314,102.54743,1,0.40976,-0.05351,-0.04553,0.07805,0.6432,0.31333,0.09327,20.18279,1,0.38794,-0.07056,0.99282,0.00436,1,1,0.017,0.07202,0.60777,0.57132,0.1022,19.19691,1,0.39932,-0.09637,0.9862,0.0042,1,1,participant_30,question_2,No-Timer,True,Other
0.0,0,40,1,0.39449,-0.07557,0,0.8901,0.87593,0.24092,314,102.54743,1,0.40935,-0.05411,-0.04553,0.07805,0.6432,0.3135,0.09331,19.8186,1,0.38911,-0.06285,0.9862,0.00435,1,1,0.01749,0.07421,0.62549,0.57129,0.10223,19.36069,1,0.39988,-0.08828,0.97958,0.0042,1,1,participant_30,question_2,No-Timer,True,Other
0.0,0,40,1,0.4037,-0.07477,0,0.8901,0.87593,0.24797,314,102.54743,1,0.4092,-0.05465,-0.04553,0.07805,0.6432,0.3135,0.09315,20.0125,1,0.39463,-0.05258,0.97958,0.00433,1,1,0.01749,0.07421,0.62549,0.5713,0.10221,19.29815,1,0.41277,-0.09695,0.97958,0.00421,1,1,participant_30,question_2,No-Timer,True,Other
0.0,0,40,1,0.40699,-0.07866,0,0.8901,0.87593,0.2548,314,102.54743,1,0.40915,-0.05527,-0.04553,0.07805,0.6432,0.31347,0.09313,19.95053,1,0.40056,-0.05814,0.97958,0.00434,1,1,0.01749,0.07421,0.62549,0.5713,0.10228,19.27099,1,0.41343,-0.09918,0.97958,0.00425,1,1,participant_30,question_2,No-Timer,True,Other
0.0,0,40,1,0.40801,-0.06705,0,0.8901,0.87593,0.2612,314,102.54743,1,0.40912,-0.05556,-0.04392,0.07539,0.62125,0.3135,0.09315,19.98004,1,0.40166,-0.05041,0.97296,0.00433,1,1,0.01723,0.07289,0.61437,0.57134,0.10216,19.0766,1,0.41436,-0.08368,0.967,0.00421,1,1,participant_30,question_2,No-Timer,True,Other
0.0,0,40,1,0.4038,-0.05417,0,0.8901,0.87593,0.26768,314,102.54743,1,0.40899,-0.05553,-0.04392,0.07539,0.62125,0.3136,0.09319,20.11261,1,0.38209,-0.03561,0.96038,0.00437,1,1,0.01723,0.07289,0.61437,0.5713,0.10193,18.97664,1,0.42551,-0.07272,0.95443,0.00429,1,1,participant_30,question_2,No-Timer,True,Other
0.0,0,40,1,0.41001,-0.0274,0,0.8901,0.87593,0.27464,314,102.54743,1,0.40901,-0.05486,-0.04392,0.07539,0.62125,0.31371,0.09323,19.88086,1,0.38981,-0.02445,0.94781,0.00448,1,1,0.01723,0.07289,0.61437,0.57149,0.10174,18.68736,1,0.43021,-0.03035,0.94185,0.00434,1,1,participant_30,question_2,No-Timer,True,Other
0.0,0,40,1,0.41211,-0.00897,0,0.8901,0.87593,0.28136,314,102.54743,1,0.40908,-0.05379,-0.04287,0.07366,0.607,0.31387,0.09338,20.14555,1,0.39321,-0.00275,0.92927,0.00449,1,1,0.01749,0.07381,0.62205,0.57156,0.1015,18.36421,1,0.43101,-0.01519,0.92927,0.00439,1,1,participant_30,question_2,No-Timer,True,Other
0.0,0,40,1,0.4042,0.00828,0,0.8901,0.87593,0.2884,314,102.54743,1,0.40897,-0.05238,-0.04287,0.07366,0.607,0.31393,0.09327,20.29952,1,0.39604,-0.00581,0.92332,0.00448,1,1,0.01749,0.07381,0.62205,0.57185,0.10206,18.94505,1,0.41236,0.02237,0.92927,0.00424,1,1,participant_30,question_2,No-Timer,True,Other
0.0,0,40,1,0.40759,0.00978,0,0.8901,0.87593,0.2948,314,102.54743,1,0.40894,-0.051,-0.04287,0.07366,0.607,0.31395,0.09319,20.37971,1,0.39616,-0.01274,0.92332,0.00449,1,1,0.01749,0.07381,0.62205,0.57189,0.10212,18.8711,1,0.41902,0.0323,0.92927,0.00423,1,1,participant_30,question_2,No-Timer,True,Other
0.0,0,40,1,0.4062,-0.00152,0,0.8901,0.87593,0.30141,314,102.54743,1,0.40888,-0.04992,-0.04529,0.07808,0.64264,0.31394,0.09306,20.23767,1,0.39387,-0.02769,0.93589,0.00453,1,1,0.01715,0.07218,0.60836,0.57189,0.10219,18.80228,1,0.41852,0.02465,0.93589,0.00432,1,1,participant_30,question_2,No-Timer,True,Other
0.0,0,40,1,0.39284,-0.01415,0,0.8901,0.87593,0.30811,314,102.54743,1,0.40854,-0.04916,-0.04529,0.07808,0.64264,0.31392,0.09278,20.5121,1,0.38261,-0.03997,0.94847,0.00432,1,1,0.01715,0.07218,0.60836,0.57199,0.10225,19.40899,1,0.40307,0.01168,0.94251,0.00426,1,1,participant_30,question_2,No-Timer,True,Other
0.0,0,40,1,0.3954,-0.02629,0,0.8901,0.87593,0.31487,314,102.54743,1,0.40827,-0.04869,-0.04529,0.07808,0.64264,0.31397,0.0928,20.54642,1,0.38464,-0.05048,0.95509,0.0043,1,1,0.01715,0.07218,0.60836,0.57201,0.1022,19.44584,1,0.40616,-0.00211,0.94913,0.00422,1,1,participant_30,question_2,No-Timer,True,Other
0.0,0,40,1,0.39425,-0.03758,0,0.8901,0.87593,0.32156,314,102.54743,1,0.40709,-0.04874,-0.04469,0.07709,0.63407,0.314,0.09276,20.74292,1,0.3834,-0.05836,0.96171,0.00427,1,1,0.01778,0.07465,0.62919,0.57208,0.10215,19.53181,1,0.4051,-0.01681,0.96171,0.00427,1,1,participant_30,question_2,No-Timer,True,Other
0.0,0,40,1,0.40116,-0.03671,0,0.8901,0.87593,0.32821,314,102.54743,1,0.40679,-0.04812,-0.04469,0.07709,0.63407,0.31394,0.09275,20.59651,1,0.38634,-0.05552,0.96171,0.00425,1,1,0.01778,0.07465,0.62919,0.57215,0.10198,19.64425,1,0.41599,-0.01791,0.96767,0.00432,1,1,participant_30,question_2,No-Timer,True,Other
0.0,0,40,1,0.40467,-0.04936,0,0.8901,0.87593,0.33504,314,102.54743,1,0.40618,-0.04776,-0.04469,0.07709,0.63407,0.31401,0.09271,20.65191,1,0.391,-0.06529,0.96767,0.00422,1,1,0.01778,0.07465,0.62919,0.57222,0.10206,19.43612,1,0.41834,-0.03342,0.97362,0.00428,1,1,participant_30,question_2,No-Timer,True,Other
0.0,0,40,1,0.40393,-0.05639,0,0.8901,0.87593,0.34206,314,102.54743,1,0.40555,-0.04754,-0.04469,0.07709,0.63407,0.31401,0.09271,20.65191,1,0.38994,-0.07237,0.97362,0.00421,1,1,0.01777,0.0742,0.62535,0.57238,0.10212,19.78936,1,0.41792,-0.0404,0.97958,0.00428,1,1,participant_30,question_2,No-Timer,True,Other
0.0,0,40,1,0.40738,-0.0614,0,0.8901,0.87593,0.34833,314,102.54743,1,0.40522,-0.04765,-0.04469,0.07709,0.63407,0.3142,0.09279,20.77077,1,0.39385,-0.07631,0.97958,0.00426,1,1,0.01777,0.0742,0.62535,0.57231,0.10182,19.52429,1,0.42092,-0.04649,0.97958,0.00427,1,1,participant_30,question_2,No-Timer,True,Other
0.0,0,40,1,0.39366,-0.06491,0,0.8901,0.87593,0.355,314,102.54743,1,0.40447,-0.0477,-0.04469,0.07709,0.63407,0.31436,0.09276,20.72169,1,0.38052,-0.08504,0.97958,0.00421,1,1,0.01777,0.0742,0.62535,0.57241,0.10203,19.46613,1,0.40681,-0.04478,0.97958,0.00433,1,1,participant_30,question_2,No-Timer,True,Other
0.0,0,40,1,0.39454,-0.05706,0,0.8901,0.87593,0.36171,314,102.54743,1,0.40374,-0.04758,-0.04524,0.07813,0.64262,0.31432,0.09263,20.63782,1,0.38174,-0.07712,0.97296,0.00426,1,1,0.01777,0.0742,0.62535,0.57244,0.10201,19.56782,1,0.40734,-0.03699,0.97296,0.00432,1,1,participant_30,question_2,No-Timer,True,Other
0.0,0,40,1,0.40284,-0.05291,0,0.8901,0.87593,0.3685,314,102.54743,1,0.40332,-0.04705,-0.04524,0.07813,0.64262,0.31461,0.09282,20.52263,1,0.38779,-0.07833,0.96634,0.00438,1,1,0.01777,0.0742,0.62535,0.57267,0.10181,19.13911,1,0.41788,-0.02749,0.96634,0.00432,1,1,participant_30,question_2,No-Timer,True,Other
0.0,0,40,1,0.40481,-0.05068,0,0.8901,0.87593,0.3751,314,102.54743,1,0.40301,-0.04651,-0.04524,0.07813,0.64262,0.31466,0.09282,20.62322,1,0.39128,-0.07425,0.95972,0.00434,1,1,0.01777,0.0742,0.62535,0.57286,0.1019,19.38371,1,0.41834,-0.02711,0.95972,0.00439,1,1,participant_30,question_2,No-Timer,True,Other
0.0,0,40,1,0.40639,-0.03565,0,0.8901,0.87593,0.38183,314,102.54743,1,0.40275,-0.04549,-0.04266,0.07379,0.60661,0.31465,0.09282,20.66269,1,0.39353,-0.05906,0.94715,0.00434,1,1,0.01791,0.07441,0.62714,0.57282,0.10194,19.4975,1,0.41925,-0.01225,0.94715,0.00431,1,1,participant_30,question_2,No-Timer,True,Other
0.0,0,40,1,0.38845,-0.01933,0,0.8901,0.87593,0.38895,314,102.54743,1,0.40194,-0.04446,-0.04266,0.07379,0.60661,0.31473,0.09284,20.59774,1,0.3712,-0.0479,0.94119,0.0043,1,1,0.01791,0.07441,0.62714,0.5729,0.10196,19.64554,1,0.4057,0.00923,0.94119,0.00435,1,1,participant_30,question_2,No-Timer,True,Other
0.0,0,40,1,0.39405,-0.03274,0,0.8901,0.87593,0.39498,314,102.54743,1,0.40111,-0.04378,-0.04266,0.07379,0.60661,0.31477,0.09282,20.76063,1,0.37851,-0.04122,0.93523,0.0043,1,1,0.01791,0.07441,0.62714,0.57291,0.10194,19.50919,1,0.4096,-0.02426,0.93523,0.00436,1,1,participant_30,question_2,No-Timer,True,Other
0.0,0,40,1,0.39338,-0.03713,0,0.8901,0.87593,0.40191,314,102.54743,1,0.40026,-0.04335,-0.0451,0.07817,0.64262,0.31477,0.09282,20.76063,1,0.37721,-0.0492,0.94185,0.0043,1,1,0.01718,0.07119,0.59998,0.57309,0.102,19.78698,1,0.40954,-0.02507,0.93589,0.00438,1,1,participant_30,question_2,No-Timer,True,Other
0.0,0,40,1,0.40283,-0.04149,0,0.8901,0.87593,0.40858,314,102.54743,1,0.39966,-0.04333,-0.0451,0.07817,0.64262,0.31464,0.09278,20.64347,1,0.38696,-0.04876,0.94847,0.00429,1,1,0.01718,0.07119,0.59998,0.5729,0.10191,19.74436,1,0.41871,-0.03423,0.94251,0.0043,1,1,participant_30,question_2,No-Timer,True,Other
0.0,0,40,1,0.4062,-0.05205,0,0.8901,0.87593,0.41528,314,102.54743,1,0.3991,-0.04369,-0.0451,0.07817,0.64262,0.31475,0.09275,21.01423,1,0.38949,-0.06035,0.95509,0.00428,1,1,0.01718,0.07119,0.59998,0.57306,0.10221,19.97732,1,0.42291,-0.04376,0.94913,0.0043,1,1,participant_30,question_2,No-Timer,True,Other
0.0,0,40,1,0.40517,-0.06364,0,0.8901,0.87593,0.4221,314,102.54743,1,0.39851,-0.04429,-0.0451,0.07813,0.64262,0.31466,0.09282,20.88998,1,0.38828,-0.06829,0.96171,0.00427,1,1,0.018,0.07436,0.62672,0.57306,0.10219,20.01223,1,0.42205,-0.059,0.96171,0.00431,1,1,participant_30,question_2,No-Timer,True,Other
0.0,0,40,1,0.41117,-0.06118,0,0.8901,0.87593,0.42874,314,102.54743,1,0.39959,-0.04448,-0.0451,0.07813,0.64262,0.31491,0.09264,21.13486,1,0.39337,-0.06591,0.96171,0.00421,1,1,0.018,0.07436,0.62672,0.5732,0.10211,20.26362,1,0.42896,-0.05645,0.96767,0.00426,1,1,participant_30,question_2,No-Timer,True,Other
0.0,0,40,1,0.4142,-0.08481,0,0.8901,0.87593,0.43554,314,102.54743,1,0.4005,-0.04476,-0.0451,0.07813,0.64262,0.31496,0.09275,21.09593,1,0.3979,-0.0675,0.96767,0.00428,1,1,0.018,0.07436,0.62672,0.57325,0.10213,20.07529,1,0.43051,-0.10213,0.97362,0.00426,1,1,participant_30,question_2,No-Timer,True,Other
0.0,0,40,1,0.41352,-0.09206,0,0.8901,0.87593,0.44206,314,102.54743,1,0.40137,-0.04534,-0.0451,0.07813,0.64262,0.31504,0.09285,21.10376,1,0.39688,-0.07459,0.97362,0.00434,1,1,0.018,0.07436,0.62672,0.57325,0.10213,20.10037,1,0.43016,-0.10952,0.97958,0.00426,1,1,participant_30,question_2,No-Timer,True,Other
0.0,0,40,1,0.40559,-0.08762,0,0.8901,0.87593,0.44877,314,102.54743,1,0.4015,-0.04618,-0.0451,0.07813,0.64262,0.31518,0.0929,21.12189,1,0.39918,-0.07736,0.97958,0.00437,1,1,0.018,0.07436,0.62672,0.57323,0.10215,20.244,1,0.41201,-0.09787,0.97958,0.00425,1,1,participant_30,question_2,No-Timer,True,Other
0.0,0,40,1,0.39812,-0.08548,0,0.8901,0.87593,0.45589,314,102.54743,1,0.4015,-0.04746,-0.0451,0.07813,0.64262,0.3152,0.09292,21.12933,1,0.37863,-0.08046,0.97958,0.00436,1,1,0.018,0.07436,0.62672,0.57347,0.10247,19.43497,1,0.4176,-0.0905,0.97958,0.0043,1,1,participant_30,question_2,No-Timer,True,Other
0.0,0,40,1,0.39974,-0.0703,0,0.8901,0.87593,0.46258,314,102.54743,1,0.40153,-0.04842,-0.04282,0.0743,0.61149,0.31526,0.09292,21.1692,1,0.38098,-0.06548,0.967,0.00436,1,1,0.01771,0.07269,0.61346,0.57357,0.10252,19.4971,1,0.41849,-0.07512,0.967,0.0043,1,1,participant_30,question_2,No-Timer,True,Other
0.0,0,40,1,0.41523,-0.04983,0,0.8901,0.87593,0.46887,314,102.54743,1,0.40195,-0.04866,-0.04282,0.0743,0.61149,0.31567,0.09265,21.31056,1,0.3982,-0.04631,0.95443,0.0042,1,1,0.01771,0.07269,0.61346,0.57397,0.10227,20.36446,1,0.43225,-0.05335,0.95443,0.0042,1,1,participant_30,question_2,No-Timer,True,Other
0.0,0,40,1,0.42128,-0.03473,0,0.8901,0.87593,0.47537,314,102.54743,1,0.40241,-0.04815,-0.04282,0.0743,0.61149,0.31589,0.09283,21.26717,1,0.40556,-0.03195,0.94185,0.00434,1,1,0.01771,0.07269,0.61346,0.57386,0.10257,19.82409,1,0.437,-0.03752,0.94185,0.00445,1,1,participant_30,question_2,No-Timer,True,Other
0.0,0,40,1,0.42145,-0.03112,0,0.8901,0.87593,0.48271,314,102.54743,1,0.40289,-0.04743,-0.04466,0.07759,0.63903,0.31598,0.09284,21.2781,1,0.40556,-0.03195,0.94185,0.00432,1,1,0.01737,0.07111,0.60012,0.57379,0.10238,19.88774,1,0.43734,-0.03029,0.93589,0.00464,1,1,participant_30,question_2,No-Timer,True,Other
0.0,0,40,1,0.41943,-0.0359,0,0.8901,0.87593,0.48901,314,102.54743,1,0.40327,-0.04683,-0.04466,0.07759,0.63903,0.31594,0.09298,21.42393,1,0.40169,-0.03794,0.94847,0.00438,1,1,0.01737,0.07111,0.60012,0.57395,0.10245,19.62449,1,0.43718,-0.03386,0.94251,0.00452,1,1,participant_30,question_2,No-Timer,True,Other
0.0,0,40,1,0.42237,-0.04093,0,0.8901,0.87593,0.49546,314,102.54743,1,0.40369,-0.047,-0.04466,0.07759,0.63903,0.31585,0.09302,21.23384,1,0.40384,-0.04699,0.95509,0.00441,1,1,0.01737,0.07111,0.60012,0.5738,0.1027,19.95313,1,0.4409,-0.03487,0.94913,0.0046,1,1,participant_30,question_2,No-Timer,True,Other
0.0,0,40,1,0.42164,-0.04882,0,0.8901,0.87593,0.50235,314,102.54743,1,0.40408,-0.0475,-0.04484,0.07786,0.64162,0.31584,0.09304,21.15534,1,0.40273,-0.05483,0.96171,0.00441,1,1,0.01761,0.07201,0.60843,0.57402,0.10254,19.86496,1,0.44055,-0.04281,0.95575,0.00452,1,1,participant_30,question_2,No-Timer,True,Other
0.0,0,40,1,0.41288,-0.03758,0,0.8901,0.87593,0.50933,314,102.54743,1,0.40441,-0.048,-0.04484,0.07786,0.64162,0.31582,0.09323,21.13694,1,0.40545,-0.04022,0.95575,0.00449,1,1,0.01761,0.07201,0.60843,0.5742,0.10274,19.74303,1,0.42031,-0.03494,0.95575,0.00459,1,1,participant_30,question_2,No-Timer,True,Other
0.0,0,40,1,0.41897,-0.0366,0,0.8901,0.87593,0.51575,314,102.54743,1,0.40491,-0.04861,-0.04484,0.07786,0.64162,0.31585,0.09318,21.05917,1,0.41381,-0.03176,0.95575,0.00447,1,1,0.01761,0.07201,0.60843,0.57437,0.10276,19.27221,1,0.42413,-0.04144,0.95575,0.00461,1,1,participant_30,question_2,No-Timer,True,Other
0.0,0,40,1,0.41877,-0.04018,0,0.8901,0.87593,0.52248,314,102.54743,1,0.40544,-0.04905,-0.04484,0.07786,0.64162,0.31585,0.09318,21.05917,1,0.41381,-0.03176,0.95575,0.00447,1,1,0.01813,0.07395,0.62486,0.57437,0.10276,19.27221,1,0.42373,-0.04859,0.96171,0.00461,1,1,participant_30,question_2,No-Timer,True,Other
0.0,0,40,1,0.42073,-0.03947,0,0.8901,0.87593,0.52963,314,102.54743,1,0.40582,-0.04877,-0.04484,0.07786,0.64162,0.31586,0.09329,21.13249,1,0.41344,-0.03703,0.96171,0.00442,1,1,0.01813,0.07395,0.62486,0.57423,0.10271,19.51958,1,0.42803,-0.04192,0.96767,0.00459,1,1,participant_30,question_2,No-Timer,True,Other
0.0,0,40,1,0.42048,-0.04274,0,0.8901,0.87593,0.53584,314,102.54743,1,0.40626,-0.04831,-0.04484,0.07786,0.64162,0.31592,0.09316,21.05579,1,0.41328,-0.03387,0.96767,0.00438,1,1,0.01813,0.07395,0.62486,0.57423,0.10271,19.51958,1,0.42768,-0.0516,0.97362,0.00459,1,1,participant_30,question_2,No-Timer,True,Other
0.0,0,40,1,0.41983,-0.04972,0,0.8901,0.87593,0.54233,314,102.54743,1,0.40672,-0.04775,-0.04484,0.07786,0.64162,0.3159,0.09302,20.94979,1,0.41234,-0.04074,0.97362,0.00442,1,1,0.01813,0.07395,0.62486,0.57423,0.10271,19.51958,1,0.42731,-0.05869,0.97958,0.00459,1,1,participant_30,question_2,No-Timer,True,Other
0.0,0,40,1,0.42128,-0.05037,0,0.8901,0.87593,0.54969,314,102.54743,1,0.40707,-0.04713,-0.04484,0.07786,0.64162,0.31585,0.09309,21.0733,1,0.41067,-0.04515,0.97958,0.00443,1,1,0.01813,0.07395,0.62486,0.57431,0.10292,19.96748,1,0.4319,-0.0556,0.97958,0.00449,1,1,participant_30,question_2,No-Timer,True,Other
0.0,0,40,1,0.42271,-0.05936,0,0.8901,0.87593,0.55608,314,102.54743,1,0.40768,-0.04663,-0.04484,0.07786,0.64162,0.31591,0.09313,20.8948,1,0.40965,-0.05181,0.97958,0.00448,1,1,0.01813,0.07395,0.62486,0.5745,0.10277,20.06634,1,0.43576,-0.0669,0.97958,0.00436,1,1,participant_30,question_2,No-Timer,True,Other
0.0,0,40,1,0.42287,-0.05579,0,0.8901,0.87593,0.56307,314,102.54743,1,0.40827,-0.04622,-0.04484,0.07786,0.64162,0.31592,0.09327,21.35628,1,0.40965,-0.05181,0.97958,0.00438,1,1,0.0177,0.072,0.60838,0.57445,0.10279,20.05822,1,0.4361,-0.05978,0.97362,0.00435,1,1,participant_30,question_2,No-Timer,True,Other
0.0,0,40,1,0.42718,-0.04805,0,0.8901,0.87593,0.5694,314,102.54743,1,0.40876,-0.04566,-0.04484,0.07786,0.64162,0.31591,0.09322,20.99692,1,0.4166,-0.05447,0.97362,0.00439,1,1,0.0177,0.072,0.60838,0.57469,0.10285,20.17155,1,0.43776,-0.04164,0.96767,0.00437,1,1,participant_30,question_2,No-Timer,True,Other
0.0,0,40,1,0.42927,-0.04878,0,0.8901,0.87593,0.57583,314,102.54743,1,0.40922,-0.04504,-0.04484,0.07786,0.64162,0.31594,0.09323,20.83816,1,0.41937,-0.05117,0.96767,0.0044,1,1,0.0177,0.072,0.60838,0.57455,0.10272,19.97018,1,0.43916,-0.04639,0.96171,0.00436,1,1,participant_30,question_2,No-Timer,True,Other
0.0,0,40,1,0.42972,-0.04529,0,0.8901,0.87593,0.58279,314,102.54743,1,0.40967,-0.04459,-0.04484,0.07796,0.64162,0.31602,0.09311,20.56031,1,0.42027,-0.04419,0.96171,0.00444,1,1,0.01862,0.07554,0.63831,0.57454,0.10269,19.90907,1,0.43916,-0.04639,0.96171,0.00437,1,1,participant_30,question_2,No-Timer,True,Other
0.0,0,40,1,0.41717,-0.05107,0,0.8901,0.87593,0.58924,314,102.54743,1,0.40995,-0.04452,-0.04484,0.07796,0.64162,0.3161,0.09272,20.75051,1,0.41944,-0.05951,0.96171,0.0043,1,1,0.01862,0.07554,0.63831,0.57462,0.10261,19.50886,1,0.4149,-0.04263,0.96767,0.00442,1,1,participant_30,question_2,No-Timer,True,Other
0.0,0,40,1,0.43213,-0.06956,0,0.8901,0.87593,0.59618,314,102.54743,1,0.41041,-0.0454,-0.04484,0.07796,0.64162,0.31628,0.09276,20.74356,1,0.42656,-0.08625,0.96767,0.00438,1,1,0.01862,0.07554,0.63831,0.57462,0.10261,19.54911,1,0.4377,-0.05287,0.97362,0.00434,1,1,participant_30,question_2,No-Timer,True,Other
0.0,0,40,1,0.4322,-0.06877,0,0.8901,0.87593,0.60291,314,102.54743,1,0.41083,-0.04665,-0.04319,0.07527,0.61874,0.31624,0.09276,20.80603,1,0.42666,-0.08546,0.967,0.00443,1,1,0.01813,0.07414,0.62486,0.57432,0.10257,19.31298,1,0.43774,-0.05208,0.97296,0.00442,1,1,participant_30,question_2,No-Timer,True,Other
0.0,0,40,1,0.40799,0.05869,0,0.8901,0.87593,0.60979,314,102.54743,1,0.41091,-0.0456,-0.04319,0.07527,0.61874,0.3167,0.09222,20.26058,1,0.41006,-0.02073,0.96634,0.00421,1,1,0.01813,0.07414,0.62486,0.57385,0.10364,18.46132,1,0.40591,0.13811,0.96634,0.00387,1,1,participant_30,question_2,No-Timer,True,Question
0.0,0,40,1,0.45115,0.29081,0,0.8901,0.87593,0.60979,314,102.54743,0,0.42612,-0.01644,-0.04319,0.07527,0.61874,0.31683,0.09506,16.88792,1,0.45115,0.29081,0.95972,0.00335,1,1,0.01813,0.07414,0.62486,0.57385,0.10364,18.46132,0,0.40591,0.13811,0.95972,0.00387,1,0,participant_30,question_2,No-Timer,True,Question
0.0,0,40,1,0.45198,0.29624,0,0.8901,0.87593,0.60979,314,102.54743,0,0.43905,0.1399,-0.04298,0.0756,0.61838,0.31688,0.09555,12.78022,1,0.45198,0.29624,0.9531,0.00316,1,1,0.01813,0.07414,0.62486,0.57385,0.10364,18.46132,0,0.40591,0.13811,0.9531,0.00387,1,0,participant_30,question_2,No-Timer,True,Question
0.0,0,40,0,0.45198,0.29624,0,0.8901,0.87593,0.60979,314,102.54743,0,0.43905,0.1399,-0.04298,0.0756,0.61838,0.31688,0.09555,12.78022,0,0.45198,0.29624,0.9531,0.00316,1,0,0.01813,0.07414,0.62486,0.57385,0.10364,18.46132,0,0.40591,0.13811,0.9531,0.00387,1,0,participant_30,question_2,No-Timer,False,Question
0.0,0,40,0,0.45198,0.29624,0,0.8901,0.87593,0.60979,314,102.54743,0,0.45198,0.29624,-0.04298,0.0756,0.61838,0.31688,0.09555,12.78022,0,0.45198,0.29624,0.9531,0.00316,1,0,0.01813,0.07414,0.62486,0.57385,0.10364,18.46132,0,0.40591,0.13811,0.9531,0.00387,1,0,participant_30,question_2,No-Timer,False,Question
0.0,0,40,0,0.45198,0.29624,0,0.8901,0.87593,0.60979,314,102.54743,0,0.45198,0.29624,-0.04298,0.0756,0.61838,0.31688,0.09555,12.78022,0,0.45198,0.29624,0.9531,0.00316,1,0,0.01813,0.07414,0.62486,0.57385,0.10364,18.46132,0,0.40591,0.13811,0.9531,0.00387,1,0,participant_30,question_2,No-Timer,False,Question
0.0,0,40,0,0.45198,0.29624,0,0.8901,0.87593,0.60979,314,102.54743,0,0.45198,0.29624,-0.04298,0.0756,0.61838,0.31688,0.09555,12.78022,0,0.45198,0.29624,0.9531,0.00316,1,0,0.01813,0.07414,0.62486,0.57385,0.10364,18.46132,0,0.40591,0.13811,0.9531,0.00387,1,0,participant_30,question_2,No-Timer,False,Question
0.0,0,40,0,0.45198,0.29624,0,0.8901,0.87593,0.60979,314,102.54743,0,0.0,0.0,-0.04298,0.0756,0.61838,0.31688,0.09555,12.78022,0,0.45198,0.29624,0.9531,0.00316,1,0,0.01813,0.07414,0.62486,0.57385,0.10364,18.46132,0,0.40591,0.13811,0.9531,0.00387,1,0,participant_30,question_2,No-Timer,False,Question
0.0,0,40,0,0.45198,0.29624,0,0.8901,0.87593,0.60979,314,102.54743,0,0.0,0.0,-0.04298,0.0756,0.61838,0.31688,0.09555,12.78022,0,0.45198,0.29624,0.9531,0.00316,1,0,0.01813,0.07414,0.62486,0.57385,0.10364,18.46132,0,0.40591,0.13811,0.9531,0.00387,1,0,participant_30,question_2,No-Timer,False,Question
0.0,59,40,0,0.45198,0.29624,0,0.8901,0.87593,0.60979,314,102.54743,0,0.0,0.0,-0.04298,0.0756,0.61838,0.31688,0.09555,12.78022,0,0.45198,0.29624,0.9531,0.00316,1,0,0.01813,0.07414,0.62486,0.57385,0.10364,18.46132,0,0.40591,0.13811,0.9531,0.00387,1,0,participant_30,question_2,No-Timer,True,Question
0.0,59,40,0,0.45198,0.29624,0,0.8901,0.87593,0.60979,314,102.54743,0,0.0,0.0,-0.04298,0.0756,0.61838,0.31688,0.09555,12.78022,0,0.45198,0.29624,0.9531,0.00316,1,0,0.01813,0.07414,0.62486,0.57385,0.10364,18.46132,0,0.40591,0.13811,0.9531,0.00387,1,0,participant_30,question_2,No-Timer,True,Question
0.0,59,40,0,0.45198,0.29624,0,0.8901,0.87593,0.60979,314,102.54743,0,0.0,0.0,-0.04298,0.0756,0.61838,0.31688,0.09555,12.78022,0,0.45198,0.29624,0.9531,0.00316,1,0,0.01813,0.07414,0.62486,0.57385,0.10364,18.46132,0,0.40591,0.13811,0.9531,0.00387,1,0,participant_30,question_2,No-Timer,True,Question
0.0,59,40,0,0.45198,0.29624,0,0.8901,0.87593,0.60979,314,102.54743,0,0.0,0.0,-0.04298,0.0756,0.61838,0.31688,0.09555,12.78022,0,0.45198,0.29624,0.9531,0.00316,1,0,0.01813,0.07414,0.62486,0.57385,0.10364,18.46132,0,0.40591,0.13811,0.9531,0.00387,1,0,participant_30,question_2,No-Timer,True,Question
0.0,59,40,0,0.45198,0.29624,0,0.8901,0.87593,0.60979,314,102.54743,0,0.0,0.0,-0.04298,0.0756,0.61838,0.31688,0.09555,12.78022,0,0.45198,0.29624,0.9531,0.00316,1,0,0.01813,0.07414,0.62486,0.57385,0.10364,18.46132,0,0.40591,0.13811,0.9531,0.00387,1,0,participant_30,question_2,No-Timer,True,Question
0.0,59,40,0,0.45198,0.29624,0,0.8901,0.87593,0.60979,314,102.54743,0,0.0,0.0,-0.04298,0.0756,0.61838,0.31688,0.09555,12.78022,0,0.45198,0.29624,0.9531,0.00316,1,0,0.01813,0.07414,0.62486,0.57385,0.10364,18.46132,0,0.40591,0.13811,0.9531,0.00387,1,0,participant_30,question_2,No-Timer,True,Question
0.0,59,40,0,0.45198,0.29624,0,0.8901,0.87593,0.60979,314,102.54743,0,0.0,0.0,-0.04298,0.0756,0.61838,0.31688,0.09555,12.78022,0,0.45198,0.29624,0.9531,0.00316,1,0,0.01813,0.07414,0.62486,0.57385,0.10364,18.46132,0,0.40591,0.13811,0.9531,0.00387,1,0,participant_30,question_2,No-Timer,True,Question
0.0,59,40,0,0.45198,0.29624,0,0.8901,0.87593,0.60979,314,102.54743,0,0.0,0.0,-0.04298,0.0756,0.61838,0.31688,0.09555,12.78022,0,0.45198,0.29624,0.9531,0.00316,1,0,0.01813,0.07414,0.62486,0.57385,0.10364,18.46132,0,0.40591,0.13811,0.9531,0.00387,1,0,participant_30,question_2,No-Timer,True,Question
0.0,59,40,0,0.45198,0.29624,0,0.8901,0.87593,0.60979,314,102.54743,0,0.0,0.0,-0.04298,0.0756,0.61838,0.31688,0.09555,12.78022,0,0.45198,0.29624,0.9531,0.00316,1,0,0.01813,0.07414,0.62486,0.57385,0.10364,18.46132,0,0.40591,0.13811,0.9531,0.00387,1,0,participant_30,question_2,No-Timer,True,Question
0.0,59,40,0,0.45198,0.29624,0,0.8901,0.87593,0.60979,314,102.54743,0,0.0,0.0,-0.04298,0.0756,0.61838,0.31688,0.09555,12.78022,0,0.45198,0.29624,0.9531,0.00316,1,0,0.01813,0.07414,0.62486,0.57385,0.10364,18.46132,0,0.40591,0.13811,0.9531,0.00387,1,0,participant_30,question_2,No-Timer,True,Question
0.0,59,40,0,0.45198,0.29624,0,0.8901,0.87593,0.60979,314,102.54743,0,0.0,0.0,-0.04298,0.0756,0.61838,0.31688,0.09555,12.78022,0,0.45198,0.29624,0.9531,0.00316,1,0,0.01813,0.07414,0.62486,0.57385,0.10364,18.46132,0,0.40591,0.13811,0.9531,0.00387,1,0,participant_30,question_2,No-Timer,True,Question
0.0,59,40,0,0.45198,0.29624,0,0.8901,0.87593,0.60979,314,102.54743,0,0.0,0.0,-0.04298,0.0756,0.61838,0.31688,0.09555,12.78022,0,0.45198,0.29624,0.9531,0.00316,1,0,0.01813,0.07414,0.62486,0.57385,0.10364,18.46132,0,0.40591,0.13811,0.9531,0.00387,1,0,participant_30,question_2,No-Timer,True,Question
0.0,59,40,0,0.45198,0.29624,0,0.8901,0.87593,0.60979,314,102.54743,0,0.0,0.0,-0.04298,0.0756,0.61838,0.31688,0.09555,12.78022,0,0.45198,0.29624,0.9531,0.00316,1,0,0.01813,0.07414,0.62486,0.57385,0.10364,18.46132,0,0.40591,0.13811,0.9531,0.00387,1,0,participant_30,question_2,No-Timer,True,Question
0.0,59,40,0,0.45198,0.29624,0,0.8901,0.87593,0.60979,314,102.54743,0,0.0,0.0,-0.04298,0.0756,0.61838,0.31688,0.09555,12.78022,0,0.45198,0.29624,0.9531,0.00316,1,0,0.01813,0.07414,0.62486,0.57385,0.10364,18.46132,0,0.40591,0.13811,0.9531,0.00387,1,0,participant_30,question_2,No-Timer,True,Question
0.0,59,40,0,0.45198,0.29624,0,0.8901,0.87593,0.60979,314,102.54743,0,0.0,0.0,-0.04298,0.0756,0.61838,0.31688,0.09555,12.78022,0,0.45198,0.29624,0.9531,0.00316,1,0,0.01813,0.07414,0.62486,0.57385,0.10364,18.46132,0,0.40591,0.13811,0.9531,0.00387,1,0,participant_30,question_2,No-Timer,True,Question
0.0,59,40,0,0.45198,0.29624,0,0.8901,0.87593,0.60979,314,102.54743,0,0.0,0.0,-0.04298,0.0756,0.61838,0.31688,0.09555,12.78022,0,0.45198,0.29624,0.9531,0.00316,1,0,0.01813,0.07414,0.62486,0.57385,0.10364,18.46132,0,0.40591,0.13811,0.9531,0.00387,1,0,participant_30,question_2,No-Timer,True,Question
0.1072,0,41,1,0.42618,-0.0621,0,0.8901,0.87593,0.60979,314,102.54743,0,0.42618,-0.0621,-0.04298,0.0756,0.61838,0.31744,0.09301,19.41284,1,0.42618,-0.0621,0.9531,0.00447,1,1,0.01813,0.07414,0.62486,0.57385,0.10364,18.46132,0,0.40591,0.13811,0.9531,0.00387,1,0,participant_30,question_2,No-Timer,True,Other
0.0,0,41,1,0.42618,-0.0621,0,0.8901,0.87593,0.60979,314,102.54743,0,0.42618,-0.0621,-0.04329,0.0758,0.62423,0.31744,0.09302,19.43469,1,0.42618,-0.0621,0.9531,0.00447,1,1,0.01813,0.07414,0.62486,0.57385,0.10364,18.46132,0,0.40591,0.13811,0.9531,0.00387,1,0,participant_30,question_2,No-Timer,True,Other
0.0,0,41,1,0.45172,-0.04416,0,0.8901,0.87593,0.60979,314,102.54743,0,0.43469,-0.05612,-0.04329,0.0758,0.62423,0.3176,0.09315,19.64857,1,0.44098,-0.03619,0.9531,0.00451,1,1,0.01813,0.07414,0.62486,0.57594,0.10288,19.05289,1,0.46245,-0.05212,0.9531,0.00419,1,1,participant_30,question_2,No-Timer,True,Other
0.0,0,41,1,0.44507,-0.04048,0,0.8901,0.87593,0.02009,315,103.32421,1,0.43728,-0.05221,-0.04329,0.0758,0.62423,0.31761,0.09322,19.68532,1,0.44383,-0.03332,0.9531,0.00448,1,1,0.01813,0.07414,0.62486,0.57592,0.10289,19.01046,1,0.4463,-0.04764,0.9531,0.00418,1,1,participant_30,question_2,No-Timer,True,Other
0.0,0,41,1,0.44521,-0.03688,0,0.8901,0.87593,0.02701,315,103.32421,1,0.43887,-0.04914,-0.04261,0.07455,0.61434,0.31763,0.09333,19.66271,1,0.44383,-0.03332,0.9531,0.00444,1,1,0.01786,0.07118,0.60141,0.57628,0.10309,18.79085,1,0.44659,-0.04044,0.94715,0.00428,1,1,participant_30,question_2,No-Timer,True,Other
0.0,0,41,1,0.43987,-0.04825,0,0.8901,0.87593,0.0337,315,103.32421,1,0.43904,-0.04899,-0.04261,0.07455,0.61434,0.31778,0.09325,19.88706,1,0.4242,-0.02437,0.94715,0.00429,1,1,0.01786,0.07118,0.60141,0.57629,0.1026,18.10722,1,0.45554,-0.07214,0.94119,0.00458,1,1,participant_30,question_2,No-Timer,True,Other
0.0,0,41,1,0.44391,-0.0282,0,0.8901,0.87593,0.04021,315,103.32421,1,0.43973,-0.04602,-0.04261,0.07455,0.61434,0.31778,0.0933,19.9168,1,0.42772,-0.00932,0.94119,0.00428,1,1,0.01786,0.07118,0.60141,0.57659,0.10296,18.56192,1,0.46011,-0.04707,0.93523,0.00433,1,1,participant_30,question_2,No-Timer,True,Other
0.0,0,41,1,0.44374,-0.03265,0,0.8901,0.87593,0.0472,315,103.32421,1,0.44023,-0.04435,-0.0442,0.07742,0.63796,0.31778,0.09325,19.96728,1,0.42762,-0.01009,0.94185,0.00424,1,1,0.01837,0.07299,0.61715,0.57649,0.10293,18.84981,1,0.45986,-0.0552,0.94185,0.00433,1,1,participant_30,question_2,No-Timer,True,Other
0.0,0,41,1,0.44075,-0.06132,0,0.8901,0.87593,0.05361,315,103.32421,1,0.44029,-0.04624,-0.0442,0.07742,0.63796,0.31788,0.09328,19.57611,1,0.44041,-0.05518,0.94847,0.00428,1,1,0.01837,0.07299,0.61715,0.5766,0.10308,18.71897,1,0.4411,-0.06747,0.95443,0.00453,1,1,participant_30,question_2,No-Timer,True,Other
0.0,0,41,1,0.44111,-0.06047,0,0.8901,0.87593,0.0605,315,103.32421,1,0.44037,-0.04766,-0.0442,0.07742,0.63796,0.31804,0.0932,19.29765,1,0.43488,-0.05954,0.96105,0.00424,1,1,0.01837,0.07299,0.61715,0.57674,0.10362,19.08961,1,0.44735,-0.06141,0.967,0.00449,1,1,participant_30,question_2,No-Timer,True,Other
0.0,0,41,1,0.43996,-0.07552,0,0.8901,0.87593,0.0674,315,103.32421,1,0.44034,-0.05019,-0.0442,0.07742,0.63796,0.31812,0.09334,19.50653,1,0.43315,-0.07447,0.97362,0.00421,1,1,0.01837,0.0729,0.61715,0.57681,0.10363,18.78719,1,0.44676,-0.07656,0.97958,0.00445,1,1,participant_30,question_2,No-Timer,True,Other
0.0,0,41,1,0.4404,-0.07528,0,0.8901,0.87593,0.07392,315,103.32421,1,0.44034,-0.05228,-0.0442,0.07742,0.63796,0.31811,0.09354,19.74678,1,0.42599,-0.07555,0.97958,0.00423,1,1,0.01837,0.0729,0.61715,0.57661,0.10348,18.52804,1,0.45481,-0.075,0.97958,0.00438,1,1,participant_30,question_2,No-Timer,True,Other
0.0,0,41,1,0.43912,-0.05842,0,0.8901,0.87593,0.08039,315,103.32421,1,0.44025,-0.05276,-0.0442,0.07742,0.63796,0.31811,0.09355,19.6999,1,0.42556,-0.06744,0.97958,0.00422,1,1,0.01837,0.0729,0.61715,0.57669,0.1037,18.93342,1,0.45267,-0.04939,0.97958,0.00435,1,1,participant_30,question_2,No-Timer,True,Other
0.0,0,41,1,0.44028,-0.04364,0,0.8901,0.87593,0.08731,315,103.32421,1,0.44025,-0.0521,-0.18362,0.32907,2.71172,0.31812,0.09356,19.68112,1,0.42737,-0.05268,0.967,0.00422,0,1,0.01874,0.07397,0.62657,0.57671,0.10378,18.96711,1,0.4532,-0.0346,0.967,0.00431,1,1,participant_30,question_2,No-Timer,True,Other
0.0,0,41,1,0.44772,-0.07319,0,0.8901,0.87593,0.09378,315,103.32421,1,0.44075,-0.05351,-0.18362,0.32907,2.71172,0.31821,0.09373,19.61942,1,0.42984,-0.05994,0.95443,0.00426,0,1,0.01874,0.07397,0.62657,0.57664,0.10389,18.8345,1,0.46559,-0.08643,0.95443,0.00412,1,1,participant_30,question_2,No-Timer,True,Other
0.0,0,41,1,0.441,-0.05074,0,0.8901,0.87593,0.10047,315,103.32421,1,0.44076,-0.05334,-0.18362,0.32907,2.71172,0.31823,0.094,19.43652,1,0.43592,-0.03331,0.94185,0.00445,0,1,0.01874,0.07397,0.62657,0.57664,0.10394,18.92883,1,0.44608,-0.06817,0.94185,0.00411,1,1,participant_30,question_2,No-Timer,True,Other
0.0,0,41,1,0.44177,-0.039,0,0.8901,0.87593,0.10738,315,103.32421,1,0.44082,-0.05249,-0.04212,0.07384,0.61003,0.31823,0.094,19.43652,1,0.43684,-0.02548,0.93523,0.00445,1,1,0.01835,0.0722,0.61197,0.57686,0.10401,18.92781,1,0.4467,-0.05253,0.92927,0.00428,1,1,participant_30,question_2,No-Timer,True,Other
0.0,0,41,1,0.44653,-0.01804,0,0.8901,0.87593,0.11401,315,103.32421,1,0.44114,-0.05058,-0.04212,0.07384,0.61003,0.31844,0.09439,19.7351,1,0.44259,-0.00672,0.93523,0.00438,1,1,0.01835,0.0722,0.61197,0.57678,0.1044,18.56396,1,0.45047,-0.02935,0.92927,0.00436,1,1,participant_30,question_2,No-Timer,True,Other
0.0,0,41,1,0.43893,-0.01697,0,0.8901,0.87593,0.12059,315,103.32421,1,0.44102,-0.04881,-0.04212,0.07384,0.61003,0.31843,0.09433,20.16163,1,0.42641,-0.0039,0.93523,0.00428,1,1,0.01835,0.0722,0.61197,0.57674,0.10439,18.79983,1,0.45146,-0.03005,0.92927,0.00435,1,1,participant_30,question_2,No-Timer,True,Other
0.0,0,41,1,0.43893,-0.01697,0,0.8901,0.87593,0.1276,315,103.32421,1,0.44092,-0.04722,-0.04212,0.07384,0.61003,0.3185,0.09437,19.91879,1,0.42641,-0.0039,0.93523,0.00432,1,1,0.01813,0.07117,0.60446,0.57691,0.10437,19.24032,1,0.45146,-0.03005,0.92927,0.00432,1,1,participant_30,question_2,No-Timer,True,Other
0.0,0,41,1,0.43757,-0.00652,0,0.8901,0.87593,0.13396,315,103.32421,1,0.44076,-0.04528,-0.04212,0.07384,0.61003,0.31849,0.0944,19.83648,1,0.42078,-0.02418,0.92927,0.00427,1,1,0.01813,0.07117,0.60446,0.57733,0.10492,19.14946,1,0.45435,0.01114,0.92927,0.00441,1,1,participant_30,question_2,No-Timer,True,Other
0.0,0,41,1,0.44322,-0.01877,0,0.8901,0.87593,0.14108,315,103.32421,1,0.44087,-0.04408,-0.04212,0.07384,0.61003,0.31848,0.09445,19.83473,1,0.43316,-0.00726,0.92927,0.00428,1,1,0.01813,0.07117,0.60446,0.57735,0.10499,19.16065,1,0.45328,-0.03028,0.92927,0.00437,1,1,participant_30,question_2,No-Timer,True,Other
0.0,0,41,1,0.44247,-0.03031,0,0.8901,0.87593,0.14758,315,103.32421,1,0.44094,-0.04348,-0.04415,0.07748,0.6401,0.31851,0.09447,19.94454,1,0.43221,-0.01501,0.93589,0.00421,1,1,0.01868,0.07354,0.62456,0.57711,0.10501,19.21639,1,0.45274,-0.04561,0.94185,0.00436,1,1,participant_30,question_2,No-Timer,True,Other
0.0,0,41,1,0.43148,-0.07782,0,0.8901,0.87593,0.15408,315,103.32421,1,0.44055,-0.04491,-0.04415,0.07748,0.6401,0.31859,0.09463,20.27192,1,0.42783,-0.06213,0.94847,0.00417,1,1,0.01868,0.07354,0.62456,0.57721,0.10499,19.00251,1,0.43514,-0.09351,0.95443,0.00428,1,1,participant_30,question_2,No-Timer,True,Other
0.0,0,41,1,0.43344,-0.08134,0,0.8901,0.87593,0.16107,315,103.32421,1,0.44026,-0.04637,-0.04415,0.07748,0.6401,0.31857,0.0946,20.17942,1,0.43013,-0.0691,0.96105,0.00428,1,1,0.01868,0.07354,0.62456,0.57731,0.10505,19.12076,1,0.43675,-0.09358,0.967,0.00425,1,1,participant_30,question_2,No-Timer,True,Other
0.0,0,41,1,0.4322,-0.09666,0,0.8901,0.87593,0.16787,315,103.32421,1,0.43995,-0.0483,-0.04415,0.07739,0.6401,0.31857,0.09464,20.39034,1,0.42834,-0.08416,0.97362,0.00426,1,1,0.01875,0.07338,0.62356,0.57735,0.10506,19.26617,1,0.43606,-0.10917,0.97958,0.00417,1,1,participant_30,question_2,No-Timer,True,Other
0.0,0,41,1,0.4365,-0.08549,0,0.8901,0.87593,0.17445,315,103.32421,1,0.43982,-0.04968,-0.04415,0.07739,0.6401,0.31855,0.09494,19.89648,1,0.43298,-0.07614,0.97958,0.00441,1,1,0.01875,0.07338,0.62356,0.57749,0.10544,19.32839,1,0.44003,-0.09484,0.97958,0.00448,1,1,participant_30,question_2,No-Timer,True,Other
0.0,0,41,1,0.43883,-0.07576,0,0.8901,0.87593,0.18117,315,103.32421,1,0.43979,-0.05061,-0.04415,0.07739,0.6401,0.31864,0.09511,19.97697,1,0.43173,-0.07103,0.97958,0.00437,1,1,0.01875,0.07338,0.62356,0.57742,0.10543,19.31609,1,0.44593,-0.08049,0.97958,0.00454,1,1,participant_30,question_2,No-Timer,True,Other
0.0,0,41,1,0.43883,-0.07576,0,0.8901,0.87593,0.18777,315,103.32421,1,0.43976,-0.05148,-0.04415,0.07729,0.6401,0.31867,0.09496,20.18652,1,0.43173,-0.07103,0.97958,0.00426,1,1,0.01862,0.07273,0.61926,0.57733,0.10531,18.99157,1,0.44593,-0.08049,0.97958,0.00457,1,1,participant_30,question_2,No-Timer,True,Other
0.0,0,41,1,0.44016,-0.06245,0,0.8901,0.87593,0.19427,315,103.32421,1,0.43977,-0.05184,-0.04415,0.07729,0.6401,0.31868,0.09509,20.63993,1,0.43354,-0.05753,0.97958,0.00425,1,1,0.01862,0.07273,0.61926,0.57739,0.10556,19.35774,1,0.44677,-0.06737,0.97958,0.00439,1,1,participant_30,question_2,No-Timer,True,Other
0.0,0,41,1,0.44649,-0.05292,0,0.8901,0.87593,0.20117,315,103.32421,1,0.43999,-0.05188,-0.04415,0.07729,0.6401,0.31912,0.09532,20.36469,1,0.43022,-0.06301,0.97958,0.00436,1,1,0.01862,0.07273,0.61926,0.57739,0.10561,18.9904,1,0.46277,-0.04282,0.97958,0.00437,1,1,participant_30,question_2,No-Timer,True,Other
0.0,0,41,1,0.44649,-0.05292,0,0.8901,0.87593,0.20792,315,103.32421,1,0.44019,-0.05191,-0.04286,0.07535,0.62404,0.31928,0.09529,19.86794,1,0.43022,-0.06301,0.97958,0.00437,1,1,0.01873,0.07279,0.61974,0.57777,0.10579,19.60861,1,0.46277,-0.04282,0.97958,0.00437,1,1,participant_30,question_2,No-Timer,True,Other
0.0,0,41,1,0.49246,-0.10422,0,0.8901,0.87593,0.21461,315,103.32421,1,0.44177,-0.05349,-0.04286,0.07535,0.62404,0.32012,0.09524,20.34671,1,0.48881,-0.08024,0.97958,0.00426,1,1,0.01873,0.07279,0.61974,0.57852,0.10583,19.72975,1,0.49612,-0.12821,0.97958,0.00436,1,1,participant_30,question_2,No-Timer,True,Other
0.0,0,41,1,0.47119,-0.0892,0,0.8901,0.87593,0.22134,315,103.32421,1,0.44264,-0.05454,-0.04286,0.07535,0.62404,0.32006,0.09539,20.70318,1,0.4485,-0.05886,0.97958,0.00429,1,1,0.01873,0.07279,0.61974,0.57842,0.10594,19.93381,1,0.49388,-0.11955,0.97958,0.0043,1,1,participant_30,question_2,No-Timer,True,Other
0.0,0,41,1,0.47162,-0.08124,0,0.8901,0.87593,0.22801,315,103.32421,1,0.44347,-0.05531,-0.04256,0.07491,0.62037,0.32012,0.09534,20.46683,1,0.44931,-0.05116,0.97296,0.0043,1,1,0.01875,0.07251,0.61735,0.57842,0.10582,19.9732,1,0.49393,-0.11132,0.97296,0.00425,1,1,participant_30,question_2,No-Timer,True,Other
0.0,0,41,1,0.45986,-0.06558,0,0.8901,0.87593,0.23444,315,103.32421,1,0.44392,-0.05559,-0.04256,0.07491,0.62037,0.32008,0.09548,20.65116,1,0.45013,-0.04346,0.96634,0.00429,1,1,0.01875,0.07251,0.61735,0.57847,0.10589,20.17161,1,0.4696,-0.0877,0.96634,0.00423,1,1,participant_30,question_2,No-Timer,True,Other
0.0,0,41,1,0.46074,-0.0787,0,0.8901,0.87593,0.24136,315,103.32421,1,0.44438,-0.05622,-0.04256,0.07491,0.62037,0.3201,0.09555,20.59854,1,0.45089,-0.07404,0.95972,0.00428,1,1,0.01875,0.07251,0.61735,0.57857,0.10601,20.28858,1,0.47059,-0.08335,0.95972,0.00416,1,1,participant_30,question_2,No-Timer,True,Other
0.0,0,41,1,0.46168,-0.06338,0,0.8901,0.87593,0.24786,315,103.32421,1,0.44483,-0.05641,-0.18472,0.33204,2.75153,0.3201,0.09556,20.58905,1,0.45244,-0.05892,0.94715,0.00428,0,1,0.01896,0.07319,0.62436,0.57857,0.10601,20.28858,1,0.47093,-0.06783,0.94715,0.00416,1,1,participant_30,question_2,No-Timer,True,Other
0.0,0,41,1,0.46746,-0.03856,0,0.8901,0.87593,0.25481,315,103.32421,1,0.44541,-0.05595,-0.18472,0.33204,2.75153,0.32002,0.09554,20.47477,1,0.45568,-0.04554,0.94119,0.00425,0,1,0.01896,0.07319,0.62436,0.57851,0.106,19.66489,1,0.47925,-0.03158,0.94119,0.00459,1,1,participant_30,question_2,No-Timer,True,Other
0.0,0,41,1,0.47223,-0.03084,0,0.8901,0.87593,0.26151,315,103.32421,1,0.44608,-0.05532,-0.18472,0.33204,2.75153,0.32005,0.09555,20.62703,1,0.46312,-0.04041,0.93523,0.00422,0,1,0.01896,0.07319,0.62436,0.57857,0.10622,19.89772,1,0.48135,-0.02128,0.93523,0.00447,1,1,participant_30,question_2,No-Timer,True,Other
0.0,0,41,1,0.47223,-0.03084,0,0.8901,0.87593,0.26818,315,103.32421,1,0.44672,-0.05472,-0.04161,0.07336,0.60791,0.3201,0.09563,20.76299,1,0.46312,-0.04041,0.93523,0.00419,1,1,0.01888,0.07248,0.61871,0.57867,0.10624,19.79909,1,0.48135,-0.02128,0.93523,0.0045,1,1,participant_30,question_2,No-Timer,True,Other
0.0,0,41,1,0.47538,-0.02438,0,0.8901,0.87593,0.27515,315,103.32421,1,0.4474,-0.054,-0.04161,0.07336,0.60791,0.32008,0.09591,20.52159,1,0.45851,-0.0387,0.94119,0.00436,1,1,0.01888,0.07248,0.61871,0.57863,0.10647,19.90368,1,0.49225,-0.01005,0.94119,0.00452,1,1,participant_30,question_2,No-Timer,True,Other
0.0,0,41,1,0.47161,-0.02646,0,0.8901,0.87593,0.28165,315,103.32421,1,0.44797,-0.05336,-0.04161,0.07336,0.60791,0.3201,0.09592,20.48266,1,0.46021,-0.03656,0.94715,0.00435,1,1,0.01888,0.07248,0.61871,0.5787,0.10663,19.75518,1,0.483,-0.01636,0.94715,0.00447,1,1,participant_30,question_2,No-Timer,True,Other
0.0,0,41,1,0.47161,-0.02646,0,0.8901,0.87593,0.28826,315,103.32421,1,0.4485,-0.05275,-0.18371,0.32965,2.73681,0.32007,0.09623,20.78526,1,0.46021,-0.03656,0.94715,0.00441,0,1,0.01888,0.07248,0.61871,0.5787,0.10652,19.7255,1,0.483,-0.01636,0.94715,0.00445,1,1,participant_30,question_2,No-Timer,True,Other
0.0,0,41,1,0.47478,-0.02589,0,0.8901,0.87593,0.29495,315,103.32421,1,0.44909,-0.05215,-0.18371,0.32965,2.73681,0.32017,0.09585,20.61684,1,0.4591,-0.01716,0.94119,0.00439,0,1,0.01888,0.07248,0.61871,0.57882,0.10667,19.30908,1,0.49046,-0.03461,0.94119,0.00441,1,1,participant_30,question_2,No-Timer,True,Other
0.0,0,41,1,0.47397,-0.01646,0,0.8901,0.87593,0.30186,315,103.32421,1,0.44963,-0.05138,-0.18371,0.32965,2.73681,0.32018,0.09602,20.45765,1,0.46036,-0.01004,0.93523,0.00446,0,1,0.01888,0.07248,0.61871,0.57896,0.10671,19.48178,1,0.48759,-0.02288,0.93523,0.00441,1,1,participant_30,question_2,No-Timer,True,Other
0.0,0,41,1,0.47401,-0.01289,0,0.8901,0.87593,0.3084,315,103.32421,1,0.45015,-0.05056,-0.04256,0.07472,0.62037,0.32012,0.09592,20.47147,1,0.46036,-0.01004,0.93523,0.00435,1,1,0.01857,0.07145,0.60994,0.5788,0.10676,19.96733,1,0.48767,-0.01573,0.92927,0.00436,1,1,participant_30,question_2,No-Timer,True,Other
0.0,0,41,1,0.48005,-0.02234,0,0.8901,0.87593,0.3084,315,103.32421,0,0.47131,-0.0331,-0.04256,0.07472,0.62037,0.32014,0.09616,20.39692,1,0.47833,0.01074,0.93523,0.00427,1,1,0.01857,0.07145,0.60994,0.57868,0.10684,19.9887,1,0.48176,-0.05542,0.92927,0.00422,1,1,participant_30,question_2,No-Timer,True,Other
0.0,0,41,1,0.4792,-0.03512,0,0.8901,0.87593,0.3084,315,103.32421,0,0.47526,-0.03411,-0.04256,0.07472,0.62037,0.3201,0.09618,20.56902,1,0.47319,-0.02024,0.93523,0.00426,1,1,0.01857,0.07145,0.60994,0.57861,0.10684,20.12531,1,0.48521,-0.05,0.92927,0.0042,1,1,participant_30,question_2,No-Timer,True,Other
0.0,0,41,1,0.4788,-0.0431,0,0.8901,0.87593,0.3084,315,103.32421,0,0.47644,-0.0371,-0.04601,0.08069,0.66989,0.32007,0.09623,20.50903,1,0.4725,-0.02801,0.94185,0.00424,1,1,0.01882,0.07238,0.6182,0.57866,0.10676,20.14044,1,0.48511,-0.05819,0.93589,0.00415,1,1,participant_30,question_2,No-Timer,True,Other
0.0,0,41,1,0.46509,-0.06085,0,0.8901,0.87593,0.02007,316,103.63907,1,0.4736,-0.04304,-0.04601,0.08069,0.66989,0.31988,0.09648,20.2142,1,0.46128,-0.06683,0.94251,0.00431,1,1,0.01882,0.07238,0.6182,0.57863,0.10698,20.05404,1,0.46891,-0.05488,0.94251,0.00416,1,1,participant_30,question_2,No-Timer,True,Other
0.0,0,41,1,0.46908,-0.06042,0,0.8901,0.87593,0.02715,316,103.63907,1,0.4727,-0.04652,-0.04601,0.08069,0.66989,0.3198,0.09649,20.37406,1,0.44966,-0.06625,0.94913,0.00424,1,1,0.01882,0.07238,0.6182,0.57857,0.10696,19.84046,1,0.48849,-0.0546,0.94913,0.00418,1,1,participant_30,question_2,No-Timer,True,Other
0.0,0,41,1,0.46908,-0.06042,0,0.8901,0.87593,0.03391,316,103.63907,1,0.47209,-0.04884,-0.04292,0.07519,0.62426,0.31977,0.09651,20.29628,1,0.44966,-0.06625,0.94913,0.00423,1,1,0.01827,0.07051,0.60302,0.57855,0.1068,19.77061,1,0.48849,-0.0546,0.94913,0.00435,1,1,participant_30,question_2,No-Timer,True,Other
0.0,0,41,1,0.4617,-0.04465,0,0.8901,0.87593,0.04042,316,103.63907,1,0.47061,-0.04824,-0.04292,0.07519,0.62426,0.31943,0.09663,20.47427,1,0.44205,-0.04276,0.94251,0.00417,1,1,0.01827,0.07051,0.60302,0.57815,0.1069,19.04762,1,0.48136,-0.04654,0.94251,0.00426,1,1,participant_30,question_2,No-Timer,True,Other
0.0,0,41,1,0.46755,-0.02905,0,0.8901,0.87593,0.04708,316,103.63907,1,0.47023,-0.04584,-0.04292,0.07519,0.62426,0.31931,0.09674,20.07439,1,0.4592,-0.02868,0.93589,0.00445,1,1,0.01827,0.07051,0.60302,0.57816,0.10696,18.76687,1,0.47589,-0.02943,0.93589,0.00448,1,1,participant_30,question_2,No-Timer,True,Other
0.0,0,41,1,0.46837,-0.01762,0,0.8901,0.87593,0.05392,316,103.63907,1,0.47002,-0.0427,-0.18427,0.32836,2.73294,0.31928,0.09688,19.96409,1,0.46069,-0.01379,0.92332,0.0044,0,1,0.01873,0.07242,0.61974,0.57811,0.10706,18.82581,1,0.47605,-0.02144,0.92927,0.0045,1,1,participant_30,question_2,No-Timer,True,Other
0.0,0,41,1,0.47662,-0.00602,0,0.8901,0.87593,0.06023,316,103.63907,1,0.47068,-0.03903,-0.18427,0.32836,2.73294,0.31919,0.09697,20.3551,1,0.46742,0.00481,0.92332,0.00428,0,1,0.01873,0.07242,0.61974,0.57799,0.1071,18.83756,1,0.48582,-0.01685,0.92927,0.00451,1,1,participant_30,question_2,No-Timer,True,Other
0.0,0,41,1,0.46782,-0.01142,0,0.8901,0.87593,0.06694,316,103.63907,1,0.47042,-0.03652,-0.18427,0.32836,2.73294,0.31925,0.09717,20.11581,1,0.45601,0.0029,0.92332,0.00426,0,1,0.01873,0.07242,0.61974,0.57813,0.10736,19.14711,1,0.47962,-0.02574,0.92927,0.00438,1,1,participant_30,question_2,No-Timer,True,Other
0.0,0,41,1,0.46692,-0.02637,0,0.8901,0.87593,0.07407,316,103.63907,1,0.47013,-0.03568,-0.04415,0.07691,0.6401,0.31925,0.09719,20.00348,1,0.45446,-0.01177,0.93589,0.00426,1,1,0.01875,0.07291,0.62356,0.57808,0.10752,19.12809,1,0.47937,-0.04097,0.94185,0.00441,1,1,participant_30,question_2,No-Timer,True,Other
0.0,0,41,1,0.45782,-0.05333,0,0.8901,0.87593,0.08034,316,103.63907,1,0.46918,-0.03704,-0.04415,0.07691,0.6401,0.31897,0.09724,19.66333,1,0.4509,-0.06145,0.95443,0.00423,1,1,0.01875,0.07291,0.62356,0.57757,0.10749,18.60616,1,0.46474,-0.0452,0.95443,0.00442,1,1,participant_30,question_2,No-Timer,True,Other
0.0,0,41,1,0.47163,-0.0601,0,0.8901,0.87593,0.08727,316,103.63907,1,0.46936,-0.03868,-0.04415,0.07691,0.6401,0.31885,0.09742,19.94797,1,0.45882,-0.06114,0.967,0.00419,1,1,0.01875,0.07291,0.62356,0.57751,0.10743,19.24304,1,0.48445,-0.05905,0.967,0.00427,1,1,participant_30,question_2,No-Timer,True,Other
0.0,0,41,1,0.47163,-0.0601,0,0.8901,0.87593,0.09401,316,103.63907,1,0.46951,-0.04011,-0.18362,0.32581,2.71172,0.31875,0.09749,20.17989,1,0.45882,-0.06114,0.967,0.00419,0,1,0.01868,0.07298,0.62456,0.57751,0.10746,19.2227,1,0.48445,-0.05905,0.967,0.00424,1,1,participant_30,question_2,No-Timer,True,Other
0.0,0,41,1,0.46044,-0.05978,0,0.8901,0.87593,0.10043,316,103.63907,1,0.46894,-0.04134,-0.18362,0.32581,2.71172,0.31859,0.09741,20.10222,1,0.45,-0.0768,0.95443,0.00428,0,1,0.01868,0.07298,0.62456,0.57727,0.10749,18.65955,1,0.47088,-0.04277,0.95443,0.00437,1,1,participant_30,question_2,No-Timer,True,Other
0.0,0,41,1,0.48111,-0.03898,0,0.8901,0.87593,0.10773,316,103.63907,1,0.46966,-0.0412,-0.18362,0.32581,2.71172,0.31847,0.09721,19.79751,1,0.47129,-0.05561,0.94185,0.00424,0,1,0.01868,0.07298,0.62456,0.57727,0.10735,18.70803,1,0.49093,-0.02235,0.94185,0.00432,1,1,participant_30,question_2,No-Timer,True,Other
0.0,0,41,1,0.48111,-0.03898,0,0.8901,0.87593,0.1142,316,103.63907,1,0.47029,-0.04108,-0.04446,0.07706,0.64179,0.31839,0.09742,19.65816,1,0.47129,-0.05561,0.94185,0.00418,1,1,0.01868,0.07298,0.62456,0.57721,0.10739,18.72618,1,0.49093,-0.02235,0.94185,0.00429,1,1,participant_30,question_2,No-Timer,True,Other
0.0,0,41,1,0.47003,-0.04399,0,0.8901,0.87593,0.12117,316,103.63907,1,0.47028,-0.04123,-0.04446,0.07706,0.64179,0.31816,0.09753,19.72319,1,0.45498,-0.06578,0.95443,0.00416,1,1,0.01868,0.07298,0.62456,0.57725,0.10767,19.13718,1,0.48508,-0.0222,0.95443,0.00425,1,1,participant_30,question_2,No-Timer,True,Other
0.0,0,41,1,0.4532,-0.05441,0,0.8901,0.87593,0.12746,316,103.63907,1,0.46943,-0.04189,-0.04446,0.07706,0.64179,0.31803,0.09762,19.60862,1,0.43916,-0.06842,0.967,0.00414,1,1,0.01868,0.07298,0.62456,0.57699,0.10764,18.52254,1,0.46725,-0.0404,0.967,0.00426,1,1,participant_30,question_2,No-Timer,True,Other
0.0,0,41,1,0.4532,-0.05441,0,0.8901,0.87593,0.13451,316,103.63907,1,0.46865,-0.04249,-0.18565,0.32711,2.72932,0.31795,0.09767,19.53442,1,0.43916,-0.06842,0.967,0.00414,0,1,0.0186,0.07339,0.62808,0.57671,0.10771,18.92996,1,0.46725,-0.0404,0.967,0.00429,1,1,participant_30,question_2,No-Timer,True,Other
0.0,0,41,1,0.44256,-0.04005,0,0.8901,0.87593,0.14122,316,103.63907,1,0.46747,-0.04238,-0.18565,0.32711,2.72932,0.31734,0.09786,19.24613,1,0.4245,-0.04977,0.95443,0.00436,0,1,0.0186,0.07339,0.62808,0.57618,0.10759,18.61637,1,0.46063,-0.03033,0.95443,0.00418,1,1,participant_30,question_2,No-Timer,True,Other
0.0,0,41,1,0.45911,-0.03814,0,0.8901,0.87593,0.14777,316,103.63907,1,0.4671,-0.04219,-0.18565,0.32711,2.72932,0.31736,0.09785,19.34624,1,0.44845,-0.0269,0.94185,0.00429,0,1,0.0186,0.07339,0.62808,0.57621,0.10766,18.64545,1,0.46978,-0.04937,0.94185,0.00422,1,1,participant_30,question_2,No-Timer,True,Other
0.0,0,41,1,0.45911,-0.03814,0,0.8901,0.87593,0.1543,316,103.63907,1,0.46677,-0.04202,-0.04465,0.07691,0.64173,0.31739,0.09799,19.34756,1,0.44845,-0.0269,0.94185,0.00425,1,1,0.0186,0.07339,0.62808,0.57614,0.10773,18.50188,1,0.46978,-0.04937,0.94185,0.00421,1,1,participant_30,question_2,No-Timer,True,Other
0.0,0,41,1,0.45434,-0.04956,0,0.8901,0.87593,0.16074,316,103.63907,1,0.46627,-0.04232,-0.04465,0.07691,0.64173,0.3173,0.09828,19.42408,1,0.44707,-0.03409,0.95443,0.00427,1,1,0.0186,0.07339,0.62808,0.57604,0.10783,18.29035,1,0.46162,-0.06502,0.95443,0.0042,1,1,participant_30,question_2,No-Timer,True,Other
0.0,0,41,1,0.45006,-0.06278,0,0.8901,0.87593,0.16769,316,103.63907,1,0.46565,-0.04311,-0.04465,0.07691,0.64173,0.3172,0.09835,19.33255,1,0.43888,-0.05052,0.967,0.00428,1,1,0.0186,0.07339,0.62808,0.57612,0.10784,18.46576,1,0.46124,-0.07504,0.967,0.00421,1,1,participant_30,question_2,No-Timer,True,Other
0.0,0,41,1,0.44911,-0.07417,0,0.8901,0.87593,0.17434,316,103.63907,1,0.46504,-0.04426,-0.04465,0.07691,0.64173,0.31721,0.09833,19.3304,1,0.43721,-0.06524,0.97958,0.00427,1,1,0.01822,0.07207,0.61677,0.57612,0.10784,18.46576,1,0.46101,-0.0831,0.97362,0.00421,1,1,participant_30,question_2,No-Timer,True,Other
0.0,0,41,1,0.44333,-0.0656,0,0.8901,0.87593,0.18105,316,103.63907,1,0.46426,-0.04502,-0.04465,0.07691,0.64173,0.31723,0.09848,19.15457,1,0.42624,-0.05702,0.97362,0.00426,1,1,0.01822,0.07207,0.61677,0.57611,0.1076,18.2241,1,0.46043,-0.07419,0.96767,0.00432,1,1,participant_30,question_2,No-Timer,True,Other
0.0,0,41,1,0.44606,-0.06115,0,0.8901,0.87593,0.18774,316,103.63907,1,0.46364,-0.04558,-0.04465,0.07691,0.64173,0.31723,0.09848,19.15457,1,0.42957,-0.05204,0.96767,0.00426,1,1,0.01822,0.07207,0.61677,0.57605,0.10755,18.02107,1,0.46254,-0.07026,0.96171,0.00435,1,1,participant_30,question_2,No-Timer,True,Other
0.0,0,41,1,0.44648,-0.05766,0,0.8901,0.87593,0.19421,316,103.63907,1,0.46306,-0.04598,-0.04465,0.07691,0.64173,0.31714,0.09833,18.93516,1,0.43042,-0.04506,0.96171,0.00431,1,1,0.01838,0.07289,0.62378,0.57608,0.10753,17.92307,1,0.46254,-0.07026,0.96171,0.00438,1,1,participant_30,question_2,No-Timer,True,Other
0.0,0,41,1,0.44178,-0.08076,0,0.8901,0.87593,0.20115,316,103.63907,1,0.46238,-0.0471,-0.04465,0.07691,0.64173,0.31687,0.09831,19.09712,1,0.4243,-0.03858,0.96171,0.00431,1,1,0.01838,0.07289,0.62378,0.57603,0.10743,17.90692,1,0.45926,-0.12293,0.96767,0.00435,1,1,participant_30,question_2,No-Timer,True,Other
0.0,0,41,1,0.44021,-0.07843,0,0.8901,0.87593,0.20821,316,103.63907,1,0.46168,-0.04808,-0.04465,0.07691,0.64173,0.31686,0.09829,19.04598,1,0.4206,-0.03986,0.96767,0.00431,1,1,0.01838,0.07289,0.62378,0.57602,0.10741,17.99497,1,0.45982,-0.11701,0.97362,0.00436,1,1,participant_30,question_2,No-Timer,True,Other
0.0,0,41,1,0.44083,-0.07045,0,0.8901,0.87593,0.21433,316,103.63907,1,0.46105,-0.04876,-0.04212,0.0724,0.60411,0.31676,0.0981,19.26348,1,0.42159,-0.03218,0.96105,0.00417,1,1,0.01838,0.07289,0.62378,0.57586,0.10777,18.45042,1,0.46006,-0.10872,0.967,0.00437,1,1,participant_30,question_2,No-Timer,True,Other
0.0,0,41,1,0.44948,-0.06102,0,0.8901,0.87593,0.22146,316,103.63907,1,0.46071,-0.04912,-0.04212,0.0724,0.60411,0.31681,0.09814,19.00122,1,0.44258,-0.02288,0.95443,0.00411,1,1,0.01838,0.07289,0.62378,0.57585,0.10761,18.40718,1,0.45639,-0.09916,0.95443,0.00434,1,1,participant_30,question_2,No-Timer,True,Other
0.0,0,41,1,0.44895,-0.04083,0,0.8901,0.87593,0.22794,316,103.63907,1,0.46038,-0.04888,-0.04212,0.0724,0.60411,0.31668,0.09814,19.36959,1,0.44093,-0.01076,0.94185,0.00409,1,1,0.01838,0.07289,0.62378,0.5758,0.10784,18.45119,1,0.45698,-0.07091,0.94185,0.00427,1,1,participant_30,question_2,No-Timer,True,Other
0.0,0,41,1,0.45005,-0.02572,0,0.8901,0.87593,0.23463,316,103.63907,1,0.46009,-0.04824,-0.04212,0.0724,0.60411,0.31668,0.09822,19.23099,1,0.44263,0.00381,0.92927,0.00407,1,1,0.01853,0.07342,0.62871,0.57589,0.10786,18.22585,1,0.45747,-0.05525,0.92927,0.00427,1,1,participant_30,question_2,No-Timer,True,Other
0.0,0,41,1,0.44717,-0.01382,0,0.8901,0.87593,0.2411,316,103.63907,1,0.45974,-0.04731,-0.04212,0.0724,0.60411,0.31667,0.09815,19.14517,1,0.44168,0.03097,0.92927,0.00413,1,1,0.01853,0.07342,0.62871,0.57596,0.10776,18.04048,1,0.45266,-0.05862,0.92927,0.00414,1,1,participant_30,question_2,No-Timer,True,Other
0.0,0,41,1,0.44526,-0.03487,0,0.8901,0.87593,0.24811,316,103.63907,1,0.45936,-0.04698,-0.04212,0.0724,0.60411,0.31668,0.09816,19.15306,1,0.43937,-0.02159,0.92927,0.00412,1,1,0.01853,0.07342,0.62871,0.57603,0.10781,17.87147,1,0.45114,-0.04815,0.92927,0.00413,1,1,participant_30,question_2,No-Timer,True,Other
0.0,0,41,1,0.44539,-0.03118,0,0.8901,0.87593,0.25471,316,103.63907,1,0.459,-0.04658,-0.04212,0.0724,0.60411,0.31668,0.09817,19.1078,1,0.43937,-0.02159,0.92927,0.00413,1,1,0.01822,0.07202,0.61677,0.57603,0.10781,17.87147,1,0.45141,-0.04077,0.92332,0.00413,1,1,participant_30,question_2,No-Timer,True,Other
0.0,0,41,1,0.44327,-0.03889,0,0.8901,0.87593,0.26122,316,103.63907,1,0.45861,-0.04639,-0.04212,0.0724,0.60411,0.31659,0.09831,19.36369,1,0.43696,-0.04906,0.92332,0.00413,1,1,0.01822,0.07202,0.61677,0.57596,0.10799,18.39513,1,0.44959,-0.02872,0.91736,0.00414,1,1,participant_30,question_2,No-Timer,True,Other
0.0,0,41,1,0.45463,-0.02982,0,0.8901,0.87593,0.26819,316,103.63907,1,0.45851,-0.04598,-0.04212,0.0724,0.60411,0.31659,0.09831,19.36369,1,0.43681,-0.0365,0.91736,0.00413,1,1,0.01822,0.07202,0.61677,0.57602,0.10796,17.8052,1,0.47245,-0.02314,0.9114,0.00414,1,1,participant_30,question_2,No-Timer,True,Other
0.0,0,41,1,0.45505,-0.02619,0,0.8901,0.87593,0.27481,316,103.63907,1,0.45843,-0.04551,-0.04212,0.0724,0.60411,0.31656,0.09833,19.26035,1,0.43766,-0.02925,0.9114,0.00414,1,1,0.01825,0.07225,0.61948,0.57583,0.10801,18.18555,1,0.47245,-0.02314,0.9114,0.00412,1,1,participant_30,question_2,No-Timer,True,Other
0.0,0,41,1,0.45336,-0.02328,0,0.8901,0.87593,0.28181,316,103.63907,1,0.45831,-0.04499,-0.04212,0.0724,0.60411,0.31666,0.09853,19.27526,1,0.43673,-0.01468,0.9114,0.00415,1,1,0.01825,0.07225,0.61948,0.5757,0.10805,18.26001,1,0.46999,-0.03188,0.91736,0.00409,1,1,participant_30,question_2,No-Timer,True,Other
0.0,0,41,1,0.45245,-0.02743,0,0.8901,0.87593,0.28825,316,103.63907,1,0.45818,-0.04459,-0.04212,0.0724,0.60411,0.31664,0.09854,19.21676,1,0.43401,-0.0218,0.91736,0.00416,1,1,0.01825,0.07225,0.61948,0.57548,0.10809,17.71633,1,0.47089,-0.03307,0.92332,0.00412,1,1,participant_30,question_2,No-Timer,True,Other
0.0,0,41,1,0.45193,-0.03467,0,0.8901,0.87593,0.29469,316,103.63907,1,0.45804,-0.04437,-0.04212,0.07231,0.60411,0.31667,0.09856,19.08342,1,0.43314,-0.02896,0.92332,0.00416,1,1,0.01825,0.07225,0.61948,0.57583,0.1082,18.44439,1,0.47072,-0.04038,0.92927,0.00414,1,1,participant_30,question_2,No-Timer,True,Other
0.0,0,41,1,0.45603,-0.03319,0,0.8901,0.87593,0.30141,316,103.63907,1,0.45799,-0.04413,-0.04212,0.07231,0.60411,0.31653,0.09888,18.85648,1,0.45209,-0.03374,0.92927,0.00423,1,1,0.01825,0.07225,0.61948,0.57574,0.10852,18.40618,1,0.45996,-0.03264,0.92927,0.00428,1,1,participant_30,question_2,No-Timer,True,Other
0.0,0,41,1,0.41695,-0.02003,0,0.8901,0.87593,0.30834,316,103.63907,1,0.45712,-0.04362,-0.04212,0.07231,0.60411,0.31599,0.09908,19.11675,1,0.40105,-0.01547,0.92927,0.00429,1,1,0.01825,0.07225,0.61948,0.57488,0.10847,17.8748,1,0.43285,-0.02458,0.92927,0.00422,1,1,participant_30,question_2,No-Timer,True,Other
0.0,0,41,1,0.41546,-0.03511,0,0.8901,0.87593,0.31481,316,103.63907,1,0.45625,-0.04344,-0.0451,0.07683,0.64262,0.3157,0.0993,18.7464,1,0.39884,-0.03036,0.94185,0.00434,1,1,0.01813,0.07283,0.62486,0.57441,0.1074,17.52979,1,0.43208,-0.03987,0.94185,0.0037,1,1,participant_30,question_2,No-Timer,True,Other
0.0,0,41,1,0.34592,-0.0624,0,0.8901,0.87593,0.32151,316,103.63907,1,0.45364,-0.04405,-0.0451,0.07683,0.64262,0.31412,0.09936,19.04521,1,0.32831,-0.05033,0.95443,0.00427,1,1,0.01813,0.07283,0.62486,0.57279,0.10765,17.31261,1,0.36353,-0.07446,0.95443,0.00367,1,1,participant_30,question_2,No-Timer,True,Other
0.0,0,41,1,0.36258,-0.08473,0,0.8901,0.87593,0.32848,316,103.63907,1,0.45121,-0.04508,-0.0451,0.07683,0.64262,0.31388,0.09905,18.41757,1,0.3425,-0.05468,0.967,0.00438,1,1,0.01813,0.07283,0.62486,0.57255,0.10771,17.32973,1,0.38266,-0.11477,0.967,0.00366,1,1,participant_30,question_2,No-Timer,True,Other
0.0,0,41,1,0.36258,-0.08473,0,0.8901,0.87593,0.32848,316,103.63907,0,0.42252,-0.0417,-0.04266,0.07252,0.60662,0.31378,0.09936,18.46713,1,0.3425,-0.05468,0.967,0.00432,1,1,0.018,0.07304,0.62673,0.57227,0.10785,17.41858,1,0.38266,-0.11477,0.967,0.00361,1,1,participant_30,question_2,No-Timer,True,Other
0.0,0,41,1,0.37297,-0.06309,0,0.8901,0.87593,0.32848,316,103.63907,0,0.39774,-0.0524,-0.04266,0.07252,0.60662,0.3139,0.09921,18.60733,1,0.35092,-0.03008,0.95443,0.00431,1,1,0.018,0.07304,0.62673,0.57244,0.10789,17.49076,1,0.39502,-0.09609,0.95443,0.00364,1,1,participant_30,question_2,No-Timer,True,Other
0.0,0,41,1,0.37501,-0.04583,0,0.8901,0.87593,0.32848,316,103.63907,0,0.39017,-0.05021,-0.04266,0.07252,0.60662,0.31391,0.09939,18.68751,1,0.35464,-0.0134,0.94185,0.00414,1,1,0.018,0.07304,0.62673,0.57244,0.10789,17.49076,1,0.39538,-0.07826,0.94185,0.00364,1,1,participant_30,question_2,No-Timer,True,Other
0.0,0,41,1,0.37697,-0.03055,0,0.8901,0.87593,0.01945,317,103.97463,1,0.38687,-0.04529,-0.04266,0.07252,0.60662,0.31384,0.09934,18.63114,1,0.35739,0.0013,0.92927,0.00413,1,1,0.018,0.07304,0.62673,0.57246,0.10791,17.52535,1,0.39654,-0.0624,0.92927,0.00365,1,1,participant_30,question_2,No-Timer,True,Other
0.0,0,41,1,0.36277,-0.04929,0,0.8901,0.87593,0.02614,317,103.97463,1,0.38205,-0.04609,-0.04266,0.07252,0.60662,0.31395,0.0995,18.57904,1,0.35163,-0.03151,0.92927,0.00421,1,1,0.018,0.07304,0.62673,0.57248,0.10795,17.61283,1,0.37391,-0.06706,0.92927,0.00365,1,1,participant_30,question_2,No-Timer,True,Other
0.0,0,41,1,0.37312,-0.0488,0,0.8901,0.87593,0.03306,317,103.97463,1,0.38056,-0.04654,-0.04266,0.07252,0.60662,0.31395,0.0995,18.57904,1,0.35417,-0.02733,0.92927,0.00422,1,1,0.018,0.07304,0.62673,0.57241,0.10796,17.59295,1,0.39207,-0.07026,0.92927,0.00361,1,1,participant_30,question_2,No-Timer,True,Other
0.0,0,41,1,0.37312,-0.0488,0,0.8901,0.87593,0.03953,317,103.97463,1,0.3795,-0.04686,-0.04266,0.07252,0.60662,0.31406,0.0996,18.60275,1,0.35417,-0.02733,0.92927,0.00426,1,1,0.01795,0.07279,0.62493,0.57241,0.10796,17.59295,1,0.39207,-0.07026,0.92927,0.00361,1,1,participant_30,question_2,No-Timer,True,Other
0.0,0,41,1,0.36183,-0.04587,0,0.8901,0.87593,0.04646,317,103.97463,1,0.37729,-0.04674,-0.04266,0.07252,0.60662,0.31388,0.09947,18.27694,1,0.34983,-0.03082,0.92927,0.00424,1,1,0.01795,0.07279,0.62493,0.57245,0.10798,17.58608,1,0.37383,-0.06092,0.92927,0.00368,1,1,participant_30,question_2,No-Timer,True,Other
0.0,0,41,1,0.36072,-0.04731,0,0.8901,0.87593,0.05313,317,103.97463,1,0.37545,-0.0468,-0.04266,0.07252,0.60662,0.31388,0.09947,18.27694,1,0.34995,-0.02422,0.92927,0.00424,1,1,0.01795,0.07279,0.62493,0.57243,0.10794,17.49113,1,0.37148,-0.07041,0.92927,0.00369,1,1,participant_30,question_2,No-Timer,True,Other
0.0,0,41,1,0.36072,-0.04731,0,0.8901,0.87593,0.05963,317,103.97463,1,0.37397,-0.04686,-0.04266,0.07252,0.60662,0.31394,0.09944,18.18505,1,0.34995,-0.02422,0.92927,0.00425,1,1,0.01795,0.07279,0.62493,0.57243,0.10794,17.49113,1,0.37148,-0.07041,0.92927,0.00369,1,1,participant_30,question_2,No-Timer,True,Other
0.0,0,41,1,0.36195,-0.06207,0,0.8901,0.87593,0.0666,317,103.97463,1,0.37288,-0.04824,-0.04266,0.07252,0.60662,0.31385,0.09955,18.48567,1,0.3461,-0.06623,0.92927,0.00425,1,1,0.01795,0.07279,0.62493,0.57239,0.10893,17.92038,1,0.37779,-0.05792,0.92927,0.0041,1,1,participant_30,question_2,No-Timer,True,Other
0.0,0,41,1,0.35707,-0.05587,0,0.8901,0.87593,0.07352,317,103.97463,1,0.37156,-0.04887,-0.04266,0.07252,0.60662,0.31382,0.09952,18.48091,1,0.34935,-0.0639,0.92927,0.00424,1,1,0.01795,0.07279,0.62493,0.57238,0.10901,18.09982,1,0.36479,-0.04785,0.92927,0.00412,1,1,participant_30,question_2,No-Timer,True,Other
0.0,0,41,1,0.35707,-0.05587,0,0.8901,0.87593,0.08009,317,103.97463,1,0.37045,-0.04941,-0.04266,0.07252,0.60662,0.31382,0.09954,18.41541,1,0.34935,-0.0639,0.92927,0.00425,1,1,0.01762,0.07143,0.61369,0.57238,0.10901,18.09982,1,0.36479,-0.04785,0.92927,0.00412,1,1,participant_30,question_2,No-Timer,True,Other
0.0,0,41,1,0.3604,-0.05528,0,0.8901,0.87593,0.08642,317,103.97463,1,0.36973,-0.04983,-0.04266,0.07252,0.60662,0.31382,0.09954,18.41541,1,0.34669,-0.06126,0.92927,0.00425,1,1,0.01762,0.07143,0.61369,0.57245,0.10895,18.18344,1,0.37411,-0.04931,0.92927,0.00412,1,1,participant_30,question_2,No-Timer,True,Other
0.0,0,41,1,0.35958,-0.05601,0,0.8901,0.87593,0.09335,317,103.97463,1,0.36905,-0.05024,-0.04266,0.07252,0.60662,0.3138,0.09956,18.28695,1,0.34611,-0.05594,0.92927,0.00425,1,1,0.01762,0.07143,0.61369,0.57249,0.10888,18.16846,1,0.37305,-0.05609,0.92927,0.00408,1,1,participant_30,question_2,No-Timer,True,Other
0.0,0,41,1,0.35958,-0.05601,0,0.8901,0.87593,0.09982,317,103.97463,1,0.36846,-0.0506,-0.04266,0.07248,0.60662,0.3138,0.09956,18.28695,1,0.34611,-0.05594,0.92927,0.00425,1,1,0.01795,0.07279,0.62493,0.57249,0.10888,18.16846,1,0.37305,-0.05609,0.92927,0.00408,1,1,participant_30,question_2,No-Timer,True,Other
0.0,0,41,1,0.35578,-0.05298,0,0.8901,0.87593,0.10699,317,103.97463,1,0.36772,-0.05074,-0.04266,0.07248,0.60662,0.31355,0.09972,18.83448,1,0.34263,-0.05385,0.92927,0.00419,1,1,0.01795,0.07279,0.62493,0.57237,0.109,18.44257,1,0.36894,-0.05212,0.92927,0.00409,1,1,participant_30,question_2,No-Timer,True,Other
0.0,0,41,1,0.36713,-0.04811,0,0.8901,0.87593,0.11344,317,103.97463,1,0.36768,-0.0506,-0.04266,0.07248,0.60662,0.31359,0.09969,18.96133,1,0.36561,-0.05051,0.92927,0.00419,1,1,0.01795,0.07279,0.62493,0.57237,0.109,18.44257,1,0.36866,-0.04571,0.92927,0.00409,1,1,participant_30,question_2,No-Timer,True,Other
0.0,0,41,1,0.36748,-0.0444,0,0.8901,0.87593,0.12012,317,103.97463,1,0.36767,-0.05027,-0.04266,0.07248,0.60662,0.31358,0.09969,18.78762,1,0.36561,-0.05051,0.92927,0.00418,1,1,0.01719,0.06988,0.60034,0.57239,0.10904,18.43123,1,0.36936,-0.03829,0.92332,0.00411,1,1,participant_30,question_2,No-Timer,True,Other
0.0,0,41,1,0.37974,-0.03633,0,0.8901,0.87593,0.12703,317,103.97463,1,0.36828,-0.04958,-0.04266,0.07248,0.60662,0.3136,0.09962,18.97157,1,0.36942,-0.04001,0.92332,0.00421,1,1,0.01719,0.06988,0.60034,0.57241,0.10935,18.22089,1,0.39006,-0.03265,0.91736,0.00435,1,1,participant_30,question_2,No-Timer,True,Other
0.0,0,41,1,0.37814,-0.02579,0,0.8901,0.87593,0.13373,317,103.97463,1,0.36875,-0.04844,-0.04266,0.07248,0.60662,0.31357,0.0997,18.80845,1,0.36355,-0.02583,0.91736,0.00423,1,1,0.01719,0.06988,0.60034,0.57243,0.10903,18.50148,1,0.39272,-0.02576,0.9114,0.00403,1,1,participant_30,question_2,No-Timer,True,Other
0.0,0,41,1,0.3771,-0.03393,0,0.8901,0.87593,0.14045,317,103.97463,1,0.36913,-0.04778,-0.04469,0.07576,0.63407,0.31356,0.09979,18.78346,1,0.36213,-0.03386,0.92398,0.00422,1,1,0.01719,0.06988,0.60034,0.57244,0.10901,18.33163,1,0.39206,-0.034,0.91802,0.00403,1,1,participant_30,question_2,No-Timer,True,Other
0.0,0,41,1,0.37484,-0.04588,0,0.8901,0.87593,0.14722,317,103.97463,1,0.36937,-0.0477,-0.04469,0.07576,0.63407,0.31355,0.09976,18.90902,1,0.36204,-0.04327,0.9306,0.0042,1,1,0.01719,0.06988,0.60034,0.57242,0.10892,18.38737,1,0.38764,-0.04848,0.9306,0.00407,1,1,participant_30,question_2,No-Timer,True,Other
0.0,0,41,1,0.37128,-0.06226,0,0.8901,0.87593,0.15364,317,103.97463,1,0.36945,-0.04831,-0.04469,0.07576,0.63407,0.3135,0.09954,18.92836,1,0.35825,-0.06044,0.94317,0.00408,1,1,0.01719,0.06988,0.60034,0.57241,0.10899,18.37856,1,0.3843,-0.06407,0.94317,0.00404,1,1,participant_30,question_2,No-Timer,True,Other
0.0,0,41,1,0.36929,-0.07775,0,0.8901,0.87593,0.16011,317,103.97463,1,0.36945,-0.04948,-0.04469,0.07576,0.63407,0.31351,0.0995,18.92805,1,0.35556,-0.07577,0.95575,0.00408,1,1,0.01719,0.06988,0.60034,0.57241,0.10899,18.39854,1,0.38302,-0.07974,0.95575,0.00404,1,1,participant_30,question_2,No-Timer,True,Other
0.0,0,41,1,0.36149,-0.07699,0,0.8901,0.87593,0.16701,317,103.97463,1,0.36914,-0.05054,-0.04469,0.07576,0.63407,0.31339,0.09978,19.15691,1,0.34901,-0.07292,0.95575,0.00416,1,1,0.01719,0.06988,0.60034,0.57235,0.10895,18.5907,1,0.37398,-0.08107,0.95575,0.00407,1,1,participant_30,question_2,No-Timer,True,Other
0.0,0,41,1,0.34873,-0.07125,0,0.8901,0.87593,0.17348,317,103.97463,1,0.36839,-0.05131,-0.04469,0.07576,0.63407,0.31341,0.09983,19.04389,1,0.32388,-0.06989,0.95575,0.00419,1,1,0.01719,0.06988,0.60034,0.57203,0.10909,18.82298,1,0.37358,-0.07261,0.95575,0.0042,1,1,participant_30,question_2,No-Timer,True,Other
0.0,0,41,1,0.3499,-0.06312,0,0.8901,0.87593,0.18018,317,103.97463,1,0.36773,-0.05173,-0.04392,0.07408,0.62125,0.31289,0.09987,19.54809,1,0.3255,-0.06185,0.94913,0.00413,1,1,0.01732,0.07115,0.61129,0.57181,0.10935,18.2266,1,0.37431,-0.0644,0.94913,0.0043,1,1,participant_30,question_2,No-Timer,True,Other
0.0,0,41,1,0.28938,-0.03936,0,0.8901,0.87593,0.18719,317,103.97463,1,0.36502,-0.05131,-0.04392,0.07408,0.62125,0.31169,0.10065,18.75684,1,0.27266,-0.02685,0.94251,0.00444,1,1,0.01732,0.07115,0.61129,0.56983,0.10844,18.09127,1,0.30609,-0.05188,0.94251,0.00375,1,1,participant_30,question_2,No-Timer,True,Other
0.0,0,41,1,0.29853,-0.03252,0,0.8901,0.87593,0.19359,317,103.97463,1,0.36281,-0.05068,-0.04392,0.07408,0.62125,0.31124,0.09907,18.60137,1,0.28314,-0.03143,0.93589,0.00386,1,1,0.01732,0.07115,0.61129,0.56973,0.1085,18.00653,1,0.31392,-0.0336,0.93589,0.00376,1,1,participant_30,question_2,No-Timer,True,Other
0.0,0,41,1,0.30139,-0.01722,0,0.8901,0.87593,0.20084,317,103.97463,1,0.36083,-0.0496,-0.04337,0.07292,0.61151,0.311,0.09903,18.40106,1,0.28678,-0.01631,0.92332,0.00381,1,1,0.01676,0.06958,0.59777,0.56946,0.10846,18.23413,1,0.31601,-0.01812,0.92332,0.00375,1,1,participant_30,question_2,No-Timer,True,Other
0.0,0,41,1,0.31285,-0.01062,0,0.8901,0.87593,0.20745,317,103.97463,1,0.35933,-0.04838,-0.04337,0.07292,0.61151,0.31127,0.10026,19.27613,1,0.29763,-0.00275,0.91736,0.00438,1,1,0.01676,0.06958,0.59777,0.56982,0.10953,18.61975,1,0.32806,-0.0185,0.91736,0.00448,1,1,participant_30,question_2,No-Timer,True,Other
0.0,0,41,1,0.31501,-0.01904,0,0.8901,0.87593,0.21427,317,103.97463,1,0.35798,-0.04749,-0.04337,0.07292,0.61151,0.31135,0.10028,19.37849,1,0.2954,-0.00188,0.9114,0.00439,1,1,0.01676,0.06958,0.59777,0.56979,0.1096,18.69722,1,0.33463,-0.0362,0.9114,0.00447,1,1,participant_30,question_2,No-Timer,True,Other
0.0,0,41,1,0.31631,-0.0117,0,0.8901,0.87593,0.22072,317,103.97463,1,0.35676,-0.04644,-0.04337,0.07292,0.61151,0.31136,0.10029,19.40689,1,0.2971,0.00528,0.90544,0.00439,1,1,0.01676,0.06958,0.59777,0.56954,0.10827,17.96408,1,0.33553,-0.02867,0.90544,0.00378,1,1,participant_30,question_2,No-Timer,True,Other
0.0,0,41,1,0.30745,-0.00513,0,0.8901,0.87593,0.22072,317,103.97463,0,0.32847,-0.04058,-0.04337,0.07292,0.61151,0.31112,0.10049,19.50094,1,0.2933,0.00235,0.90544,0.00444,1,1,0.01676,0.06958,0.59777,0.56976,0.1093,18.61895,1,0.3216,-0.01261,0.90544,0.00441,1,1,participant_30,question_2,No-Timer,True,Other
0.0,0,41,1,0.3177,-0.00624,0,0.8901,0.87593,0.22072,317,103.97463,0,0.32309,-0.02341,-0.04337,0.07292,0.61151,0.31111,0.1006,19.39872,1,0.31335,0.00083,0.90544,0.00449,1,1,0.01676,0.06958,0.59777,0.56965,0.10889,18.90857,1,0.32205,-0.01331,0.90544,0.00419,1,1,participant_30,question_2,No-Timer,True,Other
0.0,0,41,1,0.31641,-0.01355,0,0.8901,0.87593,0.22072,317,103.97463,0,0.32086,-0.02012,-0.04422,0.07431,0.62274,0.311,0.10064,19.20446,1,0.31175,-0.00634,0.9114,0.00451,1,1,0.01676,0.06958,0.59777,0.56968,0.10885,18.84416,1,0.32107,-0.02075,0.9114,0.00419,1,1,participant_30,question_2,No-Timer,True,Other
0.0,0,41,1,0.31435,-0.02627,0,0.8901,0.87593,0.0201,318,104.20191,1,0.31923,-0.02166,-0.04422,0.07431,0.62274,0.31097,0.10064,19.19582,1,0.31015,-0.01352,0.91736,0.00451,1,1,0.01676,0.06958,0.59777,0.56971,0.10898,18.79384,1,0.31855,-0.03902,0.91736,0.00424,1,1,participant_30,question_2,No-Timer,True,Other
0.0,0,41,1,0.30762,-0.04058,0,0.8901,0.87593,0.02711,318,104.20191,1,0.31691,-0.02544,-0.04422,0.07431,0.62274,0.311,0.10023,19.06158,1,0.30007,-0.02767,0.92332,0.00431,1,1,0.01676,0.06958,0.59777,0.56985,0.10915,19.01775,1,0.31517,-0.05349,0.92332,0.00424,1,1,participant_30,question_2,No-Timer,True,Other
0.0,0,41,1,0.30484,-0.0562,0,0.8901,0.87593,0.0336,318,104.20191,1,0.3149,-0.03057,-0.04495,0.07551,0.63238,0.31099,0.10039,18.87941,1,0.2966,-0.04294,0.93589,0.00454,1,1,0.01692,0.0703,0.60357,0.56983,0.10916,19.0014,1,0.31309,-0.06947,0.93589,0.00424,1,1,participant_30,question_2,No-Timer,True,Other
0.0,0,41,1,0.30378,-0.06914,0,0.8901,0.87593,0.04066,318,104.20191,1,0.31331,-0.03608,-0.04495,0.07551,0.63238,0.31124,0.09986,19.31459,1,0.2983,-0.05507,0.94251,0.00433,1,1,0.01692,0.0703,0.60357,0.56969,0.10891,18.69124,1,0.30926,-0.08322,0.94251,0.00435,1,1,participant_30,question_2,No-Timer,True,Other
0.0,0,41,1,0.30161,-0.05936,0,0.8901,0.87593,0.047,318,104.20191,1,0.31185,-0.03899,-0.04495,0.07551,0.63238,0.3112,0.0998,19.16598,1,0.2951,-0.06037,0.94913,0.00428,1,1,0.01692,0.0703,0.60357,0.56989,0.10898,19.08035,1,0.30813,-0.05835,0.94913,0.00439,1,1,participant_30,question_2,No-Timer,True,Other
0.0,0,41,1,0.30016,-0.06749,0,0.8901,0.87593,0.0534,318,104.20191,1,0.31055,-0.04216,-0.0451,0.07581,0.63453,0.31124,0.09977,19.27415,1,0.29329,-0.06842,0.95575,0.00428,1,1,0.01723,0.0716,0.61437,0.5697,0.10888,19.05563,1,0.30702,-0.06656,0.95575,0.00433,1,1,participant_30,question_2,No-Timer,True,Other
0.0,0,41,1,0.29684,-0.07552,0,0.8901,0.87593,0.0603,318,104.20191,1,0.30918,-0.04549,-0.0451,0.07581,0.63453,0.31117,0.09974,19.31346,1,0.28953,-0.08267,0.95575,0.00431,1,1,0.01723,0.0716,0.61437,0.56947,0.10878,18.75793,1,0.30414,-0.06837,0.95575,0.00431,1,1,participant_30,question_2,No-Timer,True,Other
0.0,0,41,1,0.30101,-0.05646,0,0.8901,0.87593,0.06747,318,104.20191,1,0.30844,-0.04649,-0.0451,0.07581,0.63453,0.31119,0.09974,19.29615,1,0.29236,-0.0408,0.95575,0.00438,1,1,0.01723,0.0716,0.61437,0.56925,0.1078,18.09224,1,0.30965,-0.07211,0.95575,0.00378,1,1,participant_30,question_2,No-Timer,True,Other
0.0,0,41,1,0.30101,-0.05646,0,0.8901,0.87593,0.07386,318,104.20191,1,0.30782,-0.04732,-0.0451,0.07581,0.63453,0.31121,0.09974,19.31348,1,0.29236,-0.0408,0.95575,0.00438,1,1,0.01723,0.0716,0.61437,0.56929,0.10781,18.07586,1,0.30965,-0.07211,0.95575,0.0038,1,1,participant_30,question_2,No-Timer,True,Other
0.0,0,41,1,0.30002,-0.04094,0,0.8901,0.87593,0.08057,318,104.20191,1,0.30722,-0.04683,-0.0451,0.07581,0.63453,0.31108,0.09966,19.04062,1,0.29072,-0.05494,0.95575,0.00437,1,1,0.01723,0.0716,0.61437,0.56936,0.10763,18.1222,1,0.30932,-0.02694,0.95575,0.0038,1,1,participant_30,question_2,No-Timer,True,Other
0.0,0,41,1,0.30221,-0.03322,0,0.8901,0.87593,0.08753,318,104.20191,1,0.30686,-0.04586,-0.0451,0.07581,0.63453,0.31107,0.09958,19.11516,1,0.29088,-0.02594,0.95575,0.00436,1,1,0.01723,0.0716,0.61437,0.56938,0.10772,18.01454,1,0.31353,-0.0405,0.95575,0.00374,1,1,participant_30,question_2,No-Timer,True,Other
0.0,0,41,1,0.30221,-0.03322,0,0.8901,0.87593,0.09358,318,104.20191,1,0.30655,-0.04501,-0.04331,0.07285,0.60934,0.31111,0.0996,18.90413,1,0.29088,-0.02594,0.95575,0.00437,1,1,0.01723,0.0716,0.61437,0.56942,0.10768,18.05189,1,0.31353,-0.0405,0.95575,0.00376,1,1,participant_30,question_2,No-Timer,True,Other
0.0,0,41,1,0.30557,-0.0355,0,0.8901,0.87593,0.10028,318,104.20191,1,0.30649,-0.04442,-0.04331,0.07285,0.60934,0.31106,0.09935,19.01921,1,0.29666,-0.02967,0.95575,0.00427,1,1,0.01723,0.0716,0.61437,0.56946,0.10765,18.08602,1,0.31449,-0.04133,0.95575,0.00373,1,1,participant_30,question_2,No-Timer,True,Other
0.0,0,41,1,0.30748,-0.04496,0,0.8901,0.87593,0.10729,318,104.20191,1,0.30655,-0.04445,-0.04331,0.07285,0.60934,0.31108,0.09922,19.04203,1,0.29798,-0.04185,0.95575,0.00426,1,1,0.01723,0.0716,0.61437,0.56947,0.10765,18.07968,1,0.31697,-0.04806,0.95575,0.00374,1,1,participant_30,question_2,No-Timer,True,Other
0.0,0,41,1,0.30889,-0.03699,0,0.8901,0.87593,0.11388,318,104.20191,1,0.30668,-0.04404,-0.04431,0.0746,0.62405,0.31085,0.09822,18.52866,1,0.29976,-0.03399,0.94913,0.00384,1,1,0.01723,0.0716,0.61437,0.56949,0.10763,18.04605,1,0.31802,-0.03999,0.94913,0.00375,1,1,participant_30,question_2,No-Timer,True,Other
0.0,0,41,1,0.3159,-0.0375,0,0.8901,0.87593,0.12083,318,104.20191,1,0.30716,-0.04369,-0.04431,0.0746,0.62405,0.31105,0.09931,19.03379,1,0.30597,-0.0407,0.94251,0.00436,1,1,0.01723,0.0716,0.61437,0.56953,0.10756,18.11111,1,0.32583,-0.0343,0.94251,0.00374,1,1,participant_30,question_2,No-Timer,True,Other
0.0,0,41,1,0.30799,-0.02936,0,0.8901,0.87593,0.12737,318,104.20191,1,0.3072,-0.04298,-0.04431,0.0746,0.62405,0.31109,0.09948,18.98567,1,0.28896,-0.02829,0.93589,0.00448,1,1,0.01723,0.0716,0.61437,0.56963,0.10762,18.08544,1,0.32702,-0.03043,0.93589,0.00373,1,1,participant_30,question_2,No-Timer,True,Other
0.0,0,41,1,0.31074,-0.01412,0,0.8901,0.87593,0.13469,318,104.20191,1,0.30737,-0.0416,-0.04267,0.07201,0.60159,0.31105,0.09956,19.22002,1,0.29253,-0.01322,0.92332,0.00453,1,1,0.01692,0.07039,0.60357,0.56966,0.10762,18.11925,1,0.32896,-0.01502,0.92332,0.00372,1,1,participant_30,question_2,No-Timer,True,Other
0.0,0,41,1,0.3021,-0.01679,0,0.8901,0.87593,0.14071,318,104.20191,1,0.30713,-0.04047,-0.04267,0.07201,0.60159,0.31119,0.09895,19.20403,1,0.29129,-0.01816,0.91736,0.00424,1,1,0.01692,0.07039,0.60357,0.57009,0.10874,18.13801,1,0.31291,-0.01541,0.91736,0.00441,1,1,participant_30,question_2,No-Timer,True,Other
0.0,0,41,1,0.30716,-0.01024,0,0.8901,0.87593,0.14767,318,104.20191,1,0.30713,-0.03916,-0.04267,0.07201,0.60159,0.31115,0.09901,19.13539,1,0.29962,-0.01639,0.9114,0.00426,1,1,0.01692,0.07039,0.60357,0.57024,0.10877,18.54325,1,0.3147,-0.00408,0.9114,0.00439,1,1,participant_30,question_2,No-Timer,True,Other
0.0,0,41,1,0.30897,0.00037,0,0.8901,0.87593,0.15415,318,104.20191,1,0.30721,-0.03751,-0.04267,0.07201,0.60159,0.31115,0.09901,19.13539,1,0.30129,-0.00914,0.90544,0.00426,1,1,0.01687,0.06997,0.59995,0.56981,0.10747,18.1288,1,0.31664,0.00988,0.90005,0.00373,1,1,participant_30,question_2,No-Timer,True,Other
0.0,0,41,1,0.31608,-0.00536,0,0.8901,0.87593,0.16087,318,104.20191,1,0.30756,-0.03623,-0.04267,0.07201,0.60159,0.31118,0.09892,19.11498,1,0.30445,-0.02044,0.90005,0.0043,1,1,0.01687,0.06997,0.59995,0.56981,0.10747,18.1288,1,0.32771,0.00971,0.89466,0.00373,1,1,participant_30,question_2,No-Timer,True,Other
0.0,0,41,1,0.3152,-0.00206,0,0.8901,0.87593,0.16748,318,104.20191,1,0.30786,-0.03491,-0.04267,0.07201,0.60159,0.31121,0.0989,19.18194,1,0.30588,-0.01555,0.89466,0.0043,1,1,0.01687,0.06997,0.59995,0.57018,0.10866,18.59056,1,0.32452,0.01143,0.88927,0.00431,1,1,participant_30,question_2,No-Timer,True,Other
0.0,0,41,1,0.31596,0.00128,0,0.8901,0.87593,0.17453,318,104.20191,1,0.30816,-0.03357,-0.04337,0.07329,0.61151,0.31124,0.09885,19.26383,1,0.30739,-0.00888,0.88927,0.00427,1,1,0.01716,0.071,0.60881,0.57017,0.10866,18.6156,1,0.32452,0.01143,0.88927,0.00432,1,1,participant_30,question_2,No-Timer,True,Other
0.0,0,41,1,0.31457,0.01958,0,0.8901,0.87593,0.18134,318,104.20191,1,0.30839,-0.03167,-0.04337,0.07329,0.61151,0.31119,0.09862,19.17129,1,0.30465,0.03818,0.88927,0.00436,1,1,0.01716,0.071,0.60881,0.57017,0.10866,18.6156,1,0.32448,0.00098,0.89466,0.00432,1,1,participant_30,question_2,No-Timer,True,Other
0.0,0,41,1,0.31493,0.00686,0,0.8901,0.87593,0.18759,318,104.20191,1,0.30861,-0.03035,-0.04337,0.07329,0.61151,0.31119,0.09862,19.17129,1,0.30794,0.01587,0.89466,0.00436,1,1,0.01716,0.071,0.60881,0.57017,0.10866,18.6156,1,0.32192,-0.00215,0.90005,0.00432,1,1,participant_30,question_2,No-Timer,True,Other
0.0,0,41,1,0.31374,0.00027,0,0.8901,0.87593,0.19427,318,104.20191,1,0.30878,-0.02932,-0.04337,0.07329,0.61151,0.31122,0.09852,18.99969,1,0.30644,0.00939,0.90005,0.00435,1,1,0.01716,0.07105,0.60881,0.57017,0.10866,18.6156,1,0.32103,-0.00885,0.90544,0.00432,1,1,participant_30,question_2,No-Timer,True,Other
0.0,0,41,1,0.31272,0.00631,0,0.8901,0.87593,0.20097,318,104.20191,1,0.30891,-0.02818,-0.04337,0.07329,0.61151,0.31138,0.09863,19.20721,1,0.30062,0.03963,0.90544,0.00439,1,1,0.01716,0.07105,0.60881,0.57009,0.10835,18.71716,1,0.32483,-0.02702,0.90544,0.00419,1,1,participant_30,question_2,No-Timer,True,Other
0.0,0,41,1,0.31153,0.00847,0,0.8901,0.87593,0.20097,318,104.20191,0,0.31198,-0.00045,-0.04337,0.07329,0.61151,0.3114,0.09869,19.26079,1,0.2995,0.03526,0.90544,0.00442,1,1,0.01716,0.07105,0.60881,0.57009,0.10831,18.68611,1,0.32356,-0.01832,0.90544,0.00417,1,1,participant_30,question_2,No-Timer,True,Other
0.0,0,41,1,0.31153,0.00847,0,0.8901,0.87593,0.20097,318,104.20191,0,0.31175,0.00401,-0.04337,0.07329,0.61151,0.31141,0.09867,19.26419,1,0.2995,0.03526,0.90544,0.00441,1,1,0.01716,0.07105,0.60881,0.57,0.10838,18.57087,1,0.32356,-0.01832,0.90544,0.0042,1,1,participant_30,question_2,No-Timer,True,Other
0.0,0,41,1,0.32341,0.00664,0,0.8901,0.87593,0.20097,318,104.20191,0,0.31564,0.00489,-0.04337,0.07329,0.61151,0.31143,0.09835,19.48617,1,0.32444,0.03287,0.90544,0.00434,1,1,0.01716,0.07105,0.60881,0.57001,0.10809,18.37836,1,0.32238,-0.0196,0.90544,0.00418,1,1,participant_30,question_2,No-Timer,True,Other
0.0,0,41,1,0.30684,0.02403,0,0.8901,0.87593,0.0202,319,104.41007,1,0.31344,0.00967,-0.04337,0.07329,0.61151,0.31138,0.09837,19.41703,1,0.29903,0.00418,0.90544,0.00438,1,1,0.01716,0.07105,0.60881,0.57003,0.10797,18.34434,1,0.31465,0.04388,0.90544,0.00425,1,1,participant_30,question_2,No-Timer,True,Other
0.0,0,41,1,0.30731,0.02722,0,0.8901,0.87593,0.02637,319,104.41007,1,0.31221,0.01318,-0.04267,0.07219,0.60159,0.31106,0.09839,19.52392,1,0.29903,0.00418,0.90544,0.00441,1,1,0.01669,0.06938,0.59377,0.56971,0.1069,18.08908,1,0.31559,0.05026,0.90005,0.00374,1,1,participant_30,question_2,No-Timer,True,Question
0.0,0,41,1,0.32007,0.01661,0,0.8901,0.87593,0.03302,319,104.41007,1,0.31352,0.01375,-0.04267,0.07219,0.60159,0.31154,0.09754,19.61546,1,0.31608,0.00395,0.90005,0.0044,1,1,0.01669,0.06938,0.59377,0.56972,0.10726,18.52145,1,0.32405,0.02926,0.89466,0.00424,1,1,participant_30,question_2,No-Timer,True,Other
0.0,0,40,1,0.31341,0.18981,0,0.8901,0.87593,0.03974,319,104.41007,1,0.31351,0.0389,-0.04267,0.07219,0.60159,0.31184,0.0985,18.43296,1,0.32515,0.12314,0.89466,0.00409,1,1,0.01669,0.06938,0.59377,0.56964,0.10885,16.25047,1,0.30167,0.25648,0.88927,0.00392,1,1,participant_30,question_2,No-Timer,True,Question
0.0,0,40,1,0.31216,0.18377,0,0.8901,0.87593,0.04662,319,104.41007,1,0.31334,0.05701,-0.04341,0.07411,0.6153,0.31192,0.09821,18.22364,1,0.325,0.12253,0.89523,0.0039,1,1,0.01758,0.07342,0.62513,0.56941,0.10754,12.69,1,0.29931,0.24501,0.90119,0.00342,1,1,participant_30,question_2,No-Timer,True,Question
0.0,0,40,0,0.31216,0.18377,0,0.8901,0.87593,0.05309,319,104.41007,1,0.31334,0.05701,-0.04341,0.07411,0.6153,0.31192,0.09821,18.22364,0,0.325,0.12253,0.90714,0.0039,1,0,0.01758,0.07342,0.62513,0.56941,0.10754,12.69,0,0.29931,0.24501,0.91849,0.00342,1,0,participant_30,question_2,No-Timer,False,Question
0.0,0,40,0,0.31216,0.18377,0,0.8901,0.87593,0.05959,319,104.41007,1,0.31334,0.05701,-0.04341,0.07411,0.6153,0.31192,0.09821,18.22364,0,0.325,0.12253,0.92445,0.0039,1,0,0.01758,0.07342,0.62513,0.56941,0.10754,12.69,0,0.29931,0.24501,0.9358,0.00342,1,0,participant_30,question_2,No-Timer,False,Question
0.0,0,40,0,0.31216,0.18377,0,0.8901,0.87593,0.06666,319,104.41007,1,0.31334,0.05701,-0.04341,0.07411,0.6153,0.31192,0.09821,18.22364,0,0.325,0.12253,0.94176,0.0039,1,0,0.01758,0.07342,0.62513,0.56941,0.10754,12.69,0,0.29931,0.24501,0.9531,0.00342,1,0,participant_30,question_2,No-Timer,False,Question
0.0,0,40,0,0.31216,0.18377,0,0.8901,0.87593,0.06666,319,104.41007,0,0.31353,0.06522,-0.04341,0.07411,0.6153,0.31192,0.09821,18.22364,0,0.325,0.12253,0.9531,0.0039,1,0,0.01758,0.07342,0.62513,0.56941,0.10754,12.69,0,0.29931,0.24501,0.9531,0.00342,1,0,participant_30,question_2,No-Timer,False,Question
0.0,0,40,0,0.31216,0.18377,0,0.8901,0.87593,0.06666,319,104.41007,0,0.31353,0.06522,-0.04341,0.07411,0.6153,0.31192,0.09821,18.22364,0,0.325,0.12253,0.9531,0.0039,1,0,0.01758,0.07342,0.62513,0.56941,0.10754,12.69,0,0.29931,0.24501,0.9531,0.00342,1,0,participant_30,question_2,No-Timer,False,Question
0.0,0,40,0,0.31216,0.18377,0,0.8901,0.87593,0.06666,319,104.41007,0,0.31353,0.06522,-0.04341,0.07411,0.6153,0.31192,0.09821,18.22364,0,0.325,0.12253,0.9531,0.0039,1,0,0.01758,0.07342,0.62513,0.56941,0.10754,12.69,0,0.29931,0.24501,0.9531,0.00342,1,0,participant_30,question_2,No-Timer,False,Question
0.0,60,40,0,0.31216,0.18377,0,0.8901,0.87593,0.06666,319,104.41007,0,0.0,0.0,-0.04341,0.07411,0.6153,0.31192,0.09821,18.22364,0,0.325,0.12253,0.9531,0.0039,1,0,0.01758,0.07342,0.62513,0.56941,0.10754,12.69,0,0.29931,0.24501,0.9531,0.00342,1,0,participant_30,question_2,No-Timer,True,Question
0.0,60,40,0,0.31216,0.18377,0,0.8901,0.87593,0.06666,319,104.41007,0,0.0,0.0,-0.04341,0.07411,0.6153,0.31192,0.09821,18.22364,0,0.325,0.12253,0.9531,0.0039,1,0,0.01758,0.07342,0.62513,0.56941,0.10754,12.69,0,0.29931,0.24501,0.9531,0.00342,1,0,participant_30,question_2,No-Timer,True,Question
0.0,60,40,0,0.31216,0.18377,0,0.8901,0.87593,0.06666,319,104.41007,0,0.0,0.0,-0.04341,0.07411,0.6153,0.31192,0.09821,18.22364,0,0.325,0.12253,0.9531,0.0039,1,0,0.01758,0.07342,0.62513,0.56941,0.10754,12.69,0,0.29931,0.24501,0.9531,0.00342,1,0,participant_30,question_2,No-Timer,True,Question
0.0,60,40,0,0.31216,0.18377,0,0.8901,0.87593,0.06666,319,104.41007,0,0.0,0.0,-0.04341,0.07411,0.6153,0.31192,0.09821,18.22364,0,0.325,0.12253,0.9531,0.0039,1,0,0.01758,0.07342,0.62513,0.56941,0.10754,12.69,0,0.29931,0.24501,0.9531,0.00342,1,0,participant_30,question_2,No-Timer,True,Question
0.0,60,40,0,0.31216,0.18377,0,0.8901,0.87593,0.06666,319,104.41007,0,0.0,0.0,-0.04341,0.07411,0.6153,0.31192,0.09821,18.22364,0,0.325,0.12253,0.9531,0.0039,1,0,0.01758,0.07342,0.62513,0.56941,0.10754,12.69,0,0.29931,0.24501,0.9531,0.00342,1,0,participant_30,question_2,No-Timer,True,Question
0.0,60,40,0,0.31216,0.18377,0,0.8901,0.87593,0.06666,319,104.41007,0,0.0,0.0,-0.04341,0.07411,0.6153,0.31192,0.09821,18.22364,0,0.325,0.12253,0.9531,0.0039,1,0,0.01758,0.07342,0.62513,0.56941,0.10754,12.69,0,0.29931,0.24501,0.9531,0.00342,1,0,participant_30,question_2,No-Timer,True,Question
0.0,60,40,0,0.31216,0.18377,0,0.8901,0.87593,0.06666,319,104.41007,0,0.0,0.0,-0.04341,0.07411,0.6153,0.31192,0.09821,18.22364,0,0.325,0.12253,0.9531,0.0039,1,0,0.01758,0.07342,0.62513,0.56941,0.10754,12.69,0,0.29931,0.24501,0.9531,0.00342,1,0,participant_30,question_2,No-Timer,True,Question
0.0,60,40,0,0.31216,0.18377,0,0.8901,0.87593,0.06666,319,104.41007,0,0.0,0.0,-0.04341,0.07411,0.6153,0.31192,0.09821,18.22364,0,0.325,0.12253,0.9531,0.0039,1,0,0.01758,0.07342,0.62513,0.56941,0.10754,12.69,0,0.29931,0.24501,0.9531,0.00342,1,0,participant_30,question_2,No-Timer,True,Question
0.0,60,40,0,0.31216,0.18377,0,0.8901,0.87593,0.06666,319,104.41007,0,0.0,0.0,-0.04341,0.07411,0.6153,0.31192,0.09821,18.22364,0,0.325,0.12253,0.9531,0.0039,1,0,0.01758,0.07342,0.62513,0.56941,0.10754,12.69,0,0.29931,0.24501,0.9531,0.00342,1,0,participant_30,question_2,No-Timer,True,Question
0.0,60,40,0,0.31216,0.18377,0,0.8901,0.87593,0.06666,319,104.41007,0,0.0,0.0,-0.04341,0.07411,0.6153,0.31192,0.09821,18.22364,0,0.325,0.12253,0.9531,0.0039,1,0,0.01758,0.07342,0.62513,0.56941,0.10754,12.69,0,0.29931,0.24501,0.9531,0.00342,1,0,participant_30,question_2,No-Timer,True,Question
0.0,60,40,0,0.31216,0.18377,0,0.8901,0.87593,0.06666,319,104.41007,0,0.0,0.0,-0.04341,0.07411,0.6153,0.31192,0.09821,18.22364,0,0.325,0.12253,0.9531,0.0039,1,0,0.01758,0.07342,0.62513,0.56941,0.10754,12.69,0,0.29931,0.24501,0.9531,0.00342,1,0,participant_30,question_2,No-Timer,True,Question
0.07368,0,41,1,0.30988,0.06001,0,0.8901,0.87593,0.06666,319,104.41007,0,0.15494,0.03001,-0.0433,0.07412,0.61771,0.31534,0.09751,20.12374,1,0.30988,0.06001,0.9531,0.00434,1,1,0.01758,0.07342,0.62513,0.56941,0.10754,12.69,0,0.29931,0.24501,0.9531,0.00342,1,0,participant_30,question_2,No-Timer,True,Question
0.0,0,41,1,0.40889,-0.0537,0,0.8901,0.87593,0.06666,319,104.41007,0,0.35938,0.00316,-0.0433,0.07412,0.61771,0.31551,0.09801,20.17296,1,0.40228,-0.06048,0.9531,0.00438,1,1,0.01758,0.07342,0.62513,0.57449,0.10749,19.10924,1,0.4155,-0.04691,0.9531,0.00434,1,1,participant_30,question_2,No-Timer,True,Other
0.0,0,41,1,0.41577,-0.04351,0,0.8901,0.87593,0.06666,319,104.41007,0,0.38758,-0.02018,-0.0433,0.07412,0.61771,0.31552,0.09798,20.22675,1,0.40946,-0.04804,0.9531,0.00436,1,1,0.01758,0.07342,0.62513,0.57438,0.10744,18.96699,1,0.42209,-0.03899,0.9531,0.00432,1,1,participant_30,question_2,No-Timer,True,Other
0.0,0,41,1,0.41647,-0.0364,0,0.8901,0.87593,0.06666,319,104.41007,0,0.39721,-0.02558,-0.04282,0.07329,0.61149,0.31565,0.09823,20.25644,1,0.41043,-0.04097,0.94715,0.00441,1,1,0.01862,0.07463,0.63831,0.57463,0.10762,18.95724,1,0.4225,-0.03183,0.94715,0.00434,1,1,participant_30,question_2,No-Timer,True,Other
0.0,0,41,1,0.4253,-0.03751,0,0.8901,0.87593,0.02034,320,104.58348,1,0.40423,-0.02857,-0.04282,0.07329,0.61149,0.31568,0.09811,20.09072,1,0.41898,-0.02126,0.94119,0.00442,1,1,0.01862,0.07463,0.63831,0.57471,0.10781,18.48185,1,0.43163,-0.05376,0.94119,0.00436,1,1,participant_30,question_2,No-Timer,True,Other
0.0,0,41,1,0.41647,-0.01969,0,0.8901,0.87593,0.02684,320,104.58348,1,0.40668,-0.02679,-0.04282,0.07329,0.61149,0.31571,0.09806,20.05872,1,0.39748,-0.00694,0.93523,0.00439,1,1,0.01862,0.07463,0.63831,0.57501,0.10788,19.15875,1,0.43546,-0.03244,0.93523,0.00432,1,1,participant_30,question_2,No-Timer,True,Other
0.0,0,41,1,0.41569,-0.02758,0,0.8901,0.87593,0.03389,320,104.58348,1,0.40818,-0.02692,-0.04484,0.0769,0.64162,0.31586,0.09807,19.6167,1,0.3963,-0.01467,0.94185,0.00441,1,1,0.01835,0.07313,0.62583,0.57493,0.10807,19.51019,1,0.43507,-0.04049,0.94185,0.00429,1,1,participant_30,question_2,No-Timer,True,Other
0.0,0,41,1,0.42518,-0.03908,0,0.8901,0.87593,0.04044,320,104.58348,1,0.41061,-0.02866,-0.04484,0.0769,0.64162,0.31593,0.09812,19.77481,1,0.4026,-0.02378,0.95443,0.00436,1,1,0.01835,0.07313,0.62583,0.5749,0.10782,19.25121,1,0.44775,-0.05438,0.95443,0.00414,1,1,participant_30,question_2,No-Timer,True,Other
0.0,0,41,1,0.41904,-0.07995,0,0.8901,0.87593,0.04704,320,104.58348,1,0.41166,-0.03507,-0.04484,0.0769,0.64162,0.31602,0.09813,19.98943,1,0.40796,-0.05435,0.967,0.00426,1,1,0.01835,0.07313,0.62583,0.57517,0.10821,19.37225,1,0.43012,-0.10554,0.967,0.00424,1,1,participant_30,question_2,No-Timer,True,Other
0.0,0,41,1,0.41782,-0.0915,0,0.8901,0.87593,0.05392,320,104.58348,1,0.41235,-0.04134,-0.04484,0.0769,0.64162,0.31607,0.09821,20.17179,1,0.40592,-0.06916,0.97958,0.00427,1,1,0.01776,0.07055,0.60415,0.57516,0.108,19.22517,1,0.42972,-0.11383,0.97362,0.00434,1,1,participant_30,question_2,No-Timer,True,Other
0.0,0,41,1,0.41627,-0.05804,0,0.8901,0.87593,0.06055,320,104.58348,1,0.41274,-0.04301,-0.04484,0.0769,0.64162,0.31615,0.09814,20.1252,1,0.41556,-0.0381,0.97362,0.00423,1,1,0.01776,0.07055,0.60415,0.575,0.10809,18.39092,1,0.41698,-0.07798,0.96767,0.00451,1,1,participant_30,question_2,No-Timer,True,Other
0.0,0,41,1,0.4178,-0.04389,0,0.8901,0.87593,0.06725,320,104.58348,1,0.4132,-0.04309,-0.04484,0.0769,0.64162,0.31618,0.09832,19.90586,1,0.40644,-0.01901,0.96767,0.00434,1,1,0.01776,0.07055,0.60415,0.5752,0.10845,18.44982,1,0.42916,-0.06877,0.96171,0.00446,1,1,participant_30,question_2,No-Timer,True,Other
0.0,0,41,1,0.41971,-0.02565,0,0.8901,0.87593,0.07398,320,104.58348,1,0.41374,-0.04164,-0.04212,0.0724,0.60411,0.31618,0.09832,19.90586,1,0.40948,0.00211,0.94913,0.00433,1,1,0.0186,0.0733,0.62808,0.57579,0.10845,18.77193,1,0.42994,-0.05341,0.94913,0.00446,1,1,participant_30,question_2,No-Timer,True,Other
0.0,0,41,1,0.4281,-0.0021,0,0.8901,0.87593,0.0813,320,104.58348,1,0.41485,-0.0386,-0.04212,0.0724,0.60411,0.31634,0.09842,20.26451,1,0.41244,0.01761,0.93655,0.00423,1,1,0.0186,0.0733,0.62808,0.57588,0.10851,19.26889,1,0.44377,-0.0218,0.94251,0.00443,1,1,participant_30,question_2,No-Timer,True,Other
0.0,0,41,1,0.42365,-0.01609,0,0.8901,0.87593,0.08734,320,104.58348,1,0.41548,-0.03699,-0.04212,0.0724,0.60411,0.31642,0.09842,20.53705,1,0.39959,-0.01917,0.92993,0.00428,1,1,0.0186,0.0733,0.62808,0.57571,0.10848,18.99999,1,0.44771,-0.01301,0.93589,0.00438,1,1,participant_30,question_2,No-Timer,True,Other
0.0,0,41,1,0.42312,-0.01963,0,0.8901,0.87593,0.09425,320,104.58348,1,0.41598,-0.03583,-0.04465,0.07691,0.64173,0.31653,0.09841,20.40504,1,0.39853,-0.02624,0.93589,0.00428,1,1,0.01786,0.07009,0.60142,0.57582,0.1084,18.79591,1,0.44771,-0.01301,0.93589,0.00438,1,1,participant_30,question_2,No-Timer,True,Other
0.0,0,41,1,0.41892,-0.0394,0,0.8901,0.87593,0.10081,320,104.58348,1,0.41617,-0.03605,-0.04465,0.07691,0.64173,0.31678,0.09846,20.17284,1,0.41631,-0.03769,0.94847,0.00428,1,1,0.01786,0.07009,0.60142,0.5761,0.1087,19.1457,1,0.42152,-0.04112,0.94251,0.00435,1,1,participant_30,question_2,No-Timer,True,Other
0.0,0,41,1,0.43918,-0.01598,0,0.8901,0.87593,0.10743,320,104.58348,1,0.41752,-0.03487,-0.04465,0.07691,0.64173,0.31725,0.099,20.11603,1,0.42824,-0.02785,0.95509,0.00443,1,1,0.01786,0.07009,0.60142,0.57646,0.10948,18.94295,1,0.45012,-0.00412,0.94913,0.00439,1,1,participant_30,question_2,No-Timer,True,Other
0.0,0,41,1,0.43841,-0.02716,0,0.8901,0.87593,0.11388,320,104.58348,1,0.41868,-0.03444,-0.04415,0.07652,0.6401,0.31778,0.09943,20.36167,1,0.42728,-0.03554,0.96171,0.00433,1,1,0.01868,0.07261,0.62456,0.57672,0.10987,19.10884,1,0.44955,-0.01879,0.96171,0.00419,1,1,participant_30,question_2,No-Timer,True,Other
0.0,0,41,1,0.51642,0.21002,0,0.8901,0.87593,0.12081,320,104.58348,1,0.42383,-0.02158,-0.04415,0.07652,0.6401,0.32051,0.10171,20.42461,1,0.49932,0.18151,0.96171,0.00408,1,1,0.01868,0.07261,0.62456,0.57874,0.11286,19.00137,1,0.53352,0.23854,0.96767,0.00395,1,1,participant_30,question_2,No-Timer,True,Question
0.0,0,41,1,0.57927,0.31258,0,0.8901,0.87593,0.12727,320,104.58348,1,0.4316,-0.00487,-0.04415,0.07652,0.6401,0.32224,0.10394,19.9026,1,0.57175,0.29415,0.96767,0.00418,1,1,0.01868,0.07261,0.62456,0.57977,0.11419,18.56981,1,0.58679,0.33101,0.97362,0.00383,1,1,participant_30,question_2,No-Timer,True,Question
0.0,0,41,1,0.57902,0.31542,0,0.8901,0.87593,0.12727,320,104.58348,0,0.45832,0.04917,-0.04257,0.07427,0.62596,0.32264,0.10438,20.198,1,0.57175,0.29468,0.967,0.00402,1,1,0.01857,0.07036,0.60994,0.58012,0.11546,19.46891,1,0.58629,0.33617,0.967,0.00372,1,1,participant_30,question_2,No-Timer,True,Question
0.0,0,41,1,0.57603,0.49962,0,0.8901,0.87593,0.12727,320,104.58348,0,0.51718,0.2744,-0.04257,0.07427,0.62596,0.32381,0.10691,19.78367,1,0.56543,0.48005,0.96038,0.00411,1,1,0.01857,0.07036,0.60994,0.58052,0.11769,18.978,1,0.58664,0.5192,0.95443,0.0037,1,1,participant_30,question_2,No-Timer,True,Answer_Area
0.0,0,41,1,0.57064,0.55323,0,0.8901,0.87593,0.12727,320,104.58348,0,0.535,0.36734,-0.04257,0.07427,0.62596,0.32404,0.10802,19.65509,1,0.5549,0.53683,0.94781,0.00413,1,1,0.01857,0.07036,0.60994,0.58081,0.11891,18.40882,1,0.58639,0.56963,0.94185,0.00382,1,1,participant_30,question_2,No-Timer,True,Answer_Area
0.0,0,41,1,0.57052,0.55862,0,0.8901,0.87593,0.12727,320,104.58348,0,0.5724,0.53716,-0.04226,0.07382,0.62415,0.324,0.10866,20.05486,1,0.55519,0.54394,0.93523,0.00412,1,1,0.01888,0.07118,0.61871,0.58085,0.11885,18.29623,1,0.58586,0.5733,0.93523,0.00366,1,1,participant_30,question_2,No-Timer,True,Answer_Area
0.0,0,41,1,0.57186,0.57828,0,0.8901,0.87593,0.12727,320,104.58348,0,0.57213,0.55772,-0.04226,0.07382,0.62415,0.32414,0.10875,19.94666,1,0.56783,0.58742,0.93523,0.00414,1,1,0.01888,0.07118,0.61871,0.58117,0.11928,18.79239,1,0.5759,0.56914,0.94119,0.00379,1,1,participant_30,question_2,No-Timer,True,Answer_Area
0.0,0,41,1,0.58163,0.571,0,0.8901,0.87593,0.12727,320,104.58348,0,0.5753,0.56215,-0.04226,0.07382,0.62415,0.32414,0.10877,19.90944,1,0.57428,0.58175,0.94119,0.00413,1,1,0.01888,0.07118,0.61871,0.58126,0.11927,19.04583,1,0.58899,0.56025,0.94715,0.00376,1,1,participant_30,question_2,No-Timer,True,Answer_Area
0.0,0,41,1,0.58187,0.56778,0,0.8901,0.87593,0.02063,321,104.7376,1,0.57694,0.56355,-0.04226,0.07382,0.62415,0.32419,0.10884,19.89778,1,0.57426,0.57865,0.94715,0.0041,1,1,0.01896,0.07078,0.6152,0.5816,0.11877,18.59447,1,0.58947,0.55691,0.9531,0.00359,1,1,participant_30,question_2,No-Timer,True,Answer_Area
0.0,0,41,1,0.58814,0.57673,0,0.8901,0.87593,0.02714,321,104.7376,1,0.57918,0.56619,-0.04226,0.07382,0.62415,0.32427,0.10897,19.65509,1,0.57512,0.5886,0.9531,0.00416,1,1,0.01896,0.07078,0.6152,0.58174,0.11924,18.39933,1,0.60115,0.56487,0.9531,0.00375,1,1,participant_30,question_2,No-Timer,True,Answer_Area
0.0,0,41,1,0.59664,0.57821,0,0.8901,0.87593,0.03385,321,104.7376,1,0.58209,0.56819,-0.04226,0.07382,0.62415,0.32426,0.10896,20.01476,1,0.57845,0.5789,0.9531,0.00414,1,1,0.01896,0.07078,0.6152,0.58188,0.11928,18.51262,1,0.61483,0.57752,0.9531,0.0038,1,1,participant_30,question_2,No-Timer,True,Answer_Area
0.0,0,41,1,0.59699,0.57643,0,0.8901,0.87593,0.04063,321,104.7376,1,0.58422,0.56937,-0.042,0.07342,0.62038,0.32447,0.10881,19.81694,1,0.57845,0.5789,0.9531,0.00417,1,1,0.01996,0.07432,0.64599,0.58192,0.11936,18.86077,1,0.61553,0.57396,0.95972,0.00377,1,1,participant_30,question_2,No-Timer,True,Answer_Area
0.0,0,41,1,0.58395,0.56374,0,0.8901,0.87593,0.04687,321,104.7376,1,0.58418,0.56867,-0.042,0.07342,0.62038,0.32448,0.10879,19.74545,1,0.58457,0.56644,0.95972,0.00417,1,1,0.01996,0.07432,0.64599,0.58203,0.11933,19.21886,1,0.58333,0.56103,0.96634,0.00374,1,1,participant_30,question_2,No-Timer,True,Answer_Area
0.0,0,41,1,0.58584,0.55398,0,0.8901,0.87593,0.05358,321,104.7376,1,0.58437,0.56703,-0.042,0.07342,0.62038,0.32449,0.10877,19.73018,1,0.58378,0.55824,0.96634,0.00416,1,1,0.01996,0.07432,0.64599,0.58221,0.11929,18.65485,1,0.58789,0.54971,0.97296,0.00383,1,1,participant_30,question_2,No-Timer,True,Answer_Area
0.0,0,41,1,0.58562,0.55388,0,0.8901,0.87593,0.06075,321,104.7376,1,0.58449,0.56572,-0.0421,0.07375,0.62315,0.32443,0.1088,19.85479,1,0.58382,0.55473,0.97296,0.00413,1,1,0.01883,0.0698,0.6067,0.58233,0.11931,18.89466,1,0.58742,0.55303,0.967,0.00378,1,1,participant_30,question_2,No-Timer,True,Answer_Area
0.0,0,41,1,0.595,0.55785,0,0.8901,0.87593,0.06741,321,104.7376,1,0.58545,0.565,-0.0421,0.07375,0.62315,0.32454,0.1087,19.74407,1,0.59092,0.55523,0.967,0.00412,1,1,0.01883,0.0698,0.6067,0.58262,0.11916,18.73342,1,0.59907,0.56047,0.95443,0.00377,1,1,participant_30,question_2,No-Timer,True,Answer_Area
0.0,0,41,1,0.58974,0.56421,0,0.8901,0.87593,0.07389,321,104.7376,1,0.58581,0.56494,-0.0421,0.07375,0.62315,0.32477,0.10868,19.72138,1,0.57334,0.54991,0.95443,0.00407,1,1,0.01883,0.0698,0.6067,0.58268,0.1192,18.79697,1,0.60613,0.5785,0.94185,0.00379,1,1,participant_30,question_2,No-Timer,True,Answer_Area
0.0,0,41,1,0.58976,0.56764,0,0.8901,0.87593,0.08038,321,104.7376,1,0.58611,0.56514,-0.0421,0.07375,0.62315,0.3248,0.10866,19.80276,1,0.57339,0.55678,0.94185,0.00407,1,1,0.01989,0.07337,0.63769,0.58269,0.11923,18.83662,1,0.60613,0.5785,0.94185,0.00381,1,1,participant_30,question_2,No-Timer,True,Answer_Area
0.0,0,41,1,0.57492,0.55636,0,0.8901,0.87593,0.08745,321,104.7376,1,0.58531,0.56452,-0.0421,0.07375,0.62315,0.32486,0.10862,19.9104,1,0.57578,0.55727,0.94185,0.0041,1,1,0.01989,0.07337,0.63769,0.58281,0.11921,19.02523,1,0.57406,0.55546,0.95443,0.00378,1,1,participant_30,question_2,No-Timer,True,Answer_Area
0.0,0,41,1,0.58137,0.55265,0,0.8901,0.87593,0.09412,321,104.7376,1,0.58505,0.56373,-0.0421,0.07375,0.62315,0.32487,0.10853,19.83214,1,0.57968,0.55028,0.95443,0.00415,1,1,0.01989,0.07337,0.63769,0.58284,0.11922,19.03976,1,0.58306,0.55503,0.967,0.00376,1,1,participant_30,question_2,No-Timer,True,Answer_Area
0.0,0,41,1,0.58163,0.54558,0,0.8901,0.87593,0.10075,321,104.7376,1,0.58483,0.56259,-0.04227,0.07419,0.62647,0.32486,0.10853,19.81341,1,0.57972,0.53981,0.97362,0.00415,1,1,0.01902,0.06983,0.60696,0.58298,0.11922,18.98444,1,0.58355,0.55135,0.97362,0.00383,1,1,participant_30,question_2,No-Timer,True,Answer_Area
0.0,0,41,1,0.57343,0.53885,0,0.8901,0.87593,0.10758,321,104.7376,1,0.58416,0.5612,-0.04227,0.07419,0.62647,0.32496,0.10863,19.89989,1,0.55861,0.52473,0.98024,0.00416,1,1,0.01902,0.06983,0.60696,0.58309,0.11908,19.08907,1,0.58825,0.55297,0.96767,0.00386,1,1,participant_30,question_2,No-Timer,True,Answer_Area
0.0,0,41,1,0.57954,0.53288,0,0.8901,0.87593,0.11415,321,104.7376,1,0.58391,0.55962,-0.04227,0.07419,0.62647,0.32493,0.10856,19.95079,1,0.56475,0.51586,0.97429,0.0042,1,1,0.01902,0.06983,0.60696,0.58324,0.11915,19.02555,1,0.59433,0.54991,0.96171,0.00386,1,1,participant_30,question_2,No-Timer,True,Answer_Area
0.0,0,41,1,0.57934,0.53833,0,0.8901,0.87593,0.12077,321,104.7376,1,0.58367,0.5585,-0.04196,0.07373,0.62257,0.32499,0.10845,20.1791,1,0.56491,0.52303,0.96171,0.0042,1,1,0.01964,0.07193,0.62517,0.58329,0.11907,18.87121,1,0.59376,0.55364,0.95509,0.00382,1,1,participant_30,question_2,No-Timer,True,Answer_Area
0.0,0,41,1,0.58925,0.55229,0,0.8901,0.87593,0.12746,321,104.7376,1,0.58395,0.55819,-0.04196,0.07373,0.62257,0.32503,0.1085,20.21706,1,0.57082,0.53869,0.94847,0.00415,1,1,0.01964,0.07193,0.62517,0.58342,0.11919,18.72246,1,0.60768,0.5659,0.95443,0.0039,1,1,participant_30,question_2,No-Timer,True,Answer_Area
0.0,0,41,1,0.59048,0.55297,0,0.8901,0.87593,0.13444,321,104.7376,1,0.58426,0.55794,-0.04196,0.07373,0.62257,0.32505,0.10851,20.2429,1,0.57097,0.54189,0.94781,0.00413,1,1,0.01964,0.07193,0.62517,0.58346,0.11931,18.82748,1,0.60999,0.56405,0.95377,0.00383,1,1,participant_30,question_2,No-Timer,True,Answer_Area
0.0,0,41,1,0.59078,0.55151,0,0.8901,0.87593,0.14097,321,104.7376,1,0.58455,0.55765,-0.04196,0.07373,0.62257,0.3251,0.10848,20.0479,1,0.57097,0.54226,0.94715,0.00413,1,1,0.0201,0.07343,0.63822,0.58346,0.11927,19.2837,1,0.61059,0.56076,0.95972,0.00378,1,1,participant_30,question_2,No-Timer,True,Answer_Area
0.0,0,41,1,0.57452,0.55579,0,0.8901,0.87593,0.14774,321,104.7376,1,0.58412,0.55757,-0.04196,0.07373,0.62257,0.32518,0.10828,19.90182,1,0.58181,0.57224,0.95972,0.00426,1,1,0.0201,0.07343,0.63822,0.58357,0.11899,19.02393,1,0.56723,0.53935,0.96634,0.00393,1,1,participant_30,question_2,No-Timer,True,Answer_Area
0.0,0,41,1,0.58147,0.55533,0,0.8901,0.87593,0.15427,321,104.7376,1,0.58401,0.55748,-0.04196,0.07373,0.62257,0.32517,0.10824,19.91598,1,0.5843,0.56769,0.96634,0.00424,1,1,0.0201,0.07343,0.63822,0.58358,0.11916,19.35969,1,0.57863,0.54297,0.97296,0.00382,1,1,participant_30,question_2,No-Timer,True,Answer_Area
0.0,0,41,1,0.58174,0.55001,0,0.8901,0.87593,0.16103,321,104.7376,1,0.58392,0.55718,-0.04304,0.07575,0.63927,0.32523,0.10826,19.93638,1,0.58439,0.56079,0.97958,0.00421,1,1,0.01952,0.07116,0.61855,0.58377,0.11911,18.9358,1,0.57909,0.53924,0.97958,0.00384,1,1,participant_30,question_2,No-Timer,True,Answer_Area
0.0,0,41,1,0.59153,0.54365,0,0.8901,0.87593,0.16745,321,104.7376,1,0.58421,0.55666,-0.04304,0.07575,0.63927,0.32544,0.10841,19.89761,1,0.59823,0.52789,0.9862,0.00418,1,1,0.01952,0.07116,0.61855,0.58385,0.11925,19.11946,1,0.58482,0.55941,0.97958,0.00393,1,1,participant_30,question_2,No-Timer,True,Answer_Area
0.0,0,41,1,0.59945,0.57043,0,0.8901,0.87593,0.17415,321,104.7376,1,0.58477,0.55717,-0.04304,0.07575,0.63927,0.32571,0.10869,19.93694,1,0.59191,0.55481,0.9862,0.00415,1,1,0.01952,0.07116,0.61855,0.58401,0.11975,19.53793,1,0.60699,0.58606,0.97958,0.00385,1,1,participant_30,question_2,No-Timer,True,Answer_Area
0.0,0,41,1,0.59917,0.57197,0,0.8901,0.87593,0.18106,321,104.7376,1,0.58529,0.5577,-0.04297,0.07575,0.63965,0.32583,0.10884,20.07087,1,0.59191,0.55481,0.9862,0.00416,1,1,0.01934,0.07032,0.61117,0.58419,0.11968,18.86083,1,0.60642,0.58913,0.97362,0.00389,1,1,participant_30,question_2,No-Timer,True,Answer_Area
0.0,0,41,1,0.58868,0.56062,0,0.8901,0.87593,0.18755,321,104.7376,1,0.5854,0.5578,-0.04297,0.07575,0.63965,0.32591,0.10875,20.10392,1,0.56948,0.54888,0.97362,0.00417,1,1,0.01934,0.07032,0.61117,0.58421,0.11962,18.92086,1,0.60788,0.57235,0.96767,0.00391,1,1,participant_30,question_2,No-Timer,True,Answer_Area
0.0,0,41,1,0.59051,0.56469,0,0.8901,0.87593,0.19426,321,104.7376,1,0.58557,0.55803,-0.04297,0.07575,0.63965,0.32589,0.10877,20.05833,1,0.57304,0.54834,0.96767,0.00417,1,1,0.01934,0.07032,0.61117,0.58431,0.11961,19.13111,1,0.60799,0.58104,0.96171,0.00393,1,1,participant_30,question_2,No-Timer,True,Answer_Area
0.0,0,41,1,0.59022,0.56984,0,0.8901,0.87593,0.2013,321,104.7376,1,0.58572,0.55841,-0.04213,0.07436,0.62787,0.32592,0.10869,19.98426,1,0.5731,0.55514,0.95509,0.00418,1,1,0.01962,0.07118,0.61873,0.58428,0.11957,19.08024,1,0.60733,0.58455,0.95509,0.00392,1,1,participant_30,question_2,No-Timer,True,Answer_Area
0.0,0,41,1,0.59662,0.5713,0,0.8901,0.87593,0.20788,321,104.7376,1,0.58606,0.55881,-0.04213,0.07436,0.62787,0.32596,0.10864,19.8086,1,0.57494,0.55412,0.94847,0.00419,1,1,0.01962,0.07118,0.61873,0.58435,0.11944,19.05448,1,0.6183,0.58848,0.95443,0.00389,1,1,participant_30,question_2,No-Timer,True,Answer_Area
0.0,0,41,1,0.60256,0.57894,0,0.8901,0.87593,0.21433,321,104.7376,1,0.58656,0.55942,-0.04213,0.07436,0.62787,0.32596,0.10864,19.8086,1,0.57891,0.59314,0.94781,0.00419,1,1,0.01962,0.07118,0.61873,0.58442,0.11949,19.00324,1,0.62622,0.56475,0.95377,0.00393,1,1,participant_30,question_2,No-Timer,True,Answer_Area
0.0,0,41,1,0.60291,0.57747,0,0.8901,0.87593,0.22129,321,104.7376,1,0.58705,0.55995,-0.04135,0.07303,0.61627,0.32597,0.10861,19.93018,1,0.57891,0.59347,0.94715,0.00418,1,1,0.02032,0.07353,0.63911,0.58439,0.11952,19.18318,1,0.62692,0.56147,0.95972,0.00391,1,1,participant_30,question_2,No-Timer,True,Answer_Area
0.0,0,41,1,0.59163,0.59812,0,0.8901,0.87593,0.22775,321,104.7376,1,0.58718,0.56104,-0.04135,0.07303,0.61627,0.32594,0.1086,19.79436,1,0.57879,0.58642,0.95972,0.00417,1,1,0.02032,0.07353,0.63911,0.58443,0.11947,19.08976,1,0.60447,0.60982,0.96634,0.00392,1,1,participant_30,question_2,No-Timer,True,Answer_Area
0.0,0,41,1,0.58154,0.59014,0,0.8901,0.87593,0.23444,321,104.7376,1,0.58702,0.56185,-0.04135,0.07303,0.61627,0.32594,0.10859,19.81041,1,0.58291,0.57752,0.96634,0.00416,1,1,0.02032,0.07353,0.63911,0.58444,0.11949,19.13952,1,0.58016,0.60276,0.97296,0.00389,1,1,participant_30,question_2,No-Timer,True,Answer_Area
0.0,0,41,1,0.58179,0.58679,0,0.8901,0.87593,0.24135,321,104.7376,1,0.58688,0.56252,-0.04135,0.07303,0.61627,0.32594,0.1086,19.86041,1,0.58295,0.57414,0.97296,0.00415,1,1,0.02048,0.07416,0.64416,0.58444,0.1195,19.18092,1,0.58063,0.59943,0.97958,0.00387,1,1,participant_30,question_2,No-Timer,True,Answer_Area
0.0,0,41,1,0.58193,0.58839,0,0.8901,0.87593,0.24785,321,104.7376,1,0.58675,0.56321,-0.04135,0.07303,0.61627,0.32596,0.10849,19.63331,1,0.58376,0.57422,0.97958,0.00415,1,1,0.02048,0.07416,0.64416,0.58465,0.11923,18.76513,1,0.5801,0.60256,0.97958,0.00388,1,1,participant_30,question_2,No-Timer,True,Answer_Area
0.0,0,41,1,0.58437,0.57452,0,0.8901,0.87593,0.25511,321,104.7376,1,0.58669,0.5635,-0.04135,0.07303,0.61627,0.32601,0.10846,19.78123,1,0.58571,0.56039,0.97958,0.00416,1,1,0.02048,0.07416,0.64416,0.58466,0.11922,18.7187,1,0.58303,0.58864,0.97958,0.00388,1,1,participant_30,question_2,No-Timer,True,Answer_Area
0.0,0,41,1,0.58413,0.57622,0,0.8901,0.87593,0.26122,321,104.7376,1,0.58662,0.56381,-0.04135,0.07303,0.61627,0.32605,0.10845,19.72231,1,0.58571,0.56039,0.97958,0.00415,1,1,0.01982,0.0716,0.62192,0.58458,0.11933,19.06268,1,0.58254,0.59205,0.97296,0.00386,1,1,participant_30,question_2,No-Timer,True,Answer_Area
0.0,0,41,1,0.58811,0.58196,0,0.8901,0.87593,0.26854,321,104.7376,1,0.58666,0.56426,-0.04135,0.07303,0.61627,0.3262,0.10844,19.63148,1,0.59104,0.56102,0.97296,0.00415,1,1,0.01982,0.0716,0.62192,0.58459,0.11925,19.16377,1,0.58519,0.60291,0.96634,0.00387,1,1,participant_30,question_2,No-Timer,True,Answer_Area
0.0,0,41,1,0.59047,0.58768,0,0.8901,0.87593,0.27483,321,104.7376,1,0.58675,0.56481,-0.04135,0.07303,0.61627,0.32618,0.10856,19.48768,1,0.59084,0.57504,0.96634,0.00417,1,1,0.01982,0.0716,0.62192,0.58456,0.11932,19.05181,1,0.5901,0.60032,0.95972,0.00385,1,1,participant_30,question_2,No-Timer,True,Answer_Area
0.0,0,41,1,0.59015,0.59107,0,0.8901,0.87593,0.28133,321,104.7376,1,0.58683,0.56542,-0.04135,0.07303,0.61627,0.32621,0.1086,19.50251,1,0.59075,0.57844,0.95972,0.00414,1,1,0.01982,0.0716,0.62192,0.58461,0.11934,19.02937,1,0.58955,0.60371,0.9531,0.00385,1,1,participant_30,question_2,No-Timer,True,Answer_Area
0.0,0,41,1,0.59217,0.58938,0,0.8901,0.87593,0.2886,321,104.7376,1,0.58695,0.56597,-0.04135,0.07303,0.61627,0.32616,0.10839,19.39643,1,0.5946,0.57377,0.9531,0.00406,1,1,0.01982,0.0716,0.62192,0.58475,0.11938,18.61173,1,0.58974,0.60499,0.9531,0.00378,1,1,participant_30,question_2,No-Timer,True,Answer_Area
0.0,0,41,1,0.59357,0.58423,0,0.8901,0.87593,0.29493,321,104.7376,1,0.5871,0.56637,-0.04135,0.07303,0.61627,0.32616,0.10839,19.37014,1,0.59393,0.57671,0.9531,0.00408,1,1,0.01982,0.0716,0.62192,0.58481,0.1194,18.67159,1,0.5932,0.59175,0.9531,0.00375,1,1,participant_30,question_2,No-Timer,True,Answer_Area
0.0,0,41,1,0.59331,0.58579,0,0.8901,0.87593,0.30143,321,104.7376,1,0.58723,0.5668,-0.04135,0.07303,0.61627,0.32621,0.10838,19.28762,1,0.59393,0.57671,0.9531,0.00408,1,1,0.01947,0.07024,0.60971,0.58481,0.1194,18.67159,1,0.59269,0.59488,0.94715,0.00375,1,1,participant_30,question_2,No-Timer,True,Answer_Area
0.0,0,41,1,0.59547,0.61549,0,0.8901,0.87593,0.30863,321,104.7376,1,0.58741,0.56783,-0.04135,0.07303,0.61627,0.3262,0.10828,19.44124,1,0.59879,0.61896,0.94715,0.00403,1,1,0.01947,0.07024,0.60971,0.58476,0.11932,18.69802,1,0.59214,0.61203,0.94119,0.0037,1,1,participant_30,question_2,No-Timer,True,Answer_Area
0.0,0,41,1,0.59432,0.61071,0,0.8901,0.87593,0.31505,321,104.7376,1,0.58755,0.56873,-0.04135,0.07303,0.61627,0.32628,0.10833,19.08864,1,0.59736,0.62038,0.94119,0.00398,1,1,0.01947,0.07024,0.60971,0.58476,0.11932,18.69802,1,0.59127,0.60104,0.93523,0.0037,1,1,participant_30,question_2,No-Timer,True,Answer_Area
0.0,0,41,1,0.594,0.6137,0,0.8901,0.87593,0.32178,321,104.7376,1,0.588,0.57032,-0.04135,0.07303,0.61627,0.32628,0.10833,19.08864,1,0.59724,0.62324,0.93523,0.00398,1,1,0.01947,0.07024,0.60971,0.58481,0.11922,18.48143,1,0.59076,0.60417,0.92927,0.00369,1,1,participant_30,question_2,No-Timer,True,Answer_Area
0.0,0,41,1,0.59442,0.60539,0,0.8901,0.87593,0.32843,321,104.7376,1,0.58847,0.57089,-0.04135,0.07303,0.61627,0.32627,0.10833,19.0536,1,0.59546,0.62086,0.92927,0.00399,1,1,0.01947,0.07024,0.60971,0.58477,0.11919,18.47715,1,0.59338,0.58991,0.92927,0.00367,1,1,participant_30,question_2,No-Timer,True,Answer_Area
0.0,0,41,1,0.59086,0.61602,0,0.8901,0.87593,0.33512,321,104.7376,1,0.58866,0.57182,-0.04135,0.07303,0.61627,0.32628,0.10833,19.08864,1,0.59436,0.62031,0.92927,0.00398,1,1,0.01947,0.07024,0.60971,0.58477,0.11919,18.47715,1,0.58736,0.61174,0.92927,0.00367,1,1,participant_30,question_2,No-Timer,True,Answer_Area
0.0,0,41,1,0.5911,0.61449,0,0.8901,0.87593,0.33512,321,104.7376,0,0.59233,0.59966,-0.04135,0.07303,0.61627,0.32628,0.10833,19.08864,1,0.59436,0.62031,0.92927,0.00398,1,1,0.01978,0.07151,0.62073,0.58471,0.11924,18.31675,1,0.58785,0.60867,0.93523,0.00369,1,1,participant_30,question_2,No-Timer,True,Answer_Area
0.0,0,41,1,0.59196,0.60686,0,0.8901,0.87593,0.33512,321,104.7376,0,0.59214,0.60326,-0.04135,0.07303,0.61627,0.3263,0.10827,18.5768,1,0.59755,0.61783,0.93523,0.00402,1,1,0.01978,0.07151,0.62073,0.58468,0.11919,18.38581,1,0.58636,0.59588,0.94119,0.00366,1,1,participant_30,question_2,No-Timer,True,Answer_Area
0.0,0,41,1,0.59096,0.60637,0,0.8901,0.87593,0.33512,321,104.7376,0,0.59175,0.60429,-0.04135,0.07303,0.61627,0.32626,0.10828,18.73272,1,0.59479,0.61539,0.94119,0.00396,1,1,0.01978,0.07151,0.62073,0.58469,0.11924,18.32024,1,0.58713,0.59735,0.94715,0.00368,1,1,participant_30,question_2,No-Timer,True,Answer_Area
0.0,0,41,1,0.59125,0.60337,0,0.8901,0.87593,0.02016,322,105.07942,1,0.59162,0.60406,-0.0424,0.07492,0.63186,0.32625,0.10825,18.75437,1,0.5949,0.61251,0.94715,0.00396,1,1,0.01978,0.07151,0.62073,0.58467,0.11916,18.44658,1,0.58761,0.59424,0.9531,0.00363,1,1,participant_30,question_2,No-Timer,True,Answer_Area
0.0,0,41,1,0.58716,0.60292,0,0.8901,0.87593,0.02658,322,105.07942,1,0.59073,0.60383,-0.0424,0.07492,0.63186,0.32622,0.10831,18.63433,1,0.58805,0.61347,0.9531,0.00394,1,1,0.01978,0.07151,0.62073,0.58467,0.11919,18.34947,1,0.58627,0.59236,0.9531,0.00365,1,1,participant_30,question_2,No-Timer,True,Answer_Area
0.0,0,41,1,0.58996,0.59753,0,0.8901,0.87593,0.03329,322,105.07942,1,0.5906,0.60278,-0.0424,0.07492,0.63186,0.32614,0.10829,18.56816,1,0.59187,0.60792,0.9531,0.00389,1,1,0.01978,0.07151,0.62073,0.58458,0.11915,18.23019,1,0.58805,0.58714,0.9531,0.00364,1,1,participant_30,question_2,No-Timer,True,Answer_Area
0.0,0,41,1,0.59022,0.59578,0,0.8901,0.87593,0.04021,322,105.07942,1,0.59055,0.60178,-0.0424,0.07492,0.63186,0.32604,0.10835,18.8481,1,0.59187,0.60792,0.9531,0.00389,1,1,0.02032,0.07363,0.63911,0.58462,0.11924,18.29653,1,0.58858,0.58364,0.95972,0.00363,1,1,participant_30,question_2,No-Timer,True,Answer_Area
0.0,0,41,1,0.59625,0.57374,0,0.8901,0.87593,0.04668,322,105.07942,1,0.59126,0.59828,-0.0424,0.07492,0.63186,0.32598,0.10846,18.52549,1,0.58625,0.55767,0.95972,0.0039,1,1,0.02032,0.07363,0.63911,0.58449,0.11919,17.93733,1,0.60626,0.58981,0.96634,0.00362,1,1,participant_30,question_2,No-Timer,True,Answer_Area
0.0,0,41,1,0.59937,0.62684,0,0.8901,0.87593,0.05363,322,105.07942,1,0.59216,0.60145,-0.0424,0.07492,0.63186,0.326,0.10871,18.39592,1,0.579,0.61004,0.96634,0.00386,1,1,0.02032,0.07363,0.63911,0.58431,0.11966,18.25827,1,0.61973,0.64364,0.97296,0.00359,1,1,participant_30,question_2,No-Timer,True,Answer_Area
0.0,0,41,1,0.59905,0.62663,0,0.8901,0.87593,0.06033,322,105.07942,1,0.59285,0.60397,-0.0424,0.07473,0.63186,0.32593,0.10907,18.55308,1,0.57901,0.60688,0.97296,0.0039,1,1,0.01934,0.07022,0.61118,0.58412,0.11982,18.03429,1,0.61908,0.64638,0.967,0.00352,1,1,participant_30,question_2,No-Timer,True,Answer_Area
0.0,0,41,1,0.59587,0.77717,0,0.8901,0.87593,0.06677,322,105.07942,1,0.59312,0.61972,-0.0424,0.07473,0.63186,0.32588,0.11142,18.36261,1,0.58445,0.739,0.967,0.00383,1,1,0.01934,0.07022,0.61118,0.58376,0.12258,17.55018,1,0.6073,0.81534,0.95443,0.00367,1,1,participant_30,question_2,No-Timer,True,Answer_Area
0.0,0,41,1,0.59759,0.84222,0,0.8901,0.87593,0.07369,322,105.07942,1,0.5935,0.63826,-0.0424,0.07473,0.63186,0.32627,0.11257,17.98137,1,0.60265,0.81653,0.95443,0.0039,1,1,0.01934,0.07022,0.61118,0.58334,0.12367,18.27927,1,0.59252,0.86791,0.94185,0.00369,1,1,participant_30,question_2,No-Timer,True,Answer_Area
0.0,0,41,1,0.59724,0.84373,0,0.8901,0.87593,0.08019,322,105.07942,1,0.59378,0.65406,-0.04281,0.07537,0.64008,0.32645,0.11307,17.7618,1,0.60249,0.81812,0.94847,0.0039,1,1,0.01895,0.06931,0.60483,0.58323,0.12424,18.13536,1,0.59199,0.86933,0.93589,0.00378,1,1,participant_30,question_2,No-Timer,True,Answer_Area
0.0,0,41,1,0.59411,0.83941,0,0.8901,0.87593,0.08739,322,105.07942,1,0.59381,0.6673,-0.04281,0.07537,0.64008,0.32656,0.11356,18.11771,1,0.59084,0.84606,0.94251,0.00395,1,1,0.01895,0.06931,0.60483,0.58337,0.12387,18.05206,1,0.59737,0.83276,0.94251,0.00376,1,1,participant_30,question_2,No-Timer,True,Answer_Area
0.0,0,41,1,0.60491,0.82927,0,0.8901,0.87593,0.09398,322,105.07942,1,0.59455,0.6781,-0.04281,0.07537,0.64008,0.32654,0.11351,17.90707,1,0.60669,0.8277,0.94913,0.00385,1,1,0.01895,0.06931,0.60483,0.5834,0.12385,17.84588,1,0.60313,0.83083,0.94913,0.00377,1,1,participant_30,question_2,No-Timer,True,Answer_Area
0.0,0,41,1,0.60491,0.82927,0,0.8901,0.87593,0.09398,322,105.07942,0,0.59639,0.71538,-0.04158,0.07313,0.62107,0.3264,0.11329,17.64229,1,0.60669,0.8277,0.94913,0.00395,1,1,0.01895,0.06931,0.60483,0.5834,0.12375,18.02298,1,0.60313,0.83083,0.94913,0.00371,1,1,participant_30,question_2,No-Timer,True,Answer_Area
0.0,0,41,1,0.60007,0.84193,0,0.8901,0.87593,0.09398,322,105.07942,0,0.59823,0.77865,-0.04158,0.07313,0.62107,0.32613,0.11346,18.26092,1,0.59923,0.84133,0.94251,0.00383,1,1,0.01895,0.06931,0.60483,0.58338,0.12387,17.82771,1,0.6009,0.84252,0.94251,0.00369,1,1,participant_30,question_2,No-Timer,True,Answer_Area
0.0,0,41,1,0.59719,0.84041,0,0.8901,0.87593,0.09398,322,105.07942,0,0.59788,0.79924,-0.04158,0.07313,0.62107,0.32615,0.11337,18.00477,1,0.59908,0.84295,0.93589,0.00384,1,1,0.01895,0.06931,0.60483,0.58343,0.124,17.8245,1,0.5953,0.83786,0.93589,0.00375,1,1,participant_30,question_2,No-Timer,True,Answer_Area
0.0,0,41,1,0.59719,0.84041,0,0.8901,0.87593,0.09398,322,105.07942,0,0.59815,0.84092,-0.04274,0.07517,0.63754,0.32609,0.1134,18.05352,1,0.59908,0.84295,0.93589,0.00383,1,1,0.01906,0.06976,0.60833,0.58339,0.12376,17.88859,1,0.5953,0.83786,0.93589,0.00369,1,1,participant_30,question_2,No-Timer,True,Answer_Area
0.0,0,41,1,0.59563,0.85162,0,0.8901,0.87593,0.09398,322,105.07942,0,0.59689,0.84627,-0.04274,0.07517,0.63754,0.32603,0.11326,18.11191,1,0.59729,0.83265,0.94251,0.00379,1,1,0.01906,0.06976,0.60833,0.58331,0.12367,17.81055,1,0.59397,0.8706,0.94251,0.00368,1,1,participant_30,question_2,No-Timer,True,Answer_Area
0.0,0,41,1,0.5939,0.8375,0,0.8901,0.87593,0.09398,322,105.07942,0,0.59589,0.84335,-0.04274,0.07517,0.63754,0.32598,0.11309,18.00243,1,0.58876,0.81192,0.94913,0.00378,1,1,0.01906,0.06976,0.60833,0.5833,0.12369,17.65933,1,0.59904,0.86307,0.94913,0.00369,1,1,participant_30,question_2,No-Timer,True,Answer_Area
0.0,0,41,1,0.5939,0.8375,0,0.8901,0.87593,0.01996,323,105.20016,1,0.59539,0.84188,-0.04135,0.07266,0.61627,0.32598,0.11308,17.99068,1,0.58876,0.81192,0.94913,0.00379,1,1,0.01895,0.0694,0.60483,0.58326,0.12356,17.43302,1,0.59904,0.86307,0.94913,0.00379,1,1,participant_30,question_2,No-Timer,True,Answer_Area
0.0,0,41,1,0.58809,0.83207,0,0.8901,0.87593,0.02664,323,105.20016,1,0.59393,0.83992,-0.04135,0.07266,0.61627,0.32597,0.11315,18.00409,1,0.58326,0.80976,0.94251,0.0038,1,1,0.01895,0.0694,0.60483,0.5833,0.12348,17.60596,1,0.59293,0.85439,0.94251,0.00359,1,1,participant_30,question_2,No-Timer,True,Answer_Area
0.0,0,41,1,0.58642,0.83062,0,0.8901,0.87593,0.03337,323,105.20016,1,0.59268,0.83837,-0.04135,0.07266,0.61627,0.32593,0.11308,18.02052,1,0.58197,0.80936,0.93589,0.00377,1,1,0.01895,0.0694,0.60483,0.58331,0.12347,17.59256,1,0.59087,0.85188,0.93589,0.00359,1,1,participant_30,question_2,No-Timer,True,Answer_Area
0.0,0,41,1,0.58642,0.83062,0,0.8901,0.87593,0.03983,323,105.20016,1,0.59179,0.83726,-0.04265,0.07489,0.63479,0.32604,0.11317,17.80099,1,0.58197,0.80936,0.93589,0.00388,1,1,0.01895,0.0694,0.60483,0.58334,0.12343,17.37564,1,0.59087,0.85188,0.93589,0.00362,1,1,participant_30,question_2,No-Timer,True,Answer_Area
0.0,0,41,1,0.59526,0.83622,0,0.8901,0.87593,0.04692,323,105.20016,1,0.59222,0.83713,-0.04265,0.07489,0.63479,0.32587,0.11299,17.69264,1,0.59973,0.83546,0.94251,0.00376,1,1,0.01895,0.0694,0.60483,0.5833,0.12336,17.32549,1,0.59079,0.83698,0.94251,0.00362,1,1,participant_30,question_2,No-Timer,True,Answer_Area
0.0,0,41,1,0.5948,0.85574,0,0.8901,0.87593,0.05344,323,105.20016,1,0.59251,0.8392,-0.04265,0.07489,0.63479,0.32578,0.113,17.88838,1,0.60018,0.83404,0.94913,0.00373,1,1,0.01895,0.0694,0.60483,0.5833,0.12335,17.3351,1,0.58942,0.87745,0.94913,0.00362,1,1,participant_30,question_2,No-Timer,True,Answer_Area
0.0,0,41,1,0.59516,0.85416,0,0.8901,0.87593,0.06025,323,105.20016,1,0.59277,0.8407,-0.04326,0.07601,0.64386,0.32579,0.11293,17.85484,1,0.60034,0.83239,0.95575,0.00376,1,1,0.01906,0.06985,0.60833,0.58316,0.12331,17.43259,1,0.58999,0.87594,0.95575,0.00361,1,1,participant_30,question_2,No-Timer,True,Answer_Area
0.0,0,41,1,0.59254,0.84429,0,0.8901,0.87593,0.06721,323,105.20016,1,0.59275,0.84102,-0.04326,0.07601,0.64386,0.32572,0.11275,17.73236,1,0.59388,0.82459,0.95575,0.00375,1,1,0.01906,0.06985,0.60833,0.58321,0.12322,17.42706,1,0.59121,0.864,0.95575,0.00364,1,1,participant_30,question_2,No-Timer,True,Answer_Area
0.0,0,41,1,0.58929,0.83193,0,0.8901,0.87593,0.07331,323,105.20016,1,0.59246,0.84027,-0.04326,0.07601,0.64386,0.32569,0.1127,17.80134,1,0.59186,0.81633,0.95575,0.00368,1,1,0.01906,0.06985,0.60833,0.58321,0.12319,17.39515,1,0.58673,0.84754,0.95575,0.00365,1,1,participant_30,question_2,No-Timer,True,Answer_Area
0.0,0,41,1,0.58922,0.8329,0,0.8901,0.87593,0.08019,323,105.20016,1,0.59221,0.8397,-0.04174,0.07326,0.62062,0.32573,0.11265,17.5908,1,0.59176,0.8181,0.94913,0.00371,1,1,0.01935,0.07109,0.61876,0.58316,0.12311,17.46662,1,0.58668,0.84771,0.95509,0.0036,1,1,participant_30,question_2,No-Timer,True,Answer_Area
0.0,0,41,1,0.59004,0.83278,0,0.8901,0.87593,0.08714,323,105.20016,1,0.59206,0.83921,-0.04174,0.07326,0.62062,0.32568,0.11261,17.4454,1,0.59619,0.8189,0.94847,0.00375,1,1,0.01935,0.07109,0.61876,0.58312,0.12303,17.65189,1,0.58388,0.84666,0.95443,0.0036,1,1,participant_30,question_2,No-Timer,True,Answer_Area
0.0,0,41,1,0.59749,0.8303,0,0.8901,0.87593,0.09384,323,105.20016,1,0.59242,0.83861,-0.04174,0.07326,0.62062,0.32565,0.1126,17.47487,1,0.61426,0.81253,0.94781,0.00375,1,1,0.01935,0.07109,0.61876,0.58313,0.12294,17.63912,1,0.58072,0.84808,0.95377,0.00357,1,1,participant_30,question_2,No-Timer,True,Answer_Area
0.0,0,41,1,0.59808,0.82787,0,0.8901,0.87593,0.1003,323,105.20016,1,0.59277,0.83794,-0.04304,0.07547,0.63927,0.3257,0.11257,17.17703,1,0.61448,0.8109,0.95377,0.0038,1,1,0.01989,0.07327,0.6377,0.58313,0.12294,17.63912,1,0.58168,0.84484,0.96634,0.00357,1,1,participant_30,question_2,No-Timer,True,Answer_Area
0.0,0,41,1,0.5907,0.8253,0,0.8901,0.87593,0.10722,323,105.20016,1,0.59265,0.8372,-0.04304,0.07547,0.63927,0.32562,0.11264,17.26627,1,0.60111,0.80563,0.97296,0.00376,1,1,0.01989,0.07327,0.6377,0.58315,0.12279,17.32755,1,0.58029,0.84498,0.97958,0.0036,1,1,participant_30,question_2,No-Timer,True,Answer_Area
0.0,0,41,1,0.6024,0.82424,0,0.8901,0.87593,0.1135,323,105.20016,1,0.59319,0.83648,-0.04304,0.07547,0.63927,0.32564,0.11264,17.43607,1,0.59951,0.80513,0.9862,0.00378,1,1,0.01989,0.07327,0.6377,0.58311,0.12282,17.265,1,0.60528,0.84335,0.99282,0.00356,1,1,participant_30,question_2,No-Timer,True,Answer_Area
0.0,0,41,1,0.60279,0.82251,0,0.8901,0.87593,0.12045,323,105.20016,1,0.5937,0.83574,-0.04144,0.07259,0.61487,0.32548,0.11269,17.66339,1,0.59965,0.80334,0.99282,0.00372,1,1,0.02011,0.07412,0.64464,0.58311,0.12282,17.265,1,0.60593,0.84168,0.99944,0.00356,1,1,participant_30,question_2,No-Timer,True,Answer_Area
0.0,0,41,1,0.60993,0.81511,0,0.8901,0.87593,0.12737,323,105.20016,1,0.59451,0.83471,-0.04144,0.07259,0.61487,0.32532,0.11271,17.82018,1,0.59221,0.80015,0.99282,0.00371,1,1,0.02011,0.07412,0.64464,0.58308,0.12275,16.91905,1,0.62764,0.83008,0.99282,0.0036,1,1,participant_30,question_2,No-Timer,True,Answer_Area
0.0,0,41,1,0.60368,0.81584,0,0.8901,0.87593,0.13379,323,105.20016,1,0.59495,0.83381,-0.04144,0.07259,0.61487,0.32509,0.11277,17.97624,1,0.59984,0.80701,0.9862,0.00368,1,1,0.02011,0.07412,0.64464,0.58272,0.12298,17.52524,1,0.60752,0.82467,0.9862,0.00362,1,1,participant_30,question_2,No-Timer,True,Answer_Area
0.0,0,41,1,0.60305,0.81755,0,0.8901,0.87593,0.14027,323,105.20016,1,0.59531,0.83307,-0.04287,0.075,0.63534,0.32485,0.11266,18.06807,1,0.59984,0.80701,0.9862,0.0037,1,1,0.01883,0.06975,0.6067,0.58244,0.12295,17.58168,1,0.60626,0.82809,0.97362,0.0036,1,1,participant_30,question_2,No-Timer,True,Answer_Area
0.0,0,41,1,0.5704,0.81534,0,0.8901,0.87593,0.14719,323,105.20016,1,0.59423,0.8323,-0.04287,0.075,0.63534,0.32459,0.11259,17.83032,1,0.57468,0.79135,0.98024,0.00363,1,1,0.01883,0.06975,0.6067,0.58229,0.12285,17.23278,1,0.56611,0.83934,0.96767,0.00367,1,1,participant_30,question_2,No-Timer,True,Answer_Area
0.0,0,41,1,0.57016,0.8181,0,0.8901,0.87593,0.15394,323,105.20016,1,0.59323,0.83171,-0.04287,0.075,0.63534,0.32478,0.11261,17.64518,1,0.5737,0.7994,0.97429,0.00375,1,1,0.01883,0.06975,0.6067,0.58224,0.12267,17.54098,1,0.56661,0.83681,0.96171,0.00354,1,1,participant_30,question_2,No-Timer,True,Answer_Area
0.0,0,41,1,0.57017,0.81894,0,0.8901,0.87593,0.1604,323,105.20016,1,0.59231,0.8312,-0.04287,0.075,0.63534,0.32473,0.11268,17.83317,1,0.57372,0.80106,0.96833,0.00373,1,1,0.01906,0.07078,0.61561,0.58221,0.12263,17.16407,1,0.56661,0.83681,0.96171,0.00356,1,1,participant_30,question_2,No-Timer,True,Answer_Area
0.0,0,41,1,0.56641,0.81826,0,0.8901,0.87593,0.16729,323,105.20016,1,0.59131,0.8307,-0.04287,0.075,0.63534,0.32463,0.11261,17.82629,1,0.57103,0.80741,0.96171,0.00366,1,1,0.01906,0.07078,0.61561,0.58222,0.1227,17.03161,1,0.56178,0.8291,0.96767,0.00355,1,1,participant_30,question_2,No-Timer,True,Answer_Area
0.0,0,41,1,0.56571,0.82075,0,0.8901,0.87593,0.174,323,105.20016,1,0.59036,0.83033,-0.04287,0.075,0.63534,0.32456,0.11262,17.6174,1,0.56815,0.80772,0.96767,0.00363,1,1,0.01906,0.07078,0.61561,0.58224,0.12266,17.13009,1,0.56328,0.83377,0.97362,0.00356,1,1,participant_30,question_2,No-Timer,True,Answer_Area
0.0,0,41,1,0.56589,0.82004,0,0.8901,0.87593,0.18069,323,105.20016,1,0.58949,0.82997,-0.0421,0.07356,0.62315,0.32459,0.1126,17.36681,1,0.56816,0.80791,0.967,0.00365,1,1,0.01955,0.07278,0.63299,0.58228,0.12275,16.98298,1,0.56362,0.83218,0.97958,0.00354,1,1,participant_30,question_2,No-Timer,True,Answer_Area
0.0,0,41,1,0.56298,0.82185,0,0.8901,0.87593,0.18739,323,105.20016,1,0.58857,0.82969,-0.0421,0.07356,0.62315,0.32463,0.11264,17.22688,1,0.56733,0.80573,0.97296,0.00371,1,1,0.01955,0.07278,0.63299,0.58221,0.12287,17.19478,1,0.55862,0.83796,0.97958,0.00355,1,1,participant_30,question_2,No-Timer,True,Answer_Area
0.0,0,41,1,0.5783,0.81997,0,0.8901,0.87593,0.19388,323,105.20016,1,0.58823,0.82936,-0.0421,0.07356,0.62315,0.32461,0.11265,17.16355,1,0.59316,0.80236,0.97296,0.0037,1,1,0.01955,0.07278,0.63299,0.58219,0.12289,17.09894,1,0.56344,0.83758,0.97958,0.00356,1,1,participant_30,question_2,No-Timer,True,Answer_Area
0.0,0,41,1,0.5783,0.81997,0,0.8901,0.87593,0.201,323,105.20016,1,0.58791,0.82906,-0.0421,0.07356,0.62315,0.32456,0.11278,17.41198,1,0.59316,0.80236,0.97296,0.00367,1,1,0.01968,0.07319,0.63703,0.58221,0.12273,16.90663,1,0.56344,0.83758,0.97958,0.00359,1,1,participant_30,question_2,No-Timer,True,Answer_Area
0.0,0,41,1,0.57398,0.81604,0,0.8901,0.87593,0.20767,323,105.20016,1,0.58748,0.82865,-0.0421,0.07356,0.62315,0.32453,0.11287,17.31728,1,0.58806,0.80446,0.97958,0.00368,1,1,0.01968,0.07319,0.63703,0.5821,0.12286,17.26241,1,0.5599,0.82762,0.97958,0.00359,1,1,participant_30,question_2,No-Timer,True,Answer_Area
0.0,0,41,1,0.57546,0.8234,0,0.8901,0.87593,0.2145,323,105.20016,1,0.58711,0.82849,-0.0421,0.07356,0.62315,0.32433,0.1129,17.79198,1,0.5924,0.811,0.97958,0.00369,1,1,0.01968,0.07319,0.63703,0.58218,0.12268,16.94677,1,0.55852,0.83581,0.97958,0.00361,1,1,participant_30,question_2,No-Timer,True,Answer_Area
0.0,0,41,1,0.57546,0.8234,0,0.8901,0.87593,0.22101,323,105.20016,1,0.58677,0.82834,-0.0421,0.07356,0.62315,0.32434,0.11291,17.79423,1,0.5924,0.811,0.97958,0.00368,1,1,0.01968,0.07319,0.63703,0.58207,0.12289,17.36318,1,0.55852,0.83581,0.97958,0.00363,1,1,participant_30,question_2,No-Timer,True,Answer_Area
0.0,0,41,1,0.57097,0.82584,0,0.8901,0.87593,0.22764,323,105.20016,1,0.58632,0.82827,-0.0421,0.07356,0.62315,0.32433,0.11288,17.80656,1,0.58742,0.81839,0.97958,0.00367,1,1,0.01968,0.07319,0.63703,0.58196,0.12294,17.52405,1,0.55453,0.83329,0.97958,0.00362,1,1,participant_30,question_2,No-Timer,True,Answer_Area
0.0,0,41,1,0.58173,0.82821,0,0.8901,0.87593,0.23416,323,105.20016,1,0.58619,0.82827,-0.0421,0.07356,0.62315,0.32436,0.11288,17.66601,1,0.57845,0.8181,0.97958,0.00368,1,1,0.01968,0.07319,0.63703,0.5819,0.12293,17.84846,1,0.58502,0.83832,0.97958,0.00358,1,1,participant_30,question_2,No-Timer,True,Answer_Area
0.0,0,41,1,0.58173,0.82821,0,0.8901,0.87593,0.2411,323,105.20016,1,0.58607,0.82827,-0.0421,0.07356,0.62315,0.32431,0.11286,17.58159,1,0.57845,0.8181,0.97958,0.00368,1,1,0.01968,0.07319,0.63703,0.5819,0.12293,17.84846,1,0.58502,0.83832,0.97958,0.00358,1,1,participant_30,question_2,No-Timer,True,Answer_Area
0.0,0,41,1,0.5684,0.82621,0,0.8901,0.87593,0.24811,323,105.20016,1,0.5856,0.82821,-0.0421,0.07356,0.62315,0.32434,0.11288,17.89167,1,0.58198,0.81576,0.97958,0.00372,1,1,0.01968,0.07319,0.63703,0.58185,0.12296,17.7589,1,0.55482,0.83666,0.97958,0.00359,1,1,participant_30,question_2,No-Timer,True,Answer_Area
0.0,0,41,1,0.58039,0.82608,0,0.8901,0.87593,0.25483,323,105.20016,1,0.58547,0.82816,-0.0421,0.07356,0.62315,0.32435,0.11288,17.98608,1,0.57689,0.81573,0.97958,0.00369,1,1,0.01968,0.07319,0.63703,0.58191,0.12295,17.54854,1,0.5839,0.83644,0.97958,0.00362,1,1,participant_30,question_2,No-Timer,True,Answer_Area
0.0,0,41,1,0.58065,0.82435,0,0.8901,0.87593,0.26117,323,105.20016,1,0.58535,0.82806,-0.04353,0.07598,0.64365,0.32434,0.11285,17.90496,1,0.57689,0.814,0.9862,0.00368,1,1,0.01968,0.07319,0.63703,0.5819,0.12295,17.52625,1,0.58441,0.8347,0.9862,0.00362,1,1,participant_30,question_2,No-Timer,True,Answer_Area
0.0,0,41,1,0.57444,0.82918,0,0.8901,0.87593,0.26757,323,105.20016,1,0.58508,0.82809,-0.04353,0.07598,0.64365,0.3243,0.11286,17.81948,1,0.58267,0.81261,0.99282,0.00371,1,1,0.01968,0.07319,0.63703,0.58188,0.12293,17.80832,1,0.56621,0.84575,0.99282,0.0036,1,1,participant_30,question_2,No-Timer,True,Answer_Area
0.0,0,41,1,0.58145,0.82017,0,0.8901,0.87593,0.27448,323,105.20016,1,0.585,0.8279,-0.04353,0.07598,0.64365,0.32432,0.11286,17.8622,1,0.58397,0.81674,0.99944,0.00369,1,1,0.01968,0.07319,0.63703,0.58186,0.12294,17.71562,1,0.57892,0.8236,0.99944,0.0036,1,1,participant_30,question_2,No-Timer,True,Answer_Area
0.0,0,41,1,0.58145,0.82017,0,0.8901,0.87593,0.28119,323,105.20016,1,0.58492,0.82772,-0.042,0.07324,0.62038,0.32433,0.11289,17.85887,1,0.58397,0.81674,0.99944,0.0037,1,1,0.01968,0.07319,0.63703,0.58181,0.12292,17.55325,1,0.57892,0.8236,0.99944,0.00361,1,1,participant_30,question_2,No-Timer,True,Answer_Area
0.0,0,41,1,0.59133,0.8223,0,0.8901,0.87593,0.28788,323,105.20016,1,0.58506,0.8276,-0.042,0.07324,0.62038,0.32427,0.11291,17.83081,1,0.57918,0.81928,0.99282,0.0037,1,1,0.01968,0.07319,0.63703,0.58181,0.12292,17.55325,1,0.60347,0.82533,0.99282,0.00361,1,1,participant_30,question_2,No-Timer,True,Answer_Area
0.0,0,41,1,0.58949,0.82965,0,0.8901,0.87593,0.29478,323,105.20016,1,0.58516,0.82765,-0.042,0.07324,0.62038,0.32427,0.11297,17.82528,1,0.58061,0.82546,0.9862,0.00371,1,1,0.01968,0.07319,0.63703,0.58179,0.12299,17.87444,1,0.59837,0.83384,0.9862,0.00358,1,1,participant_30,question_2,No-Timer,True,Answer_Area
0.0,0,41,1,0.58918,0.83135,0,0.8901,0.87593,0.30135,323,105.20016,1,0.58525,0.82773,-0.042,0.07324,0.62038,0.3243,0.11291,17.67942,1,0.58058,0.82712,0.97958,0.0037,1,1,0.01981,0.07374,0.64139,0.58175,0.12295,17.85691,1,0.59777,0.83558,0.97958,0.00356,1,1,participant_30,question_2,No-Timer,True,Answer_Area
0.0,0,41,1,0.58989,0.82005,0,0.8901,0.87593,0.30801,323,105.20016,1,0.58535,0.82756,-0.042,0.07324,0.62038,0.32426,0.11294,17.82957,1,0.57696,0.81831,0.97958,0.00369,1,1,0.01981,0.07374,0.64139,0.5817,0.12293,17.68033,1,0.60283,0.82178,0.97958,0.00359,1,1,participant_30,question_2,No-Timer,True,Answer_Area
0.0,0,41,1,0.58728,0.82454,0,0.8901,0.87593,0.31465,323,105.20016,1,0.58539,0.8275,-0.042,0.07324,0.62038,0.32426,0.11292,17.81423,1,0.57765,0.81781,0.97958,0.00368,1,1,0.01981,0.07374,0.64139,0.58166,0.12295,17.66377,1,0.59691,0.83127,0.97958,0.00359,1,1,participant_30,question_2,No-Timer,True,Answer_Area
0.0,0,41,1,0.58728,0.82454,0,0.8901,0.87593,0.32115,323,105.20016,1,0.58516,0.82716,-0.042,0.07324,0.62038,0.32432,0.11295,17.60685,1,0.57765,0.81781,0.97958,0.0037,1,1,0.01981,0.07374,0.64139,0.58166,0.12295,17.58168,1,0.59691,0.83127,0.97958,0.0036,1,1,participant_30,question_2,No-Timer,True,Answer_Area
0.0,0,41,1,0.58234,0.82412,0,0.8901,0.87593,0.32833,323,105.20016,1,0.58488,0.82659,-0.042,0.07324,0.62038,0.32431,0.1129,17.61573,1,0.57105,0.81993,0.97958,0.00371,1,1,0.01981,0.07374,0.64139,0.58161,0.12287,17.6193,1,0.59362,0.82831,0.97958,0.00364,1,1,participant_30,question_2,No-Timer,True,Answer_Area
0.0,0,41,1,0.58509,0.8223,0,0.8901,0.87593,0.33504,323,105.20016,1,0.5847,0.82627,-0.042,0.07324,0.62038,0.3243,0.11287,17.68636,1,0.57747,0.81704,0.97958,0.00369,1,1,0.01981,0.07374,0.64139,0.58163,0.12292,17.61003,1,0.59271,0.82756,0.97958,0.00361,1,1,participant_30,question_2,No-Timer,True,Answer_Area
0.0,0,41,1,0.58509,0.8223,0,0.8901,0.87593,0.34162,323,105.20016,1,0.58452,0.82595,-0.042,0.07324,0.62038,0.32427,0.11285,17.60023,1,0.57747,0.81704,0.97958,0.00368,1,1,0.01981,0.07374,0.64139,0.58163,0.12292,17.61003,1,0.59271,0.82756,0.97958,0.00361,1,1,participant_30,question_2,No-Timer,True,Answer_Area
0.0,0,41,1,0.58097,0.81954,0,0.8901,0.87593,0.34821,323,105.20016,1,0.58437,0.82569,-0.042,0.07324,0.62038,0.32419,0.11279,17.66354,1,0.57174,0.81311,0.97958,0.00368,1,1,0.01981,0.07374,0.64139,0.58159,0.12289,17.80065,1,0.5902,0.82597,0.97958,0.00362,1,1,participant_30,question_2,No-Timer,True,Answer_Area
0.0,0,41,1,0.57013,0.83761,0,0.8901,0.87593,0.35464,323,105.20016,1,0.58403,0.82584,-0.042,0.07324,0.62038,0.32412,0.11277,17.5132,1,0.56462,0.81371,0.97958,0.00367,1,1,0.01981,0.07374,0.64139,0.58147,0.12277,17.52261,1,0.57565,0.86151,0.97958,0.00357,1,1,participant_30,question_2,No-Timer,True,Answer_Area
0.0,0,41,1,0.57013,0.83761,0,0.8901,0.87593,0.36153,323,105.20016,1,0.58369,0.82598,-0.04198,0.07304,0.61871,0.32382,0.11271,17.40965,1,0.56462,0.81371,0.97958,0.00368,1,1,0.01951,0.07337,0.6377,0.58131,0.12273,17.17542,1,0.57565,0.86151,0.97958,0.00362,1,1,participant_30,question_2,No-Timer,True,Answer_Area
0.0,0,41,1,0.48174,0.79041,0,0.8901,0.87593,0.368,323,105.20016,1,0.58132,0.82503,-0.04198,0.07304,0.61871,0.32098,0.11224,17.92548,1,0.4831,0.76741,0.97958,0.00362,1,1,0.01951,0.07337,0.6377,0.57836,0.12251,16.92956,1,0.48039,0.81342,0.97958,0.00358,1,1,participant_30,question_2,No-Timer,True,Answer_Area
0.0,0,41,1,0.40385,0.79224,0,0.8901,0.87593,0.37471,323,105.20016,1,0.57735,0.82371,-0.04198,0.07304,0.61871,0.31967,0.11224,18.24443,1,0.41295,0.77683,0.97958,0.00363,1,1,0.01951,0.07337,0.6377,0.57635,0.1226,17.19936,1,0.39475,0.80765,0.97958,0.00361,1,1,participant_30,question_2,No-Timer,True,Answer_Area
0.0,0,41,1,0.4042,0.79322,0,0.8901,0.87593,0.37471,323,105.20016,0,0.544,0.81737,-0.04249,0.07288,0.61661,0.31829,0.11187,18.20561,1,0.41295,0.77683,0.97958,0.00357,1,1,0.01835,0.072,0.62583,0.57534,0.12229,17.39256,1,0.39546,0.80961,0.97296,0.00352,1,1,participant_30,question_2,No-Timer,True,Answer_Area
0.0,0,41,1,0.26852,0.77679,0,0.8901,0.87593,0.37471,323,105.20016,0,0.40626,0.79708,-0.04249,0.07288,0.61661,0.31553,0.11173,18.67165,1,0.25218,0.7436,0.97296,0.00365,1,1,0.01835,0.072,0.62583,0.57174,0.12224,18.01824,1,0.28485,0.80997,0.96634,0.00362,1,1,participant_30,question_2,No-Timer,True,Answer_Area
0.0,0,41,1,0.24594,0.80093,0,0.8901,0.87593,0.37471,323,105.20016,0,0.35282,0.79836,-0.04249,0.07288,0.61661,0.31399,0.11179,18.40835,1,0.24051,0.76495,0.96634,0.00376,1,1,0.01835,0.072,0.62583,0.57031,0.12237,17.59921,1,0.25138,0.83691,0.95972,0.00355,1,1,participant_30,question_2,No-Timer,True,Answer_Area
0.0,0,41,1,0.24594,0.80093,0,0.8901,0.87593,0.37471,323,105.20016,0,0.25347,0.79288,-0.04484,0.07584,0.64162,0.31309,0.11192,18.78018,1,0.24051,0.76495,0.96634,0.00367,1,1,0.01779,0.07239,0.62919,0.56925,0.12242,18.12318,1,0.25138,0.83691,0.95972,0.0036,1,1,participant_30,question_2,No-Timer,True,Answer_Area
0.0,0,41,1,0.20327,0.80921,0,0.8901,0.87593,0.37471,323,105.20016,0,0.22837,0.80105,-0.04484,0.07584,0.64162,0.312,0.11222,19.07374,1,0.19438,0.79139,0.96634,0.00375,1,1,0.01779,0.07239,0.62919,0.56852,0.12289,18.21228,1,0.21216,0.82704,0.96634,0.00356,1,1,participant_30,question_2,No-Timer,True,Answer_Area
0.0,0,41,1,0.19974,0.78903,0,0.8901,0.87593,0.37471,323,105.20016,0,0.21883,0.79704,-0.04484,0.07584,0.64162,0.31202,0.11221,19.1333,1,0.19616,0.77242,0.97296,0.00375,1,1,0.01779,0.07239,0.62919,0.56861,0.12278,18.0002,1,0.20331,0.80565,0.97296,0.00353,1,1,participant_30,question_2,No-Timer,True,Answer_Area
0.0,0,41,1,0.19974,0.78903,0,0.8901,0.87593,0.02013,324,105.60167,1,0.21405,0.79504,-0.04345,0.07337,0.62108,0.312,0.11212,18.98733,1,0.19616,0.77242,0.97296,0.00376,1,1,0.01779,0.07239,0.62919,0.56864,0.1227,17.93368,1,0.20331,0.80565,0.97296,0.00357,1,1,participant_30,question_2,No-Timer,True,Answer_Area
0.0,0,41,1,0.1819,0.7922,0,0.8901,0.87593,0.02703,324,105.60167,1,0.20762,0.79447,-0.04345,0.07337,0.62108,0.31202,0.11217,19.01308,1,0.19675,0.77238,0.96634,0.00373,1,1,0.01779,0.07239,0.62919,0.56865,0.12247,17.81554,1,0.16704,0.81202,0.96634,0.00359,1,1,participant_30,question_2,No-Timer,True,Answer_Area
0.0,0,41,1,0.18892,0.78988,0,0.8901,0.87593,0.03379,324,105.60167,1,0.20451,0.79371,-0.04345,0.07337,0.62108,0.31199,0.11195,19.01901,1,0.1972,0.76254,0.95972,0.00368,1,1,0.01779,0.07239,0.62919,0.56868,0.12242,17.94139,1,0.18064,0.81721,0.95972,0.00357,1,1,participant_30,question_2,No-Timer,True,Answer_Area
0.0,0,41,1,0.19128,0.79196,0,0.8901,0.87593,0.04044,324,105.60167,1,0.20262,0.79346,-0.04333,0.07332,0.61948,0.312,0.11192,18.91789,1,0.19976,0.76473,0.9531,0.00369,1,1,0.01779,0.07239,0.62919,0.56872,0.12237,17.94849,1,0.18279,0.81919,0.9531,0.00359,1,1,participant_30,question_2,No-Timer,True,Answer_Area
0.0,0,41,1,0.1955,0.79659,0,0.8901,0.87593,0.04722,324,105.60167,1,0.20173,0.79385,-0.04333,0.07332,0.61948,0.31206,0.11182,18.91998,1,0.20289,0.78785,0.9531,0.00368,1,1,0.01779,0.07239,0.62919,0.5688,0.12231,17.96997,1,0.1881,0.80534,0.9531,0.00351,1,1,participant_30,question_2,No-Timer,True,Answer_Area
0.0,0,41,1,0.19427,0.81454,0,0.8901,0.87593,0.05428,324,105.60167,1,0.2009,0.79615,-0.04333,0.07332,0.61948,0.31202,0.11167,18.87379,1,0.20123,0.78474,0.9531,0.0037,1,1,0.01779,0.07239,0.62919,0.5688,0.12232,17.95719,1,0.18732,0.84434,0.9531,0.00351,1,1,participant_30,question_2,No-Timer,True,Answer_Area
0.0,0,41,1,0.19523,0.81535,0,0.8901,0.87593,0.06058,324,105.60167,1,0.20033,0.79807,-0.04333,0.07332,0.61948,0.31206,0.11164,18.911,1,0.20123,0.78474,0.9531,0.00369,1,1,0.01734,0.07038,0.61177,0.56891,0.12224,17.88048,1,0.18923,0.84596,0.94715,0.00352,1,1,participant_30,question_2,No-Timer,True,Answer_Area
0.0,0,41,1,0.19885,0.8072,0,0.8901,0.87593,0.0675,324,105.60167,1,0.2002,0.7989,-0.04333,0.07332,0.61948,0.31215,0.11147,18.80776,1,0.1885,0.77281,0.94715,0.0037,1,1,0.01734,0.07038,0.61177,0.56905,0.12208,17.87704,1,0.20919,0.84159,0.94119,0.00354,1,1,participant_30,question_2,No-Timer,True,Answer_Area
0.0,0,41,1,0.19863,0.79847,0,0.8901,0.87593,0.07423,324,105.60167,1,0.20007,0.79886,-0.04333,0.07332,0.61948,0.31215,0.11136,18.76677,1,0.1876,0.75864,0.94119,0.00365,1,1,0.01734,0.07038,0.61177,0.56908,0.12199,17.68041,1,0.20967,0.8383,0.93523,0.00354,1,1,participant_30,question_2,No-Timer,True,Answer_Area
0.0,0,41,1,0.19648,0.79649,0,0.8901,0.87593,0.08063,324,105.60167,1,0.19979,0.79868,-0.04484,0.07594,0.64162,0.31212,0.11135,18.76432,1,0.18733,0.75841,0.94185,0.00369,1,1,0.01832,0.07413,0.64306,0.56905,0.12197,17.81879,1,0.20564,0.83456,0.94847,0.00362,1,1,participant_30,question_2,No-Timer,True,Answer_Area
0.0,0,41,1,0.20324,0.79673,0,0.8901,0.87593,0.08707,324,105.60167,1,0.20004,0.79854,-0.04484,0.07594,0.64162,0.31229,0.11118,18.89784,1,0.19362,0.78504,0.95509,0.00366,1,1,0.01832,0.07413,0.64306,0.56918,0.12192,17.91714,1,0.21286,0.80843,0.96767,0.00352,1,1,participant_30,question_2,No-Timer,True,Answer_Area
0.0,0,41,1,0.1736,0.7836,0,0.8901,0.87593,0.09378,324,105.60167,1,0.19827,0.79754,-0.04484,0.07594,0.64162,0.31231,0.11114,18.82964,1,0.16003,0.7662,0.97429,0.00367,1,1,0.01832,0.07413,0.64306,0.56922,0.12185,17.90496,1,0.18716,0.801,0.98686,0.00353,1,1,participant_30,question_2,No-Timer,True,Answer_Area
0.0,0,41,1,0.17005,0.78065,0,0.8901,0.87593,0.1005,324,105.60167,1,0.19651,0.79649,-0.04289,0.07285,0.6144,0.31231,0.11114,18.82964,1,0.15477,0.76213,0.98686,0.00366,1,1,0.01792,0.07234,0.62714,0.56932,0.12177,17.80029,1,0.18533,0.79917,0.99282,0.00351,1,1,participant_30,question_2,No-Timer,True,Answer_Area
0.0,0,41,1,0.17144,0.79137,0,0.8901,0.87593,0.10715,324,105.60167,1,0.19504,0.79619,-0.04289,0.07285,0.6144,0.31245,0.111,18.72665,1,0.16414,0.75439,0.9862,0.00366,1,1,0.01792,0.07234,0.62714,0.5694,0.12173,17.8016,1,0.17874,0.82836,0.97958,0.00349,1,1,participant_30,question_2,No-Timer,True,Answer_Area
0.0,0,41,1,0.17885,0.81057,0,0.8901,0.87593,0.11385,324,105.60167,1,0.19414,0.79699,-0.04289,0.07285,0.6144,0.31243,0.11092,18.78565,1,0.17066,0.79696,0.97296,0.00363,1,1,0.01792,0.07234,0.62714,0.56943,0.1217,17.83725,1,0.18704,0.82418,0.96634,0.00349,1,1,participant_30,question_2,No-Timer,True,Answer_Area
0.0,0,41,1,0.18676,0.81699,0,0.8901,0.87593,0.12055,324,105.60167,1,0.19375,0.79804,-0.04212,0.07168,0.60411,0.31245,0.11088,18.64794,1,0.17851,0.80255,0.95377,0.00364,1,1,0.01755,0.0707,0.61289,0.56944,0.12168,17.81851,1,0.19501,0.83144,0.94119,0.00348,1,1,participant_30,question_2,No-Timer,True,Answer_Area
0.0,0,41,1,0.1997,0.82434,0,0.8901,0.87593,0.12725,324,105.60167,1,0.19404,0.79935,-0.04212,0.07168,0.60411,0.31256,0.11076,18.79792,1,0.19376,0.80144,0.93523,0.00367,1,1,0.01755,0.0707,0.61289,0.56956,0.12155,17.63375,1,0.20563,0.84724,0.92927,0.00354,1,1,participant_30,question_2,No-Timer,True,Answer_Area
0.0,0,41,1,0.20901,0.81769,0,0.8901,0.87593,0.13419,324,105.60167,1,0.19476,0.80023,-0.04212,0.07168,0.60411,0.31257,0.11069,18.96303,1,0.20841,0.79535,0.92332,0.00365,1,1,0.01755,0.0707,0.61289,0.56973,0.12152,17.68198,1,0.2096,0.84003,0.91736,0.00349,1,1,participant_30,question_2,No-Timer,True,Answer_Area
0.0,0,41,1,0.21017,0.81861,0,0.8901,0.87593,0.14066,324,105.60167,1,0.19546,0.80106,-0.04316,0.07352,0.61961,0.31266,0.11065,18.75226,1,0.21074,0.79719,0.91736,0.00366,1,1,0.018,0.07229,0.62673,0.56987,0.12148,17.81716,1,0.2096,0.84003,0.91736,0.0035,1,1,participant_30,question_2,No-Timer,True,Answer_Area
0.0,0,41,1,0.21367,0.79492,0,0.8901,0.87593,0.14759,324,105.60167,1,0.19625,0.8008,-0.04316,0.07352,0.61961,0.31274,0.11052,18.6297,1,0.21618,0.77988,0.92332,0.00369,1,1,0.018,0.07229,0.62673,0.56993,0.12144,17.73442,1,0.21115,0.80996,0.92927,0.00356,1,1,participant_30,question_2,No-Timer,True,Answer_Area
0.0,0,41,1,0.20768,0.79212,0,0.8901,0.87593,0.15408,324,105.60167,1,0.19673,0.80043,-0.04316,0.07352,0.61961,0.31283,0.11051,18.86793,1,0.19121,0.76077,0.93523,0.00365,1,1,0.018,0.07229,0.62673,0.57002,0.12129,17.83474,1,0.22414,0.82348,0.94119,0.0036,1,1,participant_30,question_2,No-Timer,True,Answer_Area
0.0,0,41,1,0.20129,0.7862,0,0.8901,0.87593,0.16101,324,105.60167,1,0.19691,0.79987,-0.04465,0.07614,0.64173,0.3129,0.11044,18.87658,1,0.18375,0.75442,0.95377,0.00366,1,1,0.01793,0.07164,0.62109,0.5701,0.12121,17.90921,1,0.21882,0.81798,0.95972,0.00353,1,1,participant_30,question_2,No-Timer,True,Answer_Area
0.0,0,41,1,0.17655,0.78015,0,0.8901,0.87593,0.16769,324,105.60167,1,0.19613,0.79911,-0.04465,0.07614,0.64173,0.31296,0.11044,18.71608,1,0.18216,0.75464,0.96634,0.00366,1,1,0.01793,0.07164,0.62109,0.57016,0.12126,17.78983,1,0.17094,0.80566,0.96634,0.00347,1,1,participant_30,question_2,No-Timer,True,Answer_Area
0.0,0,41,1,0.1828,0.76649,0,0.8901,0.87593,0.17439,324,105.60167,1,0.19563,0.7979,-0.04465,0.07614,0.64173,0.31297,0.11043,18.64651,1,0.19219,0.75305,0.97296,0.00367,1,1,0.01793,0.07164,0.62109,0.57014,0.12135,17.76636,1,0.1734,0.77992,0.97296,0.00344,1,1,participant_30,question_2,No-Timer,True,Answer_Area
0.0,0,41,1,0.18044,0.76427,0,0.8901,0.87593,0.18109,324,105.60167,1,0.19509,0.7967,-0.04465,0.07614,0.64173,0.31307,0.11034,18.50431,1,0.18964,0.75082,0.97958,0.00366,1,1,0.01793,0.07164,0.62109,0.57021,0.1213,17.73404,1,0.17125,0.77771,0.97958,0.00349,1,1,participant_30,question_2,No-Timer,True,Answer_Area
0.0,0,41,1,0.16985,0.81297,0,0.8901,0.87593,0.18779,324,105.60167,1,0.19422,0.79726,-0.04465,0.07614,0.64173,0.31316,0.1103,18.55101,1,0.16246,0.7943,0.97958,0.00366,1,1,0.01793,0.07164,0.62109,0.57027,0.1213,17.6335,1,0.17723,0.83164,0.97958,0.00349,1,1,participant_30,question_2,No-Timer,True,Answer_Area
0.0,0,41,1,0.18013,0.80322,0,0.8901,0.87593,0.19498,324,105.60167,1,0.19375,0.79746,-0.04465,0.07614,0.64173,0.31313,0.11027,18.77047,1,0.16691,0.77083,0.97958,0.00366,1,1,0.01793,0.07164,0.62109,0.57038,0.12123,17.62911,1,0.19335,0.83562,0.97958,0.00347,1,1,participant_30,question_2,No-Timer,True,Answer_Area
0.0,0,41,1,0.18555,0.80774,0,0.8901,0.87593,0.20099,324,105.60167,1,0.19348,0.79779,-0.18649,0.32546,2.74133,0.31326,0.11019,18.714,1,0.17206,0.77481,0.967,0.00368,0,1,0.01761,0.07018,0.60843,0.57043,0.12119,17.56375,1,0.19904,0.84067,0.96105,0.0035,1,1,participant_30,question_2,No-Timer,True,Answer_Area
0.0,0,41,1,0.20067,0.81102,0,0.8901,0.87593,0.20795,324,105.60167,1,0.19371,0.7982,-0.18649,0.32546,2.74133,0.31326,0.11013,18.8163,1,0.19204,0.78009,0.94847,0.00369,0,1,0.01761,0.07018,0.60843,0.57052,0.12123,17.88905,1,0.20931,0.84194,0.94251,0.00349,1,1,participant_30,question_2,No-Timer,True,Answer_Area
0.0,0,41,1,0.20819,0.81797,0,0.8901,0.87593,0.21458,324,105.60167,1,0.19415,0.7988,-0.18649,0.32546,2.74133,0.31334,0.11019,18.67234,1,0.20213,0.78817,0.92993,0.00366,0,1,0.01761,0.07018,0.60843,0.57055,0.12121,17.88417,1,0.21426,0.84777,0.92398,0.00347,1,1,participant_30,question_2,No-Timer,True,Answer_Area
0.0,0,41,1,0.21376,0.8226,0,0.8901,0.87593,0.22128,324,105.60167,1,0.19473,0.7995,-0.18565,0.32424,2.72932,0.31335,0.11013,18.70594,1,0.20944,0.79398,0.9114,0.00364,0,1,0.01813,0.07208,0.62486,0.57071,0.12136,17.86645,1,0.21809,0.85122,0.9114,0.00348,1,1,participant_30,question_2,No-Timer,True,Answer_Area
0.0,0,41,1,0.21869,0.82657,0,0.8901,0.87593,0.22813,324,105.60167,1,0.19541,0.80028,-0.18565,0.32424,2.72932,0.31345,0.11006,18.74625,1,0.22019,0.79639,0.9114,0.00366,0,1,0.01813,0.07208,0.62486,0.57073,0.12132,17.76583,1,0.2172,0.85674,0.91736,0.00348,1,1,participant_30,question_2,No-Timer,True,Answer_Area
0.0,0,41,1,0.2173,0.82289,0,0.8901,0.87593,0.23471,324,105.60167,1,0.19602,0.8009,-0.18565,0.32424,2.72932,0.31354,0.11006,18.62326,1,0.21763,0.7986,0.91736,0.00365,0,1,0.01813,0.07208,0.62486,0.57084,0.12126,17.70548,1,0.21698,0.84718,0.92332,0.00358,1,1,participant_30,question_2,No-Timer,True,Answer_Area
0.0,0,41,1,0.21223,0.81851,0,0.8901,0.87593,0.24172,324,105.60167,1,0.19646,0.80138,-0.04329,0.07421,0.62423,0.31355,0.11003,18.80051,1,0.21306,0.79495,0.92927,0.00365,1,1,0.01859,0.07377,0.63915,0.57091,0.12121,17.87447,1,0.2114,0.84207,0.94185,0.0035,1,1,participant_30,question_2,No-Timer,True,Answer_Area
0.0,0,41,1,0.20327,0.78682,0,0.8901,0.87593,0.24809,324,105.60167,1,0.19664,0.801,-0.04329,0.07421,0.62423,0.3136,0.10971,18.5029,1,0.18811,0.77466,0.94781,0.00363,1,1,0.01859,0.07377,0.63915,0.57079,0.12081,17.93472,1,0.21843,0.79897,0.95443,0.00353,1,1,participant_30,question_2,No-Timer,True,Answer_Area
0.0,0,41,1,0.202,0.68809,0,0.8901,0.87593,0.25481,324,105.60167,1,0.19677,0.7981,-0.04329,0.07421,0.62423,0.3137,0.10855,18.40327,1,0.18891,0.67977,0.96038,0.00367,1,1,0.01859,0.07377,0.63915,0.57074,0.11969,18.00222,1,0.2151,0.69642,0.967,0.00349,1,1,participant_30,question_2,No-Timer,True,Answer_Area
0.0,0,41,1,0.19954,0.68545,0,0.8901,0.87593,0.26148,324,105.60167,1,0.19684,0.79528,-0.04144,0.07141,0.59879,0.3139,0.10764,18.71116,1,0.18398,0.67448,0.97296,0.00361,1,1,0.0176,0.07052,0.60815,0.57067,0.11864,18.01064,1,0.2151,0.69642,0.967,0.0035,1,1,participant_30,question_2,No-Timer,True,Answer_Area
0.0,0,41,1,0.19696,0.51879,0,0.8901,0.87593,0.26819,324,105.60167,1,0.19685,0.78854,-0.04144,0.07141,0.59879,0.31417,0.10563,17.95853,1,0.18341,0.48891,0.967,0.00373,1,1,0.0176,0.07052,0.60815,0.57052,0.11671,17.99913,1,0.21051,0.54867,0.95443,0.00363,1,1,participant_30,question_2,No-Timer,True,Answer_Area
0.0,0,41,1,0.20323,0.56447,0,0.8901,0.87593,0.26819,324,105.60167,0,0.20512,0.74758,-0.04144,0.07141,0.59879,0.31415,0.10538,17.81689,1,0.18885,0.52726,0.95443,0.00365,1,1,0.0176,0.07052,0.60815,0.57057,0.11638,17.35526,1,0.2176,0.60169,0.94185,0.00376,1,1,participant_30,question_2,No-Timer,True,Answer_Area
0.0,0,41,1,0.20746,0.57154,0,0.8901,0.87593,0.26819,324,105.60167,0,0.20629,0.65956,-0.04144,0.0715,0.59879,0.31435,0.10581,18.41905,1,0.19376,0.53463,0.94185,0.00366,1,1,0.01744,0.06993,0.60273,0.57061,0.1166,18.62503,1,0.22117,0.60845,0.92927,0.00362,1,1,participant_30,question_2,No-Timer,True,Answer_Area
0.0,0,41,1,0.21033,0.59949,0,0.8901,0.87593,0.26819,324,105.60167,0,0.20763,0.63954,-0.04144,0.0715,0.59879,0.31431,0.10599,18.63653,1,0.18781,0.57766,0.92927,0.00369,1,1,0.01744,0.06993,0.60273,0.57086,0.1168,18.48834,1,0.23284,0.62131,0.92927,0.00361,1,1,participant_30,question_2,No-Timer,True,Answer_Area
0.0,0,41,1,0.2159,0.56611,0,0.8901,0.87593,0.26819,324,105.60167,0,0.21123,0.57905,-0.04144,0.0715,0.59879,0.31426,0.10603,18.83403,1,0.19533,0.57025,0.92927,0.00368,1,1,0.01744,0.06993,0.60273,0.57094,0.1168,18.38142,1,0.23646,0.56198,0.92927,0.00364,1,1,participant_30,question_2,No-Timer,True,Answer_Area
0.0,0,41,1,0.21511,0.56436,0,0.8901,0.87593,0.26819,324,105.60167,0,0.21317,0.5717,-0.04144,0.07141,0.59879,0.31424,0.10597,18.80161,1,0.19533,0.57025,0.92927,0.00369,1,1,0.01862,0.07401,0.63831,0.57099,0.11677,18.46613,1,0.23488,0.55847,0.93523,0.00362,1,1,participant_30,question_2,No-Timer,True,Answer_Area
0.0,0,41,1,0.21475,0.57725,0,0.8901,0.87593,0.26819,324,105.60167,0,0.21369,0.57355,-0.04144,0.07141,0.59879,0.3142,0.1059,18.78018,1,0.19524,0.56021,0.93523,0.00373,1,1,0.01862,0.07401,0.63831,0.57105,0.11669,18.49024,1,0.23425,0.59428,0.94119,0.00365,1,1,participant_30,question_2,No-Timer,True,Answer_Area
0.0,0,41,1,0.20546,0.57049,0,0.8901,0.87593,0.02016,325,105.89666,1,0.21164,0.57279,-0.04144,0.07141,0.59879,0.31424,0.10569,18.34998,1,0.19307,0.5455,0.94119,0.00375,1,1,0.01862,0.07401,0.63831,0.57108,0.1167,18.60444,1,0.21786,0.59547,0.94715,0.00366,1,1,participant_30,question_2,No-Timer,True,Answer_Area
0.0,0,41,1,0.20346,0.56716,0,0.8901,0.87593,0.02721,325,105.89666,1,0.21,0.57166,-0.04144,0.0715,0.59879,0.31431,0.10568,18.39237,1,0.19074,0.54207,0.94715,0.00377,1,1,0.01862,0.07401,0.63831,0.57109,0.11667,18.64067,1,0.21618,0.59224,0.9531,0.00365,1,1,participant_30,question_2,No-Timer,True,Answer_Area
0.0,0,41,1,0.20085,0.55642,0,0.8901,0.87593,0.03394,325,105.89666,1,0.20848,0.56912,-0.04144,0.0715,0.59879,0.31433,0.10562,18.57347,1,0.19174,0.52716,0.9531,0.00375,1,1,0.01862,0.07401,0.63831,0.57131,0.1164,18.46269,1,0.20996,0.58568,0.9531,0.00364,1,1,participant_30,question_2,No-Timer,True,Answer_Area
0.0,0,41,1,0.2045,0.55072,0,0.8901,0.87593,0.0403,325,105.89666,1,0.20791,0.56649,-0.04144,0.0715,0.59879,0.31433,0.10562,18.57347,1,0.18737,0.52039,0.9531,0.00375,1,1,0.01862,0.07401,0.63831,0.5714,0.1164,18.47843,1,0.22162,0.58106,0.9531,0.00364,1,1,participant_30,question_2,No-Timer,True,Answer_Area
0.0,0,41,1,0.2073,0.55579,0,0.8901,0.87593,0.04717,325,105.89666,1,0.20783,0.56515,-0.18514,0.32641,2.73373,0.31433,0.10559,18.49325,1,0.18971,0.52393,0.94715,0.00376,0,1,0.01781,0.07067,0.60907,0.57143,0.11639,18.51672,1,0.2249,0.58766,0.94119,0.00362,1,1,participant_30,question_2,No-Timer,True,Answer_Area
0.0,0,41,1,0.21533,0.56826,0,0.8901,0.87593,0.05336,325,105.89666,1,0.20867,0.5655,-0.18514,0.32641,2.73373,0.31436,0.10564,18.60456,1,0.20185,0.54535,0.93523,0.00373,0,1,0.01781,0.07067,0.60907,0.57146,0.11636,18.52545,1,0.22881,0.59116,0.92927,0.00363,1,1,participant_30,question_2,No-Timer,True,Answer_Area
0.0,0,41,1,0.21716,0.5709,0,0.8901,0.87593,0.06005,325,105.89666,1,0.20952,0.56604,-0.18514,0.32641,2.73373,0.31435,0.10554,18.66379,1,0.20149,0.53961,0.92332,0.00375,0,1,0.01781,0.07067,0.60907,0.57146,0.11632,18.65062,1,0.23282,0.60218,0.91736,0.00358,1,1,participant_30,question_2,No-Timer,True,Answer_Area
0.0,0,41,1,0.22112,0.57771,0,0.8901,0.87593,0.06705,325,105.89666,1,0.21057,0.5671,-0.18514,0.32682,2.73373,0.31448,0.10551,18.65867,1,0.20614,0.54667,0.9114,0.00382,0,1,0.0175,0.06953,0.59849,0.57147,0.11631,18.64627,1,0.23611,0.60875,0.90544,0.00359,1,1,participant_30,question_2,No-Timer,True,Answer_Area
0.0,0,41,1,0.22624,0.56548,0,0.8901,0.87593,0.0737,325,105.89666,1,0.21188,0.56697,-0.18514,0.32682,2.73373,0.31448,0.10539,18.64861,1,0.21648,0.54497,0.90544,0.0038,0,1,0.0175,0.06953,0.59849,0.57165,0.11623,18.54585,1,0.236,0.58599,0.90544,0.00363,1,1,participant_30,question_2,No-Timer,True,Answer_Area
0.0,0,41,1,0.23082,0.55785,0,0.8901,0.87593,0.08015,325,105.89666,1,0.21333,0.56626,-0.18514,0.32682,2.73373,0.3145,0.10545,18.43662,1,0.21267,0.53161,0.90544,0.00383,0,1,0.0175,0.06953,0.59849,0.57172,0.11618,18.42366,1,0.24897,0.58409,0.90544,0.00366,1,1,participant_30,question_2,No-Timer,True,Answer_Area
0.0,0,41,1,0.23004,0.55613,0,0.8901,0.87593,0.08725,325,105.89666,1,0.21453,0.56554,-0.18514,0.32682,2.73373,0.31451,0.1054,18.69572,1,0.21267,0.53161,0.90544,0.00377,0,1,0.01838,0.07251,0.62378,0.57173,0.11619,18.48625,1,0.24741,0.58064,0.9114,0.00364,1,1,participant_30,question_2,No-Timer,True,Answer_Area
0.0,0,41,1,0.23059,0.55869,0,0.8901,0.87593,0.09378,325,105.89666,1,0.2156,0.56508,-0.18514,0.32682,2.73373,0.31459,0.10534,18.78569,1,0.2127,0.5575,0.9114,0.00373,0,1,0.01838,0.07251,0.62378,0.57182,0.11616,18.39431,1,0.24848,0.55989,0.91736,0.00364,1,1,participant_30,question_2,No-Timer,True,Answer_Area
0.0,0,41,1,0.2169,0.55333,0,0.8901,0.87593,0.10068,325,105.89666,1,0.21568,0.56435,-0.18514,0.32682,2.73373,0.3146,0.10529,18.6918,1,0.21153,0.5458,0.91736,0.00375,0,1,0.01838,0.07251,0.62378,0.57185,0.11613,18.44897,1,0.22227,0.56087,0.92332,0.00364,1,1,participant_30,question_2,No-Timer,True,Answer_Area
0.0,0,41,1,0.21294,0.54628,0,0.8901,0.87593,0.10722,325,105.89666,1,0.21552,0.56329,-0.04212,0.07293,0.61004,0.31455,0.10521,18.65051,1,0.20697,0.53878,0.92927,0.00378,1,1,0.01838,0.07251,0.62378,0.57196,0.1161,18.64893,1,0.21891,0.55379,0.93523,0.00361,1,1,participant_30,question_2,No-Timer,True,Answer_Area
0.0,0,41,1,0.20221,0.54819,0,0.8901,0.87593,0.11423,325,105.89666,1,0.21478,0.56245,-0.04212,0.07293,0.61004,0.31452,0.10505,18.5394,1,0.20285,0.52039,0.94119,0.00374,1,1,0.01838,0.07251,0.62378,0.57202,0.11601,18.54238,1,0.20157,0.576,0.94119,0.00364,1,1,participant_30,question_2,No-Timer,True,Answer_Area
0.0,0,41,1,0.19325,0.54172,0,0.8901,0.87593,0.12056,325,105.89666,1,0.21365,0.56136,-0.04212,0.07293,0.61004,0.31458,0.10518,18.61376,1,0.17588,0.50334,0.94715,0.00371,1,1,0.01838,0.07251,0.62378,0.57202,0.11601,18.54238,1,0.21062,0.5801,0.94715,0.00364,1,1,participant_30,question_2,No-Timer,True,Answer_Area
0.0,0,41,1,0.19204,0.53988,0,0.8901,0.87593,0.12726,325,105.89666,1,0.21257,0.56028,-0.04212,0.07293,0.61004,0.31465,0.10516,18.55758,1,0.17346,0.49965,0.9531,0.00372,1,1,0.01822,0.0717,0.61677,0.57205,0.11597,18.47722,1,0.21062,0.5801,0.94715,0.00363,1,1,participant_30,question_2,No-Timer,True,Answer_Area
0.0,0,41,1,0.2048,0.54568,0,0.8901,0.87593,0.13416,325,105.89666,1,0.2122,0.55959,-0.04212,0.07293,0.61004,0.31481,0.10514,18.69595,1,0.18832,0.51725,0.94715,0.00371,1,1,0.01822,0.0717,0.61677,0.57216,0.11601,18.5497,1,0.22128,0.57411,0.94119,0.00364,1,1,participant_30,question_2,No-Timer,True,Answer_Area
0.0,0,41,1,0.20755,0.55139,0,0.8901,0.87593,0.14067,325,105.89666,1,0.21198,0.55922,-0.04212,0.07293,0.61004,0.31481,0.10514,18.69595,1,0.1915,0.52228,0.94119,0.00371,1,1,0.01822,0.0717,0.61677,0.57217,0.11601,18.5785,1,0.2236,0.5805,0.93523,0.00364,1,1,participant_30,question_2,No-Timer,True,Answer_Area
0.0,0,41,1,0.20733,0.55101,0,0.8901,0.87593,0.14771,325,105.89666,1,0.21178,0.55886,-0.04415,0.07652,0.6401,0.31481,0.10514,18.69595,1,0.19124,0.52189,0.94185,0.00371,1,1,0.01822,0.0717,0.61677,0.5722,0.11596,18.52356,1,0.22342,0.58013,0.93589,0.00361,1,1,participant_30,question_2,No-Timer,True,Answer_Area
0.0,0,41,1,0.20938,0.55575,0,0.8901,0.87593,0.15414,325,105.89666,1,0.21168,0.55873,-0.04415,0.07652,0.6401,0.31491,0.1052,18.7895,1,0.19858,0.52507,0.94251,0.00373,1,1,0.01822,0.0717,0.61677,0.57227,0.11595,18.5701,1,0.22018,0.58643,0.94251,0.00357,1,1,participant_30,question_2,No-Timer,True,Answer_Area
0.0,0,41,1,0.21248,0.55172,0,0.8901,0.87593,0.16096,325,105.89666,1,0.21171,0.55845,-0.04415,0.07652,0.6401,0.31493,0.10519,18.70345,1,0.20028,0.5237,0.94913,0.00373,1,1,0.01822,0.0717,0.61677,0.57235,0.11602,18.54338,1,0.22467,0.57975,0.94913,0.00361,1,1,participant_30,question_2,No-Timer,True,Answer_Area
0.0,0,41,1,0.21076,0.54822,0,0.8901,0.87593,0.16749,325,105.89666,1,0.21168,0.55806,-0.04249,0.07372,0.61661,0.31499,0.10512,18.96099,1,0.20028,0.5237,0.94913,0.00373,1,1,0.01904,0.07453,0.6411,0.57244,0.11604,18.53482,1,0.22124,0.57273,0.96171,0.00366,1,1,participant_30,question_2,No-Timer,True,Answer_Area
0.0,0,41,1,0.20599,0.53801,0,0.8901,0.87593,0.17413,325,105.89666,1,0.21147,0.55731,-0.04249,0.07372,0.61661,0.31546,0.10429,17.85683,1,0.19081,0.49771,0.95509,0.0038,1,1,0.01904,0.07453,0.6411,0.57297,0.11517,17.57302,1,0.22118,0.5783,0.96767,0.0037,1,1,participant_30,question_2,No-Timer,True,Answer_Area
0.0,0,41,1,0.27135,0.43974,0,0.8901,0.87593,0.18089,325,105.89666,1,0.21361,0.55311,-0.04249,0.07372,0.61661,0.3168,0.10309,18.23902,1,0.24241,0.43395,0.96105,0.00383,1,1,0.01904,0.07453,0.6411,0.57391,0.11365,17.20195,1,0.30029,0.44552,0.97362,0.00369,1,1,participant_30,question_2,No-Timer,True,Question
0.0,0,41,1,0.27099,0.43996,0,0.8901,0.87593,0.18755,325,105.89666,1,0.21558,0.54921,-0.04257,0.07521,0.62596,0.31754,0.10183,18.146,1,0.24044,0.4299,0.967,0.00371,1,1,0.01819,0.07052,0.60347,0.5747,0.11292,18.19202,1,0.30155,0.45003,0.967,0.00363,1,1,participant_30,question_2,No-Timer,True,Question
0.0,0,41,1,0.3723,0.19329,0,0.8901,0.87593,0.18755,325,105.89666,0,0.22985,0.4997,-0.04257,0.07521,0.62596,0.32077,0.09926,19.14845,1,0.35233,0.14333,0.967,0.00385,1,1,0.01819,0.07052,0.60347,0.57695,0.10997,18.26821,1,0.39227,0.24324,0.95443,0.00373,1,1,participant_30,question_2,No-Timer,True,Question
0.0,0,41,1,0.40685,0.09951,0,0.8901,0.87593,0.18755,325,105.89666,0,0.31835,0.2996,-0.04257,0.07521,0.62596,0.32225,0.09768,18.89056,1,0.38774,0.07506,0.95443,0.00395,1,1,0.01819,0.07052,0.60347,0.57787,0.10856,17.97841,1,0.42597,0.12397,0.94185,0.00382,1,1,participant_30,question_2,No-Timer,True,Question
0.0,0,41,1,0.40741,0.10266,0,0.8901,0.87593,0.18755,325,105.89666,0,0.34804,0.23396,-0.04253,0.07674,0.63593,0.32278,0.09715,18.89871,1,0.38884,0.08136,0.94847,0.00407,1,1,0.01896,0.07225,0.6152,0.5786,0.10752,18.05884,1,0.42597,0.12397,0.94185,0.00392,1,1,participant_30,question_2,No-Timer,True,Question
0.0,0,41,1,0.44557,-0.02468,0,0.8901,0.87593,0.18755,325,105.89666,0,0.41994,0.05916,-0.04253,0.07674,0.63593,0.32439,0.09585,18.90816,1,0.4324,-0.01653,0.94847,0.0041,1,1,0.01896,0.07225,0.6152,0.57978,0.10612,17.53967,1,0.45873,-0.03283,0.95443,0.00426,1,1,participant_30,question_2,No-Timer,True,Other
0.0,0,41,1,0.44986,-0.01561,0,0.8901,0.87593,0.18755,325,105.89666,0,0.4349,0.02178,-0.04253,0.07674,0.63593,0.32447,0.09585,18.77207,1,0.44116,0.00645,0.96105,0.0042,1,1,0.01896,0.07225,0.6152,0.58005,0.10667,17.96087,1,0.45857,-0.03767,0.967,0.00425,1,1,participant_30,question_2,No-Timer,True,Other
0.0,0,41,1,0.45008,-0.00892,0,0.8901,0.87593,0.18755,325,105.89666,0,0.43996,0.01154,-0.17869,0.3303,2.73544,0.3247,0.09563,18.82344,1,0.44116,0.00645,0.96105,0.00418,0,1,0.01857,0.06981,0.594,0.58048,0.10656,17.7057,1,0.45899,-0.0243,0.95566,0.00424,1,1,participant_30,question_2,No-Timer,True,Other
0.0,0,41,1,0.45675,0.01693,0,0.8901,0.87593,0.01996,326,106.11111,1,0.44416,0.01289,-0.17869,0.3303,2.73544,0.32475,0.09575,18.53956,1,0.449,0.03749,0.94308,0.00414,0,1,0.01857,0.06981,0.594,0.58076,0.10598,17.86583,1,0.4645,-0.00362,0.93173,0.00417,1,1,participant_30,question_2,No-Timer,True,Other
0.0,0,41,1,0.46403,0.00164,0,0.8901,0.87593,0.02666,326,106.11111,1,0.44813,0.01064,-0.17869,0.3303,2.73544,0.32476,0.09578,18.52873,1,0.44772,-0.0168,0.91915,0.00412,0,1,0.01857,0.06981,0.594,0.58084,0.10593,17.84508,1,0.48033,0.02009,0.90781,0.00406,1,1,participant_30,question_2,No-Timer,True,Other
0.0,0,41,1,0.46528,0.0163,0,0.8901,0.87593,0.03345,326,106.11111,1,0.45099,0.01158,-0.04157,0.07513,0.62222,0.32478,0.09573,18.54776,1,0.45009,0.00464,0.90119,0.00413,1,1,0.01964,0.07343,0.62517,0.58096,0.10584,18.0041,1,0.48047,0.02796,0.90119,0.00407,1,1,participant_30,question_2,No-Timer,True,Other
0.0,0,41,1,0.46166,0.05724,0,0.8901,0.87593,0.04006,326,106.11111,1,0.45251,0.0181,-0.04157,0.07513,0.62222,0.32475,0.09576,18.43012,1,0.45164,0.07145,0.90714,0.00416,1,1,0.01964,0.07343,0.62517,0.58119,0.10662,17.73042,1,0.47167,0.04303,0.91849,0.00423,1,1,participant_30,question_2,No-Timer,True,Question
0.0,0,41,1,0.45285,0.03538,0,0.8901,0.87593,0.04695,326,106.11111,1,0.45256,0.02026,-0.04157,0.07513,0.62222,0.32486,0.09576,18.32712,1,0.44915,0.04543,0.92445,0.0042,1,1,0.01964,0.07343,0.62517,0.58142,0.10636,17.57115,1,0.45656,0.02533,0.9358,0.0042,1,1,participant_30,question_2,No-Timer,True,Question
0.0,0,41,1,0.4515,0.01917,0,0.8901,0.87593,0.05377,326,106.11111,1,0.45244,0.02014,-0.04157,0.07513,0.62222,0.32477,0.09557,18.56984,1,0.4469,0.02607,0.94176,0.00414,1,1,0.01934,0.07178,0.61117,0.58172,0.1062,18.07115,1,0.4561,0.01227,0.94715,0.0042,1,1,participant_30,question_2,No-Timer,True,Other
0.0,0,41,1,0.46214,0.0156,0,0.8901,0.87593,0.06068,326,106.11111,1,0.45341,0.01969,-0.04157,0.07513,0.62222,0.32481,0.09574,18.39849,1,0.45236,0.01338,0.94715,0.0042,1,1,0.01934,0.07178,0.61117,0.58164,0.106,17.54914,1,0.47192,0.01782,0.94119,0.00424,1,1,participant_30,question_2,No-Timer,True,Other
0.0,0,41,1,0.44566,0.01539,0,0.8901,0.87593,0.06721,326,106.11111,1,0.4527,0.0193,-0.04157,0.07513,0.62222,0.32485,0.09565,18.18234,1,0.43431,0.00833,0.94119,0.00424,1,1,0.01934,0.07178,0.61117,0.58162,0.10607,17.60278,1,0.45701,0.02245,0.93523,0.00419,1,1,participant_30,question_2,No-Timer,True,Other
0.0,0,41,1,0.44608,0.01879,0,0.8901,0.87593,0.07381,326,106.11111,1,0.45215,0.01926,-0.04114,0.07452,0.61718,0.32482,0.09566,18.1957,1,0.43515,0.01512,0.93523,0.00424,1,1,0.01962,0.07267,0.61873,0.58178,0.10597,17.73873,1,0.45701,0.02245,0.93523,0.00416,1,1,participant_30,question_2,No-Timer,True,Other
0.0,0,41,1,0.45425,0.01284,0,0.8901,0.87593,0.08044,326,106.11111,1,0.45231,0.01876,-0.04114,0.07452,0.61718,0.32483,0.09562,18.19726,1,0.43784,0.01446,0.93523,0.00429,1,1,0.01962,0.07267,0.61873,0.58204,0.10581,17.81268,1,0.47066,0.01121,0.94119,0.00383,1,1,participant_30,question_2,No-Timer,True,Other
0.0,0,41,1,0.45491,0.00384,0,0.8901,0.87593,0.08709,326,106.11111,1,0.4525,0.0177,-0.04114,0.07452,0.61718,0.32484,0.09563,18.18621,1,0.43755,0.00538,0.94119,0.00429,1,1,0.01962,0.07267,0.61873,0.58219,0.10588,17.80354,1,0.47228,0.0023,0.94715,0.00395,1,1,participant_30,question_2,No-Timer,True,Other
0.0,0,41,1,0.45388,-0.01064,0,0.8901,0.87593,0.09366,326,106.11111,1,0.45259,0.01581,-0.0412,0.07477,0.61883,0.32484,0.09563,18.18621,1,0.43581,-0.00899,0.95377,0.00429,1,1,0.01984,0.07315,0.62278,0.58215,0.10585,17.73273,1,0.47194,-0.01228,0.95972,0.00395,1,1,participant_30,question_2,No-Timer,True,Other
0.0,0,41,1,0.45088,-0.02874,0,0.8901,0.87593,0.10091,326,106.11111,1,0.45248,0.01302,-0.0412,0.07477,0.61883,0.32481,0.09571,18.12732,1,0.4371,-0.03292,0.96634,0.00427,1,1,0.01984,0.07315,0.62278,0.58247,0.10593,18.25689,1,0.46466,-0.02456,0.96634,0.00401,1,1,participant_30,question_2,No-Timer,True,Other
0.0,0,41,1,0.4443,-0.03654,0,0.8901,0.87593,0.10772,326,106.11111,1,0.452,0.01011,-0.0412,0.07477,0.61883,0.32491,0.09537,18.28775,1,0.43985,-0.0406,0.97296,0.00419,1,1,0.01984,0.07315,0.62278,0.58247,0.10571,17.76401,1,0.44874,-0.03249,0.97296,0.00401,1,1,participant_30,question_2,No-Timer,True,Other
0.0,0,41,1,0.44385,-0.04074,0,0.8901,0.87593,0.11354,326,106.11111,1,0.45155,0.00728,-0.0412,0.07477,0.61883,0.32498,0.09523,18.40341,1,0.43898,-0.04823,0.97958,0.00425,1,1,0.01947,0.07161,0.60971,0.58249,0.10574,17.72652,1,0.44871,-0.03326,0.97362,0.004,1,1,participant_30,question_2,No-Timer,True,Other
0.0,0,41,1,0.45359,-0.04014,0,0.8901,0.87593,0.12088,326,106.11111,1,0.45166,0.00479,-0.0412,0.07477,0.61883,0.32513,0.09523,18.52965,1,0.447,-0.04883,0.97362,0.00426,1,1,0.01947,0.07161,0.60971,0.58257,0.10563,17.84391,1,0.46018,-0.03144,0.96767,0.00397,1,1,participant_30,question_2,No-Timer,True,Other
0.0,0,41,1,0.45787,-0.03006,0,0.8901,0.87593,0.12716,326,106.11111,1,0.45197,0.00304,-0.0412,0.07477,0.61883,0.32527,0.09503,18.73614,1,0.45282,-0.03923,0.96767,0.0041,1,1,0.01947,0.07161,0.60971,0.58252,0.10576,18.01467,1,0.46291,-0.02089,0.96171,0.00395,1,1,participant_30,question_2,No-Timer,True,Other
0.0,0,41,1,0.45873,-0.01893,0,0.8901,0.87593,0.13385,326,106.11111,1,0.45229,0.002,-0.04108,0.07473,0.61773,0.32528,0.09507,18.74264,1,0.45433,-0.02469,0.95509,0.00406,1,1,0.01983,0.07275,0.61945,0.58255,0.10579,17.84368,1,0.46314,-0.01316,0.95509,0.00395,1,1,participant_30,question_2,No-Timer,True,Other
0.0,0,41,1,0.46379,-0.02025,0,0.8901,0.87593,0.1408,326,106.11111,1,0.45281,0.00099,-0.04108,0.07473,0.61773,0.32533,0.09506,18.60779,1,0.4595,-0.02315,0.94847,0.00407,1,1,0.01983,0.07275,0.61945,0.58279,0.10563,17.34109,1,0.46808,-0.01734,0.95443,0.00393,1,1,participant_30,question_2,No-Timer,True,Other
0.0,0,41,1,0.45613,-0.02235,0,0.8901,0.87593,0.14754,326,106.11111,1,0.45296,-3e-05,-0.04108,0.07473,0.61773,0.32532,0.09505,18.61476,1,0.43884,-0.02739,0.94781,0.00409,1,1,0.01983,0.07275,0.61945,0.58279,0.10565,17.49582,1,0.47342,-0.0173,0.95377,0.00392,1,1,participant_30,question_2,No-Timer,True,Other
0.0,0,41,1,0.45618,-0.02157,0,0.8901,0.87593,0.15417,326,106.11111,1,0.45309,-0.00093,-0.03965,0.07209,0.59629,0.32549,0.09506,18.47004,1,0.43893,-0.02662,0.94715,0.00408,1,1,0.02002,0.07309,0.6223,0.58322,0.10572,18.17702,1,0.47343,-0.01652,0.9531,0.00396,1,1,participant_30,question_2,No-Timer,True,Other
0.0,0,41,1,0.46089,-0.03546,0,0.8901,0.87593,0.1607,326,106.11111,1,0.4534,-0.00231,-0.03965,0.07209,0.59629,0.32586,0.09497,18.77096,1,0.4511,-0.04889,0.9531,0.00405,1,1,0.02002,0.07309,0.6223,0.58323,0.10575,17.99248,1,0.47068,-0.02204,0.9531,0.00402,1,1,participant_30,question_2,No-Timer,True,Other
0.0,0,41,1,0.50109,-0.05859,0,0.8901,0.87593,0.1607,326,106.11111,0,0.45843,-0.03033,-0.03965,0.07209,0.59629,0.32669,0.09482,18.96772,1,0.48467,-0.07926,0.9531,0.00406,1,1,0.02002,0.07309,0.6223,0.58378,0.10596,17.92435,1,0.51752,-0.03791,0.9531,0.00434,1,1,participant_30,question_2,No-Timer,True,Other
0.0,0,41,1,0.50109,-0.05859,0,0.8901,0.87593,0.1607,326,106.11111,0,0.47976,-0.04446,-0.04082,0.07481,0.61803,0.32698,0.09455,18.50645,1,0.48467,-0.07926,0.9531,0.00414,1,1,0.02016,0.07298,0.62101,0.58458,0.1058,17.7984,1,0.51752,-0.03791,0.9531,0.00426,1,1,participant_30,question_2,No-Timer,True,Other
0.0,0,41,1,0.48645,-0.06078,0,0.8901,0.87593,0.1607,326,106.11111,0,0.48199,-0.0499,-0.04082,0.07481,0.61803,0.32704,0.09468,18.64054,1,0.47316,-0.07199,0.9531,0.00418,1,1,0.02016,0.07298,0.62101,0.58432,0.10574,17.87873,1,0.49974,-0.04958,0.9531,0.0043,1,1,participant_30,question_2,No-Timer,True,Other
0.0,0,41,1,0.48296,-0.04482,0,0.8901,0.87593,0.02037,327,106.27825,1,0.48223,-0.04863,-0.04082,0.07481,0.61803,0.32696,0.09456,18.47485,1,0.46731,-0.07882,0.9531,0.00416,1,1,0.02016,0.07298,0.62101,0.58447,0.10565,17.78626,1,0.49861,-0.01083,0.9531,0.00422,1,1,participant_30,question_2,No-Timer,True,Other
0.0,0,41,1,0.48297,-0.04136,0,0.8901,0.87593,0.02699,327,106.27825,1,0.48238,-0.04718,-0.04082,0.07481,0.61803,0.32696,0.09456,18.47485,1,0.46731,-0.07882,0.9531,0.00416,1,1,0.01997,0.07219,0.61382,0.58439,0.10565,17.95312,1,0.49863,-0.0039,0.94715,0.0042,1,1,participant_30,question_2,No-Timer,True,Other
0.0,0,41,1,0.49093,-0.04004,0,0.8901,0.87593,0.0335,327,106.27825,1,0.48381,-0.04599,-0.04082,0.07481,0.61803,0.32696,0.09456,18.47485,1,0.46885,-0.07899,0.94715,0.00416,1,1,0.01997,0.07219,0.61382,0.58453,0.10567,18.26431,1,0.51302,-0.00109,0.94119,0.00426,1,1,participant_30,question_2,No-Timer,True,Other
0.0,0,41,1,0.49076,-0.03175,0,0.8901,0.87593,0.0405,327,106.27825,1,0.4848,-0.04395,-0.04082,0.07481,0.61803,0.32696,0.09456,18.47485,1,0.47197,-0.06902,0.94119,0.00415,1,1,0.01997,0.07219,0.61382,0.58467,0.10556,18.02506,1,0.50956,0.00553,0.93523,0.00423,1,1,participant_30,question_2,No-Timer,True,Other
0.0,0,41,1,0.49106,-0.02464,0,0.8901,0.87593,0.0472,327,106.27825,1,0.48558,-0.04154,-0.04082,0.07481,0.61803,0.32696,0.09456,18.47485,1,0.47259,-0.06176,0.93523,0.00415,1,1,0.01984,0.07175,0.6097,0.58469,0.10557,18.09311,1,0.50953,0.01247,0.92927,0.00419,1,1,participant_30,question_2,No-Timer,True,Other
0.0,0,41,1,0.4878,-0.02411,0,0.8901,0.87593,0.05421,327,106.27825,1,0.48583,-0.0396,-0.04082,0.07481,0.61803,0.327,0.09455,18.29491,1,0.47571,-0.05476,0.92927,0.00423,1,1,0.01984,0.07175,0.6097,0.58478,0.10551,17.72825,1,0.49989,0.00653,0.92927,0.00429,1,1,participant_30,question_2,No-Timer,True,Other
0.0,0,41,1,0.50069,-0.0089,0,0.8901,0.87593,0.06049,327,106.27825,1,0.48732,-0.03653,-0.04082,0.07481,0.61803,0.32675,0.09477,18.81993,1,0.47777,-0.02471,0.92927,0.00424,1,1,0.01984,0.07175,0.6097,0.5848,0.10553,17.88621,1,0.52361,0.0069,0.92927,0.00431,1,1,participant_30,question_2,No-Timer,True,Other
0.0,0,41,1,0.50047,-0.02019,0,0.8901,0.87593,0.06718,327,106.27825,1,0.48851,-0.03505,-0.04195,0.07696,0.6358,0.32675,0.09477,18.81993,1,0.4771,-0.03256,0.93589,0.00424,1,1,0.02052,0.07404,0.62917,0.58484,0.10539,17.7936,1,0.52384,-0.00781,0.94185,0.0043,1,1,participant_30,question_2,No-Timer,True,Other
0.0,0,41,1,0.50831,-0.01978,0,0.8901,0.87593,0.07421,327,106.27825,1,0.49016,-0.03378,-0.04195,0.07696,0.6358,0.32696,0.09437,18.13977,1,0.48625,-0.00796,0.94847,0.00428,1,1,0.02052,0.07404,0.62917,0.5847,0.10532,17.95583,1,0.53037,-0.0316,0.95443,0.00437,1,1,participant_30,question_2,No-Timer,True,Other
0.0,0,41,1,0.51195,-0.03761,0,0.8901,0.87593,0.08108,327,106.27825,1,0.49184,-0.03407,-0.04195,0.07696,0.6358,0.32728,0.09407,18.80595,1,0.48779,-0.02898,0.96105,0.00436,1,1,0.02052,0.07404,0.62917,0.5847,0.1055,17.77209,1,0.53611,-0.04624,0.967,0.00439,1,1,participant_30,question_2,No-Timer,True,Other
0.0,0,41,1,0.51157,-0.05225,0,0.8901,0.87593,0.08741,327,106.27825,1,0.49325,-0.03537,-0.04195,0.07696,0.6358,0.32729,0.09411,18.86766,1,0.48668,-0.04345,0.97362,0.00434,1,1,0.02036,0.07317,0.62141,0.58481,0.10536,17.30423,1,0.53645,-0.06105,0.97958,0.00438,1,1,participant_30,question_2,No-Timer,True,Other
0.0,0,41,1,0.50394,-0.06861,0,0.8901,0.87593,0.09396,327,106.27825,1,0.49396,-0.03759,-0.04195,0.07696,0.6358,0.32732,0.09398,18.90132,1,0.48775,-0.06397,0.97958,0.00428,1,1,0.02036,0.07317,0.62141,0.58516,0.10509,18.03848,1,0.52013,-0.07326,0.97958,0.00421,1,1,participant_30,question_2,No-Timer,True,Other
0.0,0,41,1,0.50697,-0.06859,0,0.8901,0.87593,0.10067,327,106.27825,1,0.49477,-0.03952,-0.04195,0.07696,0.6358,0.32731,0.09429,19.07563,1,0.4908,-0.0638,0.97958,0.00419,1,1,0.02036,0.07317,0.62141,0.58524,0.10507,17.89257,1,0.52315,-0.07337,0.97958,0.00417,1,1,participant_30,question_2,No-Timer,True,Other
0.0,0,41,1,0.50697,-0.06859,0,0.8901,0.87593,0.10737,327,106.27825,1,0.49549,-0.04123,-0.04195,0.07696,0.6358,0.32744,0.0942,18.73203,1,0.4908,-0.0638,0.97958,0.0042,1,1,0.02036,0.07317,0.62141,0.58539,0.10501,18.07302,1,0.52315,-0.07337,0.97958,0.00418,1,1,participant_30,question_2,No-Timer,True,Other
0.0,0,41,1,0.49721,-0.05984,0,0.8901,0.87593,0.11388,327,106.27825,1,0.49559,-0.04227,-0.04195,0.07696,0.6358,0.32748,0.09381,18.89273,1,0.49006,-0.08351,0.97958,0.00402,1,1,0.02036,0.07317,0.62141,0.58548,0.10494,18.03177,1,0.50436,-0.03617,0.97958,0.00418,1,1,participant_30,question_2,No-Timer,True,Other
0.0,0,41,1,0.49984,-0.06207,0,0.8901,0.87593,0.12079,327,106.27825,1,0.49581,-0.04331,-0.04195,0.07696,0.6358,0.32741,0.09379,18.69976,1,0.49481,-0.09272,0.97958,0.00404,1,1,0.02036,0.07317,0.62141,0.58549,0.10496,17.72728,1,0.50488,-0.03143,0.97958,0.00415,1,1,participant_30,question_2,No-Timer,True,Other
0.0,0,41,1,0.49984,-0.06207,0,0.8901,0.87593,0.12756,327,106.27825,1,0.49601,-0.04425,-0.04204,0.07727,0.63718,0.32736,0.09381,18.91612,1,0.49481,-0.09272,0.97958,0.00403,1,1,0.02036,0.07317,0.62141,0.58551,0.10482,17.60383,1,0.50488,-0.03143,0.97958,0.00423,1,1,participant_30,question_2,No-Timer,True,Other
0.0,0,41,1,0.50015,-0.09026,0,0.8901,0.87593,0.13416,327,106.27825,1,0.49621,-0.04644,-0.04204,0.07727,0.63718,0.32733,0.09364,19.00437,1,0.493,-0.09703,0.97958,0.00408,1,1,0.02036,0.07317,0.62141,0.58545,0.10471,17.64657,1,0.50731,-0.08349,0.97958,0.0043,1,1,participant_30,question_2,No-Timer,True,Other
0.0,0,41,1,0.48025,-0.07657,0,0.8901,0.87593,0.14089,327,106.27825,1,0.49548,-0.04781,-0.04204,0.07727,0.63718,0.32721,0.09379,18.82532,1,0.4623,-0.10874,0.97958,0.00418,1,1,0.02036,0.07317,0.62141,0.58468,0.10478,17.91262,1,0.4982,-0.04441,0.97958,0.0042,1,1,participant_30,question_2,No-Timer,True,Other
0.0,0,41,1,0.48098,-0.05815,0,0.8901,0.87593,0.14758,327,106.27825,1,0.49485,-0.04826,-0.17694,0.33175,2.7338,0.3267,0.09377,19.15022,1,0.46368,-0.09349,0.967,0.00409,0,1,0.01984,0.07179,0.6097,0.58476,0.10455,17.89036,1,0.49828,-0.0228,0.96105,0.00415,1,1,participant_30,question_2,No-Timer,True,Other
0.0,0,41,1,0.44021,-0.05742,0,0.8901,0.87593,0.15446,327,106.27825,1,0.49258,-0.04864,-0.17694,0.33175,2.7338,0.32561,0.09357,18.81433,1,0.4248,-0.07451,0.94847,0.00411,0,1,0.01984,0.07179,0.6097,0.58332,0.10455,17.96505,1,0.45563,-0.04033,0.94251,0.0039,1,1,participant_30,question_2,No-Timer,True,Other
0.0,0,41,1,0.43859,-0.02702,0,0.8901,0.87593,0.16117,327,106.27825,1,0.49042,-0.04777,-0.17694,0.33175,2.7338,0.32576,0.09363,18.78451,1,0.4271,-0.05336,0.92993,0.00417,0,1,0.01984,0.07179,0.6097,0.5833,0.10471,18.07177,1,0.45007,-0.00068,0.92398,0.00391,1,1,participant_30,question_2,No-Timer,True,Other
0.0,0,41,1,0.43903,-0.02339,0,0.8901,0.87593,0.16795,327,106.27825,1,0.48844,-0.04684,-0.0412,0.07543,0.6216,0.32551,0.09338,18.51226,1,0.428,-0.04609,0.92398,0.00411,1,1,0.02003,0.07299,0.6199,0.58328,0.10478,18.46439,1,0.45007,-0.00068,0.92398,0.00388,1,1,participant_30,question_2,No-Timer,True,Other
0.0,0,41,1,0.44891,-0.04278,0,0.8901,0.87593,0.17443,327,106.27825,1,0.48698,-0.04669,-0.0412,0.07543,0.6216,0.32557,0.09361,18.43914,1,0.43455,-0.05441,0.93655,0.00415,1,1,0.02003,0.07299,0.6199,0.58334,0.10477,18.25128,1,0.46327,-0.03114,0.94251,0.00391,1,1,participant_30,question_2,No-Timer,True,Other
0.0,0,41,1,0.44583,-0.05283,0,0.8901,0.87593,0.18085,327,106.27825,1,0.48551,-0.04691,-0.0412,0.07543,0.6216,0.32577,0.09366,18.87234,1,0.43238,-0.06806,0.95509,0.00409,1,1,0.02003,0.07299,0.6199,0.58325,0.10509,17.85306,1,0.45928,-0.03761,0.96105,0.00409,1,1,participant_30,question_2,No-Timer,True,Other
0.0,0,41,1,0.44429,-0.07145,0,0.8901,0.87593,0.18777,327,106.27825,1,0.48409,-0.04775,-0.04231,0.07732,0.63836,0.32575,0.09366,18.78147,1,0.42977,-0.09038,0.97362,0.00409,1,1,0.01976,0.0718,0.61016,0.58325,0.1051,17.85531,1,0.45882,-0.05252,0.97362,0.00409,1,1,participant_30,question_2,No-Timer,True,Other
0.0,0,41,1,0.4439,-0.05497,0,0.8901,0.87593,0.19463,327,106.27825,1,0.48275,-0.04799,-0.04231,0.07732,0.63836,0.32578,0.09429,18.97465,1,0.43014,-0.06951,0.97362,0.00421,1,1,0.01976,0.0718,0.61016,0.58333,0.10513,18.0788,1,0.45765,-0.04044,0.96767,0.00414,1,1,participant_30,question_2,No-Timer,True,Other
0.0,0,41,1,0.44349,-0.043,0,0.8901,0.87593,0.20115,327,106.27825,1,0.48148,-0.04783,-0.04231,0.07732,0.63836,0.32555,0.09428,18.42193,1,0.42807,-0.0553,0.96767,0.00426,1,1,0.01976,0.0718,0.61016,0.58325,0.10525,17.93057,1,0.45892,-0.03069,0.96171,0.0041,1,1,participant_30,question_2,No-Timer,True,Other
0.0,0,41,1,0.44392,-0.0395,0,0.8901,0.87593,0.20115,327,106.27825,0,0.45413,-0.05311,-0.0412,0.07524,0.6216,0.3256,0.0943,18.54951,1,0.42892,-0.0483,0.96171,0.00424,1,1,0.02016,0.07308,0.62101,0.58329,0.1053,17.98352,1,0.45892,-0.03069,0.96171,0.0041,1,1,participant_30,question_2,No-Timer,True,Other
0.0,0,41,1,0.44366,-0.03805,0,0.8901,0.87593,0.20115,327,106.27825,0,0.44889,-0.04558,-0.0412,0.07524,0.6216,0.32559,0.09392,18.43176,1,0.43912,-0.03299,0.96171,0.00431,1,1,0.02016,0.07308,0.62101,0.58363,0.10536,18.43091,1,0.4482,-0.0431,0.96767,0.00409,1,1,participant_30,question_2,No-Timer,True,Other
0.0,0,41,1,0.44974,-0.0447,0,0.8901,0.87593,0.20115,327,106.27825,0,0.44918,-0.04529,-0.0412,0.07524,0.6216,0.32574,0.09389,18.72748,1,0.44408,-0.04285,0.96767,0.00429,1,1,0.02016,0.07308,0.62101,0.58385,0.10542,17.87732,1,0.4554,-0.04655,0.97362,0.0041,1,1,participant_30,question_2,No-Timer,True,Other
0.0,0,41,1,0.44924,-0.05167,0,0.8901,0.87593,0.02009,328,106.48611,1,0.44919,-0.04688,-0.0412,0.07524,0.6216,0.32579,0.09415,18.73431,1,0.44332,-0.04977,0.97362,0.00419,1,1,0.02052,0.07404,0.62917,0.58392,0.10533,17.76956,1,0.45517,-0.05358,0.97958,0.00415,1,1,participant_30,question_2,No-Timer,True,Other
0.0,0,41,1,0.43378,-0.06486,0,0.8901,0.87593,0.02656,328,106.48611,1,0.44611,-0.05048,-0.0412,0.07524,0.6216,0.3261,0.09395,18.81024,1,0.43839,-0.09293,0.97958,0.0041,1,1,0.02052,0.07404,0.62917,0.58401,0.10483,18.34011,1,0.42917,-0.03679,0.97958,0.00395,1,1,participant_30,question_2,No-Timer,True,Other
0.0,0,41,1,0.43808,-0.01857,0,0.8901,0.87593,0.03326,328,106.48611,1,0.44477,-0.04516,-0.0412,0.07524,0.6216,0.32648,0.094,18.4683,1,0.43038,-0.0079,0.97958,0.00408,1,1,0.02052,0.07404,0.62917,0.5836,0.10487,17.11456,1,0.44578,-0.02925,0.97958,0.00401,1,1,participant_30,question_2,No-Timer,True,Other
0.0,0,41,1,0.43926,-0.00431,0,0.8901,0.87593,0.04027,328,106.48611,1,0.44398,-0.03933,-0.03961,0.07312,0.60177,0.32653,0.09406,18.60343,1,0.43213,0.00608,0.967,0.00391,1,1,0.02021,0.07355,0.62265,0.58327,0.10483,17.55446,1,0.44638,-0.01471,0.967,0.00396,1,1,participant_30,question_2,No-Timer,True,Other
0.0,0,41,0,0.43926,-0.00431,0,0.8901,0.87593,0.04688,328,106.48611,1,0.44398,-0.03933,-0.03961,0.07312,0.60177,0.32653,0.09406,18.60343,0,0.43213,0.00608,0.95443,0.00391,1,0,0.02021,0.07355,0.62265,0.58327,0.10483,17.55446,0,0.44638,-0.01471,0.95443,0.00396,1,0,participant_30,question_2,No-Timer,False,Other
0.0,0,41,0,0.43926,-0.00431,0,0.8901,0.87593,0.05337,328,106.48611,1,0.44398,-0.03933,-0.03961,0.07312,0.60177,0.32653,0.09406,18.60343,0,0.43213,0.00608,0.94185,0.00391,1,0,0.02021,0.07355,0.62265,0.58327,0.10483,17.55446,0,0.44638,-0.01471,0.94185,0.00396,1,0,participant_30,question_2,No-Timer,False,Other
0.0,0,41,0,0.43926,-0.00431,0,0.8901,0.87593,0.06037,328,106.48611,1,0.44398,-0.03933,-0.03961,0.07312,0.60177,0.32653,0.09406,18.60343,0,0.43213,0.00608,0.92927,0.00391,1,0,0.02021,0.07355,0.62265,0.58327,0.10483,17.55446,0,0.44638,-0.01471,0.92927,0.00396,1,0,participant_30,question_2,No-Timer,False,Other
0.0,0,41,0,0.43926,-0.00431,0,0.8901,0.87593,0.06037,328,106.48611,0,0.44229,-0.03703,-0.03961,0.07312,0.60177,0.32653,0.09406,18.60343,0,0.43213,0.00608,0.92927,0.00391,1,0,0.02021,0.07355,0.62265,0.58327,0.10483,17.55446,0,0.44638,-0.01471,0.92927,0.00396,1,0,participant_30,question_2,No-Timer,False,Other
0.0,0,41,0,0.43926,-0.00431,0,0.8901,0.87593,0.06037,328,106.48611,0,0.44229,-0.03703,-0.03961,0.07312,0.60177,0.32653,0.09406,18.60343,0,0.43213,0.00608,0.92927,0.00391,1,0,0.02021,0.07355,0.62265,0.58327,0.10483,17.55446,0,0.44638,-0.01471,0.92927,0.00396,1,0,participant_30,question_2,No-Timer,False,Other
0.0,0,41,0,0.43926,-0.00431,0,0.8901,0.87593,0.06037,328,106.48611,0,0.44229,-0.03703,-0.03961,0.07312,0.60177,0.32653,0.09406,18.60343,0,0.43213,0.00608,0.92927,0.00391,1,0,0.02021,0.07355,0.62265,0.58327,0.10483,17.55446,0,0.44638,-0.01471,0.92927,0.00396,1,0,participant_30,question_2,No-Timer,False,Other
0.0,61,41,0,0.43926,-0.00431,0,0.8901,0.87593,0.06037,328,106.48611,0,0.0,0.0,-0.03961,0.07312,0.60177,0.32653,0.09406,18.60343,0,0.43213,0.00608,0.92927,0.00391,1,0,0.02021,0.07355,0.62265,0.58327,0.10483,17.55446,0,0.44638,-0.01471,0.92927,0.00396,1,0,participant_30,question_2,No-Timer,True,Other
0.0,61,41,0,0.43926,-0.00431,0,0.8901,0.87593,0.06037,328,106.48611,0,0.0,0.0,-0.03961,0.07312,0.60177,0.32653,0.09406,18.60343,0,0.43213,0.00608,0.92927,0.00391,1,0,0.02021,0.07355,0.62265,0.58327,0.10483,17.55446,0,0.44638,-0.01471,0.92927,0.00396,1,0,participant_30,question_2,No-Timer,True,Other
0.0,61,41,0,0.43926,-0.00431,0,0.8901,0.87593,0.06037,328,106.48611,0,0.0,0.0,-0.03961,0.07312,0.60177,0.32653,0.09406,18.60343,0,0.43213,0.00608,0.92927,0.00391,1,0,0.02021,0.07355,0.62265,0.58327,0.10483,17.55446,0,0.44638,-0.01471,0.92927,0.00396,1,0,participant_30,question_2,No-Timer,True,Other
0.0,61,41,0,0.43926,-0.00431,0,0.8901,0.87593,0.06037,328,106.48611,0,0.0,0.0,-0.03961,0.07312,0.60177,0.32653,0.09406,18.60343,0,0.43213,0.00608,0.92927,0.00391,1,0,0.02021,0.07355,0.62265,0.58327,0.10483,17.55446,0,0.44638,-0.01471,0.92927,0.00396,1,0,participant_30,question_2,No-Timer,True,Other
0.0,61,40,0,0.43926,-0.00431,0,0.8901,0.87593,0.06037,328,106.48611,0,0.0,0.0,-0.03961,0.07312,0.60177,0.32653,0.09406,18.60343,0,0.43213,0.00608,0.92927,0.00391,1,0,0.02021,0.07355,0.62265,0.58327,0.10483,17.55446,0,0.44638,-0.01471,0.92927,0.00396,1,0,participant_30,question_2,No-Timer,True,Other
0.0,61,40,0,0.43926,-0.00431,0,0.8901,0.87593,0.06037,328,106.48611,0,0.0,0.0,-0.03961,0.07312,0.60177,0.32653,0.09406,18.60343,0,0.43213,0.00608,0.92927,0.00391,1,0,0.02021,0.07355,0.62265,0.58327,0.10483,17.55446,0,0.44638,-0.01471,0.92927,0.00396,1,0,participant_30,question_2,No-Timer,True,Other
0.0,61,40,0,0.43926,-0.00431,0,0.8901,0.87593,0.06037,328,106.48611,0,0.0,0.0,-0.03961,0.07312,0.60177,0.32653,0.09406,18.60343,0,0.43213,0.00608,0.92927,0.00391,1,0,0.02021,0.07355,0.62265,0.58327,0.10483,17.55446,0,0.44638,-0.01471,0.92927,0.00396,1,0,participant_30,question_2,No-Timer,True,Other
0.0,61,40,0,0.43926,-0.00431,0,0.8901,0.87593,0.06037,328,106.48611,0,0.0,0.0,-0.03961,0.07312,0.60177,0.32653,0.09406,18.60343,0,0.43213,0.00608,0.92927,0.00391,1,0,0.02021,0.07355,0.62265,0.58327,0.10483,17.55446,0,0.44638,-0.01471,0.92927,0.00396,1,0,participant_30,question_2,No-Timer,True,Other
0.0,61,40,0,0.43926,-0.00431,0,0.8901,0.87593,0.06037,328,106.48611,0,0.0,0.0,-0.03961,0.07312,0.60177,0.32653,0.09406,18.60343,0,0.43213,0.00608,0.92927,0.00391,1,0,0.02021,0.07355,0.62265,0.58327,0.10483,17.55446,0,0.44638,-0.01471,0.92927,0.00396,1,0,participant_30,question_2,No-Timer,True,Other
0.0,61,40,0,0.43926,-0.00431,0,0.8901,0.87593,0.06037,328,106.48611,0,0.0,0.0,-0.03961,0.07312,0.60177,0.32653,0.09406,18.60343,0,0.43213,0.00608,0.92927,0.00391,1,0,0.02021,0.07355,0.62265,0.58327,0.10483,17.55446,0,0.44638,-0.01471,0.92927,0.00396,1,0,participant_30,question_2,No-Timer,True,Other
0.0,61,40,0,0.43926,-0.00431,0,0.8901,0.87593,0.06037,328,106.48611,0,0.0,0.0,-0.03961,0.07312,0.60177,0.32653,0.09406,18.60343,0,0.43213,0.00608,0.92927,0.00391,1,0,0.02021,0.07355,0.62265,0.58327,0.10483,17.55446,0,0.44638,-0.01471,0.92927,0.00396,1,0,participant_30,question_2,No-Timer,True,Other
0.0,61,40,0,0.43926,-0.00431,0,0.8901,0.87593,0.06037,328,106.48611,0,0.0,0.0,-0.03961,0.07312,0.60177,0.32653,0.09406,18.60343,0,0.43213,0.00608,0.92927,0.00391,1,0,0.02021,0.07355,0.62265,0.58327,0.10483,17.55446,0,0.44638,-0.01471,0.92927,0.00396,1,0,participant_30,question_2,No-Timer,True,Other
0.0,61,40,0,0.43926,-0.00431,0,0.8901,0.87593,0.06037,328,106.48611,0,0.0,0.0,-0.03961,0.07312,0.60177,0.32653,0.09406,18.60343,0,0.43213,0.00608,0.92927,0.00391,1,0,0.02021,0.07355,0.62265,0.58327,0.10483,17.55446,0,0.44638,-0.01471,0.92927,0.00396,1,0,participant_30,question_2,No-Timer,True,Other
0.0,61,40,0,0.43926,-0.00431,0,0.8901,0.87593,0.06037,328,106.48611,0,0.0,0.0,-0.03961,0.07312,0.60177,0.32653,0.09406,18.60343,0,0.43213,0.00608,0.92927,0.00391,1,0,0.02021,0.07355,0.62265,0.58327,0.10483,17.55446,0,0.44638,-0.01471,0.92927,0.00396,1,0,participant_30,question_2,No-Timer,True,Other
0.0,61,40,0,0.43926,-0.00431,0,0.8901,0.87593,0.06037,328,106.48611,0,0.0,0.0,-0.03961,0.07312,0.60177,0.32653,0.09406,18.60343,0,0.43213,0.00608,0.92927,0.00391,1,0,0.02021,0.07355,0.62265,0.58327,0.10483,17.55446,0,0.44638,-0.01471,0.92927,0.00396,1,0,participant_30,question_2,No-Timer,True,Other
0.0,61,40,0,0.43926,-0.00431,0,0.8901,0.87593,0.06037,328,106.48611,0,0.0,0.0,-0.03961,0.07312,0.60177,0.32653,0.09406,18.60343,0,0.43213,0.00608,0.92927,0.00391,1,0,0.02021,0.07355,0.62265,0.58327,0.10483,17.55446,0,0.44638,-0.01471,0.92927,0.00396,1,0,participant_30,question_2,No-Timer,True,Other
0.10715,0,41,1,0.31527,-0.0066,0,0.8901,0.87593,0.06037,328,106.48611,0,0.15763,-0.0033,-0.03961,0.07312,0.60177,0.32657,0.09441,18.97867,1,0.31527,-0.0066,0.92927,0.00427,1,1,0.02021,0.07355,0.62265,0.58327,0.10483,17.55446,0,0.44638,-0.01471,0.92927,0.00396,1,0,participant_30,question_2,No-Timer,True,Other
0.0,0,41,1,0.38097,0.00763,0,0.8901,0.87593,0.06037,328,106.48611,0,0.23208,0.00035,-0.04057,0.07529,0.62117,0.3265,0.09455,18.93853,1,0.31372,-0.01363,0.93523,0.0043,1,1,0.02009,0.07092,0.60348,0.58475,0.10636,18.86976,1,0.44822,0.0289,0.92927,0.00443,1,1,participant_30,question_2,No-Timer,True,Other
0.0,0,41,1,0.30217,-0.03088,0,0.8901,0.87593,0.06037,328,106.48611,0,0.3328,-0.00995,-0.04057,0.07529,0.62117,0.3256,0.09465,19.42521,1,0.28701,-0.03021,0.93523,0.00455,1,1,0.02009,0.07092,0.60348,0.58316,0.10582,19.18246,1,0.31733,-0.03154,0.92927,0.00438,1,1,participant_30,question_2,No-Timer,True,Other
0.0,0,41,1,0.24254,-0.06084,0,0.8901,0.87593,0.06037,328,106.48611,0,0.28767,-0.03539,-0.04057,0.07529,0.62117,0.32449,0.09415,19.0601,1,0.21099,-0.06503,0.93523,0.00451,1,1,0.02009,0.07092,0.60348,0.58153,0.10491,18.09232,1,0.2741,-0.05665,0.92927,0.00389,1,1,participant_30,question_2,No-Timer,True,Other
0.0,0,41,1,0.24254,-0.06084,0,0.8901,0.87593,0.06037,328,106.48611,0,0.27263,-0.04388,-0.04033,0.07429,0.6133,0.32353,0.09292,18.27714,1,0.21099,-0.06503,0.93523,0.00391,1,1,0.01953,0.07007,0.59734,0.58073,0.10471,18.00611,1,0.2741,-0.05665,0.92927,0.00389,1,1,participant_30,question_2,No-Timer,True,Other
0.0,0,41,1,0.16777,-0.081,0,0.8901,0.87593,0.06037,328,106.48611,0,0.21762,-0.06756,-0.04033,0.07429,0.6133,0.32144,0.0927,17.99924,1,0.1528,-0.07385,0.92927,0.0038,1,1,0.01953,0.07007,0.59734,0.57858,0.10505,17.66885,1,0.18275,-0.08815,0.92927,0.00389,1,1,participant_30,question_2,No-Timer,True,Other
0.0,0,41,1,0.13244,-0.0644,0,0.8901,0.87593,0.06037,328,106.48611,0,0.17503,-0.06598,-0.04033,0.07429,0.6133,0.32077,0.09283,17.64849,1,0.10362,-0.0626,0.92927,0.00376,1,1,0.01953,0.07007,0.59734,0.57786,0.10516,17.66889,1,0.16125,-0.06619,0.92927,0.00387,1,1,participant_30,question_2,No-Timer,True,Other
0.0,0,41,1,0.14024,-0.03699,0,0.8901,0.87593,0.06037,328,106.48611,0,0.16343,-0.05632,-0.03763,0.0689,0.56916,0.32022,0.09283,17.66285,1,0.11121,-0.0421,0.91302,0.00382,1,1,0.01838,0.06679,0.57012,0.57745,0.10533,17.70932,1,0.16926,-0.03188,0.90273,0.00384,1,1,participant_30,question_2,No-Timer,True,Other
0.0,0,41,1,0.15774,-0.01533,0,0.8901,0.87593,0.02045,329,106.71363,1,0.16201,-0.04607,-0.03763,0.0689,0.56916,0.32008,0.09264,17.7998,1,0.13216,-0.01919,0.88649,0.00383,1,1,0.01838,0.06679,0.57012,0.57747,0.10515,17.89914,1,0.18333,-0.01147,0.8762,0.00392,1,1,participant_30,question_2,No-Timer,True,Other
0.0,0,41,1,0.17893,0.02185,0,0.8901,0.87593,0.02753,329,106.71363,1,0.16539,-0.03249,-0.03763,0.0689,0.56916,0.32018,0.0926,17.95419,1,0.15445,-0.00437,0.85995,0.00385,1,1,0.01838,0.06679,0.57012,0.5777,0.10493,18.00327,1,0.20341,0.04806,0.84966,0.00402,1,1,participant_30,question_2,No-Timer,True,Other
0.0,0,41,1,0.18704,0.04952,0,0.8901,0.87593,0.03385,329,106.71363,1,0.169,-0.01882,-0.03905,0.07165,0.59118,0.32033,0.09246,17.88211,1,0.16425,0.02351,0.83831,0.00394,1,1,0.01864,0.06719,0.57279,0.57777,0.10486,17.85498,1,0.20983,0.07553,0.82802,0.00393,1,1,participant_30,question_2,No-Timer,True,Question
0.0,0,41,1,0.16911,0.08115,0,0.8901,0.87593,0.04063,329,106.71363,1,0.16902,-0.00454,-0.03905,0.07165,0.59118,0.32035,0.09246,17.95912,1,0.14832,0.10271,0.83292,0.0039,1,1,0.01864,0.06719,0.57279,0.57777,0.10475,17.79156,1,0.1899,0.05958,0.83292,0.00391,1,1,participant_30,question_2,No-Timer,True,Question
0.0,0,41,1,0.16865,0.06055,0,0.8901,0.87593,0.04713,329,106.71363,1,0.16897,0.0036,-0.03905,0.07165,0.59118,0.32038,0.09235,18.21082,1,0.16577,0.07862,0.83782,0.00386,1,1,0.01864,0.06719,0.57279,0.57789,0.10463,17.79499,1,0.17153,0.04248,0.83782,0.00396,1,1,participant_30,question_2,No-Timer,True,Question
0.0,0,41,1,0.16672,0.05437,0,0.8901,0.87593,0.05418,329,106.71363,1,0.16872,0.00924,-0.03905,0.07174,0.59118,0.32031,0.09211,18.11836,1,0.16354,0.07264,0.84272,0.00387,1,1,0.01864,0.06727,0.57279,0.578,0.1045,17.77672,1,0.16991,0.03611,0.84272,0.00395,1,1,participant_30,question_2,No-Timer,True,Question
0.0,0,41,1,0.16141,0.03403,0,0.8901,0.87593,0.06055,329,106.71363,1,0.16799,0.01172,-0.03905,0.07174,0.59118,0.32024,0.09205,18.17445,1,0.14215,0.05818,0.84272,0.00384,1,1,0.01864,0.06727,0.57279,0.578,0.10433,18.07301,1,0.18068,0.00988,0.84272,0.0039,1,1,participant_30,question_2,No-Timer,True,Question
0.0,0,41,1,0.16396,0.04282,0,0.8901,0.87593,0.06755,329,106.71363,1,0.16762,0.01455,-0.03905,0.07174,0.59118,0.32031,0.09202,18.23689,1,0.14587,0.04748,0.84272,0.00387,1,1,0.01864,0.06727,0.57279,0.57806,0.10424,18.10744,1,0.18206,0.03816,0.84272,0.00395,1,1,participant_30,question_2,No-Timer,True,Question
0.0,0,41,1,0.16319,0.03964,0,0.8901,0.87593,0.07399,329,106.71363,1,0.16725,0.01664,-0.03871,0.07116,0.58606,0.32035,0.09196,18.21639,1,0.14587,0.04748,0.84272,0.00392,1,1,0.01864,0.06727,0.57279,0.57815,0.10417,18.07138,1,0.1805,0.03181,0.84762,0.00397,1,1,participant_30,question_2,No-Timer,True,Question
0.0,0,41,1,0.16936,0.02088,0,0.8901,0.87593,0.08059,329,106.71363,1,0.16742,0.01696,-0.03871,0.07116,0.58606,0.32038,0.09166,18.16433,1,0.14718,0.02693,0.84762,0.00389,1,1,0.01864,0.06727,0.57279,0.57825,0.10407,18.05463,1,0.19154,0.01483,0.85252,0.0039,1,1,participant_30,question_2,No-Timer,True,Other
0.0,0,41,1,0.16544,0.0287,0,0.8901,0.87593,0.08768,329,106.71363,1,0.16728,0.0178,-0.03871,0.07116,0.58606,0.32036,0.09168,18.37204,1,0.14366,0.01499,0.85252,0.00388,1,1,0.01864,0.06727,0.57279,0.57832,0.10403,17.95028,1,0.18722,0.0424,0.85742,0.00395,1,1,participant_30,question_2,No-Timer,True,Question
0.0,0,41,1,0.16272,0.01904,0,0.8901,0.87593,0.09428,329,106.71363,1,0.16697,0.01788,-0.03905,0.07183,0.59118,0.32035,0.09163,18.22357,1,0.14137,0.00873,0.85742,0.00388,1,1,0.01953,0.07025,0.59734,0.57834,0.104,17.98982,1,0.18406,0.02935,0.86771,0.00393,1,1,participant_30,question_2,No-Timer,True,Other
0.0,0,41,1,0.15795,0.00354,0,0.8901,0.87593,0.10071,329,106.71363,1,0.16641,0.01699,-0.03905,0.07183,0.59118,0.32035,0.09163,18.22357,1,0.1376,-0.01353,0.86771,0.00388,1,1,0.01953,0.07025,0.59734,0.57838,0.10394,18.22484,1,0.17829,0.02062,0.8731,0.00395,1,1,participant_30,question_2,No-Timer,True,Other
0.0,0,41,1,0.14522,-0.00893,0,0.8901,0.87593,0.10767,329,106.71363,1,0.16516,0.01546,-0.03905,0.07183,0.59118,0.32001,0.09185,18.24296,1,0.1333,0.00096,0.8731,0.00392,1,1,0.01953,0.07025,0.59734,0.57797,0.10412,17.86123,1,0.15715,-0.01883,0.87849,0.004,1,1,participant_30,question_2,No-Timer,True,Other
0.0,0,41,1,0.14309,-0.01589,0,0.8901,0.87593,0.1144,329,106.71363,1,0.16393,0.01372,-0.03905,0.07183,0.59118,0.31966,0.09192,18.05771,1,0.13078,-0.00586,0.87849,0.00391,1,1,0.01953,0.07025,0.59734,0.5777,0.10423,18.05937,1,0.15541,-0.02591,0.88388,0.00396,1,1,participant_30,question_2,No-Timer,True,Other
0.0,0,41,1,0.06197,-0.00307,0,0.8901,0.87593,0.12093,329,106.71363,1,0.15857,0.01284,-0.03905,0.07183,0.59118,0.31825,0.0924,18.29011,1,0.04028,-0.00512,0.88388,0.00396,1,1,0.01953,0.07025,0.59734,0.57598,0.10485,17.86715,1,0.08367,-0.00101,0.88388,0.00399,1,1,participant_30,question_2,No-Timer,True,Other
0.0,0,41,1,0.05407,0.0027,0,0.8901,0.87593,0.12765,329,106.71363,1,0.15334,0.01233,-0.03905,0.07183,0.59118,0.31807,0.09244,18.10852,1,0.03316,-0.00623,0.88388,0.00396,1,1,0.01953,0.07025,0.59734,0.57577,0.10507,17.77143,1,0.07499,0.01162,0.88388,0.00396,1,1,participant_30,question_2,No-Timer,True,Other
0.0,0,41,1,0.05407,0.0027,0,0.8901,0.87593,0.13464,329,106.71363,1,0.14862,0.01187,-0.03905,0.07183,0.59118,0.318,0.09248,18.13426,1,0.03316,-0.00623,0.88388,0.00396,1,1,0.01953,0.07025,0.59734,0.5756,0.10508,17.75854,1,0.07499,0.01162,0.88388,0.00395,1,1,participant_30,question_2,No-Timer,True,Other
0.0,0,41,1,0.08615,-0.00096,0,0.8901,0.87593,0.14101,329,106.71363,1,0.14578,0.01129,-0.03905,0.07183,0.59118,0.3183,0.09248,18.57459,1,0.05787,-0.00986,0.88388,0.00396,1,1,0.01953,0.07025,0.59734,0.57632,0.10491,18.17763,1,0.11443,0.00795,0.88388,0.00398,1,1,participant_30,question_2,No-Timer,True,Other
0.0,0,41,1,0.07443,0.00426,0,0.8901,0.87593,0.14766,329,106.71363,1,0.14268,0.01098,-0.03905,0.07183,0.59118,0.31816,0.09255,18.48873,1,0.04399,0.00226,0.88388,0.00395,1,1,0.01953,0.07025,0.59734,0.5761,0.10507,18.11852,1,0.10487,0.00627,0.88388,0.00397,1,1,participant_30,question_2,No-Timer,True,Other
0.0,0,41,1,0.07443,0.00426,0,0.8901,0.87593,0.14766,329,106.71363,0,0.11241,0.00477,-0.03905,0.07183,0.59118,0.31813,0.09265,18.44744,1,0.04399,0.00226,0.88388,0.00403,1,1,0.01953,0.07025,0.59734,0.57611,0.10508,18.09044,1,0.10487,0.00627,0.88388,0.00401,1,1,participant_30,question_2,No-Timer,True,Other
0.0,0,41,1,0.06525,0.02245,0,0.8901,0.87593,0.14766,329,106.71363,0,0.08883,0.01361,-0.03905,0.07183,0.59118,0.31804,0.09267,18.32001,1,0.04002,0.01477,0.88388,0.00401,1,1,0.01953,0.07025,0.59734,0.57595,0.10513,18.10494,1,0.09047,0.03013,0.88388,0.00396,1,1,participant_30,question_2,No-Timer,True,Other
0.0,0,41,1,0.08706,0.00799,0,0.8901,0.87593,0.14766,329,106.71363,0,0.08824,0.01174,-0.03905,0.07183,0.59118,0.31797,0.09273,18.42893,1,0.0798,0.02858,0.88388,0.00397,1,1,0.01953,0.07025,0.59734,0.57591,0.10516,18.05655,1,0.09433,-0.0126,0.88388,0.00401,1,1,participant_30,question_2,No-Timer,True,Other
0.0,0,41,1,0.09414,0.02946,0,0.8901,0.87593,0.02008,330,106.86771,1,0.08972,0.01617,-0.03775,0.0688,0.56769,0.31795,0.09273,18.38303,1,0.08467,0.04004,0.87451,0.00397,1,1,0.01953,0.07025,0.59734,0.57595,0.10526,18.08664,1,0.10361,0.01888,0.85974,0.00407,1,1,participant_30,question_2,No-Timer,True,Question
0.0,0,41,1,0.10019,0.0655,0,0.8901,0.87593,0.02699,330,106.86771,1,0.09181,0.02603,-0.03775,0.0688,0.56769,0.31784,0.09287,18.44979,1,0.09065,0.07277,0.85037,0.00402,1,1,0.01953,0.07025,0.59734,0.57586,0.10542,18.53619,1,0.10973,0.05823,0.8356,0.004,1,1,participant_30,question_2,No-Timer,True,Question
0.0,0,41,1,0.10065,0.09682,0,0.8901,0.87593,0.03368,330,106.86771,1,0.09328,0.03783,-0.03775,0.0688,0.56769,0.31777,0.09291,18.53461,1,0.09157,0.08676,0.82623,0.00403,1,1,0.01953,0.07025,0.59734,0.57584,0.10543,18.54389,1,0.10973,0.10688,0.81147,0.004,1,1,participant_30,question_2,No-Timer,True,Question
0.0,0,41,1,0.11223,0.12696,0,0.8901,0.87593,0.04018,330,106.86771,1,0.09599,0.05056,-0.03775,0.0688,0.56769,0.31766,0.09311,18.81312,1,0.10474,0.11652,0.80209,0.00399,1,1,0.01953,0.07025,0.59734,0.57577,0.10561,18.2664,1,0.11972,0.1374,0.78733,0.00403,1,1,participant_30,question_2,No-Timer,True,Question
0.0,0,41,1,0.12392,0.1111,0,0.8901,0.87593,0.04739,330,106.86771,1,0.09948,0.05813,-0.03775,0.0688,0.56769,0.31756,0.09326,18.81117,1,0.10595,0.1154,0.78733,0.00402,1,1,0.01953,0.07025,0.59734,0.57559,0.10579,18.24387,1,0.14189,0.10679,0.78733,0.00401,1,1,participant_30,question_2,No-Timer,True,Question
0.0,0,41,1,0.12273,0.12426,0,0.8901,0.87593,0.05378,330,106.86771,1,0.10207,0.06548,-0.03775,0.0688,0.56769,0.3174,0.09341,18.77392,1,0.09771,0.12594,0.78733,0.00405,1,1,0.01953,0.07025,0.59734,0.57558,0.10582,18.25041,1,0.14776,0.12258,0.78733,0.00402,1,1,participant_30,question_2,No-Timer,True,Question
0.0,0,41,1,0.11975,0.11575,0,0.8901,0.87593,0.06059,330,106.86771,1,0.10383,0.07051,-0.038,0.06886,0.56956,0.31725,0.09348,18.91488,1,0.09518,0.12037,0.7918,0.004,1,1,0.01953,0.07025,0.59734,0.57545,0.10592,18.2052,1,0.14433,0.11112,0.79627,0.00408,1,1,participant_30,question_2,No-Timer,True,Question
0.0,0,41,1,0.12251,0.10845,0,0.8901,0.87593,0.06696,330,106.86771,1,0.10553,0.07396,-0.038,0.06886,0.56956,0.31702,0.09376,18.86389,1,0.11704,0.13097,0.80075,0.00404,1,1,0.01953,0.07025,0.59734,0.57521,0.10633,18.55714,1,0.12798,0.08594,0.80522,0.00405,1,1,participant_30,question_2,No-Timer,True,Question
0.0,0,41,1,0.10903,0.10763,0,0.8901,0.87593,0.07392,330,106.86771,1,0.10582,0.07676,-0.038,0.06886,0.56956,0.31697,0.09393,18.76902,1,0.10069,0.1307,0.8097,0.00406,1,1,0.01953,0.07025,0.59734,0.57515,0.10635,18.59988,1,0.11737,0.08457,0.81417,0.00407,1,1,participant_30,question_2,No-Timer,True,Question
0.0,0,41,1,0.1048,0.09648,0,0.8901,0.87593,0.08057,330,106.86771,1,0.10574,0.07828,-0.038,0.06886,0.56956,0.31694,0.09396,18.90238,1,0.0958,0.11994,0.81864,0.00404,1,1,0.01953,0.07025,0.59734,0.57509,0.10646,18.58863,1,0.11379,0.07302,0.82312,0.00403,1,1,participant_30,question_2,No-Timer,True,Question
0.0,0,41,1,0.1002,0.07678,0,0.8901,0.87593,0.08769,330,106.86771,1,0.10535,0.07817,-0.038,0.06886,0.56956,0.31663,0.09428,19.02198,1,0.08443,0.05136,0.82312,0.00409,1,1,0.01953,0.07025,0.59734,0.57486,0.10654,18.52685,1,0.11597,0.10219,0.82312,0.00406,1,1,participant_30,question_2,No-Timer,True,Question
0.0,0,41,1,0.10955,0.06638,0,0.8901,0.87593,0.09425,330,106.86771,1,0.10563,0.07739,-0.038,0.06886,0.56956,0.31647,0.09434,18.94786,1,0.08973,0.07347,0.82312,0.00406,1,1,0.01953,0.07025,0.59734,0.57473,0.10659,18.60935,1,0.12937,0.0593,0.82312,0.00408,1,1,participant_30,question_2,No-Timer,True,Question
0.0,0,41,1,0.10955,0.06638,0,0.8901,0.87593,0.10069,330,106.86771,1,0.10587,0.0767,-0.038,0.06886,0.56956,0.31636,0.09444,18.91307,1,0.08973,0.07347,0.82312,0.00407,1,1,0.01953,0.07025,0.59734,0.57458,0.10672,18.69742,1,0.12937,0.0593,0.82312,0.00404,1,1,participant_30,question_2,No-Timer,True,Question
0.0,0,41,1,0.10298,0.07934,0,0.8901,0.87593,0.1076,330,106.86771,1,0.1057,0.07685,-0.038,0.06886,0.56956,0.31602,0.09466,18.96444,1,0.09451,0.08433,0.82312,0.0041,1,1,0.01953,0.07025,0.59734,0.57425,0.10679,18.52633,1,0.11145,0.07435,0.82312,0.00408,1,1,participant_30,question_2,No-Timer,True,Question
0.0,0,41,1,0.10574,0.0785,0,0.8901,0.87593,0.11407,330,106.86771,1,0.10571,0.07694,-0.038,0.06886,0.56956,0.31605,0.09466,19.00345,1,0.0842,0.09337,0.82312,0.00413,1,1,0.01953,0.07025,0.59734,0.57414,0.10691,18.59768,1,0.12727,0.06364,0.82312,0.00406,1,1,participant_30,question_2,No-Timer,True,Question
0.0,0,41,1,0.10574,0.0785,0,0.8901,0.87593,0.12077,330,106.86771,1,0.10571,0.07703,-0.03931,0.07041,0.58384,0.31587,0.09484,19.03679,1,0.0842,0.09337,0.82312,0.00408,1,1,0.01953,0.07025,0.59734,0.57404,0.10702,18.67413,1,0.12727,0.06364,0.82312,0.00408,1,1,participant_30,question_2,No-Timer,True,Question
0.0,0,41,1,0.11087,0.07948,0,0.8901,0.87593,0.12747,330,106.86771,1,0.10596,0.07715,-0.03931,0.07041,0.58384,0.31555,0.09493,19.02347,1,0.10149,0.07626,0.82312,0.00409,1,1,0.01953,0.07025,0.59734,0.57368,0.10705,18.65603,1,0.12024,0.0827,0.82312,0.00409,1,1,participant_30,question_2,No-Timer,True,Question
0.0,0,41,1,0.10256,0.08475,0,0.8901,0.87593,0.13419,330,106.86771,1,0.1058,0.07751,-0.03931,0.07041,0.58384,0.31534,0.09501,19.12876,1,0.0934,0.08579,0.82312,0.00411,1,1,0.01953,0.07025,0.59734,0.57353,0.10697,18.54921,1,0.11172,0.08372,0.82312,0.00408,1,1,participant_30,question_2,No-Timer,True,Question
0.0,0,41,1,0.10256,0.08475,0,0.8901,0.87593,0.14087,330,106.86771,1,0.10566,0.07784,-0.03931,0.07041,0.58384,0.3152,0.09502,19.0604,1,0.0934,0.08579,0.82312,0.00413,1,1,0.01953,0.07025,0.59734,0.57341,0.107,18.61401,1,0.11172,0.08372,0.82312,0.00405,1,1,participant_30,question_2,No-Timer,True,Question
0.0,0,41,1,0.11029,0.09532,0,0.8901,0.87593,0.14758,330,106.86771,1,0.10586,0.0786,-0.03931,0.07041,0.58384,0.31486,0.09525,19.36465,1,0.09004,0.10066,0.82312,0.00408,1,1,0.01953,0.07025,0.59734,0.57313,0.10708,18.55346,1,0.13054,0.08997,0.82312,0.00407,1,1,participant_30,question_2,No-Timer,True,Question
0.0,0,41,1,0.1103,0.09994,0,0.8901,0.87593,0.15457,330,106.86771,1,0.10604,0.07949,-0.03931,0.07041,0.58384,0.31469,0.09526,19.20091,1,0.10082,0.11055,0.82312,0.00409,1,1,0.01953,0.07025,0.59734,0.573,0.1071,18.64097,1,0.11978,0.08933,0.82312,0.00401,1,1,participant_30,question_2,No-Timer,True,Question
0.0,0,41,1,0.1103,0.09994,0,0.8901,0.87593,0.16112,330,106.86771,1,0.10621,0.08031,-0.03954,0.07027,0.58336,0.31464,0.09523,19.16363,1,0.10082,0.11055,0.82312,0.00409,1,1,0.01772,0.06662,0.57084,0.57278,0.10715,18.75132,1,0.11978,0.08933,0.82312,0.00408,1,1,participant_30,question_2,No-Timer,True,Question
0.0,0,41,1,0.10861,0.08731,0,0.8901,0.87593,0.16772,330,106.86771,1,0.10631,0.08058,-0.03954,0.07027,0.58336,0.31427,0.09533,19.17562,1,0.08211,0.0708,0.82312,0.0041,1,1,0.01772,0.06662,0.57084,0.57244,0.10706,18.58942,1,0.13512,0.10383,0.82312,0.00407,1,1,participant_30,question_2,No-Timer,True,Question
0.0,0,41,1,0.11938,0.08024,0,0.8901,0.87593,0.17416,330,106.86771,1,0.10679,0.08056,-0.03954,0.07027,0.58336,0.3141,0.09542,19.03926,1,0.11096,0.07258,0.82312,0.00411,1,1,0.01772,0.06662,0.57084,0.57234,0.10709,18.44117,1,0.1278,0.0879,0.82312,0.00405,1,1,participant_30,question_2,No-Timer,True,Question
0.0,0,41,1,0.11938,0.08024,0,0.8901,0.87593,0.18108,330,106.86771,1,0.10724,0.08055,-0.03954,0.07027,0.58336,0.31399,0.09547,19.01523,1,0.11096,0.07258,0.82312,0.00412,1,1,0.01772,0.06662,0.57084,0.5722,0.10707,18.52197,1,0.1278,0.0879,0.82312,0.00402,1,1,participant_30,question_2,No-Timer,True,Question
0.0,0,41,1,0.09239,0.09016,0,0.8901,0.87593,0.18802,330,106.86771,1,0.10673,0.08088,-0.03954,0.07027,0.58336,0.31366,0.09553,19.27644,1,0.08724,0.08641,0.82312,0.00411,1,1,0.01772,0.06662,0.57084,0.57184,0.10705,18.50913,1,0.09755,0.09392,0.82312,0.00403,1,1,participant_30,question_2,No-Timer,True,Question
0.0,0,41,1,0.11728,0.09317,0,0.8901,0.87593,0.19492,330,106.86771,1,0.10708,0.08129,-0.03954,0.07027,0.58336,0.31347,0.09549,19.18677,1,0.0977,0.09571,0.82312,0.0041,1,1,0.01772,0.06662,0.57084,0.57175,0.10695,18.70401,1,0.13686,0.09063,0.82312,0.004,1,1,participant_30,question_2,No-Timer,True,Question
0.0,0,41,1,0.11728,0.09317,0,0.8901,0.87593,0.20146,330,106.86771,1,0.10741,0.08168,-0.03954,0.07027,0.58336,0.31331,0.09565,19.16716,1,0.0977,0.09571,0.82312,0.00409,1,1,0.01772,0.06662,0.57084,0.57158,0.107,18.48717,1,0.13686,0.09063,0.82312,0.00406,1,1,participant_30,question_2,No-Timer,True,Question
0.0,0,41,1,0.10725,0.08844,0,0.8901,0.87593,0.20831,330,106.86771,1,0.1074,0.08189,-0.03954,0.07027,0.58336,0.31293,0.09564,19.0291,1,0.09817,0.09473,0.82312,0.00411,1,1,0.01772,0.06662,0.57084,0.57119,0.10695,18.40688,1,0.11634,0.08215,0.82312,0.00401,1,1,participant_30,question_2,No-Timer,True,Question
0.0,0,41,1,0.10557,0.09021,0,0.8901,0.87593,0.2146,330,106.86771,1,0.10735,0.08214,-0.03954,0.07027,0.58336,0.31292,0.09566,19.01691,1,0.09576,0.09644,0.82312,0.00408,1,1,0.01772,0.06662,0.57084,0.57122,0.10695,18.38206,1,0.11539,0.08397,0.82312,0.004,1,1,participant_30,question_2,No-Timer,True,Question
0.0,0,41,1,0.10557,0.09021,0,0.8901,0.87593,0.22169,330,106.86771,1,0.1073,0.08238,-0.03915,0.06889,0.57265,0.31304,0.09565,18.84859,1,0.09576,0.09644,0.82312,0.00409,1,1,0.01729,0.06636,0.56794,0.57137,0.10697,18.25647,1,0.11539,0.08397,0.82312,0.00401,1,1,participant_30,question_2,No-Timer,True,Question
0.0,0,41,1,0.16807,0.0982,0,0.8901,0.87593,0.22798,330,106.86771,1,0.10903,0.08283,-0.03915,0.06889,0.57265,0.31426,0.09536,19.09401,1,0.14809,0.08438,0.82312,0.00408,1,1,0.01729,0.06636,0.56794,0.57259,0.10674,18.25836,1,0.18804,0.11203,0.82312,0.00407,1,1,participant_30,question_2,No-Timer,True,Question
0.0,0,41,1,0.19239,0.09083,0,0.8901,0.87593,0.23465,330,106.86771,1,0.11135,0.08305,-0.03915,0.06889,0.57265,0.31468,0.0955,19.10021,1,0.17871,0.09003,0.82312,0.0041,1,1,0.01729,0.06636,0.56794,0.57289,0.10664,18.31397,1,0.20607,0.09163,0.82312,0.00403,1,1,participant_30,question_2,No-Timer,True,Question
0.0,0,41,1,0.18696,0.07157,0,0.8901,0.87593,0.24135,330,106.86771,1,0.11339,0.08274,-0.18072,0.32542,2.70504,0.31487,0.09551,19.12021,1,0.1741,0.0774,0.83341,0.00406,0,1,0.01729,0.06636,0.56794,0.57306,0.10659,18.5369,1,0.19982,0.06575,0.8437,0.00405,1,1,participant_30,question_2,No-Timer,True,Question
0.0,0,41,1,0.15279,0.04101,0,0.8901,0.87593,0.24809,330,106.86771,1,0.11443,0.08164,-0.18072,0.32542,2.70504,0.3147,0.09546,19.10618,1,0.14484,0.05105,0.85399,0.00405,0,1,0.01729,0.06636,0.56794,0.57261,0.10632,18.42136,1,0.16074,0.03098,0.86428,0.00397,1,1,participant_30,question_2,No-Timer,True,Question
0.0,0,41,1,0.14979,0.01155,0,0.8901,0.87593,0.25479,330,106.86771,1,0.11533,0.07985,-0.18072,0.32542,2.70504,0.31457,0.0955,19.04671,1,0.14826,0.022,0.87457,0.00404,0,1,0.01729,0.06636,0.56794,0.57242,0.10635,18.43198,1,0.15133,0.0011,0.88486,0.00402,1,1,participant_30,question_2,No-Timer,True,Other
0.0,0,41,1,0.14476,-0.00413,0,0.8901,0.87593,0.26152,330,106.86771,1,0.11607,0.07775,-0.04019,0.07073,0.58718,0.3144,0.09536,19.15185,1,0.14141,0.00319,0.88976,0.00402,1,1,0.01779,0.06855,0.58591,0.57232,0.10639,18.26304,1,0.14811,-0.01146,0.89466,0.004,1,1,participant_30,question_2,No-Timer,True,Other
0.0,0,41,1,0.15865,-0.00303,0,0.8901,0.87593,0.26152,330,106.86771,0,0.1422,0.06343,-0.04019,0.07073,0.58718,0.31422,0.09541,19.06136,1,0.13103,-0.00585,0.88927,0.00398,1,1,0.01779,0.06855,0.58591,0.57218,0.10627,18.52929,1,0.18627,-0.00021,0.88388,0.00393,1,1,participant_30,question_2,No-Timer,True,Other
0.0,0,41,1,0.16083,0.01048,0,0.8901,0.87593,0.26152,330,106.86771,0,0.15151,0.03695,-0.04019,0.07073,0.58718,0.31413,0.09534,18.99304,1,0.14368,0.01267,0.87849,0.00397,1,1,0.01779,0.06855,0.58591,0.57211,0.10619,18.21825,1,0.17798,0.00828,0.8731,0.00391,1,1,participant_30,question_2,No-Timer,True,Other
0.0,0,41,1,0.16571,0.02726,0,0.8901,0.87593,0.26152,330,106.86771,0,0.15625,0.03372,-0.04033,0.07082,0.58797,0.31404,0.09531,18.80446,1,0.14858,0.02607,0.86771,0.00399,1,1,0.01755,0.06812,0.58219,0.57201,0.10616,18.13016,1,0.18285,0.02844,0.85742,0.00391,1,1,participant_30,question_2,No-Timer,True,Question
0.0,0,41,1,0.17213,0.05764,0,0.8901,0.87593,0.02047,331,107.13586,1,0.16022,0.0397,-0.04033,0.07082,0.58797,0.31385,0.09528,18.76306,1,0.1664,0.06521,0.85742,0.00396,1,1,0.01755,0.06812,0.58219,0.57193,0.10614,18.05242,1,0.17786,0.05006,0.85252,0.00392,1,1,participant_30,question_2,No-Timer,True,Question
0.0,0,41,1,0.16999,0.065,0,0.8901,0.87593,0.02727,331,107.13586,1,0.16217,0.04476,-0.04033,0.07082,0.58797,0.31385,0.0952,18.90267,1,0.16416,0.07719,0.85252,0.00397,1,1,0.01755,0.06812,0.58219,0.57185,0.106,17.97487,1,0.17582,0.05281,0.84762,0.00392,1,1,participant_30,question_2,No-Timer,True,Question
0.0,0,41,1,0.17188,0.07106,0,0.8901,0.87593,0.03386,331,107.13586,1,0.16379,0.04914,-0.03986,0.06984,0.57985,0.31371,0.0951,18.76682,1,0.16636,0.08307,0.84762,0.00398,1,1,0.01755,0.06812,0.58219,0.57176,0.10594,18.05163,1,0.17741,0.05904,0.84272,0.00388,1,1,participant_30,question_2,No-Timer,True,Question
0.0,0,41,1,0.16267,0.05116,0,0.8901,0.87593,0.04022,331,107.13586,1,0.16363,0.04943,-0.03986,0.06984,0.57985,0.31363,0.09502,18.63276,1,0.15696,0.05773,0.84272,0.004,1,1,0.01755,0.06812,0.58219,0.57167,0.10582,18.22362,1,0.16838,0.04459,0.84272,0.00386,1,1,participant_30,question_2,No-Timer,True,Question
0.0,0,41,1,0.16074,0.05112,0,0.8901,0.87593,0.04691,331,107.13586,1,0.16327,0.04964,-0.03986,0.06984,0.57985,0.3136,0.09495,18.65124,1,0.15672,0.05972,0.84272,0.004,1,1,0.01755,0.06812,0.58219,0.57158,0.1058,18.0247,1,0.16476,0.04252,0.84272,0.0039,1,1,participant_30,question_2,No-Timer,True,Question
0.0,0,41,1,0.15992,0.04795,0,0.8901,0.87593,0.05357,331,107.13586,1,0.1629,0.04945,-0.03986,0.06993,0.57985,0.31355,0.09493,18.60794,1,0.15672,0.05972,0.84272,0.00398,1,1,0.01804,0.07028,0.59993,0.57155,0.10575,17.84476,1,0.16312,0.03619,0.84762,0.00392,1,1,participant_30,question_2,No-Timer,True,Question
0.0,0,41,1,0.17099,0.05857,0,0.8901,0.87593,0.06031,331,107.13586,1,0.16371,0.05037,-0.03986,0.06993,0.57985,0.3134,0.09486,18.68838,1,0.14794,0.04178,0.84762,0.00394,1,1,0.01804,0.07028,0.59993,0.57147,0.10571,17.82538,1,0.19404,0.07536,0.85252,0.00388,1,1,participant_30,question_2,No-Timer,True,Question
0.0,0,41,1,0.1754,0.045,0,0.8901,0.87593,0.06705,331,107.13586,1,0.16477,0.04988,-0.03986,0.06993,0.57985,0.31331,0.09477,18.58243,1,0.16304,0.03723,0.85252,0.00391,1,1,0.01804,0.07028,0.59993,0.57137,0.10563,18.1381,1,0.18776,0.05277,0.85742,0.00387,1,1,participant_30,question_2,No-Timer,True,Question
0.0,0,41,1,0.17355,0.03886,0,0.8901,0.87593,0.07347,331,107.13586,1,0.1655,0.04896,-0.04034,0.07061,0.58546,0.31326,0.09472,18.64581,1,0.16084,0.03111,0.85742,0.00391,1,1,0.01804,0.07028,0.59993,0.57137,0.10558,18.02433,1,0.18625,0.04662,0.86232,0.00388,1,1,participant_30,question_2,No-Timer,True,Question
0.0,0,41,1,0.1674,0.04659,0,0.8901,0.87593,0.08014,331,107.13586,1,0.16565,0.04878,-0.04034,0.07061,0.58546,0.3132,0.09472,18.51384,1,0.15001,0.05265,0.86232,0.0039,1,1,0.01804,0.07028,0.59993,0.57122,0.10549,17.64058,1,0.18478,0.04054,0.86232,0.00384,1,1,participant_30,question_2,No-Timer,True,Question
0.0,0,41,1,0.1652,0.04803,0,0.8901,0.87593,0.0871,331,107.13586,1,0.16562,0.04873,-0.04034,0.07061,0.58546,0.31318,0.09456,18.41658,1,0.14949,0.05263,0.86232,0.00388,1,1,0.01804,0.07028,0.59993,0.57119,0.10552,17.60177,1,0.18091,0.04343,0.86232,0.00383,1,1,participant_30,question_2,No-Timer,True,Question
0.0,0,41,1,0.16786,0.05719,0,0.8901,0.87593,0.09378,331,107.13586,1,0.16577,0.04929,-0.04064,0.07106,0.58918,0.31324,0.09455,18.37786,1,0.15173,0.0586,0.85742,0.00392,1,1,0.01804,0.07028,0.59993,0.57119,0.10552,17.60177,1,0.18398,0.05578,0.85252,0.00383,1,1,participant_30,question_2,No-Timer,True,Question
0.0,0,41,1,0.17756,0.05485,0,0.8901,0.87593,0.10025,331,107.13586,1,0.1665,0.04964,-0.04064,0.07106,0.58918,0.31307,0.0946,18.32968,1,0.16594,0.06363,0.84762,0.00388,1,1,0.01804,0.07028,0.59993,0.5712,0.10544,17.74519,1,0.18918,0.04608,0.84272,0.00382,1,1,participant_30,question_2,No-Timer,True,Question
0.0,0,41,1,0.17312,0.07542,0,0.8901,0.87593,0.10729,331,107.13586,1,0.16689,0.05115,-0.04064,0.07106,0.58918,0.31297,0.09453,18.41497,1,0.17016,0.07201,0.83782,0.00385,1,1,0.01804,0.07028,0.59993,0.57112,0.10548,17.84064,1,0.17609,0.07884,0.83292,0.00379,1,1,participant_30,question_2,No-Timer,True,Question
0.0,0,41,1,0.17504,0.08152,0,0.8901,0.87593,0.11391,331,107.13586,1,0.16734,0.05284,-0.04019,0.0702,0.5821,0.31299,0.09457,18.28691,1,0.17237,0.07803,0.83292,0.00386,1,1,0.01745,0.06861,0.58492,0.57111,0.10551,17.75628,1,0.17771,0.08501,0.82802,0.0038,1,1,participant_30,question_2,No-Timer,True,Question
0.0,0,41,1,0.17247,0.08012,0,0.8901,0.87593,0.12069,331,107.13586,1,0.16761,0.05428,-0.04019,0.0702,0.5821,0.31291,0.09447,18.13741,1,0.16688,0.08637,0.83292,0.00389,1,1,0.01745,0.06861,0.58492,0.57098,0.10548,17.70531,1,0.17806,0.07386,0.83292,0.00376,1,1,participant_30,question_2,No-Timer,True,Question
0.0,0,41,1,0.1717,0.07187,0,0.8901,0.87593,0.12704,331,107.13586,1,0.16782,0.05516,-0.04019,0.0702,0.5821,0.31284,0.09444,18.2898,1,0.16565,0.07862,0.83782,0.00385,1,1,0.01745,0.06861,0.58492,0.57102,0.10544,17.684,1,0.17774,0.06512,0.83782,0.00378,1,1,participant_30,question_2,No-Timer,True,Question
0.0,0,41,1,0.16978,0.06577,0,0.8901,0.87593,0.13396,331,107.13586,1,0.16791,0.05566,-0.04019,0.0702,0.5821,0.31282,0.09443,18.34882,1,0.16342,0.07264,0.84272,0.00385,1,1,0.01745,0.06861,0.58492,0.57093,0.10536,17.41592,1,0.17615,0.05889,0.84272,0.00377,1,1,participant_30,question_2,No-Timer,True,Question
0.0,0,41,1,0.16371,0.05615,0,0.8901,0.87593,0.14045,331,107.13586,1,0.16772,0.05568,-0.04019,0.0702,0.5821,0.31268,0.09445,18.12923,1,0.15933,0.06072,0.84272,0.00383,1,1,0.01745,0.06861,0.58492,0.57087,0.10543,17.36432,1,0.1681,0.05158,0.84272,0.00378,1,1,participant_30,question_2,No-Timer,True,Question
0.0,0,41,1,0.17178,0.051,0,0.8901,0.87593,0.14735,331,107.13586,1,0.1679,0.05548,-0.04019,0.0702,0.5821,0.31266,0.09442,18.22626,1,0.15431,0.04828,0.84272,0.00383,1,1,0.01745,0.06861,0.58492,0.57084,0.10542,17.41634,1,0.18926,0.05372,0.84272,0.00379,1,1,participant_30,question_2,No-Timer,True,Question
0.0,0,41,1,0.1697,0.04419,0,0.8901,0.87593,0.15406,331,107.13586,1,0.16797,0.05501,-0.18325,0.3264,2.70644,0.31262,0.09441,18.1448,1,0.15181,0.04153,0.84811,0.0038,0,1,0.01745,0.06861,0.58492,0.57082,0.10544,17.43768,1,0.18758,0.04684,0.84811,0.00377,1,1,participant_30,question_2,No-Timer,True,Question
0.0,0,41,1,0.1709,0.04652,0,0.8901,0.87593,0.161,331,107.13586,1,0.16809,0.05467,-0.18325,0.3264,2.70644,0.31255,0.09455,18.01761,1,0.16189,0.05024,0.8535,0.00382,0,1,0.01745,0.06861,0.58492,0.57066,0.10551,17.33963,1,0.1799,0.04281,0.8535,0.00376,1,1,participant_30,question_2,No-Timer,True,Question
0.0,0,41,1,0.16037,0.04925,0,0.8901,0.87593,0.1676,331,107.13586,1,0.16779,0.05446,-0.18325,0.3264,2.70644,0.31261,0.0945,17.99485,1,0.15731,0.04608,0.85889,0.0039,0,1,0.01745,0.06861,0.58492,0.57062,0.10551,17.30906,1,0.16343,0.05242,0.85889,0.00374,1,1,participant_30,question_2,No-Timer,True,Question
0.0,0,41,1,0.15956,0.04617,0,0.8901,0.87593,0.17429,331,107.13586,1,0.16749,0.05415,-0.04095,0.07137,0.59182,0.31261,0.0945,17.99485,1,0.15731,0.04608,0.85889,0.0039,1,1,0.01745,0.06861,0.58492,0.57062,0.10551,17.30906,1,0.16181,0.04626,0.86379,0.00374,1,1,participant_30,question_2,No-Timer,True,Question
0.0,0,41,1,0.16563,0.03605,0,0.8901,0.87593,0.1813,331,107.13586,1,0.16742,0.05351,-0.04095,0.07137,0.59182,0.31243,0.09467,17.94516,1,0.14714,0.01681,0.8584,0.00379,1,1,0.01745,0.06861,0.58492,0.57057,0.10561,17.27789,1,0.18412,0.0553,0.8633,0.00373,1,1,participant_30,question_2,No-Timer,True,Question
0.0,0,41,1,0.16605,0.03737,0,0.8901,0.87593,0.18766,331,107.13586,1,0.16737,0.05295,-0.04095,0.07137,0.59182,0.31235,0.09476,17.76733,1,0.14594,0.01685,0.85791,0.00382,1,1,0.01745,0.06861,0.58492,0.57053,0.10563,17.3944,1,0.18616,0.05789,0.86281,0.00373,1,1,participant_30,question_2,No-Timer,True,Question
0.0,0,41,1,0.16813,0.04413,0,0.8901,0.87593,0.19466,331,107.13586,1,0.1674,0.05266,-0.04018,0.06995,0.58005,0.31235,0.09476,17.76733,1,0.14844,0.02368,0.85252,0.00382,1,1,0.01766,0.06986,0.59636,0.57042,0.10571,17.3382,1,0.18782,0.06458,0.85742,0.00376,1,1,participant_30,question_2,No-Timer,True,Question
0.0,0,41,1,0.17311,0.04051,0,0.8901,0.87593,0.20134,331,107.13586,1,0.16758,0.05227,-0.04018,0.06995,0.58005,0.31219,0.09491,17.91177,1,0.16445,0.03824,0.85252,0.00378,1,1,0.01766,0.06986,0.59636,0.5704,0.1057,17.36037,1,0.18176,0.04278,0.85252,0.00375,1,1,participant_30,question_2,No-Timer,True,Question
0.0,0,41,1,0.1703,0.05479,0,0.8901,0.87593,0.20765,331,107.13586,1,0.16767,0.05234,-0.04018,0.06995,0.58005,0.31215,0.09494,17.87726,1,0.16446,0.04932,0.84762,0.00379,1,1,0.01766,0.06986,0.59636,0.57033,0.10582,17.27993,1,0.17613,0.06026,0.84762,0.00371,1,1,participant_30,question_2,No-Timer,True,Question
0.0,0,41,1,0.17109,0.05788,0,0.8901,0.87593,0.21416,331,107.13586,1,0.16777,0.05251,-0.17636,0.31295,2.5982,0.3121,0.095,17.8674,1,0.16446,0.04932,0.84762,0.00381,0,1,0.0168,0.06655,0.56883,0.57029,0.10593,17.5163,1,0.17772,0.06644,0.84272,0.00369,1,1,participant_30,question_2,No-Timer,True,Question
0.0,0,41,1,0.16466,0.06835,0,0.8901,0.87593,0.2211,331,107.13586,1,0.16768,0.05298,-0.17636,0.31295,2.5982,0.31207,0.09508,17.78926,1,0.15647,0.06538,0.84762,0.00377,0,1,0.0168,0.06655,0.56883,0.57016,0.10616,17.1776,1,0.17285,0.07131,0.84272,0.00377,1,1,participant_30,question_2,No-Timer,True,Question
0.0,0,41,1,0.16774,0.04968,0,0.8901,0.87593,0.22778,331,107.13586,1,0.16768,0.05288,-0.17636,0.31295,2.5982,0.31205,0.09517,17.90679,1,0.15749,0.0726,0.84762,0.00373,0,1,0.0168,0.06655,0.56883,0.57019,0.1062,17.20177,1,0.17799,0.02676,0.84272,0.00372,1,1,participant_30,question_2,No-Timer,True,Question
0.0,0,41,1,0.16774,0.04968,0,0.8901,0.87593,0.23467,331,107.13586,1,0.16768,0.05279,-0.17636,0.31295,2.5982,0.31189,0.09526,17.9385,1,0.15749,0.0726,0.84762,0.0038,0,1,0.0168,0.06655,0.56883,0.57011,0.10624,17.15488,1,0.17799,0.02676,0.84272,0.0037,1,1,participant_30,question_2,No-Timer,True,Question
0.0,0,41,1,0.17966,0.04618,0,0.8901,0.87593,0.24117,331,107.13586,1,0.16801,0.05262,-0.17636,0.31295,2.5982,0.31178,0.09528,17.88288,1,0.17423,0.04406,0.84272,0.00379,0,1,0.0168,0.06655,0.56883,0.57015,0.10628,17.28315,1,0.18509,0.0483,0.84272,0.00371,1,1,participant_30,question_2,No-Timer,True,Question
0.0,0,41,1,0.17782,0.059,0,0.8901,0.87593,0.24809,331,107.13586,1,0.16827,0.05278,-0.17636,0.31295,2.5982,0.31178,0.09534,17.87514,1,0.17333,0.06322,0.84272,0.00378,0,1,0.0168,0.06655,0.56883,0.57007,0.10628,17.22772,1,0.18231,0.05478,0.84272,0.00369,1,1,participant_30,question_2,No-Timer,True,Question
0.0,0,41,1,0.17704,0.05588,0,0.8901,0.87593,0.25481,331,107.13586,1,0.16849,0.05286,-0.17525,0.30998,2.57668,0.31186,0.09532,17.83404,1,0.17333,0.06322,0.84272,0.00385,0,1,0.01736,0.06895,0.58932,0.56999,0.10635,17.16501,1,0.18074,0.04853,0.84762,0.00368,1,1,participant_30,question_2,No-Timer,True,Question
0.0,0,41,1,0.17128,0.05364,0,0.8901,0.87593,0.26138,331,107.13586,1,0.16856,0.05288,-0.17525,0.30998,2.57668,0.31173,0.09544,17.91897,1,0.16191,0.06178,0.84762,0.00375,0,1,0.01736,0.06895,0.58932,0.56993,0.10646,17.16092,1,0.18065,0.04551,0.85252,0.00371,1,1,participant_30,question_2,No-Timer,True,Question
0.0,0,41,1,0.16428,0.05489,0,0.8901,0.87593,0.26802,331,107.13586,1,0.16846,0.05293,-0.17525,0.30998,2.57668,0.3117,0.09546,17.89301,1,0.15534,0.05667,0.85252,0.00376,0,1,0.01736,0.06895,0.58932,0.56991,0.10648,17.28282,1,0.17323,0.05312,0.85742,0.00371,1,1,participant_30,question_2,No-Timer,True,Question
0.0,0,41,1,0.16237,0.04881,0,0.8901,0.87593,0.2744,331,107.13586,1,0.16831,0.05283,-0.17525,0.30998,2.57668,0.31166,0.09563,17.6362,1,0.1531,0.05066,0.85742,0.0038,0,1,0.01736,0.06895,0.58932,0.56985,0.10654,17.27673,1,0.17165,0.04696,0.86232,0.00371,1,1,participant_30,question_2,No-Timer,True,Question
0.0,0,41,1,0.16872,0.03182,0,0.8901,0.87593,0.28112,331,107.13586,1,0.16832,0.05234,-0.17525,0.30998,2.57668,0.31163,0.09565,17.67903,1,0.14878,0.00643,0.86232,0.00378,0,1,0.01736,0.06895,0.58932,0.56984,0.10656,17.22198,1,0.18865,0.0572,0.86232,0.0037,1,1,participant_30,question_2,No-Timer,True,Question
0.0,0,41,1,0.15623,0.03302,0,0.8901,0.87593,0.28819,331,107.13586,1,0.16805,0.05191,-0.17525,0.30998,2.57668,0.31159,0.09562,17.58116,1,0.14737,0.00984,0.86232,0.0038,0,1,0.01736,0.06895,0.58932,0.56983,0.10657,17.225,1,0.1651,0.05621,0.86232,0.0037,1,1,participant_30,question_2,No-Timer,True,Question
0.0,0,41,1,0.15897,0.04224,0,0.8901,0.87593,0.29482,331,107.13586,1,0.16784,0.05169,-0.03978,0.06878,0.57176,0.3116,0.09562,17.57825,1,0.14961,0.01606,0.85742,0.00379,1,1,0.01736,0.06895,0.58932,0.56976,0.10657,17.29343,1,0.16833,0.06842,0.85252,0.00369,1,1,participant_30,question_2,No-Timer,True,Question
0.0,0,41,1,0.17051,0.06039,0,0.8901,0.87593,0.30188,331,107.13586,1,0.1679,0.05188,-0.03978,0.06878,0.57176,0.31153,0.09576,17.79868,1,0.14763,0.03566,0.84762,0.00379,1,1,0.01736,0.06895,0.58932,0.56974,0.10659,17.41997,1,0.1934,0.08513,0.84272,0.00369,1,1,participant_30,question_2,No-Timer,True,Question
0.0,0,41,1,0.17357,0.07475,0,0.8901,0.87593,0.30792,331,107.13586,1,0.16802,0.05237,-0.03978,0.06878,0.57176,0.31155,0.09571,17.68341,1,0.15289,0.05224,0.83782,0.00382,1,1,0.01736,0.06895,0.58932,0.56973,0.1066,17.41713,1,0.19426,0.09726,0.83292,0.00369,1,1,participant_30,question_2,No-Timer,True,Question
0.0,0,41,1,0.17664,0.08392,0,0.8901,0.87593,0.31485,331,107.13586,1,0.1682,0.05302,-0.03978,0.06878,0.57176,0.31153,0.09573,17.69222,1,0.15748,0.06452,0.82802,0.00381,1,1,0.01758,0.07006,0.5996,0.56971,0.10659,17.38391,1,0.1958,0.10331,0.82802,0.00369,1,1,participant_30,question_2,No-Timer,True,Question
0.0,0,41,1,0.18598,0.08163,0,0.8901,0.87593,0.32152,331,107.13586,1,0.16911,0.0534,-0.03978,0.06878,0.57176,0.31148,0.09572,17.65655,1,0.17825,0.06065,0.82802,0.00377,1,1,0.01758,0.07006,0.5996,0.56962,0.10669,17.34766,1,0.19371,0.10261,0.83292,0.00374,1,1,participant_30,question_2,No-Timer,True,Question
0.0,0,41,1,0.18181,0.07966,0,0.8901,0.87593,0.32842,331,107.13586,1,0.16955,0.05484,-0.03978,0.06878,0.57176,0.31143,0.09569,17.64873,1,0.17399,0.06316,0.83292,0.00378,1,1,0.01758,0.07006,0.5996,0.5696,0.10668,17.33118,1,0.18963,0.09616,0.83782,0.00373,1,1,participant_30,question_2,No-Timer,True,Question
0.0,0,41,1,0.17807,0.06752,0,0.8901,0.87593,0.33495,331,107.13586,1,0.16981,0.05568,-0.17503,0.30893,2.568,0.31139,0.09565,17.87924,1,0.1696,0.05094,0.84272,0.00374,0,1,0.01758,0.07006,0.5996,0.56964,0.10666,17.37433,1,0.18654,0.0841,0.84762,0.0037,1,1,participant_30,question_2,No-Timer,True,Question
0.0,0,41,1,0.17099,0.05958,0,0.8901,0.87593,0.34167,331,107.13586,1,0.16979,0.05572,-0.17503,0.30893,2.568,0.3114,0.09549,17.98883,1,0.16145,0.04159,0.85252,0.00378,0,1,0.01758,0.07006,0.5996,0.5696,0.1067,17.33119,1,0.18053,0.07757,0.85252,0.00374,1,1,participant_30,question_2,No-Timer,True,Question
0.0,0,41,1,0.1685,0.05061,0,0.8901,0.87593,0.3483,331,107.13586,1,0.16975,0.05542,-0.17503,0.30893,2.568,0.31134,0.09538,17.76451,1,0.15963,0.03433,0.85742,0.00378,0,1,0.01758,0.07006,0.5996,0.5696,0.10664,17.2572,1,0.17737,0.06688,0.85742,0.00376,1,1,participant_30,question_2,No-Timer,True,Question
0.0,0,41,1,0.16662,0.04451,0,0.8901,0.87593,0.35501,331,107.13586,1,0.16964,0.05487,-0.17503,0.30932,2.568,0.31133,0.09526,17.97507,1,0.15743,0.02822,0.86232,0.0038,0,1,0.01758,0.07006,0.5996,0.5696,0.10663,17.26052,1,0.17581,0.06081,0.86232,0.00376,1,1,participant_30,question_2,No-Timer,True,Question
0.0,0,41,1,0.16364,0.02116,0,0.8901,0.87593,0.36184,331,107.13586,1,0.16966,0.05425,-0.17503,0.30932,2.568,0.31159,0.09477,17.80908,1,0.16742,0.01955,0.86232,0.00383,0,1,0.01758,0.07006,0.5996,0.56936,0.10641,17.34449,1,0.15986,0.02277,0.86232,0.00375,1,1,participant_30,question_2,No-Timer,True,Other
0.0,0,41,1,0.16394,0.11034,0,0.8901,0.87593,0.36818,331,107.13586,1,0.16973,0.05548,-0.17503,0.30932,2.568,0.3117,0.09482,16.8817,1,0.15765,0.07374,0.86232,0.00377,0,1,0.01758,0.07006,0.5996,0.56908,0.10657,16.40007,1,0.17023,0.14693,0.86232,0.00368,1,1,participant_30,question_2,No-Timer,True,Question
0.0,0,41,1,0.16394,0.11034,0,0.8901,0.87593,0.37511,331,107.13586,1,0.16981,0.05678,-0.17525,0.31152,2.57668,0.31168,0.09513,15.53018,1,0.15765,0.07374,0.86232,0.00373,0,1,0.01708,0.06905,0.58866,0.56889,0.1064,15.65122,1,0.17023,0.14693,0.86232,0.00372,1,1,participant_30,question_2,No-Timer,True,Question
0.0,0,41,0,0.16394,0.11034,0,0.8901,0.87593,0.3819,331,107.13586,1,0.16981,0.05678,-0.17525,0.31152,2.57668,0.31168,0.09513,15.53018,0,0.15765,0.07374,0.86232,0.00373,0,0,0.01708,0.06905,0.58866,0.56889,0.1064,15.65122,0,0.17023,0.14693,0.86232,0.00372,1,0,participant_30,question_2,No-Timer,False,Question
0.0,0,41,0,0.16394,0.11034,0,0.8901,0.87593,0.38855,331,107.13586,1,0.16981,0.05678,-0.17525,0.31152,2.57668,0.31168,0.09513,15.53018,0,0.15765,0.07374,0.86232,0.00373,0,0,0.01708,0.06905,0.58866,0.56889,0.1064,15.65122,0,0.17023,0.14693,0.86232,0.00372,1,0,participant_30,question_2,No-Timer,False,Question
0.0,0,41,0,0.16394,0.11034,0,0.8901,0.87593,0.395,331,107.13586,1,0.16981,0.05678,-0.17525,0.31152,2.57668,0.31168,0.09513,15.53018,0,0.15765,0.07374,0.86232,0.00373,0,0,0.01708,0.06905,0.58866,0.56889,0.1064,15.65122,0,0.17023,0.14693,0.86232,0.00372,1,0,participant_30,question_2,No-Timer,False,Question
0.0,0,41,0,0.16394,0.11034,0,0.8901,0.87593,0.395,331,107.13586,0,0.17202,0.07037,-0.17525,0.31152,2.57668,0.31168,0.09513,15.53018,0,0.15765,0.07374,0.86232,0.00373,0,0,0.01708,0.06905,0.58866,0.56889,0.1064,15.65122,0,0.17023,0.14693,0.86232,0.00372,1,0,participant_30,question_2,No-Timer,False,Question
0.0,0,41,0,0.16394,0.11034,0,0.8901,0.87593,0.395,331,107.13586,0,0.17202,0.07037,-0.17525,0.31152,2.57668,0.31168,0.09513,15.53018,0,0.15765,0.07374,0.86232,0.00373,0,0,0.01708,0.06905,0.58866,0.56889,0.1064,15.65122,0,0.17023,0.14693,0.86232,0.00372,1,0,participant_30,question_2,No-Timer,False,Question
0.0,0,41,0,0.16394,0.11034,0,0.8901,0.87593,0.395,331,107.13586,0,0.17202,0.07037,-0.17525,0.31152,2.57668,0.31168,0.09513,15.53018,0,0.15765,0.07374,0.86232,0.00373,0,0,0.01708,0.06905,0.58866,0.56889,0.1064,15.65122,0,0.17023,0.14693,0.86232,0.00372,1,0,participant_30,question_2,No-Timer,False,Question
0.0,62,41,0,0.16394,0.11034,0,0.8901,0.87593,0.395,331,107.13586,0,0.0,0.0,-0.17525,0.31152,2.57668,0.31168,0.09513,15.53018,0,0.15765,0.07374,0.86232,0.00373,0,0,0.01708,0.06905,0.58866,0.56889,0.1064,15.65122,0,0.17023,0.14693,0.86232,0.00372,1,0,participant_30,question_2,No-Timer,True,Question
0.0,62,41,0,0.16394,0.11034,0,0.8901,0.87593,0.395,331,107.13586,0,0.0,0.0,-0.17525,0.31152,2.57668,0.31168,0.09513,15.53018,0,0.15765,0.07374,0.86232,0.00373,0,0,0.01708,0.06905,0.58866,0.56889,0.1064,15.65122,0,0.17023,0.14693,0.86232,0.00372,1,0,participant_30,question_2,No-Timer,True,Question
0.0,62,41,0,0.16394,0.11034,0,0.8901,0.87593,0.395,331,107.13586,0,0.0,0.0,-0.17525,0.31152,2.57668,0.31168,0.09513,15.53018,0,0.15765,0.07374,0.86232,0.00373,0,0,0.01708,0.06905,0.58866,0.56889,0.1064,15.65122,0,0.17023,0.14693,0.86232,0.00372,1,0,participant_30,question_2,No-Timer,True,Question
0.0,62,41,0,0.16394,0.11034,0,0.8901,0.87593,0.395,331,107.13586,0,0.0,0.0,-0.17525,0.31152,2.57668,0.31168,0.09513,15.53018,0,0.15765,0.07374,0.86232,0.00373,0,0,0.01708,0.06905,0.58866,0.56889,0.1064,15.65122,0,0.17023,0.14693,0.86232,0.00372,1,0,participant_30,question_2,No-Timer,True,Question
0.0,62,41,0,0.16394,0.11034,0,0.8901,0.87593,0.395,331,107.13586,0,0.0,0.0,-0.17525,0.31152,2.57668,0.31168,0.09513,15.53018,0,0.15765,0.07374,0.86232,0.00373,0,0,0.01708,0.06905,0.58866,0.56889,0.1064,15.65122,0,0.17023,0.14693,0.86232,0.00372,1,0,participant_30,question_2,No-Timer,True,Question
0.0,62,41,0,0.16394,0.11034,0,0.8901,0.87593,0.395,331,107.13586,0,0.0,0.0,-0.17525,0.31152,2.57668,0.31168,0.09513,15.53018,0,0.15765,0.07374,0.86232,0.00373,0,0,0.01708,0.06905,0.58866,0.56889,0.1064,15.65122,0,0.17023,0.14693,0.86232,0.00372,1,0,participant_30,question_2,No-Timer,True,Question
0.0,62,41,0,0.16394,0.11034,0,0.8901,0.87593,0.395,331,107.13586,0,0.0,0.0,-0.17525,0.31152,2.57668,0.31168,0.09513,15.53018,0,0.15765,0.07374,0.86232,0.00373,0,0,0.01708,0.06905,0.58866,0.56889,0.1064,15.65122,0,0.17023,0.14693,0.86232,0.00372,1,0,participant_30,question_2,No-Timer,True,Question
0.0,62,41,0,0.16394,0.11034,0,0.8901,0.87593,0.395,331,107.13586,0,0.0,0.0,-0.17525,0.31152,2.57668,0.31168,0.09513,15.53018,0,0.15765,0.07374,0.86232,0.00373,0,0,0.01708,0.06905,0.58866,0.56889,0.1064,15.65122,0,0.17023,0.14693,0.86232,0.00372,1,0,participant_30,question_2,No-Timer,True,Question
0.0,62,41,0,0.16394,0.11034,0,0.8901,0.87593,0.395,331,107.13586,0,0.0,0.0,-0.17525,0.31152,2.57668,0.31168,0.09513,15.53018,0,0.15765,0.07374,0.86232,0.00373,0,0,0.01708,0.06905,0.58866,0.56889,0.1064,15.65122,0,0.17023,0.14693,0.86232,0.00372,1,0,participant_30,question_2,No-Timer,True,Question
0.0,62,41,0,0.16394,0.11034,0,0.8901,0.87593,0.395,331,107.13586,0,0.0,0.0,-0.17525,0.31152,2.57668,0.31168,0.09513,15.53018,0,0.15765,0.07374,0.86232,0.00373,0,0,0.01708,0.06905,0.58866,0.56889,0.1064,15.65122,0,0.17023,0.14693,0.86232,0.00372,1,0,participant_30,question_2,No-Timer,True,Question
0.0,62,41,0,0.16394,0.11034,0,0.8901,0.87593,0.395,331,107.13586,0,0.0,0.0,-0.17525,0.31152,2.57668,0.31168,0.09513,15.53018,0,0.15765,0.07374,0.86232,0.00373,0,0,0.01708,0.06905,0.58866,0.56889,0.1064,15.65122,0,0.17023,0.14693,0.86232,0.00372,1,0,participant_30,question_2,No-Timer,True,Question
0.0,62,41,0,0.16394,0.11034,0,0.8901,0.87593,0.395,331,107.13586,0,0.0,0.0,-0.17525,0.31152,2.57668,0.31168,0.09513,15.53018,0,0.15765,0.07374,0.86232,0.00373,0,0,0.01708,0.06905,0.58866,0.56889,0.1064,15.65122,0,0.17023,0.14693,0.86232,0.00372,1,0,participant_30,question_2,No-Timer,True,Question
0.0,62,41,0,0.16394,0.11034,0,0.8901,0.87593,0.395,331,107.13586,0,0.0,0.0,-0.17525,0.31152,2.57668,0.31168,0.09513,15.53018,0,0.15765,0.07374,0.86232,0.00373,0,0,0.01708,0.06905,0.58866,0.56889,0.1064,15.65122,0,0.17023,0.14693,0.86232,0.00372,1,0,participant_30,question_2,No-Timer,True,Question
0.0,62,41,0,0.16394,0.11034,0,0.8901,0.87593,0.395,331,107.13586,0,0.0,0.0,-0.17525,0.31152,2.57668,0.31168,0.09513,15.53018,0,0.15765,0.07374,0.86232,0.00373,0,0,0.01708,0.06905,0.58866,0.56889,0.1064,15.65122,0,0.17023,0.14693,0.86232,0.00372,1,0,participant_30,question_2,No-Timer,True,Question
0.0,62,41,0,0.16394,0.11034,0,0.8901,0.87593,0.395,331,107.13586,0,0.0,0.0,-0.17525,0.31152,2.57668,0.31168,0.09513,15.53018,0,0.15765,0.07374,0.86232,0.00373,0,0,0.01708,0.06905,0.58866,0.56889,0.1064,15.65122,0,0.17023,0.14693,0.86232,0.00372,1,0,participant_30,question_2,No-Timer,True,Question
0.10047,0,42,1,0.25147,0.02085,0,0.8901,0.87593,0.395,331,107.13586,0,0.25147,0.02085,-0.17525,0.31152,2.57668,0.31298,0.09503,18.81088,1,0.24611,0.00989,0.86232,0.00393,0,1,0.01708,0.06905,0.58866,0.571,0.10584,17.99673,1,0.25682,0.03182,0.86232,0.00381,1,1,participant_30,question_2,No-Timer,True,Other
0.0,0,42,1,0.24962,0.0295,0,0.8901,0.87593,0.395,331,107.13586,0,0.25054,0.02518,-0.17525,0.31152,2.57668,0.31304,0.09514,18.83188,1,0.24502,0.01946,0.86232,0.00393,0,1,0.01708,0.06905,0.58866,0.57107,0.10584,18.02897,1,0.25422,0.03954,0.86232,0.00382,1,1,participant_30,question_2,No-Timer,True,Question
0.0,0,42,1,0.24683,0.01836,0,0.8901,0.87593,0.395,331,107.13586,0,0.2493,0.02291,-0.04276,0.07399,0.61391,0.31303,0.09519,18.65595,1,0.24099,0.00528,0.87367,0.00397,1,1,0.01701,0.06814,0.58166,0.57102,0.10587,18.10722,1,0.25267,0.03144,0.86877,0.00384,1,1,participant_30,question_2,No-Timer,True,Other
0.0,0,42,1,0.24295,0.01515,0,0.8901,0.87593,0.02011,332,107.65807,1,0.24772,0.02097,-0.04276,0.07399,0.61391,0.31292,0.09523,18.82327,1,0.23734,-0.00131,0.88012,0.00401,1,1,0.01701,0.06814,0.58166,0.57097,0.10589,17.95263,1,0.24856,0.0316,0.87522,0.00384,1,1,participant_30,question_2,No-Timer,True,Other
0.0,0,42,1,0.23596,0.01148,0,0.8901,0.87593,0.02679,332,107.65807,1,0.24536,0.01907,-0.04276,0.07399,0.61391,0.31292,0.09523,18.82327,1,0.23195,-0.00218,0.88656,0.00401,1,1,0.01701,0.06814,0.58166,0.571,0.10577,18.18505,1,0.23996,0.02514,0.88166,0.00386,1,1,participant_30,question_2,No-Timer,True,Other
0.0,0,42,1,0.23273,-0.00296,0,0.8901,0.87593,0.03352,332,107.65807,1,0.24326,0.0154,-0.04316,0.07463,0.61961,0.31292,0.09523,18.82327,1,0.22964,-0.01018,0.89301,0.00401,1,1,0.01761,0.07086,0.60529,0.571,0.10577,18.18505,1,0.23582,0.00426,0.8984,0.00386,1,1,participant_30,question_2,No-Timer,True,Other
0.0,0,42,1,0.22771,-0.0102,0,0.8901,0.87593,0.04021,332,107.65807,1,0.24104,0.01174,-0.04316,0.07463,0.61961,0.31286,0.09533,18.83978,1,0.22372,-0.00994,0.8984,0.00405,1,1,0.01761,0.07086,0.60529,0.57093,0.10576,18.30951,1,0.23169,-0.01047,0.90869,0.00386,1,1,participant_30,question_2,No-Timer,True,Other
0.0,0,42,1,0.23318,-0.01717,0,0.8901,0.87593,0.04715,332,107.65807,1,0.24005,0.00813,-0.04316,0.07463,0.61961,0.31273,0.09541,19.12909,1,0.21715,-0.02098,0.90869,0.00398,1,1,0.01761,0.07086,0.60529,0.57079,0.10599,18.24628,1,0.2492,-0.01336,0.91898,0.00385,1,1,participant_30,question_2,No-Timer,True,Other
0.0,0,42,1,0.23189,-0.02253,0,0.8901,0.87593,0.0536,332,107.65807,1,0.23915,0.00472,-0.04212,0.07276,0.60411,0.31271,0.09544,19.0761,1,0.21557,-0.02632,0.91302,0.00401,1,1,0.01761,0.07086,0.60529,0.57075,0.10599,18.09952,1,0.24822,-0.01873,0.92331,0.00389,1,1,participant_30,question_2,No-Timer,True,Other
0.0,0,42,1,0.23048,-0.02184,0,0.8901,0.87593,0.06029,332,107.65807,1,0.23828,0.00207,-0.04212,0.07276,0.60411,0.31269,0.09543,19.05399,1,0.21223,-0.02918,0.91736,0.004,1,1,0.01761,0.07086,0.60529,0.57074,0.10598,18.1046,1,0.24874,-0.0145,0.91736,0.00388,1,1,participant_30,question_2,No-Timer,True,Other
0.0,0,42,1,0.23055,-0.01273,0,0.8901,0.87593,0.06702,332,107.65807,1,0.23758,0.00072,-0.04212,0.07276,0.60411,0.31264,0.09542,19.03594,1,0.21099,-0.01836,0.9114,0.00398,1,1,0.01761,0.07086,0.60529,0.57082,0.10612,18.27799,1,0.2501,-0.0071,0.9114,0.00388,1,1,participant_30,question_2,No-Timer,True,Other
0.0,0,42,1,0.23233,-0.00538,0,0.8901,0.87593,0.07379,332,107.65807,1,0.23714,0.00021,-0.04212,0.07276,0.60411,0.31264,0.09542,19.03594,1,0.21319,-0.01105,0.90544,0.00398,1,1,0.01761,0.07086,0.60529,0.57076,0.10609,18.41068,1,0.25147,0.0003,0.90544,0.00387,1,1,participant_30,question_2,No-Timer,True,Other
0.0,0,42,1,0.23081,-0.00244,0,0.8901,0.87593,0.08039,332,107.65807,1,0.23665,1e-05,-0.04212,0.07276,0.60411,0.31271,0.0954,19.17318,1,0.21514,-0.01424,0.90544,0.004,1,1,0.01761,0.07086,0.60529,0.57082,0.10614,18.51419,1,0.24648,0.00936,0.90544,0.00388,1,1,participant_30,question_2,No-Timer,True,Other
0.0,0,42,1,0.22948,-0.00111,0,0.8901,0.87593,0.08709,332,107.65807,1,0.23614,-7e-05,-0.04212,0.07276,0.60411,0.31272,0.09544,19.30683,1,0.2134,-0.01511,0.90544,0.00399,1,1,0.01761,0.07086,0.60529,0.57082,0.10614,18.51419,1,0.24555,0.0129,0.90544,0.00388,1,1,participant_30,question_2,No-Timer,True,Other
0.0,0,42,1,0.22948,-0.00111,0,0.8901,0.87593,0.0938,332,107.65807,1,0.2357,-0.00014,-0.04212,0.07276,0.60411,0.31272,0.09544,19.30683,1,0.2134,-0.01511,0.90544,0.00399,1,1,0.01761,0.07086,0.60529,0.57082,0.10614,18.51419,1,0.24555,0.0129,0.90544,0.00388,1,1,participant_30,question_2,No-Timer,True,Other
0.0,0,42,1,0.23643,-0.00293,0,0.8901,0.87593,0.10052,332,107.65807,1,0.23574,-0.00032,-0.04212,0.07276,0.60411,0.31281,0.09541,19.41092,1,0.23135,-0.01824,0.90544,0.00405,1,1,0.01761,0.07086,0.60529,0.571,0.10622,18.33296,1,0.24152,0.01237,0.90544,0.00391,1,1,participant_30,question_2,No-Timer,True,Other
0.0,0,42,1,0.28404,-0.02442,0,0.8901,0.87593,0.10719,332,107.65807,1,0.23858,-0.00173,-0.04212,0.07276,0.60411,0.3141,0.09654,20.46341,1,0.25674,-0.03364,0.90544,0.00457,1,1,0.01761,0.07086,0.60529,0.57259,0.10739,20.16473,1,0.31134,-0.0152,0.90544,0.00439,1,1,participant_30,question_2,No-Timer,True,Other
0.0,0,42,1,0.28404,-0.02442,0,0.8901,0.87593,0.11389,332,107.65807,1,0.24111,-0.00299,-0.18524,0.33016,2.74109,0.31491,0.09632,20.95706,1,0.25674,-0.03364,0.90544,0.0045,0,1,0.01786,0.07041,0.60141,0.57341,0.10745,20.43076,1,0.31134,-0.0152,0.90544,0.00448,1,1,participant_30,question_2,No-Timer,True,Other
0.0,0,42,1,0.40847,-0.03685,0,0.8901,0.87593,0.12064,332,107.65807,1,0.24992,-0.00478,-0.18524,0.33016,2.74109,0.31864,0.09635,21.87366,1,0.40121,-0.04862,0.90544,0.00435,0,1,0.01786,0.07041,0.60141,0.57618,0.10675,19.79007,1,0.41573,-0.02508,0.90544,0.00436,1,1,participant_30,question_2,No-Timer,True,Other
0.0,0,42,1,0.45164,-0.00105,0,0.8901,0.87593,0.12727,332,107.65807,1,0.26,-0.00459,-0.18524,0.33016,2.74109,0.32063,0.09615,21.94503,1,0.44306,-0.02376,0.90544,0.00428,0,1,0.01786,0.07041,0.60141,0.57769,0.10677,20.24952,1,0.46022,0.02167,0.90544,0.00434,1,1,participant_30,question_2,No-Timer,True,Other
0.0,0,42,1,0.451,-0.01178,0,0.8901,0.87593,0.13396,332,107.65807,1,0.2691,-0.00493,-0.04198,0.07443,0.6187,0.3212,0.0968,21.35284,1,0.44224,-0.03103,0.9114,0.00455,1,1,0.01888,0.07248,0.61871,0.5784,0.1071,20.3379,1,0.45976,0.00746,0.91736,0.00425,1,1,participant_30,question_2,No-Timer,True,Other
0.0,0,42,1,0.46488,-0.02721,0,0.8901,0.87593,0.13396,332,107.65807,0,0.3111,-0.01262,-0.04198,0.07443,0.6187,0.32203,0.09674,21.32198,1,0.44999,-0.03865,0.92331,0.00454,1,1,0.01888,0.07248,0.61871,0.5791,0.10686,20.04058,1,0.47978,-0.01576,0.92927,0.00431,1,1,participant_30,question_2,No-Timer,True,Other
0.0,0,42,1,0.45009,-0.04678,0,0.8901,0.87593,0.13396,332,107.65807,0,0.3806,-0.0297,-0.04198,0.07443,0.6187,0.32198,0.09643,21.30982,1,0.43746,-0.05206,0.93523,0.00436,1,1,0.01888,0.07248,0.61871,0.5791,0.10682,19.99923,1,0.46273,-0.0415,0.94119,0.00433,1,1,participant_30,question_2,No-Timer,True,Other
0.0,0,42,1,0.44859,-0.06565,0,0.8901,0.87593,0.13396,332,107.65807,0,0.40326,-0.04168,-0.04355,0.07729,0.64248,0.32199,0.09642,21.27588,1,0.43488,-0.07452,0.95376,0.00437,1,1,0.01844,0.07063,0.60287,0.57902,0.10691,20.11773,1,0.4623,-0.05678,0.95376,0.00439,1,1,participant_30,question_2,No-Timer,True,Other
0.0,0,42,1,0.46363,-0.06273,0,0.8901,0.87593,0.13396,332,107.65807,0,0.45411,-0.05839,-0.04355,0.07729,0.64248,0.32199,0.09642,21.47126,1,0.44759,-0.07817,0.96038,0.00432,1,1,0.01844,0.07063,0.60287,0.57932,0.1068,19.66005,1,0.47967,-0.04729,0.95443,0.00437,1,1,participant_30,question_2,No-Timer,True,Other
0.0,0,42,1,0.46619,-0.07202,0,0.8901,0.87593,0.13396,332,107.65807,0,0.46015,-0.0652,-0.04355,0.07729,0.64248,0.32201,0.09641,21.3825,1,0.45059,-0.08242,0.96105,0.00433,1,1,0.01844,0.07063,0.60287,0.5794,0.10672,19.89905,1,0.4818,-0.06162,0.95509,0.00432,1,1,participant_30,question_2,No-Timer,True,Other
0.0,0,42,1,0.46603,-0.08047,0,0.8901,0.87593,0.13396,332,107.65807,0,0.46211,-0.07029,-0.04355,0.07739,0.64248,0.32206,0.0964,21.27644,1,0.4505,-0.08322,0.96171,0.00434,1,1,0.01952,0.0744,0.63506,0.57944,0.10659,19.88859,1,0.48156,-0.07771,0.96833,0.00437,1,1,participant_30,question_2,No-Timer,True,Other
0.0,0,42,1,0.47009,-0.09216,0,0.8901,0.87593,0.0201,333,107.81908,1,0.46411,-0.07576,-0.04355,0.07739,0.64248,0.32212,0.09629,21.17396,1,0.45197,-0.06668,0.96833,0.00441,1,1,0.01952,0.0744,0.63506,0.57954,0.10663,19.48386,1,0.48821,-0.11764,0.9809,0.00448,1,1,participant_30,question_2,No-Timer,True,Other
0.0,0,42,1,0.47457,-0.09734,0,0.8901,0.87593,0.02658,333,107.81908,1,0.4662,-0.08007,-0.04355,0.07739,0.64248,0.32211,0.0963,21.40102,1,0.45255,-0.08296,0.9809,0.00443,1,1,0.01952,0.0744,0.63506,0.57957,0.10646,19.4064,1,0.49659,-0.11171,0.99348,0.00457,1,1,participant_30,question_2,No-Timer,True,Other
0.0,0,42,1,0.47381,-0.10842,0,0.8901,0.87593,0.0335,333,107.81908,1,0.46747,-0.0848,-0.04355,0.07739,0.64248,0.32214,0.09614,21.30333,1,0.45106,-0.09787,0.99348,0.00447,1,1,0.01896,0.07207,0.6152,0.57958,0.10634,19.4717,1,0.49656,-0.11896,0.99944,0.00451,1,1,participant_30,question_2,No-Timer,True,Other
0.0,0,42,1,0.46892,-0.07955,0,0.8901,0.87593,0.0402,333,107.81908,1,0.46768,-0.08405,-0.04355,0.07739,0.64248,0.32216,0.09614,21.35984,1,0.45745,-0.08486,0.99944,0.00445,1,1,0.01896,0.07207,0.6152,0.57987,0.1063,19.84296,1,0.48039,-0.07423,0.99282,0.00449,1,1,participant_30,question_2,No-Timer,True,Other
0.0,0,42,1,0.46941,-0.07615,0,0.8901,0.87593,0.04671,333,107.81908,1,0.46789,-0.08306,-0.04355,0.07739,0.64248,0.32213,0.09614,21.46441,1,0.4581,-0.08093,0.99282,0.00445,1,1,0.01896,0.07207,0.6152,0.57992,0.1064,19.99325,1,0.48072,-0.07136,0.9862,0.00447,1,1,participant_30,question_2,No-Timer,True,Other
0.0,0,42,1,0.4699,-0.06481,0,0.8901,0.87593,0.0534,333,107.81908,1,0.46812,-0.08103,-0.04329,0.07697,0.63862,0.32216,0.09606,21.65866,1,0.45885,-0.07319,0.9862,0.00442,1,1,0.01894,0.07187,0.61311,0.57997,0.10635,19.78458,1,0.48095,-0.05643,0.97362,0.00449,1,1,participant_30,question_2,No-Timer,True,Other
0.0,0,42,1,0.47542,-0.06911,0,0.8901,0.87593,0.06007,333,107.81908,1,0.46885,-0.07984,-0.04329,0.07697,0.63862,0.3222,0.09602,21.59638,1,0.46183,-0.06525,0.97362,0.00449,1,1,0.01894,0.07187,0.61311,0.58007,0.10631,20.09752,1,0.48902,-0.07297,0.96767,0.00434,1,1,participant_30,question_2,No-Timer,True,Other
0.0,0,42,1,0.47067,-0.06584,0,0.8901,0.87593,0.06677,333,107.81908,1,0.46901,-0.07857,-0.04329,0.07697,0.63862,0.3223,0.09583,21.2608,1,0.46475,-0.06938,0.96767,0.00446,1,1,0.01894,0.07187,0.61311,0.58006,0.10603,19.96482,1,0.47659,-0.06229,0.96171,0.00448,1,1,participant_30,question_2,No-Timer,True,Other
0.0,0,42,1,0.47143,-0.05437,0,0.8901,0.87593,0.074,333,107.81908,1,0.46921,-0.07655,-0.042,0.07482,0.62037,0.32228,0.09582,21.23809,1,0.46612,-0.05446,0.95509,0.00446,1,1,0.01932,0.0732,0.62402,0.58013,0.10637,20.38677,1,0.47674,-0.05429,0.95509,0.00437,1,1,participant_30,question_2,No-Timer,True,Other
0.0,0,42,1,0.46036,-0.06069,0,0.8901,0.87593,0.08041,333,107.81908,1,0.46853,-0.07533,-0.042,0.07482,0.62037,0.32235,0.09546,21.55977,1,0.44456,-0.06351,0.94847,0.00433,1,1,0.01932,0.0732,0.62402,0.58007,0.10625,19.91421,1,0.47616,-0.05787,0.95443,0.00441,1,1,participant_30,question_2,No-Timer,True,Other
0.0,0,42,1,0.4667,-0.06568,0,0.8901,0.87593,0.0869,333,107.81908,1,0.4684,-0.07464,-0.042,0.07482,0.62037,0.32235,0.09534,21.52537,1,0.44513,-0.06399,0.94781,0.0044,1,1,0.01932,0.0732,0.62402,0.58018,0.10588,20.07587,1,0.48827,-0.06737,0.95376,0.00418,1,1,participant_30,question_2,No-Timer,True,Other
0.0,0,42,1,0.46679,-0.06123,0,0.8901,0.87593,0.09409,333,107.81908,1,0.46829,-0.07375,-0.04158,0.07411,0.61409,0.32235,0.09534,21.52537,1,0.44522,-0.06319,0.94715,0.0044,1,1,0.01882,0.07118,0.60645,0.58019,0.10584,20.10719,1,0.48835,-0.05928,0.94715,0.0042,1,1,participant_30,question_2,No-Timer,True,Other
0.0,0,42,1,0.46993,-0.06382,0,0.8901,0.87593,0.1006,333,107.81908,1,0.4684,-0.07313,-0.04158,0.07411,0.61409,0.32257,0.09519,21.19938,1,0.44864,-0.07235,0.94715,0.00445,1,1,0.01882,0.07118,0.60645,0.58027,0.10581,20.18128,1,0.49122,-0.05528,0.94119,0.00421,1,1,participant_30,question_2,No-Timer,True,Other
0.0,0,42,1,0.47708,-0.05979,0,0.8901,0.87593,0.10697,333,107.81908,1,0.46891,-0.07234,-0.04158,0.07411,0.61409,0.32256,0.0953,21.21916,1,0.46055,-0.07402,0.94119,0.0045,1,1,0.01882,0.07118,0.60645,0.58031,0.10583,20.21275,1,0.4936,-0.04556,0.93523,0.00429,1,1,participant_30,question_2,No-Timer,True,Other
0.0,0,42,1,0.47779,-0.04885,0,0.8901,0.87593,0.11369,333,107.81908,1,0.4694,-0.07104,-0.18097,0.32998,2.73273,0.32253,0.0953,21.44867,1,0.46193,-0.05942,0.92927,0.00451,0,1,0.01947,0.07349,0.62571,0.58036,0.10583,20.05814,1,0.49365,-0.03828,0.92927,0.0043,1,1,participant_30,question_2,No-Timer,True,Other
0.0,0,42,1,0.48507,-0.02915,0,0.8901,0.87593,0.12061,333,107.81908,1,0.47022,-0.06883,-0.18097,0.32998,2.73273,0.32264,0.0952,21.22903,1,0.46581,-0.01062,0.92331,0.00447,0,1,0.01947,0.07349,0.62571,0.58074,0.10588,20.02845,1,0.50433,-0.04767,0.92927,0.00437,1,1,participant_30,question_2,No-Timer,True,Other
0.0,0,42,1,0.4796,-0.02915,0,0.8901,0.87593,0.12705,333,107.81908,1,0.47069,-0.06685,-0.18097,0.32998,2.73273,0.3227,0.09525,21.36947,1,0.44908,-0.01035,0.92331,0.00448,0,1,0.01947,0.07349,0.62571,0.58071,0.10577,19.95935,1,0.51012,-0.04795,0.92927,0.00431,1,1,participant_30,question_2,No-Timer,True,Other
0.0,0,42,1,0.47923,-0.03633,0,0.8901,0.87593,0.13379,333,107.81908,1,0.4711,-0.0654,-0.0421,0.07525,0.62315,0.32271,0.09528,21.44184,1,0.44831,-0.01738,0.92927,0.00443,1,1,0.01947,0.07349,0.62571,0.5807,0.10578,19.9819,1,0.51016,-0.05528,0.93523,0.00431,1,1,participant_30,question_2,No-Timer,True,Other
0.0,0,42,1,0.46648,-0.04266,0,0.8901,0.87593,0.1408,333,107.81908,1,0.47089,-0.06436,-0.0421,0.07525,0.62315,0.32253,0.09506,20.99043,1,0.44496,-0.03713,0.94119,0.00445,1,1,0.01947,0.07349,0.62571,0.58026,0.10587,20.06837,1,0.48799,-0.0482,0.94119,0.00429,1,1,participant_30,question_2,No-Timer,True,Other
0.0,0,42,1,0.43923,-0.05246,0,0.8901,0.87593,0.14785,333,107.81908,1,0.46951,-0.06384,-0.0421,0.07525,0.62315,0.32203,0.09539,21.51712,1,0.41934,-0.03909,0.94715,0.00439,1,1,0.01947,0.07349,0.62571,0.58013,0.10599,20.32817,1,0.45913,-0.06583,0.94715,0.00427,1,1,participant_30,question_2,No-Timer,True,Other
0.0,0,42,1,0.43877,-0.05599,0,0.8901,0.87593,0.15419,333,107.81908,1,0.46823,-0.06352,-0.04158,0.07415,0.61409,0.32189,0.09536,21.20567,1,0.41842,-0.04615,0.9531,0.00441,1,1,0.01882,0.07118,0.60645,0.57987,0.1059,20.26842,1,0.45913,-0.06583,0.94715,0.0042,1,1,participant_30,question_2,No-Timer,True,Other
0.0,0,42,1,0.4405,-0.02434,0,0.8901,0.87593,0.16126,333,107.81908,1,0.46712,-0.06195,-0.04158,0.07415,0.61409,0.32194,0.09536,21.21446,1,0.42691,-0.00047,0.94715,0.0044,1,1,0.01882,0.07118,0.60645,0.5799,0.10598,20.09549,1,0.45409,-0.04822,0.94119,0.00418,1,1,participant_30,question_2,No-Timer,True,Other
0.0,0,42,1,0.4493,-0.0125,0,0.8901,0.87593,0.16766,333,107.81908,1,0.46644,-0.06005,-0.04158,0.07415,0.61409,0.32198,0.09532,20.98369,1,0.4345,0.01307,0.94119,0.00441,1,1,0.01882,0.07118,0.60645,0.58005,0.10601,20.07988,1,0.4641,-0.03807,0.93523,0.0042,1,1,participant_30,question_2,No-Timer,True,Other
0.0,0,42,1,0.45024,-0.00211,0,0.8901,0.87593,0.17426,333,107.81908,1,0.46584,-0.0579,-0.18097,0.32998,2.73273,0.32197,0.09528,21.0143,1,0.43619,0.02659,0.92927,0.00439,0,1,0.01919,0.0724,0.61686,0.58014,0.10619,20.25286,1,0.4643,-0.03081,0.92927,0.00426,1,1,participant_30,question_2,No-Timer,True,Other
0.0,0,42,1,0.44479,-0.01677,0,0.8901,0.87593,0.18105,333,107.81908,1,0.46509,-0.05643,-0.18097,0.32998,2.73273,0.3222,0.09524,21.09719,1,0.43844,-0.00832,0.92331,0.0044,0,1,0.01919,0.0724,0.61686,0.58021,0.10622,20.33355,1,0.45115,-0.02522,0.92927,0.00425,1,1,participant_30,question_2,No-Timer,True,Other
0.0,0,42,1,0.43808,0.00879,0,0.8901,0.87593,0.18105,333,107.81908,0,0.45742,-0.02846,-0.18097,0.32998,2.73273,0.32224,0.09531,20.9243,1,0.41866,0.03423,0.92331,0.00441,0,1,0.01919,0.0724,0.61686,0.58019,0.10597,20.1046,1,0.45749,-0.01664,0.92927,0.00437,1,1,participant_30,question_2,No-Timer,True,Other
0.0,0,42,1,0.4376,0.00541,0,0.8901,0.87593,0.18105,333,107.81908,0,0.44751,-0.01152,-0.0421,0.07525,0.62315,0.32238,0.09533,20.64954,1,0.4177,0.02747,0.92927,0.00442,1,1,0.0191,0.0718,0.6125,0.58012,0.1058,19.96227,1,0.45749,-0.01664,0.92927,0.00434,1,1,participant_30,question_2,No-Timer,True,Other
0.0,0,42,1,0.43963,-0.02239,0,0.8901,0.87593,0.18105,333,107.81908,0,0.44488,-0.01514,-0.0421,0.07525,0.62315,0.32242,0.09544,20.6912,1,0.41924,-0.02788,0.93523,0.00436,1,1,0.0191,0.0718,0.6125,0.58028,0.1061,19.52176,1,0.46001,-0.01689,0.92927,0.00435,1,1,participant_30,question_2,No-Timer,True,Other
0.0,0,42,1,0.44669,-0.02019,0,0.8901,0.87593,0.01963,334,108.00712,1,0.44533,-0.01641,-0.0421,0.07525,0.62315,0.3224,0.09547,20.64614,1,0.42855,-0.02533,0.93523,0.00437,1,1,0.0191,0.0718,0.6125,0.58032,0.10621,19.46126,1,0.46483,-0.01506,0.92927,0.00442,1,1,participant_30,question_2,No-Timer,True,Other
0.0,0,42,1,0.44599,-0.03166,0,0.8901,0.87593,0.02614,334,108.00712,1,0.44547,-0.01946,-0.04287,0.07672,0.63533,0.3224,0.09547,20.64614,1,0.42757,-0.03317,0.94185,0.00436,1,1,0.0194,0.07274,0.62056,0.58049,0.10626,19.11334,1,0.46441,-0.03016,0.94185,0.00446,1,1,participant_30,question_2,No-Timer,True,Other
0.0,0,42,1,0.43768,-0.03325,0,0.8901,0.87593,0.0332,334,108.00712,1,0.44417,-0.02176,-0.04287,0.07672,0.63533,0.32241,0.09554,20.58932,1,0.42876,-0.02756,0.94847,0.00434,1,1,0.0194,0.07274,0.62056,0.58051,0.10635,19.29328,1,0.44661,-0.03895,0.95443,0.00452,1,1,participant_30,question_2,No-Timer,True,Other
0.0,0,42,1,0.44208,-0.04912,0,0.8901,0.87593,0.03989,334,108.00712,1,0.44387,-0.02567,-0.04287,0.07672,0.63533,0.32246,0.09556,20.56203,1,0.4369,-0.04398,0.96105,0.00432,1,1,0.0194,0.07274,0.62056,0.58052,0.10646,19.3605,1,0.44726,-0.05426,0.967,0.00448,1,1,participant_30,question_2,No-Timer,True,Other
0.0,0,42,1,0.44093,-0.06401,0,0.8901,0.87593,0.04662,334,108.00712,1,0.4435,-0.03046,-0.04287,0.07672,0.63533,0.32248,0.09554,20.47802,1,0.43519,-0.05871,0.97362,0.00433,1,1,0.01935,0.07249,0.61875,0.58051,0.10656,19.41479,1,0.44667,-0.06932,0.97958,0.00444,1,1,participant_30,question_2,No-Timer,True,Other
0.0,0,42,1,0.43975,-0.08004,0,0.8901,0.87593,0.0536,334,108.00712,1,0.44309,-0.03597,-0.04287,0.07672,0.63533,0.32257,0.09565,20.36179,1,0.42832,-0.09843,0.97958,0.00428,1,1,0.01935,0.07249,0.61875,0.58058,0.10653,19.07243,1,0.45118,-0.06165,0.97958,0.00437,1,1,participant_30,question_2,No-Timer,True,Other
0.0,0,42,1,0.44018,-0.07351,0,0.8901,0.87593,0.06018,334,108.00712,1,0.4428,-0.03972,-0.04287,0.07672,0.63533,0.3226,0.09568,20.45099,1,0.42055,-0.09834,0.97958,0.00425,1,1,0.01935,0.07249,0.61875,0.58059,0.10654,19.06751,1,0.45982,-0.04868,0.97958,0.00437,1,1,participant_30,question_2,No-Timer,True,Other
0.0,0,42,1,0.44079,-0.06563,0,0.8901,0.87593,0.06664,334,108.00712,1,0.44261,-0.04208,-0.04139,0.0741,0.61402,0.3227,0.09585,20.39597,1,0.42153,-0.09036,0.97296,0.00435,1,1,0.01964,0.07324,0.62517,0.58071,0.10679,19.14931,1,0.46005,-0.0409,0.97296,0.00445,1,1,participant_30,question_2,No-Timer,True,Other
0.0,0,42,1,0.44359,-0.05351,0,0.8901,0.87593,0.0733,334,108.00712,1,0.44269,-0.04303,-0.04139,0.0741,0.61402,0.32271,0.09578,20.25937,1,0.41894,-0.07463,0.96634,0.00438,1,1,0.01964,0.07324,0.62517,0.58085,0.10691,19.34571,1,0.46823,-0.03238,0.96634,0.00443,1,1,participant_30,question_2,No-Timer,True,Other
0.0,0,42,1,0.44464,-0.04628,0,0.8901,0.87593,0.08038,334,108.00712,1,0.44284,-0.04328,-0.04139,0.0741,0.61402,0.32275,0.09568,19.86524,1,0.42063,-0.07091,0.95972,0.00437,1,1,0.01964,0.07324,0.62517,0.58088,0.10705,19.46316,1,0.46864,-0.02164,0.95972,0.00434,1,1,participant_30,question_2,No-Timer,True,Other
0.0,0,42,1,0.44578,-0.03137,0,0.8901,0.87593,0.08659,334,108.00712,1,0.44305,-0.04243,-0.17988,0.32908,2.72872,0.32273,0.09569,19.82871,1,0.42254,-0.0558,0.94715,0.00438,0,1,0.01964,0.07324,0.62517,0.58089,0.10708,19.47446,1,0.46902,-0.00693,0.94715,0.00433,1,1,participant_30,question_2,No-Timer,True,Other
0.0,0,42,1,0.45112,-0.01712,0,0.8901,0.87593,0.09338,334,108.00712,1,0.44359,-0.04074,-0.17988,0.32908,2.72872,0.32289,0.09578,19.73388,1,0.42933,-0.03935,0.94119,0.00427,0,1,0.01964,0.07324,0.62517,0.58109,0.10696,18.94335,1,0.4729,0.00511,0.94119,0.00431,1,1,participant_30,question_2,No-Timer,True,Other
0.0,0,42,1,0.44103,-0.00998,0,0.8901,0.87593,0.10001,334,108.00712,1,0.44343,-0.03882,-0.17988,0.32908,2.72872,0.32293,0.09594,19.29625,1,0.43008,-0.02768,0.93523,0.00447,0,1,0.01964,0.07324,0.62517,0.58109,0.10702,19.16173,1,0.45198,0.00773,0.93523,0.00428,1,1,participant_30,question_2,No-Timer,True,Other
0.0,0,42,1,0.44174,0.00053,0,0.8901,0.87593,0.10649,334,108.00712,1,0.44333,-0.0365,-0.17988,0.32908,2.72872,0.32293,0.09596,19.38774,1,0.43095,-0.02062,0.92927,0.00447,0,1,0.01899,0.07064,0.60301,0.58107,0.10706,19.46859,1,0.45252,0.02167,0.92331,0.00426,1,1,participant_30,question_2,No-Timer,True,Other
0.0,0,42,1,0.44548,0.00712,0,0.8901,0.87593,0.11342,334,108.00712,1,0.44345,-0.03408,-0.17988,0.32908,2.72872,0.3229,0.09568,19.61942,1,0.43861,-0.02525,0.92331,0.00427,0,1,0.01899,0.07064,0.60301,0.58092,0.10693,19.35874,1,0.45235,0.03949,0.91736,0.00425,1,1,participant_30,question_2,No-Timer,True,Other
0.0,0,42,1,0.44057,-0.01013,0,0.8901,0.87593,0.12011,334,108.00712,1,0.4433,-0.03282,-0.17988,0.32908,2.72872,0.32293,0.09571,19.63122,1,0.4227,-0.01956,0.91736,0.00427,0,1,0.01899,0.07064,0.60301,0.58123,0.10721,19.46942,1,0.45843,-0.0007,0.9114,0.00429,1,1,participant_30,question_2,No-Timer,True,Other
0.0,0,42,1,0.44057,-0.01013,0,0.8901,0.87593,0.127,334,108.00712,1,0.44316,-0.03169,-0.04174,0.07489,0.62062,0.32289,0.09578,19.6004,1,0.4227,-0.01956,0.91736,0.00427,1,1,0.01899,0.07064,0.60301,0.58119,0.10705,19.17745,1,0.45843,-0.0007,0.9114,0.00437,1,1,participant_30,question_2,No-Timer,True,Other
0.0,0,42,1,0.44364,-0.01328,0,0.8901,0.87593,0.13354,334,108.00712,1,0.44319,-0.03081,-0.04174,0.07489,0.62062,0.32305,0.09576,19.77248,1,0.42332,-0.01993,0.91736,0.00425,1,1,0.01899,0.07064,0.60301,0.58121,0.10686,18.74528,1,0.46396,-0.00663,0.91736,0.00436,1,1,participant_30,question_2,No-Timer,True,Other
0.0,0,42,1,0.43671,-0.01575,0,0.8901,0.87593,0.14,334,108.00712,1,0.44289,-0.03013,-0.04174,0.07489,0.62062,0.32307,0.09562,19.93884,1,0.42467,-0.01814,0.92331,0.00419,1,1,0.01899,0.07064,0.60301,0.58121,0.10679,18.71916,1,0.44875,-0.01335,0.92331,0.00434,1,1,participant_30,question_2,No-Timer,True,Other
0.0,0,42,1,0.4353,-0.03445,0,0.8901,0.87593,0.1469,334,108.00712,1,0.44256,-0.03031,-0.04265,0.0766,0.63479,0.32307,0.09564,19.88956,1,0.42274,-0.03313,0.93589,0.0042,1,1,0.01952,0.07246,0.61855,0.58124,0.10673,18.54533,1,0.44786,-0.03576,0.94185,0.00436,1,1,participant_30,question_2,No-Timer,True,Other
0.0,0,42,1,0.43999,-0.0511,0,0.8901,0.87593,0.15359,334,108.00712,1,0.44245,-0.03118,-0.04265,0.0766,0.63479,0.32319,0.09579,19.58171,1,0.42944,-0.05366,0.94847,0.00416,1,1,0.01952,0.07246,0.61855,0.5813,0.10667,18.57852,1,0.45054,-0.04854,0.95443,0.00435,1,1,participant_30,question_2,No-Timer,True,Other
0.0,0,42,1,0.44173,-0.05333,0,0.8901,0.87593,0.16006,334,108.00712,1,0.44243,-0.03207,-0.04265,0.0766,0.63479,0.32328,0.09552,19.7093,1,0.43151,-0.07548,0.96105,0.00411,1,1,0.01952,0.07246,0.61855,0.58129,0.10669,18.55065,1,0.45195,-0.03119,0.967,0.00436,1,1,participant_30,question_2,No-Timer,True,Other
0.0,0,42,1,0.44058,-0.06828,0,0.8901,0.87593,0.16701,334,108.00712,1,0.44235,-0.03346,-0.04265,0.0766,0.63479,0.32345,0.0955,19.28354,1,0.42974,-0.09063,0.97362,0.00415,1,1,0.01952,0.07246,0.61855,0.5813,0.10664,18.4937,1,0.45141,-0.04593,0.97958,0.00437,1,1,participant_30,question_2,No-Timer,True,Other
0.0,0,42,1,0.44524,-0.07859,0,0.8901,0.87593,0.17348,334,108.00712,1,0.44246,-0.03513,-0.04265,0.0766,0.63479,0.3235,0.09562,19.26717,1,0.43308,-0.10504,0.97958,0.00421,1,1,0.01952,0.07246,0.61855,0.58155,0.10654,17.99675,1,0.4574,-0.05213,0.97958,0.00438,1,1,participant_30,question_2,No-Timer,True,Other
0.0,0,42,1,0.4468,-0.08507,0,0.8901,0.87593,0.18038,334,108.00712,1,0.44262,-0.03691,-0.04265,0.0766,0.63479,0.3235,0.09554,19.21496,1,0.43415,-0.11536,0.97958,0.00427,1,1,0.01952,0.07246,0.61855,0.58158,0.10613,17.83628,1,0.45944,-0.05477,0.97958,0.00457,1,1,participant_30,question_2,No-Timer,True,Other
0.0,0,42,1,0.4468,-0.08507,0,0.8901,0.87593,0.18716,334,108.00712,1,0.44276,-0.03857,-0.04325,0.07775,0.64385,0.3235,0.09554,19.21496,1,0.43415,-0.11536,0.97958,0.00427,1,1,0.01962,0.07248,0.61873,0.58151,0.10676,18.15087,1,0.45944,-0.05477,0.97958,0.00425,1,1,participant_30,question_2,No-Timer,True,Other
0.0,0,42,1,0.43238,-0.07395,0,0.8901,0.87593,0.19358,334,108.00712,1,0.44241,-0.03975,-0.04325,0.07775,0.64385,0.32352,0.09537,18.96793,1,0.41953,-0.08274,0.97958,0.00423,1,1,0.01962,0.07248,0.61873,0.58152,0.10669,18.21478,1,0.44522,-0.06517,0.97958,0.00426,1,1,participant_30,question_2,No-Timer,True,Other
0.0,0,42,1,0.43829,-0.05693,0,0.8901,0.87593,0.20028,334,108.00712,1,0.44228,-0.04031,-0.04325,0.07775,0.64385,0.32354,0.09509,18.86118,1,0.42767,-0.04434,0.97958,0.00433,1,1,0.01962,0.07248,0.61873,0.58168,0.10667,17.88583,1,0.44891,-0.06952,0.97958,0.00432,1,1,participant_30,question_2,No-Timer,True,Other
0.0,0,42,1,0.43904,-0.0456,0,0.8901,0.87593,0.2072,334,108.00712,1,0.44218,-0.04047,-0.04135,0.07441,0.61626,0.32354,0.09535,19.08328,1,0.42861,-0.03673,0.97296,0.00421,1,1,0.01939,0.07145,0.60986,0.58184,0.10653,18.01203,1,0.44948,-0.05447,0.967,0.00423,1,1,participant_30,question_2,No-Timer,True,Other
0.0,0,42,1,0.44582,-0.03625,0,0.8901,0.87593,0.21368,334,108.00712,1,0.44229,-0.04034,-0.04135,0.07441,0.61626,0.32358,0.09524,19.04209,1,0.43297,-0.03091,0.96038,0.0042,1,1,0.01939,0.07145,0.60986,0.58172,0.10661,18.31671,1,0.45868,-0.04159,0.95443,0.00421,1,1,participant_30,question_2,No-Timer,True,Other
0.0,0,42,1,0.44716,-0.02548,0,0.8901,0.87593,0.2206,334,108.00712,1,0.44243,-0.03991,-0.04135,0.07441,0.61626,0.32357,0.09532,19.11697,1,0.43489,-0.01727,0.94781,0.00422,1,1,0.01939,0.07145,0.60986,0.58173,0.10661,18.3602,1,0.45942,-0.03369,0.94185,0.00418,1,1,participant_30,question_2,No-Timer,True,Other
0.0,0,42,1,0.44869,-0.00716,0,0.8901,0.87593,0.2273,334,108.00712,1,0.44261,-0.03897,-0.17926,0.32985,2.73168,0.32369,0.09521,19.16347,1,0.43749,0.00421,0.92927,0.00426,0,1,0.02004,0.07372,0.62886,0.58171,0.10667,18.38187,1,0.45989,-0.01853,0.92927,0.00423,1,1,participant_30,question_2,No-Timer,True,Other
0.0,0,42,1,0.44551,-0.00507,0,0.8901,0.87593,0.23397,334,108.00712,1,0.44269,-0.03803,-0.17926,0.32985,2.73168,0.32366,0.09531,19.2599,1,0.42307,0.0025,0.92331,0.00431,0,1,0.02004,0.07372,0.62886,0.58194,0.10654,18.78655,1,0.46796,-0.01264,0.92927,0.00416,1,1,participant_30,question_2,No-Timer,True,Other
0.0,0,42,1,0.45022,-0.01922,0,0.8901,0.87593,0.24117,334,108.00712,1,0.4429,-0.03752,-0.17926,0.32985,2.73168,0.32378,0.09526,18.8336,1,0.42583,-0.00773,0.92331,0.00433,0,1,0.02004,0.07372,0.62886,0.58209,0.10623,18.37446,1,0.4746,-0.03072,0.92927,0.00408,1,1,participant_30,question_2,No-Timer,True,Other
0.0,0,42,1,0.44917,-0.03067,0,0.8901,0.87593,0.2476,334,108.00712,1,0.44306,-0.03734,-0.04281,0.07729,0.64008,0.32397,0.09517,18.38892,1,0.42391,-0.02257,0.93589,0.00434,1,1,0.0192,0.07045,0.60102,0.58208,0.10614,18.42608,1,0.47444,-0.03877,0.93589,0.00404,1,1,participant_30,question_2,No-Timer,True,Other
0.0,0,42,1,0.44586,-0.04074,0,0.8901,0.87593,0.25414,334,108.00712,1,0.44313,-0.03743,-0.04281,0.07729,0.64008,0.32434,0.09549,18.66419,1,0.43102,-0.03668,0.94847,0.0043,1,1,0.0192,0.07045,0.60102,0.58232,0.10618,18.40314,1,0.46071,-0.04479,0.94251,0.00393,1,1,participant_30,question_2,No-Timer,True,Other
0.0,0,42,1,0.45008,-0.04571,0,0.8901,0.87593,0.26055,334,108.00712,1,0.44331,-0.03764,-0.04281,0.07729,0.64008,0.32423,0.09528,18.75138,1,0.43604,-0.04742,0.95509,0.0043,1,1,0.0192,0.07045,0.60102,0.58243,0.10611,18.32841,1,0.46412,-0.04401,0.94913,0.00395,1,1,participant_30,question_2,No-Timer,True,Other
0.0,0,42,1,0.44942,-0.05721,0,0.8901,0.87593,0.26767,334,108.00712,1,0.44346,-0.03811,-0.04281,0.07739,0.64008,0.32422,0.09518,18.80643,1,0.43513,-0.05524,0.96171,0.00432,1,1,0.01993,0.07308,0.62263,0.58245,0.10616,18.18451,1,0.46371,-0.05919,0.96171,0.00401,1,1,participant_30,question_2,No-Timer,True,Other
0.0,0,42,1,0.44292,-0.03179,0,0.8901,0.87593,0.27447,334,108.00712,1,0.44344,-0.03796,-0.04281,0.07739,0.64008,0.3243,0.09429,18.89561,1,0.42924,-0.01581,0.96171,0.0042,1,1,0.01993,0.07308,0.62263,0.58236,0.10598,17.97156,1,0.4566,-0.04777,0.96767,0.00409,1,1,participant_30,question_2,No-Timer,True,Other
0.0,0,42,1,0.43191,-0.02362,0,0.8901,0.87593,0.28123,334,108.00712,1,0.44317,-0.03763,-0.04281,0.07739,0.64008,0.32462,0.09453,18.77568,1,0.42424,-0.05086,0.96767,0.00438,1,1,0.01993,0.07308,0.62263,0.5824,0.10652,17.65768,1,0.43958,0.00363,0.97362,0.00418,1,1,participant_30,question_2,No-Timer,True,Other
0.0,0,42,1,0.43131,-0.03047,0,0.8901,0.87593,0.28766,334,108.00712,1,0.44291,-0.03747,-0.0412,0.0751,0.61883,0.32498,0.09476,18.75083,1,0.42336,-0.05784,0.97362,0.00415,1,1,0.01984,0.07333,0.62278,0.58242,0.10641,17.54053,1,0.43926,-0.00311,0.97958,0.00399,1,1,participant_30,question_2,No-Timer,True,Other
0.0,0,42,0,0.43131,-0.03047,0,0.8901,0.87593,0.29404,334,108.00712,1,0.44291,-0.03747,-0.0412,0.0751,0.61883,0.32498,0.09476,18.75083,0,0.42336,-0.05784,0.97958,0.00415,1,0,0.01984,0.07333,0.62278,0.58242,0.10641,17.54053,0,0.43926,-0.00311,0.97958,0.00399,1,0,participant_30,question_2,No-Timer,False,Other
0.0,0,42,0,0.43131,-0.03047,0,0.8901,0.87593,0.30077,334,108.00712,1,0.44291,-0.03747,-0.0412,0.0751,0.61883,0.32498,0.09476,18.75083,0,0.42336,-0.05784,0.97958,0.00415,1,0,0.01984,0.07333,0.62278,0.58242,0.10641,17.54053,0,0.43926,-0.00311,0.97958,0.00399,1,0,participant_30,question_2,No-Timer,False,Other
0.0,0,42,0,0.43131,-0.03047,0,0.8901,0.87593,0.30775,334,108.00712,1,0.44291,-0.03747,-0.0412,0.0751,0.61883,0.32498,0.09476,18.75083,0,0.42336,-0.05784,0.97958,0.00415,1,0,0.01984,0.07333,0.62278,0.58242,0.10641,17.54053,0,0.43926,-0.00311,0.97958,0.00399,1,0,participant_30,question_2,No-Timer,False,Other
0.0,0,42,0,0.43131,-0.03047,0,0.8901,0.87593,0.30775,334,108.00712,0,0.44484,-0.02945,-0.0412,0.0751,0.61883,0.32498,0.09476,18.75083,0,0.42336,-0.05784,0.97958,0.00415,1,0,0.01984,0.07333,0.62278,0.58242,0.10641,17.54053,0,0.43926,-0.00311,0.97958,0.00399,1,0,participant_30,question_2,No-Timer,False,Other
0.0,0,42,0,0.43131,-0.03047,0,0.8901,0.87593,0.30775,334,108.00712,0,0.44484,-0.02945,-0.0412,0.0751,0.61883,0.32498,0.09476,18.75083,0,0.42336,-0.05784,0.97958,0.00415,1,0,0.01984,0.07333,0.62278,0.58242,0.10641,17.54053,0,0.43926,-0.00311,0.97958,0.00399,1,0,participant_30,question_2,No-Timer,False,Other
0.0,0,42,0,0.43131,-0.03047,0,0.8901,0.87593,0.30775,334,108.00712,0,0.44484,-0.02945,-0.0412,0.0751,0.61883,0.32498,0.09476,18.75083,0,0.42336,-0.05784,0.97958,0.00415,1,0,0.01984,0.07333,0.62278,0.58242,0.10641,17.54053,0,0.43926,-0.00311,0.97958,0.00399,1,0,participant_30,question_2,No-Timer,False,Other
0.0,63,42,0,0.43131,-0.03047,0,0.8901,0.87593,0.30775,334,108.00712,0,0.0,0.0,-0.0412,0.0751,0.61883,0.32498,0.09476,18.75083,0,0.42336,-0.05784,0.97958,0.00415,1,0,0.01984,0.07333,0.62278,0.58242,0.10641,17.54053,0,0.43926,-0.00311,0.97958,0.00399,1,0,participant_30,question_2,No-Timer,True,Other
0.0,63,42,0,0.43131,-0.03047,0,0.8901,0.87593,0.30775,334,108.00712,0,0.0,0.0,-0.0412,0.0751,0.61883,0.32498,0.09476,18.75083,0,0.42336,-0.05784,0.97958,0.00415,1,0,0.01984,0.07333,0.62278,0.58242,0.10641,17.54053,0,0.43926,-0.00311,0.97958,0.00399,1,0,participant_30,question_2,No-Timer,True,Other
0.0,63,42,0,0.43131,-0.03047,0,0.8901,0.87593,0.30775,334,108.00712,0,0.0,0.0,-0.0412,0.0751,0.61883,0.32498,0.09476,18.75083,0,0.42336,-0.05784,0.97958,0.00415,1,0,0.01984,0.07333,0.62278,0.58242,0.10641,17.54053,0,0.43926,-0.00311,0.97958,0.00399,1,0,participant_30,question_2,No-Timer,True,Other
0.0,63,42,0,0.43131,-0.03047,0,0.8901,0.87593,0.30775,334,108.00712,0,0.0,0.0,-0.0412,0.0751,0.61883,0.32498,0.09476,18.75083,0,0.42336,-0.05784,0.97958,0.00415,1,0,0.01984,0.07333,0.62278,0.58242,0.10641,17.54053,0,0.43926,-0.00311,0.97958,0.00399,1,0,participant_30,question_2,No-Timer,True,Other
0.0,63,42,0,0.43131,-0.03047,0,0.8901,0.87593,0.30775,334,108.00712,0,0.0,0.0,-0.0412,0.0751,0.61883,0.32498,0.09476,18.75083,0,0.42336,-0.05784,0.97958,0.00415,1,0,0.01984,0.07333,0.62278,0.58242,0.10641,17.54053,0,0.43926,-0.00311,0.97958,0.00399,1,0,participant_30,question_2,No-Timer,True,Other
0.0,63,42,0,0.43131,-0.03047,0,0.8901,0.87593,0.30775,334,108.00712,0,0.0,0.0,-0.0412,0.0751,0.61883,0.32498,0.09476,18.75083,0,0.42336,-0.05784,0.97958,0.00415,1,0,0.01984,0.07333,0.62278,0.58242,0.10641,17.54053,0,0.43926,-0.00311,0.97958,0.00399,1,0,participant_30,question_2,No-Timer,True,Other
0.0,63,42,0,0.43131,-0.03047,0,0.8901,0.87593,0.30775,334,108.00712,0,0.0,0.0,-0.0412,0.0751,0.61883,0.32498,0.09476,18.75083,0,0.42336,-0.05784,0.97958,0.00415,1,0,0.01984,0.07333,0.62278,0.58242,0.10641,17.54053,0,0.43926,-0.00311,0.97958,0.00399,1,0,participant_30,question_2,No-Timer,True,Other
0.0,63,42,0,0.43131,-0.03047,0,0.8901,0.87593,0.30775,334,108.00712,0,0.0,0.0,-0.0412,0.0751,0.61883,0.32498,0.09476,18.75083,0,0.42336,-0.05784,0.97958,0.00415,1,0,0.01984,0.07333,0.62278,0.58242,0.10641,17.54053,0,0.43926,-0.00311,0.97958,0.00399,1,0,participant_30,question_2,No-Timer,True,Other
0.0,63,42,0,0.43131,-0.03047,0,0.8901,0.87593,0.30775,334,108.00712,0,0.0,0.0,-0.0412,0.0751,0.61883,0.32498,0.09476,18.75083,0,0.42336,-0.05784,0.97958,0.00415,1,0,0.01984,0.07333,0.62278,0.58242,0.10641,17.54053,0,0.43926,-0.00311,0.97958,0.00399,1,0,participant_30,question_2,No-Timer,True,Other
0.0,63,42,0,0.43131,-0.03047,0,0.8901,0.87593,0.30775,334,108.00712,0,0.0,0.0,-0.0412,0.0751,0.61883,0.32498,0.09476,18.75083,0,0.42336,-0.05784,0.97958,0.00415,1,0,0.01984,0.07333,0.62278,0.58242,0.10641,17.54053,0,0.43926,-0.00311,0.97958,0.00399,1,0,participant_30,question_2,No-Timer,True,Other
0.0,63,42,0,0.43131,-0.03047,0,0.8901,0.87593,0.30775,334,108.00712,0,0.0,0.0,-0.0412,0.0751,0.61883,0.32498,0.09476,18.75083,0,0.42336,-0.05784,0.97958,0.00415,1,0,0.01984,0.07333,0.62278,0.58242,0.10641,17.54053,0,0.43926,-0.00311,0.97958,0.00399,1,0,participant_30,question_2,No-Timer,True,Other
0.0,63,42,0,0.43131,-0.03047,0,0.8901,0.87593,0.30775,334,108.00712,0,0.0,0.0,-0.0412,0.0751,0.61883,0.32498,0.09476,18.75083,0,0.42336,-0.05784,0.97958,0.00415,1,0,0.01984,0.07333,0.62278,0.58242,0.10641,17.54053,0,0.43926,-0.00311,0.97958,0.00399,1,0,participant_30,question_2,No-Timer,True,Other
0.0,63,42,0,0.43131,-0.03047,0,0.8901,0.87593,0.30775,334,108.00712,0,0.0,0.0,-0.0412,0.0751,0.61883,0.32498,0.09476,18.75083,0,0.42336,-0.05784,0.97958,0.00415,1,0,0.01984,0.07333,0.62278,0.58242,0.10641,17.54053,0,0.43926,-0.00311,0.97958,0.00399,1,0,participant_30,question_2,No-Timer,True,Other
0.0,63,42,0,0.43131,-0.03047,0,0.8901,0.87593,0.30775,334,108.00712,0,0.0,0.0,-0.0412,0.0751,0.61883,0.32498,0.09476,18.75083,0,0.42336,-0.05784,0.97958,0.00415,1,0,0.01984,0.07333,0.62278,0.58242,0.10641,17.54053,0,0.43926,-0.00311,0.97958,0.00399,1,0,participant_30,question_2,No-Timer,True,Other
0.0,63,42,0,0.43131,-0.03047,0,0.8901,0.87593,0.30775,334,108.00712,0,0.0,0.0,-0.0412,0.0751,0.61883,0.32498,0.09476,18.75083,0,0.42336,-0.05784,0.97958,0.00415,1,0,0.01984,0.07333,0.62278,0.58242,0.10641,17.54053,0,0.43926,-0.00311,0.97958,0.00399,1,0,participant_30,question_2,No-Timer,True,Other
0.0,63,42,0,0.43131,-0.03047,0,0.8901,0.87593,0.30775,334,108.00712,0,0.0,0.0,-0.0412,0.0751,0.61883,0.32498,0.09476,18.75083,0,0.42336,-0.05784,0.97958,0.00415,1,0,0.01984,0.07333,0.62278,0.58242,0.10641,17.54053,0,0.43926,-0.00311,0.97958,0.00399,1,0,participant_30,question_2,No-Timer,True,Other
0.0,63,42,0,0.43131,-0.03047,0,0.8901,0.87593,0.30775,334,108.00712,0,0.0,0.0,-0.0412,0.0751,0.61883,0.32498,0.09476,18.75083,0,0.42336,-0.05784,0.97958,0.00415,1,0,0.01984,0.07333,0.62278,0.58242,0.10641,17.54053,0,0.43926,-0.00311,0.97958,0.00399,1,0,participant_30,question_2,No-Timer,True,Other
0.0,63,42,0,0.43131,-0.03047,0,0.8901,0.87593,0.30775,334,108.00712,0,0.0,0.0,-0.0412,0.0751,0.61883,0.32498,0.09476,18.75083,0,0.42336,-0.05784,0.97958,0.00415,1,0,0.01984,0.07333,0.62278,0.58242,0.10641,17.54053,0,0.43926,-0.00311,0.97958,0.00399,1,0,participant_30,question_2,No-Timer,True,Other
0.0,63,42,0,0.43131,-0.03047,0,0.8901,0.87593,0.30775,334,108.00712,0,0.0,0.0,-0.0412,0.0751,0.61883,0.32498,0.09476,18.75083,0,0.42336,-0.05784,0.97958,0.00415,1,0,0.01984,0.07333,0.62278,0.58242,0.10641,17.54053,0,0.43926,-0.00311,0.97958,0.00399,1,0,participant_30,question_2,No-Timer,True,Other
0.12691,0,42,1,0.44707,-0.06002,0,0.8901,0.87593,0.30775,334,108.00712,0,0.22354,-0.03001,-0.0412,0.0751,0.61883,0.3259,0.09431,19.20087,1,0.44707,-0.06002,0.97958,0.00419,1,1,0.01984,0.07333,0.62278,0.58242,0.10641,17.54053,0,0.43926,-0.00311,0.97958,0.00399,1,0,participant_30,question_2,No-Timer,True,Other
0.0,0,42,1,0.44707,-0.06002,0,0.8901,0.87593,0.30775,334,108.00712,0,0.29805,-0.04001,-0.0412,0.07524,0.6216,0.3259,0.09433,19.15785,1,0.44707,-0.06002,0.97958,0.00418,1,1,0.01984,0.07333,0.62278,0.58242,0.10641,17.54053,0,0.43926,-0.00311,0.97958,0.00399,1,0,participant_30,question_2,No-Timer,True,Other
0.0,0,42,1,0.45192,-0.10692,0,0.8901,0.87593,0.30775,334,108.00712,0,0.44869,-0.07565,-0.0412,0.07524,0.6216,0.32588,0.09427,19.18497,1,0.43657,-0.12265,0.97958,0.00419,1,1,0.01984,0.07333,0.62278,0.584,0.1057,18.27856,1,0.46727,-0.09119,0.97958,0.00412,1,1,participant_30,question_2,No-Timer,True,Other
0.0,0,42,1,0.4599,-0.08293,0,0.8901,0.87593,0.30775,334,108.00712,0,0.45429,-0.07929,-0.0412,0.07524,0.6216,0.32584,0.09438,19.20393,1,0.4507,-0.06944,0.97958,0.00425,1,1,0.01984,0.07333,0.62278,0.58391,0.10574,17.98742,1,0.46909,-0.09642,0.97958,0.00421,1,1,participant_30,question_2,No-Timer,True,Other
0.0,0,42,1,0.4598,-0.08697,0,0.8901,0.87593,0.30775,334,108.00712,0,0.45613,-0.08185,-0.0412,0.07524,0.6216,0.32584,0.09438,19.20393,1,0.4507,-0.06944,0.97958,0.00425,1,1,0.02086,0.07528,0.64097,0.58397,0.1057,18.00138,1,0.46891,-0.10451,0.9862,0.00414,1,1,participant_30,question_2,No-Timer,True,Other
0.0,0,42,1,0.45049,-0.11539,0,0.8901,0.87593,0.0199,335,108.48222,1,0.45472,-0.09024,-0.0412,0.07524,0.6216,0.32586,0.09442,19.16999,1,0.43281,-0.11782,0.9862,0.00428,1,1,0.02086,0.07528,0.64097,0.58389,0.1054,17.98994,1,0.46817,-0.11296,0.99282,0.00424,1,1,participant_30,question_2,No-Timer,True,Other
0.0,0,42,1,0.44836,-0.10569,0,0.8901,0.87593,0.0266,335,108.48222,1,0.45345,-0.09333,-0.0412,0.07524,0.6216,0.32587,0.09442,19.12346,1,0.42996,-0.0865,0.99282,0.0043,1,1,0.02086,0.07528,0.64097,0.58385,0.10534,18.04193,1,0.46676,-0.12488,0.99944,0.00426,1,1,participant_30,question_2,No-Timer,True,Other
0.0,0,42,1,0.44799,-0.10593,0,0.8901,0.87593,0.03358,335,108.48222,1,0.45254,-0.09543,-0.0412,0.07524,0.6216,0.32585,0.09434,19.08476,1,0.42905,-0.09429,0.99944,0.00436,1,1,0.01957,0.07097,0.60426,0.58399,0.10531,18.23178,1,0.46693,-0.11756,0.99348,0.00442,1,1,participant_30,question_2,No-Timer,True,Other
0.0,0,42,1,0.44281,-0.10331,0,0.8901,0.87593,0.04021,335,108.48222,1,0.45115,-0.09655,-0.0412,0.07524,0.6216,0.3258,0.09423,18.90141,1,0.42617,-0.09281,0.99348,0.00435,1,1,0.01957,0.07097,0.60426,0.58396,0.10601,18.45078,1,0.45945,-0.11381,0.9809,0.00428,1,1,participant_30,question_2,No-Timer,True,Other
0.0,0,42,1,0.44055,-0.09142,0,0.8901,0.87593,0.04671,335,108.48222,1,0.44982,-0.09591,-0.0412,0.07524,0.6216,0.32571,0.09423,18.88031,1,0.4257,-0.0793,0.9809,0.00438,1,1,0.01957,0.07097,0.60426,0.58403,0.10601,18.33189,1,0.4554,-0.10354,0.96833,0.00429,1,1,participant_30,question_2,No-Timer,True,Other
0.0,0,42,1,0.44231,-0.0681,0,0.8901,0.87593,0.05372,335,108.48222,1,0.44899,-0.09282,-0.04107,0.07492,0.61895,0.32571,0.09423,18.88031,1,0.42845,-0.05657,0.96171,0.00439,1,1,0.01948,0.0707,0.60155,0.58375,0.10563,18.53004,1,0.45616,-0.07963,0.94913,0.00431,1,1,participant_30,question_2,No-Timer,True,Other
0.0,0,42,1,0.44949,-0.04581,0,0.8901,0.87593,0.0603,335,108.48222,1,0.44904,-0.08812,-0.04107,0.07492,0.61895,0.32555,0.09427,19.36387,1,0.45077,-0.0394,0.94251,0.00439,1,1,0.01948,0.0707,0.60155,0.58368,0.10558,18.75817,1,0.4482,-0.05221,0.94251,0.00432,1,1,participant_30,question_2,No-Timer,True,Other
0.0,0,42,1,0.44687,-0.04113,0,0.8901,0.87593,0.0668,335,108.48222,1,0.44884,-0.08385,-0.04107,0.07492,0.61895,0.32529,0.09408,18.87014,1,0.44463,-0.03697,0.93589,0.00436,1,1,0.01948,0.0707,0.60155,0.58362,0.10545,18.88777,1,0.4491,-0.04528,0.93589,0.00436,1,1,participant_30,question_2,No-Timer,True,Other
0.0,0,42,1,0.44746,-0.03311,0,0.8901,0.87593,0.07369,335,108.48222,1,0.44873,-0.07962,-0.04069,0.07428,0.61324,0.3253,0.09396,18.91808,1,0.44551,-0.02907,0.92927,0.00436,1,1,0.01948,0.0707,0.60155,0.58353,0.10556,18.97738,1,0.44942,-0.03716,0.92927,0.0044,1,1,participant_30,question_2,No-Timer,True,Other
0.0,0,42,1,0.4631,-0.04069,0,0.8901,0.87593,0.08019,335,108.48222,1,0.44983,-0.07663,-0.04069,0.07428,0.61324,0.32538,0.09386,19.33731,1,0.43817,-0.03033,0.92927,0.0044,1,1,0.01948,0.0707,0.60155,0.58346,0.105,18.89449,1,0.48803,-0.05105,0.92927,0.00439,1,1,participant_30,question_2,No-Timer,True,Other
0.0,0,42,1,0.46133,-0.02765,0,0.8901,0.87593,0.08727,335,108.48222,1,0.45065,-0.07313,-0.04069,0.07428,0.61324,0.3254,0.09386,19.4355,1,0.43668,-0.03645,0.92927,0.00442,1,1,0.01948,0.0707,0.60155,0.58355,0.10487,18.65939,1,0.48598,-0.01884,0.92927,0.00437,1,1,participant_30,question_2,No-Timer,True,Other
0.0,0,42,1,0.46128,-0.03123,0,0.8901,0.87593,0.09389,335,108.48222,1,0.45136,-0.07033,-0.04076,0.07428,0.61286,0.3253,0.09378,19.1601,1,0.43668,-0.03645,0.92927,0.00442,1,1,0.02003,0.07299,0.6199,0.58355,0.10484,18.73122,1,0.48589,-0.02601,0.93523,0.00434,1,1,participant_30,question_2,No-Timer,True,Other
0.0,0,42,1,0.45526,-0.05065,0,0.8901,0.87593,0.10027,335,108.48222,1,0.45161,-0.0691,-0.04076,0.07428,0.61286,0.32526,0.09354,19.42124,1,0.43164,-0.05683,0.93523,0.00422,1,1,0.02003,0.07299,0.6199,0.58325,0.10476,18.92893,1,0.47888,-0.04446,0.94119,0.00418,1,1,participant_30,question_2,No-Timer,True,Other
0.0,0,42,1,0.45112,-0.05815,0,0.8901,0.87593,0.10696,335,108.48222,1,0.45158,-0.06846,-0.04076,0.07428,0.61286,0.3252,0.09335,19.37974,1,0.42698,-0.06272,0.94119,0.00432,1,1,0.02003,0.07299,0.6199,0.58327,0.1047,18.87061,1,0.47526,-0.05359,0.94715,0.00419,1,1,participant_30,question_2,No-Timer,True,Other
0.0,0,42,1,0.45053,-0.06944,0,0.8901,0.87593,0.11391,335,108.48222,1,0.45152,-0.06851,-0.04534,0.08268,0.68177,0.32523,0.09354,19.48315,1,0.4261,-0.06997,0.94715,0.00424,1,1,0.02074,0.07576,0.64336,0.58323,0.10465,18.6093,1,0.47496,-0.06891,0.95972,0.00421,1,1,participant_30,question_2,No-Timer,True,Other
0.0,0,42,1,0.45238,-0.09387,0,0.8901,0.87593,0.12038,335,108.48222,1,0.45156,-0.06985,-0.04534,0.08268,0.68177,0.32516,0.09361,19.70991,1,0.43791,-0.09294,0.95972,0.00424,1,1,0.02074,0.07576,0.64336,0.58313,0.10462,18.78784,1,0.46684,-0.0948,0.96634,0.00433,1,1,participant_30,question_2,No-Timer,True,Other
0.0,0,42,1,0.44998,-0.08065,0,0.8901,0.87593,0.12709,335,108.48222,1,0.45148,-0.07039,-0.04534,0.08268,0.68177,0.32514,0.09364,19.77787,1,0.43723,-0.10303,0.96634,0.00425,1,1,0.02074,0.07576,0.64336,0.58312,0.10459,18.80901,1,0.46273,-0.05827,0.97296,0.00435,1,1,participant_30,question_2,No-Timer,True,Other
0.0,0,42,1,0.44887,-0.09666,0,0.8901,0.87593,0.13415,335,108.48222,1,0.45136,-0.07164,-0.0412,0.0751,0.61883,0.32512,0.09364,19.70325,1,0.43545,-0.11926,0.97958,0.00426,1,1,0.02074,0.0758,0.64336,0.583,0.10464,19.16367,1,0.46229,-0.07406,0.9862,0.00435,1,1,participant_30,question_2,No-Timer,True,Other
0.0,0,42,1,0.44412,-0.09994,0,0.8901,0.87593,0.14074,335,108.48222,1,0.45103,-0.07293,-0.0412,0.0751,0.61883,0.32489,0.09359,20.37928,1,0.43001,-0.10199,0.99282,0.00425,1,1,0.02074,0.0758,0.64336,0.58293,0.10443,19.00998,1,0.45823,-0.09789,0.99282,0.00444,1,1,participant_30,question_2,No-Timer,True,Other
0.0,0,42,1,0.44507,-0.11014,0,0.8901,0.87593,0.14716,335,108.48222,1,0.45077,-0.07454,-0.0412,0.0751,0.61883,0.32468,0.09342,20.1881,1,0.43255,-0.1106,0.99944,0.00425,1,1,0.02074,0.0758,0.64336,0.5829,0.10438,19.03625,1,0.45759,-0.10968,0.99944,0.00445,1,1,participant_30,question_2,No-Timer,True,Other
0.0,0,42,1,0.44463,-0.11409,0,0.8901,0.87593,0.15411,335,108.48222,1,0.45052,-0.07619,-0.0412,0.0751,0.61883,0.32467,0.09334,20.16485,1,0.43166,-0.1185,1.00606,0.00428,1,1,0.01994,0.07304,0.61989,0.58283,0.10445,18.94416,1,0.45759,-0.10968,0.99944,0.00444,1,1,participant_30,question_2,No-Timer,True,Other
0.0,0,42,1,0.44167,-0.11341,0,0.8901,0.87593,0.1608,335,108.48222,1,0.45016,-0.07768,-0.0412,0.0751,0.61883,0.32464,0.09333,20.16114,1,0.42528,-0.11126,0.99944,0.00428,1,1,0.01994,0.07304,0.61989,0.58276,0.10437,18.72804,1,0.45806,-0.11556,0.99282,0.00456,1,1,participant_30,question_2,No-Timer,True,Other
0.0,0,42,1,0.44117,-0.10424,0,0.8901,0.87593,0.16784,335,108.48222,1,0.44982,-0.0787,-0.0412,0.0751,0.61883,0.32471,0.09315,20.08258,1,0.42475,-0.10779,0.99282,0.00433,1,1,0.01994,0.07304,0.61989,0.58273,0.10434,18.81468,1,0.45758,-0.1007,0.9862,0.00453,1,1,participant_30,question_2,No-Timer,True,Other
0.0,0,42,1,0.44235,-0.08823,0,0.8901,0.87593,0.1743,335,108.48222,1,0.44954,-0.07905,-0.04114,0.07489,0.61718,0.32466,0.09321,20.10684,1,0.42664,-0.09192,0.97958,0.00432,1,1,0.02002,0.07337,0.6223,0.58277,0.10431,18.88775,1,0.45807,-0.08454,0.97296,0.0045,1,1,participant_30,question_2,No-Timer,True,Other
0.0,0,42,1,0.44085,-0.06049,0,0.8901,0.87593,0.181,335,108.48222,1,0.44923,-0.07839,-0.04114,0.07489,0.61718,0.32474,0.09316,20.13004,1,0.42743,-0.03444,0.96634,0.00435,1,1,0.02002,0.07337,0.6223,0.58276,0.10435,18.91669,1,0.45427,-0.08655,0.96634,0.0045,1,1,participant_30,question_2,No-Timer,True,Other
0.0,0,42,1,0.44445,-0.06155,0,0.8901,0.87593,0.18803,335,108.48222,1,0.44906,-0.07781,-0.04114,0.07489,0.61718,0.32474,0.09316,20.13004,1,0.43204,-0.03524,0.95972,0.00434,1,1,0.02002,0.07337,0.6223,0.58301,0.1043,19.46493,1,0.45686,-0.08787,0.95972,0.00423,1,1,participant_30,question_2,No-Timer,True,Other
0.0,0,42,1,0.44504,-0.0536,0,0.8901,0.87593,0.1944,335,108.48222,1,0.44893,-0.077,-0.04114,0.07489,0.61718,0.32474,0.09308,20.10995,1,0.43298,-0.02754,0.9531,0.00433,1,1,0.01994,0.07313,0.61989,0.58304,0.10423,20.08314,1,0.45711,-0.07966,0.9531,0.0042,1,1,participant_30,question_2,No-Timer,True,Other
0.0,0,42,1,0.4434,-0.03746,0,0.8901,0.87593,0.20125,335,108.48222,1,0.44875,-0.07573,-0.04114,0.07489,0.61718,0.32469,0.09296,20.25131,1,0.43175,-0.03668,0.9531,0.00449,1,1,0.01994,0.07313,0.61989,0.58284,0.10406,19.54855,1,0.45506,-0.03823,0.9531,0.00424,1,1,participant_30,question_2,No-Timer,True,Other
0.0,0,42,1,0.4411,-0.03597,0,0.8901,0.87593,0.20744,335,108.48222,1,0.44851,-0.07449,-0.04114,0.07489,0.61718,0.32471,0.09292,20.21863,1,0.43394,-0.0405,0.9531,0.00451,1,1,0.01994,0.07313,0.61989,0.58299,0.10404,19.37593,1,0.44825,-0.03145,0.9531,0.00424,1,1,participant_30,question_2,No-Timer,True,Other
0.0,0,42,1,0.4411,-0.03597,0,0.8901,0.87593,0.21437,335,108.48222,1,0.44829,-0.07332,-0.04114,0.07499,0.61718,0.32464,0.09313,20.23914,1,0.43394,-0.0405,0.9531,0.00459,1,1,0.02,0.07341,0.62183,0.58295,0.10393,19.43604,1,0.44825,-0.03145,0.9531,0.00424,1,1,participant_30,question_2,No-Timer,True,Other
0.0,0,42,1,0.44074,-0.07117,0,0.8901,0.87593,0.22086,335,108.48222,1,0.44807,-0.07326,-0.04114,0.07499,0.61718,0.32499,0.09253,21.19362,1,0.43775,-0.08441,0.9531,0.00429,1,1,0.02,0.07341,0.62183,0.58295,0.1039,19.39587,1,0.44372,-0.05793,0.9531,0.00439,1,1,participant_30,question_2,No-Timer,True,Other
0.0,0,42,1,0.44649,0.02182,0,0.8901,0.87593,0.22776,335,108.48222,1,0.44802,-0.07054,-0.04114,0.07499,0.61718,0.32513,0.09244,21.01243,1,0.45348,-0.01027,0.9531,0.00421,1,1,0.02,0.07341,0.62183,0.58289,0.10428,18.93665,1,0.4395,0.05391,0.9531,0.00406,1,1,participant_30,question_2,No-Timer,True,Other
0.0,0,42,1,0.44701,0.0285,0,0.8901,0.87593,0.23481,335,108.48222,1,0.44799,-0.06779,-0.17772,0.33331,2.73316,0.32522,0.0928,20.35122,1,0.4542,-0.00346,0.94715,0.00425,0,1,0.01993,0.07373,0.62262,0.58249,0.10322,19.34312,1,0.43983,0.06047,0.94715,0.00417,1,1,participant_30,question_2,No-Timer,True,Question
0.0,0,42,0,0.44701,0.0285,0,0.8901,0.87593,0.24095,335,108.48222,1,0.44799,-0.06779,-0.17772,0.33331,2.73316,0.32522,0.0928,20.35122,0,0.4542,-0.00346,0.94119,0.00425,0,0,0.01993,0.07373,0.62262,0.58249,0.10322,19.34312,0,0.43983,0.06047,0.94119,0.00417,1,0,participant_30,question_2,No-Timer,False,Question
0.0,0,42,0,0.44701,0.0285,0,0.8901,0.87593,0.24789,335,108.48222,1,0.44799,-0.06779,-0.17772,0.33331,2.73316,0.32522,0.0928,20.35122,0,0.4542,-0.00346,0.93523,0.00425,0,0,0.01993,0.07373,0.62262,0.58249,0.10322,19.34312,0,0.43983,0.06047,0.93523,0.00417,1,0,participant_30,question_2,No-Timer,False,Question
0.0,0,42,0,0.44701,0.0285,0,0.8901,0.87593,0.25435,335,108.48222,1,0.44799,-0.06779,-0.17772,0.33331,2.73316,0.32522,0.0928,20.35122,0,0.4542,-0.00346,0.92927,0.00425,0,0,0.01993,0.07373,0.62262,0.58249,0.10322,19.34312,0,0.43983,0.06047,0.92927,0.00417,1,0,participant_30,question_2,No-Timer,False,Question
0.0,0,42,0,0.44701,0.0285,0,0.8901,0.87593,0.25435,335,108.48222,0,0.44295,-0.05098,-0.17772,0.33331,2.73316,0.32522,0.0928,20.35122,0,0.4542,-0.00346,0.92927,0.00425,0,0,0.01993,0.07373,0.62262,0.58249,0.10322,19.34312,0,0.43983,0.06047,0.92927,0.00417,1,0,participant_30,question_2,No-Timer,False,Question
0.0,0,42,0,0.44701,0.0285,0,0.8901,0.87593,0.25435,335,108.48222,0,0.44295,-0.05098,-0.17772,0.33331,2.73316,0.32522,0.0928,20.35122,0,0.4542,-0.00346,0.92927,0.00425,0,0,0.01993,0.07373,0.62262,0.58249,0.10322,19.34312,0,0.43983,0.06047,0.92927,0.00417,1,0,participant_30,question_2,No-Timer,False,Question
0.0,0,42,0,0.44701,0.0285,0,0.8901,0.87593,0.25435,335,108.48222,0,0.44295,-0.05098,-0.17772,0.33331,2.73316,0.32522,0.0928,20.35122,0,0.4542,-0.00346,0.92927,0.00425,0,0,0.01993,0.07373,0.62262,0.58249,0.10322,19.34312,0,0.43983,0.06047,0.92927,0.00417,1,0,participant_30,question_2,No-Timer,False,Question
0.0,0,42,0,0.44701,0.0285,0,0.8901,0.87593,0.25435,335,108.48222,0,0.0,0.0,-0.17772,0.33331,2.73316,0.32522,0.0928,20.35122,0,0.4542,-0.00346,0.92927,0.00425,0,0,0.01993,0.07373,0.62262,0.58249,0.10322,19.34312,0,0.43983,0.06047,0.92927,0.00417,1,0,participant_30,question_2,No-Timer,False,Question
0.0,0,42,0,0.44701,0.0285,0,0.8901,0.87593,0.25435,335,108.48222,0,0.0,0.0,-0.17772,0.33331,2.73316,0.32522,0.0928,20.35122,0,0.4542,-0.00346,0.92927,0.00425,0,0,0.01993,0.07373,0.62262,0.58249,0.10322,19.34312,0,0.43983,0.06047,0.92927,0.00417,1,0,participant_30,question_2,No-Timer,False,Question
0.0,0,42,0,0.44701,0.0285,0,0.8901,0.87593,0.25435,335,108.48222,0,0.0,0.0,-0.17772,0.33331,2.73316,0.32522,0.0928,20.35122,0,0.4542,-0.00346,0.92927,0.00425,0,0,0.01993,0.07373,0.62262,0.58249,0.10322,19.34312,0,0.43983,0.06047,0.92927,0.00417,1,0,participant_30,question_2,No-Timer,False,Question
0.0,0,42,0,0.44701,0.0285,0,0.8901,0.87593,0.25435,335,108.48222,0,0.0,0.0,-0.17772,0.33331,2.73316,0.32522,0.0928,20.35122,0,0.4542,-0.00346,0.92927,0.00425,0,0,0.01993,0.07373,0.62262,0.58249,0.10322,19.34312,0,0.43983,0.06047,0.92927,0.00417,1,0,participant_30,question_2,No-Timer,False,Question
0.0,0,42,0,0.44701,0.0285,0,0.8901,0.87593,0.25435,335,108.48222,0,0.0,0.0,-0.17772,0.33331,2.73316,0.32522,0.0928,20.35122,0,0.4542,-0.00346,0.92927,0.00425,0,0,0.01993,0.07373,0.62262,0.58249,0.10322,19.34312,0,0.43983,0.06047,0.92927,0.00417,1,0,participant_30,question_2,No-Timer,False,Question
0.0,0,42,0,0.44701,0.0285,0,0.8901,0.87593,0.25435,335,108.48222,0,0.0,0.0,-0.17772,0.33331,2.73316,0.32522,0.0928,20.35122,0,0.4542,-0.00346,0.92927,0.00425,0,0,0.01993,0.07373,0.62262,0.58249,0.10322,19.34312,0,0.43983,0.06047,0.92927,0.00417,1,0,participant_30,question_2,No-Timer,False,Question
0.0,0,42,0,0.44701,0.0285,0,0.8901,0.87593,0.25435,335,108.48222,0,0.0,0.0,-0.17772,0.33331,2.73316,0.32522,0.0928,20.35122,0,0.4542,-0.00346,0.92927,0.00425,0,0,0.01993,0.07373,0.62262,0.58249,0.10322,19.34312,0,0.43983,0.06047,0.92927,0.00417,1,0,participant_30,question_2,No-Timer,False,Question
0.0,0,42,0,0.44701,0.0285,0,0.8901,0.87593,0.25435,335,108.48222,0,0.0,0.0,-0.17772,0.33331,2.73316,0.32522,0.0928,20.35122,0,0.4542,-0.00346,0.92927,0.00425,0,0,0.01993,0.07373,0.62262,0.58249,0.10322,19.34312,0,0.43983,0.06047,0.92927,0.00417,1,0,participant_30,question_2,No-Timer,False,Question
0.0,0,42,0,0.44701,0.0285,0,0.8901,0.87593,0.25435,335,108.48222,0,0.0,0.0,-0.17772,0.33331,2.73316,0.32522,0.0928,20.35122,0,0.4542,-0.00346,0.92927,0.00425,0,0,0.01993,0.07373,0.62262,0.58249,0.10322,19.34312,0,0.43983,0.06047,0.92927,0.00417,1,0,participant_30,question_2,No-Timer,False,Question
0.0,0,42,0,0.44701,0.0285,0,0.8901,0.87593,0.25435,335,108.48222,0,0.0,0.0,-0.17772,0.33331,2.73316,0.32522,0.0928,20.35122,0,0.4542,-0.00346,0.92927,0.00425,0,0,0.01993,0.07373,0.62262,0.58249,0.10322,19.34312,0,0.43983,0.06047,0.92927,0.00417,1,0,participant_30,question_2,No-Timer,False,Question
0.0,0,42,0,0.44701,0.0285,0,0.8901,0.87593,0.25435,335,108.48222,0,0.0,0.0,-0.17772,0.33331,2.73316,0.32522,0.0928,20.35122,0,0.4542,-0.00346,0.92927,0.00425,0,0,0.01993,0.07373,0.62262,0.58249,0.10322,19.34312,0,0.43983,0.06047,0.92927,0.00417,1,0,participant_30,question_2,No-Timer,False,Question
0.0,0,42,0,0.44701,0.0285,0,0.8901,0.87593,0.25435,335,108.48222,0,0.0,0.0,-0.17772,0.33331,2.73316,0.32522,0.0928,20.35122,0,0.4542,-0.00346,0.92927,0.00425,0,0,0.01993,0.07373,0.62262,0.58249,0.10322,19.34312,0,0.43983,0.06047,0.92927,0.00417,1,0,participant_30,question_2,No-Timer,False,Question
0.0,0,42,0,0.44701,0.0285,0,0.8901,0.87593,0.25435,335,108.48222,0,0.0,0.0,-0.17772,0.33331,2.73316,0.32522,0.0928,20.35122,0,0.4542,-0.00346,0.92927,0.00425,0,0,0.01993,0.07373,0.62262,0.58249,0.10322,19.34312,0,0.43983,0.06047,0.92927,0.00417,1,0,participant_30,question_2,No-Timer,False,Question
0.0,0,42,0,0.44701,0.0285,0,0.8901,0.87593,0.25435,335,108.48222,0,0.0,0.0,-0.17772,0.33331,2.73316,0.32522,0.0928,20.35122,0,0.4542,-0.00346,0.92927,0.00425,0,0,0.01993,0.07373,0.62262,0.58249,0.10322,19.34312,0,0.43983,0.06047,0.92927,0.00417,1,0,participant_30,question_2,No-Timer,False,Question
0.0,0,42,0,0.44701,0.0285,0,0.8901,0.87593,0.25435,335,108.48222,0,0.0,0.0,-0.17772,0.33331,2.73316,0.32522,0.0928,20.35122,0,0.4542,-0.00346,0.92927,0.00425,0,0,0.01993,0.07373,0.62262,0.58249,0.10322,19.34312,0,0.43983,0.06047,0.92927,0.00417,1,0,participant_30,question_2,No-Timer,False,Question
0.0,0,42,0,0.44701,0.0285,0,0.8901,0.87593,0.25435,335,108.48222,0,0.0,0.0,-0.17772,0.33331,2.73316,0.32522,0.0928,20.35122,0,0.4542,-0.00346,0.92927,0.00425,0,0,0.01993,0.07373,0.62262,0.58249,0.10322,19.34312,0,0.43983,0.06047,0.92927,0.00417,1,0,participant_30,question_2,No-Timer,False,Question
0.0,0,42,0,0.44701,0.0285,0,0.8901,0.87593,0.25435,335,108.48222,0,0.0,0.0,-0.17772,0.33331,2.73316,0.32522,0.0928,20.35122,0,0.4542,-0.00346,0.92927,0.00425,0,0,0.01993,0.07373,0.62262,0.58249,0.10322,19.34312,0,0.43983,0.06047,0.92927,0.00417,1,0,participant_30,question_2,No-Timer,False,Question
0.0,0,42,0,0.44701,0.0285,0,0.8901,0.87593,0.25435,335,108.48222,0,0.0,0.0,-0.17772,0.33331,2.73316,0.32522,0.0928,20.35122,0,0.4542,-0.00346,0.92927,0.00425,0,0,0.01993,0.07373,0.62262,0.58249,0.10322,19.34312,0,0.43983,0.06047,0.92927,0.00417,1,0,participant_30,question_2,No-Timer,False,Question
0.0,0,42,1,0.46395,-0.00466,0,0.8901,0.87593,0.25435,335,108.48222,0,0.46395,-0.00466,-0.17772,0.33331,2.73316,0.32643,0.09243,20.1972,1,0.46395,-0.00466,0.92927,0.00431,0,1,0.01993,0.07373,0.62262,0.58249,0.10322,19.34312,0,0.43983,0.06047,0.92927,0.00417,1,0,participant_30,question_2,No-Timer,True,Other
0.0,0,42,1,0.48467,-0.0139,0,0.8901,0.87593,0.25435,335,108.48222,0,0.47431,-0.00928,-0.17772,0.33331,2.73316,0.32643,0.09243,20.1972,1,0.46418,-0.00142,0.92927,0.00429,0,1,0.01993,0.07373,0.62262,0.58466,0.1035,19.71821,1,0.50516,-0.02637,0.92927,0.00433,1,1,participant_30,question_2,No-Timer,True,Other
0.0,0,42,1,0.48434,-0.02496,0,0.8901,0.87593,0.25435,335,108.48222,0,0.47765,-0.01451,-0.0416,0.07638,0.62828,0.32644,0.09243,20.14813,1,0.4635,-0.00835,0.93523,0.00429,1,1,0.02086,0.07567,0.64097,0.58481,0.10376,19.76295,1,0.50518,-0.04157,0.94185,0.0044,1,1,participant_30,question_2,No-Timer,True,Other
0.0,0,42,1,0.4887,-0.05001,0,0.8901,0.87593,0.0201,336,108.8839,1,0.48041,-0.02338,-0.0416,0.07638,0.62828,0.32643,0.09244,20.30212,1,0.46448,-0.04353,0.94781,0.00429,1,1,0.02086,0.07567,0.64097,0.58479,0.10379,19.68396,1,0.51291,-0.0565,0.95443,0.0044,1,1,participant_30,question_2,No-Timer,True,Other
0.0,0,42,1,0.48539,-0.07124,0,0.8901,0.87593,0.02682,336,108.8839,1,0.48141,-0.03296,-0.0416,0.07638,0.62828,0.32646,0.09244,20.33197,1,0.46127,-0.0666,0.96038,0.00426,1,1,0.02086,0.07567,0.64097,0.58471,0.10358,19.70888,1,0.50952,-0.07589,0.967,0.00432,1,1,participant_30,question_2,No-Timer,True,Other
0.0,0,42,1,0.48435,-0.09032,0,0.8901,0.87593,0.03351,336,108.8839,1,0.4819,-0.04252,-0.0412,0.07562,0.6216,0.32646,0.09244,20.33197,1,0.45911,-0.08951,0.97958,0.00426,1,1,0.02021,0.07316,0.61978,0.58468,0.10353,19.7618,1,0.50959,-0.09113,0.97958,0.00432,1,1,participant_30,question_2,No-Timer,True,Other
0.0,0,42,1,0.48547,-0.09794,0,0.8901,0.87593,0.04057,336,108.8839,1,0.48241,-0.05043,-0.0412,0.07562,0.6216,0.32648,0.09228,19.83247,1,0.45756,-0.10325,0.9862,0.00432,1,1,0.02021,0.07316,0.61978,0.58472,0.10366,19.78457,1,0.51339,-0.09263,0.97958,0.0043,1,1,participant_30,question_2,No-Timer,True,Other
0.0,0,42,1,0.48623,-0.09849,0,0.8901,0.87593,0.04713,336,108.8839,1,0.48289,-0.05644,-0.0412,0.07562,0.6216,0.32657,0.09216,20.02336,1,0.45672,-0.09712,0.9862,0.00434,1,1,0.02021,0.07316,0.61978,0.58472,0.10349,19.69542,1,0.51574,-0.09986,0.97958,0.00437,1,1,participant_30,question_2,No-Timer,True,Other
0.0,0,42,1,0.48623,-0.09849,0,0.8901,0.87593,0.05363,336,108.8839,1,0.48326,-0.06111,-0.0412,0.07562,0.6216,0.32647,0.09202,20.0037,1,0.45672,-0.09712,0.9862,0.00427,1,1,0.02021,0.07316,0.61978,0.58475,0.10351,19.64896,1,0.51574,-0.09986,0.97958,0.00436,1,1,participant_30,question_2,No-Timer,True,Other
0.0,0,42,1,0.48896,-0.09314,0,0.8901,0.87593,0.06072,336,108.8839,1,0.48383,-0.06431,-0.0412,0.07562,0.6216,0.3265,0.09216,19.88482,1,0.45886,-0.10983,0.97958,0.00438,1,1,0.02021,0.07316,0.61978,0.5847,0.10343,19.66404,1,0.51906,-0.07644,0.97958,0.00438,1,1,participant_30,question_2,No-Timer,True,Other
0.0,0,42,1,0.49007,-0.08029,0,0.8901,0.87593,0.06746,336,108.8839,1,0.4844,-0.06577,-0.0412,0.07562,0.6216,0.32654,0.09214,19.49031,1,0.4648,-0.0999,0.97958,0.00441,1,1,0.02021,0.07316,0.61978,0.58477,0.10361,19.55644,1,0.51534,-0.06068,0.97958,0.00443,1,1,participant_30,question_2,No-Timer,True,Other
0.0,0,42,1,0.49039,-0.0724,0,0.8901,0.87593,0.0744,336,108.8839,1,0.4849,-0.06632,-0.04207,0.0773,0.6354,0.32658,0.09213,19.62887,1,0.46551,-0.09194,0.97296,0.00441,1,1,0.02042,0.07395,0.62606,0.58464,0.10364,19.76078,1,0.51527,-0.05287,0.97296,0.00442,1,1,participant_30,question_2,No-Timer,True,Other
0.0,0,42,1,0.49271,-0.0582,0,0.8901,0.87593,0.0808,336,108.8839,1,0.4855,-0.0657,-0.04207,0.0773,0.6354,0.32659,0.09215,19.62591,1,0.46898,-0.05526,0.96634,0.0044,1,1,0.02042,0.07395,0.62606,0.58474,0.10363,19.64736,1,0.51644,-0.06115,0.96634,0.00447,1,1,participant_30,question_2,No-Timer,True,Other
0.0,0,42,1,0.49531,-0.04294,0,0.8901,0.87593,0.08735,336,108.8839,1,0.4862,-0.06407,-0.04207,0.0773,0.6354,0.32657,0.09217,19.61355,1,0.47361,-0.04136,0.95972,0.00441,1,1,0.02042,0.07395,0.62606,0.5847,0.10353,19.61349,1,0.51701,-0.04451,0.95972,0.00444,1,1,participant_30,question_2,No-Timer,True,Other
0.0,0,42,1,0.49561,-0.03515,0,0.8901,0.87593,0.09385,336,108.8839,1,0.48683,-0.06214,-0.04207,0.0773,0.6354,0.32662,0.09209,19.53951,1,0.47428,-0.03364,0.9531,0.00444,1,1,0.02042,0.07395,0.62606,0.58474,0.10363,19.64736,1,0.51693,-0.03665,0.9531,0.00447,1,1,participant_30,question_2,No-Timer,True,Other
0.0,0,42,1,0.48194,-0.04301,0,0.8901,0.87593,0.10074,336,108.8839,1,0.48652,-0.06095,-0.04207,0.0773,0.6354,0.32668,0.09212,19.36599,1,0.47154,-0.03785,0.9531,0.00445,1,1,0.02042,0.07395,0.62606,0.58477,0.10347,19.63858,1,0.49234,-0.04818,0.9531,0.00437,1,1,participant_30,question_2,No-Timer,True,Other
0.0,0,42,1,0.48727,-0.03858,0,0.8901,0.87593,0.10743,336,108.8839,1,0.48656,-0.05963,-0.04207,0.0773,0.6354,0.32666,0.0921,19.38659,1,0.47542,-0.03933,0.9531,0.00445,1,1,0.02042,0.07395,0.62606,0.58492,0.10348,19.47319,1,0.49912,-0.03783,0.9531,0.00437,1,1,participant_30,question_2,No-Timer,True,Other
0.0,0,42,1,0.48759,-0.02799,0,0.8901,0.87593,0.11433,336,108.8839,1,0.48662,-0.05787,-0.17694,0.33257,2.7338,0.32668,0.09203,19.32189,1,0.47602,-0.03235,0.94715,0.00448,0,1,0.01991,0.07196,0.60921,0.58509,0.1035,19.09251,1,0.49916,-0.02364,0.94119,0.00438,1,1,participant_30,question_2,No-Timer,True,Other
0.0,0,42,1,0.48975,-0.01,0,0.8901,0.87593,0.12086,336,108.8839,1,0.48679,-0.05535,-0.17694,0.33257,2.7338,0.32671,0.09192,19.41648,1,0.47748,-0.01216,0.93523,0.00444,0,1,0.01991,0.07196,0.60921,0.58503,0.10346,18.9291,1,0.50201,-0.00784,0.92927,0.00454,1,1,participant_30,question_2,No-Timer,True,Other
0.0,0,42,1,0.48847,-0.00373,0,0.8901,0.87593,0.12731,336,108.8839,1,0.48687,-0.05277,-0.17694,0.33257,2.7338,0.3268,0.09198,19.58975,1,0.48151,-0.00202,0.92332,0.00446,0,1,0.01991,0.07196,0.60921,0.58515,0.10361,19.10377,1,0.49543,-0.00544,0.91736,0.00444,1,1,participant_30,question_2,No-Timer,True,Other
0.0,0,42,1,0.48878,0.00333,0,0.8901,0.87593,0.13439,336,108.8839,1,0.48696,-0.0501,-0.04082,0.07523,0.61803,0.32684,0.09196,19.70722,1,0.48209,0.00495,0.91736,0.00445,1,1,0.01991,0.07196,0.60921,0.58517,0.1035,19.16838,1,0.49547,0.00172,0.9114,0.00438,1,1,participant_30,question_2,No-Timer,True,Other
0.0,0,42,1,0.48819,0.00382,0,0.8901,0.87593,0.14092,336,108.8839,1,0.48702,-0.04765,-0.04082,0.07523,0.61803,0.32682,0.09197,19.75154,1,0.48869,0.00062,0.91736,0.00445,1,1,0.01991,0.07196,0.60921,0.58518,0.10326,19.11581,1,0.48769,0.00702,0.91736,0.00442,1,1,participant_30,question_2,No-Timer,True,Other
0.0,0,42,1,0.48543,-0.00567,0,0.8901,0.87593,0.14763,336,108.8839,1,0.48695,-0.04582,-0.04082,0.07523,0.61803,0.32687,0.09202,19.98416,1,0.48857,-0.00824,0.92332,0.00443,1,1,0.01991,0.07196,0.60921,0.58513,0.1032,18.85205,1,0.4823,-0.0031,0.92332,0.00443,1,1,participant_30,question_2,No-Timer,True,Other
0.0,0,42,1,0.48511,-0.01273,0,0.8901,0.87593,0.15453,336,108.8839,1,0.48687,-0.04445,-0.04082,0.07523,0.61803,0.32688,0.09203,19.97584,1,0.48803,-0.01524,0.92927,0.00443,1,1,0.01991,0.07196,0.60921,0.58511,0.10333,18.93948,1,0.48219,-0.01021,0.92927,0.00438,1,1,participant_30,question_2,No-Timer,True,Other
0.0,0,42,1,0.48821,-0.00801,0,0.8901,0.87593,0.16107,336,108.8839,1,0.48692,-0.04299,-0.04082,0.07523,0.61803,0.32692,0.09209,19.97368,1,0.49195,-0.01145,0.92927,0.00442,1,1,0.01991,0.07196,0.60921,0.58506,0.10314,19.05352,1,0.48447,-0.00456,0.92927,0.00444,1,1,participant_30,question_2,No-Timer,True,Other
0.0,0,42,1,0.47737,-0.01357,0,0.8901,0.87593,0.16107,336,108.8839,0,0.48698,-0.01594,-0.04082,0.07523,0.61803,0.32692,0.09209,19.97368,1,0.46867,-0.01753,0.92927,0.00442,1,1,0.01991,0.07196,0.60921,0.58506,0.10314,19.05352,1,0.48608,-0.0096,0.92927,0.00444,1,1,participant_30,question_2,No-Timer,True,Other
0.0,0,42,1,0.47733,-0.01712,0,0.8901,0.87593,0.16107,336,108.8839,0,0.48215,-0.01653,-0.04126,0.07604,0.62467,0.32692,0.09209,19.97368,1,0.46867,-0.01753,0.92927,0.00442,1,1,0.02036,0.0734,0.62141,0.58506,0.10313,19.04452,1,0.48599,-0.01671,0.93523,0.00444,1,1,participant_30,question_2,No-Timer,True,Other
0.0,0,42,1,0.4833,-0.02609,0,0.8901,0.87593,0.16107,336,108.8839,0,0.48254,-0.01972,-0.04126,0.07604,0.62467,0.32713,0.09214,20.27162,1,0.47344,-0.02791,0.93523,0.00447,1,1,0.02036,0.0734,0.62141,0.58516,0.10329,19.40689,1,0.49316,-0.02427,0.94119,0.00443,1,1,participant_30,question_2,No-Timer,True,Other
0.0,0,42,1,0.4819,-0.02295,0,0.8901,0.87593,0.01988,337,109.05162,1,0.48238,-0.02053,-0.04126,0.07604,0.62467,0.32708,0.09223,20.20352,1,0.47291,-0.01887,0.94119,0.00445,1,1,0.02036,0.0734,0.62141,0.58514,0.10332,19.20033,1,0.49088,-0.02703,0.94715,0.00451,1,1,participant_30,question_2,No-Timer,True,Other
0.0,0,42,1,0.48117,-0.03775,0,0.8901,0.87593,0.02677,337,109.05162,1,0.48214,-0.02397,-0.04204,0.07756,0.63718,0.32715,0.09217,20.21733,1,0.4716,-0.03353,0.95376,0.00446,1,1,0.02036,0.07336,0.62141,0.58516,0.10332,19.33825,1,0.49075,-0.04198,0.95972,0.00447,1,1,participant_30,question_2,No-Timer,True,Other
0.0,0,42,1,0.48558,-0.05219,0,0.8901,0.87593,0.03361,337,109.05162,1,0.48271,-0.02867,-0.04204,0.07756,0.63718,0.32706,0.09202,20.02396,1,0.47801,-0.0578,0.96634,0.00444,1,1,0.02036,0.07336,0.62141,0.58507,0.10348,19.37414,1,0.49314,-0.04658,0.96634,0.00452,1,1,participant_30,question_2,No-Timer,True,Other
0.0,0,42,1,0.48783,-0.05217,0,0.8901,0.87593,0.04018,337,109.05162,1,0.48344,-0.03203,-0.04204,0.07756,0.63718,0.32706,0.09208,19.99418,1,0.48079,-0.06003,0.97296,0.00443,1,1,0.02036,0.07336,0.62141,0.58514,0.10345,19.35098,1,0.49486,-0.04432,0.97296,0.00447,1,1,participant_30,question_2,No-Timer,True,Other
0.0,0,42,1,0.48749,-0.05993,0,0.8901,0.87593,0.04709,337,109.05162,1,0.48395,-0.03552,-0.04204,0.07756,0.63718,0.32707,0.09206,19.94921,1,0.48017,-0.06777,0.97958,0.00443,1,1,0.02036,0.07336,0.62141,0.58516,0.10334,19.28656,1,0.49482,-0.05209,0.97958,0.00451,1,1,participant_30,question_2,No-Timer,True,Other
0.0,0,42,1,0.48977,-0.05719,0,0.8901,0.87593,0.05357,337,109.05162,1,0.48459,-0.03793,-0.04204,0.07756,0.63718,0.32713,0.09194,20.15247,1,0.4814,-0.06546,0.97958,0.0044,1,1,0.02036,0.07336,0.62141,0.58506,0.10353,19.31813,1,0.49813,-0.04892,0.97958,0.00458,1,1,participant_30,question_2,No-Timer,True,Other
0.0,0,42,1,0.48933,-0.05843,0,0.8901,0.87593,0.06007,337,109.05162,1,0.48507,-0.03998,-0.04204,0.07756,0.63718,0.32709,0.09188,20.09376,1,0.47668,-0.06532,0.97958,0.00447,1,1,0.02036,0.07336,0.62141,0.58504,0.10353,19.4064,1,0.50197,-0.05153,0.97958,0.00456,1,1,participant_30,question_2,No-Timer,True,Other
0.0,0,42,1,0.48933,-0.05843,0,0.8901,0.87593,0.06676,337,109.05162,1,0.48545,-0.04165,-0.04219,0.07779,0.63947,0.32716,0.09183,20.30936,1,0.47668,-0.06532,0.97958,0.0044,1,1,0.02036,0.07336,0.62141,0.58504,0.10353,19.4064,1,0.50197,-0.05153,0.97958,0.00456,1,1,participant_30,question_2,No-Timer,True,Other
0.0,0,42,1,0.49027,-0.05388,0,0.8901,0.87593,0.07373,337,109.05162,1,0.48586,-0.04267,-0.04219,0.07779,0.63947,0.32716,0.09192,20.36253,1,0.4814,-0.05595,0.97958,0.00436,1,1,0.02036,0.07336,0.62141,0.58502,0.10355,19.46987,1,0.49914,-0.05181,0.97958,0.00456,1,1,participant_30,question_2,No-Timer,True,Other
0.0,0,42,1,0.48965,-0.05327,0,0.8901,0.87593,0.08015,337,109.05162,1,0.48615,-0.04349,-0.04219,0.07779,0.63947,0.32718,0.0918,20.4376,1,0.48155,-0.0627,0.97958,0.0043,1,1,0.02036,0.07336,0.62141,0.58504,0.10366,19.54971,1,0.49775,-0.04384,0.97958,0.00451,1,1,participant_30,question_2,No-Timer,True,Other
0.0,0,42,1,0.48965,-0.05327,0,0.8901,0.87593,0.08685,337,109.05162,1,0.4864,-0.04419,-0.04219,0.07779,0.63947,0.32718,0.0919,20.30155,1,0.48155,-0.0627,0.97958,0.00437,1,1,0.02036,0.07336,0.62141,0.58504,0.10366,19.54971,1,0.49775,-0.04384,0.97958,0.00451,1,1,participant_30,question_2,No-Timer,True,Other
0.0,0,42,1,0.48519,-0.05567,0,0.8901,0.87593,0.09383,337,109.05162,1,0.48632,-0.04495,-0.04219,0.07779,0.63947,0.3272,0.09196,20.66485,1,0.47966,-0.05982,0.97958,0.00434,1,1,0.02036,0.07336,0.62141,0.58509,0.10372,19.54054,1,0.49073,-0.05152,0.97958,0.00453,1,1,participant_30,question_2,No-Timer,True,Other
0.0,0,42,1,0.49044,-0.05701,0,0.8901,0.87593,0.10025,337,109.05162,1,0.48658,-0.0457,-0.04219,0.07779,0.63947,0.32722,0.09213,20.78331,1,0.47883,-0.0628,0.97958,0.00427,1,1,0.02036,0.07336,0.62141,0.58501,0.10363,19.35049,1,0.50206,-0.05122,0.97958,0.00453,1,1,participant_30,question_2,No-Timer,True,Other
0.0,0,42,1,0.49044,-0.05701,0,0.8901,0.87593,0.10693,337,109.05162,1,0.4868,-0.04637,-0.04219,0.07779,0.63947,0.32725,0.09216,20.73006,1,0.47883,-0.0628,0.97958,0.00428,1,1,0.02036,0.07336,0.62141,0.58501,0.10363,19.35049,1,0.50206,-0.05122,0.97958,0.00453,1,1,participant_30,question_2,No-Timer,True,Other
0.0,0,42,1,0.48912,-0.05293,0,0.8901,0.87593,0.11398,337,109.05162,1,0.48693,-0.04673,-0.04219,0.07779,0.63947,0.32721,0.09207,20.66545,1,0.48166,-0.05897,0.97958,0.00433,1,1,0.02036,0.07336,0.62141,0.58508,0.10362,19.47178,1,0.49658,-0.04689,0.97958,0.00457,1,1,participant_30,question_2,No-Timer,True,Other
0.0,0,42,1,0.48912,-0.05246,0,0.8901,0.87593,0.12056,337,109.05162,1,0.48705,-0.04704,-0.04219,0.07779,0.63947,0.32725,0.09218,20.71157,1,0.47877,-0.05819,0.97958,0.00427,1,1,0.02036,0.07336,0.62141,0.58509,0.10372,19.54054,1,0.49948,-0.04674,0.97958,0.00453,1,1,participant_30,question_2,No-Timer,True,Other
0.0,0,42,1,0.48912,-0.05246,0,0.8901,0.87593,0.12764,337,109.05162,1,0.48715,-0.04731,-0.04219,0.07779,0.63947,0.32723,0.0922,20.77057,1,0.47877,-0.05819,0.97958,0.00426,1,1,0.02036,0.07336,0.62141,0.58524,0.10384,19.98272,1,0.49948,-0.04674,0.97958,0.0045,1,1,participant_30,question_2,No-Timer,True,Other
0.0,0,42,1,0.4889,-0.05129,0,0.8901,0.87593,0.13409,337,109.05162,1,0.48723,-0.0475,-0.04219,0.07779,0.63947,0.32723,0.09222,20.73267,1,0.48,-0.05621,0.97958,0.00427,1,1,0.02036,0.07336,0.62141,0.58524,0.10388,19.96867,1,0.49779,-0.04638,0.97958,0.00451,1,1,participant_30,question_2,No-Timer,True,Other
0.0,0,42,1,0.49043,-0.05157,0,0.8901,0.87593,0.14087,337,109.05162,1,0.48738,-0.04768,-0.04219,0.07779,0.63947,0.32723,0.09222,20.73267,1,0.48107,-0.05628,0.97958,0.00427,1,1,0.02036,0.07336,0.62141,0.58517,0.10401,19.951,1,0.4998,-0.04687,0.97958,0.00447,1,1,participant_30,question_2,No-Timer,True,Other
0.0,0,42,1,0.49043,-0.05157,0,0.8901,0.87593,0.14735,337,109.05162,1,0.48751,-0.04785,-0.04219,0.07779,0.63947,0.32723,0.09222,20.73267,1,0.48107,-0.05628,0.97958,0.00427,1,1,0.02036,0.07336,0.62141,0.5851,0.10376,19.52064,1,0.4998,-0.04687,0.97958,0.00454,1,1,participant_30,question_2,No-Timer,True,Other
0.0,0,42,1,0.48915,-0.07516,0,0.8901,0.87593,0.15384,337,109.05162,1,0.48758,-0.04899,-0.04219,0.07779,0.63947,0.32723,0.09222,20.73267,1,0.47821,-0.06049,0.97958,0.00427,1,1,0.02036,0.07336,0.62141,0.58524,0.10393,20.06571,1,0.50009,-0.08983,0.97958,0.00446,1,1,participant_30,question_2,No-Timer,True,Other
0.0,0,42,1,0.48401,-0.04829,0,0.8901,0.87593,0.1608,337,109.05162,1,0.48744,-0.04896,-0.04219,0.07779,0.63947,0.32723,0.0922,20.77057,1,0.48107,-0.05628,0.97958,0.00426,1,1,0.02036,0.07336,0.62141,0.58524,0.10393,20.06571,1,0.48695,-0.04031,0.97958,0.00446,1,1,participant_30,question_2,No-Timer,True,Other
0.0,0,42,1,0.48401,-0.04829,0,0.8901,0.87593,0.16724,337,109.05162,1,0.48731,-0.04894,-0.04219,0.07779,0.63947,0.32723,0.0922,20.77057,1,0.48107,-0.05628,0.97958,0.00426,1,1,0.02036,0.07336,0.62141,0.58526,0.10394,20.11883,1,0.48695,-0.04031,0.97958,0.00444,1,1,participant_30,question_2,No-Timer,True,Other
0.0,0,42,1,0.48917,-0.04779,0,0.8901,0.87593,0.17393,337,109.05162,1,0.48737,-0.04889,-0.04219,0.07779,0.63947,0.32723,0.09222,20.73267,1,0.48025,-0.05082,0.97958,0.00427,1,1,0.02036,0.07336,0.62141,0.58526,0.10394,20.11883,1,0.49809,-0.04476,0.97958,0.00444,1,1,participant_30,question_2,No-Timer,True,Other
0.0,0,42,1,0.48876,-0.0532,0,0.8901,0.87593,0.18094,337,109.05162,1,0.48742,-0.04905,-0.04219,0.07779,0.63947,0.32723,0.09222,20.73267,1,0.48145,-0.05198,0.97958,0.00427,1,1,0.02036,0.07336,0.62141,0.58525,0.10398,20.05865,1,0.49607,-0.05442,0.97958,0.00445,1,1,participant_30,question_2,No-Timer,True,Other
0.0,0,42,1,0.48876,-0.0532,0,0.8901,0.87593,0.18792,337,109.05162,1,0.48747,-0.04919,-0.04219,0.07779,0.63947,0.32723,0.09222,20.73267,1,0.48145,-0.05198,0.97958,0.00427,1,1,0.02036,0.07336,0.62141,0.58525,0.10398,20.05865,1,0.49607,-0.05442,0.97958,0.00445,1,1,participant_30,question_2,No-Timer,True,Other
0.0,0,42,1,0.48842,-0.05112,0,0.8901,0.87593,0.19403,337,109.05162,1,0.4875,-0.04925,-0.04219,0.07779,0.63947,0.3272,0.09223,20.62521,1,0.48037,-0.04781,0.97958,0.00428,1,1,0.02036,0.07336,0.62141,0.58504,0.1038,19.56686,1,0.49648,-0.05443,0.97958,0.00443,1,1,participant_30,question_2,No-Timer,True,Other
0.0,0,42,1,0.48507,-0.05279,0,0.8901,0.87593,0.20096,337,109.05162,1,0.48742,-0.04937,-0.04219,0.07779,0.63947,0.32721,0.09222,20.5625,1,0.47448,-0.0512,0.97958,0.00428,1,1,0.02036,0.07336,0.62141,0.58504,0.1038,19.56686,1,0.49566,-0.05438,0.97958,0.00443,1,1,participant_30,question_2,No-Timer,True,Other
0.0,0,42,1,0.48507,-0.05279,0,0.8901,0.87593,0.20764,337,109.05162,1,0.48735,-0.04948,-0.04219,0.07779,0.63947,0.32721,0.09222,20.5625,1,0.47448,-0.0512,0.97958,0.00428,1,1,0.02036,0.07336,0.62141,0.58504,0.1038,19.56686,1,0.49566,-0.05438,0.97958,0.00443,1,1,participant_30,question_2,No-Timer,True,Other
0.0,0,42,1,0.48939,-0.04713,0,0.8901,0.87593,0.21455,337,109.05162,1,0.48741,-0.0494,-0.04219,0.07779,0.63947,0.32715,0.09229,20.45292,1,0.48167,-0.04055,0.97958,0.00427,1,1,0.02036,0.07336,0.62141,0.58504,0.1038,19.56686,1,0.49712,-0.05371,0.97958,0.00442,1,1,participant_30,question_2,No-Timer,True,Other
0.0,0,42,1,0.48457,-0.04919,0,0.8901,0.87593,0.22109,337,109.05162,1,0.48733,-0.0494,-0.04219,0.07779,0.63947,0.32715,0.09229,20.45292,1,0.47711,-0.04415,0.97958,0.00427,1,1,0.02036,0.07336,0.62141,0.58503,0.10384,19.54904,1,0.49202,-0.05423,0.97958,0.00441,1,1,participant_30,question_2,No-Timer,True,Other
0.0,0,42,1,0.48457,-0.04919,0,0.8901,0.87593,0.22775,337,109.05162,1,0.48725,-0.04939,-0.04219,0.07779,0.63947,0.32719,0.09222,20.51942,1,0.47711,-0.04415,0.97958,0.00426,1,1,0.02036,0.07336,0.62141,0.58503,0.10384,19.54904,1,0.49202,-0.05423,0.97958,0.00441,1,1,participant_30,question_2,No-Timer,True,Other
0.0,0,42,1,0.48844,-0.04693,0,0.8901,0.87593,0.23424,337,109.05162,1,0.48728,-0.04932,-0.04219,0.07779,0.63947,0.3272,0.0922,20.46099,1,0.47967,-0.04313,0.97958,0.00427,1,1,0.02036,0.07336,0.62141,0.58504,0.10383,19.42499,1,0.49722,-0.05074,0.97958,0.00444,1,1,participant_30,question_2,No-Timer,True,Other
0.0,0,42,1,0.48806,-0.05061,0,0.8901,0.87593,0.24115,337,109.05162,1,0.4873,-0.04936,-0.04219,0.07779,0.63947,0.32719,0.09222,20.51942,1,0.48196,-0.04317,0.97958,0.00426,1,1,0.02036,0.07336,0.62141,0.58515,0.1036,19.39025,1,0.49416,-0.05806,0.97958,0.0044,1,1,participant_30,question_2,No-Timer,True,Other
0.0,0,42,1,0.48806,-0.05061,0,0.8901,0.87593,0.24783,337,109.05162,1,0.48732,-0.04939,-0.04219,0.07779,0.63947,0.32719,0.09216,20.46702,1,0.48196,-0.04317,0.97958,0.00425,1,1,0.02036,0.07336,0.62141,0.58517,0.10363,19.32572,1,0.49416,-0.05806,0.97958,0.00438,1,1,participant_30,question_2,No-Timer,True,Other
0.0,0,42,1,0.49052,-0.05163,0,0.8901,0.87593,0.25455,337,109.05162,1,0.48741,-0.04945,-0.04219,0.07779,0.63947,0.32723,0.09219,20.50008,1,0.48434,-0.04405,0.97958,0.00427,1,1,0.02036,0.07336,0.62141,0.58525,0.1036,18.99019,1,0.49671,-0.05922,0.97958,0.00439,1,1,participant_30,question_2,No-Timer,True,Other
0.0,0,42,1,0.49642,-0.04518,0,0.8901,0.87593,0.26129,337,109.05162,1,0.48763,-0.04934,-0.04219,0.07779,0.63947,0.32779,0.09236,20.16185,1,0.47984,-0.04825,0.97958,0.00437,1,1,0.02036,0.07336,0.62141,0.58549,0.10369,19.68297,1,0.51299,-0.04212,0.97958,0.00438,1,1,participant_30,question_2,No-Timer,True,Other
0.0,0,42,1,0.49639,-0.04172,0,0.8901,0.87593,0.26794,337,109.05162,1,0.48784,-0.04916,-0.04191,0.07762,0.63809,0.32772,0.09241,19.92413,1,0.47984,-0.04825,0.97958,0.00436,1,1,0.02008,0.07186,0.60876,0.58568,0.10385,19.23142,1,0.51294,-0.0352,0.97362,0.00443,1,1,participant_30,question_2,No-Timer,True,Other
0.0,0,42,1,0.53398,-0.01704,0,0.8901,0.87593,0.27465,337,109.05162,1,0.48894,-0.04839,-0.04191,0.07762,0.63809,0.32904,0.09218,20.26609,1,0.52516,-0.01903,0.97362,0.00426,1,1,0.02008,0.07186,0.60876,0.58667,0.1042,19.48525,1,0.5428,-0.01505,0.96767,0.00439,1,1,participant_30,question_2,No-Timer,True,Other
0.0,0,42,1,0.54331,-0.01394,0,0.8901,0.87593,0.28193,337,109.05162,1,0.49021,-0.04759,-0.04191,0.07762,0.63809,0.32915,0.09228,20.09224,1,0.5387,-0.01298,0.96767,0.00425,1,1,0.02008,0.07186,0.60876,0.58662,0.10391,19.01385,1,0.54793,-0.01489,0.96171,0.00441,1,1,participant_30,question_2,No-Timer,True,Other
0.0,0,42,1,0.54344,0.00369,0,0.8901,0.87593,0.28825,337,109.05162,1,0.49142,-0.04643,-0.03971,0.07373,0.60605,0.32932,0.09233,20.04276,1,0.53943,0.0078,0.94913,0.00423,1,1,0.02043,0.07294,0.6179,0.58666,0.10385,19.02124,1,0.54745,-0.00042,0.94913,0.00442,1,1,participant_30,question_2,No-Timer,True,Other
0.0,0,42,1,0.52034,-0.00167,0,0.8901,0.87593,0.29476,337,109.05162,1,0.49206,-0.04543,-0.03971,0.07373,0.60605,0.32927,0.09224,20.05306,1,0.50586,0.00137,0.93655,0.00429,1,1,0.02043,0.07294,0.6179,0.58662,0.1038,19.04811,1,0.53482,-0.00471,0.94251,0.00443,1,1,participant_30,question_2,No-Timer,True,Other
0.0,0,42,1,0.52444,0.00326,0,0.8901,0.87593,0.30121,337,109.05162,1,0.49276,-0.04437,-0.03971,0.07373,0.60605,0.32936,0.0924,19.96465,1,0.50551,0.00743,0.92993,0.00439,1,1,0.02043,0.07294,0.6179,0.58666,0.10377,18.99168,1,0.54338,-0.00092,0.93589,0.00444,1,1,participant_30,question_2,No-Timer,True,Other
0.0,0,42,1,0.52433,-0.00364,0,0.8901,0.87593,0.30813,337,109.05162,1,0.49344,-0.04351,-0.0415,0.07721,0.63467,0.32926,0.09224,20.01798,1,0.50507,0.0006,0.93589,0.00429,1,1,0.02051,0.0729,0.6175,0.58662,0.10386,18.94064,1,0.54359,-0.00788,0.94185,0.00443,1,1,participant_30,question_2,No-Timer,True,Other
0.0,0,42,1,0.53482,-0.01709,0,0.8901,0.87593,0.30813,337,109.05162,0,0.51534,-0.02385,-0.0415,0.07721,0.63467,0.32926,0.09254,20.38004,1,0.51591,-0.02493,0.95443,0.00437,1,1,0.02051,0.0729,0.6175,0.58679,0.10384,18.88061,1,0.55373,-0.00926,0.95443,0.00433,1,1,participant_30,question_2,No-Timer,True,Other
0.0,0,42,1,0.53619,-0.03378,0,0.8901,0.87593,0.30813,337,109.05162,0,0.52577,-0.02882,-0.0415,0.07721,0.63467,0.32938,0.09248,20.21535,1,0.51546,-0.0387,0.967,0.00435,1,1,0.02051,0.0729,0.6175,0.58676,0.10391,19.09161,1,0.55692,-0.02886,0.967,0.00434,1,1,participant_30,question_2,No-Timer,True,Other
0.0,0,42,1,0.53609,-0.04829,0,0.8901,0.87593,0.30813,337,109.05162,0,0.52921,-0.03531,0.0,0.0,0.0,0.3293,0.0924,20.02057,1,0.51469,-0.05317,0.97958,0.00434,0,1,0.02051,0.0729,0.6175,0.58683,0.10393,18.87212,1,0.55749,-0.04342,0.97958,0.00434,1,1,participant_30,question_2,No-Timer,True,Other
0.0,0,42,1,0.52847,-0.05184,0,0.8901,0.87593,0.02,338,109.36654,1,0.52902,-0.03944,0.0,0.0,0.0,0.32942,0.09234,20.16227,1,0.51957,-0.05831,0.97958,0.00441,0,1,0.02051,0.0729,0.6175,0.58688,0.10379,18.57924,1,0.53736,-0.04537,0.97958,0.00432,1,1,participant_30,question_2,No-Timer,True,Other
0.0,0,42,1,0.53238,-0.05201,0,0.8901,0.87593,0.0267,338,109.36654,1,0.52969,-0.04195,0.0,0.0,0.0,0.3294,0.09225,19.74843,1,0.52522,-0.06514,0.97958,0.00444,0,1,0.02051,0.0729,0.6175,0.58708,0.10395,19.09457,1,0.53955,-0.03888,0.97958,0.00432,1,1,participant_30,question_2,No-Timer,True,Other
0.0,0,42,1,0.53238,-0.05201,0,0.8901,0.87593,0.03339,338,109.36654,1,0.53014,-0.04363,-0.0415,0.0773,0.63467,0.3294,0.09216,19.78299,1,0.52522,-0.06514,0.97958,0.00441,1,1,0.02051,0.0729,0.6175,0.58717,0.10405,19.21987,1,0.53955,-0.03888,0.97958,0.00432,1,1,participant_30,question_2,No-Timer,True,Other
0.0,0,42,1,0.51655,-0.05414,0,0.8901,0.87593,0.04022,338,109.36654,1,0.5282,-0.04513,-0.0415,0.0773,0.63467,0.32945,0.09201,19.84168,1,0.50643,-0.071,0.97958,0.00438,1,1,0.02051,0.0729,0.6175,0.58716,0.1041,19.31537,1,0.52667,-0.03728,0.97958,0.00431,1,1,participant_30,question_2,No-Timer,True,Other
0.0,0,42,1,0.5204,-0.05546,0,0.8901,0.87593,0.0468,338,109.36654,1,0.52723,-0.04642,-0.0415,0.0773,0.63467,0.32945,0.092,19.82489,1,0.50974,-0.07916,0.97958,0.00438,1,1,0.02051,0.0729,0.6175,0.58722,0.10413,19.09309,1,0.53106,-0.03176,0.97958,0.00434,1,1,participant_30,question_2,No-Timer,True,Other
0.0,0,42,1,0.52047,-0.04434,0,0.8901,0.87593,0.05327,338,109.36654,1,0.52648,-0.04619,-0.04057,0.07566,0.62117,0.32956,0.09195,19.69905,1,0.51017,-0.07136,0.97296,0.00433,1,1,0.02006,0.07113,0.6025,0.58718,0.10411,19.21241,1,0.53077,-0.01731,0.967,0.00432,1,1,participant_30,question_2,No-Timer,True,Other
0.0,0,42,1,0.51968,-0.05206,0,0.8901,0.87593,0.06026,338,109.36654,1,0.5258,-0.04678,-0.04057,0.07566,0.62117,0.32962,0.09177,20.22054,1,0.50865,-0.05777,0.96038,0.00412,1,1,0.02006,0.07113,0.6025,0.58733,0.10397,19.04282,1,0.53072,-0.04636,0.95443,0.00429,1,1,participant_30,question_2,No-Timer,True,Other
0.0,0,42,1,0.52415,-0.04126,0,0.8901,0.87593,0.06689,338,109.36654,1,0.52565,-0.04628,-0.04057,0.07566,0.62117,0.32969,0.0916,19.48959,1,0.51569,-0.05362,0.94781,0.00423,1,1,0.02006,0.07113,0.6025,0.58725,0.10405,19.37858,1,0.53262,-0.0289,0.94185,0.00431,1,1,participant_30,question_2,No-Timer,True,Other
0.0,0,42,1,0.52446,-0.02984,0,0.8901,0.87593,0.07359,338,109.36654,1,0.52555,-0.04491,-0.04057,0.07566,0.62117,0.32968,0.0916,19.67314,1,0.51648,-0.03866,0.93523,0.00421,1,1,0.02095,0.07412,0.62785,0.58725,0.10405,19.37858,1,0.53245,-0.02102,0.93523,0.00431,1,1,participant_30,question_2,No-Timer,True,Other
0.0,0,42,1,0.52255,-0.03058,0,0.8901,0.87593,0.08039,338,109.36654,1,0.52532,-0.0438,-0.04057,0.07566,0.62117,0.32955,0.09142,19.92414,1,0.51467,-0.03739,0.93523,0.00423,1,1,0.02095,0.07412,0.62785,0.58739,0.10403,19.13911,1,0.53042,-0.02376,0.94119,0.0043,1,1,participant_30,question_2,No-Timer,True,Other
0.0,0,42,1,0.52203,-0.0345,0,0.8901,0.87593,0.08698,338,109.36654,1,0.52508,-0.04314,-0.04057,0.07566,0.62117,0.32955,0.09142,19.92414,1,0.51111,-0.03705,0.94119,0.00423,1,1,0.02095,0.07412,0.62785,0.58739,0.10402,19.03211,1,0.53296,-0.03195,0.94715,0.00431,1,1,participant_30,question_2,No-Timer,True,Other
0.0,0,42,1,0.52191,-0.04156,0,0.8901,0.87593,0.09413,338,109.36654,1,0.52487,-0.04303,-0.04019,0.075,0.61541,0.32965,0.09154,20.08945,1,0.51071,-0.04408,0.94715,0.00426,1,1,0.02095,0.07412,0.62785,0.58739,0.10406,19.06359,1,0.53311,-0.03903,0.9531,0.0043,1,1,participant_30,question_2,No-Timer,True,Other
0.0,0,42,1,0.51732,-0.05393,0,0.8901,0.87593,0.10012,338,109.36654,1,0.5244,-0.04372,-0.04019,0.075,0.61541,0.32946,0.09156,20.17658,1,0.50371,-0.05339,0.9531,0.00417,1,1,0.02095,0.07412,0.62785,0.58729,0.10406,19.30209,1,0.53092,-0.05447,0.9531,0.00427,1,1,participant_30,question_2,No-Timer,True,Other
0.0,0,42,1,0.53315,-0.05137,0,0.8901,0.87593,0.10754,338,109.36654,1,0.52491,-0.04417,-0.04019,0.075,0.61541,0.32945,0.09147,20.16495,1,0.53708,-0.05925,0.9531,0.00421,1,1,0.02095,0.07412,0.62785,0.58717,0.10414,19.24459,1,0.52922,-0.04349,0.9531,0.00431,1,1,participant_30,question_2,No-Timer,True,Other
0.0,0,42,1,0.53302,-0.05569,0,0.8901,0.87593,0.11377,338,109.36654,1,0.52536,-0.04481,-0.0415,0.07735,0.63467,0.32951,0.09139,19.93887,1,0.5368,-0.06711,0.95972,0.00423,1,1,0.02006,0.07113,0.6025,0.58714,0.10411,19.34105,1,0.52924,-0.04428,0.95376,0.00432,1,1,participant_30,question_2,No-Timer,True,Other
0.0,0,42,1,0.53794,-0.03528,0,0.8901,0.87593,0.12048,338,109.36654,1,0.52603,-0.0443,-0.0415,0.07735,0.63467,0.32945,0.09165,19.98479,1,0.52546,-0.05978,0.96038,0.00422,1,1,0.02006,0.07113,0.6025,0.58716,0.10409,19.31509,1,0.55042,-0.01079,0.95443,0.00429,1,1,participant_30,question_2,No-Timer,True,Other
0.0,0,42,1,0.53223,-0.02575,0,0.8901,0.87593,0.12733,338,109.36654,1,0.52634,-0.04338,-0.0415,0.07735,0.63467,0.32934,0.0918,19.92687,1,0.52028,-0.05096,0.96105,0.00421,1,1,0.02006,0.07113,0.6025,0.58717,0.10407,19.30789,1,0.54419,-0.00054,0.95509,0.00429,1,1,participant_30,question_2,No-Timer,True,Other
0.0,0,42,1,0.53233,-0.02992,0,0.8901,0.87593,0.13409,338,109.36654,1,0.52662,-0.04274,0.0,0.0,0.0,0.32928,0.09168,19.97691,1,0.52024,-0.05173,0.96171,0.00417,0,1,0.02051,0.0729,0.6175,0.58715,0.10407,19.25439,1,0.54442,-0.00811,0.96171,0.00429,1,1,participant_30,question_2,No-Timer,True,Other
0.0,0,42,1,0.51939,-0.03577,0,0.8901,0.87593,0.14105,338,109.36654,1,0.52629,-0.04242,0.0,0.0,0.0,0.3292,0.09169,20.26503,1,0.50792,-0.0544,0.96171,0.00416,0,1,0.02051,0.0729,0.6175,0.58712,0.1039,18.58127,1,0.53086,-0.01714,0.96767,0.0043,1,1,participant_30,question_2,No-Timer,True,Other
0.0,0,42,1,0.52966,-0.0442,0,0.8901,0.87593,0.14727,338,109.36654,1,0.52644,-0.0425,0.0,0.0,0.0,0.32914,0.092,19.7625,1,0.50655,-0.0658,0.96767,0.00446,0,1,0.02051,0.0729,0.6175,0.58685,0.10407,18.92268,1,0.55277,-0.0226,0.97362,0.00427,1,1,participant_30,question_2,No-Timer,True,Other
0.0,0,42,1,0.52975,-0.03651,0,0.8901,0.87593,0.15397,338,109.36654,1,0.52658,-0.04225,-0.04004,0.07437,0.611,0.32915,0.09198,19.71657,1,0.50701,-0.058,0.96105,0.00447,1,1,0.02051,0.0729,0.6175,0.58675,0.10395,18.7904,1,0.5525,-0.01503,0.967,0.00425,1,1,participant_30,question_2,No-Timer,True,Other
0.0,0,42,1,0.5324,-0.01392,0,0.8901,0.87593,0.16067,338,109.36654,1,0.52681,-0.04111,-0.04004,0.07437,0.611,0.32871,0.09225,20.09283,1,0.52185,-0.03432,0.95443,0.00438,1,1,0.02051,0.0729,0.6175,0.58668,0.10411,18.9878,1,0.54295,0.00647,0.95443,0.00434,1,1,participant_30,question_2,No-Timer,True,Other
0.0,0,42,1,0.52833,-0.019,0,0.8901,0.87593,0.16754,338,109.36654,1,0.52687,-0.04026,-0.04004,0.07437,0.611,0.32891,0.09208,19.59783,1,0.51459,-0.01235,0.94185,0.00437,1,1,0.02051,0.0729,0.6175,0.58664,0.10405,19.0044,1,0.54206,-0.02565,0.94185,0.00424,1,1,participant_30,question_2,No-Timer,True,Other
0.0,0,42,1,0.52843,-0.01125,0,0.8901,0.87593,0.17406,338,109.36654,1,0.52693,-0.03919,-0.04057,0.07528,0.6184,0.32883,0.09215,19.50848,1,0.51501,-0.00471,0.93523,0.00438,1,1,0.02043,0.07294,0.6179,0.58658,0.10396,19.09311,1,0.54184,-0.0178,0.93523,0.00425,1,1,participant_30,question_2,No-Timer,True,Other
0.0,0,42,1,0.52927,0.00144,0,0.8901,0.87593,0.18076,338,109.36654,1,0.52701,-0.03774,-0.04057,0.07528,0.6184,0.32862,0.09222,19.72466,1,0.52866,-0.01309,0.94119,0.00438,1,1,0.02043,0.07294,0.6179,0.58642,0.10401,19.61438,1,0.52989,0.01598,0.94119,0.00424,1,1,participant_30,question_2,No-Timer,True,Other
0.0,0,42,1,0.53602,-0.00664,0,0.8901,0.87593,0.18775,338,109.36654,1,0.52732,-0.03667,-0.04057,0.07528,0.6184,0.32858,0.09234,19.92324,1,0.52236,-0.02254,0.94715,0.00438,1,1,0.02043,0.07294,0.6179,0.58639,0.10414,19.51678,1,0.54968,0.00927,0.94715,0.0043,1,1,participant_30,question_2,No-Timer,True,Other
0.0,0,42,1,0.53592,-0.0211,0,0.8901,0.87593,0.19417,338,109.36654,1,0.52761,-0.03615,-0.04191,0.07762,0.63809,0.32859,0.09241,20.10464,1,0.52165,-0.03709,0.95972,0.00437,1,1,0.02057,0.07377,0.62494,0.58637,0.1041,19.30013,1,0.55019,-0.0051,0.95972,0.00431,1,1,participant_30,question_2,No-Timer,True,Other
0.0,0,42,1,0.5233,-0.03386,0,0.8901,0.87593,0.20122,338,109.36654,1,0.52747,-0.03607,-0.04191,0.07762,0.63809,0.32857,0.09241,20.1719,1,0.51032,-0.04602,0.96634,0.0044,1,1,0.02057,0.07377,0.62494,0.58637,0.10393,19.27335,1,0.53627,-0.02169,0.96634,0.00429,1,1,participant_30,question_2,No-Timer,True,Other
0.0,0,42,1,0.52096,-0.03223,0,0.8901,0.87593,0.20735,338,109.36654,1,0.52727,-0.03595,-0.04191,0.07762,0.63809,0.32857,0.09244,20.01315,1,0.51052,-0.04425,0.97296,0.00441,1,1,0.02057,0.07377,0.62494,0.58622,0.10395,18.94612,1,0.53139,-0.0202,0.97296,0.00434,1,1,participant_30,question_2,No-Timer,True,Other
0.0,0,42,1,0.52108,-0.02539,0,0.8901,0.87593,0.21405,338,109.36654,1,0.52708,-0.03563,-0.03961,0.07321,0.60177,0.32844,0.09255,20.30527,1,0.51092,-0.0374,0.967,0.00438,1,1,0.02057,0.07377,0.62494,0.5861,0.1039,19.08656,1,0.53125,-0.01338,0.967,0.00434,1,1,participant_30,question_2,No-Timer,True,Other
0.0,0,42,1,0.53502,-0.01668,0,0.8901,0.87593,0.22102,338,109.36654,1,0.52731,-0.03508,-0.03961,0.07321,0.60177,0.32831,0.09236,19.5997,1,0.52028,-0.02174,0.95443,0.00442,1,1,0.02057,0.07377,0.62494,0.58604,0.10381,19.20826,1,0.54977,-0.01162,0.95443,0.00432,1,1,participant_30,question_2,No-Timer,True,Other
0.0,0,42,1,0.52911,0.00184,0,0.8901,0.87593,0.22765,338,109.36654,1,0.52736,-0.03402,-0.03961,0.07321,0.60177,0.32822,0.09245,19.60522,1,0.51534,-0.00045,0.94185,0.00438,1,1,0.02057,0.07377,0.62494,0.58584,0.10388,18.9786,1,0.54288,0.00412,0.94185,0.00441,1,1,participant_30,question_2,No-Timer,True,Other
0.0,0,42,1,0.5291,0.01288,0,0.8901,0.87593,0.23449,338,109.36654,1,0.52741,-0.03272,-0.04102,0.07571,0.62237,0.32806,0.09234,19.69802,1,0.51576,0.00711,0.93523,0.0043,1,1,0.02006,0.07212,0.61093,0.58584,0.10384,18.99579,1,0.54244,0.01865,0.92927,0.0044,1,1,participant_30,question_2,No-Timer,True,Other
0.0,0,42,1,0.53341,0.01799,0,0.8901,0.87593,0.24104,338,109.36654,1,0.52757,-0.03135,-0.04102,0.07571,0.62237,0.32783,0.09248,20.46708,1,0.53206,0.01526,0.93523,0.00429,1,1,0.02006,0.07212,0.61093,0.58584,0.10383,19.08461,1,0.53475,0.02072,0.92927,0.00441,1,1,participant_30,question_2,No-Timer,True,Other
0.0,0,42,1,0.52969,0.01903,0,0.8901,0.87593,0.24773,338,109.36654,1,0.52763,-0.03002,-0.04102,0.07571,0.62237,0.32783,0.09253,20.47461,1,0.5276,0.01947,0.93523,0.00425,1,1,0.02006,0.07212,0.61093,0.58585,0.10384,19.10854,1,0.53179,0.01859,0.92927,0.00439,1,1,participant_30,question_2,No-Timer,True,Other
0.0,0,42,1,0.52968,0.00803,0,0.8901,0.87593,0.25461,338,109.36654,1,0.52768,-0.02905,-0.04219,0.07779,0.63947,0.32772,0.09251,20.30426,1,0.52726,0.01201,0.94185,0.00425,1,1,0.02036,0.07336,0.62141,0.58575,0.1039,19.38686,1,0.5321,0.00405,0.94185,0.00439,1,1,participant_30,question_2,No-Timer,True,Other
0.0,0,42,1,0.52602,-0.00205,0,0.8901,0.87593,0.26128,338,109.36654,1,0.52764,-0.02837,-0.04219,0.07779,0.63947,0.32769,0.09248,20.07117,1,0.52364,0.0063,0.94847,0.00426,1,1,0.02036,0.07336,0.62141,0.58575,0.10389,19.43641,1,0.52839,-0.0104,0.95443,0.0044,1,1,participant_30,question_2,No-Timer,True,Other
0.0,0,42,1,0.53733,-0.02258,0,0.8901,0.87593,0.26783,338,109.36654,1,0.52788,-0.02823,-0.04219,0.07779,0.63947,0.32763,0.09259,20.06697,1,0.52228,-0.01504,0.96105,0.00431,1,1,0.02036,0.07336,0.62141,0.5857,0.10382,19.21458,1,0.55237,-0.03012,0.967,0.00436,1,1,participant_30,question_2,No-Timer,True,Other
0.0,0,42,1,0.53712,-0.03354,0,0.8901,0.87593,0.27453,338,109.36654,1,0.5281,-0.02836,-0.04219,0.07779,0.63947,0.32763,0.09259,20.06697,1,0.52158,-0.02929,0.97362,0.00431,1,1,0.01991,0.07192,0.60921,0.5857,0.10382,19.21458,1,0.55265,-0.0378,0.97362,0.00436,1,1,participant_30,question_2,No-Timer,True,Other
0.0,0,42,1,0.53111,-0.0314,0,0.8901,0.87593,0.28155,338,109.36654,1,0.52817,-0.02843,-0.04219,0.07779,0.63947,0.32762,0.09234,20.10695,1,0.51174,-0.02556,0.97362,0.00422,1,1,0.01991,0.07192,0.60921,0.58564,0.10378,19.29612,1,0.55048,-0.03725,0.96767,0.00433,1,1,participant_30,question_2,No-Timer,True,Other
0.0,0,42,1,0.52578,-0.02494,0,0.8901,0.87593,0.28795,338,109.36654,1,0.52811,-0.02835,-0.04219,0.07779,0.63947,0.32752,0.09243,20.0476,1,0.50941,-0.01906,0.96767,0.00429,1,1,0.01991,0.07192,0.60921,0.58565,0.10378,19.28622,1,0.54214,-0.03083,0.96171,0.00431,1,1,participant_30,question_2,No-Timer,True,Other
0.0,0,42,1,0.52609,-0.01397,0,0.8901,0.87593,0.29462,338,109.36654,1,0.52807,-0.02803,-0.04082,0.07518,0.61803,0.32758,0.09246,20.28759,1,0.51025,-0.00484,0.95509,0.00427,1,1,0.02021,0.07316,0.61978,0.58565,0.10378,19.28622,1,0.54193,-0.0231,0.95509,0.00431,1,1,participant_30,question_2,No-Timer,True,Other
0.0,0,42,1,0.53322,-0.00224,0,0.8901,0.87593,0.30132,338,109.36654,1,0.52818,-0.02747,-0.04082,0.07518,0.61803,0.32768,0.0926,20.27771,1,0.52692,0.00455,0.94847,0.00431,1,1,0.02021,0.07316,0.61978,0.58584,0.1039,19.08442,1,0.53952,-0.00903,0.95443,0.00442,1,1,participant_30,question_2,No-Timer,True,Other
0.0,0,42,1,0.55778,-0.00683,0,0.8901,0.87593,0.30803,338,109.36654,1,0.52881,-0.02703,-0.04082,0.07518,0.61803,0.32842,0.0924,19.8622,1,0.54347,0.00384,0.94781,0.00428,1,1,0.02021,0.07316,0.61978,0.58625,0.10396,19.64173,1,0.5721,-0.0175,0.95376,0.00434,1,1,participant_30,question_2,No-Timer,True,Other
0.0,0,42,1,0.55753,0.00419,0,0.8901,0.87593,0.31503,338,109.36654,1,0.52941,-0.02638,-0.03961,0.07321,0.60177,0.32849,0.09236,19.95623,1,0.54371,0.01129,0.94119,0.00423,1,1,0.02006,0.07212,0.61093,0.58649,0.10389,19.42649,1,0.57135,-0.00291,0.94119,0.00442,1,1,participant_30,question_2,No-Timer,True,Other
0.0,0,42,1,0.56513,-0.00711,0,0.8901,0.87593,0.32144,338,109.36654,1,0.53044,-0.02603,-0.03961,0.07321,0.60177,0.32884,0.09233,19.72519,1,0.54512,-0.02067,0.93523,0.00426,1,1,0.02006,0.07212,0.61093,0.5866,0.10381,18.93227,1,0.58514,0.00645,0.92927,0.00446,1,1,participant_30,question_2,No-Timer,True,Other
0.0,0,42,1,0.56148,0.00854,0,0.8901,0.87593,0.32849,338,109.36654,1,0.53097,-0.02515,-0.03961,0.07321,0.60177,0.32882,0.09225,19.79338,1,0.54319,-0.00115,0.92332,0.00428,1,1,0.02006,0.07212,0.61093,0.58658,0.10376,19.04402,1,0.57977,0.01823,0.91736,0.00448,1,1,participant_30,question_2,No-Timer,True,Other
0.0,0,42,1,0.5615,0.01894,0,0.8901,0.87593,0.3346,338,109.36654,1,0.5315,-0.02375,-0.03961,0.07321,0.60177,0.32888,0.09229,19.64515,1,0.54363,0.0127,0.9114,0.00427,1,1,0.02057,0.07377,0.62494,0.58658,0.10376,19.06249,1,0.57936,0.02517,0.9114,0.00447,1,1,participant_30,question_2,No-Timer,True,Other
0.0,0,42,1,0.55228,0.01369,0,0.8901,0.87593,0.34132,338,109.36654,1,0.532,-0.02238,-0.03961,0.07321,0.60177,0.32889,0.09233,19.60581,1,0.54052,0.0096,0.9114,0.00429,1,1,0.02057,0.07377,0.62494,0.58661,0.10379,18.96225,1,0.56404,0.01778,0.91736,0.00447,1,1,participant_30,question_2,No-Timer,True,Other
0.0,0,42,1,0.55518,0.02823,0,0.8901,0.87593,0.34839,338,109.36654,1,0.53247,-0.02071,-0.03961,0.07321,0.60177,0.3289,0.09238,19.59498,1,0.54521,0.03927,0.91736,0.00426,1,1,0.02057,0.07377,0.62494,0.5866,0.1038,18.94995,1,0.56516,0.01719,0.92332,0.00445,1,1,participant_30,question_2,No-Timer,True,Question
0.0,0,42,1,0.5553,0.01461,0,0.8901,0.87593,0.35498,338,109.36654,1,0.53295,-0.01932,-0.04123,0.07627,0.62698,0.3289,0.09238,19.59498,1,0.54479,0.02586,0.92927,0.00426,1,1,0.02057,0.07377,0.62494,0.58658,0.10377,18.93977,1,0.56581,0.00335,0.93523,0.00446,1,1,participant_30,question_2,No-Timer,True,Other
0.0,0,42,1,0.55868,-0.01773,0,0.8901,0.87593,0.35498,338,109.36654,0,0.55083,0.00128,-0.04123,0.07627,0.62698,0.32891,0.09254,19.54203,1,0.54699,-0.03083,0.94119,0.00431,1,1,0.02057,0.07377,0.62494,0.58625,0.10384,19.14933,1,0.57036,-0.00462,0.94119,0.00447,1,1,participant_30,question_2,No-Timer,True,Other
0.0,0,42,1,0.55953,-0.02406,0,0.8901,0.87593,0.35498,338,109.36654,0,0.55518,-0.01139,-0.04123,0.07627,0.62698,0.32905,0.09252,19.93073,1,0.54358,-0.0385,0.94715,0.00429,1,1,0.02057,0.07377,0.62494,0.58644,0.10395,19.36206,1,0.57547,-0.00962,0.94715,0.00446,1,1,participant_30,question_2,No-Timer,True,Other
0.0,0,42,1,0.55969,-0.03872,0,0.8901,0.87593,0.35498,338,109.36654,0,0.55668,-0.0205,-0.04191,0.07762,0.63809,0.32909,0.09244,19.91327,1,0.54313,-0.05324,0.95972,0.0043,1,1,0.02057,0.07377,0.62494,0.58652,0.1042,19.14452,1,0.57626,-0.0242,0.95972,0.00443,1,1,participant_30,question_2,No-Timer,True,Other
0.0,0,42,1,0.55767,-0.05413,0,0.8901,0.87593,0.01993,339,109.72839,1,0.55693,-0.02891,-0.04191,0.07762,0.63809,0.32915,0.09242,19.89588,1,0.5529,-0.05095,0.96634,0.00428,1,1,0.02057,0.07377,0.62494,0.58686,0.10414,19.39073,1,0.56244,-0.05731,0.96634,0.0044,1,1,participant_30,question_2,No-Timer,True,Other
0.0,0,42,1,0.55966,-0.05818,0,0.8901,0.87593,0.02637,339,109.72839,1,0.55748,-0.03476,-0.04191,0.07762,0.63809,0.32921,0.09228,19.97834,1,0.5572,-0.06208,0.97296,0.00417,1,1,0.02057,0.07377,0.62494,0.58696,0.10388,19.71501,1,0.56212,-0.05428,0.97296,0.00423,1,1,participant_30,question_2,No-Timer,True,Other
0.0,0,42,1,0.55975,-0.06593,0,0.8901,0.87593,0.03341,339,109.72839,1,0.55786,-0.03996,-0.04191,0.07762,0.63809,0.32926,0.09236,20.05,1,0.55706,-0.06978,0.97958,0.0042,1,1,0.02043,0.07294,0.6179,0.58695,0.10402,19.46635,1,0.56245,-0.06207,0.97958,0.00433,1,1,participant_30,question_2,No-Timer,True,Other
0.0,0,42,1,0.57114,-0.0853,0,0.8901,0.87593,0.03999,339,109.72839,1,0.55975,-0.04643,-0.04191,0.07762,0.63809,0.32933,0.09249,20.26966,1,0.56811,-0.06906,0.97958,0.00424,1,1,0.02043,0.07294,0.6179,0.58707,0.10417,19.83118,1,0.57418,-0.10155,0.97958,0.00429,1,1,participant_30,question_2,No-Timer,True,Other
0.0,0,42,1,0.56321,-0.0839,0,0.8901,0.87593,0.04665,339,109.72839,1,0.56019,-0.05112,-0.04191,0.07762,0.63809,0.32927,0.09255,20.45234,1,0.54618,-0.06712,0.97958,0.00424,1,1,0.02043,0.07294,0.6179,0.58706,0.1042,19.81683,1,0.58025,-0.10068,0.97958,0.00433,1,1,participant_30,question_2,No-Timer,True,Other
0.0,0,42,1,0.56292,-0.07243,0,0.8901,0.87593,0.05315,339,109.72839,1,0.56049,-0.05348,-0.04101,0.07605,0.62512,0.32927,0.09255,20.45234,1,0.54639,-0.05943,0.97296,0.00424,1,1,0.01995,0.07106,0.60196,0.58703,0.10431,19.83502,1,0.57945,-0.08542,0.967,0.00435,1,1,participant_30,question_2,No-Timer,True,Other
0.0,0,42,1,0.56761,-0.05177,0,0.8901,0.87593,0.06058,339,109.72839,1,0.5612,-0.05331,-0.04101,0.07605,0.62512,0.32929,0.09258,20.46953,1,0.54979,-0.04607,0.96038,0.00426,1,1,0.01995,0.07106,0.60196,0.58725,0.10372,19.29916,1,0.58543,-0.05747,0.95443,0.00437,1,1,participant_30,question_2,No-Timer,True,Other
0.0,0,42,1,0.56928,-0.03285,0,0.8901,0.87593,0.06689,339,109.72839,1,0.56194,-0.05145,-0.04101,0.07605,0.62512,0.32929,0.09258,20.44447,1,0.55159,-0.02415,0.94781,0.00427,1,1,0.01995,0.07106,0.60196,0.58721,0.10417,19.40265,1,0.58698,-0.04156,0.94185,0.00442,1,1,participant_30,question_2,No-Timer,True,Other
0.0,0,42,1,0.56908,-0.01461,0,0.8901,0.87593,0.07346,339,109.72839,1,0.56253,-0.04838,-0.03971,0.07373,0.60605,0.32941,0.09245,20.51073,1,0.5521,-0.00273,0.92927,0.00419,1,1,0.02046,0.07268,0.61602,0.5872,0.10427,19.33508,1,0.58606,-0.02649,0.92927,0.00441,1,1,participant_30,question_2,No-Timer,True,Other
0.0,0,42,1,0.55089,-0.02829,0,0.8901,0.87593,0.08015,339,109.72839,1,0.56164,-0.04684,-0.03971,0.07373,0.60605,0.32939,0.09248,20.40681,1,0.5332,-0.03432,0.92332,0.00417,1,1,0.02046,0.07268,0.61602,0.58725,0.10438,19.57292,1,0.56857,-0.02226,0.92927,0.0044,1,1,participant_30,question_2,No-Timer,True,Other
0.0,0,42,1,0.55701,-0.02239,0,0.8901,0.87593,0.08698,339,109.72839,1,0.56131,-0.04509,-0.03971,0.07373,0.60605,0.32955,0.09256,20.57059,1,0.54113,-0.03569,0.92332,0.0042,1,1,0.02046,0.07268,0.61602,0.58751,0.10421,19.96462,1,0.57289,-0.00909,0.92927,0.00431,1,1,participant_30,question_2,No-Timer,True,Other
0.0,0,42,1,0.55735,-0.04127,0,0.8901,0.87593,0.09361,339,109.72839,1,0.56104,-0.04484,-0.0415,0.07721,0.63467,0.32961,0.09253,20.75581,1,0.54064,-0.05077,0.93589,0.0042,1,1,0.0213,0.07539,0.63985,0.58762,0.10427,20.01127,1,0.57406,-0.03176,0.94847,0.00432,1,1,participant_30,question_2,No-Timer,True,Other
0.0,0,42,1,0.56136,-0.06788,0,0.8901,0.87593,0.10064,339,109.72839,1,0.56106,-0.04628,-0.0415,0.07721,0.63467,0.32989,0.0926,20.252,1,0.54426,-0.08136,0.96105,0.00427,1,1,0.0213,0.07539,0.63985,0.58763,0.1045,19.74244,1,0.57846,-0.0544,0.96767,0.00451,1,1,participant_30,question_2,No-Timer,True,Other
0.0,0,42,1,0.56686,-0.08565,0,0.8901,0.87593,0.1072,339,109.72839,1,0.5614,-0.04859,-0.0415,0.07721,0.63467,0.32988,0.09255,20.23819,1,0.54756,-0.10222,0.98024,0.00425,1,1,0.0213,0.07539,0.63985,0.58764,0.10449,19.68077,1,0.58615,-0.06907,0.98686,0.00451,1,1,participant_30,question_2,No-Timer,True,Other
0.0,0,42,1,0.56698,-0.1045,0,0.8901,0.87593,0.11366,339,109.72839,1,0.56171,-0.0517,-0.0415,0.07721,0.63467,0.32991,0.09256,20.37707,1,0.54697,-0.12519,0.99944,0.00425,1,1,0.02098,0.07404,0.62879,0.58762,0.10456,19.6679,1,0.587,-0.0838,0.99944,0.00449,1,1,participant_30,question_2,No-Timer,True,Other
0.0,0,42,1,0.57142,-0.09609,0,0.8901,0.87593,0.12056,339,109.72839,1,0.56222,-0.05403,-0.0415,0.07721,0.63467,0.32996,0.0926,20.42029,1,0.55235,-0.11566,0.99944,0.00426,1,1,0.02098,0.07404,0.62879,0.58782,0.10446,19.65968,1,0.5905,-0.07651,0.99282,0.00456,1,1,participant_30,question_2,No-Timer,True,Other
0.0,0,42,1,0.56225,-0.08584,0,0.8901,0.87593,0.12729,339,109.72839,1,0.56222,-0.05562,-0.0415,0.07721,0.63467,0.33004,0.09254,20.56039,1,0.55417,-0.10475,0.99282,0.00422,1,1,0.02098,0.07404,0.62879,0.58781,0.10444,19.65622,1,0.57033,-0.06694,0.9862,0.00456,1,1,participant_30,question_2,No-Timer,True,Other
0.0,0,42,1,0.56198,-0.07456,0,0.8901,0.87593,0.1338,339,109.72839,1,0.56221,-0.05653,-0.0415,0.07721,0.63467,0.33004,0.09254,20.56039,1,0.55433,-0.09691,0.9862,0.00422,1,1,0.02041,0.07187,0.61038,0.58763,0.10475,19.63207,1,0.56963,-0.0522,0.97362,0.00464,1,1,participant_30,question_2,No-Timer,True,Other
0.0,0,42,1,0.56707,-0.0637,0,0.8901,0.87593,0.14066,339,109.72839,1,0.56243,-0.05685,-0.0415,0.07721,0.63467,0.33004,0.09252,20.5662,1,0.56152,-0.07935,0.97362,0.00421,1,1,0.02041,0.07187,0.61038,0.58797,0.10445,19.47341,1,0.57262,-0.04805,0.96767,0.00455,1,1,participant_30,question_2,No-Timer,True,Other
0.0,0,42,1,0.55545,-0.0597,0,0.8901,0.87593,0.14749,339,109.72839,1,0.56213,-0.05698,-0.0415,0.07721,0.63467,0.33014,0.09264,20.67231,1,0.53983,-0.07418,0.96767,0.00426,1,1,0.02041,0.07187,0.61038,0.58796,0.10461,19.50315,1,0.57107,-0.04522,0.96171,0.00453,1,1,participant_30,question_2,No-Timer,True,Other
0.0,0,42,1,0.55533,-0.04484,0,0.8901,0.87593,0.15385,339,109.72839,1,0.56185,-0.05647,-0.04082,0.07603,0.62503,0.33014,0.09264,20.67231,1,0.54032,-0.05929,0.95509,0.00426,1,1,0.02041,0.07187,0.61038,0.58803,0.10418,19.40978,1,0.57035,-0.0304,0.94913,0.00474,1,1,participant_30,question_2,No-Timer,True,Other
0.0,0,42,1,0.56003,-0.03054,0,0.8901,0.87593,0.16084,339,109.72839,1,0.56177,-0.05543,-0.04082,0.07603,0.62503,0.33017,0.09262,20.81343,1,0.54453,-0.04692,0.94251,0.00426,1,1,0.02041,0.07187,0.61038,0.58803,0.10422,19.52394,1,0.57552,-0.01415,0.94251,0.00466,1,1,participant_30,question_2,No-Timer,True,Other
0.0,0,42,1,0.55946,-0.02139,0,0.8901,0.87593,0.16704,339,109.72839,1,0.56169,-0.05412,-0.04082,0.07603,0.62503,0.33013,0.09258,20.80528,1,0.54634,-0.03698,0.93589,0.00423,1,1,0.02041,0.07187,0.61038,0.5881,0.1043,19.37764,1,0.57258,-0.00579,0.93589,0.00464,1,1,participant_30,question_2,No-Timer,True,Other
0.0,0,42,1,0.55929,-0.00659,0,0.8901,0.87593,0.17395,339,109.72839,1,0.5616,-0.05236,-0.0394,0.07348,0.60403,0.33013,0.09258,20.80528,1,0.54676,-0.02209,0.92332,0.00423,1,1,0.02041,0.07187,0.61038,0.58811,0.1044,19.34045,1,0.57182,0.00892,0.92332,0.00459,1,1,participant_30,question_2,No-Timer,True,Other
0.0,0,42,1,0.56415,-0.00282,0,0.8901,0.87593,0.18063,339,109.72839,1,0.56169,-0.05059,-0.0394,0.07348,0.60403,0.33017,0.09256,20.54784,1,0.54904,-0.01585,0.91736,0.00425,1,1,0.02041,0.07187,0.61038,0.5881,0.10443,19.39451,1,0.57926,0.01021,0.91736,0.00457,1,1,participant_30,question_2,No-Timer,True,Other
0.0,0,42,1,0.55458,0.0023,0,0.8901,0.87593,0.18732,339,109.72839,1,0.56144,-0.04877,-0.0394,0.07348,0.60403,0.33021,0.09252,20.41493,1,0.55053,-0.01394,0.9114,0.00425,1,1,0.02041,0.07187,0.61038,0.58812,0.10425,19.24588,1,0.55863,0.01855,0.9114,0.00465,1,1,participant_30,question_2,No-Timer,True,Other
0.0,0,42,1,0.55467,0.00585,0,0.8901,0.87593,0.19382,339,109.72839,1,0.56122,-0.04695,-0.0394,0.07348,0.60403,0.33021,0.09257,20.69344,1,0.55071,-0.00685,0.90544,0.00424,1,1,0.02084,0.07322,0.6218,0.58812,0.10425,19.24588,1,0.55863,0.01855,0.9114,0.00465,1,1,participant_30,question_2,No-Timer,True,Other
0.0,0,42,1,0.55696,0.00178,0,0.8901,0.87593,0.20051,339,109.72839,1,0.56108,-0.04538,-0.0394,0.07348,0.60403,0.33027,0.0925,20.53802,1,0.5525,-0.01368,0.9114,0.00428,1,1,0.02084,0.07322,0.6218,0.58813,0.10425,18.95377,1,0.56142,0.01724,0.91736,0.00467,1,1,participant_30,question_2,No-Timer,True,Other
0.0,0,42,1,0.55811,-0.01256,0,0.8901,0.87593,0.20721,339,109.72839,1,0.56099,-0.04435,-0.0394,0.07348,0.60403,0.33027,0.0925,20.53802,1,0.55152,-0.02239,0.91736,0.00428,1,1,0.02084,0.07322,0.6218,0.58807,0.10434,19.82398,1,0.56469,-0.00273,0.92332,0.00426,1,1,participant_30,question_2,No-Timer,True,Other
0.0,0,42,1,0.55818,-0.01964,0,0.8901,0.87593,0.21389,339,109.72839,1,0.5609,-0.0436,-0.0394,0.07348,0.60403,0.33027,0.09251,20.5019,1,0.55135,-0.02949,0.92332,0.00428,1,1,0.02073,0.07293,0.61861,0.58835,0.10441,20.00424,1,0.56502,-0.00978,0.92927,0.00424,1,1,participant_30,question_2,No-Timer,True,Other
0.0,0,42,1,0.56216,-0.02373,0,0.8901,0.87593,0.21389,339,109.72839,0,0.5582,-0.01766,-0.0394,0.07348,0.60403,0.33025,0.09253,20.47828,1,0.5564,-0.03736,0.92927,0.00428,1,1,0.02073,0.07293,0.61861,0.58849,0.10441,19.98296,1,0.56792,-0.01009,0.92927,0.00424,1,1,participant_30,question_2,No-Timer,True,Other
0.0,0,42,1,0.55122,-0.02188,0,0.8901,0.87593,0.21389,339,109.72839,0,0.55471,-0.01977,-0.0394,0.07348,0.60403,0.33038,0.09247,20.88101,1,0.53345,-0.03317,0.92927,0.00426,1,1,0.02073,0.07293,0.61861,0.58843,0.10437,20.12651,1,0.56898,-0.01059,0.92927,0.00424,1,1,participant_30,question_2,No-Timer,True,Other
0.0,0,42,1,0.55125,-0.02895,0,0.8901,0.87593,0.21389,339,109.72839,0,0.55355,-0.02283,-0.04078,0.07615,0.62594,0.33038,0.09247,20.88101,1,0.53317,-0.04026,0.93523,0.00426,1,1,0.02116,0.07449,0.63144,0.58844,0.10438,20.07175,1,0.56932,-0.01764,0.93523,0.00425,1,1,participant_30,question_2,No-Timer,True,Other
0.0,0,42,1,0.55312,-0.03516,0,0.8901,0.87593,0.02033,340,109.94898,1,0.55344,-0.02591,-0.04078,0.07615,0.62594,0.33039,0.09249,20.87926,1,0.53754,-0.04122,0.94119,0.00427,1,1,0.02116,0.07449,0.63144,0.58847,0.10426,20.00926,1,0.5687,-0.0291,0.94119,0.00431,1,1,participant_30,question_2,No-Timer,True,Other
0.0,0,42,1,0.5557,-0.04775,0,0.8901,0.87593,0.02715,340,109.94898,1,0.5539,-0.03028,-0.04078,0.07615,0.62594,0.33043,0.09244,20.89885,1,0.53876,-0.05513,0.94715,0.00427,1,1,0.02116,0.07449,0.63144,0.58848,0.10427,20.07895,1,0.57263,-0.04037,0.94715,0.00432,1,1,participant_30,question_2,No-Timer,True,Other
0.0,0,42,1,0.55601,-0.06667,0,0.8901,0.87593,0.03371,340,109.94898,1,0.55425,-0.03634,-0.04192,0.07835,0.64406,0.33041,0.09238,20.90977,1,0.53826,-0.0701,0.95972,0.00424,1,1,0.0217,0.07623,0.64616,0.58838,0.10414,20.11201,1,0.57377,-0.06324,0.96634,0.00433,1,1,participant_30,question_2,No-Timer,True,Other
0.0,0,42,1,0.55565,-0.07833,0,0.8901,0.87593,0.04043,340,109.94898,1,0.55445,-0.04234,-0.04192,0.07835,0.64406,0.33038,0.09241,20.8951,1,0.5387,-0.08209,0.97296,0.00423,1,1,0.0217,0.07623,0.64616,0.58845,0.1041,20.25051,1,0.57259,-0.07457,0.97958,0.00434,1,1,participant_30,question_2,No-Timer,True,Other
0.0,0,42,1,0.54188,-0.09314,0,0.8901,0.87593,0.04749,340,109.94898,1,0.55288,-0.04869,-0.04192,0.07835,0.64406,0.33,0.09269,21.04178,1,0.52024,-0.09523,0.9862,0.00427,1,1,0.0217,0.07623,0.64616,0.58756,0.10429,20.11318,1,0.56353,-0.09105,0.99282,0.00439,1,1,participant_30,question_2,No-Timer,True,Other
0.0,0,42,1,0.54168,-0.10492,0,0.8901,0.87593,0.05392,340,109.94898,1,0.55163,-0.05494,-0.0415,0.07721,0.63467,0.32967,0.09252,21.2306,1,0.5195,-0.11092,0.99944,0.00427,1,1,0.02046,0.07268,0.61602,0.5876,0.10396,20.62302,1,0.56386,-0.09892,0.99944,0.00422,1,1,participant_30,question_2,No-Timer,True,Other
0.0,0,42,1,0.4708,-0.10582,0,0.8901,0.87593,0.06053,340,109.94898,1,0.54355,-0.06003,-0.0415,0.07721,0.63467,0.32809,0.09254,21.17929,1,0.44934,-0.12529,0.99944,0.00424,1,1,0.02046,0.07268,0.61602,0.58612,0.1037,20.2535,1,0.49226,-0.08634,0.99282,0.00431,1,1,participant_30,question_2,No-Timer,True,Other
0.0,0,42,1,0.46439,-0.08115,0,0.8901,0.87593,0.06739,340,109.94898,1,0.53635,-0.06195,-0.0415,0.07721,0.63467,0.32797,0.09261,20.89886,1,0.43943,-0.09969,0.99282,0.00424,1,1,0.02046,0.07268,0.61602,0.58563,0.10435,20.01619,1,0.48934,-0.06262,0.9862,0.00446,1,1,participant_30,question_2,No-Timer,True,Other
0.0,0,42,1,0.46528,-0.06938,0,0.8901,0.87593,0.07401,340,109.94898,1,0.53043,-0.06257,-0.04045,0.07496,0.61661,0.32785,0.09264,20.86957,1,0.44114,-0.08394,0.97958,0.00426,1,1,0.02146,0.07661,0.65062,0.58554,0.10436,19.80833,1,0.48942,-0.05483,0.97958,0.00446,1,1,participant_30,question_2,No-Timer,True,Other
0.0,0,42,1,0.47197,-0.07275,0,0.8901,0.87593,0.08038,340,109.94898,1,0.52593,-0.06335,-0.04045,0.07496,0.61661,0.32784,0.09255,20.76217,1,0.45294,-0.08686,0.97296,0.00426,1,1,0.02146,0.07661,0.65062,0.58562,0.1043,20.11678,1,0.491,-0.05863,0.97958,0.0045,1,1,participant_30,question_2,No-Timer,True,Other
0.0,0,42,1,0.48132,-0.06735,0,0.8901,0.87593,0.08733,340,109.94898,1,0.52275,-0.06364,-0.04045,0.07496,0.61661,0.32801,0.09251,20.89882,1,0.45917,-0.08231,0.97296,0.00421,1,1,0.02146,0.07661,0.65062,0.58561,0.1042,19.95423,1,0.50348,-0.05238,0.97958,0.00454,1,1,participant_30,question_2,No-Timer,True,Other
0.0,0,42,1,0.48166,-0.05642,0,0.8901,0.87593,0.09379,340,109.94898,1,0.52001,-0.06315,-0.03971,0.07373,0.60605,0.32807,0.0927,20.82996,1,0.45984,-0.0752,0.967,0.0043,1,1,0.02043,0.07276,0.61789,0.58564,0.10435,19.9903,1,0.50348,-0.03763,0.967,0.00447,1,1,participant_30,question_2,No-Timer,True,Other
0.0,0,42,1,0.46822,-0.0415,0,0.8901,0.87593,0.10049,340,109.94898,1,0.51677,-0.0618,-0.03971,0.07373,0.60605,0.32826,0.09269,20.88999,1,0.44663,-0.07045,0.96105,0.0043,1,1,0.02043,0.07276,0.61789,0.58571,0.10456,19.9204,1,0.48982,-0.01255,0.95443,0.00454,1,1,participant_30,question_2,No-Timer,True,Other
0.0,0,42,1,0.47333,-0.03276,0,0.8901,0.87593,0.10757,340,109.94898,1,0.51422,-0.06009,-0.03971,0.07373,0.60605,0.32826,0.09269,20.88999,1,0.45259,-0.05754,0.94847,0.00429,1,1,0.02043,0.07276,0.61789,0.58584,0.10464,20.04598,1,0.49407,-0.00797,0.94185,0.00452,1,1,participant_30,question_2,No-Timer,True,Other
0.0,0,42,1,0.47336,-0.02926,0,0.8901,0.87593,0.11416,340,109.94898,1,0.51195,-0.05838,-0.0415,0.07721,0.63467,0.32833,0.09278,21.02317,1,0.45259,-0.05754,0.94847,0.00432,1,1,0.01995,0.07088,0.60196,0.58607,0.10481,20.58085,1,0.49412,-0.00098,0.93589,0.00449,1,1,participant_30,question_2,No-Timer,True,Other
0.0,0,42,1,0.46874,-0.03291,0,0.8901,0.87593,0.11416,340,109.94898,0,0.48355,-0.06561,-0.0415,0.07721,0.63467,0.32839,0.09275,20.89263,1,0.4577,-0.05388,0.94847,0.00433,1,1,0.01995,0.07088,0.60196,0.58607,0.10473,20.04817,1,0.47978,-0.01194,0.94251,0.00457,1,1,participant_30,question_2,No-Timer,True,Other
0.0,0,42,1,0.47656,-0.02507,0,0.8901,0.87593,0.11416,340,109.94898,0,0.48005,-0.04534,-0.0415,0.07721,0.63467,0.32837,0.09276,20.97365,1,0.46667,-0.03073,0.95509,0.00437,1,1,0.01995,0.07088,0.60196,0.58608,0.10479,20.14919,1,0.48644,-0.01941,0.94913,0.00453,1,1,participant_30,question_2,No-Timer,True,Other
0.0,0,42,1,0.47606,-0.04022,0,0.8901,0.87593,0.11416,340,109.94898,0,0.47872,-0.04363,-0.0415,0.07721,0.63467,0.32837,0.09276,20.97365,1,0.46596,-0.03842,0.96171,0.00437,1,1,0.02116,0.07483,0.63547,0.58611,0.10472,20.1793,1,0.48616,-0.04202,0.96833,0.00444,1,1,participant_30,question_2,No-Timer,True,Other
0.0,0,42,1,0.4785,-0.02128,0,0.8901,0.87593,0.02002,341,110.06988,1,0.47867,-0.03805,-0.0415,0.07721,0.63467,0.32861,0.09246,20.72368,1,0.46985,-0.00255,0.96833,0.00428,1,1,0.02116,0.07483,0.63547,0.58621,0.10474,20.1677,1,0.48715,-0.04001,0.9809,0.00445,1,1,participant_30,question_2,No-Timer,True,Other
0.0,0,42,1,0.48319,-0.03835,0,0.8901,0.87593,0.0265,341,110.06988,1,0.47957,-0.03811,-0.0415,0.07721,0.63467,0.32861,0.09246,20.72368,1,0.46967,-0.02278,0.9809,0.00428,1,1,0.02116,0.07483,0.63547,0.58635,0.10451,20.03547,1,0.49672,-0.05393,0.99348,0.00436,1,1,participant_30,question_2,No-Timer,True,Other
0.0,0,42,1,0.48253,-0.04886,0,0.8901,0.87593,0.03339,341,110.06988,1,0.48006,-0.0399,-0.0415,0.07721,0.63467,0.32861,0.09246,20.72368,1,0.46837,-0.0369,0.99348,0.00428,1,1,0.02098,0.07404,0.62879,0.58635,0.10454,20.03844,1,0.49669,-0.06083,0.99944,0.00437,1,1,participant_30,question_2,No-Timer,True,Other
0.0,0,42,1,0.47548,-0.04521,0,0.8901,0.87593,0.03989,341,110.06988,1,0.47941,-0.04066,-0.0415,0.07721,0.63467,0.32867,0.09235,20.75903,1,0.46962,-0.04599,0.99944,0.00431,1,1,0.02098,0.07404,0.62879,0.58641,0.10484,19.91996,1,0.48135,-0.04443,0.99282,0.00434,1,1,participant_30,question_2,No-Timer,True,Other
0.0,0,42,1,0.48151,-0.05069,0,0.8901,0.87593,0.04685,341,110.06988,1,0.47967,-0.04191,-0.0415,0.07721,0.63467,0.32878,0.09233,20.56344,1,0.47877,-0.05353,0.99282,0.00433,1,1,0.02098,0.07404,0.62879,0.58654,0.10489,20.02268,1,0.48425,-0.04785,0.9862,0.00444,1,1,participant_30,question_2,No-Timer,True,Other
0.0,0,42,1,0.48256,-0.0286,0,0.8901,0.87593,0.05365,341,110.06988,1,0.47999,-0.04043,-0.03998,0.07461,0.61296,0.32883,0.09219,20.58235,1,0.48057,-0.03167,0.97362,0.00428,1,1,0.02098,0.07404,0.62879,0.58656,0.10483,20.04387,1,0.48455,-0.02553,0.967,0.00445,1,1,participant_30,question_2,No-Timer,True,Other
0.0,0,42,1,0.47062,-0.0198,0,0.8901,0.87593,0.05997,341,110.06988,1,0.47906,-0.03837,-0.03998,0.07461,0.61296,0.32934,0.09187,20.72642,1,0.46419,-0.01992,0.95443,0.00432,1,1,0.02098,0.07404,0.62879,0.58638,0.10466,20.07123,1,0.47704,-0.01968,0.95443,0.00427,1,1,participant_30,question_2,No-Timer,True,Other
0.0,0,42,1,0.46119,0.20402,0,0.8901,0.87593,0.06668,341,110.06988,1,0.47743,-0.01633,-0.03998,0.07461,0.61296,0.32933,0.09253,18.57322,1,0.49278,0.12176,0.94185,0.00384,1,1,0.02098,0.07404,0.62879,0.58592,0.10711,14.56888,1,0.42959,0.28629,0.94185,0.00341,1,1,participant_30,question_2,No-Timer,True,Question
0.0,0,42,1,0.46191,0.21282,0,0.8901,0.87593,0.07372,341,110.06988,1,0.47614,0.00276,-0.04013,0.07547,0.61734,0.32962,0.09377,16.71925,1,0.49335,0.12847,0.93523,0.00382,1,1,0.01995,0.07124,0.60196,0.58561,0.10602,14.84701,1,0.43046,0.29718,0.92927,0.00401,1,1,participant_30,question_2,No-Timer,True,Question
0.0,0,42,0,0.46191,0.21282,0,0.8901,0.87593,0.08038,341,110.06988,1,0.47614,0.00276,-0.04013,0.07547,0.61734,0.32962,0.09377,16.71925,0,0.49335,0.12847,0.93523,0.00382,1,0,0.01995,0.07124,0.60196,0.58561,0.10602,14.84701,0,0.43046,0.29718,0.92927,0.00401,1,0,participant_30,question_2,No-Timer,False,Question
0.0,0,42,0,0.46191,0.21282,0,0.8901,0.87593,0.08746,341,110.06988,1,0.47614,0.00276,-0.04013,0.07547,0.61734,0.32962,0.09377,16.71925,0,0.49335,0.12847,0.93523,0.00382,1,0,0.01995,0.07124,0.60196,0.58561,0.10602,14.84701,0,0.43046,0.29718,0.92927,0.00401,1,0,participant_30,question_2,No-Timer,False,Question
0.0,0,42,0,0.46191,0.21282,0,0.8901,0.87593,0.09382,341,110.06988,1,0.47614,0.00276,-0.04013,0.07547,0.61734,0.32962,0.09377,16.71925,0,0.49335,0.12847,0.93523,0.00382,1,0,0.01995,0.07124,0.60196,0.58561,0.10602,14.84701,0,0.43046,0.29718,0.92927,0.00401,1,0,participant_30,question_2,No-Timer,False,Question
0.0,0,42,0,0.46191,0.21282,0,0.8901,0.87593,0.09382,341,110.06988,0,0.47546,0.00898,-0.04013,0.07547,0.61734,0.32962,0.09377,16.71925,0,0.49335,0.12847,0.92927,0.00382,1,0,0.01995,0.07124,0.60196,0.58561,0.10602,14.84701,0,0.43046,0.29718,0.92927,0.00401,1,0,participant_30,question_2,No-Timer,False,Question
0.0,0,42,0,0.46191,0.21282,0,0.8901,0.87593,0.09382,341,110.06988,0,0.47546,0.00898,-0.04013,0.07547,0.61734,0.32962,0.09377,16.71925,0,0.49335,0.12847,0.92927,0.00382,1,0,0.01995,0.07124,0.60196,0.58561,0.10602,14.84701,0,0.43046,0.29718,0.92927,0.00401,1,0,participant_30,question_2,No-Timer,False,Question
0.0,0,42,0,0.46191,0.21282,0,0.8901,0.87593,0.09382,341,110.06988,0,0.47546,0.00898,-0.04013,0.07547,0.61734,0.32962,0.09377,16.71925,0,0.49335,0.12847,0.92927,0.00382,1,0,0.01995,0.07124,0.60196,0.58561,0.10602,14.84701,0,0.43046,0.29718,0.92927,0.00401,1,0,participant_30,question_2,No-Timer,False,Question
0.0,64,42,0,0.46191,0.21282,0,0.8901,0.87593,0.09382,341,110.06988,0,0.0,0.0,-0.04013,0.07547,0.61734,0.32962,0.09377,16.71925,0,0.49335,0.12847,0.92927,0.00382,1,0,0.01995,0.07124,0.60196,0.58561,0.10602,14.84701,0,0.43046,0.29718,0.92927,0.00401,1,0,participant_30,question_2,No-Timer,True,Question
0.0,64,42,0,0.46191,0.21282,0,0.8901,0.87593,0.09382,341,110.06988,0,0.0,0.0,-0.04013,0.07547,0.61734,0.32962,0.09377,16.71925,0,0.49335,0.12847,0.92927,0.00382,1,0,0.01995,0.07124,0.60196,0.58561,0.10602,14.84701,0,0.43046,0.29718,0.92927,0.00401,1,0,participant_30,question_2,No-Timer,True,Question
0.0,64,42,0,0.46191,0.21282,0,0.8901,0.87593,0.09382,341,110.06988,0,0.0,0.0,-0.04013,0.07547,0.61734,0.32962,0.09377,16.71925,0,0.49335,0.12847,0.92927,0.00382,1,0,0.01995,0.07124,0.60196,0.58561,0.10602,14.84701,0,0.43046,0.29718,0.92927,0.00401,1,0,participant_30,question_2,No-Timer,True,Question
0.0,64,42,0,0.46191,0.21282,0,0.8901,0.87593,0.09382,341,110.06988,0,0.0,0.0,-0.04013,0.07547,0.61734,0.32962,0.09377,16.71925,0,0.49335,0.12847,0.92927,0.00382,1,0,0.01995,0.07124,0.60196,0.58561,0.10602,14.84701,0,0.43046,0.29718,0.92927,0.00401,1,0,participant_30,question_2,No-Timer,True,Question
0.0,64,42,0,0.46191,0.21282,0,0.8901,0.87593,0.09382,341,110.06988,0,0.0,0.0,-0.04013,0.07547,0.61734,0.32962,0.09377,16.71925,0,0.49335,0.12847,0.92927,0.00382,1,0,0.01995,0.07124,0.60196,0.58561,0.10602,14.84701,0,0.43046,0.29718,0.92927,0.00401,1,0,participant_30,question_2,No-Timer,True,Question
0.0,64,42,0,0.46191,0.21282,0,0.8901,0.87593,0.09382,341,110.06988,0,0.0,0.0,-0.04013,0.07547,0.61734,0.32962,0.09377,16.71925,0,0.49335,0.12847,0.92927,0.00382,1,0,0.01995,0.07124,0.60196,0.58561,0.10602,14.84701,0,0.43046,0.29718,0.92927,0.00401,1,0,participant_30,question_2,No-Timer,True,Question
0.0,64,42,0,0.46191,0.21282,0,0.8901,0.87593,0.09382,341,110.06988,0,0.0,0.0,-0.04013,0.07547,0.61734,0.32962,0.09377,16.71925,0,0.49335,0.12847,0.92927,0.00382,1,0,0.01995,0.07124,0.60196,0.58561,0.10602,14.84701,0,0.43046,0.29718,0.92927,0.00401,1,0,participant_30,question_2,No-Timer,True,Question
0.0,64,42,0,0.46191,0.21282,0,0.8901,0.87593,0.09382,341,110.06988,0,0.0,0.0,-0.04013,0.07547,0.61734,0.32962,0.09377,16.71925,0,0.49335,0.12847,0.92927,0.00382,1,0,0.01995,0.07124,0.60196,0.58561,0.10602,14.84701,0,0.43046,0.29718,0.92927,0.00401,1,0,participant_30,question_2,No-Timer,True,Question
0.0,64,42,0,0.46191,0.21282,0,0.8901,0.87593,0.09382,341,110.06988,0,0.0,0.0,-0.04013,0.07547,0.61734,0.32962,0.09377,16.71925,0,0.49335,0.12847,0.92927,0.00382,1,0,0.01995,0.07124,0.60196,0.58561,0.10602,14.84701,0,0.43046,0.29718,0.92927,0.00401,1,0,participant_30,question_2,No-Timer,True,Question
0.0,64,42,0,0.46191,0.21282,0,0.8901,0.87593,0.09382,341,110.06988,0,0.0,0.0,-0.04013,0.07547,0.61734,0.32962,0.09377,16.71925,0,0.49335,0.12847,0.92927,0.00382,1,0,0.01995,0.07124,0.60196,0.58561,0.10602,14.84701,0,0.43046,0.29718,0.92927,0.00401,1,0,participant_30,question_2,No-Timer,True,Question
0.0,64,42,0,0.46191,0.21282,0,0.8901,0.87593,0.09382,341,110.06988,0,0.0,0.0,-0.04013,0.07547,0.61734,0.32962,0.09377,16.71925,0,0.49335,0.12847,0.92927,0.00382,1,0,0.01995,0.07124,0.60196,0.58561,0.10602,14.84701,0,0.43046,0.29718,0.92927,0.00401,1,0,participant_30,question_2,No-Timer,True,Question
0.0,64,42,0,0.46191,0.21282,0,0.8901,0.87593,0.09382,341,110.06988,0,0.0,0.0,-0.04013,0.07547,0.61734,0.32962,0.09377,16.71925,0,0.49335,0.12847,0.92927,0.00382,1,0,0.01995,0.07124,0.60196,0.58561,0.10602,14.84701,0,0.43046,0.29718,0.92927,0.00401,1,0,participant_30,question_2,No-Timer,True,Question
0.0,64,42,0,0.46191,0.21282,0,0.8901,0.87593,0.09382,341,110.06988,0,0.0,0.0,-0.04013,0.07547,0.61734,0.32962,0.09377,16.71925,0,0.49335,0.12847,0.92927,0.00382,1,0,0.01995,0.07124,0.60196,0.58561,0.10602,14.84701,0,0.43046,0.29718,0.92927,0.00401,1,0,participant_30,question_2,No-Timer,True,Question
0.0,64,42,0,0.46191,0.21282,0,0.8901,0.87593,0.09382,341,110.06988,0,0.0,0.0,-0.04013,0.07547,0.61734,0.32962,0.09377,16.71925,0,0.49335,0.12847,0.92927,0.00382,1,0,0.01995,0.07124,0.60196,0.58561,0.10602,14.84701,0,0.43046,0.29718,0.92927,0.00401,1,0,participant_30,question_2,No-Timer,True,Question
0.0,64,42,0,0.46191,0.21282,0,0.8901,0.87593,0.09382,341,110.06988,0,0.0,0.0,-0.04013,0.07547,0.61734,0.32962,0.09377,16.71925,0,0.49335,0.12847,0.92927,0.00382,1,0,0.01995,0.07124,0.60196,0.58561,0.10602,14.84701,0,0.43046,0.29718,0.92927,0.00401,1,0,participant_30,question_2,No-Timer,True,Question
0.0,64,42,0,0.46191,0.21282,0,0.8901,0.87593,0.09382,341,110.06988,0,0.0,0.0,-0.04013,0.07547,0.61734,0.32962,0.09377,16.71925,0,0.49335,0.12847,0.92927,0.00382,1,0,0.01995,0.07124,0.60196,0.58561,0.10602,14.84701,0,0.43046,0.29718,0.92927,0.00401,1,0,participant_30,question_2,No-Timer,True,Question
0.0,64,42,0,0.46191,0.21282,0,0.8901,0.87593,0.09382,341,110.06988,0,0.0,0.0,-0.04013,0.07547,0.61734,0.32962,0.09377,16.71925,0,0.49335,0.12847,0.92927,0.00382,1,0,0.01995,0.07124,0.60196,0.58561,0.10602,14.84701,0,0.43046,0.29718,0.92927,0.00401,1,0,participant_30,question_2,No-Timer,True,Question
0.1141,0,43,1,0.49329,0.12779,0,0.8901,0.87593,0.09382,341,110.06988,0,0.24665,0.0639,-0.04191,0.07743,0.63809,0.3279,0.09353,20.3471,1,0.49329,0.12779,0.93589,0.00435,1,1,0.01995,0.07124,0.60196,0.58561,0.10602,14.84701,0,0.43046,0.29718,0.93589,0.00401,1,0,participant_30,question_2,No-Timer,True,Question
0.0,0,43,1,0.49032,-0.03571,0,0.8901,0.87593,0.09382,341,110.06988,0,0.49181,0.04604,-0.04191,0.07743,0.63809,0.32791,0.09375,20.727,1,0.47509,-0.04394,0.94251,0.00424,1,1,0.01995,0.07124,0.60196,0.58544,0.10537,19.75862,1,0.50555,-0.02747,0.94251,0.0045,1,1,participant_30,question_2,No-Timer,True,Other
0.0,0,43,1,0.48307,-0.0358,0,0.8901,0.87593,0.09382,341,110.06988,0,0.48744,0.00512,-0.04191,0.07743,0.63809,0.32777,0.09375,20.76211,1,0.46493,-0.04782,0.94913,0.0042,1,1,0.01995,0.07124,0.60196,0.58542,0.10535,19.72738,1,0.50121,-0.02378,0.94913,0.0045,1,1,participant_30,question_2,No-Timer,True,Other
0.0,0,43,1,0.48307,-0.03931,0,0.8901,0.87593,0.09382,341,110.06988,0,0.48598,-0.00969,-0.04123,0.07599,0.62698,0.32776,0.09372,20.60754,1,0.46493,-0.04782,0.94913,0.00428,1,1,0.02036,0.07299,0.62141,0.58542,0.10535,19.72738,1,0.5012,-0.03081,0.95509,0.0045,1,1,participant_30,question_2,No-Timer,True,Other
0.0,0,43,1,0.49129,-0.02309,0,0.8901,0.87593,0.02034,342,110.31067,1,0.48731,-0.01304,-0.04123,0.07599,0.62698,0.32775,0.0943,20.25151,1,0.48484,-0.02738,0.94847,0.00448,1,1,0.02036,0.07299,0.62141,0.58505,0.10575,19.55581,1,0.49773,-0.01879,0.95443,0.00446,1,1,participant_30,question_2,No-Timer,True,Other
0.0,0,43,1,0.48994,-0.01586,0,0.8901,0.87593,0.02714,342,110.31067,1,0.48783,-0.0136,-0.04123,0.07599,0.62698,0.32778,0.09415,20.18865,1,0.47936,-0.01155,0.94781,0.00443,1,1,0.02036,0.07299,0.62141,0.58505,0.10575,19.55581,1,0.50051,-0.02017,0.95376,0.00446,1,1,participant_30,question_2,No-Timer,True,Other
0.0,0,43,1,0.49027,-0.00818,0,0.8901,0.87593,0.03374,342,110.31067,1,0.48824,-0.0127,-0.03961,0.07284,0.60177,0.32777,0.09422,20.06227,1,0.48,-0.00395,0.94119,0.00446,1,1,0.02036,0.07299,0.62141,0.58502,0.10579,19.61881,1,0.50053,-0.01242,0.94715,0.00442,1,1,participant_30,question_2,No-Timer,True,Other
0.0,0,43,1,0.48221,-0.0126,0,0.8901,0.87593,0.04025,342,110.31067,1,0.48738,-0.01269,-0.03961,0.07284,0.60177,0.32756,0.0942,20.59476,1,0.4775,-0.00049,0.94119,0.00441,1,1,0.02036,0.07299,0.62141,0.58508,0.10603,19.71367,1,0.48691,-0.02472,0.94119,0.00439,1,1,participant_30,question_2,No-Timer,True,Other
0.0,0,43,1,0.48256,-0.00848,0,0.8901,0.87593,0.04723,342,110.31067,1,0.48677,-0.01216,-0.03961,0.07284,0.60177,0.32751,0.09422,20.75379,1,0.47837,0.00754,0.93523,0.0044,1,1,0.02036,0.07299,0.62141,0.58504,0.10592,19.20495,1,0.48675,-0.02451,0.93523,0.00435,1,1,participant_30,question_2,No-Timer,True,Other
0.0,0,43,1,0.4826,-0.00491,0,0.8901,0.87593,0.05363,342,110.31067,1,0.48631,-0.01135,-0.04102,0.07534,0.62237,0.3275,0.09424,20.74884,1,0.47837,0.00754,0.93523,0.00441,1,1,0.01991,0.07155,0.60921,0.58502,0.10594,19.37991,1,0.48684,-0.01736,0.92927,0.00433,1,1,participant_30,question_2,No-Timer,True,Other
0.0,0,43,1,0.4773,0.00542,0,0.8901,0.87593,0.06033,342,110.31067,1,0.48541,-0.00968,-0.04102,0.07534,0.62237,0.3274,0.09436,20.79462,1,0.46911,0.02159,0.93523,0.00437,1,1,0.01991,0.07155,0.60921,0.58488,0.10592,19.97128,1,0.48548,-0.01075,0.92927,0.0043,1,1,participant_30,question_2,No-Timer,True,Other
0.0,0,43,1,0.5086,-0.0113,0,0.8901,0.87593,0.06734,342,110.31067,1,0.48752,-0.00982,-0.04102,0.07534,0.62237,0.32737,0.09436,20.87585,1,0.48949,-0.01281,0.93523,0.00436,1,1,0.01991,0.07155,0.60921,0.58488,0.10607,20.06856,1,0.52771,-0.0098,0.92927,0.00424,1,1,participant_30,question_2,No-Timer,True,Other
0.0,0,43,1,0.50844,-0.02263,0,0.8901,0.87593,0.07395,342,110.31067,1,0.48926,-0.01089,-0.04195,0.07696,0.6358,0.32739,0.09441,20.62304,1,0.48891,-0.02052,0.94185,0.00438,1,1,0.02021,0.07279,0.61978,0.58482,0.10618,20.14526,1,0.52798,-0.02474,0.94185,0.00428,1,1,participant_30,question_2,No-Timer,True,Other
0.0,0,43,1,0.48814,-0.00126,0,0.8901,0.87593,0.08044,342,110.31067,1,0.48918,-0.01015,-0.04195,0.07696,0.6358,0.32727,0.09464,20.61806,1,0.48551,-0.02036,0.94847,0.00435,1,1,0.02021,0.07279,0.61978,0.58479,0.10607,20.12277,1,0.49077,0.01783,0.95443,0.00424,1,1,participant_30,question_2,No-Timer,True,Other
0.0,0,43,1,0.50073,-0.01444,0,0.8901,0.87593,0.08763,342,110.31067,1,0.49,-0.01046,-0.04195,0.07696,0.6358,0.32707,0.09455,20.38631,1,0.4898,-0.03106,0.96105,0.00433,1,1,0.02021,0.07279,0.61978,0.58479,0.10609,20.13331,1,0.51165,0.00217,0.967,0.00423,1,1,participant_30,question_2,No-Timer,True,Other
0.0,0,43,1,0.50023,-0.0288,0,0.8901,0.87593,0.09407,342,110.31067,1,0.49068,-0.01168,-0.04195,0.07696,0.6358,0.32709,0.09457,20.51167,1,0.48872,-0.04555,0.97362,0.00433,1,1,0.02021,0.07279,0.61978,0.58467,0.10614,20.24722,1,0.51174,-0.01205,0.97958,0.00425,1,1,participant_30,question_2,No-Timer,True,Other
0.0,0,43,1,0.49194,-0.05036,0,0.8901,0.87593,0.10051,342,110.31067,1,0.49076,-0.0141,-0.04195,0.07696,0.6358,0.32708,0.0947,20.60782,1,0.47463,-0.04057,0.97958,0.00427,1,1,0.02021,0.07279,0.61978,0.58464,0.10614,20.38035,1,0.50925,-0.06016,0.97958,0.00423,1,1,participant_30,question_2,No-Timer,True,Other
0.0,0,43,1,0.49036,-0.06299,0,0.8901,0.87593,0.10745,342,110.31067,1,0.49074,-0.01697,-0.04195,0.07696,0.6358,0.32706,0.09466,20.58081,1,0.4713,-0.08177,0.97958,0.00429,1,1,0.02021,0.07279,0.61978,0.58473,0.10597,20.28912,1,0.50943,-0.0442,0.97958,0.00414,1,1,participant_30,question_2,No-Timer,True,Other
0.0,0,43,1,0.49036,-0.06299,0,0.8901,0.87593,0.11437,342,110.31067,1,0.49072,-0.01953,-0.04195,0.07696,0.6358,0.32694,0.09478,20.57914,1,0.4713,-0.08177,0.97958,0.00433,1,1,0.02016,0.07294,0.62101,0.58472,0.10598,20.26959,1,0.50943,-0.0442,0.97958,0.00414,1,1,participant_30,question_2,No-Timer,True,Other
0.0,0,43,1,0.48954,-0.0721,0,0.8901,0.87593,0.12111,342,110.31067,1,0.49066,-0.0223,-0.04195,0.07696,0.6358,0.32693,0.09477,20.65454,1,0.47074,-0.0741,0.97958,0.00429,1,1,0.02016,0.07294,0.62101,0.58463,0.10611,20.17037,1,0.50834,-0.07011,0.97958,0.0041,1,1,participant_30,question_2,No-Timer,True,Other
0.0,0,42,1,0.4863,-0.06963,0,0.8901,0.87593,0.12765,342,110.31067,1,0.49044,-0.02466,-0.04195,0.07696,0.6358,0.32694,0.09473,20.66303,1,0.47356,-0.07269,0.97958,0.00423,1,1,0.02016,0.07294,0.62101,0.58466,0.10634,19.78883,1,0.49903,-0.06656,0.97958,0.00449,1,1,participant_30,question_2,No-Timer,True,Other
0.0,0,42,1,0.48631,-0.06609,0,0.8901,0.87593,0.13466,342,110.31067,1,0.49024,-0.02664,-0.04219,0.07731,0.63948,0.32704,0.09454,20.55717,1,0.47356,-0.07269,0.97958,0.00425,1,1,0.01984,0.07152,0.6097,0.58465,0.10637,19.89695,1,0.49905,-0.05948,0.97362,0.00448,1,1,participant_30,question_2,No-Timer,True,Other
0.0,0,42,1,0.48474,-0.04785,0,0.8901,0.87593,0.14091,342,110.31067,1,0.48999,-0.0276,-0.04219,0.07731,0.63948,0.32716,0.09506,20.39911,1,0.4683,-0.04842,0.97362,0.00453,1,1,0.01984,0.07152,0.6097,0.58448,0.10659,20.0763,1,0.50118,-0.04728,0.96767,0.00457,1,1,participant_30,question_2,No-Timer,True,Other
0.0,0,42,1,0.48282,-0.03508,0,0.8901,0.87593,0.14738,342,110.31067,1,0.48968,-0.02793,-0.04219,0.07731,0.63948,0.32714,0.09505,20.40857,1,0.46857,-0.04183,0.96767,0.00453,1,1,0.01984,0.07152,0.6097,0.58441,0.10646,19.91146,1,0.49707,-0.02833,0.96171,0.00455,1,1,participant_30,question_2,No-Timer,True,Other
0.0,0,42,1,0.48313,-0.03163,0,0.8901,0.87593,0.15435,342,110.31067,1,0.48941,-0.02808,-0.04219,0.07722,0.63948,0.32706,0.09519,20.63721,1,0.4692,-0.03493,0.96171,0.00449,1,1,0.02016,0.07275,0.62101,0.58448,0.10657,20.0578,1,0.49707,-0.02833,0.96171,0.00454,1,1,participant_30,question_2,No-Timer,True,Other
0.0,0,42,1,0.4798,-0.02356,0,0.8901,0.87593,0.16106,342,110.31067,1,0.48902,-0.0279,-0.04219,0.07722,0.63948,0.32709,0.09526,20.60344,1,0.46663,-0.0194,0.96171,0.00449,1,1,0.02016,0.07275,0.62101,0.58453,0.10657,19.75345,1,0.49297,-0.02772,0.96767,0.0045,1,1,participant_30,question_2,No-Timer,True,Other
0.0,0,42,1,0.47939,-0.02488,0,0.8901,0.87593,0.16806,342,110.31067,1,0.48865,-0.02778,-0.04219,0.07722,0.63948,0.32709,0.09526,20.60344,1,0.46453,-0.02136,0.96767,0.00449,1,1,0.02016,0.07275,0.62101,0.58452,0.10674,19.79045,1,0.49424,-0.02839,0.97362,0.00442,1,1,participant_30,question_2,No-Timer,True,Other
0.0,0,42,1,0.47942,-0.02412,0,0.8901,0.87593,0.17476,342,110.31067,1,0.48831,-0.02765,-0.04122,0.07535,0.62402,0.32709,0.09522,20.62658,1,0.4646,-0.02061,0.967,0.00446,1,1,0.02016,0.07275,0.62101,0.58455,0.10677,19.89751,1,0.49424,-0.02763,0.97296,0.00441,1,1,participant_30,question_2,No-Timer,True,Other
0.0,0,42,1,0.47452,-0.00761,0,0.8901,0.87593,0.18121,342,110.31067,1,0.48782,-0.02693,-0.04122,0.07535,0.62402,0.32704,0.0953,20.61083,1,0.4612,-0.00754,0.96634,0.00445,1,1,0.02016,0.07275,0.62101,0.58431,0.10683,20.54293,1,0.48785,-0.00768,0.96634,0.00438,1,1,participant_30,question_2,No-Timer,True,Other
0.0,0,42,1,0.48558,-0.01354,0,0.8901,0.87593,0.18812,342,110.31067,1,0.48774,-0.02647,-0.04122,0.07535,0.62402,0.32654,0.09531,21.02621,1,0.46403,0.0033,0.95972,0.00436,1,1,0.02016,0.07275,0.62101,0.58399,0.10685,20.25448,1,0.50713,-0.03039,0.95972,0.00437,1,1,participant_30,question_2,No-Timer,True,Other
0.0,0,42,1,0.48558,-0.01354,0,0.8901,0.87593,0.1945,342,110.31067,1,0.48767,-0.02604,-0.0412,0.07506,0.6216,0.32635,0.09538,20.77737,1,0.46403,0.0033,0.95972,0.00437,1,1,0.02,0.07285,0.62183,0.58376,0.10682,20.59175,1,0.50713,-0.03039,0.95972,0.00428,1,1,participant_30,question_2,No-Timer,True,Other
0.0,0,42,1,0.43701,-0.05758,0,0.8901,0.87593,0.20098,342,110.31067,1,0.48603,-0.02706,-0.0412,0.07506,0.6216,0.32575,0.09533,21.00043,1,0.43019,-0.04069,0.96634,0.00434,1,1,0.02,0.07285,0.62183,0.58285,0.10695,20.6781,1,0.44383,-0.07447,0.96634,0.00432,1,1,participant_30,question_2,No-Timer,True,Other
0.0,0,42,1,0.45092,-0.06398,0,0.8901,0.87593,0.20767,342,110.31067,1,0.48494,-0.02821,-0.0412,0.07506,0.6216,0.32581,0.0954,21.06539,1,0.43275,-0.05261,0.97296,0.00435,1,1,0.02,0.07285,0.62183,0.58284,0.107,20.71247,1,0.46908,-0.07535,0.97296,0.00431,1,1,participant_30,question_2,No-Timer,True,Other
0.0,0,42,1,0.45037,-0.07184,0,0.8901,0.87593,0.21475,342,110.31067,1,0.48389,-0.02953,-0.0412,0.07506,0.6216,0.32574,0.09546,21.2751,1,0.43184,-0.06033,0.97958,0.00437,1,1,0.02,0.07285,0.62183,0.58278,0.10699,20.89003,1,0.46889,-0.08335,0.97958,0.00428,1,1,participant_30,question_2,No-Timer,True,Other
0.0,0,42,1,0.4406,-0.07461,0,0.8901,0.87593,0.22129,342,110.31067,1,0.48262,-0.03086,-0.0412,0.07506,0.6216,0.32582,0.0954,21.03721,1,0.43143,-0.061,0.97958,0.00435,1,1,0.02,0.07285,0.62183,0.58292,0.10699,20.86609,1,0.44978,-0.08822,0.97958,0.00429,1,1,participant_30,question_2,No-Timer,True,Other
0.0,0,42,1,0.45443,-0.0645,0,0.8901,0.87593,0.228,342,110.31067,1,0.48181,-0.03182,-0.0412,0.07506,0.6216,0.32574,0.09548,21.23226,1,0.43529,-0.0546,0.97958,0.00435,1,1,0.02,0.07285,0.62183,0.58299,0.10718,20.84138,1,0.47357,-0.0744,0.97958,0.00437,1,1,participant_30,question_2,No-Timer,True,Other
0.0,0,42,1,0.45443,-0.0645,0,0.8901,0.87593,0.23512,342,110.31067,1,0.48105,-0.03273,-0.0412,0.07506,0.6216,0.32574,0.09548,21.23112,1,0.43529,-0.0546,0.97958,0.00435,1,1,0.02,0.07285,0.62183,0.58291,0.10724,21.00897,1,0.47357,-0.0744,0.97958,0.00437,1,1,participant_30,question_2,No-Timer,True,Other
0.0,0,42,1,0.45436,-0.06744,0,0.8901,0.87593,0.24142,342,110.31067,1,0.48033,-0.03367,-0.0412,0.07506,0.6216,0.32568,0.09564,21.2123,1,0.43232,-0.05802,0.97958,0.00442,1,1,0.02,0.07285,0.62183,0.58302,0.10719,20.81959,1,0.4764,-0.07685,0.97958,0.00438,1,1,participant_30,question_2,No-Timer,True,Other
0.0,0,42,1,0.45085,-0.06352,0,0.8901,0.87593,0.24818,342,110.31067,1,0.47955,-0.03445,-0.0412,0.07506,0.6216,0.32566,0.09562,21.31077,1,0.42899,-0.04985,0.97958,0.00442,1,1,0.02,0.07285,0.62183,0.58273,0.10718,21.10586,1,0.4727,-0.07719,0.97958,0.00432,1,1,participant_30,question_2,No-Timer,True,Other
0.0,0,42,1,0.45077,-0.0675,0,0.8901,0.87593,0.24818,342,110.31067,0,0.45745,-0.05251,-0.0412,0.07506,0.6216,0.32563,0.09562,21.21812,1,0.42899,-0.04985,0.97958,0.00443,1,1,0.02058,0.07513,0.64132,0.58273,0.10718,21.10586,1,0.47254,-0.08515,0.9862,0.00432,1,1,participant_30,question_2,No-Timer,True,Other
0.0,0,42,1,0.44908,-0.05255,0,0.8901,0.87593,0.24818,342,110.31067,0,0.45326,-0.05253,-0.0412,0.07506,0.6216,0.32563,0.09562,21.21812,1,0.42776,-0.01207,0.9862,0.00443,1,1,0.02058,0.07513,0.64132,0.58271,0.10718,21.18615,1,0.47039,-0.09304,0.99282,0.00432,1,1,participant_30,question_2,No-Timer,True,Other
0.0,0,42,1,0.4432,-0.09423,0,0.8901,0.87593,0.24818,342,110.31067,0,0.44991,-0.06643,-0.0412,0.07506,0.6216,0.32558,0.09563,21.09206,1,0.42394,-0.07383,0.99282,0.00443,1,1,0.02058,0.07513,0.64132,0.58271,0.10718,21.18615,1,0.46247,-0.11464,0.99944,0.00432,1,1,participant_30,question_2,No-Timer,True,Other
0.0,0,42,1,0.44273,-0.09809,0,0.8901,0.87593,0.0201,343,110.56554,1,0.44812,-0.07435,-0.0412,0.07506,0.6216,0.32556,0.0956,21.09204,1,0.423,-0.08154,0.99944,0.00444,1,1,0.01983,0.07257,0.61945,0.58266,0.10712,20.95627,1,0.46247,-0.11464,0.99944,0.00436,1,1,participant_30,question_2,No-Timer,True,Other
0.0,0,42,1,0.44126,-0.08409,0,0.8901,0.87593,0.02695,343,110.56554,1,0.44674,-0.0763,-0.0412,0.07506,0.6216,0.32552,0.0956,20.88585,1,0.42101,-0.05406,0.99944,0.00446,1,1,0.01983,0.07257,0.61945,0.58265,0.10712,20.93534,1,0.46151,-0.11413,0.99282,0.00435,1,1,participant_30,question_2,No-Timer,True,Other
0.0,0,42,1,0.43433,-0.07573,0,0.8901,0.87593,0.03342,343,110.56554,1,0.44468,-0.0762,-0.0412,0.07506,0.6216,0.32546,0.0955,21.29196,1,0.4099,-0.04426,0.99282,0.00444,1,1,0.01983,0.07257,0.61945,0.58258,0.10702,20.77794,1,0.45876,-0.10721,0.9862,0.00433,1,1,participant_30,question_2,No-Timer,True,Other
0.0,0,42,1,0.43618,-0.05306,0,0.8901,0.87593,0.0403,343,110.56554,1,0.44346,-0.0729,-0.17772,0.33003,2.73316,0.32552,0.09545,21.07671,1,0.41291,-0.02246,0.97362,0.00444,0,1,0.01983,0.07257,0.61945,0.58263,0.10675,20.59746,1,0.45945,-0.08366,0.967,0.00432,1,1,participant_30,question_2,No-Timer,True,Other
0.0,0,42,1,0.44076,-0.02057,0,0.8901,0.87593,0.04694,343,110.56554,1,0.44312,-0.06636,-0.17772,0.33003,2.73316,0.32555,0.09527,20.54398,1,0.42287,-0.01525,0.95443,0.00451,0,1,0.01983,0.07257,0.61945,0.58256,0.10672,20.54753,1,0.45864,-0.02588,0.95443,0.00435,1,1,participant_30,question_2,No-Timer,True,Other
0.0,0,42,1,0.46131,-0.00358,0,0.8901,0.87593,0.05354,343,110.56554,1,0.44514,-0.05938,-0.17772,0.33003,2.73316,0.32555,0.09529,20.59451,1,0.44463,0.00439,0.94185,0.00451,0,1,0.01983,0.07257,0.61945,0.58247,0.10671,20.35558,1,0.478,-0.01155,0.94185,0.00435,1,1,participant_30,question_2,No-Timer,True,Other
0.0,0,42,1,0.46182,0.00411,0,0.8901,0.87593,0.06043,343,110.56554,1,0.44681,-0.05303,-0.04076,0.074,0.61286,0.32542,0.09528,21.00525,1,0.4455,0.01195,0.93523,0.00446,1,1,0.01983,0.07257,0.61945,0.58246,0.10677,20.40752,1,0.47814,-0.00374,0.93523,0.00433,1,1,participant_30,question_2,No-Timer,True,Other
0.0,0,42,1,0.45581,0.01431,0,0.8901,0.87593,0.06706,343,110.56554,1,0.44763,-0.04691,-0.04076,0.074,0.61286,0.32518,0.09515,21.07887,1,0.43693,0.00671,0.94119,0.00439,1,1,0.01983,0.07257,0.61945,0.58256,0.10685,20.49881,1,0.47468,0.02192,0.94119,0.00435,1,1,participant_30,question_2,No-Timer,True,Other
0.0,0,42,1,0.45083,-0.00153,0,0.8901,0.87593,0.07381,343,110.56554,1,0.4479,-0.04313,-0.04076,0.074,0.61286,0.32513,0.09522,20.92918,1,0.43232,-0.01213,0.94715,0.00439,1,1,0.01983,0.07257,0.61945,0.58251,0.1069,20.35648,1,0.46934,0.00907,0.94715,0.0044,1,1,participant_30,question_2,No-Timer,True,Other
0.0,0,42,1,0.44975,-0.01604,0,0.8901,0.87593,0.08031,343,110.56554,1,0.44804,-0.04104,-0.0412,0.07472,0.61883,0.32513,0.09526,20.89953,1,0.43053,-0.02665,0.95972,0.0044,1,1,0.01978,0.07272,0.62072,0.58247,0.10688,20.34408,1,0.46897,-0.00542,0.95972,0.00441,1,1,participant_30,question_2,No-Timer,True,Other
0.0,0,42,1,0.45312,-0.02505,0,0.8901,0.87593,0.08705,343,110.56554,1,0.4484,-0.0399,-0.0412,0.07472,0.61883,0.32512,0.09524,20.98039,1,0.4422,-0.03506,0.96634,0.00438,1,1,0.01978,0.07272,0.62072,0.58236,0.10663,20.18707,1,0.46405,-0.01504,0.96634,0.00441,1,1,participant_30,question_2,No-Timer,True,Other
0.0,0,42,1,0.44955,-0.03876,0,0.8901,0.87593,0.09386,343,110.56554,1,0.44848,-0.03983,-0.0412,0.07472,0.61883,0.32509,0.09524,21.05967,1,0.439,-0.04492,0.97296,0.00436,1,1,0.01978,0.07272,0.62072,0.58226,0.10666,20.18008,1,0.4601,-0.0326,0.97296,0.00439,1,1,participant_30,question_2,No-Timer,True,Other
0.0,0,42,1,0.449,-0.04645,0,0.8901,0.87593,0.10055,343,110.56554,1,0.44851,-0.04024,-0.0412,0.07472,0.61883,0.32499,0.09497,20.80986,1,0.43813,-0.05258,0.97958,0.00441,1,1,0.01978,0.07272,0.62072,0.58227,0.10663,20.07685,1,0.45986,-0.04032,0.97958,0.0044,1,1,participant_30,question_2,No-Timer,True,Other
0.0,0,42,1,0.45037,-0.05487,0,0.8901,0.87593,0.10735,343,110.56554,1,0.44862,-0.0411,-0.0412,0.07472,0.61883,0.32492,0.0949,20.56799,1,0.43102,-0.06589,0.97958,0.00442,1,1,0.01978,0.07272,0.62072,0.5822,0.10661,19.78555,1,0.46973,-0.04385,0.97958,0.00449,1,1,participant_30,question_2,No-Timer,True,Other
0.0,0,42,1,0.44781,-0.05572,0,0.8901,0.87593,0.11388,343,110.56554,1,0.44858,-0.04191,-0.0412,0.07472,0.61883,0.32482,0.09462,20.73384,1,0.43176,-0.06688,0.97958,0.00425,1,1,0.01978,0.07272,0.62072,0.58207,0.10672,19.91171,1,0.46386,-0.04455,0.97958,0.00443,1,1,participant_30,question_2,No-Timer,True,Other
0.0,0,42,1,0.4477,-0.05959,0,0.8901,0.87593,0.12096,343,110.56554,1,0.44853,-0.04284,-0.04299,0.07801,0.6456,0.32482,0.09462,20.73384,1,0.43176,-0.06688,0.97958,0.00425,1,1,0.02032,0.07487,0.63911,0.58194,0.10649,19.68086,1,0.46365,-0.0523,0.9862,0.00447,1,1,participant_30,question_2,No-Timer,True,Other
0.0,0,42,1,0.43454,-0.07857,0,0.8901,0.87593,0.12718,343,110.56554,1,0.44783,-0.04463,-0.04299,0.07801,0.6456,0.32475,0.09463,20.50922,1,0.41152,-0.08708,0.9862,0.00426,1,1,0.02032,0.07487,0.63911,0.58182,0.10651,19.93702,1,0.45756,-0.07006,0.99282,0.00442,1,1,participant_30,question_2,No-Timer,True,Other
0.0,0,42,1,0.44141,-0.09306,0,0.8901,0.87593,0.13368,343,110.56554,1,0.44753,-0.04694,-0.04299,0.07801,0.6456,0.32471,0.09462,20.39293,1,0.43025,-0.09601,0.99282,0.00427,1,1,0.02032,0.07487,0.63911,0.58174,0.10634,19.75438,1,0.45257,-0.09012,0.99944,0.00437,1,1,participant_30,question_2,No-Timer,True,Other
0.0,0,42,1,0.44166,-0.08556,0,0.8901,0.87593,0.14058,343,110.56554,1,0.44726,-0.04869,-0.04138,0.07483,0.61935,0.32472,0.09463,20.40618,1,0.43025,-0.09601,0.99282,0.00427,1,1,0.01934,0.07169,0.61117,0.58154,0.10665,19.93771,1,0.45308,-0.07511,0.98686,0.00449,1,1,participant_30,question_2,No-Timer,True,Other
0.0,0,42,1,0.45717,-0.07712,0,0.8901,0.87593,0.14709,343,110.56554,1,0.44769,-0.04993,-0.04138,0.07483,0.61935,0.32447,0.09475,20.24211,1,0.44669,-0.08413,0.98024,0.00422,1,1,0.01934,0.07169,0.61117,0.58169,0.10606,20.03733,1,0.46765,-0.07011,0.96767,0.00428,1,1,participant_30,question_2,No-Timer,True,Other
0.0,0,42,1,0.45332,-0.05477,0,0.8901,0.87593,0.15379,343,110.56554,1,0.44792,-0.05013,-0.04138,0.07483,0.61935,0.3244,0.09476,20.02449,1,0.44148,-0.06408,0.96105,0.00424,1,1,0.01934,0.07169,0.61117,0.58154,0.10597,20.03638,1,0.46516,-0.04547,0.94847,0.0042,1,1,participant_30,question_2,No-Timer,True,Other
0.0,0,42,1,0.45426,-0.04328,0,0.8901,0.87593,0.16074,343,110.56554,1,0.44818,-0.04986,-0.04281,0.07748,0.64008,0.32424,0.09459,20.08504,1,0.44313,-0.0491,0.94847,0.0043,1,1,0.01952,0.07265,0.61855,0.58149,0.10591,19.89682,1,0.46538,-0.03747,0.94185,0.0042,1,1,participant_30,question_2,No-Timer,True,Other
0.0,0,42,1,0.45472,-0.05457,0,0.8901,0.87593,0.1678,343,110.56554,1,0.44843,-0.05004,-0.04281,0.07748,0.64008,0.32413,0.09479,20.39225,1,0.44065,-0.04873,0.94847,0.00425,1,1,0.01952,0.07265,0.61855,0.58128,0.106,18.98037,1,0.46879,-0.06041,0.95443,0.00433,1,1,participant_30,question_2,No-Timer,True,Other
0.0,0,42,1,0.44952,-0.07545,0,0.8901,0.87593,0.17427,343,110.56554,1,0.44847,-0.05098,-0.04281,0.07748,0.64008,0.3241,0.09473,20.34025,1,0.42896,-0.07094,0.96105,0.00426,1,1,0.01952,0.07265,0.61855,0.58131,0.10593,18.92242,1,0.47008,-0.07996,0.967,0.00436,1,1,participant_30,question_2,No-Timer,True,Other
0.0,0,42,1,0.44901,-0.08266,0,0.8901,0.87593,0.18123,343,110.56554,1,0.44849,-0.05211,-0.04172,0.07543,0.62317,0.32404,0.09476,20.35122,1,0.4281,-0.07809,0.967,0.00426,1,1,0.01964,0.07343,0.62517,0.58139,0.10606,19.17144,1,0.46992,-0.08723,0.97296,0.00436,1,1,participant_30,question_2,No-Timer,True,Other
0.0,0,42,1,0.44454,-0.06345,0,0.8901,0.87593,0.18769,343,110.56554,1,0.44835,-0.0525,-0.04172,0.07543,0.62317,0.32373,0.09465,19.74465,1,0.42513,-0.07863,0.96634,0.00429,1,1,0.01964,0.07343,0.62517,0.58087,0.10558,19.45051,1,0.46395,-0.04828,0.96634,0.00439,1,1,participant_30,question_2,No-Timer,True,Other
0.0,0,42,1,0.4283,-0.0784,0,0.8901,0.87593,0.19419,343,110.56554,1,0.44768,-0.05336,-0.04172,0.07543,0.62317,0.32329,0.09465,20.1635,1,0.41914,-0.07382,0.95972,0.00433,1,1,0.01964,0.07343,0.62517,0.5806,0.10605,19.33374,1,0.43746,-0.08297,0.95972,0.00434,1,1,participant_30,question_2,No-Timer,True,Other
0.0,0,42,1,0.4283,-0.0784,0,0.8901,0.87593,0.20065,343,110.56554,1,0.44706,-0.05417,-0.04325,0.07794,0.64385,0.32316,0.09476,20.04398,1,0.41914,-0.07382,0.95972,0.00428,1,1,0.01935,0.07267,0.61875,0.58037,0.10601,19.07841,1,0.43746,-0.08297,0.95972,0.00419,1,1,participant_30,question_2,No-Timer,True,Other
0.0,0,42,1,0.4428,-0.02589,0,0.8901,0.87593,0.20757,343,110.56554,1,0.44693,-0.05329,-0.04325,0.07794,0.64385,0.32325,0.09456,19.84309,1,0.42927,-0.05036,0.96634,0.00425,1,1,0.01935,0.07267,0.61875,0.58021,0.10601,19.39815,1,0.45633,-0.00143,0.96634,0.00425,1,1,participant_30,question_2,No-Timer,True,Other
0.0,0,42,1,0.43981,-0.04794,0,0.8901,0.87593,0.21443,343,110.56554,1,0.44671,-0.05313,-0.04325,0.07794,0.64385,0.32342,0.09484,19.91077,1,0.42561,-0.06326,0.97296,0.0044,1,1,0.01935,0.07267,0.61875,0.58034,0.10597,19.04303,1,0.45401,-0.03263,0.97296,0.00427,1,1,participant_30,question_2,No-Timer,True,Other
0.0,0,42,1,0.43981,-0.04794,0,0.8901,0.87593,0.22099,343,110.56554,1,0.44651,-0.05297,-0.04174,0.07513,0.62062,0.32342,0.09484,19.91077,1,0.42561,-0.06326,0.97296,0.0044,1,1,0.01947,0.07349,0.62571,0.5803,0.10584,19.07446,1,0.45401,-0.03263,0.97296,0.00423,1,1,participant_30,question_2,No-Timer,True,Other
0.0,0,42,1,0.42831,-0.02263,0,0.8901,0.87593,0.22766,343,110.56554,1,0.44599,-0.05211,-0.04174,0.07513,0.62062,0.32316,0.09455,19.81705,1,0.4073,-0.02208,0.96634,0.00427,1,1,0.01947,0.07349,0.62571,0.58021,0.10592,19.20062,1,0.44933,-0.02317,0.96634,0.00428,1,1,participant_30,question_2,No-Timer,True,Other
0.0,0,42,1,0.42463,-0.01503,0,0.8901,0.87593,0.23416,343,110.56554,1,0.44539,-0.05108,-0.04174,0.07513,0.62062,0.32299,0.09447,19.44151,1,0.40476,-0.0088,0.95972,0.00434,1,1,0.01947,0.07349,0.62571,0.58013,0.10598,19.40793,1,0.4445,-0.02126,0.95972,0.00429,1,1,participant_30,question_2,No-Timer,True,Other
0.0,0,42,1,0.42535,-0.00739,0,0.8901,0.87593,0.24116,343,110.56554,1,0.44485,-0.0499,-0.04144,0.07443,0.61487,0.3229,0.0946,19.34569,1,0.40586,-0.00127,0.9531,0.00431,1,1,0.01947,0.07349,0.62571,0.57998,0.106,19.1971,1,0.44483,-0.01351,0.9531,0.00433,1,1,participant_30,question_2,No-Timer,True,Other
0.0,0,42,1,0.43068,-0.01214,0,0.8901,0.87593,0.24776,343,110.56554,1,0.44448,-0.0489,-0.04144,0.07443,0.61487,0.32286,0.09457,19.35558,1,0.42263,-0.00188,0.9531,0.00435,1,1,0.01947,0.07349,0.62571,0.57989,0.1058,19.04099,1,0.43872,-0.02241,0.9531,0.0043,1,1,participant_30,question_2,No-Timer,True,Other
0.0,0,42,1,0.42349,-0.01783,0,0.8901,0.87593,0.25446,343,110.56554,1,0.44394,-0.04811,-0.04144,0.07443,0.61487,0.32274,0.09432,19.25574,1,0.41681,-0.01621,0.9531,0.00427,1,1,0.01947,0.07349,0.62571,0.57987,0.10582,19.04871,1,0.43017,-0.01946,0.9531,0.00436,1,1,participant_30,question_2,No-Timer,True,Other
0.0,0,42,1,0.42349,-0.01783,0,0.8901,0.87593,0.26181,343,110.56554,1,0.44343,-0.04735,-0.04144,0.07443,0.61487,0.32276,0.09436,19.26717,1,0.41681,-0.01621,0.9531,0.00429,1,1,0.01947,0.07349,0.62571,0.5798,0.1058,18.91016,1,0.43017,-0.01946,0.9531,0.0044,1,1,participant_30,question_2,No-Timer,True,Other
0.0,0,42,1,0.44405,-0.02082,0,0.8901,0.87593,0.26799,343,110.56554,1,0.44345,-0.0467,-0.04144,0.07443,0.61487,0.32274,0.09432,19.38653,1,0.4365,-0.0184,0.9531,0.00423,1,1,0.01947,0.07349,0.62571,0.57976,0.10568,18.74223,1,0.4516,-0.02325,0.9531,0.00437,1,1,participant_30,question_2,No-Timer,True,Other
0.0,0,42,1,0.44017,-0.02127,0,0.8901,0.87593,0.27455,343,110.56554,1,0.44337,-0.0461,-0.04144,0.07443,0.61487,0.32272,0.09427,19.32175,1,0.43583,-0.01851,0.9531,0.0043,1,1,0.01947,0.07349,0.62571,0.57969,0.10585,18.61337,1,0.44451,-0.02402,0.9531,0.00439,1,1,participant_30,question_2,No-Timer,True,Other
0.0,0,42,1,0.43954,-0.029,0,0.8901,0.87593,0.28125,343,110.56554,1,0.44328,-0.0457,-0.04287,0.07691,0.63533,0.32275,0.09434,19.33443,1,0.43491,-0.02615,0.95972,0.00432,1,1,0.01932,0.07329,0.62402,0.57983,0.10595,18.95646,1,0.44418,-0.03186,0.95972,0.00439,1,1,participant_30,question_2,No-Timer,True,Other
0.0,0,42,1,0.43311,-0.04549,0,0.8901,0.87593,0.28795,343,110.56554,1,0.44305,-0.04569,-0.04287,0.07691,0.63533,0.32236,0.09426,19.49028,1,0.42276,-0.04043,0.96634,0.00432,1,1,0.01932,0.07329,0.62402,0.57978,0.1059,19.00211,1,0.44346,-0.05055,0.96634,0.0044,1,1,participant_30,question_2,No-Timer,True,Other
0.0,0,42,1,0.43184,-0.05276,0,0.8901,0.87593,0.29496,343,110.56554,1,0.4428,-0.04585,-0.04287,0.07691,0.63533,0.32238,0.09413,19.50435,1,0.41988,-0.0476,0.97296,0.00429,1,1,0.01932,0.07329,0.62402,0.57982,0.10591,18.93793,1,0.4438,-0.05792,0.97296,0.00439,1,1,participant_30,question_2,No-Timer,True,Other
0.0,0,42,1,0.43118,-0.06056,0,0.8901,0.87593,0.30168,343,110.56554,1,0.44255,-0.04617,-0.04287,0.07691,0.63533,0.32227,0.09414,19.25451,1,0.41889,-0.05529,0.97958,0.00431,1,1,0.01932,0.07329,0.62402,0.57972,0.1059,19.10294,1,0.44347,-0.06582,0.97958,0.00434,1,1,participant_30,question_2,No-Timer,True,Other
0.0,0,42,1,0.43212,-0.06822,0,0.8901,0.87593,0.30824,343,110.56554,1,0.44232,-0.04664,-0.04287,0.07691,0.63533,0.32226,0.09427,19.37446,1,0.41006,-0.06992,0.97958,0.00433,1,1,0.01932,0.07329,0.62402,0.57951,0.10582,18.76691,1,0.45419,-0.06653,0.97958,0.00431,1,1,participant_30,question_2,No-Timer,True,Other
0.0,0,42,1,0.4296,-0.06196,0,0.8901,0.87593,0.31493,343,110.56554,1,0.44206,-0.04696,-0.04287,0.07691,0.63533,0.32227,0.09429,19.31959,1,0.40861,-0.07058,0.97958,0.00435,1,1,0.01932,0.07329,0.62402,0.57936,0.10567,18.62305,1,0.4506,-0.05334,0.97958,0.00423,1,1,participant_30,question_2,No-Timer,True,Other
0.0,0,42,1,0.43088,-0.04712,0,0.8901,0.87593,0.32191,343,110.56554,1,0.44151,-0.04685,-0.18097,0.3308,2.73273,0.32222,0.09432,19.33279,1,0.41061,-0.05576,0.967,0.00435,0,1,0.01896,0.07225,0.6152,0.57936,0.10566,18.63914,1,0.45115,-0.03849,0.967,0.00422,1,1,participant_30,question_2,No-Timer,True,Other
0.0,0,42,1,0.43575,-0.03275,0,0.8901,0.87593,0.32827,343,110.56554,1,0.44123,-0.04643,-0.18097,0.3308,2.73273,0.32227,0.09451,19.42014,1,0.43038,-0.03036,0.95443,0.00436,0,1,0.01896,0.07225,0.6152,0.57936,0.1057,18.59701,1,0.44113,-0.03515,0.95443,0.00425,1,1,participant_30,question_2,No-Timer,True,Other
0.0,0,42,1,0.43092,-0.0141,0,0.8901,0.87593,0.33498,343,110.56554,1,0.44097,-0.04476,-0.18097,0.3308,2.73273,0.32193,0.0945,19.49522,1,0.42417,-0.0108,0.94185,0.00429,0,1,0.01896,0.07225,0.6152,0.57914,0.10583,18.70019,1,0.43767,-0.01739,0.94185,0.00427,1,1,participant_30,question_2,No-Timer,True,Other
0.0,0,42,1,0.43161,-0.00632,0,0.8901,0.87593,0.34161,343,110.56554,1,0.44074,-0.04285,-0.04158,0.07434,0.61409,0.32191,0.09449,19.59848,1,0.42518,-0.00312,0.93523,0.00429,1,1,0.01896,0.07225,0.6152,0.57904,0.10595,18.93354,1,0.43805,-0.00951,0.93523,0.00428,1,1,participant_30,question_2,No-Timer,True,Other
0.0,0,42,1,0.44327,-0.00039,0,0.8901,0.87593,0.34824,343,110.56554,1,0.44078,-0.04111,-0.04158,0.07434,0.61409,0.32204,0.09427,19.36733,1,0.45123,-0.00047,0.94119,0.00417,1,1,0.01896,0.07225,0.6152,0.579,0.10589,18.70783,1,0.43531,-0.00032,0.94119,0.00425,1,1,participant_30,question_2,No-Timer,True,Other
0.0,0,42,1,0.46229,0.01217,0,0.8901,0.87593,0.35549,343,110.56554,1,0.44136,-0.03928,-0.04158,0.07434,0.61409,0.32273,0.09447,19.25749,1,0.44341,0.00643,0.94715,0.00424,1,1,0.01896,0.07225,0.6152,0.57969,0.10567,18.51983,1,0.48116,0.01791,0.94715,0.00436,1,1,participant_30,question_2,No-Timer,True,Other
0.0,0,42,1,0.46134,-0.00214,0,0.8901,0.87593,0.36166,343,110.56554,1,0.44189,-0.03822,-0.04287,0.07691,0.63533,0.32272,0.09433,18.99502,1,0.44175,-0.00783,0.95972,0.00425,1,1,0.01932,0.07329,0.62402,0.57981,0.10574,18.81941,1,0.48092,0.00356,0.95972,0.00427,1,1,participant_30,question_2,No-Timer,True,Other
0.0,0,42,1,0.49759,-0.04332,0,0.8901,0.87593,0.36812,343,110.56554,1,0.44307,-0.03869,-0.04287,0.07691,0.63533,0.3237,0.09448,19.23597,1,0.48641,-0.07968,0.96634,0.00426,1,1,0.01932,0.07329,0.62402,0.58055,0.10591,18.73833,1,0.50876,-0.00696,0.96634,0.0044,1,1,participant_30,question_2,No-Timer,True,Other
0.0,0,42,1,0.48886,-0.03856,0,0.8901,0.87593,0.3753,343,110.56554,1,0.44365,-0.03942,-0.04287,0.07691,0.63533,0.3237,0.09457,19.23967,1,0.4794,-0.07036,0.97296,0.00423,1,1,0.01932,0.07329,0.62402,0.58055,0.10578,18.6882,1,0.49832,-0.00675,0.97296,0.00433,1,1,participant_30,question_2,No-Timer,True,Other
0.0,0,42,1,0.48886,-0.03856,0,0.8901,0.87593,0.38172,343,110.56554,1,0.44421,-0.04031,-0.04139,0.07428,0.61402,0.3237,0.09457,19.23967,1,0.4794,-0.07036,0.97296,0.00423,1,1,0.01932,0.07329,0.62402,0.58052,0.10573,18.62958,1,0.49832,-0.00675,0.97296,0.00434,1,1,participant_30,question_2,No-Timer,True,Other
0.0,0,42,1,0.49312,-0.04381,0,0.8901,0.87593,0.38842,343,110.56554,1,0.44499,-0.04152,-0.04139,0.07428,0.61402,0.32342,0.09467,19.25909,1,0.48095,-0.07428,0.96634,0.00413,1,1,0.01932,0.07329,0.62402,0.5803,0.10591,18.44806,1,0.50528,-0.01335,0.96634,0.00428,1,1,participant_30,question_2,No-Timer,True,Other
0.0,0,42,1,0.48962,-0.03158,0,0.8901,0.87593,0.39543,343,110.56554,1,0.4458,-0.04215,-0.04139,0.07428,0.61402,0.32332,0.09462,19.14743,1,0.47775,-0.05751,0.95972,0.00416,1,1,0.01932,0.07329,0.62402,0.58,0.10586,17.83341,1,0.50149,-0.00566,0.95972,0.00427,1,1,participant_30,question_2,No-Timer,True,Other
0.0,0,42,1,0.48962,-0.03158,0,0.8901,0.87593,0.39543,343,110.56554,0,0.46774,-0.02258,-0.04295,0.07699,0.63643,0.32326,0.09463,19.1762,1,0.47775,-0.05751,0.95972,0.00416,1,1,0.01896,0.07225,0.6152,0.57995,0.10586,18.16579,1,0.50149,-0.00566,0.95972,0.00421,1,1,participant_30,question_2,No-Timer,True,Other
0.0,0,42,1,0.48524,-0.04111,0,0.8901,0.87593,0.39543,343,110.56554,0,0.47649,-0.03185,-0.04295,0.07699,0.63643,0.3231,0.09472,18.97932,1,0.46916,-0.07083,0.96634,0.00414,1,1,0.01896,0.07225,0.6152,0.57998,0.10585,18.17148,1,0.50131,-0.0114,0.96634,0.00421,1,1,participant_30,question_2,No-Timer,True,Other
0.0,0,42,1,0.49126,-0.04979,0,0.8901,0.87593,0.39543,343,110.56554,0,0.48141,-0.03783,-0.04295,0.07699,0.63643,0.3231,0.09472,18.97932,1,0.46449,-0.0798,0.97296,0.00414,1,1,0.01896,0.07225,0.6152,0.57998,0.10593,18.11278,1,0.51802,-0.01978,0.97296,0.00426,1,1,participant_30,question_2,No-Timer,True,Other
0.0,0,42,1,0.49154,-0.04283,0,0.8901,0.87593,0.01974,344,110.96773,1,0.48394,-0.03908,-0.18097,0.33039,2.73273,0.32295,0.09477,19.10164,1,0.46514,-0.07271,0.967,0.00412,0,1,0.01896,0.07225,0.6152,0.58,0.10579,18.16903,1,0.51794,-0.01296,0.967,0.00429,1,1,participant_30,question_2,No-Timer,True,Other
0.0,0,42,1,0.49662,-0.02326,0,0.8901,0.87593,0.02652,344,110.96773,1,0.48648,-0.03592,-0.18097,0.33039,2.73273,0.32305,0.09483,19.27892,1,0.48079,-0.04713,0.95443,0.00413,0,1,0.01896,0.07225,0.6152,0.58004,0.10569,18.13274,1,0.51244,0.00061,0.95443,0.00435,1,1,participant_30,question_2,No-Timer,True,Other
0.0,0,42,1,0.4968,-0.00521,0,0.8901,0.87593,0.03334,344,110.96773,1,0.4882,-0.0308,-0.18097,0.33039,2.73273,0.32296,0.09477,19.12378,1,0.48237,-0.02731,0.94185,0.00413,0,1,0.01896,0.07225,0.6152,0.57998,0.10565,18.25388,1,0.51123,0.01688,0.94185,0.00435,1,1,participant_30,question_2,No-Timer,True,Other
0.0,0,42,1,0.49707,0.00587,0,0.8901,0.87593,0.03984,344,110.96773,1,0.48946,-0.02556,-0.04158,0.0742,0.61409,0.32289,0.0949,19.16164,1,0.483,-0.01955,0.93523,0.00415,1,1,0.01859,0.07103,0.60477,0.57998,0.10561,18.30082,1,0.51114,0.03129,0.92927,0.00432,1,1,participant_30,question_2,No-Timer,True,Other
0.0,0,42,1,0.49997,-0.0024,0,0.8901,0.87593,0.04654,344,110.96773,1,0.49078,-0.02267,-0.04158,0.0742,0.61409,0.32276,0.09501,19.22599,1,0.49821,-0.01558,0.93523,0.00411,1,1,0.01859,0.07103,0.60477,0.57994,0.10551,18.00351,1,0.50173,0.01079,0.92927,0.00437,1,1,participant_30,question_2,No-Timer,True,Other
0.0,0,42,1,0.49782,-0.00396,0,0.8901,0.87593,0.05325,344,110.96773,1,0.49156,-0.02059,-0.04158,0.0742,0.61409,0.32269,0.09492,19.35851,1,0.49391,-0.0187,0.93523,0.00404,1,1,0.01859,0.07103,0.60477,0.57989,0.10542,17.97253,1,0.50173,0.01079,0.92927,0.00435,1,1,participant_30,question_2,No-Timer,True,Other
0.0,0,42,1,0.49753,-0.01518,0,0.8901,0.87593,0.05992,344,110.96773,1,0.49216,-0.02005,-0.04355,0.07768,0.64248,0.32267,0.09491,19.30792,1,0.49335,-0.02645,0.94185,0.00405,1,1,0.01903,0.0729,0.62066,0.5798,0.10559,17.95949,1,0.50172,-0.00391,0.94185,0.00441,1,1,participant_30,question_2,No-Timer,True,Other
0.0,0,42,1,0.492,-0.03035,0,0.8901,0.87593,0.06642,344,110.96773,1,0.49214,-0.02098,-0.04355,0.07768,0.64248,0.32259,0.09465,19.37975,1,0.4841,-0.04211,0.94847,0.00402,1,1,0.01903,0.0729,0.62066,0.57968,0.10553,18.38293,1,0.49989,-0.01859,0.95443,0.0043,1,1,participant_30,question_2,No-Timer,True,Other
0.0,0,42,1,0.48999,-0.05355,0,0.8901,0.87593,0.07339,344,110.96773,1,0.49196,-0.0237,-0.04355,0.07768,0.64248,0.32252,0.09473,19.22741,1,0.48214,-0.06672,0.96105,0.00409,1,1,0.01903,0.0729,0.62066,0.57967,0.10611,18.79254,1,0.49784,-0.04038,0.967,0.00426,1,1,participant_30,question_2,No-Timer,True,Other
0.0,0,42,1,0.48938,-0.06844,0,0.8901,0.87593,0.07983,344,110.96773,1,0.49177,-0.02714,-0.04355,0.07777,0.64248,0.32254,0.09473,19.19851,1,0.48097,-0.08169,0.97362,0.00409,1,1,0.01903,0.0729,0.62066,0.57975,0.10595,18.77255,1,0.49779,-0.05518,0.97958,0.0042,1,1,participant_30,question_2,No-Timer,True,Other
0.0,0,42,1,0.48666,-0.07873,0,0.8901,0.87593,0.08673,344,110.96773,1,0.4914,-0.03082,-0.04355,0.07777,0.64248,0.32247,0.09466,19.10957,1,0.4764,-0.09961,0.97958,0.00418,1,1,0.01903,0.0729,0.62066,0.57967,0.10605,18.74863,1,0.49691,-0.05785,0.97958,0.00427,1,1,participant_30,question_2,No-Timer,True,Other
0.0,0,42,1,0.48749,-0.07327,0,0.8901,0.87593,0.09389,344,110.96773,1,0.49114,-0.03365,-0.04355,0.07777,0.64248,0.32247,0.09466,19.10957,1,0.47677,-0.08922,0.97958,0.00418,1,1,0.01903,0.0729,0.62066,0.57975,0.10581,18.75371,1,0.4982,-0.05733,0.97958,0.00421,1,1,participant_30,question_2,No-Timer,True,Other
0.0,0,42,1,0.48749,-0.07327,0,0.8901,0.87593,0.10041,344,110.96773,1,0.49091,-0.03613,-0.04355,0.07777,0.64248,0.32254,0.0946,18.88917,1,0.47677,-0.08922,0.97958,0.00418,1,1,0.01903,0.0729,0.62066,0.57976,0.10585,18.77337,1,0.4982,-0.05733,0.97958,0.0042,1,1,participant_30,question_2,No-Timer,True,Other
0.0,0,42,1,0.49683,-0.08014,0,0.8901,0.87593,0.10702,344,110.96773,1,0.49126,-0.03872,-0.04355,0.07777,0.64248,0.32242,0.09468,18.95294,1,0.47469,-0.10101,0.97958,0.00418,1,1,0.01903,0.0729,0.62066,0.57975,0.10547,18.82048,1,0.51897,-0.05926,0.97958,0.00404,1,1,participant_30,question_2,No-Timer,True,Other
0.0,0,42,1,0.49488,-0.08246,0,0.8901,0.87593,0.11362,344,110.96773,1,0.49146,-0.04115,-0.04355,0.07777,0.64248,0.32257,0.09462,18.8434,1,0.47633,-0.09806,0.97958,0.00419,1,1,0.01903,0.0729,0.62066,0.57982,0.10552,18.81805,1,0.51343,-0.06687,0.97958,0.00413,1,1,participant_30,question_2,No-Timer,True,Other
0.0,0,42,1,0.49486,-0.07893,0,0.8901,0.87593,0.12002,344,110.96773,1,0.49164,-0.04314,-0.04355,0.07777,0.64248,0.3224,0.09464,18.49418,1,0.47633,-0.09806,0.97958,0.00419,1,1,0.01818,0.06958,0.59128,0.57979,0.1054,18.97114,1,0.51338,-0.0598,0.97362,0.00405,1,1,participant_30,question_2,No-Timer,True,Other
0.0,0,42,1,0.49012,-0.07898,0,0.8901,0.87593,0.12692,344,110.96773,1,0.49156,-0.04493,-0.04355,0.07777,0.64248,0.32254,0.0946,18.88917,1,0.48255,-0.09335,0.97362,0.00417,1,1,0.01818,0.06958,0.59128,0.57984,0.10547,18.95627,1,0.49768,-0.06461,0.96767,0.00411,1,1,participant_30,question_2,No-Timer,True,Other
0.0,0,42,1,0.48966,-0.07834,0,0.8901,0.87593,0.13369,344,110.96773,1,0.49147,-0.04652,-0.04355,0.07777,0.64248,0.32254,0.0946,18.88917,1,0.48156,-0.08908,0.96767,0.00417,1,1,0.01818,0.06958,0.59128,0.57991,0.10548,18.79896,1,0.49776,-0.06761,0.96171,0.00411,1,1,participant_30,question_2,No-Timer,True,Other
0.0,0,42,1,0.48995,-0.07115,0,0.8901,0.87593,0.1404,344,110.96773,1,0.4914,-0.04764,-0.04355,0.07777,0.64248,0.32254,0.0946,18.88917,1,0.48211,-0.0819,0.96171,0.00417,1,1,0.01818,0.06958,0.59128,0.57991,0.10549,18.81314,1,0.49778,-0.06039,0.95575,0.0041,1,1,participant_30,question_2,No-Timer,True,Other
0.0,0,42,1,0.49574,-0.04178,0,0.8901,0.87593,0.14702,344,110.96773,1,0.49159,-0.04739,-0.04355,0.07777,0.64248,0.32259,0.09455,18.93924,1,0.48586,-0.0229,0.95575,0.00419,1,1,0.01818,0.06958,0.59128,0.57997,0.10531,18.64408,1,0.50561,-0.06067,0.95575,0.004,1,1,participant_30,question_2,No-Timer,True,Other
0.0,0,42,1,0.49658,-0.03292,0,0.8901,0.87593,0.15349,344,110.96773,1,0.4918,-0.04678,-0.04355,0.07777,0.64248,0.3226,0.09444,18.98076,1,0.48687,-0.02136,0.95575,0.00414,1,1,0.01818,0.06958,0.59128,0.57997,0.10525,18.60287,1,0.50629,-0.04448,0.95575,0.00403,1,1,participant_30,question_2,No-Timer,True,Other
0.0,0,42,1,0.49658,-0.03292,0,0.8901,0.87593,0.16055,344,110.96773,1,0.49199,-0.04623,-0.04355,0.07777,0.64248,0.32263,0.0944,19.0418,1,0.48687,-0.02136,0.95575,0.00414,1,1,0.01859,0.07112,0.60477,0.57997,0.10525,18.60287,1,0.50629,-0.04448,0.95575,0.00403,1,1,participant_30,question_2,No-Timer,True,Other
0.0,0,42,1,0.48737,-0.01426,0,0.8901,0.87593,0.16734,344,110.96773,1,0.49181,-0.045,-0.04355,0.07777,0.64248,0.32286,0.09445,19.10233,1,0.47789,0.01457,0.95575,0.00424,1,1,0.01859,0.07112,0.60477,0.58002,0.1054,18.56667,1,0.49686,-0.04308,0.95575,0.00411,1,1,participant_30,question_2,No-Timer,True,Other
0.0,0,42,1,0.5189,-0.0418,0,0.8901,0.87593,0.17402,344,110.96773,1,0.49282,-0.04488,-0.04355,0.07777,0.64248,0.32354,0.09451,19.09863,1,0.51403,-0.06797,0.95575,0.00419,1,1,0.01859,0.07112,0.60477,0.5806,0.10589,18.57347,1,0.52378,-0.01563,0.95575,0.00426,1,1,participant_30,question_2,No-Timer,True,Other
0.0,0,42,1,0.51896,-0.04526,0,0.8901,0.87593,0.18072,344,110.96773,1,0.49375,-0.04489,-0.04265,0.07679,0.63479,0.32384,0.09477,19.7008,1,0.51403,-0.06797,0.95575,0.00419,1,1,0.01947,0.07349,0.62571,0.58114,0.1059,18.59997,1,0.52389,-0.02255,0.96171,0.00422,1,1,participant_30,question_2,No-Timer,True,Other
0.0,0,42,1,0.60941,-0.02441,0,0.8901,0.87593,0.18744,344,110.96773,1,0.49774,-0.04419,-0.04265,0.07679,0.63479,0.32625,0.09523,19.58058,1,0.59321,-0.04485,0.96171,0.00433,1,1,0.01947,0.07349,0.62571,0.58326,0.10573,18.96424,1,0.6256,-0.00398,0.96767,0.00457,1,1,participant_30,question_2,No-Timer,True,Other
0.0,0,42,1,0.61264,-0.00999,0,0.8901,0.87593,0.19394,344,110.96773,1,0.50157,-0.04305,-0.04265,0.07679,0.63479,0.32665,0.09521,19.1684,1,0.60015,-0.02023,0.96767,0.00415,1,1,0.01947,0.07349,0.62571,0.58347,0.10579,18.62414,1,0.62513,0.00025,0.97362,0.00455,1,1,participant_30,question_2,No-Timer,True,Other
0.0,0,42,1,0.6126,-0.00925,0,0.8901,0.87593,0.20058,344,110.96773,1,0.50515,-0.04196,-0.04138,0.07483,0.61935,0.3269,0.09524,19.83512,1,0.60014,-0.01949,0.967,0.0042,1,1,0.01952,0.07265,0.61855,0.58358,0.10599,18.5863,1,0.62507,0.00099,0.97296,0.00442,1,1,participant_30,question_2,No-Timer,True,Other
0.0,0,42,1,0.58378,-0.025,0,0.8901,0.87593,0.20058,344,110.96773,0,0.53435,-0.03559,-0.04138,0.07483,0.61935,0.3269,0.09535,19.78523,1,0.56814,-0.04353,0.96634,0.00429,1,1,0.01952,0.07265,0.61855,0.58362,0.10609,18.77572,1,0.59943,-0.00646,0.96634,0.00426,1,1,participant_30,question_2,No-Timer,True,Other
0.0,0,42,1,0.58862,-0.02542,0,0.8901,0.87593,0.20058,344,110.96773,0,0.56148,-0.0305,-0.04138,0.07483,0.61935,0.3271,0.09534,19.4724,1,0.5745,-0.01195,0.95972,0.00431,1,1,0.01952,0.07265,0.61855,0.58365,0.10585,18.54227,1,0.60274,-0.03888,0.95972,0.00439,1,1,participant_30,question_2,No-Timer,True,Other
0.0,0,42,1,0.58787,-0.00748,0,0.8901,0.87593,0.20058,344,110.96773,0,0.57028,-0.02283,-0.17869,0.3303,2.73544,0.32706,0.09529,19.30794,1,0.57457,0.00221,0.94715,0.0043,0,1,0.01934,0.07178,0.61117,0.5837,0.1059,18.72416,1,0.60117,-0.01718,0.94119,0.00437,1,1,participant_30,question_2,No-Timer,True,Other
0.0,0,42,1,0.60128,-0.01239,0,0.8901,0.87593,0.0203,345,111.17481,1,0.57803,-0.02022,-0.17869,0.3303,2.73544,0.32714,0.09548,19.09194,1,0.58464,0.01325,0.93523,0.00428,0,1,0.01934,0.07178,0.61117,0.58419,0.10515,18.72176,1,0.61791,-0.03804,0.92927,0.00468,1,1,participant_30,question_2,No-Timer,True,Other
0.0,0,42,1,0.59302,0.02322,0,0.8901,0.87593,0.02714,345,111.17481,1,0.58103,-0.01153,-0.17869,0.3303,2.73544,0.32714,0.09551,19.26961,1,0.59136,0.02179,0.92332,0.00432,0,1,0.01934,0.07178,0.61117,0.58424,0.10568,18.88566,1,0.59468,0.02464,0.91736,0.0045,1,1,participant_30,question_2,No-Timer,True,Other
0.0,0,42,1,0.5933,0.01901,0,0.8901,0.87593,0.03348,345,111.17481,1,0.58307,-0.00644,-0.0412,0.07477,0.61883,0.32714,0.09551,19.27346,1,0.59137,0.02104,0.92398,0.00433,1,1,0.01962,0.07267,0.61873,0.58425,0.1058,18.95075,1,0.59522,0.01698,0.92398,0.00446,1,1,participant_30,question_2,No-Timer,True,Other
0.0,0,42,1,0.60586,-0.00472,0,0.8901,0.87593,0.04064,345,111.17481,1,0.58633,-0.0062,-0.0412,0.07477,0.61883,0.32729,0.09533,19.39601,1,0.59789,-0.00141,0.93655,0.00433,1,1,0.01962,0.07267,0.61873,0.58431,0.10589,18.86264,1,0.61383,-0.00803,0.94251,0.00445,1,1,participant_30,question_2,No-Timer,True,Other
0.0,0,42,1,0.60028,-0.02763,0,0.8901,0.87593,0.04716,345,111.17481,1,0.58807,-0.00888,-0.0412,0.07477,0.61883,0.32741,0.09501,19.34219,1,0.60219,-0.02206,0.95509,0.00417,1,1,0.01962,0.07267,0.61873,0.58415,0.10625,19.03891,1,0.59837,-0.0332,0.96105,0.00431,1,1,participant_30,question_2,No-Timer,True,Other
0.0,0,42,1,0.60088,-0.04135,0,0.8901,0.87593,0.05356,345,111.17481,1,0.58949,-0.01248,-0.04534,0.08238,0.68177,0.32738,0.09526,19.09716,1,0.60243,-0.03563,0.967,0.00435,1,1,0.01984,0.07315,0.62278,0.58438,0.1059,18.63792,1,0.59933,-0.04707,0.97296,0.00436,1,1,participant_30,question_2,No-Timer,True,Other
0.0,0,42,1,0.59805,-0.02257,0,0.8901,0.87593,0.06025,345,111.17481,1,0.59035,-0.01349,-0.04534,0.08238,0.68177,0.32768,0.09483,19.63508,1,0.58522,-0.04432,0.96634,0.00414,1,1,0.01984,0.07315,0.62278,0.58461,0.10595,19.05519,1,0.61088,-0.00081,0.96634,0.00438,1,1,participant_30,question_2,No-Timer,True,Other
0.0,0,42,1,0.60216,-0.01754,0,0.8901,0.87593,0.06719,345,111.17481,1,0.59142,-0.01386,-0.04534,0.08238,0.68177,0.32763,0.09495,19.99573,1,0.58959,-0.04082,0.95972,0.00413,1,1,0.01984,0.07315,0.62278,0.58466,0.10599,19.25487,1,0.61473,0.00575,0.95972,0.00436,1,1,participant_30,question_2,No-Timer,True,Other
0.0,0,42,1,0.60122,0.00014,0,0.8901,0.87593,0.07425,345,111.17481,1,0.59224,-0.01269,-0.17865,0.33192,2.74708,0.32763,0.09495,20.01183,1,0.58948,-0.0263,0.94715,0.00413,0,1,0.01947,0.07161,0.60971,0.58468,0.10603,19.20829,1,0.61296,0.02658,0.94119,0.00434,1,1,participant_30,question_2,No-Timer,True,Other
0.0,0,42,1,0.58711,-0.0057,0,0.8901,0.87593,0.08073,345,111.17481,1,0.59185,-0.01216,-0.17865,0.33192,2.74708,0.32788,0.09502,20.07755,1,0.57588,-0.01418,0.93523,0.0042,0,1,0.01947,0.07161,0.60971,0.58497,0.10602,19.17761,1,0.59833,0.00277,0.92927,0.00431,1,1,participant_30,question_2,No-Timer,True,Other
0.0,0,42,1,0.58966,0.00962,0,0.8901,0.87593,0.08728,345,111.17481,1,0.59169,-0.0106,-0.17865,0.33192,2.74708,0.32795,0.09487,19.54958,1,0.57927,-0.00596,0.92332,0.00425,0,1,0.01947,0.07161,0.60971,0.58505,0.10608,19.14762,1,0.60004,0.02521,0.91736,0.0043,1,1,participant_30,question_2,No-Timer,True,Other
0.0,0,42,1,0.58994,0.00541,0,0.8901,0.87593,0.09376,345,111.17481,1,0.59157,-0.00953,-0.04241,0.07741,0.63989,0.32795,0.0949,19.54797,1,0.57927,-0.00673,0.92398,0.00423,1,1,0.01983,0.07275,0.61945,0.58503,0.10612,19.02439,1,0.60061,0.01756,0.92398,0.00429,1,1,participant_30,question_2,No-Timer,True,Other
0.0,0,42,1,0.60131,-0.04087,0,0.8901,0.87593,0.10044,345,111.17481,1,0.59218,-0.01149,-0.04241,0.07741,0.63989,0.32803,0.09493,19.7674,1,0.5895,-0.02942,0.93655,0.00425,1,1,0.01983,0.07275,0.61945,0.58519,0.10603,19.12105,1,0.61312,-0.05231,0.94251,0.0042,1,1,participant_30,question_2,No-Timer,True,Other
0.0,0,42,1,0.59748,-0.06042,0,0.8901,0.87593,0.10713,345,111.17481,1,0.59249,-0.01437,-0.04241,0.07741,0.63989,0.32804,0.09496,19.65328,1,0.59605,-0.04255,0.95509,0.00428,1,1,0.01983,0.07275,0.61945,0.58519,0.10604,19.1055,1,0.59891,-0.07829,0.96105,0.00419,1,1,participant_30,question_2,No-Timer,True,Other
0.0,0,42,1,0.59835,-0.0824,0,0.8901,0.87593,0.11407,345,111.17481,1,0.59282,-0.01815,-0.0412,0.07515,0.6216,0.32809,0.09484,19.68665,1,0.59632,-0.06408,0.97362,0.00422,1,1,0.02002,0.07309,0.6223,0.58521,0.10607,18.88128,1,0.60039,-0.10072,0.97958,0.00419,1,1,participant_30,question_2,No-Timer,True,Other
0.0,0,42,1,0.60492,-0.08232,0,0.8901,0.87593,0.12054,345,111.17481,1,0.59346,-0.02153,-0.0412,0.07515,0.6216,0.3282,0.09479,19.4218,1,0.59721,-0.07022,0.97958,0.00424,1,1,0.02002,0.07309,0.6223,0.5854,0.10635,19.77167,1,0.61264,-0.09443,0.97958,0.00428,1,1,participant_30,question_2,No-Timer,True,Other
0.0,0,42,1,0.60972,-0.07756,0,0.8901,0.87593,0.12726,345,111.17481,1,0.59427,-0.02433,-0.0412,0.07515,0.6216,0.32823,0.09472,19.42207,1,0.60113,-0.06752,0.97958,0.00428,1,1,0.02002,0.07309,0.6223,0.58557,0.10563,19.33384,1,0.61831,-0.08759,0.97958,0.0046,1,1,participant_30,question_2,No-Timer,True,Other
0.0,0,42,1,0.60906,-0.06622,0,0.8901,0.87593,0.13416,345,111.17481,1,0.59497,-0.02632,-0.04207,0.07682,0.6354,0.32835,0.09461,19.6672,1,0.60101,-0.05986,0.97296,0.0042,1,1,0.01943,0.07079,0.60273,0.58559,0.10568,19.44684,1,0.61712,-0.07257,0.967,0.00458,1,1,participant_30,question_2,No-Timer,True,Other
0.0,0,42,1,0.59162,-0.05334,0,0.8901,0.87593,0.14064,345,111.17481,1,0.59482,-0.02755,-0.04207,0.07682,0.6354,0.32853,0.09474,19.93579,1,0.58258,-0.05215,0.96038,0.00427,1,1,0.01943,0.07079,0.60273,0.58557,0.10592,19.28501,1,0.60067,-0.05453,0.95443,0.00447,1,1,participant_30,question_2,No-Timer,True,Other
0.0,0,42,1,0.59559,-0.03575,0,0.8901,0.87593,0.14735,345,111.17481,1,0.59485,-0.02791,-0.04207,0.07682,0.6354,0.32856,0.09474,20.10988,1,0.5919,-0.0356,0.94781,0.00426,1,1,0.01943,0.07079,0.60273,0.58557,0.10589,19.26983,1,0.59929,-0.03591,0.94185,0.0045,1,1,participant_30,question_2,No-Timer,True,Other
0.0,0,42,1,0.59497,-0.01748,0,0.8901,0.87593,0.15404,345,111.17481,1,0.59486,-0.02747,-0.17671,0.32988,2.73023,0.32858,0.09472,20.07149,1,0.5917,-0.01403,0.92927,0.00427,0,1,0.02003,0.07281,0.6199,0.58557,0.10604,19.43886,1,0.59824,-0.02094,0.92927,0.00451,1,1,participant_30,question_2,No-Timer,True,Other
0.0,0,42,1,0.58917,-0.01405,0,0.8901,0.87593,0.16074,345,111.17481,1,0.59463,-0.02694,-0.17671,0.32988,2.73023,0.32855,0.0948,20.20332,1,0.57237,-0.00372,0.92332,0.00424,0,1,0.02003,0.07281,0.6199,0.58563,0.10641,19.51678,1,0.60597,-0.02438,0.92927,0.00447,1,1,participant_30,question_2,No-Timer,True,Other
0.0,0,42,1,0.59508,-0.01055,0,0.8901,0.87593,0.16771,345,111.17481,1,0.59465,-0.02631,-0.17671,0.32988,2.73023,0.32854,0.09482,20.20538,1,0.57822,-0.01012,0.92332,0.00424,0,1,0.02003,0.07281,0.6199,0.58588,0.106,19.33833,1,0.61194,-0.01097,0.92927,0.00441,1,1,participant_30,question_2,No-Timer,True,Other
0.0,0,42,1,0.59567,-0.02143,0,0.8901,0.87593,0.17413,345,111.17481,1,0.59469,-0.02612,-0.04082,0.07477,0.61803,0.32851,0.09476,20.18946,1,0.57821,-0.01708,0.92927,0.00421,1,1,0.02062,0.07466,0.63652,0.5859,0.10622,19.1845,1,0.61314,-0.02579,0.94185,0.00439,1,1,participant_30,question_2,No-Timer,True,Other
0.0,0,42,1,0.6066,-0.03173,0,0.8901,0.87593,0.18082,345,111.17481,1,0.59511,-0.02633,-0.04082,0.07477,0.61803,0.32863,0.09476,20.15824,1,0.58984,-0.02252,0.94781,0.0042,1,1,0.02062,0.07466,0.63652,0.58592,0.10603,19.14192,1,0.62336,-0.04094,0.95443,0.0043,1,1,participant_30,question_2,No-Timer,True,Other
0.0,0,42,1,0.59612,-0.05884,0,0.8901,0.87593,0.18755,345,111.17481,1,0.59515,-0.02745,-0.04082,0.07477,0.61803,0.32868,0.09475,19.92614,1,0.58783,-0.05155,0.96038,0.00424,1,1,0.02062,0.07466,0.63652,0.58616,0.10596,19.67723,1,0.60442,-0.06613,0.967,0.00429,1,1,participant_30,question_2,No-Timer,True,Other
0.0,0,42,1,0.59646,-0.07396,0,0.8901,0.87593,0.19426,345,111.17481,1,0.59519,-0.029,-0.04219,0.07731,0.63948,0.3288,0.09484,19.68944,1,0.58795,-0.07392,0.97958,0.00431,1,1,0.01984,0.07152,0.6097,0.58617,0.10599,19.69606,1,0.60498,-0.074,0.97362,0.00428,1,1,participant_30,question_2,No-Timer,True,Other
0.0,0,42,1,0.60518,-0.06435,0,0.8901,0.87593,0.20114,345,111.17481,1,0.59551,-0.03014,-0.04219,0.07731,0.63948,0.32888,0.09464,19.87284,1,0.59747,-0.06994,0.98024,0.00428,1,1,0.01984,0.07152,0.6097,0.58633,0.10592,19.64926,1,0.6129,-0.05875,0.96767,0.00425,1,1,participant_30,question_2,No-Timer,True,Other
0.0,0,42,1,0.60577,-0.06095,0,0.8901,0.87593,0.2076,345,111.17481,1,0.59583,-0.0311,-0.04219,0.07731,0.63948,0.32907,0.09482,20.27005,1,0.59869,-0.06806,0.97429,0.0043,1,1,0.01984,0.07152,0.6097,0.58643,0.10593,19.1566,1,0.61284,-0.05384,0.96171,0.00437,1,1,participant_30,question_2,No-Timer,True,Other
0.0,0,42,1,0.60536,-0.04971,0,0.8901,0.87593,0.21489,345,111.17481,1,0.59612,-0.03166,-0.04102,0.07524,0.62237,0.32913,0.09477,20.32849,1,0.59849,-0.05342,0.96171,0.00433,1,1,0.02052,0.07385,0.62917,0.5864,0.10615,19.29675,1,0.61223,-0.04601,0.95509,0.00425,1,1,participant_30,question_2,No-Timer,True,Other
0.0,0,42,1,0.59036,-0.0468,0,0.8901,0.87593,0.22128,345,111.17481,1,0.59595,-0.03211,-0.04102,0.07524,0.62237,0.3291,0.09461,20.55347,1,0.58006,-0.03907,0.94847,0.00426,1,1,0.02052,0.07385,0.62917,0.58655,0.1062,19.53078,1,0.60067,-0.05453,0.95443,0.00431,1,1,participant_30,question_2,No-Timer,True,Other
0.0,0,42,1,0.596,-0.04873,0,0.8901,0.87593,0.22773,345,111.17481,1,0.59596,-0.03258,-0.04102,0.07524,0.62237,0.32929,0.09474,20.14454,1,0.58531,-0.04013,0.94781,0.00437,1,1,0.02052,0.07385,0.62917,0.5864,0.10627,19.88846,1,0.6067,-0.05732,0.95376,0.00435,1,1,participant_30,question_2,No-Timer,True,Other
0.0,0,42,1,0.59597,-0.04795,0,0.8901,0.87593,0.2344,345,111.17481,1,0.59596,-0.03301,-0.04102,0.07534,0.62237,0.3293,0.09462,20.08331,1,0.58531,-0.03936,0.94715,0.00435,1,1,0.02021,0.07279,0.61978,0.58639,0.10628,19.91117,1,0.60664,-0.05653,0.9531,0.00434,1,1,participant_30,question_2,No-Timer,True,Other
0.0,0,42,1,0.60062,-0.04807,0,0.8901,0.87593,0.24113,345,111.17481,1,0.59608,-0.03342,-0.04102,0.07534,0.62237,0.32933,0.09453,19.96496,1,0.59288,-0.04136,0.9531,0.00433,1,1,0.02021,0.07279,0.61978,0.58637,0.10639,19.83723,1,0.60836,-0.05479,0.9531,0.00438,1,1,participant_30,question_2,No-Timer,True,Other
0.0,0,42,1,0.59359,-0.05336,0,0.8901,0.87593,0.24783,345,111.17481,1,0.59602,-0.03394,-0.04102,0.07534,0.62237,0.32928,0.09464,20.41401,1,0.57442,-0.05613,0.9531,0.00426,1,1,0.02021,0.07279,0.61978,0.58663,0.10619,19.49136,1,0.61276,-0.0506,0.9531,0.00431,1,1,participant_30,question_2,No-Timer,True,Other
0.0,0,42,1,0.5939,-0.0573,0,0.8901,0.87593,0.25449,345,111.17481,1,0.59596,-0.03454,-0.04123,0.0759,0.62698,0.32928,0.09465,20.41425,1,0.57442,-0.05613,0.9531,0.00426,1,1,0.02085,0.0749,0.63775,0.58672,0.10616,19.35308,1,0.61337,-0.05848,0.95972,0.00422,1,1,participant_30,question_2,No-Timer,True,Other
0.0,0,42,1,0.58907,-0.07828,0,0.8901,0.87593,0.26122,345,111.17481,1,0.59579,-0.03564,-0.04123,0.0759,0.62698,0.32943,0.09466,20.3625,1,0.57902,-0.07581,0.95972,0.00432,1,1,0.02085,0.0749,0.63775,0.58693,0.10606,19.7579,1,0.59912,-0.08075,0.96634,0.00425,1,1,participant_30,question_2,No-Timer,True,Other
0.0,0,42,1,0.59688,-0.03834,0,0.8901,0.87593,0.26791,345,111.17481,1,0.59582,-0.0357,-0.04123,0.0759,0.62698,0.32958,0.09473,20.00054,1,0.59192,0.01229,0.96634,0.00431,1,1,0.02085,0.0749,0.63775,0.587,0.10615,19.85786,1,0.60184,-0.08897,0.97296,0.00431,1,1,participant_30,question_2,No-Timer,True,Other
0.0,0,42,1,0.59697,-0.04597,0,0.8901,0.87593,0.27483,345,111.17481,1,0.59584,-0.03595,-0.04191,0.07724,0.63809,0.32958,0.09479,19.98178,1,0.59206,-0.00216,0.97958,0.00432,1,1,0.02007,0.07174,0.61117,0.58698,0.10613,19.7539,1,0.60189,-0.08977,0.97362,0.00431,1,1,participant_30,question_2,No-Timer,True,Other
0.0,0,42,1,0.61466,0.05136,0,0.8901,0.87593,0.2813,345,111.17481,1,0.59628,-0.03392,-0.04191,0.07724,0.63809,0.32992,0.09563,20.32731,1,0.60558,0.02117,0.98024,0.00421,1,1,0.02007,0.07174,0.61117,0.58725,0.10747,19.19417,1,0.62374,0.08155,0.96767,0.00438,1,1,participant_30,question_2,No-Timer,True,Question
0.0,0,42,1,0.61562,0.14142,0,0.8901,0.87593,0.28824,345,111.17481,1,0.59672,-0.02993,-0.04191,0.07724,0.63809,0.3305,0.0966,20.22342,1,0.60973,0.09893,0.97429,0.004,1,1,0.02007,0.07174,0.61117,0.58704,0.1091,18.7834,1,0.62152,0.18391,0.96171,0.00421,1,1,participant_30,question_2,No-Timer,True,Question
0.0,0,42,1,0.61545,0.14767,0,0.8901,0.87593,0.29469,345,111.17481,1,0.59714,-0.02598,-0.04082,0.07529,0.62503,0.33077,0.09749,20.0908,1,0.60938,0.11143,0.96171,0.00411,1,1,0.02118,0.07567,0.64799,0.5871,0.10974,19.01299,1,0.62152,0.18391,0.96171,0.00403,1,1,participant_30,question_2,No-Timer,True,Question
0.0,0,42,1,0.6351,0.3436,0,0.8901,0.87593,0.29469,345,111.17481,0,0.60365,0.02217,-0.04082,0.07529,0.62503,0.33146,0.09981,19.50168,1,0.62309,0.32803,0.95509,0.00393,1,1,0.02118,0.07567,0.64799,0.58677,0.11243,19.05873,1,0.64711,0.35918,0.96767,0.00391,1,1,participant_30,question_2,No-Timer,True,Question
0.0,0,42,1,0.61111,0.45617,0,0.8901,0.87593,0.29469,345,111.17481,0,0.60738,0.23917,-0.04082,0.07529,0.62503,0.33164,0.10153,19.49411,1,0.59866,0.43474,0.96105,0.00405,1,1,0.02118,0.07567,0.64799,0.58666,0.11367,18.08596,1,0.62355,0.47761,0.97362,0.00366,1,1,participant_30,question_2,No-Timer,True,Question
0.0,0,42,1,0.61113,0.45441,0,0.8901,0.87593,0.29469,345,111.17481,0,0.60863,0.31092,-0.04075,0.07507,0.62679,0.33145,0.10203,19.36017,1,0.59878,0.4308,0.967,0.00395,1,1,0.02016,0.07205,0.62101,0.58631,0.11474,18.28519,1,0.62348,0.47802,0.97296,0.00375,1,1,participant_30,question_2,No-Timer,True,Question
0.0,0,42,1,0.60138,0.61492,0,0.8901,0.87593,0.29469,345,111.17481,0,0.60787,0.5085,-0.04075,0.07507,0.62679,0.33186,0.1047,19.49426,1,0.61417,0.59004,0.97296,0.0041,1,1,0.02016,0.07205,0.62101,0.58627,0.11706,18.5455,1,0.58859,0.63979,0.96634,0.00381,1,1,participant_30,question_2,No-Timer,True,Answer_Area
0.0,0,42,1,0.6156,0.61448,0,0.8901,0.87593,0.29469,345,111.17481,0,0.61174,0.56149,-0.04075,0.07507,0.62679,0.332,0.10512,19.26294,1,0.62768,0.604,0.96634,0.00413,1,1,0.02016,0.07205,0.62101,0.58651,0.11735,18.76899,1,0.60351,0.62496,0.95972,0.00388,1,1,participant_30,question_2,No-Timer,True,Answer_Area
0.0,0,42,1,0.61531,0.61593,0,0.8901,0.87593,0.29469,345,111.17481,0,0.61293,0.57964,-0.04147,0.0764,0.63862,0.33213,0.1053,19.07903,1,0.62768,0.604,0.96634,0.00409,1,1,0.01997,0.07113,0.61383,0.58659,0.1175,18.80028,1,0.60294,0.62785,0.95376,0.00387,1,1,participant_30,question_2,No-Timer,True,Answer_Area
0.0,0,42,1,0.60232,0.59552,0,0.8901,0.87593,0.29469,345,111.17481,0,0.61108,0.60864,-0.04147,0.0764,0.63862,0.332,0.1052,19.13471,1,0.59435,0.59528,0.96038,0.00412,1,1,0.01997,0.07113,0.61383,0.58683,0.11736,18.74157,1,0.61028,0.59577,0.95443,0.00389,1,1,participant_30,question_2,No-Timer,True,Answer_Area
0.0,0,42,1,0.60971,0.60502,0,0.8901,0.87593,0.29469,345,111.17481,0,0.61039,0.60683,-0.04147,0.0764,0.63862,0.33208,0.10531,19.13523,1,0.59617,0.59865,0.96105,0.00405,1,1,0.01997,0.07113,0.61383,0.58702,0.11753,18.60136,1,0.62326,0.61139,0.95509,0.00385,1,1,participant_30,question_2,No-Timer,True,Answer_Area
0.0,0,42,1,0.61059,0.59953,0,0.8901,0.87593,0.29469,345,111.17481,0,0.61046,0.6044,-0.04197,0.07741,0.64711,0.33208,0.10531,19.13523,1,0.59632,0.59469,0.96911,0.00404,1,1,0.02036,0.07201,0.62142,0.58716,0.11752,18.59414,1,0.62486,0.60436,0.96911,0.00383,1,1,participant_30,question_2,No-Timer,True,Answer_Area
0.0,0,42,1,0.60915,0.6074,0,0.8901,0.87593,0.0198,346,111.51669,1,0.61013,0.60515,-0.04197,0.07741,0.64711,0.33219,0.1053,19.06017,1,0.60909,0.61758,0.97651,0.00403,1,1,0.02036,0.07201,0.62142,0.58723,0.11743,18.48881,1,0.60921,0.59721,0.98246,0.00378,1,1,participant_30,question_2,No-Timer,True,Answer_Area
0.0,0,42,1,0.6165,0.60993,0,0.8901,0.87593,0.02649,346,111.51669,1,0.6114,0.6061,-0.04197,0.07741,0.64711,0.33222,0.10528,19.19193,1,0.61164,0.61444,0.98986,0.00403,1,1,0.02036,0.07201,0.62142,0.58735,0.11744,18.83712,1,0.62136,0.60542,0.99582,0.00372,1,1,participant_30,question_2,No-Timer,True,Answer_Area
0.0,0,42,1,0.61613,0.61169,0,0.8901,0.87593,0.0332,346,111.51669,1,0.61219,0.60704,-0.18082,0.34162,2.85395,0.33229,0.10519,19.16276,1,0.61161,0.61475,0.9892,0.00402,0,1,0.02007,0.07082,0.61117,0.58748,0.1174,18.85855,1,0.62065,0.60864,0.9892,0.00376,1,1,participant_30,question_2,No-Timer,True,Answer_Area
0.0,0,42,1,0.60932,0.61373,0,0.8901,0.87593,0.03989,346,111.51669,1,0.61178,0.60799,-0.18082,0.34162,2.85395,0.33231,0.10515,19.01725,1,0.58794,0.62044,0.97518,0.00402,0,1,0.02007,0.07082,0.61117,0.58761,0.11747,18.72987,1,0.63071,0.60702,0.96922,0.00379,1,1,participant_30,question_2,No-Timer,True,Answer_Area
0.0,0,42,1,0.6016,0.61803,0,0.8901,0.87593,0.0466,346,111.51669,1,0.61051,0.60925,-0.18082,0.34162,2.85395,0.33239,0.10511,18.86061,1,0.5942,0.61903,0.95521,0.00404,0,1,0.02007,0.07082,0.61117,0.58787,0.11758,18.49884,1,0.60899,0.61703,0.94925,0.00384,1,1,participant_30,question_2,No-Timer,True,Answer_Area
0.0,0,42,1,0.60105,0.6246,0,0.8901,0.87593,0.05332,346,111.51669,1,0.60946,0.61095,-0.18082,0.34162,2.85395,0.33247,0.10507,18.88424,1,0.59386,0.62848,0.93523,0.00405,0,1,0.02092,0.07346,0.63397,0.58795,0.11746,18.1222,1,0.60824,0.62072,0.94185,0.00386,1,1,participant_30,question_2,No-Timer,True,Answer_Area
0.0,0,42,1,0.59916,0.61736,0,0.8901,0.87593,0.06001,346,111.51669,1,0.60843,0.61159,-0.18082,0.34162,2.85395,0.33245,0.1051,18.97203,1,0.59891,0.62221,0.94185,0.00406,0,1,0.02092,0.07346,0.63397,0.58795,0.11757,18.64088,1,0.59942,0.61251,0.95443,0.00379,1,1,participant_30,question_2,No-Timer,True,Answer_Area
0.0,0,42,1,0.60432,0.61913,0,0.8901,0.87593,0.06693,346,111.51669,1,0.60805,0.61228,-0.18082,0.34162,2.85395,0.33247,0.10513,18.96767,1,0.60198,0.61874,0.95443,0.00406,0,1,0.02092,0.07346,0.63397,0.58802,0.11744,18.47512,1,0.60666,0.61952,0.967,0.00379,1,1,participant_30,question_2,No-Timer,True,Answer_Area
0.0,0,42,1,0.60476,0.6147,0,0.8901,0.87593,0.07339,346,111.51669,1,0.60778,0.61248,-0.18082,0.34162,2.85395,0.33249,0.10511,18.81922,1,0.60229,0.61279,0.967,0.00407,0,1,0.02073,0.07265,0.62693,0.58808,0.11747,18.58158,1,0.60724,0.61662,0.97296,0.00374,1,1,participant_30,question_2,No-Timer,True,Answer_Area
0.0,0,42,1,0.61161,0.61736,0,0.8901,0.87593,0.08008,346,111.51669,1,0.60808,0.61286,-0.18082,0.34162,2.85395,0.33255,0.10504,18.93539,1,0.60659,0.61357,0.97296,0.00405,0,1,0.02073,0.07265,0.62693,0.58823,0.11748,18.62869,1,0.61663,0.62114,0.96634,0.00375,1,1,participant_30,question_2,No-Timer,True,Answer_Area
0.0,0,42,1,0.61621,0.62023,0,0.8901,0.87593,0.08685,346,111.51669,1,0.60866,0.61338,-0.18082,0.34162,2.85395,0.33255,0.10504,18.93539,1,0.60448,0.62403,0.96634,0.00405,0,1,0.02073,0.07265,0.62693,0.58828,0.11764,18.64044,1,0.62794,0.61644,0.95972,0.00378,1,1,participant_30,question_2,No-Timer,True,Answer_Area
0.0,0,42,1,0.61621,0.62023,0,0.8901,0.87593,0.09348,346,111.51669,1,0.60916,0.61384,-0.04169,0.0772,0.64498,0.33256,0.10503,18.86942,1,0.60448,0.62403,0.96634,0.00405,1,1,0.02057,0.07178,0.61945,0.58832,0.11762,18.55382,1,0.62794,0.61644,0.95972,0.00379,1,1,participant_30,question_2,No-Timer,True,Answer_Area
0.0,0,42,1,0.62142,0.61807,0,0.8901,0.87593,0.1002,346,111.51669,1,0.60993,0.6141,-0.04169,0.0772,0.64498,0.33264,0.10507,19.03676,1,0.60758,0.6153,0.96634,0.00401,1,1,0.02057,0.07178,0.61945,0.58852,0.11764,18.0716,1,0.63527,0.62084,0.96634,0.00379,1,1,participant_30,question_2,No-Timer,True,Answer_Area
0.0,0,42,1,0.61542,0.62703,0,0.8901,0.87593,0.10687,346,111.51669,1,0.61025,0.61486,-0.04169,0.0772,0.64498,0.33261,0.10509,18.87237,1,0.61549,0.63325,0.97296,0.00405,1,1,0.02057,0.07178,0.61945,0.58856,0.11767,18.1156,1,0.61534,0.62082,0.97296,0.00376,1,1,participant_30,question_2,No-Timer,True,Answer_Area
0.0,0,42,1,0.61624,0.62235,0,0.8901,0.87593,0.1138,346,111.51669,1,0.61058,0.61528,-0.04169,0.0772,0.64498,0.33272,0.10514,18.91925,1,0.61574,0.63027,0.97958,0.00402,1,1,0.02116,0.07359,0.63547,0.58863,0.11776,18.17747,1,0.61674,0.61443,0.9862,0.00376,1,1,participant_30,question_2,No-Timer,True,Answer_Area
0.0,0,42,1,0.61724,0.59989,0,0.8901,0.87593,0.12028,346,111.51669,1,0.61093,0.61447,-0.04169,0.0772,0.64498,0.33271,0.10503,18.89955,1,0.61814,0.59081,0.9862,0.004,1,1,0.02116,0.07359,0.63547,0.58874,0.11757,18.11565,1,0.61633,0.60896,0.99282,0.0038,1,1,participant_30,question_2,No-Timer,True,Answer_Area
0.0,0,42,1,0.61335,0.54814,0,0.8901,0.87593,0.12724,346,111.51669,1,0.61105,0.61115,-0.04169,0.0772,0.64498,0.33264,0.1045,18.7106,1,0.61214,0.55933,0.99282,0.00405,1,1,0.02116,0.07359,0.63547,0.58859,0.11722,17.90192,1,0.61457,0.53695,0.99944,0.00373,1,1,participant_30,question_2,No-Timer,True,Answer_Area
0.0,0,42,1,0.61335,0.54814,0,0.8901,0.87593,0.13369,346,111.51669,1,0.61116,0.60815,-0.18116,0.34325,2.86583,0.33258,0.10439,18.83743,1,0.61214,0.55933,0.99282,0.004,0,1,0.02146,0.07473,0.64449,0.58846,0.11679,17.84777,1,0.61457,0.53695,0.99944,0.00382,1,1,participant_30,question_2,No-Timer,True,Answer_Area
0.0,0,42,1,0.60514,0.55626,0,0.8901,0.87593,0.14037,346,111.51669,1,0.61089,0.60579,-0.18116,0.34325,2.86583,0.33258,0.10427,18.89904,1,0.58027,0.53899,0.99282,0.00397,0,1,0.02146,0.07473,0.64449,0.5883,0.11667,18.43157,1,0.63002,0.57352,0.99282,0.00368,1,1,participant_30,question_2,No-Timer,True,Answer_Area
0.0,0,42,1,0.59439,0.57905,0,0.8901,0.87593,0.1471,346,111.51669,1,0.61017,0.60463,-0.18116,0.34325,2.86583,0.33258,0.10432,18.82008,1,0.58369,0.5803,0.9862,0.00396,0,1,0.02146,0.07473,0.64449,0.58847,0.11654,18.23564,1,0.60508,0.5778,0.9862,0.00369,1,1,participant_30,question_2,No-Timer,True,Answer_Area
0.0,0,42,1,0.59439,0.57905,0,0.8901,0.87593,0.15376,346,111.51669,1,0.60951,0.60357,-0.04169,0.0773,0.64498,0.33258,0.10432,18.82008,1,0.58369,0.5803,0.9862,0.00396,1,1,0.02146,0.07473,0.64449,0.58839,0.1167,18.51536,1,0.60508,0.5778,0.9862,0.00373,1,1,participant_30,question_2,No-Timer,True,Answer_Area
0.0,0,42,1,0.59038,0.57503,0,0.8901,0.87593,0.1607,346,111.51669,1,0.60875,0.60242,-0.04169,0.0773,0.64498,0.33261,0.1043,18.82016,1,0.58558,0.58207,0.99282,0.00399,1,1,0.02146,0.07473,0.64449,0.58845,0.11673,18.49416,1,0.59518,0.56798,0.99282,0.00371,1,1,participant_30,question_2,No-Timer,True,Answer_Area
0.0,0,42,1,0.59134,0.57605,0,0.8901,0.87593,0.16716,346,111.51669,1,0.60808,0.60141,-0.04169,0.0773,0.64498,0.33261,0.1043,18.82016,1,0.58525,0.57905,0.99944,0.00399,1,1,0.02146,0.07473,0.64449,0.58847,0.11674,18.56619,1,0.59743,0.57306,0.99944,0.00371,1,1,participant_30,question_2,No-Timer,True,Answer_Area
0.0,0,42,1,0.59106,0.57777,0,0.8901,0.87593,0.17385,346,111.51669,1,0.60745,0.60053,-0.18117,0.34349,2.86601,0.33263,0.10427,18.74003,1,0.58525,0.57905,0.99944,0.00399,0,1,0.02095,0.0728,0.62785,0.58858,0.11663,18.00925,1,0.59687,0.57649,0.99282,0.00377,1,1,participant_30,question_2,No-Timer,True,Answer_Area
0.0,0,42,1,0.5944,0.5932,0,0.8901,0.87593,0.18056,346,111.51669,1,0.60698,0.60027,-0.18117,0.34349,2.86601,0.33271,0.10418,19.02105,1,0.59028,0.56489,0.9862,0.00396,0,1,0.02095,0.0728,0.62785,0.58875,0.11662,17.76765,1,0.59852,0.62151,0.97958,0.00376,1,1,participant_30,question_2,No-Timer,True,Answer_Area
0.0,0,42,1,0.59249,0.5907,0,0.8901,0.87593,0.18725,346,111.51669,1,0.60648,0.59994,-0.18117,0.34349,2.86601,0.3327,0.10419,18.96201,1,0.58823,0.56896,0.97296,0.00394,0,1,0.02095,0.0728,0.62785,0.58874,0.11665,17.83931,1,0.59675,0.61244,0.96634,0.00368,1,1,participant_30,question_2,No-Timer,True,Answer_Area
0.0,0,42,1,0.59157,0.59887,0,0.8901,0.87593,0.19395,346,111.51669,1,0.60599,0.59991,-0.18117,0.34349,2.86601,0.33276,0.10416,18.88267,1,0.58809,0.57579,0.95972,0.00396,0,1,0.02041,0.07077,0.61038,0.58871,0.11664,18.12273,1,0.59505,0.62196,0.94715,0.00367,1,1,participant_30,question_2,No-Timer,True,Answer_Area
0.0,0,42,1,0.59727,0.60834,0,0.8901,0.87593,0.20103,346,111.51669,1,0.6057,0.60018,-0.18117,0.34349,2.86601,0.33285,0.10416,18.83437,1,0.59026,0.58142,0.94715,0.00394,0,1,0.02041,0.07077,0.61038,0.58879,0.11659,18.41486,1,0.60428,0.63526,0.94119,0.00368,1,1,participant_30,question_2,No-Timer,True,Answer_Area
0.0,0,42,1,0.59941,0.60512,0,0.8901,0.87593,0.20793,346,111.51669,1,0.60551,0.60033,-0.18117,0.34349,2.86601,0.33285,0.10408,18.68485,1,0.59232,0.58197,0.94119,0.00398,0,1,0.02041,0.07077,0.61038,0.58878,0.11653,18.40791,1,0.60651,0.62828,0.93523,0.00365,1,1,participant_30,question_2,No-Timer,True,Answer_Area
0.0,0,42,1,0.59907,0.60814,0,0.8901,0.87593,0.21445,346,111.51669,1,0.60531,0.60057,-0.17921,0.34006,2.83562,0.33272,0.10403,18.78713,1,0.59223,0.58506,0.93523,0.004,0,1,0.02041,0.07077,0.61038,0.58881,0.11656,18.35637,1,0.60591,0.63123,0.92927,0.00368,1,1,participant_30,question_2,No-Timer,True,Answer_Area
0.0,0,41,1,0.60393,0.6245,0,0.8901,0.87593,0.22099,346,111.51669,1,0.60527,0.60127,-0.17921,0.34006,2.83562,0.33283,0.10393,18.86337,1,0.59611,0.6269,0.92927,0.00399,0,1,0.02041,0.07077,0.61038,0.58888,0.11657,18.23982,1,0.61176,0.62211,0.92927,0.00367,1,1,participant_30,question_2,No-Timer,True,Answer_Area
0.0,0,41,1,0.60482,0.60431,0,0.8901,0.87593,0.22748,346,111.51669,1,0.60526,0.60136,-0.17921,0.34006,2.83562,0.33283,0.10393,18.88697,1,0.59458,0.57028,0.92927,0.00399,0,1,0.02041,0.07077,0.61038,0.58888,0.1166,18.31083,1,0.61506,0.63834,0.92927,0.00366,1,1,participant_30,question_2,No-Timer,True,Answer_Area
0.0,0,41,1,0.60594,0.59785,0,0.8901,0.87593,0.23442,346,111.51669,1,0.60528,0.60126,-0.04104,0.07632,0.6364,0.33286,0.10387,18.73026,1,0.5947,0.56671,0.93589,0.004,1,1,0.0217,0.07497,0.64616,0.58891,0.11659,18.23814,1,0.61718,0.629,0.94847,0.00367,1,1,participant_30,question_2,No-Timer,True,Answer_Area
0.0,0,41,1,0.5983,0.62156,0,0.8901,0.87593,0.24089,346,111.51669,1,0.60509,0.60181,-0.04104,0.07632,0.6364,0.33248,0.10397,18.85024,1,0.60003,0.60732,0.95509,0.00398,1,1,0.0217,0.07497,0.64616,0.58872,0.11666,18.11718,1,0.59656,0.63579,0.96767,0.00367,1,1,participant_30,question_2,No-Timer,True,Answer_Area
0.0,0,41,1,0.54787,0.61751,0,0.8901,0.87593,0.24808,346,111.51669,1,0.60358,0.60222,-0.04104,0.07632,0.6364,0.33158,0.10434,18.82147,1,0.54591,0.60366,0.97429,0.00391,1,1,0.0217,0.07497,0.64616,0.58748,0.11702,17.95391,1,0.54984,0.63136,0.98686,0.00364,1,1,participant_30,question_2,No-Timer,True,Answer_Area
0.0,0,41,1,0.5478,0.61309,0,0.8901,0.87593,0.25488,346,111.51669,1,0.60215,0.6025,-0.04075,0.07507,0.62679,0.33104,0.10446,18.5047,1,0.54551,0.59761,0.98686,0.00392,1,1,0.02036,0.07196,0.62142,0.58665,0.11746,18.40438,1,0.55009,0.62857,0.99282,0.00361,1,1,participant_30,question_2,No-Timer,True,Answer_Area
0.0,0,41,1,0.40654,0.67778,0,0.8901,0.87593,0.26122,346,111.51669,1,0.59726,0.60439,-0.04075,0.07507,0.62679,0.32774,0.10542,18.83901,1,0.39346,0.62724,0.9862,0.00382,1,1,0.02036,0.07196,0.62142,0.58281,0.11849,18.23085,1,0.41963,0.72832,0.97958,0.00387,1,1,participant_30,question_2,No-Timer,True,Answer_Area
0.0,0,41,1,0.35284,0.69316,0,0.8901,0.87593,0.26122,346,111.51669,0,0.55461,0.62252,-0.04075,0.07507,0.62679,0.32603,0.10593,19.1421,1,0.35485,0.67907,0.97296,0.00385,1,1,0.02036,0.07196,0.62142,0.58054,0.11932,18.2952,1,0.35083,0.70724,0.96634,0.00384,1,1,participant_30,question_2,No-Timer,True,Answer_Area
0.0,0,41,1,0.35576,0.69978,0,0.8901,0.87593,0.26122,346,111.51669,0,0.45519,0.66115,-0.04122,0.0746,0.62402,0.32495,0.10611,18.74508,1,0.35779,0.6845,0.95972,0.00392,1,1,0.01871,0.06893,0.59714,0.57965,0.11965,18.66485,1,0.35373,0.71506,0.94715,0.00378,1,1,participant_30,question_2,No-Timer,True,Answer_Area
0.0,0,41,1,0.24008,0.75518,0,0.8901,0.87593,0.26122,346,111.51669,0,0.38348,0.69249,-0.04122,0.0746,0.62402,0.32258,0.10737,19.41456,1,0.23042,0.71743,0.94715,0.00387,1,1,0.01871,0.06893,0.59714,0.5769,0.12122,18.65937,1,0.24974,0.79294,0.94119,0.00382,1,1,participant_30,question_2,No-Timer,True,Answer_Area
0.0,0,41,1,0.21798,0.81968,0,0.8901,0.87593,0.26122,346,111.51669,0,0.27127,0.75821,-0.04122,0.0746,0.62402,0.32184,0.10806,19.9949,1,0.215,0.79574,0.94119,0.00392,1,1,0.01871,0.06893,0.59714,0.57628,0.12184,18.60645,1,0.22095,0.84361,0.93523,0.0037,1,1,participant_30,question_2,No-Timer,True,Answer_Area
0.0,0,41,1,0.21688,0.81866,0,0.8901,0.87593,0.26122,346,111.51669,0,0.24408,0.78844,-0.0412,0.0738,0.61883,0.32127,0.1083,19.54948,1,0.21475,0.79555,0.94185,0.00395,1,1,0.01928,0.07202,0.62562,0.57574,0.12221,18.39993,1,0.21901,0.84178,0.94185,0.00379,1,1,participant_30,question_2,No-Timer,True,Answer_Area
0.0,0,41,1,0.211,0.82107,0,0.8901,0.87593,0.26122,346,111.51669,0,0.23305,0.79932,-0.0412,0.0738,0.61883,0.32106,0.10855,19.6098,1,0.21682,0.81944,0.94847,0.00394,1,1,0.01928,0.07202,0.62562,0.57553,0.12216,18.43217,1,0.20518,0.8227,0.95443,0.0037,1,1,participant_30,question_2,No-Timer,True,Answer_Area
0.0,0,41,1,0.21332,0.81286,0,0.8901,0.87593,0.02004,347,111.80488,1,0.22812,0.8027,-0.0412,0.0738,0.61883,0.32109,0.1085,19.49666,1,0.21458,0.81515,0.96105,0.00397,1,1,0.01928,0.07202,0.62562,0.57576,0.12209,18.29751,1,0.21207,0.81056,0.967,0.00371,1,1,participant_30,question_2,No-Timer,True,Answer_Area
0.0,0,41,1,0.20821,0.80823,0,0.8901,0.87593,0.02673,347,111.80488,1,0.22414,0.80381,-0.0412,0.07389,0.61883,0.32112,0.10852,19.60482,1,0.20993,0.8117,0.97362,0.00397,1,1,0.01996,0.07442,0.64599,0.57577,0.12199,18.17444,1,0.20649,0.80476,0.9862,0.00378,1,1,participant_30,question_2,No-Timer,True,Answer_Area
0.0,0,41,1,0.2051,0.8109,0,0.8901,0.87593,0.03342,347,111.80488,1,0.22097,0.80499,-0.0412,0.07389,0.61883,0.32101,0.10847,19.70555,1,0.20136,0.80081,0.9862,0.00395,1,1,0.01996,0.07442,0.64599,0.57581,0.1219,18.28261,1,0.20885,0.821,0.99282,0.00371,1,1,participant_30,question_2,No-Timer,True,Answer_Area
0.0,0,41,1,0.20482,0.80648,0,0.8901,0.87593,0.04001,347,111.80488,1,0.21866,0.8052,-0.0412,0.07389,0.61883,0.32099,0.10835,19.62726,1,0.19825,0.79605,0.99282,0.00395,1,1,0.01996,0.07442,0.64599,0.57577,0.12199,18.17444,1,0.21139,0.8169,0.99944,0.00377,1,1,participant_30,question_2,No-Timer,True,Answer_Area
0.0,0,41,1,0.20265,0.80458,0,0.8901,0.87593,0.04669,347,111.80488,1,0.21666,0.80513,-0.0412,0.07389,0.61883,0.32099,0.10835,19.62726,1,0.19578,0.79416,0.99944,0.00395,1,1,0.01996,0.07442,0.64599,0.57581,0.1219,18.28261,1,0.20953,0.81501,1.00606,0.00371,1,1,participant_30,question_2,No-Timer,True,Answer_Area
0.0,0,41,1,0.19379,0.80194,0,0.8901,0.87593,0.05354,347,111.80488,1,0.21412,0.80477,-0.0412,0.07389,0.61883,0.32106,0.10827,19.43578,1,0.20134,0.79632,1.00606,0.00394,1,1,0.01996,0.07442,0.64599,0.57591,0.12185,18.0146,1,0.18624,0.80755,1.00606,0.0037,1,1,participant_30,question_2,No-Timer,True,Answer_Area
0.0,0,41,1,0.1929,0.79656,0,0.8901,0.87593,0.06033,347,111.80488,1,0.212,0.80395,-0.0412,0.07389,0.61883,0.32112,0.10831,19.3105,1,0.19537,0.7778,1.00606,0.00393,1,1,0.01996,0.07442,0.64599,0.57595,0.12185,18.15336,1,0.19043,0.81532,1.00606,0.00369,1,1,participant_30,question_2,No-Timer,True,Answer_Area
0.0,0,41,1,0.19479,0.79836,0,0.8901,0.87593,0.06701,347,111.80488,1,0.21043,0.80344,-0.0412,0.07389,0.61883,0.32112,0.10831,19.3105,1,0.19537,0.7778,1.00606,0.00393,1,1,0.01883,0.06998,0.6067,0.57599,0.12189,18.26593,1,0.19421,0.81892,0.99348,0.0037,1,1,participant_30,question_2,No-Timer,True,Answer_Area
0.0,0,41,1,0.19928,0.79335,0,0.8901,0.87593,0.07364,347,111.80488,1,0.2095,0.8026,-0.0412,0.07389,0.61883,0.32112,0.10828,19.34522,1,0.19945,0.78041,0.99348,0.00392,1,1,0.01883,0.06998,0.6067,0.57602,0.12186,17.93366,1,0.19912,0.8063,0.9809,0.00372,1,1,participant_30,question_2,No-Timer,True,Answer_Area
0.0,0,41,1,0.20886,0.79564,0,0.8901,0.87593,0.08031,347,111.80488,1,0.20945,0.80207,-0.0412,0.07389,0.61883,0.32107,0.10824,19.23367,1,0.20678,0.77838,0.9809,0.0039,1,1,0.01883,0.06998,0.6067,0.57606,0.12181,17.99899,1,0.21095,0.81289,0.96833,0.00368,1,1,participant_30,question_2,No-Timer,True,Answer_Area
0.0,0,41,1,0.21302,0.79945,0,0.8901,0.87593,0.08694,347,111.80488,1,0.20971,0.80188,-0.0412,0.07389,0.61883,0.32107,0.10824,19.23367,1,0.21142,0.78225,0.96833,0.0039,1,1,0.01883,0.06998,0.6067,0.57607,0.12176,18.05615,1,0.21462,0.81666,0.95575,0.00364,1,1,participant_30,question_2,No-Timer,True,Answer_Area
0.0,0,41,1,0.21456,0.79714,0,0.8901,0.87593,0.09365,347,111.80488,1,0.21003,0.80156,-0.0412,0.07389,0.61883,0.32108,0.10824,19.19954,1,0.21725,0.78613,0.95575,0.0039,1,1,0.01883,0.06998,0.6067,0.5762,0.12169,18.0611,1,0.21187,0.80815,0.95575,0.00364,1,1,participant_30,question_2,No-Timer,True,Answer_Area
0.0,0,41,1,0.21466,0.79586,0,0.8901,0.87593,0.10099,347,111.80488,1,0.21032,0.80121,-0.0412,0.07389,0.61883,0.32113,0.10821,19.21344,1,0.21643,0.78593,0.95575,0.0039,1,1,0.01883,0.06998,0.6067,0.57615,0.12171,17.87934,1,0.21288,0.80579,0.95575,0.00365,1,1,participant_30,question_2,No-Timer,True,Answer_Area
0.0,0,41,1,0.21685,0.7979,0,0.8901,0.87593,0.10715,347,111.80488,1,0.21071,0.80101,-0.04108,0.0738,0.61773,0.32115,0.10817,19.13696,1,0.21887,0.78796,0.94913,0.00388,1,1,0.01884,0.06997,0.60698,0.57621,0.12176,18.07777,1,0.21482,0.80785,0.94913,0.00363,1,1,participant_30,question_2,No-Timer,True,Answer_Area
0.0,0,41,1,0.21299,0.81882,0,0.8901,0.87593,0.11379,347,111.80488,1,0.21083,0.802,-0.04108,0.0738,0.61773,0.32108,0.1082,19.17649,1,0.20334,0.78365,0.94251,0.00389,1,1,0.01884,0.06997,0.60698,0.5763,0.12178,18.46791,1,0.22264,0.85399,0.94251,0.00361,1,1,participant_30,question_2,No-Timer,True,Answer_Area
0.0,0,41,1,0.21634,0.81834,0,0.8901,0.87593,0.12139,347,111.80488,1,0.21112,0.80286,-0.04108,0.0738,0.61773,0.32111,0.10817,19.3753,1,0.20445,0.78539,0.93589,0.00385,1,1,0.01884,0.06997,0.60698,0.57641,0.12193,18.02269,1,0.22823,0.8513,0.93589,0.0036,1,1,participant_30,question_2,No-Timer,True,Answer_Area
0.0,0,41,1,0.21772,0.81947,0,0.8901,0.87593,0.12755,347,111.80488,1,0.21145,0.80369,-0.04108,0.0738,0.61773,0.32109,0.10813,19.22828,1,0.20702,0.78747,0.92927,0.00384,1,1,0.01947,0.07218,0.62571,0.57642,0.12182,18.01738,1,0.22842,0.85148,0.93523,0.00365,1,1,participant_30,question_2,No-Timer,True,Answer_Area
0.0,0,41,1,0.22231,0.81285,0,0.8901,0.87593,0.1341,347,111.80488,1,0.21197,0.80413,-0.04108,0.0738,0.61773,0.32118,0.10811,19.03895,1,0.20466,0.78448,0.93523,0.00386,1,1,0.01947,0.07218,0.62571,0.57653,0.12175,17.88841,1,0.23997,0.84122,0.94119,0.0036,1,1,participant_30,question_2,No-Timer,True,Answer_Area
0.0,0,41,1,0.20573,0.79397,0,0.8901,0.87593,0.14171,347,111.80488,1,0.21169,0.80367,-0.04108,0.0738,0.61773,0.32121,0.10806,19.00669,1,0.20476,0.7776,0.94119,0.00385,1,1,0.01947,0.07218,0.62571,0.57651,0.12189,17.9843,1,0.2067,0.81035,0.94715,0.00357,1,1,participant_30,question_2,No-Timer,True,Answer_Area
0.0,0,41,1,0.20268,0.79107,0,0.8901,0.87593,0.14903,347,111.80488,1,0.21129,0.80312,-0.04108,0.0738,0.61773,0.32121,0.10806,19.00669,1,0.20245,0.77568,0.94715,0.00385,1,1,0.01989,0.07356,0.6377,0.57653,0.12172,17.91836,1,0.2029,0.80646,0.95972,0.00358,1,1,participant_30,question_2,No-Timer,True,Answer_Area
0.0,0,41,1,0.20474,0.81281,0,0.8901,0.87593,0.15422,347,111.80488,1,0.21102,0.80352,-0.04108,0.0738,0.61773,0.32124,0.10803,19.15986,1,0.20195,0.78339,0.95972,0.00384,1,1,0.01989,0.07356,0.6377,0.57653,0.12172,17.91836,1,0.20754,0.84223,0.96634,0.00358,1,1,participant_30,question_2,No-Timer,True,Answer_Area
0.0,0,41,1,0.19985,0.84154,0,0.8901,0.87593,0.16249,347,111.80488,1,0.21057,0.80504,-0.04108,0.0738,0.61773,0.32126,0.10806,19.16611,1,0.19888,0.81268,0.96634,0.00382,1,1,0.01989,0.07356,0.6377,0.57655,0.12171,17.91473,1,0.20082,0.8704,0.97296,0.00357,1,1,participant_30,question_2,No-Timer,True,Answer_Area
0.0,0,41,1,0.19758,0.83984,0,0.8901,0.87593,0.16849,347,111.80488,1,0.21007,0.80638,-0.04108,0.0738,0.61773,0.3213,0.10808,19.04765,1,0.19635,0.81085,0.97296,0.00383,1,1,0.01989,0.07356,0.6377,0.57656,0.12171,17.83995,1,0.19881,0.86883,0.97958,0.00359,1,1,participant_30,question_2,No-Timer,True,Answer_Area
0.0,0,41,1,0.20271,0.84103,0,0.8901,0.87593,0.17455,347,111.80488,1,0.2098,0.80767,-0.04108,0.0738,0.61773,0.32132,0.10807,19.11719,1,0.19451,0.80146,0.97958,0.00382,1,1,0.01989,0.07356,0.6377,0.57664,0.12159,17.7635,1,0.21092,0.8806,0.97958,0.0036,1,1,participant_30,question_2,No-Timer,True,Answer_Area
0.0,0,41,1,0.20278,0.83496,0,0.8901,0.87593,0.18465,347,111.80488,1,0.20955,0.80864,-0.04108,0.0738,0.61773,0.32138,0.10805,18.88906,1,0.19864,0.80597,0.97958,0.00385,1,1,0.01989,0.07356,0.6377,0.57664,0.12159,17.7635,1,0.20692,0.86396,0.97958,0.0036,1,1,participant_30,question_2,No-Timer,True,Answer_Area
0.0,0,41,1,0.20278,0.83496,0,0.8901,0.87593,0.19692,347,111.80488,1,0.20932,0.80955,-0.04076,0.07327,0.61287,0.32145,0.10795,18.80738,1,0.19864,0.80597,0.97958,0.00387,1,1,0.01989,0.07356,0.6377,0.57671,0.12154,17.75782,1,0.20692,0.86396,0.97958,0.00358,1,1,participant_30,question_2,No-Timer,True,Answer_Area
0.0,0,41,1,0.19388,0.82342,0,0.8901,0.87593,0.20332,347,111.80488,1,0.2088,0.81001,-0.04076,0.07327,0.61287,0.32149,0.10783,18.90532,1,0.19473,0.7797,0.97958,0.00384,1,1,0.01989,0.07356,0.6377,0.57676,0.12152,17.69308,1,0.19302,0.86714,0.97958,0.00355,1,1,participant_30,question_2,No-Timer,True,Answer_Area
0.0,0,41,1,0.1949,0.82421,0,0.8901,0.87593,0.21104,347,111.80488,1,0.20835,0.81047,-0.04076,0.07327,0.61287,0.32151,0.10783,18.99069,1,0.19473,0.7797,0.97958,0.00383,1,1,0.01935,0.07137,0.61876,0.57675,0.12146,17.48973,1,0.19506,0.86873,0.97296,0.00355,1,1,participant_30,question_2,No-Timer,True,Answer_Area
0.0,0,41,1,0.20588,0.83901,0,0.8901,0.87593,0.21757,347,111.80488,1,0.20828,0.81136,-0.04076,0.07327,0.61287,0.32154,0.10777,18.8592,1,0.21219,0.82281,0.97296,0.00383,1,1,0.01935,0.07137,0.61876,0.57676,0.1214,17.46254,1,0.19957,0.85521,0.96634,0.00352,1,1,participant_30,question_2,No-Timer,True,Answer_Area
0.0,0,41,1,0.20629,0.83958,0,0.8901,0.87593,0.22089,347,111.80488,1,0.20822,0.81222,-0.04076,0.07327,0.61287,0.32154,0.10773,18.87162,1,0.21555,0.82297,0.96634,0.00382,1,1,0.01935,0.07137,0.61876,0.57674,0.12142,17.58713,1,0.19703,0.85619,0.95972,0.0035,1,1,participant_30,question_2,No-Timer,True,Answer_Area
0.0,0,41,1,0.20721,0.84034,0,0.8901,0.87593,0.2316,347,111.80488,1,0.20819,0.81304,-0.04191,0.07543,0.63094,0.32158,0.10764,19.02975,1,0.21555,0.82297,0.96634,0.00382,1,1,0.01871,0.06893,0.59714,0.57679,0.1214,17.46222,1,0.19888,0.85771,0.95376,0.00351,1,1,participant_30,question_2,No-Timer,True,Answer_Area
0.0,0,41,1,0.21302,0.83047,0,0.8901,0.87593,0.23597,347,111.80488,1,0.20833,0.81354,-0.04191,0.07543,0.63094,0.3216,0.10757,19.02713,1,0.21715,0.81714,0.96038,0.00382,1,1,0.01871,0.06893,0.59714,0.57682,0.12127,17.53134,1,0.2089,0.84379,0.95443,0.00353,1,1,participant_30,question_2,No-Timer,True,Answer_Area
0.0,0,41,1,0.21511,0.82422,0,0.8901,0.87593,0.24412,347,111.80488,1,0.20851,0.81384,-0.04191,0.07543,0.63094,0.32166,0.10756,19.21627,1,0.21534,0.80861,0.96105,0.00382,1,1,0.01871,0.06893,0.59714,0.57674,0.12137,17.49212,1,0.21487,0.83983,0.95509,0.00361,1,1,participant_30,question_2,No-Timer,True,Answer_Area
0.0,0,41,1,0.21708,0.82588,0,0.8901,0.87593,0.25265,347,111.80488,1,0.20874,0.81416,-0.0413,0.07445,0.62238,0.32166,0.10756,19.21627,1,0.21754,0.81029,0.95509,0.00381,1,1,0.01895,0.06986,0.60483,0.5769,0.12116,17.4353,1,0.21661,0.84146,0.94913,0.0035,1,1,participant_30,question_2,No-Timer,True,Answer_Area
0.0,0,41,1,0.22716,0.82792,0,0.8901,0.87593,0.25883,347,111.80488,1,0.20923,0.81452,-0.0413,0.07445,0.62238,0.32171,0.10753,19.04552,1,0.2327,0.80993,0.94251,0.00381,1,1,0.01895,0.06986,0.60483,0.57693,0.1211,17.45247,1,0.22162,0.84592,0.94251,0.00353,1,1,participant_30,question_2,No-Timer,True,Answer_Area
0.0,0,41,1,0.21802,0.82814,0,0.8901,0.87593,0.2772,347,111.80488,1,0.20945,0.81487,-0.0413,0.07445,0.62238,0.32173,0.10749,19.04831,1,0.2137,0.81161,0.93589,0.00379,1,1,0.01895,0.06986,0.60483,0.57693,0.1211,17.45247,1,0.22234,0.84467,0.93589,0.00353,1,1,participant_30,question_2,No-Timer,True,Answer_Area
0.0,0,41,1,0.22572,0.82312,0,0.8901,0.87593,0.28063,347,111.80488,1,0.20986,0.81508,-0.0413,0.07445,0.62238,0.32176,0.10744,19.01365,1,0.21821,0.8093,0.92927,0.00382,1,1,0.01895,0.06986,0.60483,0.57701,0.12106,17.61293,1,0.23323,0.83694,0.92927,0.00354,1,1,participant_30,question_2,No-Timer,True,Answer_Area
0.0,0,41,1,0.22483,0.82214,0,0.8901,0.87593,0.28319,347,111.80488,1,0.21023,0.81525,-0.0413,0.07445,0.62238,0.32176,0.10744,19.01365,1,0.21896,0.81115,0.92927,0.00382,1,1,0.01895,0.06986,0.60483,0.57701,0.12106,17.61293,1,0.2307,0.83313,0.92927,0.00354,1,1,participant_30,question_2,No-Timer,True,Answer_Area
0.0,0,41,1,0.22179,0.81937,0,0.8901,0.87593,0.29265,347,111.80488,1,0.2105,0.81535,-0.0412,0.07441,0.6216,0.32186,0.10743,19.36978,1,0.21646,0.80924,0.93589,0.0038,1,1,0.01937,0.07125,0.6165,0.57712,0.12099,17.61649,1,0.22713,0.8295,0.94185,0.00357,1,1,participant_30,question_2,No-Timer,True,Answer_Area
0.0,0,41,1,0.22596,0.80659,0,0.8901,0.87593,0.29798,347,111.80488,1,0.21086,0.81515,-0.0412,0.07441,0.6216,0.32194,0.10735,19.31636,1,0.21781,0.80093,0.94847,0.00381,1,1,0.01937,0.07125,0.6165,0.5772,0.12091,17.92259,1,0.2341,0.81225,0.95443,0.00356,1,1,participant_30,question_2,No-Timer,True,Answer_Area
0.0,0,41,1,0.22613,0.7908,0,0.8901,0.87593,0.30591,347,111.80488,1,0.21121,0.81459,-0.0412,0.07441,0.6216,0.32196,0.10733,19.2697,1,0.21955,0.78267,0.96105,0.0038,1,1,0.01937,0.07125,0.6165,0.57724,0.12084,17.89586,1,0.2327,0.79892,0.967,0.00353,1,1,participant_30,question_2,No-Timer,True,Answer_Area
0.0,0,41,1,0.22335,0.7879,0,0.8901,0.87593,0.3121,347,111.80488,1,0.21148,0.814,-0.04169,0.07543,0.62976,0.32198,0.10728,19.27079,1,0.21739,0.78083,0.967,0.00382,1,1,0.0201,0.07381,0.63822,0.57728,0.12083,17.79475,1,0.22931,0.79497,0.97958,0.00352,1,1,participant_30,question_2,No-Timer,True,Answer_Area
0.0,0,41,1,0.19791,0.81434,0,0.8901,0.87593,0.31911,347,111.80488,1,0.21118,0.81401,-0.04169,0.07543,0.62976,0.32198,0.10719,19.0147,1,0.19142,0.78414,0.97296,0.00386,1,1,0.0201,0.07381,0.63822,0.57732,0.12085,17.8865,1,0.20441,0.84454,0.97958,0.00354,1,1,participant_30,question_2,No-Timer,True,Answer_Area
0.0,0,41,1,0.19983,0.81201,0,0.8901,0.87593,0.32413,347,111.80488,1,0.21094,0.81396,-0.04169,0.07543,0.62976,0.32209,0.10711,19.03899,1,0.19722,0.78202,0.97296,0.00383,1,1,0.0201,0.07381,0.63822,0.57735,0.12085,17.81118,1,0.20244,0.84199,0.97958,0.00354,1,1,participant_30,question_2,No-Timer,True,Answer_Area
0.0,0,41,1,0.19983,0.81201,0,0.8901,0.87593,0.32956,347,111.80488,1,0.21071,0.81392,-0.04207,0.07606,0.6354,0.32213,0.10712,19.02147,1,0.19722,0.78202,0.97296,0.00383,1,1,0.0201,0.07381,0.63822,0.57738,0.12073,17.71338,1,0.20244,0.84199,0.97958,0.00359,1,1,participant_30,question_2,No-Timer,True,Answer_Area
0.0,0,41,1,0.19776,0.80291,0,0.8901,0.87593,0.33942,347,111.80488,1,0.20918,0.81486,-0.04207,0.07606,0.6354,0.32221,0.10707,19.14701,1,0.20938,0.76434,0.97958,0.00386,1,1,0.0201,0.07381,0.63822,0.57743,0.12071,17.65154,1,0.18615,0.84148,0.97958,0.00359,1,1,participant_30,question_2,No-Timer,True,Answer_Area
0.0,0,41,1,0.20407,0.82328,0,0.8901,0.87593,0.34359,347,111.80488,1,0.20891,0.81495,-0.04207,0.07606,0.6354,0.32221,0.10707,19.14701,1,0.20914,0.8091,0.97958,0.00386,1,1,0.0201,0.07381,0.63822,0.57752,0.12058,17.60132,1,0.199,0.83747,0.97958,0.00358,1,1,participant_30,question_2,No-Timer,True,Answer_Area
0.0,0,41,1,0.20507,0.82418,0,0.8901,0.87593,0.3484,347,111.80488,1,0.20879,0.81502,-0.04082,0.07407,0.61803,0.32227,0.10701,18.92425,1,0.20914,0.8091,0.97958,0.00388,1,1,0.01952,0.07154,0.61855,0.57754,0.12058,17.53902,1,0.201,0.83926,0.97296,0.00359,1,1,participant_30,question_2,No-Timer,True,Answer_Area
0.0,0,41,1,0.20055,0.82875,0,0.8901,0.87593,0.35552,347,111.80488,1,0.20852,0.81535,-0.04082,0.07407,0.61803,0.32216,0.10696,19.49956,1,0.20455,0.78802,0.97296,0.00387,1,1,0.01952,0.07154,0.61855,0.57751,0.12055,17.72062,1,0.19655,0.86948,0.96634,0.00358,1,1,participant_30,question_2,No-Timer,True,Answer_Area
0.0,0,41,1,0.19363,0.81886,0,0.8901,0.87593,0.36572,347,111.80488,1,0.20822,0.81557,-0.04082,0.07407,0.61803,0.32213,0.10684,19.43748,1,0.19967,0.7806,0.96634,0.00384,1,1,0.01952,0.07154,0.61855,0.57746,0.12045,17.64752,1,0.18759,0.85711,0.95972,0.00354,1,1,participant_30,question_2,No-Timer,True,Answer_Area
0.0,0,41,1,0.19595,0.82073,0,0.8901,0.87593,0.36943,347,111.80488,1,0.20803,0.81577,-0.04082,0.07407,0.61803,0.32208,0.10668,19.3483,1,0.2022,0.78265,0.95972,0.00384,1,1,0.01952,0.07154,0.61855,0.57737,0.12026,17.81331,1,0.18971,0.8588,0.9531,0.00355,1,1,participant_30,question_2,No-Timer,True,Answer_Area
0.0,0,41,1,0.21333,0.81312,0,0.8901,0.87593,0.37582,347,111.80488,1,0.20821,0.81591,-0.04082,0.07407,0.61803,0.3223,0.10658,19.26474,1,0.22617,0.77399,0.9531,0.00386,1,1,0.01952,0.07154,0.61855,0.57745,0.12027,17.76842,1,0.20049,0.85224,0.9531,0.00355,1,1,participant_30,question_2,No-Timer,True,Answer_Area
0.0,0,41,1,0.19589,0.81663,0,0.8901,0.87593,0.38162,347,111.80488,1,0.20806,0.81616,-0.04082,0.07407,0.61803,0.32232,0.10663,19.27408,1,0.19304,0.773,0.9531,0.00383,1,1,0.01952,0.07154,0.61855,0.57747,0.12037,17.81781,1,0.19873,0.86027,0.9531,0.0035,1,1,participant_30,question_2,No-Timer,True,Answer_Area
0.0,0,41,1,0.19681,0.81739,0,0.8901,0.87593,0.38814,347,111.80488,1,0.20813,0.81648,-0.04082,0.07407,0.61803,0.32244,0.10661,19.4404,1,0.19304,0.773,0.9531,0.00382,1,1,0.01934,0.07068,0.61117,0.57753,0.12044,17.57032,1,0.20059,0.86178,0.94715,0.00351,1,1,participant_30,question_2,No-Timer,True,Answer_Area
0.0,0,41,1,0.21378,0.83231,0,0.8901,0.87593,0.39511,347,111.80488,1,0.20856,0.81723,-0.04082,0.07407,0.61803,0.32257,0.10656,19.19536,1,0.20843,0.8096,0.94715,0.00385,1,1,0.01934,0.07068,0.61117,0.57764,0.12036,17.48195,1,0.21914,0.85502,0.94119,0.00352,1,1,participant_30,question_2,No-Timer,True,Answer_Area
0.0,0,41,1,0.21847,0.83384,0,0.8901,0.87593,0.40197,347,111.80488,1,0.20906,0.81797,-0.04082,0.07407,0.61803,0.32258,0.10648,19.13836,1,0.21446,0.80772,0.94119,0.00381,1,1,0.01934,0.07068,0.61117,0.57776,0.12018,17.42533,1,0.22247,0.85996,0.93523,0.00357,1,1,participant_30,question_2,No-Timer,True,Answer_Area
0.0,0,41,1,0.21959,0.8347,0,0.8901,0.87593,0.40842,347,111.80488,1,0.20948,0.81883,-0.04102,0.07468,0.62237,0.32263,0.10643,19.2618,1,0.21671,0.80943,0.93523,0.00382,1,1,0.01956,0.07137,0.61672,0.57778,0.12033,17.63268,1,0.22247,0.85996,0.93523,0.00351,1,1,participant_30,question_2,No-Timer,True,Answer_Area
0.0,0,41,1,0.2001,0.8217,0,0.8901,0.87593,0.41537,347,111.80488,1,0.2093,0.81937,-0.04102,0.07468,0.62237,0.32272,0.10626,19.23284,1,0.20337,0.79061,0.93523,0.00386,1,1,0.01956,0.07137,0.61672,0.57794,0.12031,17.66743,1,0.19683,0.85279,0.94119,0.00355,1,1,participant_30,question_2,No-Timer,True,Answer_Area
0.0,0,41,1,0.2038,0.82028,0,0.8901,0.87593,0.42193,347,111.80488,1,0.2091,0.81981,-0.04102,0.07468,0.62237,0.32276,0.10623,19.02753,1,0.20366,0.79319,0.94119,0.00387,1,1,0.01956,0.07137,0.61672,0.57796,0.12028,17.75337,1,0.20394,0.84736,0.94715,0.00353,1,1,participant_30,question_2,No-Timer,True,Answer_Area
0.0,0,41,1,0.20071,0.81768,0,0.8901,0.87593,0.42887,347,111.80488,1,0.20882,0.82023,-0.04102,0.07468,0.62237,0.32275,0.10621,18.94392,1,0.20135,0.79138,0.94715,0.00387,1,1,0.02032,0.07391,0.63911,0.57802,0.12026,17.70318,1,0.20008,0.84398,0.95972,0.00349,1,1,participant_30,question_2,No-Timer,True,Answer_Area
0.0,0,41,1,0.19866,0.80931,0,0.8901,0.87593,0.43566,347,111.80488,1,0.20848,0.82051,-0.04102,0.07468,0.62237,0.32285,0.10616,19.36535,1,0.19946,0.77997,0.95972,0.00383,1,1,0.02032,0.07391,0.63911,0.57802,0.12028,17.76321,1,0.19785,0.83864,0.96634,0.00348,1,1,participant_30,question_2,No-Timer,True,Answer_Area
0.0,0,41,1,0.20204,0.8107,0,0.8901,0.87593,0.44212,347,111.80488,1,0.20817,0.82078,-0.04102,0.07468,0.62237,0.32296,0.10618,19.19086,1,0.20265,0.78037,0.96634,0.00382,1,1,0.02032,0.07391,0.63911,0.5781,0.12026,17.64655,1,0.20144,0.84103,0.97296,0.00347,1,1,participant_30,question_2,No-Timer,True,Answer_Area
0.0,0,41,1,0.20079,0.80967,0,0.8901,0.87593,0.44916,347,111.80488,1,0.20792,0.82059,-0.04123,0.07524,0.62698,0.32296,0.10618,19.19086,1,0.20014,0.77832,0.97296,0.00382,1,1,0.01978,0.07188,0.62073,0.57813,0.12033,17.5074,1,0.20144,0.84103,0.97296,0.00346,1,1,participant_30,question_2,No-Timer,True,Answer_Area
0.0,0,41,1,0.18988,0.79863,0,0.8901,0.87593,0.4568,347,111.80488,1,0.20737,0.82018,-0.04123,0.07524,0.62698,0.32296,0.10618,19.18946,1,0.19689,0.76444,0.97296,0.00382,1,1,0.01978,0.07188,0.62073,0.57819,0.12025,17.62492,1,0.18286,0.83282,0.96634,0.00342,1,1,participant_30,question_2,No-Timer,True,Answer_Area
0.0,0,41,1,0.19731,0.80558,0,0.8901,0.87593,0.46219,347,111.80488,1,0.20694,0.81989,-0.04123,0.07524,0.62698,0.32296,0.10618,19.18946,1,0.20236,0.76194,0.96634,0.00382,1,1,0.01978,0.07188,0.62073,0.57817,0.12015,17.63729,1,0.19226,0.84921,0.95972,0.00346,1,1,participant_30,question_2,No-Timer,True,Answer_Area
0.0,0,41,1,0.20055,0.80832,0,0.8901,0.87593,0.46882,347,111.80488,1,0.20649,0.8198,-0.04123,0.07524,0.62698,0.323,0.10619,19.29233,1,0.20487,0.76412,0.95972,0.00381,1,1,0.0192,0.06955,0.60102,0.57819,0.12019,17.64335,1,0.19622,0.85253,0.94715,0.00349,1,1,participant_30,question_2,No-Timer,True,Answer_Area
0.0,0,41,1,0.20482,0.80859,0,0.8901,0.87593,0.47539,347,111.80488,1,0.20647,0.8201,-0.04123,0.07524,0.62698,0.32308,0.10612,19.074,1,0.22073,0.77328,0.94715,0.00384,1,1,0.0192,0.06955,0.60102,0.57826,0.12024,17.50174,1,0.18891,0.84391,0.94119,0.00343,1,1,participant_30,question_2,No-Timer,True,Answer_Area
0.0,0,41,1,0.20774,0.81229,0,0.8901,0.87593,0.48302,347,111.80488,1,0.20658,0.82054,-0.04123,0.07524,0.62698,0.32308,0.10612,19.074,1,0.22147,0.7763,0.94119,0.00384,1,1,0.0192,0.06955,0.60102,0.57822,0.12014,17.57553,1,0.19401,0.84827,0.93523,0.00347,1,1,participant_30,question_2,No-Timer,True,Answer_Area
0.0,0,41,1,0.2098,0.81405,0,0.8901,0.87593,0.48888,347,111.80488,1,0.20668,0.82057,-0.04123,0.07524,0.62698,0.3231,0.10602,19.02424,1,0.22367,0.77822,0.93523,0.00388,1,1,0.0192,0.06955,0.60102,0.57814,0.12012,17.89425,1,0.19592,0.84989,0.92927,0.00346,1,1,participant_30,question_2,No-Timer,True,Answer_Area
0.0,0,41,1,0.21158,0.80459,0,0.8901,0.87593,0.49548,347,111.80488,1,0.20693,0.8198,-0.04123,0.07524,0.62698,0.32312,0.10596,19.072,1,0.22492,0.76458,0.92927,0.00384,1,1,0.0192,0.06955,0.60102,0.57812,0.12012,17.80634,1,0.19824,0.84461,0.92927,0.00346,1,1,participant_30,question_2,No-Timer,True,Answer_Area
0.0,0,41,1,0.20673,0.79506,0,0.8901,0.87593,0.5022,347,111.80488,1,0.20712,0.81887,-0.04123,0.07524,0.62698,0.32312,0.10596,19.072,1,0.21896,0.75259,0.92927,0.00384,1,1,0.0192,0.06955,0.60102,0.57813,0.12011,17.7696,1,0.1945,0.83753,0.92927,0.00347,1,1,participant_30,question_2,No-Timer,True,Answer_Area
0.0,0,41,1,0.20442,0.79295,0,0.8901,0.87593,0.50891,347,111.80488,1,0.20715,0.81786,-0.04191,0.07667,0.63809,0.32319,0.10588,19.25855,1,0.21647,0.75026,0.93589,0.00383,1,1,0.01947,0.0707,0.60971,0.5784,0.12004,17.36684,1,0.19237,0.83564,0.93589,0.00343,1,1,participant_30,question_2,No-Timer,True,Answer_Area
0.0,0,41,1,0.26367,0.69988,0,0.8901,0.87593,0.51558,347,111.80488,1,0.20842,0.81505,-0.04191,0.07667,0.63809,0.32428,0.10385,18.88806,1,0.25648,0.65496,0.94251,0.00382,1,1,0.01947,0.0707,0.60971,0.57938,0.11796,17.83009,1,0.27085,0.7448,0.94251,0.00361,1,1,participant_30,question_2,No-Timer,True,Answer_Area
0.0,0,41,1,0.30636,0.56837,0,0.8901,0.87593,0.51558,347,111.80488,0,0.21697,0.7765,-0.04191,0.07667,0.63809,0.32553,0.10144,18.09724,1,0.29653,0.53305,0.94913,0.00378,1,1,0.01947,0.0707,0.60971,0.58046,0.11514,17.06764,1,0.31619,0.6037,0.94913,0.00356,1,1,participant_30,question_2,No-Timer,True,Answer_Area
0.0,0,41,1,0.3052,0.56506,0,0.8901,0.87593,0.51558,347,111.80488,0,0.26109,0.67078,-0.0402,0.07503,0.61982,0.32626,0.10085,18.67059,1,0.29653,0.53305,0.94913,0.00376,1,1,0.0206,0.0743,0.63585,0.58089,0.11456,17.90849,1,0.31387,0.59707,0.96171,0.00361,1,1,participant_30,question_2,No-Timer,True,Answer_Area
0.0,0,41,1,0.37399,0.59576,0,0.8901,0.87593,0.51558,347,111.80488,0,0.29872,0.64577,-0.0402,0.07503,0.61982,0.32879,0.09956,12.86892,1,0.38393,0.54465,0.95509,0.00331,1,1,0.0206,0.0743,0.63585,0.58226,0.11298,12.53913,1,0.36406,0.64687,0.96767,0.00331,1,1,participant_30,question_2,No-Timer,True,Answer_Area
0.0,0,41,1,0.41598,0.65327,0,0.8901,0.87593,0.51558,347,111.80488,0,0.36506,0.6047,-0.0402,0.07503,0.61982,0.33041,0.09912,10.3294,1,0.41628,0.56866,0.96105,0.00294,1,1,0.0206,0.0743,0.63585,0.5839,0.11409,8.29519,1,0.41568,0.73788,0.97362,0.00279,1,1,participant_30,question_2,No-Timer,True,Answer_Area
0.0,0,41,1,0.45079,0.4188,0,0.8901,0.87593,0.51558,347,111.80488,0,0.40793,0.51175,-0.0402,0.07503,0.61982,0.33158,0.09768,7.91689,1,0.45079,0.4188,0.967,0.00291,1,1,0.0206,0.0743,0.63585,0.5839,0.11409,8.29519,0,0.41568,0.73788,0.97958,0.00279,1,0,participant_30,question_2,No-Timer,True,Question
0.0,0,41,1,0.48925,0.29393,0,0.8901,0.87593,0.51558,347,111.80488,0,0.43504,0.43914,-0.0402,0.07503,0.61982,0.33217,0.09743,8.93107,1,0.48925,0.29393,0.97958,0.00278,1,1,0.0206,0.0743,0.63585,0.5839,0.11409,8.29519,0,0.41568,0.73788,0.97958,0.00279,1,0,participant_30,question_2,No-Timer,True,Question
0.0,0,41,1,0.48976,0.29868,0,0.8901,0.87593,0.51558,347,111.80488,0,0.4766,0.33713,-0.0388,0.07464,0.6117,0.33456,0.09467,13.90855,1,0.48976,0.29868,0.97362,0.00324,1,1,0.0206,0.0743,0.63585,0.5839,0.11409,8.29519,0,0.41568,0.73788,0.97362,0.00279,1,0,participant_30,question_2,No-Timer,True,Question
0.0,0,41,1,0.54778,0.01726,0,0.8901,0.87593,0.51558,347,111.80488,0,0.51219,0.1772,-0.0388,0.07464,0.6117,0.33465,0.09232,17.55558,1,0.54778,0.01726,0.96767,0.00406,1,1,0.0206,0.0743,0.63585,0.5839,0.11409,8.29519,0,0.41568,0.73788,0.96767,0.00279,1,0,participant_30,question_2,No-Timer,True,Other
0.0,0,41,1,0.5442,-0.03018,0,0.8901,0.87593,0.51558,347,111.80488,0,0.52286,0.10807,-0.0388,0.07464,0.6117,0.33474,0.09196,18.30352,1,0.5442,-0.03018,0.96171,0.00414,1,1,0.0206,0.0743,0.63585,0.5839,0.11409,8.29519,0,0.41568,0.73788,0.96171,0.00279,1,0,participant_30,question_2,No-Timer,True,Other
0.0,0,41,1,0.5442,-0.03018,0,0.8901,0.87593,0.51558,347,111.80488,0,0.5454,-0.01436,-0.17843,0.35001,2.87014,0.33468,0.0914,18.24502,1,0.5442,-0.03018,0.96171,0.00435,0,1,0.0206,0.0743,0.63585,0.5839,0.11409,8.29519,0,0.41568,0.73788,0.96171,0.00279,1,0,participant_30,question_2,No-Timer,True,Other
0.0,0,41,1,0.54321,-0.01217,0,0.8901,0.87593,0.51558,347,111.80488,0,0.5443,-0.01327,-0.17843,0.35001,2.87014,0.33441,0.09139,19.34834,1,0.54321,-0.01217,0.96767,0.00414,0,1,0.0206,0.0743,0.63585,0.5839,0.11409,8.29519,0,0.41568,0.73788,0.96767,0.00279,1,0,participant_30,question_2,No-Timer,True,Other
0.0,0,41,1,0.53314,-0.04453,0,0.8901,0.87593,0.51558,347,111.80488,0,0.54058,-0.02369,-0.17843,0.35001,2.87014,0.33428,0.09144,19.11938,1,0.53314,-0.04453,0.97362,0.00429,0,1,0.0206,0.0743,0.63585,0.5839,0.11409,8.29519,0,0.41568,0.73788,0.97362,0.00279,1,0,participant_30,question_2,No-Timer,True,Other
0.0,0,41,1,0.53258,-0.05896,0,0.8901,0.87593,0.0202,348,112.3942,1,0.53858,-0.03251,-0.0404,0.07749,0.63546,0.33427,0.09166,18.82144,1,0.53258,-0.05896,0.9862,0.00427,1,1,0.0206,0.0743,0.63585,0.5839,0.11409,8.29519,0,0.41568,0.73788,0.9862,0.00279,1,0,participant_30,question_2,No-Timer,True,Other
0.0,0,41,1,0.52329,-0.10247,0,0.8901,0.87593,0.02678,348,112.3942,1,0.53552,-0.0465,-0.0404,0.07749,0.63546,0.33424,0.09173,19.25382,1,0.52329,-0.10247,0.99282,0.00422,1,1,0.0206,0.0743,0.63585,0.5839,0.11409,8.29519,0,0.41568,0.73788,0.99282,0.00279,1,0,participant_30,question_2,No-Timer,True,Other
0.0,0,41,1,0.52794,-0.10262,0,0.8901,0.87593,0.03342,348,112.3942,1,0.53426,-0.05585,-0.0404,0.07749,0.63546,0.3341,0.09185,19.2939,1,0.52794,-0.10262,0.99944,0.00421,1,1,0.0206,0.0743,0.63585,0.5839,0.11409,8.29519,0,0.41568,0.73788,0.99944,0.00279,1,0,participant_30,question_2,No-Timer,True,Other
0.0,0,41,1,0.52794,-0.10262,0,0.8901,0.87593,0.04015,348,112.3942,1,0.53336,-0.06253,-0.18089,0.35392,2.90218,0.3341,0.09184,19.26094,1,0.52794,-0.10262,0.99944,0.00421,0,1,0.0206,0.0743,0.63585,0.5839,0.11409,8.29519,0,0.41568,0.73788,0.99944,0.00279,1,0,participant_30,question_2,No-Timer,True,Other
0.0,0,41,1,0.55883,-0.08916,0,0.8901,0.87593,0.04661,348,112.3942,1,0.53654,-0.06586,-0.18089,0.35392,2.90218,0.33411,0.09179,19.06226,1,0.54314,-0.10193,0.99282,0.00412,0,1,0.0206,0.0743,0.63585,0.58918,0.10448,17.91627,1,0.57452,-0.0764,0.99282,0.0044,1,1,participant_30,question_2,No-Timer,True,Other
0.0,0,41,1,0.54781,-0.03964,0,0.8901,0.87593,0.05368,348,112.3942,1,0.53779,-0.06295,-0.18089,0.35392,2.90218,0.33405,0.09171,19.02129,1,0.54699,-0.00771,0.9862,0.00409,0,1,0.0206,0.0743,0.63585,0.58922,0.10453,17.81241,1,0.54862,-0.07158,0.9862,0.00444,1,1,participant_30,question_2,No-Timer,True,Other
0.0,0,41,1,0.54755,-0.02471,0,0.8901,0.87593,0.06031,348,112.3942,1,0.53877,-0.05912,-0.17941,0.35025,2.8721,0.33403,0.09164,18.67244,1,0.5472,-0.00047,0.97958,0.00416,0,1,0.02033,0.07045,0.59719,0.58918,0.10452,17.84026,1,0.5479,-0.04894,0.967,0.00445,1,1,participant_30,question_2,No-Timer,True,Other
0.0,0,41,1,0.5506,-0.013,0,0.8901,0.87593,0.06668,348,112.3942,1,0.53984,-0.05493,-0.17941,0.35025,2.8721,0.33396,0.09149,18.516,1,0.54186,0.01694,0.967,0.00422,0,1,0.02033,0.07045,0.59719,0.58926,0.1045,17.83707,1,0.55935,-0.04294,0.95443,0.00447,1,1,participant_30,question_2,No-Timer,True,Other
0.0,0,41,1,0.54969,-0.00221,0,0.8901,0.87593,0.07339,348,112.3942,1,0.54066,-0.05054,-0.17941,0.35025,2.8721,0.33404,0.09165,18.62418,1,0.53774,0.02624,0.95443,0.00425,0,1,0.02033,0.07045,0.59719,0.58937,0.10448,17.61607,1,0.56164,-0.03066,0.94185,0.0045,1,1,participant_30,question_2,No-Timer,True,Other
0.0,0,41,1,0.54963,0.01217,0,0.8901,0.87593,0.08011,348,112.3942,1,0.54135,-0.04572,-0.17941,0.35025,2.8721,0.3339,0.09163,18.95285,1,0.53826,0.04003,0.94185,0.00424,0,1,0.02033,0.07045,0.59719,0.58933,0.10437,17.58431,1,0.561,-0.0157,0.92927,0.00443,1,1,participant_30,question_2,No-Timer,True,Other
0.0,0,41,1,0.56143,0.01925,0,0.8901,0.87593,0.08678,348,112.3942,1,0.54279,-0.04107,-0.17941,0.35025,2.8721,0.33382,0.09166,19.28617,1,0.56033,0.05558,0.92927,0.00423,0,1,0.02033,0.07045,0.59719,0.58939,0.10453,17.56076,1,0.56252,-0.01708,0.92927,0.00448,1,1,participant_30,question_2,No-Timer,True,Other
0.0,0,41,1,0.56148,0.02724,0,0.8901,0.87593,0.0937,348,112.3942,1,0.54403,-0.03652,-0.17941,0.35025,2.8721,0.33381,0.09169,19.32698,1,0.5599,0.05565,0.92927,0.0042,0,1,0.02033,0.07045,0.59719,0.58942,0.10439,17.5362,1,0.56306,-0.00117,0.92927,0.00449,1,1,participant_30,question_2,No-Timer,True,Question
0.0,0,41,1,0.56148,0.02724,0,0.8901,0.87593,0.10018,348,112.3942,1,0.54512,-0.03254,-0.17941,0.35025,2.8721,0.33374,0.09155,19.1475,1,0.5599,0.05565,0.92927,0.00412,0,1,0.02033,0.07045,0.59719,0.58955,0.1046,17.67045,1,0.56306,-0.00117,0.92927,0.00458,1,1,participant_30,question_2,No-Timer,True,Question
0.0,0,41,1,0.56207,-0.00163,0,0.8901,0.87593,0.10686,348,112.3942,1,0.54612,-0.03072,-0.17941,0.35025,2.8721,0.33361,0.09175,19.19974,1,0.55404,0.00504,0.92927,0.00416,0,1,0.02033,0.07045,0.59719,0.58969,0.10462,16.98991,1,0.5701,-0.00829,0.92927,0.00431,1,1,participant_30,question_2,No-Timer,True,Other
0.0,0,41,1,0.56309,0.02967,0,0.8901,0.87593,0.11381,348,112.3942,1,0.54706,-0.02736,-0.17941,0.35025,2.8721,0.33358,0.09173,19.30758,1,0.55921,0.05053,0.92927,0.00416,0,1,0.02033,0.07045,0.59719,0.5896,0.1047,16.94438,1,0.56696,0.00881,0.92927,0.00428,1,1,participant_30,question_2,No-Timer,True,Question
0.0,0,41,1,0.56337,0.01873,0,0.8901,0.87593,0.12027,348,112.3942,1,0.54792,-0.02494,-0.04035,0.07702,0.63159,0.33358,0.09173,19.30758,1,0.55907,0.04327,0.93589,0.00416,1,1,0.02128,0.07353,0.62371,0.5896,0.1047,16.94438,1,0.56767,-0.00581,0.94185,0.00428,1,1,participant_30,question_2,No-Timer,True,Other
0.0,0,41,1,0.55141,-0.01864,0,0.8901,0.87593,0.12027,348,112.3942,0,0.5558,0.00287,-0.04035,0.07702,0.63159,0.33351,0.09178,19.32807,1,0.55107,-0.01335,0.94847,0.0042,1,1,0.02128,0.07353,0.62371,0.58958,0.10462,17.1754,1,0.55174,-0.02393,0.95443,0.00428,1,1,participant_30,question_2,No-Timer,True,Other
0.0,0,41,1,0.54612,-0.03714,0,0.8901,0.87593,0.12027,348,112.3942,0,0.55096,-0.01713,-0.04035,0.07702,0.63159,0.33348,0.09189,19.31372,1,0.53867,-0.03336,0.96105,0.00426,1,1,0.02128,0.07353,0.62371,0.58957,0.10465,17.18004,1,0.55358,-0.04091,0.967,0.00431,1,1,participant_30,question_2,No-Timer,True,Other
0.0,0,41,1,0.54614,-0.05173,0,0.8901,0.87593,0.12027,348,112.3942,0,0.54935,-0.02866,-0.04035,0.07702,0.63159,0.33351,0.09176,19.3461,1,0.53817,-0.04783,0.97362,0.00421,1,1,0.0214,0.07392,0.62736,0.5895,0.10477,17.24896,1,0.55411,-0.05563,0.97958,0.00434,1,1,participant_30,question_2,No-Timer,True,Other
0.0,0,41,1,0.55714,-0.06856,0,0.8901,0.87593,0.02052,349,112.52117,1,0.5513,-0.03864,-0.04035,0.07702,0.63159,0.33355,0.0918,18.98589,1,0.53291,-0.09056,0.97958,0.00425,1,1,0.0214,0.07392,0.62736,0.58949,0.10473,17.29566,1,0.58136,-0.04657,0.97958,0.00434,1,1,participant_30,question_2,No-Timer,True,Other
0.0,0,41,1,0.54621,-0.06695,0,0.8901,0.87593,0.02682,349,112.52117,1,0.55028,-0.0443,-0.04035,0.07702,0.63159,0.33355,0.09177,19.00821,1,0.53643,-0.08663,0.97958,0.00424,1,1,0.0214,0.07392,0.62736,0.58948,0.10474,17.24281,1,0.55599,-0.04728,0.97958,0.00435,1,1,participant_30,question_2,No-Timer,True,Other
0.0,0,41,1,0.54621,-0.06695,0,0.8901,0.87593,0.03348,349,112.52117,1,0.5496,-0.04808,-0.04035,0.07702,0.63159,0.33355,0.09174,18.91298,1,0.53643,-0.08663,0.97958,0.00424,1,1,0.0214,0.07392,0.62736,0.58948,0.10474,17.24281,1,0.55599,-0.04728,0.97958,0.00435,1,1,participant_30,question_2,No-Timer,True,Other
0.0,0,41,1,0.55628,-0.06583,0,0.8901,0.87593,0.04044,349,112.52117,1,0.55056,-0.05061,-0.04035,0.07702,0.63159,0.33357,0.09179,18.95924,1,0.53094,-0.0855,0.97958,0.00424,1,1,0.0214,0.07392,0.62736,0.58948,0.10474,17.24281,1,0.58162,-0.04616,0.97958,0.00435,1,1,participant_30,question_2,No-Timer,True,Other
0.0,0,41,1,0.55911,-0.05903,0,0.8901,0.87593,0.04689,349,112.52117,1,0.55163,-0.05167,-0.04035,0.07702,0.63159,0.33348,0.09182,19.23502,1,0.5374,-0.07114,0.97958,0.00422,1,1,0.0214,0.07392,0.62736,0.58954,0.10484,17.4193,1,0.58082,-0.04692,0.97958,0.00434,1,1,participant_30,question_2,No-Timer,True,Other
0.0,0,41,1,0.55911,-0.05903,0,0.8901,0.87593,0.05358,349,112.52117,1,0.55246,-0.05248,-0.04035,0.07702,0.63159,0.33347,0.09188,19.27449,1,0.5374,-0.07114,0.97958,0.0042,1,1,0.0214,0.07392,0.62736,0.58954,0.10484,17.4193,1,0.58082,-0.04692,0.97958,0.00434,1,1,participant_30,question_2,No-Timer,True,Other
0.0,0,41,1,0.55529,-0.05847,0,0.8901,0.87593,0.06031,349,112.52117,1,0.55274,-0.05308,-0.04035,0.07702,0.63159,0.33347,0.09182,19.24096,1,0.53042,-0.08275,0.97958,0.00417,1,1,0.0214,0.07392,0.62736,0.58952,0.10484,17.53672,1,0.58016,-0.03419,0.97958,0.00432,1,1,participant_30,question_2,No-Timer,True,Other
0.0,0,41,1,0.5565,-0.0793,0,0.8901,0.87593,0.067,349,112.52117,1,0.55308,-0.05547,-0.04035,0.07702,0.63159,0.33347,0.09182,19.31599,1,0.53153,-0.08066,0.97958,0.00416,1,1,0.0214,0.07392,0.62736,0.58952,0.10484,17.53672,1,0.58147,-0.07794,0.97958,0.00432,1,1,participant_30,question_2,No-Timer,True,Other
0.0,0,41,1,0.5565,-0.0793,0,0.8901,0.87593,0.07391,349,112.52117,1,0.55337,-0.05745,-0.04068,0.07761,0.63683,0.33344,0.09183,19.32282,1,0.53153,-0.08066,0.97958,0.00415,1,1,0.0214,0.07392,0.62736,0.58951,0.10497,17.53335,1,0.58147,-0.07794,0.97958,0.00428,1,1,participant_30,question_2,No-Timer,True,Other
0.0,0,41,1,0.55646,-0.07171,0,0.8901,0.87593,0.08036,349,112.52117,1,0.55361,-0.05855,-0.04068,0.07761,0.63683,0.3334,0.09193,19.3643,1,0.53014,-0.07813,0.97958,0.0041,1,1,0.0214,0.07392,0.62736,0.58942,0.10502,17.42292,1,0.58279,-0.06528,0.97958,0.00431,1,1,participant_30,question_2,No-Timer,True,Other
0.0,0,41,1,0.55473,-0.06874,0,0.8901,0.87593,0.08707,349,112.52117,1,0.55369,-0.05928,-0.04068,0.07761,0.63683,0.3334,0.09193,19.3643,1,0.52263,-0.07003,0.97958,0.0041,1,1,0.0214,0.07392,0.62736,0.58944,0.10502,17.45066,1,0.58683,-0.06744,0.97958,0.00432,1,1,participant_30,question_2,No-Timer,True,Other
0.0,0,41,1,0.55491,-0.06487,0,0.8901,0.87593,0.09377,349,112.52117,1,0.55377,-0.05965,-0.18164,0.35346,2.90016,0.3334,0.09189,19.32682,1,0.52298,-0.06231,0.97296,0.00411,0,1,0.02179,0.07503,0.63723,0.58944,0.10502,17.45066,1,0.58683,-0.06744,0.97958,0.00432,1,1,participant_30,question_2,No-Timer,True,Other
0.0,0,41,1,0.55044,-0.06907,0,0.8901,0.87593,0.10049,349,112.52117,1,0.55356,-0.06024,-0.18164,0.35346,2.90016,0.33335,0.09192,19.5497,1,0.52058,-0.0693,0.97296,0.0041,0,1,0.02179,0.07503,0.63723,0.58942,0.10502,17.42292,1,0.58029,-0.06884,0.97958,0.00431,1,1,participant_30,question_2,No-Timer,True,Other
0.0,0,41,1,0.56094,-0.04223,0,0.8901,0.87593,0.1072,349,112.52117,1,0.55399,-0.05918,-0.18164,0.35346,2.90016,0.33332,0.09185,19.37275,1,0.54537,-0.06406,0.97296,0.00409,0,1,0.02179,0.07503,0.63723,0.58945,0.10487,17.44315,1,0.57651,-0.0204,0.97958,0.00433,1,1,participant_30,question_2,No-Timer,True,Other
0.0,0,41,1,0.56065,-0.04272,0,0.8901,0.87593,0.11385,349,112.52117,1,0.55436,-0.05826,-0.04084,0.07751,0.63637,0.33309,0.0918,19.20355,1,0.54515,-0.07179,0.97958,0.00408,1,1,0.02033,0.07036,0.59719,0.58929,0.10497,18.16654,1,0.57615,-0.01366,0.97362,0.00429,1,1,participant_30,question_2,No-Timer,True,Other
0.0,0,41,1,0.49319,-0.08305,0,0.8901,0.87593,0.12079,349,112.52117,1,0.55114,-0.05957,-0.04084,0.07751,0.63637,0.33185,0.09179,19.72793,1,0.4641,-0.09255,0.98024,0.00409,1,1,0.02033,0.07036,0.59719,0.58831,0.10472,17.99333,1,0.52228,-0.07356,0.96767,0.00423,1,1,participant_30,question_2,No-Timer,True,Other
0.0,0,41,1,0.47439,-0.0727,0,0.8901,0.87593,0.12726,349,112.52117,1,0.54731,-0.06023,-0.04084,0.07751,0.63637,0.33136,0.09155,19.38071,1,0.46708,-0.08931,0.97429,0.00414,1,1,0.02033,0.07036,0.59719,0.58783,0.10475,18.15336,1,0.4817,-0.05609,0.96171,0.00409,1,1,participant_30,question_2,No-Timer,True,Other
0.0,0,41,1,0.47471,-0.06913,0,0.8901,0.87593,0.13396,349,112.52117,1,0.54385,-0.06065,-0.04109,0.07766,0.6372,0.33094,0.09191,19.66584,1,0.46771,-0.08216,0.96833,0.00415,1,1,0.02116,0.07431,0.63144,0.58709,0.10477,17.773,1,0.4817,-0.05609,0.96171,0.00433,1,1,participant_30,question_2,No-Timer,True,Other
0.0,0,41,1,0.45975,-0.053,0,0.8901,0.87593,0.14066,349,112.52117,1,0.54003,-0.0603,-0.04109,0.07766,0.6372,0.33053,0.09213,19.28391,1,0.43617,-0.05588,0.96171,0.00413,1,1,0.02116,0.07431,0.63144,0.58642,0.1049,17.95239,1,0.48332,-0.05012,0.96767,0.00415,1,1,participant_30,question_2,No-Timer,True,Other
0.0,0,41,1,0.46753,-0.07192,0,0.8901,0.87593,0.14735,349,112.52117,1,0.53687,-0.06081,-0.04109,0.07766,0.6372,0.33054,0.09214,19.31907,1,0.44288,-0.06318,0.96767,0.00413,1,1,0.02116,0.07431,0.63144,0.58636,0.10498,17.85687,1,0.49218,-0.08065,0.97362,0.00414,1,1,participant_30,question_2,No-Timer,True,Other
0.0,0,41,1,0.46715,-0.07544,0,0.8901,0.87593,0.15439,349,112.52117,1,0.53397,-0.06142,-0.04172,0.0789,0.64697,0.33051,0.09199,19.23745,1,0.44211,-0.07023,0.97362,0.00421,1,1,0.02041,0.07187,0.61038,0.58644,0.1049,17.77509,1,0.49218,-0.08065,0.97362,0.00412,1,1,participant_30,question_2,No-Timer,True,Other
0.0,0,41,1,0.46449,-0.06605,0,0.8901,0.87593,0.16075,349,112.52117,1,0.53119,-0.0616,-0.04172,0.0789,0.64697,0.33051,0.09206,19.24036,1,0.43763,-0.07104,0.97362,0.00418,1,1,0.02041,0.07187,0.61038,0.58632,0.10496,18.08328,1,0.49136,-0.06107,0.96767,0.00412,1,1,participant_30,question_2,No-Timer,True,Other
0.0,0,41,1,0.46374,-0.06344,0,0.8901,0.87593,0.16075,349,112.52117,0,0.49932,-0.06447,-0.04172,0.0789,0.64697,0.33051,0.09206,19.24036,1,0.43536,-0.06292,0.96767,0.00418,1,1,0.02041,0.07187,0.61038,0.58632,0.10492,18.08592,1,0.49212,-0.06396,0.96171,0.00414,1,1,participant_30,question_2,No-Timer,True,Other
0.0,0,41,1,0.46509,-0.04129,0,0.8901,0.87593,0.16075,349,112.52117,0,0.48221,-0.05288,-0.03839,0.07239,0.59398,0.3305,0.09198,19.21529,1,0.43789,-0.04101,0.94913,0.00418,1,1,0.02041,0.07187,0.61038,0.58634,0.10479,17.94825,1,0.49229,-0.04156,0.94317,0.00419,1,1,participant_30,question_2,No-Timer,True,Other
0.0,0,41,1,0.46452,-0.00175,0,0.8901,0.87593,0.16075,349,112.52117,0,0.47631,-0.03583,-0.03839,0.07239,0.59398,0.33046,0.09182,19.02498,1,0.43852,-0.01789,0.9306,0.00422,1,1,0.02041,0.07187,0.61038,0.58634,0.10488,17.90262,1,0.49052,0.01439,0.9306,0.00424,1,1,participant_30,question_2,No-Timer,True,Other
0.0,0,41,1,0.47874,0.00848,0,0.8901,0.87593,0.02017,350,112.68886,1,0.47692,-0.02476,-0.03839,0.07239,0.59398,0.33038,0.09181,18.98681,1,0.46511,-0.00989,0.91802,0.00425,1,1,0.02041,0.07187,0.61038,0.58641,0.10478,17.94343,1,0.49238,0.02685,0.91802,0.00426,1,1,participant_30,question_2,No-Timer,True,Other
0.0,0,41,1,0.4795,0.01979,0,0.8901,0.87593,0.02658,350,112.68886,1,0.47743,-0.01585,-0.03926,0.07409,0.60754,0.33038,0.09177,19.00418,1,0.46655,0.00502,0.90544,0.00424,1,1,0.02065,0.07261,0.61629,0.58642,0.10461,17.90629,1,0.49244,0.03457,0.9114,0.00434,1,1,participant_30,question_2,No-Timer,True,Other
0.0,0,41,1,0.46359,0.00251,0,0.8901,0.87593,0.03326,350,112.68886,1,0.47513,-0.01279,-0.03926,0.07409,0.60754,0.33041,0.09177,19.08767,1,0.45901,-0.01423,0.9114,0.00422,1,1,0.02065,0.07261,0.61629,0.58658,0.10438,17.60566,1,0.46817,0.01924,0.91736,0.00443,1,1,participant_30,question_2,No-Timer,True,Other
0.0,0,41,1,0.46504,-0.00962,0,0.8901,0.87593,0.04019,350,112.68886,1,0.47369,-0.01234,-0.03926,0.07409,0.60754,0.33032,0.09165,19.07103,1,0.45896,-0.02983,0.91736,0.00417,1,1,0.02065,0.07261,0.61629,0.58656,0.10462,18.09974,1,0.47112,0.01059,0.92332,0.00439,1,1,participant_30,question_2,No-Timer,True,Other
0.0,0,41,1,0.46415,-0.02385,0,0.8901,0.87593,0.04667,350,112.68886,1,0.47249,-0.01378,-0.18082,0.34804,2.85395,0.33034,0.09163,19.12396,1,0.45753,-0.04423,0.92927,0.00417,0,1,0.02065,0.07261,0.61629,0.58645,0.10456,17.89824,1,0.47078,-0.00348,0.93523,0.00439,1,1,participant_30,question_2,No-Timer,True,Other
0.0,0,41,1,0.46169,0.00558,0,0.8901,0.87593,0.05364,350,112.68886,1,0.47129,-0.01163,-0.18082,0.34804,2.85395,0.33031,0.09164,19.08888,1,0.45432,0.02985,0.94119,0.00417,0,1,0.02065,0.07261,0.61629,0.58655,0.10443,17.54808,1,0.46907,-0.01869,0.94119,0.00442,1,1,participant_30,question_2,No-Timer,True,Other
0.0,0,41,1,0.46218,-0.00439,0,0.8901,0.87593,0.06029,350,112.68886,1,0.47038,-0.0109,-0.18082,0.34804,2.85395,0.33048,0.09178,18.93849,1,0.45735,0.02409,0.94715,0.00424,0,1,0.02065,0.07261,0.61629,0.58676,0.10453,17.10948,1,0.46701,-0.03287,0.94715,0.00447,1,1,participant_30,question_2,No-Timer,True,Other
0.0,0,41,1,0.46173,-0.01127,0,0.8901,0.87593,0.06675,350,112.68886,1,0.4696,-0.01094,-0.18082,0.34804,2.85395,0.33046,0.09171,18.8961,1,0.45664,0.01746,0.9531,0.0043,0,1,0.02087,0.07341,0.62265,0.58677,0.10493,17.34301,1,0.46683,-0.04,0.9531,0.00429,1,1,participant_30,question_2,No-Timer,True,Other
0.0,0,41,1,0.45913,-0.01718,0,0.8901,0.87593,0.07343,350,112.68886,1,0.46872,-0.01146,-0.18082,0.34804,2.85395,0.3304,0.09163,18.77689,1,0.45155,0.00545,0.9531,0.00433,0,1,0.02087,0.07341,0.62265,0.58672,0.10491,18.04324,1,0.46672,-0.03982,0.9531,0.00426,1,1,participant_30,question_2,No-Timer,True,Other
0.0,0,41,1,0.46014,-0.01729,0,0.8901,0.87593,0.08015,350,112.68886,1,0.46806,-0.0119,-0.18082,0.34804,2.85395,0.3304,0.09163,18.77689,1,0.45408,0.00674,0.9531,0.00433,0,1,0.02087,0.07341,0.62265,0.58655,0.10483,17.85151,1,0.4662,-0.04132,0.9531,0.0042,1,1,participant_30,question_2,No-Timer,True,Other
0.0,0,41,1,0.46014,-0.01729,0,0.8901,0.87593,0.08688,350,112.68886,1,0.4675,-0.01229,-0.18082,0.34804,2.85395,0.3304,0.09163,18.77689,1,0.45408,0.00674,0.9531,0.00433,0,1,0.02087,0.07341,0.62265,0.58671,0.10488,17.42566,1,0.4662,-0.04132,0.9531,0.00427,1,1,participant_30,question_2,No-Timer,True,Other
0.0,0,41,1,0.47245,-0.02441,0,0.8901,0.87593,0.09354,350,112.68886,1,0.46783,-0.0131,-0.18082,0.34804,2.85395,0.33033,0.09139,18.87795,1,0.4744,-0.00576,0.9531,0.00423,0,1,0.02087,0.07341,0.62265,0.58672,0.10436,18.103,1,0.4705,-0.04306,0.9531,0.00411,1,1,participant_30,question_2,No-Timer,True,Other
0.0,0,41,1,0.47018,-0.03222,0,0.8901,0.87593,0.10024,350,112.68886,1,0.46798,-0.01429,-0.18082,0.34804,2.85395,0.33039,0.09135,18.93318,1,0.47203,-0.00199,0.9531,0.00426,0,1,0.02087,0.07341,0.62265,0.58664,0.10434,18.28899,1,0.46833,-0.06245,0.9531,0.00411,1,1,participant_30,question_2,No-Timer,True,Other
0.0,0,41,1,0.47018,-0.03222,0,0.8901,0.87593,0.10696,350,112.68886,1,0.4681,-0.01535,-0.18082,0.34804,2.85395,0.3303,0.09137,18.84114,1,0.47203,-0.00199,0.9531,0.00426,0,1,0.02087,0.07341,0.62265,0.58672,0.10436,18.103,1,0.46833,-0.06245,0.9531,0.00411,1,1,participant_30,question_2,No-Timer,True,Other
0.0,0,41,1,0.47362,-0.03273,0,0.8901,0.87593,0.11388,350,112.68886,1,0.46841,-0.01631,-0.18082,0.34804,2.85395,0.33023,0.09129,19.23449,1,0.47245,-0.00349,0.9531,0.00426,0,1,0.02087,0.07341,0.62265,0.58679,0.10434,18.28872,1,0.47478,-0.06197,0.9531,0.00411,1,1,participant_30,question_2,No-Timer,True,Other
0.0,0,41,1,0.47158,-0.03167,0,0.8901,0.87593,0.12034,350,112.68886,1,0.46858,-0.01712,-0.18082,0.34804,2.85395,0.33023,0.09129,19.23449,1,0.46982,-0.00442,0.9531,0.00426,0,1,0.02087,0.07341,0.62265,0.58695,0.10439,17.86275,1,0.47335,-0.05891,0.9531,0.00413,1,1,participant_30,question_2,No-Timer,True,Other
0.0,0,41,1,0.47158,-0.03167,0,0.8901,0.87593,0.12703,350,112.68886,1,0.46873,-0.01785,-0.18082,0.34804,2.85395,0.33043,0.09155,19.20228,1,0.46982,-0.00442,0.9531,0.00421,0,1,0.02116,0.07449,0.63144,0.58695,0.10437,17.89991,1,0.47335,-0.05891,0.9531,0.00412,1,1,participant_30,question_2,No-Timer,True,Other
0.0,0,41,1,0.4731,-0.03867,0,0.8901,0.87593,0.13375,350,112.68886,1,0.46894,-0.01884,-0.18082,0.34804,2.85395,0.33038,0.09161,19.61088,1,0.47147,-0.01184,0.9531,0.00424,0,1,0.02116,0.07449,0.63144,0.58694,0.10422,17.88401,1,0.47474,-0.0655,0.9531,0.00418,1,1,participant_30,question_2,No-Timer,True,Other
0.0,0,41,1,0.46248,-0.04114,0,0.8901,0.87593,0.14045,350,112.68886,1,0.46864,-0.01985,-0.18082,0.34804,2.85395,0.33038,0.09154,19.04991,1,0.44646,-0.01161,0.9531,0.0043,0,1,0.02116,0.07449,0.63144,0.58696,0.10418,17.9004,1,0.47851,-0.07068,0.9531,0.00419,1,1,participant_30,question_2,No-Timer,True,Other
0.0,0,41,1,0.46248,-0.04114,0,0.8901,0.87593,0.14717,350,112.68886,1,0.46838,-0.02078,-0.18082,0.34804,2.85395,0.33038,0.09156,19.07676,1,0.44646,-0.01161,0.9531,0.00429,0,1,0.02084,0.0734,0.6218,0.58697,0.10424,17.91769,1,0.47851,-0.07068,0.9531,0.00413,1,1,participant_30,question_2,No-Timer,True,Other
0.0,0,41,1,0.46172,-0.05032,0,0.8901,0.87593,0.15386,350,112.68886,1,0.4681,-0.02201,-0.18082,0.34804,2.85395,0.33043,0.0915,19.20102,1,0.44855,-0.0217,0.9531,0.00432,0,1,0.02084,0.0734,0.6218,0.58703,0.10413,17.75835,1,0.47489,-0.07894,0.9531,0.00422,1,1,participant_30,question_2,No-Timer,True,Other
0.0,0,41,1,0.46673,-0.04907,0,0.8901,0.87593,0.16053,350,112.68886,1,0.46804,-0.02309,-0.18082,0.34804,2.85395,0.33043,0.09146,19.16819,1,0.454,-0.03218,0.9531,0.00434,0,1,0.02084,0.0734,0.6218,0.58703,0.10403,17.86127,1,0.47945,-0.06597,0.9531,0.00415,1,1,participant_30,question_2,No-Timer,True,Other
0.0,0,41,1,0.46673,-0.04907,0,0.8901,0.87593,0.16724,350,112.68886,1,0.46799,-0.02409,-0.18252,0.35146,2.88024,0.33031,0.09136,19.09866,1,0.454,-0.03218,0.9531,0.00435,0,1,0.02084,0.0734,0.6218,0.58703,0.10406,17.81044,1,0.47945,-0.06597,0.9531,0.00418,1,1,participant_30,question_2,No-Timer,True,Other
0.0,0,41,1,0.46818,-0.053,0,0.8901,0.87593,0.17393,350,112.68886,1,0.468,-0.02516,-0.18252,0.35146,2.88024,0.33033,0.09115,19.40755,1,0.45609,-0.03289,0.9531,0.0042,0,1,0.02084,0.0734,0.6218,0.58704,0.10424,17.72276,1,0.48026,-0.0731,0.9531,0.00429,1,1,participant_30,question_2,No-Timer,True,Other
0.0,0,41,1,0.46709,-0.05173,0,0.8901,0.87593,0.18066,350,112.68886,1,0.46797,-0.02611,-0.18252,0.35146,2.88024,0.33033,0.09111,19.50834,1,0.45529,-0.03289,0.9531,0.00418,0,1,0.02084,0.0734,0.6218,0.58707,0.10424,17.69299,1,0.47889,-0.07057,0.9531,0.00427,1,1,participant_30,question_2,No-Timer,True,Other
0.0,0,41,1,0.46757,-0.04094,0,0.8901,0.87593,0.18734,350,112.68886,1,0.46795,-0.02662,-0.03926,0.07418,0.60754,0.33033,0.09106,19.48315,1,0.45601,-0.02594,0.94715,0.0042,1,1,0.02044,0.07183,0.60851,0.58698,0.10434,17.97047,1,0.47913,-0.05594,0.94119,0.00426,1,1,participant_30,question_2,No-Timer,True,Other
0.0,0,41,1,0.46901,-0.01009,0,0.8901,0.87593,0.19425,350,112.68886,1,0.46799,-0.02607,-0.03926,0.07418,0.60754,0.33047,0.09095,19.22228,1,0.45727,-0.02225,0.93523,0.0042,1,1,0.02044,0.07183,0.60851,0.58706,0.10421,18.20354,1,0.48074,0.00207,0.92927,0.00432,1,1,participant_30,question_2,No-Timer,True,Other
0.0,0,41,1,0.47145,0.00623,0,0.8901,0.87593,0.20073,350,112.68886,1,0.4681,-0.02503,-0.03926,0.07418,0.60754,0.33047,0.09095,19.22228,1,0.46227,-0.00169,0.92332,0.0042,1,1,0.02044,0.07183,0.60851,0.58708,0.10423,18.26069,1,0.48063,0.01415,0.91736,0.00431,1,1,participant_30,question_2,No-Timer,True,Other
0.0,0,41,1,0.47221,0.01672,0,0.8901,0.87593,0.20745,350,112.68886,1,0.46823,-0.02372,-0.03926,0.07418,0.60754,0.33047,0.09095,19.22228,1,0.46366,0.01225,0.9114,0.0042,1,1,0.02101,0.07369,0.62423,0.58708,0.10423,18.26069,1,0.48075,0.02119,0.9114,0.00431,1,1,participant_30,question_2,No-Timer,True,Other
0.0,0,41,1,0.47369,0.00819,0,0.8901,0.87593,0.21437,350,112.68886,1,0.46839,-0.02276,-0.03926,0.07418,0.60754,0.33043,0.09091,19.3996,1,0.46259,0.01492,0.9114,0.0042,1,1,0.02101,0.07369,0.62423,0.5871,0.10404,18.28749,1,0.4848,0.00147,0.91736,0.00425,1,1,participant_30,question_2,No-Timer,True,Other
0.0,0,41,1,0.45042,0.00061,0,0.8901,0.87593,0.22086,350,112.68886,1,0.46787,-0.02207,-0.03926,0.07418,0.60754,0.33047,0.09088,19.35015,1,0.43862,0.0021,0.91736,0.00421,1,1,0.02101,0.07369,0.62423,0.5871,0.10404,18.28749,1,0.46221,-0.00087,0.92332,0.00425,1,1,participant_30,question_2,No-Timer,True,Other
0.0,0,41,1,0.45,-0.00289,0,0.8901,0.87593,0.22779,350,112.68886,1,0.46735,-0.02152,-0.03926,0.07418,0.60754,0.33047,0.09088,19.35015,1,0.43779,-0.0049,0.92332,0.00421,1,1,0.02036,0.07124,0.60351,0.5871,0.10404,18.28749,1,0.46221,-0.00087,0.92332,0.00425,1,1,participant_30,question_2,No-Timer,True,Other
0.0,0,41,1,0.4534,0.00036,0,0.8901,0.87593,0.23492,350,112.68886,1,0.46697,-0.02091,-0.03926,0.07418,0.60754,0.33047,0.09088,19.35015,1,0.43689,-0.01524,0.92332,0.00421,1,1,0.02036,0.07124,0.60351,0.5871,0.10404,18.28749,1,0.4699,0.01596,0.91736,0.00425,1,1,participant_30,question_2,No-Timer,True,Other
0.0,0,41,1,0.45509,0.00612,0,0.8901,0.87593,0.24123,350,112.68886,1,0.46665,-0.02018,-0.03926,0.07418,0.60754,0.3305,0.09086,19.48466,1,0.43844,-0.00907,0.91736,0.00421,1,1,0.02036,0.07124,0.60351,0.5871,0.10404,18.28749,1,0.47174,0.02131,0.9114,0.00425,1,1,participant_30,question_2,No-Timer,True,Other
0.0,0,41,1,0.4556,0.01318,0,0.8901,0.87593,0.24764,350,112.68886,1,0.46636,-0.01931,-0.03839,0.07257,0.59398,0.33047,0.09088,19.35015,1,0.43928,-0.00199,0.9114,0.00421,1,1,0.02036,0.07124,0.60351,0.58709,0.10412,18.24131,1,0.47191,0.02836,0.90544,0.00429,1,1,participant_30,question_2,No-Timer,True,Other
0.0,0,41,1,0.46455,0.01132,0,0.8901,0.87593,0.25455,350,112.68886,1,0.46631,-0.01852,-0.03839,0.07257,0.59398,0.33055,0.09085,19.61441,1,0.45149,0.00315,0.90544,0.00422,1,1,0.02036,0.07124,0.60351,0.58715,0.10384,18.21349,1,0.47761,0.0195,0.90544,0.00422,1,1,participant_30,question_2,No-Timer,True,Other
0.0,0,41,1,0.48953,0.0199,0,0.8901,0.87593,0.26125,350,112.68886,1,0.46689,-0.01756,-0.03839,0.07257,0.59398,0.33076,0.09063,19.26784,1,0.47628,0.00319,0.90544,0.00423,1,1,0.02036,0.07124,0.60351,0.58744,0.10375,18.59045,1,0.50278,0.03661,0.90544,0.00411,1,1,participant_30,question_2,No-Timer,True,Other
0.0,0,41,1,0.48887,0.00508,0,0.8901,0.87593,0.26816,350,112.68886,1,0.46743,-0.01701,-0.04172,0.079,0.64697,0.33095,0.09074,19.66042,1,0.47497,-0.01173,0.91802,0.00411,1,1,0.02036,0.07124,0.60351,0.58753,0.10402,18.95455,1,0.50277,0.02189,0.91802,0.00425,1,1,participant_30,question_2,No-Timer,True,Other
0.0,0,41,1,0.50784,-0.01664,0,0.8901,0.87593,0.27467,350,112.68886,1,0.46839,-0.017,-0.04172,0.079,0.64697,0.33135,0.09079,19.51082,1,0.50345,-0.0224,0.9306,0.00422,1,1,0.02036,0.07124,0.60351,0.58776,0.104,18.34876,1,0.51224,-0.01088,0.9306,0.00425,1,1,participant_30,question_2,No-Timer,True,Other
0.0,0,41,1,0.50046,-0.02668,0,0.8901,0.87593,0.28141,350,112.68886,1,0.46913,-0.01722,-0.04172,0.079,0.64697,0.33135,0.09079,19.51082,1,0.48795,-0.03618,0.94317,0.00422,1,1,0.02036,0.07124,0.60351,0.58782,0.10405,18.28343,1,0.51298,-0.01717,0.94317,0.00424,1,1,participant_30,question_2,No-Timer,True,Other
0.0,0,41,1,0.49996,-0.04152,0,0.8901,0.87593,0.28783,350,112.68886,1,0.46983,-0.01778,-0.04172,0.079,0.64697,0.33135,0.0908,19.57044,1,0.48682,-0.05102,0.95575,0.00422,1,1,0.02036,0.07124,0.60351,0.58774,0.10394,18.39016,1,0.51309,-0.03201,0.95575,0.00426,1,1,participant_30,question_2,No-Timer,True,Other
0.0,0,41,1,0.50077,-0.06575,0,0.8901,0.87593,0.29474,350,112.68886,1,0.47052,-0.01884,-0.04172,0.079,0.64697,0.33129,0.09089,19.53893,1,0.49259,-0.05814,0.95575,0.00421,1,1,0.02036,0.07124,0.60351,0.58768,0.10385,18.59994,1,0.50894,-0.07336,0.95575,0.00423,1,1,participant_30,question_2,No-Timer,True,Other
0.0,0,41,1,0.4961,-0.05884,0,0.8901,0.87593,0.30123,350,112.68886,1,0.47108,-0.01971,-0.04172,0.079,0.64697,0.33127,0.09079,19.62226,1,0.48103,-0.0433,0.95575,0.00415,1,1,0.02036,0.07124,0.60351,0.58753,0.10409,18.92198,1,0.51117,-0.07439,0.95575,0.00429,1,1,participant_30,question_2,No-Timer,True,Other
0.0,0,41,1,0.4961,-0.05884,0,0.8901,0.87593,0.30816,350,112.68886,1,0.47161,-0.02054,-0.04104,0.07766,0.6364,0.33126,0.09086,19.29766,1,0.48103,-0.0433,0.95575,0.00419,1,1,0.02036,0.07124,0.60351,0.58753,0.10409,18.92198,1,0.51117,-0.07439,0.95575,0.00429,1,1,participant_30,question_2,No-Timer,True,Other
0.0,0,41,1,0.49227,-0.04448,0,0.8901,0.87593,0.31487,350,112.68886,1,0.47204,-0.02104,-0.04104,0.07766,0.6364,0.33119,0.09104,19.43323,1,0.47243,-0.05131,0.95575,0.0042,1,1,0.02036,0.07124,0.60351,0.58775,0.10384,18.43793,1,0.51212,-0.03764,0.95575,0.00425,1,1,participant_30,question_2,No-Timer,True,Other
0.0,0,41,1,0.49276,-0.03758,0,0.8901,0.87593,0.32154,350,112.68886,1,0.4719,-0.02048,-0.04104,0.07766,0.6364,0.33093,0.09095,19.89013,1,0.475,-0.0451,0.95575,0.00413,1,1,0.02036,0.07124,0.60351,0.58753,0.10402,18.95455,1,0.51051,-0.03006,0.95575,0.00425,1,1,participant_30,question_2,No-Timer,True,Other
0.0,0,41,1,0.49276,-0.03758,0,0.8901,0.87593,0.32803,350,112.68886,1,0.47248,-0.02041,-0.04104,0.07766,0.6364,0.33093,0.09095,19.89013,1,0.475,-0.0451,0.95575,0.00412,1,1,0.02036,0.07124,0.60351,0.58778,0.10387,18.33256,1,0.51051,-0.03006,0.95575,0.00428,1,1,participant_30,question_2,No-Timer,True,Other
0.0,0,41,1,0.48594,-0.05789,0,0.8901,0.87593,0.32803,350,112.68886,0,0.49528,-0.03507,-0.04104,0.07766,0.6364,0.33089,0.09128,19.62416,1,0.46877,-0.04206,0.95575,0.00436,1,1,0.02036,0.07124,0.60351,0.5876,0.10386,18.79686,1,0.5031,-0.07371,0.95575,0.00427,1,1,participant_30,question_2,No-Timer,True,Other
0.0,0,41,1,0.48553,-0.05863,0,0.8901,0.87593,0.32803,350,112.68886,0,0.4904,-0.04685,-0.04104,0.07766,0.6364,0.33089,0.09133,19.61761,1,0.46674,-0.04334,0.95575,0.00433,1,1,0.02036,0.07124,0.60351,0.58758,0.10375,18.72713,1,0.50432,-0.07393,0.95575,0.00432,1,1,participant_30,question_2,No-Timer,True,Other
0.0,0,41,1,0.48553,-0.05863,0,0.8901,0.87593,0.32803,350,112.68886,0,0.48878,-0.05078,-0.04104,0.07766,0.6364,0.33085,0.09136,19.77699,1,0.46674,-0.04334,0.95575,0.00432,1,1,0.02036,0.07124,0.60351,0.58758,0.10375,18.72713,1,0.50432,-0.07393,0.95575,0.00432,1,1,participant_30,question_2,No-Timer,True,Other
0.0,0,41,1,0.48134,-0.0482,0,0.8901,0.87593,0.02102,351,113.02379,1,0.48692,-0.05013,-0.04104,0.07766,0.6364,0.3307,0.09136,19.49582,1,0.467,-0.03048,0.95575,0.00434,1,1,0.02036,0.07124,0.60351,0.5875,0.10387,18.57001,1,0.49568,-0.06593,0.95575,0.00425,1,1,participant_30,question_2,No-Timer,True,Other
0.0,0,41,1,0.48971,-0.04528,0,0.8901,0.87593,0.02657,351,113.02379,1,0.48748,-0.04916,-0.04104,0.07766,0.6364,0.33077,0.09134,19.50472,1,0.48667,-0.0238,0.95575,0.00435,1,1,0.02036,0.07124,0.60351,0.58753,0.10379,18.54997,1,0.49275,-0.06676,0.95575,0.00429,1,1,participant_30,question_2,No-Timer,True,Other
0.0,0,41,1,0.49001,-0.04107,0,0.8901,0.87593,0.03325,351,113.02379,1,0.4879,-0.04781,-0.18082,0.34804,2.85395,0.33066,0.09132,19.39263,1,0.48726,-0.01618,0.94913,0.00437,0,1,0.02101,0.07369,0.62423,0.58745,0.10409,18.70048,1,0.49276,-0.06595,0.95509,0.00423,1,1,participant_30,question_2,No-Timer,True,Other
0.0,0,41,1,0.49586,-0.03894,0,0.8901,0.87593,0.04063,351,113.02379,1,0.48904,-0.04655,-0.18082,0.34804,2.85395,0.33064,0.09122,19.43424,1,0.48257,-0.01214,0.94847,0.0043,0,1,0.02101,0.07369,0.62423,0.5873,0.10424,18.96819,1,0.50915,-0.06575,0.95443,0.00431,1,1,participant_30,question_2,No-Timer,True,Other
0.0,0,41,1,0.49658,-0.03807,0,0.8901,0.87593,0.04668,351,113.02379,1,0.48998,-0.04549,-0.18082,0.34804,2.85395,0.33058,0.09115,19.31223,1,0.47952,-0.01642,0.94781,0.00434,0,1,0.02101,0.07369,0.62423,0.58727,0.10426,18.98937,1,0.51365,-0.05971,0.95376,0.00429,1,1,participant_30,question_2,No-Timer,True,Other
0.0,0,41,1,0.49661,-0.03728,0,0.8901,0.87593,0.05334,351,113.02379,1,0.49072,-0.04458,-0.18252,0.35146,2.88024,0.33057,0.09119,19.29825,1,0.47958,-0.01566,0.94715,0.00434,0,1,0.02101,0.07369,0.62423,0.58725,0.10428,19.02892,1,0.51365,-0.05891,0.9531,0.00431,1,1,participant_30,question_2,No-Timer,True,Other
0.0,0,41,1,0.50268,-0.04875,0,0.8901,0.87593,0.06004,351,113.02379,1,0.49191,-0.04499,-0.18252,0.35146,2.88024,0.33056,0.09105,19.17714,1,0.49577,-0.03559,0.9531,0.00438,0,1,0.02101,0.07369,0.62423,0.58724,0.1043,19.01287,1,0.5096,-0.0619,0.9531,0.00432,1,1,participant_30,question_2,No-Timer,True,Other
0.0,0,41,1,0.49625,-0.02061,0,0.8901,0.87593,0.06673,351,113.02379,1,0.49231,-0.04278,-0.18252,0.35146,2.88024,0.33054,0.09068,19.57215,1,0.49883,-0.05796,0.9531,0.00423,0,1,0.02101,0.07369,0.62423,0.58722,0.10415,18.95276,1,0.49368,0.01674,0.9531,0.00428,1,1,participant_30,question_2,No-Timer,True,Other
0.0,0,41,1,0.49625,-0.02061,0,0.8901,0.87593,0.07346,351,113.02379,1,0.49264,-0.04093,-0.18082,0.3489,2.85395,0.33069,0.09072,19.96771,1,0.49883,-0.05796,0.9531,0.00424,0,1,0.02065,0.0728,0.61629,0.58714,0.10368,18.02005,1,0.49368,0.01674,0.9531,0.00432,1,1,participant_30,question_2,No-Timer,True,Other
0.0,0,41,1,0.48938,0.01655,0,0.8901,0.87593,0.08018,351,113.02379,1,0.49239,-0.03651,-0.18082,0.3489,2.85395,0.33095,0.0903,19.88597,1,0.49457,-0.00417,0.9531,0.00411,0,1,0.02065,0.0728,0.61629,0.5868,0.10372,18.08444,1,0.48418,0.03727,0.9531,0.00422,1,1,participant_30,question_2,No-Timer,True,Other
0.0,0,41,1,0.4592,0.34911,0,0.8901,0.87593,0.08745,351,113.02379,1,0.49002,-0.00896,-0.18082,0.3489,2.85395,0.33093,0.09195,17.61061,1,0.48486,0.25548,0.9531,0.00359,0,1,0.02065,0.0728,0.61629,0.58557,0.10805,10.25187,1,0.43354,0.44274,0.9531,0.00273,1,1,participant_30,question_2,No-Timer,True,Question
0.0,0,41,1,0.48425,0.24978,0,0.8901,0.87593,0.09378,351,113.02379,1,0.48963,0.00829,-0.04074,0.07763,0.63189,0.33101,0.09343,14.44294,1,0.48425,0.24978,0.95972,0.00323,1,1,0.02065,0.0728,0.61629,0.58557,0.10805,10.25187,0,0.43354,0.44274,0.95972,0.00273,1,0,participant_30,question_2,No-Timer,True,Question
0.0,0,41,0,0.48425,0.24978,0,0.8901,0.87593,0.10026,351,113.02379,1,0.48963,0.00829,-0.04074,0.07763,0.63189,0.33101,0.09343,14.44294,0,0.48425,0.24978,0.96634,0.00323,1,0,0.02065,0.0728,0.61629,0.58557,0.10805,10.25187,0,0.43354,0.44274,0.96634,0.00273,1,0,participant_30,question_2,No-Timer,False,Question
0.0,0,41,0,0.48425,0.24978,0,0.8901,0.87593,0.10722,351,113.02379,1,0.48963,0.00829,-0.04074,0.07763,0.63189,0.33101,0.09343,14.44294,0,0.48425,0.24978,0.97296,0.00323,1,0,0.02065,0.0728,0.61629,0.58557,0.10805,10.25187,0,0.43354,0.44274,0.97296,0.00273,1,0,participant_30,question_2,No-Timer,False,Question
0.0,0,41,0,0.48425,0.24978,0,0.8901,0.87593,0.11388,351,113.02379,1,0.48963,0.00829,-0.04074,0.07763,0.63189,0.33101,0.09343,14.44294,0,0.48425,0.24978,0.97958,0.00323,1,0,0.02065,0.0728,0.61629,0.58557,0.10805,10.25187,0,0.43354,0.44274,0.97958,0.00273,1,0,participant_30,question_2,No-Timer,False,Question
0.0,0,41,0,0.48425,0.24978,0,0.8901,0.87593,0.11388,351,113.02379,0,0.48984,0.02305,-0.04074,0.07763,0.63189,0.33101,0.09343,14.44294,0,0.48425,0.24978,0.97958,0.00323,1,0,0.02065,0.0728,0.61629,0.58557,0.10805,10.25187,0,0.43354,0.44274,0.97958,0.00273,1,0,participant_30,question_2,No-Timer,False,Question
0.0,0,41,0,0.48425,0.24978,0,0.8901,0.87593,0.11388,351,113.02379,0,0.48984,0.02305,-0.04074,0.07763,0.63189,0.33101,0.09343,14.44294,0,0.48425,0.24978,0.97958,0.00323,1,0,0.02065,0.0728,0.61629,0.58557,0.10805,10.25187,0,0.43354,0.44274,0.97958,0.00273,1,0,participant_30,question_2,No-Timer,False,Question
0.0,0,41,0,0.48425,0.24978,0,0.8901,0.87593,0.11388,351,113.02379,0,0.48984,0.02305,-0.04074,0.07763,0.63189,0.33101,0.09343,14.44294,0,0.48425,0.24978,0.97958,0.00323,1,0,0.02065,0.0728,0.61629,0.58557,0.10805,10.25187,0,0.43354,0.44274,0.97958,0.00273,1,0,participant_30,question_2,No-Timer,False,Question
0.0,65,41,0,0.48425,0.24978,0,0.8901,0.87593,0.11388,351,113.02379,0,0.0,0.0,-0.04074,0.07763,0.63189,0.33101,0.09343,14.44294,0,0.48425,0.24978,0.97958,0.00323,1,0,0.02065,0.0728,0.61629,0.58557,0.10805,10.25187,0,0.43354,0.44274,0.97958,0.00273,1,0,participant_30,question_2,No-Timer,True,Question
0.0,65,41,0,0.48425,0.24978,0,0.8901,0.87593,0.11388,351,113.02379,0,0.0,0.0,-0.04074,0.07763,0.63189,0.33101,0.09343,14.44294,0,0.48425,0.24978,0.97958,0.00323,1,0,0.02065,0.0728,0.61629,0.58557,0.10805,10.25187,0,0.43354,0.44274,0.97958,0.00273,1,0,participant_30,question_2,No-Timer,True,Question
0.0,65,41,0,0.48425,0.24978,0,0.8901,0.87593,0.11388,351,113.02379,0,0.0,0.0,-0.04074,0.07763,0.63189,0.33101,0.09343,14.44294,0,0.48425,0.24978,0.97958,0.00323,1,0,0.02065,0.0728,0.61629,0.58557,0.10805,10.25187,0,0.43354,0.44274,0.97958,0.00273,1,0,participant_30,question_2,No-Timer,True,Question
0.0,65,41,0,0.48425,0.24978,0,0.8901,0.87593,0.11388,351,113.02379,0,0.0,0.0,-0.04074,0.07763,0.63189,0.33101,0.09343,14.44294,0,0.48425,0.24978,0.97958,0.00323,1,0,0.02065,0.0728,0.61629,0.58557,0.10805,10.25187,0,0.43354,0.44274,0.97958,0.00273,1,0,participant_30,question_2,No-Timer,True,Question
0.0,65,41,0,0.48425,0.24978,0,0.8901,0.87593,0.11388,351,113.02379,0,0.0,0.0,-0.04074,0.07763,0.63189,0.33101,0.09343,14.44294,0,0.48425,0.24978,0.97958,0.00323,1,0,0.02065,0.0728,0.61629,0.58557,0.10805,10.25187,0,0.43354,0.44274,0.97958,0.00273,1,0,participant_30,question_2,No-Timer,True,Question
0.0,65,41,0,0.48425,0.24978,0,0.8901,0.87593,0.11388,351,113.02379,0,0.0,0.0,-0.04074,0.07763,0.63189,0.33101,0.09343,14.44294,0,0.48425,0.24978,0.97958,0.00323,1,0,0.02065,0.0728,0.61629,0.58557,0.10805,10.25187,0,0.43354,0.44274,0.97958,0.00273,1,0,participant_30,question_2,No-Timer,True,Question
0.0,65,41,0,0.48425,0.24978,0,0.8901,0.87593,0.11388,351,113.02379,0,0.0,0.0,-0.04074,0.07763,0.63189,0.33101,0.09343,14.44294,0,0.48425,0.24978,0.97958,0.00323,1,0,0.02065,0.0728,0.61629,0.58557,0.10805,10.25187,0,0.43354,0.44274,0.97958,0.00273,1,0,participant_30,question_2,No-Timer,True,Question
0.0,65,41,0,0.48425,0.24978,0,0.8901,0.87593,0.11388,351,113.02379,0,0.0,0.0,-0.04074,0.07763,0.63189,0.33101,0.09343,14.44294,0,0.48425,0.24978,0.97958,0.00323,1,0,0.02065,0.0728,0.61629,0.58557,0.10805,10.25187,0,0.43354,0.44274,0.97958,0.00273,1,0,participant_30,question_2,No-Timer,True,Question
0.0,65,41,0,0.48425,0.24978,0,0.8901,0.87593,0.11388,351,113.02379,0,0.0,0.0,-0.04074,0.07763,0.63189,0.33101,0.09343,14.44294,0,0.48425,0.24978,0.97958,0.00323,1,0,0.02065,0.0728,0.61629,0.58557,0.10805,10.25187,0,0.43354,0.44274,0.97958,0.00273,1,0,participant_30,question_2,No-Timer,True,Question
0.0,65,41,0,0.48425,0.24978,0,0.8901,0.87593,0.11388,351,113.02379,0,0.0,0.0,-0.04074,0.07763,0.63189,0.33101,0.09343,14.44294,0,0.48425,0.24978,0.97958,0.00323,1,0,0.02065,0.0728,0.61629,0.58557,0.10805,10.25187,0,0.43354,0.44274,0.97958,0.00273,1,0,participant_30,question_2,No-Timer,True,Question
0.0,65,41,0,0.48425,0.24978,0,0.8901,0.87593,0.11388,351,113.02379,0,0.0,0.0,-0.04074,0.07763,0.63189,0.33101,0.09343,14.44294,0,0.48425,0.24978,0.97958,0.00323,1,0,0.02065,0.0728,0.61629,0.58557,0.10805,10.25187,0,0.43354,0.44274,0.97958,0.00273,1,0,participant_30,question_2,No-Timer,True,Question
0.0,65,41,0,0.48425,0.24978,0,0.8901,0.87593,0.11388,351,113.02379,0,0.0,0.0,-0.04074,0.07763,0.63189,0.33101,0.09343,14.44294,0,0.48425,0.24978,0.97958,0.00323,1,0,0.02065,0.0728,0.61629,0.58557,0.10805,10.25187,0,0.43354,0.44274,0.97958,0.00273,1,0,participant_30,question_2,No-Timer,True,Question
0.08017,0,41,1,0.50773,-0.0575,0,0.8901,0.87593,0.11388,351,113.02379,0,0.50773,-0.0575,-0.04074,0.07763,0.63189,0.33085,0.09072,20.28253,1,0.50773,-0.0575,0.97958,0.00433,1,1,0.02065,0.0728,0.61629,0.58557,0.10805,10.25187,0,0.43354,0.44274,0.97958,0.00273,1,0,participant_30,question_2,No-Timer,True,Other
0.0,0,41,1,0.54163,-0.09376,0,0.8901,0.87593,0.11388,351,113.02379,0,0.52468,-0.07563,-0.04074,0.07763,0.63189,0.33162,0.09085,19.99658,1,0.54163,-0.09376,0.97958,0.00438,1,1,0.02065,0.0728,0.61629,0.58557,0.10805,10.25187,0,0.43354,0.44274,0.97958,0.00273,1,0,participant_30,question_2,No-Timer,True,Other
0.0,0,41,1,0.48704,0.17158,0,0.8901,0.87593,0.11388,351,113.02379,0,0.51214,0.00677,-0.18058,0.3492,2.86345,0.33183,0.09098,20.27769,1,0.54188,-0.08588,0.97296,0.00437,0,1,0.02088,0.07288,0.61738,0.58841,0.10376,18.75277,1,0.43221,0.42904,0.97296,0.00443,1,1,participant_30,question_2,No-Timer,True,Question
0.0,0,41,1,0.61934,-0.05551,0,0.8901,0.87593,0.0199,352,113.24483,1,0.53894,-0.0088,-0.18058,0.3492,2.86345,0.33334,0.0913,20.21684,1,0.60422,-0.05676,0.96634,0.00423,0,1,0.02088,0.07288,0.61738,0.58956,0.10384,18.99441,1,0.63447,-0.05426,0.96634,0.00441,1,1,participant_30,question_2,No-Timer,True,Other
0.0,0,41,1,0.60507,-0.03098,0,0.8901,0.87593,0.0266,352,113.24483,1,0.55216,-0.01323,-0.18058,0.3492,2.86345,0.33305,0.09156,20.35599,1,0.59292,-0.02885,0.95972,0.00426,0,1,0.02088,0.07288,0.61738,0.58941,0.10407,19.51773,1,0.61723,-0.03312,0.95972,0.00432,1,1,participant_30,question_2,No-Timer,True,Other
0.0,0,41,1,0.60471,-0.02335,0,0.8901,0.87593,0.0335,352,113.24483,1,0.56092,-0.01492,-0.18066,0.35018,2.87147,0.33303,0.0916,20.33967,1,0.59284,-0.02129,0.9531,0.0043,0,1,0.02088,0.07288,0.61738,0.58928,0.10421,19.42729,1,0.61659,-0.02542,0.9531,0.00437,1,1,participant_30,question_2,No-Timer,True,Other
0.0,0,41,1,0.58497,-0.02198,0,0.8901,0.87593,0.0402,352,113.24483,1,0.56436,-0.01593,-0.18066,0.35018,2.87147,0.33295,0.09172,19.68503,1,0.56699,-0.02253,0.9531,0.00423,0,1,0.02088,0.07288,0.61738,0.58931,0.10409,19.30942,1,0.60296,-0.02143,0.9531,0.00429,1,1,participant_30,question_2,No-Timer,True,Other
0.0,0,41,1,0.58779,-0.02957,0,0.8901,0.87593,0.04668,352,113.24483,1,0.56729,-0.01763,-0.18066,0.35018,2.87147,0.3329,0.09151,19.64175,1,0.57224,-0.00953,0.9531,0.00432,0,1,0.02088,0.07288,0.61738,0.58932,0.1039,19.43279,1,0.60334,-0.0496,0.9531,0.00432,1,1,participant_30,question_2,No-Timer,True,Other
0.0,0,41,1,0.58804,-0.03725,0,0.8901,0.87593,0.0536,352,113.24483,1,0.56959,-0.01981,-0.04172,0.0788,0.64697,0.33281,0.09166,19.70732,1,0.57218,-0.01702,0.95972,0.00437,1,1,0.02088,0.07283,0.61738,0.58946,0.10408,19.46465,1,0.6039,-0.05748,0.95972,0.00434,1,1,participant_30,question_2,No-Timer,True,Other
0.0,0,41,1,0.58647,-0.05291,0,0.8901,0.87593,0.06035,352,113.24483,1,0.57128,-0.02312,-0.04172,0.0788,0.64697,0.33269,0.09207,19.49403,1,0.56635,-0.05421,0.96634,0.00446,1,1,0.02088,0.07283,0.61738,0.58947,0.10431,19.36398,1,0.60659,-0.05161,0.96634,0.00453,1,1,participant_30,question_2,No-Timer,True,Other
0.0,0,41,1,0.58334,-0.0542,0,0.8901,0.87593,0.067,352,113.24483,1,0.57238,-0.02595,-0.04172,0.0788,0.64697,0.33256,0.09215,19.99553,1,0.5602,-0.05177,0.97296,0.00443,1,1,0.02088,0.07283,0.61738,0.58934,0.10454,19.56395,1,0.60647,-0.05662,0.97296,0.00454,1,1,participant_30,question_2,No-Timer,True,Other
0.0,0,41,1,0.58356,-0.06189,0,0.8901,0.87593,0.07371,352,113.24483,1,0.57331,-0.02894,-0.04172,0.0788,0.64697,0.3325,0.09227,20.13322,1,0.56008,-0.0594,0.97958,0.00438,1,1,0.02088,0.07274,0.61738,0.58928,0.10453,19.58974,1,0.60704,-0.06438,0.97958,0.00453,1,1,participant_30,question_2,No-Timer,True,Other
0.0,0,41,1,0.59137,-0.05848,0,0.8901,0.87593,0.08067,352,113.24483,1,0.5747,-0.03121,-0.04172,0.0788,0.64697,0.33251,0.09222,19.85658,1,0.58085,-0.05704,0.97958,0.0045,1,1,0.02088,0.07274,0.61738,0.58927,0.10444,19.6549,1,0.60189,-0.05992,0.97958,0.00449,1,1,participant_30,question_2,No-Timer,True,Other
0.0,0,41,1,0.58493,-0.05032,0,0.8901,0.87593,0.08723,352,113.24483,1,0.57543,-0.03258,-0.04172,0.0788,0.64697,0.33249,0.09217,19.86245,1,0.57186,-0.04894,0.97958,0.0044,1,1,0.02088,0.07274,0.61738,0.58912,0.10472,19.67988,1,0.598,-0.05169,0.97958,0.00454,1,1,participant_30,question_2,No-Timer,True,Other
0.0,0,41,1,0.58496,-0.04654,0,0.8901,0.87593,0.09396,352,113.24483,1,0.57606,-0.03351,-0.18178,0.3498,2.87542,0.33243,0.09223,19.9615,1,0.57191,-0.04139,0.97296,0.00436,0,1,0.02161,0.07541,0.64043,0.58888,0.10487,19.67592,1,0.598,-0.05169,0.97958,0.00462,1,1,participant_30,question_2,No-Timer,True,Other
0.0,0,41,1,0.59407,-0.03818,0,0.8901,0.87593,0.10056,352,113.24483,1,0.57719,-0.0338,-0.18178,0.3498,2.87542,0.33233,0.09252,20.38346,1,0.59258,-0.02762,0.97296,0.00436,0,1,0.02161,0.07541,0.64043,0.58879,0.10505,19.5078,1,0.59555,-0.04875,0.97958,0.00453,1,1,participant_30,question_2,No-Timer,True,Other
0.0,0,41,1,0.58693,-0.0336,0,0.8901,0.87593,0.10699,352,113.24483,1,0.57776,-0.03379,-0.18178,0.3498,2.87542,0.33224,0.09234,20.2938,1,0.58168,-0.02712,0.97296,0.00434,0,1,0.02161,0.07541,0.64043,0.58906,0.10477,19.0907,1,0.59219,-0.04007,0.97958,0.00449,1,1,participant_30,question_2,No-Timer,True,Other
0.0,0,41,1,0.58647,-0.02301,0,0.8901,0.87593,0.11394,352,113.24483,1,0.57825,-0.03319,-0.03926,0.07391,0.60754,0.33219,0.09241,20.35282,1,0.58168,-0.02042,0.967,0.00436,1,1,0.02103,0.07354,0.62457,0.58897,0.10476,18.98254,1,0.59126,-0.02561,0.967,0.00441,1,1,participant_30,question_2,No-Timer,True,Other
0.0,0,41,1,0.57846,-0.02305,0,0.8901,0.87593,0.12076,352,113.24483,1,0.57826,-0.03266,-0.03926,0.07391,0.60754,0.3322,0.09235,20.29827,1,0.5753,-0.00808,0.96105,0.00432,1,1,0.02103,0.07354,0.62457,0.58882,0.10478,19.5027,1,0.58163,-0.03802,0.95443,0.00432,1,1,participant_30,question_2,No-Timer,True,Other
0.0,0,41,1,0.5761,-0.00526,0,0.8901,0.87593,0.12733,352,113.24483,1,0.57815,-0.03129,-0.03926,0.07391,0.60754,0.33218,0.09242,20.28413,1,0.5697,0.01303,0.94847,0.00436,1,1,0.02103,0.07354,0.62457,0.58874,0.10491,19.60406,1,0.58249,-0.02356,0.94185,0.0044,1,1,participant_30,question_2,No-Timer,True,Other
0.0,0,41,1,0.57589,-0.00175,0,0.8901,0.87593,0.13379,352,113.24483,1,0.57804,-0.02988,-0.04129,0.07753,0.63732,0.33204,0.09244,20.54002,1,0.5697,0.01303,0.94847,0.00433,1,1,0.02044,0.07165,0.60851,0.58874,0.10491,19.60406,1,0.58208,-0.01653,0.93589,0.00439,1,1,participant_30,question_2,No-Timer,True,Other
0.0,0,41,1,0.58946,-0.02155,0,0.8901,0.87593,0.14067,352,113.24483,1,0.57856,-0.0295,-0.04129,0.07753,0.63732,0.33179,0.09258,20.8665,1,0.5824,-0.01835,0.94847,0.00425,1,1,0.02044,0.07165,0.60851,0.58862,0.1052,19.71473,1,0.59652,-0.02475,0.94251,0.00436,1,1,participant_30,question_2,No-Timer,True,Other
0.0,0,41,1,0.59482,-0.0196,0,0.8901,0.87593,0.14715,352,113.24483,1,0.57927,-0.02907,-0.04129,0.07753,0.63732,0.33166,0.09271,20.70556,1,0.5798,-0.02038,0.95509,0.0043,1,1,0.02044,0.07165,0.60851,0.58882,0.10509,19.52486,1,0.60985,-0.01882,0.94913,0.00435,1,1,participant_30,question_2,No-Timer,True,Other
0.0,0,41,1,0.5954,-0.03068,0,0.8901,0.87593,0.15385,352,113.24483,1,0.57994,-0.02914,-0.04129,0.07753,0.63732,0.33167,0.09272,20.73458,1,0.5798,-0.02792,0.96171,0.0043,1,1,0.02084,0.07322,0.6218,0.58869,0.10507,19.67381,1,0.61099,-0.03344,0.96171,0.00432,1,1,participant_30,question_2,No-Timer,True,Other
0.0,0,41,1,0.58479,-0.028,0,0.8901,0.87593,0.16084,352,113.24483,1,0.58013,-0.02909,-0.04129,0.07753,0.63732,0.33168,0.09255,20.43668,1,0.56456,-0.02008,0.96171,0.00425,1,1,0.02084,0.07322,0.6218,0.58863,0.1051,19.96161,1,0.60501,-0.03592,0.96767,0.00429,1,1,participant_30,question_2,No-Timer,True,Other
0.0,0,41,1,0.59457,-0.033,0,0.8901,0.87593,0.16747,352,113.24483,1,0.58069,-0.02924,-0.04129,0.07753,0.63732,0.33159,0.09254,20.59028,1,0.58362,-0.02317,0.96767,0.00421,1,1,0.02084,0.07322,0.6218,0.58861,0.10509,19.99925,1,0.60552,-0.04282,0.97362,0.00428,1,1,participant_30,question_2,No-Timer,True,Other
0.0,0,41,1,0.59454,-0.03224,0,0.8901,0.87593,0.17422,352,113.24483,1,0.5812,-0.02935,-0.04033,0.07564,0.62182,0.33158,0.09253,20.64782,1,0.58362,-0.02242,0.967,0.0042,1,1,0.02098,0.07404,0.62879,0.58857,0.10505,20.06107,1,0.60546,-0.04205,0.97296,0.00428,1,1,participant_30,question_2,No-Timer,True,Other
0.0,0,41,1,0.58312,-0.05039,0,0.8901,0.87593,0.18086,352,113.24483,1,0.58127,-0.03011,-0.04033,0.07564,0.62182,0.33139,0.09261,20.88583,1,0.5734,-0.03508,0.96634,0.00427,1,1,0.02098,0.07404,0.62879,0.58831,0.10516,20.0415,1,0.59283,-0.06571,0.96634,0.00442,1,1,participant_30,question_2,No-Timer,True,Other
0.0,0,41,1,0.57609,-0.05023,0,0.8901,0.87593,0.18734,352,113.24483,1,0.58109,-0.0308,-0.04033,0.07564,0.62182,0.33126,0.0928,21.23149,1,0.56565,-0.05226,0.95972,0.0042,1,1,0.02098,0.07404,0.62879,0.58837,0.10493,19.81932,1,0.58653,-0.0482,0.95972,0.00435,1,1,participant_30,question_2,No-Timer,True,Other
0.0,0,41,1,0.5759,-0.04244,0,0.8901,0.87593,0.19432,352,113.24483,1,0.58092,-0.03119,-0.04013,0.07491,0.61734,0.33128,0.09267,20.81739,1,0.56574,-0.04452,0.9531,0.00423,1,1,0.02051,0.07253,0.6175,0.58801,0.10544,19.71659,1,0.58606,-0.04037,0.9531,0.00441,1,1,participant_30,question_2,No-Timer,True,Other
0.0,0,41,1,0.58982,0.12585,0,0.8901,0.87593,0.20097,352,113.24483,1,0.58121,-0.02612,-0.04013,0.07491,0.61734,0.33141,0.09484,20.42355,1,0.57592,0.09325,0.9531,0.00425,1,1,0.02051,0.07253,0.6175,0.58801,0.108,20.19775,1,0.60372,0.15844,0.9531,0.00424,1,1,participant_30,question_2,No-Timer,True,Question
0.0,0,41,1,0.59949,0.25299,0,0.8901,0.87593,0.20747,352,113.24483,1,0.58178,-0.0174,-0.04013,0.07491,0.61734,0.33179,0.09613,20.26643,1,0.58705,0.23081,0.9531,0.00418,1,1,0.02051,0.07253,0.6175,0.58773,0.10919,19.00861,1,0.61194,0.27517,0.9531,0.00405,1,1,participant_30,question_2,No-Timer,True,Question
0.0,0,41,1,0.59984,0.24726,0,0.8901,0.87593,0.20747,352,113.24483,0,0.58982,0.0265,-0.04139,0.07714,0.63888,0.33193,0.09702,20.70376,1,0.5871,0.22499,0.95972,0.0041,1,1,0.02037,0.07232,0.61895,0.58765,0.11036,19.73519,1,0.61259,0.26953,0.95972,0.00394,1,1,participant_30,question_2,No-Timer,True,Question
0.0,0,41,1,0.57666,0.45019,0,0.8901,0.87593,0.20747,352,113.24483,0,0.58324,0.23835,-0.04139,0.07714,0.63888,0.33216,0.09988,20.36066,1,0.57019,0.39773,0.96634,0.00421,1,1,0.02037,0.07232,0.61895,0.58691,0.11313,19.52358,1,0.58313,0.50265,0.96634,0.00385,1,1,participant_30,question_2,No-Timer,True,Question
0.0,0,41,1,0.58894,0.54768,0,0.8901,0.87593,0.20747,352,113.24483,0,0.58514,0.34146,-0.04139,0.07714,0.63888,0.33226,0.10154,19.99082,1,0.5731,0.50375,0.97296,0.0043,1,1,0.02037,0.07232,0.61895,0.58679,0.11518,18.84813,1,0.60479,0.5916,0.97296,0.00405,1,1,participant_30,question_2,No-Timer,True,Answer_Area
0.0,0,41,1,0.58866,0.5492,0,0.8901,0.87593,0.20747,352,113.24483,0,0.58476,0.51569,-0.18082,0.34247,2.85395,0.33216,0.10261,20.34012,1,0.5731,0.50375,0.97296,0.00428,0,1,0.01984,0.07069,0.6097,0.58653,0.11613,18.8053,1,0.60422,0.59466,0.967,0.00393,1,1,participant_30,question_2,No-Timer,True,Answer_Area
0.0,0,41,1,0.59793,0.73014,0,0.8901,0.87593,0.20747,352,113.24483,0,0.59134,0.62291,-0.18082,0.34247,2.85395,0.33262,0.1054,19.78278,1,0.60563,0.71384,0.96038,0.00431,0,1,0.01984,0.07069,0.6097,0.58632,0.11862,19.45479,1,0.59024,0.74643,0.95443,0.00416,1,1,participant_30,question_2,No-Timer,True,Answer_Area
0.0,0,41,1,0.59974,0.78544,0,0.8901,0.87593,0.20747,352,113.24483,0,0.59414,0.67709,-0.18082,0.34247,2.85395,0.33233,0.10652,20.47828,1,0.61186,0.76988,0.94781,0.00421,0,1,0.01984,0.07069,0.6097,0.58637,0.11892,19.21731,1,0.58762,0.801,0.94185,0.004,1,1,participant_30,question_2,No-Timer,True,Answer_Area
0.0,0,41,1,0.59924,0.78847,0,0.8901,0.87593,0.20747,352,113.24483,0,0.59897,0.76801,-0.18252,0.34455,2.88024,0.33233,0.10689,20.44312,1,0.61141,0.77388,0.93523,0.00422,0,1,0.02016,0.07187,0.62101,0.58624,0.11949,19.39788,1,0.58707,0.80305,0.93523,0.004,1,1,participant_30,question_2,No-Timer,True,Answer_Area
0.0,0,41,1,0.60104,0.74147,0,0.8901,0.87593,0.20747,352,113.24483,0,0.60001,0.75474,-0.18252,0.34455,2.88024,0.33198,0.1069,20.84545,1,0.60827,0.72313,0.93523,0.00417,0,1,0.02016,0.07187,0.62101,0.58641,0.11903,19.1233,1,0.59381,0.75981,0.94119,0.00407,1,1,participant_30,question_2,No-Timer,True,Answer_Area
0.0,0,41,1,0.59553,0.75075,0,0.8901,0.87593,0.20747,352,113.24483,0,0.59851,0.75341,-0.18252,0.34455,2.88024,0.3318,0.10705,20.72978,1,0.5954,0.73238,0.94119,0.00415,0,1,0.02016,0.07187,0.62101,0.58643,0.11923,19.4243,1,0.59566,0.76911,0.94715,0.00401,1,1,participant_30,question_2,No-Timer,True,Answer_Area
0.0,0,41,1,0.59622,0.74633,0,0.8901,0.87593,0.02031,353,113.49941,1,0.59794,0.75164,-0.04147,0.0764,0.63862,0.33174,0.10701,20.65403,1,0.59564,0.72785,0.95376,0.00416,1,1,0.02016,0.07187,0.62101,0.58646,0.11918,19.45107,1,0.59681,0.76482,0.95972,0.00397,1,1,participant_30,question_2,No-Timer,True,Answer_Area
0.0,0,41,1,0.60031,0.76969,0,0.8901,0.87593,0.02679,353,113.49941,1,0.59842,0.75525,-0.04147,0.0764,0.63862,0.33156,0.10691,20.82945,1,0.61192,0.76659,0.96634,0.0042,1,1,0.02016,0.07187,0.62101,0.58636,0.1192,19.1754,1,0.58871,0.77278,0.96634,0.00397,1,1,participant_30,question_2,No-Timer,True,Answer_Area
0.0,0,41,1,0.59729,0.75676,0,0.8901,0.87593,0.03325,353,113.49941,1,0.59823,0.7555,-0.04147,0.0764,0.63862,0.33152,0.10689,20.79558,1,0.60048,0.75628,0.97296,0.00417,1,1,0.02016,0.07187,0.62101,0.58637,0.11898,19.14066,1,0.59411,0.75724,0.97296,0.00392,1,1,participant_30,question_2,No-Timer,True,Answer_Area
0.0,0,41,1,0.59758,0.75562,0,0.8901,0.87593,0.03996,353,113.49941,1,0.59814,0.75552,-0.04013,0.0739,0.61734,0.33136,0.1068,20.78811,1,0.60048,0.75628,0.97296,0.00417,1,1,0.02065,0.07389,0.63764,0.58632,0.11898,19.25048,1,0.59468,0.75496,0.97958,0.00396,1,1,participant_30,question_2,No-Timer,True,Answer_Area
0.0,0,41,1,0.58996,0.74777,0,0.8901,0.87593,0.04697,353,113.49941,1,0.59711,0.75455,-0.04013,0.0739,0.61734,0.3313,0.10683,20.65801,1,0.58669,0.74665,0.97296,0.00419,1,1,0.02065,0.07389,0.63764,0.58636,0.11889,18.92026,1,0.59324,0.7489,0.97958,0.004,1,1,participant_30,question_2,No-Timer,True,Answer_Area
0.0,0,41,1,0.59467,0.74171,0,0.8901,0.87593,0.05357,353,113.49941,1,0.59684,0.75312,-0.04013,0.0739,0.61734,0.33112,0.10663,20.66178,1,0.57991,0.73545,0.97296,0.00419,1,1,0.02065,0.07389,0.63764,0.58634,0.11886,19.09326,1,0.60944,0.74797,0.97958,0.00404,1,1,participant_30,question_2,No-Timer,True,Answer_Area
0.0,0,41,1,0.59502,0.7394,0,0.8901,0.87593,0.06088,353,113.49941,1,0.59666,0.75175,-0.04114,0.07572,0.6322,0.33106,0.10662,20.55861,1,0.57993,0.73316,0.97958,0.00419,1,1,0.0206,0.07373,0.63585,0.58634,0.11886,19.07092,1,0.61011,0.74564,0.9862,0.00404,1,1,participant_30,question_2,No-Timer,True,Answer_Area
0.0,0,41,1,0.6053,0.74737,0,0.8901,0.87593,0.06697,353,113.49941,1,0.59745,0.75135,-0.04114,0.07572,0.6322,0.33098,0.10655,20.59188,1,0.59825,0.72301,0.99282,0.00416,1,1,0.0206,0.07373,0.63585,0.5863,0.1189,19.37104,1,0.61234,0.77173,0.99282,0.00402,1,1,participant_30,question_2,No-Timer,True,Answer_Area
0.0,0,41,1,0.59948,0.7408,0,0.8901,0.87593,0.07344,353,113.49941,1,0.59761,0.75047,-0.04114,0.07572,0.6322,0.33093,0.1065,20.60789,1,0.59122,0.71222,0.99944,0.00414,1,1,0.0206,0.07373,0.63585,0.5862,0.11885,19.18006,1,0.60774,0.76939,0.99944,0.00399,1,1,participant_30,question_2,No-Timer,True,Answer_Area
0.0,0,41,1,0.59948,0.7408,0,0.8901,0.87593,0.08014,353,113.49941,1,0.59776,0.74973,-0.04078,0.07497,0.62594,0.33088,0.10652,20.41026,1,0.59122,0.71222,0.99944,0.00414,1,1,0.0206,0.07373,0.63585,0.58622,0.11879,19.2165,1,0.60774,0.76939,0.99944,0.00397,1,1,participant_30,question_2,No-Timer,True,Answer_Area
0.0,0,41,1,0.60656,0.75895,0,0.8901,0.87593,0.08713,353,113.49941,1,0.59839,0.75039,-0.04078,0.07497,0.62594,0.33068,0.10633,20.50097,1,0.60641,0.75725,0.99282,0.00415,1,1,0.0206,0.07373,0.63585,0.58618,0.11867,19.16197,1,0.6067,0.76065,0.99282,0.00396,1,1,participant_30,question_2,No-Timer,True,Answer_Area
0.0,0,41,1,0.60094,0.75684,0,0.8901,0.87593,0.09375,353,113.49941,1,0.59856,0.75082,-0.04078,0.07497,0.62594,0.33066,0.10633,20.50092,1,0.60102,0.74501,0.9862,0.00414,1,1,0.0206,0.07373,0.63585,0.58616,0.1187,19.09315,1,0.60087,0.76867,0.9862,0.00396,1,1,participant_30,question_2,No-Timer,True,Answer_Area
0.0,0,41,1,0.60056,0.75902,0,0.8901,0.87593,0.10066,353,113.49941,1,0.59868,0.75133,-0.04057,0.07445,0.62118,0.33062,0.10625,20.58059,1,0.60086,0.7472,0.97958,0.00411,1,1,0.0206,0.07373,0.63585,0.58612,0.11876,19.223,1,0.60026,0.77085,0.97958,0.00395,1,1,participant_30,question_2,No-Timer,True,Answer_Area
0.0,0,41,1,0.61346,0.73871,0,0.8901,0.87593,0.10715,353,113.49941,1,0.59955,0.75059,-0.04057,0.07445,0.62118,0.33063,0.10624,20.59226,1,0.5987,0.73007,0.97958,0.00412,1,1,0.0206,0.07373,0.63585,0.58612,0.11865,19.18203,1,0.62821,0.74736,0.97958,0.00401,1,1,participant_30,question_2,No-Timer,True,Answer_Area
0.0,0,41,1,0.61036,0.73197,0,0.8901,0.87593,0.11423,353,113.49941,1,0.60015,0.74955,-0.04057,0.07445,0.62118,0.33061,0.10619,20.60911,1,0.59009,0.72688,0.97958,0.0041,1,1,0.0206,0.07373,0.63585,0.58611,0.11862,19.18995,1,0.63064,0.73705,0.97958,0.004,1,1,participant_30,question_2,No-Timer,True,Answer_Area
0.0,0,41,1,0.61036,0.73197,0,0.8901,0.87593,0.12032,353,113.49941,1,0.60069,0.74863,-0.041,0.0753,0.62786,0.33048,0.1061,20.42078,1,0.59009,0.72688,0.97958,0.00412,1,1,0.0206,0.07373,0.63585,0.58612,0.11859,19.16935,1,0.63064,0.73705,0.97958,0.00398,1,1,participant_30,question_2,No-Timer,True,Answer_Area
0.0,0,41,1,0.61596,0.75216,0,0.8901,0.87593,0.12731,353,113.49941,1,0.60145,0.74881,-0.041,0.0753,0.62786,0.33036,0.10599,20.21402,1,0.60614,0.76436,0.97958,0.00413,1,1,0.0206,0.07373,0.63585,0.58611,0.11864,19.08591,1,0.62578,0.73995,0.97958,0.00404,1,1,participant_30,question_2,No-Timer,True,Answer_Area
0.0,0,41,1,0.6153,0.77638,0,0.8901,0.87593,0.13394,353,113.49941,1,0.60211,0.75012,-0.041,0.0753,0.62786,0.33059,0.10574,19.51048,1,0.60623,0.7567,0.97958,0.00416,1,1,0.0206,0.07373,0.63585,0.58608,0.11864,18.99005,1,0.62437,0.79606,0.97958,0.00405,1,1,participant_30,question_2,No-Timer,True,Answer_Area
0.0,0,41,1,0.61505,0.77622,0,0.8901,0.87593,0.14043,353,113.49941,1,0.6027,0.7513,-0.04216,0.07715,0.64333,0.33053,0.10572,19.47624,1,0.60642,0.75458,0.9862,0.00418,1,1,0.01943,0.06989,0.60273,0.58591,0.11851,18.81989,1,0.62367,0.79786,0.97362,0.00397,1,1,participant_30,question_2,No-Timer,True,Answer_Area
0.0,0,41,1,0.55615,0.76788,0,0.8901,0.87593,0.14754,353,113.49941,1,0.60068,0.75203,-0.04216,0.07715,0.64333,0.32897,0.10627,20.25945,1,0.55374,0.74444,0.98024,0.00411,1,1,0.01943,0.06989,0.60273,0.58472,0.1188,18.9658,1,0.55856,0.79132,0.96767,0.00388,1,1,participant_30,question_2,No-Timer,True,Answer_Area
0.0,0,41,1,0.48,0.78785,0,0.8901,0.87593,0.15404,353,113.49941,1,0.59565,0.75352,-0.04216,0.07715,0.64333,0.32689,0.10624,20.04114,1,0.47101,0.75649,0.97429,0.00403,1,1,0.01943,0.06989,0.60273,0.58207,0.11922,18.99771,1,0.48899,0.81922,0.96171,0.00397,1,1,participant_30,question_2,No-Timer,True,Answer_Area
0.0,0,41,1,0.48037,0.78968,0,0.8901,0.87593,0.16051,353,113.49941,1,0.59104,0.75496,-0.04191,0.07562,0.63094,0.32629,0.10635,20.37688,1,0.47165,0.75843,0.96833,0.00409,1,1,0.01882,0.07023,0.60645,0.58165,0.11914,19.15526,1,0.48908,0.82093,0.95575,0.004,1,1,participant_30,question_2,No-Timer,True,Answer_Area
0.0,0,41,1,0.35568,0.7767,0,0.8901,0.87593,0.16719,353,113.49941,1,0.58198,0.7558,-0.04191,0.07562,0.63094,0.32293,0.10621,20.58844,1,0.34176,0.74715,0.95575,0.00406,1,1,0.01882,0.07023,0.60645,0.57702,0.11941,19.25434,1,0.36961,0.80624,0.95575,0.00405,1,1,participant_30,question_2,No-Timer,True,Answer_Area
0.0,0,41,1,0.27611,0.78484,0,0.8901,0.87593,0.16719,353,113.49941,0,0.53578,0.76445,-0.04191,0.07562,0.63094,0.32121,0.10642,20.45831,1,0.26883,0.7672,0.95575,0.00406,1,1,0.01882,0.07023,0.60645,0.57544,0.11998,19.90138,1,0.28339,0.80247,0.95575,0.00399,1,1,participant_30,question_2,No-Timer,True,Answer_Area
0.0,0,41,1,0.27789,0.78695,0,0.8901,0.87593,0.16719,353,113.49941,0,0.40683,0.7757,-0.04139,0.07354,0.61402,0.32034,0.10656,20.30945,1,0.27091,0.76936,0.94913,0.00407,1,1,0.01798,0.06969,0.60261,0.57451,0.12012,19.34214,1,0.28486,0.80454,0.94913,0.00405,1,1,participant_30,question_2,No-Timer,True,Answer_Area
0.0,0,41,1,0.23435,0.8522,0,0.8901,0.87593,0.16719,353,113.49941,0,0.34934,0.8012,-0.04139,0.07354,0.61402,0.31903,0.10752,20.36118,1,0.23491,0.8305,0.94251,0.00413,1,1,0.01798,0.06969,0.60261,0.57349,0.12123,19.4441,1,0.23379,0.8739,0.94251,0.0039,1,1,participant_30,question_2,No-Timer,True,Answer_Area
0.0,0,41,1,0.26091,0.84546,0,0.8901,0.87593,0.16719,353,113.49941,0,0.25772,0.8282,-0.04139,0.07354,0.61402,0.31903,0.10752,20.36118,1,0.26923,0.83547,0.93589,0.00413,1,1,0.01798,0.06969,0.60261,0.57342,0.12119,19.20973,1,0.2526,0.85545,0.93589,0.00391,1,1,participant_30,question_2,No-Timer,True,Answer_Area
0.0,0,41,1,0.26121,0.84554,0,0.8901,0.87593,0.16719,353,113.49941,0,0.25946,0.83687,-0.0421,0.07459,0.62315,0.31897,0.10768,20.42002,1,0.27136,0.83718,0.92927,0.00414,1,1,0.01889,0.07353,0.63622,0.57332,0.1212,19.20217,1,0.25105,0.85389,0.94185,0.00388,1,1,participant_30,question_2,No-Timer,True,Answer_Area
0.0,0,41,1,0.24843,0.86074,0,0.8901,0.87593,0.16719,353,113.49941,0,0.25579,0.84483,-0.0421,0.07459,0.62315,0.31893,0.10764,20.53452,1,0.2625,0.84557,0.94185,0.00417,1,1,0.01889,0.07353,0.63622,0.57334,0.12105,18.96017,1,0.23436,0.87591,0.95443,0.00394,1,1,participant_30,question_2,No-Timer,True,Answer_Area
0.0,0,41,1,0.2353,0.86079,0,0.8901,0.87593,0.01971,354,113.69402,1,0.25067,0.84882,-0.0421,0.07459,0.62315,0.31882,0.10771,20.28522,1,0.24244,0.8405,0.95443,0.00413,1,1,0.01889,0.07353,0.63622,0.57329,0.12109,18.96562,1,0.22817,0.88109,0.967,0.00391,1,1,participant_30,question_2,No-Timer,True,Answer_Area
0.0,0,41,1,0.23139,0.8578,0,0.8901,0.87593,0.02641,354,113.69402,1,0.24681,0.85062,-0.04158,0.07351,0.61409,0.31877,0.10777,20.31327,1,0.23812,0.83737,0.967,0.00412,1,1,0.01889,0.07353,0.63622,0.57323,0.12109,18.86927,1,0.22467,0.87824,0.97958,0.00394,1,1,participant_30,question_2,No-Timer,True,Answer_Area
0.0,0,41,1,0.23083,0.83888,0,0.8901,0.87593,0.03289,354,113.69402,1,0.24415,0.84866,-0.04158,0.07351,0.61409,0.31867,0.10781,20.26536,1,0.22927,0.83538,0.97958,0.00412,1,1,0.01889,0.07353,0.63622,0.57328,0.12111,19.01768,1,0.23238,0.84237,0.97958,0.00394,1,1,participant_30,question_2,No-Timer,True,Answer_Area
0.0,0,41,1,0.22664,0.8631,0,0.8901,0.87593,0.03987,354,113.69402,1,0.24165,0.85072,-0.04158,0.07351,0.61409,0.31865,0.10776,20.29685,1,0.22511,0.83488,0.97958,0.0041,1,1,0.01889,0.07353,0.63622,0.57322,0.12119,18.91135,1,0.22816,0.89131,0.97958,0.00387,1,1,participant_30,question_2,No-Timer,True,Answer_Area
0.0,0,41,1,0.22664,0.8631,0,0.8901,0.87593,0.0463,354,113.69402,1,0.23977,0.85227,-0.04158,0.07351,0.61409,0.31865,0.10776,20.29685,1,0.22511,0.83488,0.97958,0.0041,1,1,0.01889,0.07353,0.63622,0.57318,0.12121,18.98004,1,0.22816,0.89131,0.97958,0.0039,1,1,participant_30,question_2,No-Timer,True,Answer_Area
0.0,0,41,1,0.22455,0.81564,0,0.8901,0.87593,0.05301,354,113.69402,1,0.23808,0.8482,-0.04158,0.07351,0.61409,0.31847,0.10777,20.05129,1,0.22182,0.79154,0.97958,0.00413,1,1,0.01889,0.07353,0.63622,0.57312,0.12126,18.84433,1,0.22729,0.83974,0.97958,0.00391,1,1,participant_30,question_2,No-Timer,True,Answer_Area
0.0,0,41,1,0.21815,0.81319,0,0.8901,0.87593,0.05994,354,113.69402,1,0.23609,0.8447,-0.04158,0.07351,0.61409,0.31847,0.10778,19.79009,1,0.21045,0.78145,0.97958,0.00414,1,1,0.01889,0.07353,0.63622,0.57314,0.12119,18.78398,1,0.22586,0.84494,0.97958,0.00396,1,1,participant_30,question_2,No-Timer,True,Answer_Area
0.0,0,41,1,0.21603,0.81132,0,0.8901,0.87593,0.06659,354,113.69402,1,0.23426,0.84166,-0.04364,0.07701,0.6438,0.31841,0.10782,19.91018,1,0.20803,0.77943,0.9862,0.00411,1,1,0.01889,0.07353,0.63622,0.57314,0.12118,18.79351,1,0.22404,0.8432,0.9862,0.00395,1,1,participant_30,question_2,No-Timer,True,Answer_Area
0.0,0,41,1,0.22415,0.82034,0,0.8901,0.87593,0.07334,354,113.69402,1,0.23342,0.83989,-0.04364,0.07701,0.6438,0.31832,0.10792,20.20202,1,0.23658,0.79873,0.99282,0.00412,1,1,0.01889,0.07353,0.63622,0.5731,0.12118,18.45554,1,0.21172,0.84195,0.99282,0.004,1,1,participant_30,question_2,No-Timer,True,Answer_Area
0.0,0,41,1,0.22784,0.82586,0,0.8901,0.87593,0.0801,354,113.69402,1,0.23299,0.83881,-0.04364,0.07701,0.6438,0.31831,0.10787,20.20533,1,0.23548,0.79386,0.99944,0.00409,1,1,0.01889,0.07353,0.63622,0.57314,0.12134,18.39837,1,0.22021,0.85785,0.99944,0.00394,1,1,participant_30,question_2,No-Timer,True,Answer_Area
0.0,0,41,1,0.22673,0.82491,0,0.8901,0.87593,0.08649,354,113.69402,1,0.23254,0.83781,-0.04355,0.07681,0.64248,0.31833,0.10796,20.21793,1,0.23326,0.79197,1.00606,0.00411,1,1,0.01857,0.07208,0.62404,0.57326,0.12139,18.83399,1,0.22021,0.85785,0.99944,0.00391,1,1,participant_30,question_2,No-Timer,True,Answer_Area
0.0,0,41,1,0.22158,0.83036,0,0.8901,0.87593,0.09361,354,113.69402,1,0.23181,0.83732,-0.04355,0.07681,0.64248,0.31833,0.10803,20.24235,1,0.22818,0.80456,0.99944,0.00409,1,1,0.01857,0.07208,0.62404,0.57314,0.12151,18.49411,1,0.21498,0.85616,0.99282,0.00404,1,1,participant_30,question_2,No-Timer,True,Answer_Area
0.0,0,41,1,0.22762,0.83083,0,0.8901,0.87593,0.10053,354,113.69402,1,0.23155,0.83691,-0.04355,0.07681,0.64248,0.31831,0.10802,20.21411,1,0.233,0.80441,0.99282,0.0041,1,1,0.01857,0.07208,0.62404,0.57313,0.12152,18.49273,1,0.22223,0.85725,0.9862,0.00404,1,1,participant_30,question_2,No-Timer,True,Answer_Area
0.0,0,41,1,0.23253,0.83504,0,0.8901,0.87593,0.10686,354,113.69402,1,0.23161,0.8368,-0.04198,0.07397,0.6187,0.3183,0.10803,20.13167,1,0.2375,0.80807,0.97958,0.00409,1,1,0.01798,0.06951,0.60261,0.57316,0.12155,18.37286,1,0.22756,0.862,0.967,0.00405,1,1,participant_30,question_2,No-Timer,True,Answer_Area
0.0,0,41,1,0.2414,0.84644,0,0.8901,0.87593,0.11395,354,113.69402,1,0.23215,0.83734,-0.04198,0.07397,0.6187,0.31834,0.10808,19.99719,1,0.24384,0.81593,0.96038,0.00409,1,1,0.01798,0.06951,0.60261,0.57325,0.1215,18.56874,1,0.23897,0.87695,0.95443,0.00391,1,1,participant_30,question_2,No-Timer,True,Answer_Area
0.0,0,41,1,0.24396,0.85035,0,0.8901,0.87593,0.12018,354,113.69402,1,0.23277,0.83802,-0.04198,0.07397,0.6187,0.31835,0.10814,20.00332,1,0.24734,0.82311,0.94781,0.00406,1,1,0.01798,0.06951,0.60261,0.57324,0.12151,18.32273,1,0.24057,0.87759,0.94185,0.00393,1,1,participant_30,question_2,No-Timer,True,Answer_Area
0.0,0,41,1,0.24782,0.85353,0,0.8901,0.87593,0.12669,354,113.69402,1,0.23353,0.8388,-0.04198,0.07397,0.6187,0.31835,0.10814,20.00332,1,0.25163,0.82649,0.93523,0.00406,1,1,0.01798,0.06951,0.60261,0.57324,0.12151,18.32273,1,0.244,0.88057,0.92927,0.00393,1,1,participant_30,question_2,No-Timer,True,Answer_Area
0.0,0,41,1,0.2347,0.85038,0,0.8901,0.87593,0.1336,354,113.69402,1,0.23358,0.83935,-0.04198,0.07397,0.6187,0.31819,0.10807,20.09946,1,0.24024,0.82987,0.92927,0.0041,1,1,0.01798,0.06951,0.60261,0.5731,0.12156,18.99475,1,0.22916,0.8709,0.92927,0.00384,1,1,participant_30,question_2,No-Timer,True,Answer_Area
0.0,0,41,1,0.23154,0.83647,0,0.8901,0.87593,0.14037,354,113.69402,1,0.23349,0.83922,-0.04198,0.07397,0.6187,0.31793,0.10795,20.41428,1,0.23815,0.8087,0.92927,0.00403,1,1,0.01798,0.06951,0.60261,0.57285,0.12127,18.70135,1,0.22494,0.86423,0.92927,0.00387,1,1,participant_30,question_2,No-Timer,True,Answer_Area
0.0,0,41,1,0.22971,0.83486,0,0.8901,0.87593,0.147,354,113.69402,1,0.23333,0.83903,-0.04198,0.07397,0.6187,0.31778,0.10781,20.09044,1,0.23815,0.8087,0.92927,0.00407,1,1,0.01904,0.07395,0.6411,0.57278,0.1214,19.00679,1,0.22127,0.86102,0.94185,0.00387,1,1,participant_30,question_2,No-Timer,True,Answer_Area
0.0,0,41,1,0.22781,0.83411,0,0.8901,0.87593,0.15375,354,113.69402,1,0.2331,0.83882,-0.04198,0.07397,0.6187,0.31776,0.10794,20.15731,1,0.23716,0.80496,0.94185,0.00405,1,1,0.01904,0.07395,0.6411,0.57278,0.1214,19.00679,1,0.21846,0.86326,0.95443,0.00387,1,1,participant_30,question_2,No-Timer,True,Answer_Area
0.0,0,41,1,0.21342,0.82969,0,0.8901,0.87593,0.16016,354,113.69402,1,0.23231,0.83846,-0.04198,0.07397,0.6187,0.31779,0.10785,20.12058,1,0.2334,0.80169,0.95443,0.00405,1,1,0.01904,0.07395,0.6411,0.57273,0.12138,18.78291,1,0.19344,0.85769,0.967,0.00389,1,1,participant_30,question_2,No-Timer,True,Answer_Area
0.0,0,41,1,0.21027,0.82711,0,0.8901,0.87593,0.16708,354,113.69402,1,0.23146,0.83802,-0.04198,0.07397,0.6187,0.31779,0.10785,20.12058,1,0.22896,0.79804,0.967,0.00405,1,1,0.01857,0.07198,0.62403,0.57278,0.12133,18.80983,1,0.19158,0.85619,0.97296,0.00388,1,1,participant_30,question_2,No-Timer,True,Answer_Area
0.0,0,41,1,0.2217,0.82893,0,0.8901,0.87593,0.17388,354,113.69402,1,0.2311,0.83769,-0.04198,0.07397,0.6187,0.31781,0.10784,20.19608,1,0.23448,0.79333,0.97296,0.00404,1,1,0.01857,0.07198,0.62403,0.5729,0.12133,18.41713,1,0.20892,0.86454,0.96634,0.0039,1,1,participant_30,question_2,No-Timer,True,Answer_Area
0.0,0,41,1,0.2089,0.83373,0,0.8901,0.87593,0.1805,354,113.69402,1,0.23031,0.83754,-0.04198,0.07397,0.6187,0.31787,0.10777,20.11574,1,0.2064,0.79416,0.96634,0.00407,1,1,0.01857,0.07198,0.62403,0.57295,0.12147,18.62425,1,0.21139,0.8733,0.95972,0.00386,1,1,participant_30,question_2,No-Timer,True,Answer_Area
0.0,0,41,1,0.20978,0.83444,0,0.8901,0.87593,0.18697,354,113.69402,1,0.2296,0.83744,-0.04355,0.07681,0.64248,0.31796,0.1078,20.15784,1,0.2064,0.79416,0.96634,0.00405,1,1,0.01798,0.06951,0.60261,0.57304,0.12146,18.94978,1,0.21316,0.87472,0.95376,0.00383,1,1,participant_30,question_2,No-Timer,True,Answer_Area
0.0,0,41,1,0.22364,0.8289,0,0.8901,0.87593,0.19395,354,113.69402,1,0.2294,0.83715,-0.04355,0.07681,0.64248,0.31801,0.10779,20.06675,1,0.21964,0.7907,0.96038,0.00402,1,1,0.01798,0.06951,0.60261,0.5731,0.12156,19.01371,1,0.22765,0.8671,0.95443,0.00383,1,1,participant_30,question_2,No-Timer,True,Answer_Area
0.0,0,41,1,0.22193,0.8295,0,0.8901,0.87593,0.20058,354,113.69402,1,0.22916,0.83691,-0.04355,0.07681,0.64248,0.31805,0.10772,20.17682,1,0.21915,0.78335,0.96105,0.00405,1,1,0.01798,0.06951,0.60261,0.57316,0.12154,18.90809,1,0.22472,0.87565,0.95509,0.00386,1,1,participant_30,question_2,No-Timer,True,Answer_Area
0.0,0,41,1,0.22087,0.82862,0,0.8901,0.87593,0.20705,354,113.69402,1,0.2289,0.83665,-0.04364,0.07701,0.6438,0.31803,0.10768,20.18559,1,0.21891,0.78314,0.96171,0.00407,1,1,0.01844,0.07113,0.61627,0.5732,0.12142,18.93097,1,0.22283,0.87409,0.96171,0.00385,1,1,participant_30,question_2,No-Timer,True,Answer_Area
0.0,0,41,1,0.20964,0.81831,0,0.8901,0.87593,0.21404,354,113.69402,1,0.22832,0.83609,-0.04364,0.07701,0.6438,0.31809,0.10767,20.00138,1,0.19193,0.76931,0.96171,0.00406,1,1,0.01844,0.07113,0.61627,0.57327,0.12137,18.77376,1,0.22735,0.86731,0.96767,0.00384,1,1,participant_30,question_2,No-Timer,True,Answer_Area
0.0,0,41,1,0.1991,0.84146,0,0.8901,0.87593,0.22104,354,113.69402,1,0.22746,0.83625,-0.04364,0.07701,0.6438,0.31817,0.10768,20.09685,1,0.19443,0.82869,0.96767,0.00399,1,1,0.01844,0.07113,0.61627,0.57336,0.12138,18.95422,1,0.20378,0.85423,0.97362,0.00386,1,1,participant_30,question_2,No-Timer,True,Answer_Area
0.0,0,41,1,0.19834,0.84078,0,0.8901,0.87593,0.22736,354,113.69402,1,0.22663,0.83638,-0.04158,0.07341,0.61409,0.31815,0.10766,20.07613,1,0.19468,0.82886,0.967,0.00398,1,1,0.01925,0.07405,0.64195,0.57337,0.12146,18.97999,1,0.202,0.85271,0.97958,0.00382,1,1,participant_30,question_2,No-Timer,True,Answer_Area
0.0,0,41,1,0.20647,0.81761,0,0.8901,0.87593,0.23412,354,113.69402,1,0.22607,0.83586,-0.04158,0.07341,0.61409,0.3182,0.10767,20.1086,1,0.20209,0.77349,0.97296,0.00398,1,1,0.01925,0.07405,0.64195,0.57345,0.1214,18.55779,1,0.21085,0.86174,0.97958,0.0039,1,1,participant_30,question_2,No-Timer,True,Answer_Area
0.0,0,41,1,0.21022,0.81633,0,0.8901,0.87593,0.24088,354,113.69402,1,0.22564,0.83533,-0.04158,0.07341,0.61409,0.31827,0.10768,19.95411,1,0.2068,0.77755,0.97296,0.00401,1,1,0.01925,0.07405,0.64195,0.57345,0.1214,18.55779,1,0.21364,0.85511,0.97958,0.0039,1,1,participant_30,question_2,No-Timer,True,Answer_Area
0.0,0,41,1,0.21022,0.81633,0,0.8901,0.87593,0.24747,354,113.69402,1,0.22523,0.83483,-0.04158,0.07341,0.61409,0.31827,0.10766,19.96492,1,0.2068,0.77755,0.97296,0.004,1,1,0.01925,0.07405,0.64195,0.57345,0.1214,18.55779,1,0.21364,0.85511,0.97958,0.0039,1,1,participant_30,question_2,No-Timer,True,Answer_Area
0.0,0,41,1,0.19985,0.83561,0,0.8901,0.87593,0.25433,354,113.69402,1,0.22458,0.83485,-0.04158,0.07341,0.61409,0.31837,0.10768,19.92877,1,0.21149,0.81788,0.97958,0.00398,1,1,0.01925,0.07405,0.64195,0.57352,0.12144,18.7705,1,0.18822,0.85333,0.97958,0.00387,1,1,participant_30,question_2,No-Timer,True,Answer_Area
0.0,0,41,1,0.20133,0.83612,0,0.8901,0.87593,0.26086,354,113.69402,1,0.224,0.83488,-0.04158,0.07341,0.61409,0.31842,0.10766,20.03761,1,0.21213,0.81578,0.97958,0.00402,1,1,0.01925,0.07405,0.64195,0.57355,0.12141,18.77498,1,0.19053,0.85645,0.97958,0.00385,1,1,participant_30,question_2,No-Timer,True,Answer_Area
0.0,0,41,1,0.20437,0.83849,0,0.8901,0.87593,0.26735,354,113.69402,1,0.22352,0.83497,-0.18064,0.32611,2.72781,0.31846,0.10767,20.20432,1,0.21431,0.81738,0.97362,0.004,0,1,0.01862,0.07143,0.61926,0.57361,0.12138,18.65367,1,0.19444,0.8596,0.967,0.00385,1,1,participant_30,question_2,No-Timer,True,Answer_Area
0.0,0,41,1,0.21388,0.84953,0,0.8901,0.87593,0.27405,354,113.69402,1,0.22329,0.83532,-0.18064,0.32611,2.72781,0.31853,0.10773,20.12206,1,0.21469,0.81031,0.96105,0.00403,0,1,0.01862,0.07143,0.61926,0.57367,0.12148,18.53373,1,0.21307,0.88874,0.95443,0.00382,1,1,participant_30,question_2,No-Timer,True,Answer_Area
0.0,0,41,1,0.22592,0.85852,0,0.8901,0.87593,0.28115,354,113.69402,1,0.22335,0.83586,-0.18064,0.32611,2.72781,0.3185,0.10776,19.96717,1,0.22988,0.8306,0.94847,0.00405,0,1,0.01862,0.07143,0.61926,0.57371,0.1214,18.41426,1,0.22195,0.88644,0.94185,0.00384,1,1,participant_30,question_2,No-Timer,True,Answer_Area
0.0,0,41,1,0.22894,0.86081,0,0.8901,0.87593,0.2877,354,113.69402,1,0.22348,0.83642,-0.0421,0.0745,0.62315,0.3185,0.10775,20.076,1,0.23226,0.83233,0.94185,0.00401,1,1,0.01819,0.06961,0.60347,0.57372,0.12151,18.59374,1,0.22562,0.8893,0.92927,0.00381,1,1,participant_30,question_2,No-Timer,True,Answer_Area
0.0,0,41,1,0.23609,0.84031,0,0.8901,0.87593,0.29435,354,113.69402,1,0.22376,0.83651,-0.0421,0.0745,0.62315,0.31863,0.10777,19.97905,1,0.24215,0.83716,0.93523,0.004,1,1,0.01819,0.06961,0.60347,0.57383,0.12161,18.57131,1,0.23002,0.84347,0.92927,0.00383,1,1,participant_30,question_2,No-Timer,True,Answer_Area
0.0,0,41,1,0.22724,0.81869,0,0.8901,0.87593,0.30104,354,113.69402,1,0.22384,0.83612,-0.0421,0.0745,0.62315,0.31865,0.10772,19.98494,1,0.22056,0.79108,0.93523,0.004,1,1,0.01819,0.06961,0.60347,0.57383,0.12159,18.40185,1,0.23391,0.8463,0.92927,0.00379,1,1,participant_30,question_2,No-Timer,True,Answer_Area
0.0,0,41,1,0.22507,0.81676,0,0.8901,0.87593,0.30754,354,113.69402,1,0.22386,0.83571,-0.04287,0.07595,0.63534,0.31871,0.1078,19.89689,1,0.21809,0.78904,0.94185,0.00397,1,1,0.01819,0.06961,0.60347,0.57394,0.12167,18.81194,1,0.23205,0.84448,0.93589,0.00378,1,1,participant_30,question_2,No-Timer,True,Answer_Area
0.0,0,41,1,0.23103,0.84805,0,0.8901,0.87593,0.31422,354,113.69402,1,0.22401,0.83597,-0.04287,0.07595,0.63534,0.31883,0.10779,19.95592,1,0.22501,0.79077,0.94251,0.00398,1,1,0.01819,0.06961,0.60347,0.57396,0.12167,18.7716,1,0.23706,0.90533,0.94251,0.00378,1,1,participant_30,question_2,No-Timer,True,Answer_Area
0.0,0,41,1,0.23149,0.8255,0,0.8901,0.87593,0.32124,354,113.69402,1,0.22346,0.83591,-0.04287,0.07595,0.63534,0.31893,0.10768,19.97948,1,0.2234,0.78839,0.94913,0.00398,1,1,0.01819,0.06961,0.60347,0.57405,0.12177,18.50317,1,0.23957,0.8626,0.94913,0.0038,1,1,participant_30,question_2,No-Timer,True,Answer_Area
0.0,0,41,1,0.22978,0.82392,0,0.8901,0.87593,0.3279,354,113.69402,1,0.22281,0.83546,-0.04144,0.07351,0.61487,0.31893,0.10765,20.00534,1,0.2234,0.78839,0.94913,0.00396,1,1,0.0195,0.07425,0.64369,0.57407,0.12179,18.43669,1,0.23617,0.85944,0.96171,0.00379,1,1,participant_30,question_2,No-Timer,True,Answer_Area
0.0,0,41,1,0.21803,0.8336,0,0.8901,0.87593,0.33434,354,113.69402,1,0.22218,0.8349,-0.04144,0.07351,0.61487,0.31897,0.10763,19.9691,1,0.20889,0.78155,0.95509,0.00398,1,1,0.0195,0.07425,0.64369,0.57408,0.12177,18.38189,1,0.22717,0.88565,0.96767,0.00381,1,1,participant_30,question_2,No-Timer,True,Answer_Area
0.0,0,41,1,0.2014,0.80275,0,0.8901,0.87593,0.34137,354,113.69402,1,0.22147,0.83369,-0.04144,0.07351,0.61487,0.31873,0.10708,20.0017,1,0.20308,0.79926,0.96105,0.00397,1,1,0.0195,0.07425,0.64369,0.57372,0.12103,18.66391,1,0.19971,0.80623,0.97362,0.00387,1,1,participant_30,question_2,No-Timer,True,Answer_Area
0.0,0,41,1,0.1981,0.8,0,0.8901,0.87593,0.34844,354,113.69402,1,0.22078,0.83248,-0.04287,0.07614,0.63534,0.31864,0.10669,20.14464,1,0.1983,0.79559,0.97362,0.00404,1,1,0.01862,0.07162,0.61926,0.57342,0.1205,18.62717,1,0.19791,0.80441,0.97958,0.00386,1,1,participant_30,question_2,No-Timer,True,Answer_Area
0.0,0,41,1,0.16748,0.58989,0,0.8901,0.87593,0.35507,354,113.69402,1,0.21946,0.82729,-0.04287,0.07614,0.63534,0.3182,0.1043,20.02156,1,0.14986,0.54956,0.9862,0.00398,1,1,0.01862,0.07162,0.61926,0.57273,0.11845,19.60067,1,0.18509,0.63022,0.97958,0.00385,1,1,participant_30,question_2,No-Timer,True,Answer_Area
0.0,0,41,1,0.17179,0.57141,0,0.8901,0.87593,0.35507,354,113.69402,0,0.21387,0.78597,-0.04287,0.07614,0.63534,0.31822,0.10399,19.94212,1,0.15354,0.55291,0.9862,0.00397,1,1,0.01862,0.07162,0.61926,0.5727,0.11793,19.49846,1,0.19005,0.58992,0.97958,0.00385,1,1,participant_30,question_2,No-Timer,True,Answer_Area
0.0,0,41,1,0.17268,0.573,0,0.8901,0.87593,0.35507,354,113.69402,0,0.19327,0.67949,-0.04287,0.07634,0.63534,0.31831,0.10361,19.98718,1,0.15354,0.55291,0.9862,0.00396,1,1,0.01798,0.06987,0.60261,0.57272,0.11756,19.54051,1,0.19182,0.59308,0.97362,0.00388,1,1,participant_30,question_2,No-Timer,True,Answer_Area
0.0,0,41,1,0.19589,0.59732,0,0.8901,0.87593,0.35507,354,113.69402,0,0.19415,0.6521,-0.04287,0.07634,0.63534,0.31841,0.10366,20.05542,1,0.1737,0.56838,0.97362,0.00393,1,1,0.01798,0.06987,0.60261,0.57297,0.11748,19.46576,1,0.21808,0.62625,0.96767,0.00391,1,1,participant_30,question_2,No-Timer,True,Answer_Area
0.0,0,41,1,0.18195,0.5947,0,0.8901,0.87593,0.35507,354,113.69402,0,0.18351,0.58834,-0.04287,0.07634,0.63534,0.31832,0.10362,20.09148,1,0.16905,0.56626,0.96767,0.0039,1,1,0.01798,0.06987,0.60261,0.57297,0.11748,19.46576,1,0.19486,0.62313,0.96171,0.0039,1,1,participant_30,question_2,No-Timer,True,Answer_Area
0.0,0,41,1,0.18316,0.5963,0,0.8901,0.87593,0.35507,354,113.69402,0,0.18333,0.59232,-0.04287,0.07634,0.63534,0.31831,0.1036,20.10342,1,0.17146,0.56946,0.96171,0.0039,1,1,0.01862,0.0718,0.61926,0.5731,0.11736,19.44301,1,0.19486,0.62313,0.96171,0.00388,1,1,participant_30,question_2,No-Timer,True,Answer_Area
0.0,0,41,1,0.17703,0.57993,0,0.8901,0.87593,0.35507,354,113.69402,0,0.18123,0.58819,-0.04287,0.07634,0.63534,0.31834,0.10348,19.95892,1,0.1695,0.55084,0.96171,0.0039,1,1,0.01862,0.0718,0.61926,0.57328,0.11733,19.67332,1,0.18456,0.60902,0.96767,0.00386,1,1,participant_30,question_2,No-Timer,True,Answer_Area
0.0,0,41,1,0.17991,0.56876,0,0.8901,0.87593,0.01965,355,114.07589,1,0.1809,0.58333,-0.04287,0.07634,0.63534,0.31833,0.10345,20.02376,1,0.1729,0.53667,0.96767,0.00392,1,1,0.01862,0.0718,0.61926,0.57333,0.11728,19.58726,1,0.18692,0.60086,0.97362,0.00382,1,1,participant_30,question_2,No-Timer,True,Answer_Area
0.0,0,41,1,0.17871,0.56707,0,0.8901,0.87593,0.02614,355,114.07589,1,0.18046,0.58008,-0.04287,0.07634,0.63534,0.31838,0.10342,20.02432,1,0.17051,0.53328,0.97362,0.00395,1,1,0.01819,0.06997,0.60347,0.57341,0.11718,19.48015,1,0.18692,0.60086,0.97362,0.0038,1,1,participant_30,question_2,No-Timer,True,Answer_Area
0.0,0,41,1,0.18884,0.58046,0,0.8901,0.87593,0.03305,355,114.07589,1,0.18186,0.58014,-0.04287,0.07634,0.63534,0.31846,0.10325,19.8418,1,0.17282,0.57832,0.97362,0.00395,1,1,0.01819,0.06997,0.60347,0.57351,0.11716,19.54807,1,0.20485,0.5826,0.96767,0.00381,1,1,participant_30,question_2,No-Timer,True,Answer_Area
0.0,0,41,1,0.17705,0.60115,0,0.8901,0.87593,0.04007,355,114.07589,1,0.18117,0.58314,-0.04287,0.07634,0.63534,0.31839,0.10318,19.80751,1,0.1481,0.57791,0.96767,0.00392,1,1,0.01819,0.06997,0.60347,0.57356,0.11712,19.54357,1,0.20601,0.6244,0.96171,0.0038,1,1,participant_30,question_2,No-Timer,True,Answer_Area
0.0,0,41,1,0.17974,0.60446,0,0.8901,0.87593,0.04658,355,114.07589,1,0.18099,0.58581,-0.04144,0.07397,0.61487,0.31849,0.10313,19.74106,1,0.15347,0.58453,0.95509,0.00393,1,1,0.0195,0.07464,0.64369,0.57369,0.11697,19.46525,1,0.20601,0.6244,0.96171,0.00379,1,1,participant_30,question_2,No-Timer,True,Answer_Area
0.0,0,41,1,0.18294,0.59363,0,0.8901,0.87593,0.05365,355,114.07589,1,0.18121,0.58668,-0.04144,0.07397,0.61487,0.31849,0.10313,19.74106,1,0.15725,0.57665,0.95509,0.00393,1,1,0.0195,0.07464,0.64369,0.57372,0.117,19.57776,1,0.20863,0.61061,0.96767,0.00378,1,1,participant_30,question_2,No-Timer,True,Answer_Area
0.0,0,41,1,0.18323,0.58952,0,0.8901,0.87593,0.06011,355,114.07589,1,0.18141,0.58696,-0.04144,0.07397,0.61487,0.31849,0.10313,19.74106,1,0.16333,0.5715,0.96105,0.00393,1,1,0.0195,0.07464,0.64369,0.57381,0.11696,19.4283,1,0.20312,0.60754,0.97362,0.00379,1,1,participant_30,question_2,No-Timer,True,Answer_Area
0.0,0,41,1,0.18209,0.58809,0,0.8901,0.87593,0.0668,355,114.07589,1,0.18147,0.58707,-0.04144,0.07397,0.61487,0.31849,0.10313,19.74106,1,0.16086,0.5683,0.967,0.00393,1,1,0.01875,0.07158,0.61735,0.57384,0.11699,19.48892,1,0.20331,0.60788,0.97296,0.00376,1,1,participant_30,question_2,No-Timer,True,Answer_Area
0.0,0,41,1,0.16049,0.59068,0,0.8901,0.87593,0.07324,355,114.07589,1,0.17972,0.58737,-0.04144,0.07397,0.61487,0.31856,0.10318,19.85118,1,0.1554,0.56698,0.97296,0.00386,1,1,0.01875,0.07158,0.61735,0.5739,0.11696,19.38337,1,0.16558,0.61439,0.96634,0.00381,1,1,participant_30,question_2,No-Timer,True,Answer_Area
0.0,0,41,1,0.17076,0.60419,0,0.8901,0.87593,0.08029,355,114.07589,1,0.17903,0.58866,-0.04144,0.07397,0.61487,0.31856,0.10318,19.85118,1,0.16398,0.57976,0.96634,0.00386,1,1,0.01875,0.07158,0.61735,0.57394,0.11696,19.35396,1,0.17754,0.62863,0.95972,0.00378,1,1,participant_30,question_2,No-Timer,True,Answer_Area
0.0,0,41,1,0.17318,0.60759,0,0.8901,0.87593,0.08675,355,114.07589,1,0.17862,0.59001,-0.04144,0.07397,0.61487,0.31856,0.10318,19.85118,1,0.16671,0.58323,0.95972,0.00386,1,1,0.01875,0.07158,0.61735,0.57398,0.11696,19.28141,1,0.17965,0.63194,0.9531,0.00377,1,1,participant_30,question_2,No-Timer,True,Answer_Area
0.0,0,41,1,0.17204,0.59595,0,0.8901,0.87593,0.09383,355,114.07589,1,0.17818,0.59041,-0.04144,0.07397,0.61487,0.31861,0.10317,19.50728,1,0.16427,0.56621,0.9531,0.0039,1,1,0.01875,0.07158,0.61735,0.57407,0.11707,19.22711,1,0.17982,0.62568,0.9531,0.00376,1,1,participant_30,question_2,No-Timer,True,Answer_Area
0.0,0,41,1,0.18155,0.58271,0,0.8901,0.87593,0.10048,355,114.07589,1,0.17839,0.58993,-0.04144,0.07397,0.61487,0.31867,0.10301,19.6804,1,0.16954,0.54852,0.9531,0.00386,1,1,0.01875,0.07158,0.61735,0.57412,0.11693,19.18598,1,0.19357,0.61691,0.9531,0.00375,1,1,participant_30,question_2,No-Timer,True,Answer_Area
0.0,0,41,1,0.17919,0.57913,0,0.8901,0.87593,0.10691,355,114.07589,1,0.17844,0.58929,-0.04325,0.07755,0.64385,0.31877,0.10275,19.63885,1,0.16682,0.54477,0.95972,0.00385,1,1,0.01888,0.07193,0.61871,0.57433,0.11676,19.1059,1,0.19155,0.61349,0.95972,0.00374,1,1,participant_30,question_2,No-Timer,True,Answer_Area
0.0,0,41,1,0.23362,0.43928,0,0.8901,0.87593,0.11343,355,114.07589,1,0.1815,0.58096,-0.04325,0.07755,0.64385,0.32063,0.10045,18.97764,1,0.20735,0.4165,0.96634,0.00388,1,1,0.01888,0.07193,0.61871,0.57579,0.1137,17.81463,1,0.25989,0.46207,0.96634,0.00388,1,1,participant_30,question_2,No-Timer,True,Question
0.0,0,41,1,0.29613,0.26852,0,0.8901,0.87593,0.11993,355,114.07589,1,0.18753,0.56451,-0.04325,0.07755,0.64385,0.32235,0.09876,19.49864,1,0.27117,0.25644,0.97296,0.00384,1,1,0.01888,0.07193,0.61871,0.5768,0.11222,18.69201,1,0.32108,0.28059,0.97296,0.00384,1,1,participant_30,question_2,No-Timer,True,Question
0.0,0,41,1,0.2975,0.27361,0,0.8901,0.87593,0.11993,355,114.07589,0,0.20106,0.52608,-0.17694,0.33093,2.7338,0.3231,0.09779,19.53688,1,0.27293,0.26155,0.967,0.00394,0,1,0.01906,0.07198,0.61561,0.57734,0.11111,18.84705,1,0.32207,0.28567,0.967,0.00385,1,1,participant_30,question_2,No-Timer,True,Question
0.0,0,41,1,0.37943,0.07574,0,0.8901,0.87593,0.11993,355,114.07589,0,0.29025,0.30091,-0.17694,0.33093,2.7338,0.32577,0.09512,19.47195,1,0.36236,0.02066,0.95443,0.00408,0,1,0.01906,0.07198,0.61561,0.57944,0.10841,18.45733,1,0.3965,0.13083,0.95443,0.00387,1,1,participant_30,question_2,No-Timer,True,Question
0.0,0,41,1,0.43108,0.05916,0,0.8901,0.87593,0.11993,355,114.07589,0,0.33719,0.22033,-0.17694,0.33093,2.7338,0.32728,0.09424,19.84359,1,0.41608,0.06303,0.94185,0.00406,0,1,0.01906,0.07198,0.61561,0.58103,0.10822,18.5006,1,0.44609,0.05529,0.94185,0.00424,1,1,participant_30,question_2,No-Timer,True,Question
0.0,0,41,1,0.43178,0.06642,0,0.8901,0.87593,0.11993,355,114.07589,0,0.4141,0.06711,-0.04057,0.07538,0.62117,0.3277,0.09412,19.58576,1,0.41713,0.07019,0.93523,0.00421,1,1,0.01984,0.07315,0.62278,0.58169,0.10761,18.06948,1,0.44642,0.06265,0.93523,0.00425,1,1,participant_30,question_2,No-Timer,True,Question
0.0,0,41,1,0.45504,0.07994,0,0.8901,0.87593,0.11993,355,114.07589,0,0.43457,0.07352,-0.04057,0.07538,0.62117,0.32892,0.09414,19.60933,1,0.44392,0.07917,0.94119,0.00415,1,1,0.01984,0.07315,0.62278,0.5825,0.10703,18.17852,1,0.46615,0.08071,0.94119,0.0041,1,1,participant_30,question_2,No-Timer,True,Question
0.0,0,41,1,0.46012,0.04702,0,0.8901,0.87593,0.11993,355,114.07589,0,0.44309,0.06469,-0.04057,0.07538,0.62117,0.32866,0.09416,20.01434,1,0.45148,0.07517,0.94715,0.00424,1,1,0.01984,0.07315,0.62278,0.58256,0.10676,18.0783,1,0.46877,0.01887,0.94715,0.00401,1,1,participant_30,question_2,No-Timer,True,Question
0.0,0,41,1,0.45966,0.04046,0,0.8901,0.87593,0.01968,356,114.22301,1,0.44723,0.05863,-0.04057,0.07538,0.62117,0.32865,0.09411,20.03813,1,0.45074,0.06886,0.9531,0.00421,1,1,0.02002,0.07309,0.6223,0.58288,0.10654,18.44813,1,0.46859,0.01207,0.9531,0.00407,1,1,participant_30,question_2,No-Timer,True,Question
0.0,0,41,1,0.48595,0.02457,0,0.8901,0.87593,0.02661,356,114.22301,1,0.45498,0.05182,-0.04057,0.07538,0.62117,0.32866,0.09397,19.81995,1,0.47985,0.05364,0.9531,0.00419,1,1,0.02002,0.07309,0.6223,0.58313,0.10665,18.41143,1,0.49205,-0.0045,0.9531,0.00409,1,1,participant_30,question_2,No-Timer,True,Other
0.0,0,41,1,0.48701,0.03192,0,0.8901,0.87593,0.03332,356,114.22301,1,0.46031,0.0485,-0.04057,0.07538,0.62117,0.32857,0.094,19.65948,1,0.47672,0.0595,0.9531,0.00415,1,1,0.02002,0.07309,0.6223,0.58326,0.10667,18.29365,1,0.4973,0.00434,0.9531,0.00411,1,1,participant_30,question_2,No-Timer,True,Question
0.0,0,41,1,0.48703,0.03533,0,0.8901,0.87593,0.04014,356,114.22301,1,0.46413,0.04662,-0.04057,0.07538,0.62117,0.32863,0.09391,19.48356,1,0.47672,0.0595,0.9531,0.00415,1,1,0.01943,0.07079,0.60273,0.58323,0.10664,18.00801,1,0.49733,0.01117,0.94715,0.00412,1,1,participant_30,question_2,No-Timer,True,Question
0.0,0,41,1,0.48154,0.05195,0,0.8901,0.87593,0.04698,356,114.22301,1,0.46631,0.04729,-0.04057,0.07538,0.62117,0.32863,0.09365,19.59113,1,0.47166,0.05312,0.94715,0.00402,1,1,0.01943,0.07079,0.60273,0.58347,0.10646,18.11543,1,0.49142,0.05078,0.94119,0.0043,1,1,participant_30,question_2,No-Timer,True,Question
0.0,0,41,1,0.45979,0.06518,0,0.8901,0.87593,0.05389,356,114.22301,1,0.46558,0.04927,-0.04057,0.07538,0.62117,0.32861,0.09367,19.68493,1,0.44978,0.0439,0.94119,0.00402,1,1,0.01943,0.07079,0.60273,0.58351,0.10656,18.34258,1,0.46981,0.08645,0.93523,0.00427,1,1,participant_30,question_2,No-Timer,True,Question
0.0,0,41,1,0.46007,0.06487,0,0.8901,0.87593,0.0602,356,114.22301,1,0.46503,0.05083,-0.04063,0.07563,0.62209,0.32854,0.09349,19.74255,1,0.45053,0.05046,0.93523,0.00398,1,1,0.02062,0.07481,0.63652,0.58377,0.10656,18.19532,1,0.46961,0.07927,0.94185,0.00428,1,1,participant_30,question_2,No-Timer,True,Question
0.0,0,41,1,0.47816,0.06297,0,0.8901,0.87593,0.0668,356,114.22301,1,0.46623,0.05194,-0.04063,0.07563,0.62209,0.32855,0.09339,19.53286,1,0.47429,0.06434,0.94185,0.00414,1,1,0.02062,0.07481,0.63652,0.58401,0.1067,18.38972,1,0.48203,0.0616,0.95443,0.00414,1,1,participant_30,question_2,No-Timer,True,Question
0.0,0,41,1,0.47835,0.03019,0,0.8901,0.87593,0.0733,356,114.22301,1,0.46724,0.05013,-0.04063,0.07563,0.62209,0.3285,0.09331,19.62455,1,0.46861,0.03631,0.95443,0.00407,1,1,0.02062,0.07481,0.63652,0.58404,0.10665,18.30075,1,0.4881,0.02408,0.967,0.00415,1,1,participant_30,question_2,No-Timer,True,Question
0.0,0,41,1,0.47764,0.02002,0,0.8901,0.87593,0.08069,356,114.22301,1,0.46804,0.04781,-0.04082,0.07603,0.62503,0.32863,0.09325,19.73248,1,0.46726,0.02258,0.967,0.00405,1,1,0.02016,0.07308,0.62101,0.58405,0.10663,18.01158,1,0.48802,0.01746,0.97296,0.00422,1,1,participant_30,question_2,No-Timer,True,Other
0.0,0,41,1,0.47356,0.01904,0,0.8901,0.87593,0.08703,356,114.22301,1,0.46843,0.04576,-0.04082,0.07603,0.62503,0.32859,0.09296,19.3638,1,0.47545,0.03188,0.97296,0.00413,1,1,0.02016,0.07308,0.62101,0.58398,0.10653,18.47642,1,0.47168,0.00621,0.96634,0.00425,1,1,participant_30,question_2,No-Timer,True,Other
0.0,0,41,1,0.47586,0.01949,0,0.8901,0.87593,0.09366,356,114.22301,1,0.46893,0.044,-0.04082,0.07603,0.62503,0.32857,0.09294,19.3117,1,0.4736,0.03087,0.96634,0.00414,1,1,0.02016,0.07308,0.62101,0.58401,0.10601,18.51094,1,0.47812,0.0081,0.95972,0.00408,1,1,participant_30,question_2,No-Timer,True,Other
0.0,0,41,1,0.47633,0.03022,0,0.8901,0.87593,0.10061,356,114.22301,1,0.46939,0.04314,-0.041,0.07643,0.62786,0.32856,0.0929,19.27054,1,0.47427,0.03804,0.95972,0.00416,1,1,0.01984,0.07179,0.6097,0.58413,0.10563,18.10173,1,0.4784,0.0224,0.94715,0.0041,1,1,participant_30,question_2,No-Timer,True,Question
0.0,0,41,1,0.47355,0.0317,0,0.8901,0.87593,0.10715,356,114.22301,1,0.46963,0.04247,-0.041,0.07643,0.62786,0.32852,0.09241,19.66262,1,0.46867,0.01933,0.94715,0.0041,1,1,0.01984,0.07179,0.6097,0.58408,0.10579,17.83532,1,0.47843,0.04406,0.94119,0.00418,1,1,participant_30,question_2,No-Timer,True,Question
0.0,0,41,1,0.47718,0.06617,0,0.8901,0.87593,0.11389,356,114.22301,1,0.47005,0.04379,-0.041,0.07643,0.62786,0.32838,0.09246,19.79358,1,0.46707,0.04805,0.94119,0.00407,1,1,0.01984,0.07179,0.6097,0.58406,0.10576,18.14868,1,0.48728,0.08428,0.93523,0.0043,1,1,participant_30,question_2,No-Timer,True,Question
0.0,0,41,1,0.47709,0.06222,0,0.8901,0.87593,0.12058,356,114.22301,1,0.47042,0.04476,-0.0415,0.0774,0.63467,0.32838,0.0923,19.31563,1,0.467,0.04733,0.94185,0.00407,1,1,0.02052,0.07423,0.62917,0.58403,0.10581,18.25676,1,0.48718,0.07711,0.94185,0.00416,1,1,participant_30,question_2,No-Timer,True,Question
0.0,0,41,1,0.47763,-0.0034,0,0.8901,0.87593,0.1272,356,114.22301,1,0.47078,0.04235,-0.0415,0.0774,0.63467,0.32851,0.09181,19.72814,1,0.46807,0.00641,0.94847,0.00416,1,1,0.02052,0.07423,0.62917,0.58402,0.10495,17.73928,1,0.48719,-0.0132,0.95443,0.00431,1,1,participant_30,question_2,No-Timer,True,Other
0.0,0,41,1,0.47499,-0.07868,0,0.8901,0.87593,0.1338,356,114.22301,1,0.47098,0.03659,-0.0415,0.0774,0.63467,0.32901,0.0915,19.16316,1,0.46196,-0.05835,0.96105,0.00427,1,1,0.02052,0.07423,0.62917,0.58428,0.10443,17.82804,1,0.48802,-0.09901,0.967,0.00414,1,1,participant_30,question_2,No-Timer,True,Other
0.0,0,41,1,0.47458,-0.09,0,0.8901,0.87593,0.14068,356,114.22301,1,0.47115,0.03083,-0.04016,0.07526,0.61639,0.32896,0.09093,19.09365,1,0.4613,-0.0654,0.967,0.00429,1,1,0.02049,0.07437,0.62958,0.58417,0.10439,18.12195,1,0.48787,-0.11459,0.97958,0.00419,1,1,participant_30,question_2,No-Timer,True,Other
0.0,0,40,1,0.47521,-0.08256,0,0.8901,0.87593,0.14755,356,114.22301,1,0.47132,0.0259,-0.04016,0.07526,0.61639,0.32918,0.09081,19.29013,1,0.4606,-0.07804,0.97296,0.00411,1,1,0.02049,0.07437,0.62958,0.58459,0.10404,17.87248,1,0.48983,-0.08708,0.97958,0.0042,1,1,participant_30,question_2,No-Timer,True,Other
0.0,0,40,1,0.48191,-0.05803,0,0.8901,0.87593,0.14755,356,114.22301,0,0.4763,-0.00532,-0.04016,0.07526,0.61639,0.32918,0.09075,19.24779,1,0.47368,-0.08171,0.97296,0.00422,1,1,0.02049,0.07437,0.62958,0.58473,0.10283,17.6605,1,0.49013,-0.03434,0.97958,0.00364,1,1,participant_30,question_2,No-Timer,True,Other
0.0,0,40,1,0.48227,-0.0472,0,0.8901,0.87593,0.14755,356,114.22301,0,0.47928,-0.02626,-0.03949,0.07402,0.60549,0.32918,0.09075,19.24779,1,0.47428,-0.07461,0.967,0.00422,1,1,0.02042,0.074,0.62606,0.58474,0.1028,17.58953,1,0.49027,-0.01979,0.967,0.00364,1,1,participant_30,question_2,No-Timer,True,Other
0.0,0,40,1,0.47812,-0.03248,0,0.8901,0.87593,0.14755,356,114.22301,0,0.47889,-0.02833,-0.03949,0.07402,0.60549,0.32912,0.09069,19.1383,1,0.46857,-0.041,0.96105,0.00424,1,1,0.02042,0.074,0.62606,0.5847,0.10269,17.66311,1,0.48766,-0.02396,0.95443,0.00368,1,1,participant_30,question_2,No-Timer,True,Other
0.0,0,40,1,0.48873,-0.02525,0,0.8901,0.87593,0.0201,357,114.37689,1,0.48135,-0.02756,-0.03949,0.07402,0.60549,0.32908,0.09076,19.2197,1,0.48934,-0.02834,0.94847,0.00428,1,1,0.02042,0.074,0.62606,0.58477,0.10329,18.0471,1,0.48812,-0.02217,0.94185,0.00411,1,1,participant_30,question_2,No-Timer,True,Other
0.0,0,40,1,0.48873,-0.02525,0,0.8901,0.87593,0.02684,357,114.37689,1,0.48283,-0.0271,-0.0415,0.07759,0.63467,0.32899,0.09068,19.02668,1,0.48934,-0.02834,0.94847,0.00428,1,1,0.02052,0.07441,0.62917,0.58464,0.10253,17.46094,1,0.48812,-0.02217,0.94185,0.00368,1,1,participant_30,question_2,No-Timer,True,Other
0.0,0,40,1,0.49043,-0.01966,0,0.8901,0.87593,0.03349,357,114.37689,1,0.4841,-0.02586,-0.0415,0.07759,0.63467,0.32884,0.09025,19.03608,1,0.48667,0.00373,0.95443,0.00432,1,1,0.02052,0.07441,0.62917,0.58466,0.1025,17.5822,1,0.49419,-0.04304,0.95443,0.00368,1,1,participant_30,question_2,No-Timer,True,Other
0.0,0,40,1,0.4861,-0.03437,0,0.8901,0.87593,0.04018,357,114.37689,1,0.48438,-0.02708,-0.0415,0.07759,0.63467,0.32885,0.09039,19.00204,1,0.4841,-0.01445,0.967,0.00425,1,1,0.02052,0.07441,0.62917,0.58469,0.10259,17.66276,1,0.48809,-0.05428,0.967,0.00369,1,1,participant_30,question_2,No-Timer,True,Other
0.0,0,40,1,0.48545,-0.04896,0,0.8901,0.87593,0.04693,357,114.37689,1,0.48452,-0.02981,-0.0415,0.07759,0.63467,0.32896,0.09051,19.15615,1,0.48296,-0.02864,0.97958,0.00428,1,1,0.02052,0.07441,0.62917,0.58464,0.10249,17.57464,1,0.48793,-0.06928,0.97958,0.00369,1,1,participant_30,question_2,No-Timer,True,Other
0.0,0,40,1,0.48137,-0.06043,0,0.8901,0.87593,0.05364,357,114.37689,1,0.48417,-0.03321,-0.0415,0.07759,0.63467,0.32869,0.09068,19.54086,1,0.47016,-0.05688,0.97958,0.0043,1,1,0.02052,0.07441,0.62917,0.5848,0.10364,18.13552,1,0.49258,-0.06397,0.97958,0.00417,1,1,participant_30,question_2,No-Timer,True,Other
0.0,0,40,1,0.47891,-0.05942,0,0.8901,0.87593,0.06061,357,114.37689,1,0.48364,-0.03583,-0.0415,0.07759,0.63467,0.32857,0.0907,19.90336,1,0.46706,-0.05861,0.97958,0.00421,1,1,0.02052,0.07441,0.62917,0.5848,0.10348,17.8586,1,0.49076,-0.06022,0.97958,0.00438,1,1,participant_30,question_2,No-Timer,True,Other
0.0,0,40,1,0.47891,-0.05942,0,0.8901,0.87593,0.06739,357,114.37689,1,0.48321,-0.03798,-0.0415,0.07759,0.63467,0.32852,0.09069,19.80457,1,0.46706,-0.05861,0.97958,0.00421,1,1,0.02042,0.074,0.62606,0.58476,0.10341,17.86497,1,0.49076,-0.06022,0.97958,0.00434,1,1,participant_30,question_2,No-Timer,True,Other
0.0,0,40,1,0.47258,-0.06856,0,0.8901,0.87593,0.07371,357,114.37689,1,0.48232,-0.04053,-0.0415,0.07759,0.63467,0.32846,0.09064,19.52558,1,0.46067,-0.09298,0.97958,0.00425,1,1,0.02042,0.074,0.62606,0.5847,0.10375,18.05599,1,0.48449,-0.04413,0.97958,0.00441,1,1,participant_30,question_2,No-Timer,True,Other
0.0,0,40,1,0.46761,-0.08685,0,0.8901,0.87593,0.08038,357,114.37689,1,0.48119,-0.04409,-0.0415,0.07759,0.63467,0.3285,0.09081,19.48887,1,0.45014,-0.08671,0.97958,0.00424,1,1,0.02042,0.074,0.62606,0.58463,0.10354,17.83768,1,0.48508,-0.08699,0.97958,0.00439,1,1,participant_30,question_2,No-Timer,True,Other
0.0,0,40,1,0.46846,-0.07175,0,0.8901,0.87593,0.08707,357,114.37689,1,0.48028,-0.04606,-0.03971,0.074,0.60605,0.32848,0.09083,19.71011,1,0.45166,-0.07173,0.967,0.00422,1,1,0.02042,0.07395,0.62606,0.58456,0.10364,18.04352,1,0.48527,-0.07177,0.967,0.00432,1,1,participant_30,question_2,No-Timer,True,Other
0.0,0,40,1,0.48669,-0.04802,0,0.8901,0.87593,0.09356,357,114.37689,1,0.48071,-0.04619,-0.03971,0.074,0.60605,0.32828,0.09088,19.45985,1,0.47175,-0.0494,0.95443,0.00419,1,1,0.02042,0.07395,0.62606,0.5846,0.10382,17.87617,1,0.50163,-0.04664,0.95443,0.00423,1,1,participant_30,question_2,No-Timer,True,Other
0.0,0,40,1,0.48404,-0.04545,0,0.8901,0.87593,0.10046,357,114.37689,1,0.48092,-0.04615,-0.03971,0.074,0.60605,0.32821,0.09106,19.4453,1,0.4666,-0.01944,0.94185,0.00412,1,1,0.02042,0.07395,0.62606,0.58446,0.10402,18.03555,1,0.50147,-0.07145,0.94185,0.00422,1,1,participant_30,question_2,No-Timer,True,Other
0.0,0,40,1,0.48441,-0.03379,0,0.8901,0.87593,0.10727,357,114.37689,1,0.48112,-0.04542,-0.04057,0.07546,0.6184,0.32821,0.09127,19.31994,1,0.46733,-0.01173,0.93523,0.00433,1,1,0.01984,0.07197,0.6097,0.58455,0.10408,18.06854,1,0.50149,-0.05585,0.92927,0.00422,1,1,participant_30,question_2,No-Timer,True,Other
0.0,0,40,1,0.49069,-0.02171,0,0.8901,0.87593,0.11386,357,114.37689,1,0.48166,-0.0441,-0.04057,0.07546,0.6184,0.32815,0.09156,19.25964,1,0.4839,-0.00172,0.93523,0.00436,1,1,0.01984,0.07197,0.6097,0.58454,0.10394,18.1467,1,0.49749,-0.04171,0.92927,0.00421,1,1,participant_30,question_2,No-Timer,True,Other
0.0,0,40,1,0.48706,-0.0181,0,0.8901,0.87593,0.12035,357,114.37689,1,0.48194,-0.04274,-0.04057,0.07546,0.6184,0.32801,0.09155,19.64586,1,0.47735,0.00025,0.93523,0.00432,1,1,0.01984,0.07197,0.6097,0.58438,0.104,18.50959,1,0.49677,-0.03645,0.92927,0.00419,1,1,participant_30,question_2,No-Timer,True,Other
0.0,0,40,1,0.48671,-0.02595,0,0.8901,0.87593,0.12728,357,114.37689,1,0.48218,-0.0419,-0.04191,0.07782,0.63809,0.32796,0.09163,19.7689,1,0.47668,-0.00737,0.94185,0.00427,1,1,0.01984,0.07197,0.6097,0.58435,0.10404,18.52501,1,0.49674,-0.04453,0.93589,0.00416,1,1,participant_30,question_2,No-Timer,True,Other
0.0,0,40,1,0.48651,-0.01894,0,0.8901,0.87593,0.13375,357,114.37689,1,0.48238,-0.0408,-0.04191,0.07782,0.63809,0.32784,0.0915,19.55724,1,0.46557,0.00206,0.94251,0.0043,1,1,0.01984,0.07197,0.6097,0.58426,0.10425,18.30326,1,0.50745,-0.03994,0.94251,0.00416,1,1,participant_30,question_2,No-Timer,True,Other
0.0,0,40,1,0.4847,-0.03116,0,0.8901,0.87593,0.14043,357,114.37689,1,0.48249,-0.04036,-0.04191,0.07782,0.63809,0.32755,0.09156,19.11459,1,0.45991,-0.00572,0.94913,0.00426,1,1,0.01984,0.07197,0.6097,0.58406,0.10427,17.77814,1,0.5095,-0.0566,0.94913,0.00419,1,1,participant_30,question_2,No-Timer,True,Other
0.0,0,40,1,0.4847,-0.03116,0,0.8901,0.87593,0.14774,357,114.37689,1,0.48259,-0.03996,-0.04123,0.07646,0.62698,0.32747,0.09169,19.40891,1,0.45991,-0.00572,0.94913,0.00427,1,1,0.0198,0.0718,0.60864,0.58408,0.10433,18.09023,1,0.5095,-0.0566,0.94913,0.00417,1,1,participant_30,question_2,No-Timer,True,Other
0.0,0,40,1,0.52793,-0.03392,0,0.8901,0.87593,0.15412,357,114.37689,1,0.48448,-0.03971,-0.04123,0.07646,0.62698,0.32838,0.09163,20.13733,1,0.52267,-0.02478,0.94251,0.00422,1,1,0.0198,0.0718,0.60864,0.58494,0.10338,17.92067,1,0.5332,-0.04307,0.94251,0.00382,1,1,participant_30,question_2,No-Timer,True,Other
0.0,0,40,1,0.54338,-0.04548,0,0.8901,0.87593,0.16092,357,114.37689,1,0.48683,-0.03994,-0.04123,0.07646,0.62698,0.32909,0.09145,19.7072,1,0.53931,-0.05614,0.93589,0.0043,1,1,0.0198,0.0718,0.60864,0.58548,0.1033,17.74895,1,0.54745,-0.03481,0.93589,0.00378,1,1,participant_30,question_2,No-Timer,True,Other
0.0,0,40,1,0.5435,-0.03392,0,0.8901,0.87593,0.16724,357,114.37689,1,0.48901,-0.03971,-0.04004,0.07437,0.611,0.32916,0.09144,19.96982,1,0.53982,-0.04098,0.92332,0.00417,1,1,0.02042,0.07386,0.62606,0.58569,0.10327,17.81482,1,0.54719,-0.02685,0.92927,0.00375,1,1,participant_30,question_2,No-Timer,True,Other
0.0,0,40,1,0.53446,-0.03744,0,0.8901,0.87593,0.17415,357,114.37689,1,0.49069,-0.03963,-0.04004,0.07437,0.611,0.32893,0.09176,19.23545,1,0.51926,-0.02697,0.92332,0.00432,1,1,0.02042,0.07386,0.62606,0.5854,0.10321,17.83098,1,0.54967,-0.04791,0.92927,0.00373,1,1,participant_30,question_2,No-Timer,True,Other
0.0,0,40,1,0.54038,-0.03583,0,0.8901,0.87593,0.18083,357,114.37689,1,0.49247,-0.03949,-0.04004,0.07437,0.611,0.32888,0.09191,19.30607,1,0.53889,-0.02194,0.92332,0.00436,1,1,0.02042,0.07386,0.62606,0.58539,0.1032,17.83784,1,0.54187,-0.04972,0.92927,0.00374,1,1,participant_30,question_2,No-Timer,True,Other
0.0,0,40,1,0.54033,-0.051,0,0.8901,0.87593,0.18755,357,114.37689,1,0.49412,-0.03989,-0.04191,0.07767,0.63809,0.32866,0.09203,19.78378,1,0.53837,-0.03684,0.93589,0.00432,1,1,0.02021,0.07346,0.62265,0.58516,0.10326,17.85046,1,0.54229,-0.06517,0.94185,0.00377,1,1,participant_30,question_2,No-Timer,True,Other
0.0,0,40,1,0.5358,-0.05737,0,0.8901,0.87593,0.19428,357,114.37689,1,0.49551,-0.04047,-0.04191,0.07767,0.63809,0.32851,0.09229,19.69104,1,0.51531,-0.04031,0.95443,0.00433,1,1,0.02021,0.07346,0.62265,0.58511,0.10321,18.04462,1,0.5563,-0.07444,0.95443,0.00371,1,1,participant_30,question_2,No-Timer,True,Other
0.0,0,40,1,0.53826,-0.06422,0,0.8901,0.87593,0.20094,357,114.37689,1,0.49689,-0.04124,-0.04191,0.07767,0.63809,0.32827,0.09237,19.42867,1,0.52394,-0.04857,0.967,0.00434,1,1,0.02021,0.07346,0.62265,0.58507,0.1032,18.01097,1,0.55258,-0.07987,0.967,0.00373,1,1,participant_30,question_2,No-Timer,True,Other
0.0,0,40,1,0.53822,-0.07128,0,0.8901,0.87593,0.20094,357,114.37689,0,0.52485,-0.04264,-0.04102,0.07571,0.62237,0.32823,0.09223,19.3344,1,0.52362,-0.05548,0.97296,0.00435,1,1,0.01962,0.07163,0.60712,0.58501,0.10317,18.00298,1,0.55282,-0.08708,0.97296,0.00374,1,1,participant_30,question_2,No-Timer,True,Other
0.0,0,40,1,0.53768,-0.03758,0,0.8901,0.87593,0.20094,357,114.37689,0,0.53127,-0.04011,-0.04102,0.07571,0.62237,0.32798,0.09198,19.57957,1,0.53142,-0.041,0.96634,0.00422,1,1,0.01962,0.07163,0.60712,0.58472,0.10318,17.74704,1,0.54395,-0.03417,0.96634,0.00371,1,1,participant_30,question_2,No-Timer,True,Other
0.0,0,40,1,0.53321,-0.05722,0,0.8901,0.87593,0.20094,357,114.37689,0,0.53191,-0.04582,-0.04102,0.07571,0.62237,0.32787,0.09246,19.87042,1,0.51915,-0.03207,0.95972,0.00435,1,1,0.01962,0.07163,0.60712,0.58464,0.1032,17.83317,1,0.54727,-0.08237,0.95972,0.00374,1,1,participant_30,question_2,No-Timer,True,Other
0.0,0,40,1,0.53328,-0.04936,0,0.8901,0.87593,0.02013,358,114.58453,1,0.53226,-0.0467,-0.04207,0.0773,0.6354,0.32783,0.09255,20.01894,1,0.51954,-0.02444,0.9531,0.00432,1,1,0.01994,0.07313,0.61989,0.58458,0.10318,17.83809,1,0.54702,-0.07428,0.9531,0.00375,1,1,participant_30,question_2,No-Timer,True,Other
0.0,0,40,1,0.55072,-0.0371,0,0.8901,0.87593,0.02679,358,114.58453,1,0.53595,-0.04478,-0.04207,0.0773,0.6354,0.32748,0.09258,19.50587,1,0.54924,-0.01195,0.9531,0.00433,1,1,0.01994,0.07313,0.61989,0.58425,0.10312,18.0767,1,0.5522,-0.06224,0.9531,0.00376,1,1,participant_30,question_2,No-Timer,True,Other
0.0,0,40,1,0.53399,-0.03617,0,0.8901,0.87593,0.03328,358,114.58453,1,0.53562,-0.04335,-0.04207,0.0773,0.6354,0.32715,0.0924,19.99762,1,0.52819,-0.04251,0.9531,0.00416,1,1,0.01994,0.07313,0.61989,0.58416,0.10304,18.0229,1,0.53979,-0.02983,0.9531,0.00371,1,1,participant_30,question_2,No-Timer,True,Other
0.0,0,40,1,0.53399,-0.03617,0,0.8901,0.87593,0.04019,358,114.58453,1,0.53539,-0.04232,-0.04107,0.0753,0.61895,0.32691,0.0924,19.92006,1,0.52819,-0.04251,0.9531,0.00424,1,1,0.01978,0.07328,0.62072,0.58398,0.10308,17.93242,1,0.53979,-0.02983,0.9531,0.00377,1,1,participant_30,question_2,No-Timer,True,Other
0.0,0,40,1,0.54193,-0.0373,0,0.8901,0.87593,0.04689,358,114.58453,1,0.53621,-0.04169,-0.04107,0.0753,0.61895,0.32671,0.09245,19.72757,1,0.52142,-0.03264,0.9531,0.00415,1,1,0.01978,0.07328,0.62072,0.5838,0.10295,18.31391,1,0.56244,-0.04196,0.9531,0.00377,1,1,participant_30,question_2,No-Timer,True,Other
0.0,0,40,1,0.54387,-0.06401,0,0.8901,0.87593,0.0534,358,114.58453,1,0.53706,-0.04417,-0.04107,0.0753,0.61895,0.32662,0.0925,19.58078,1,0.53186,-0.07781,0.9531,0.00416,1,1,0.01978,0.07328,0.62072,0.58333,0.10393,18.60374,1,0.55588,-0.05022,0.9531,0.00438,1,1,participant_30,question_2,No-Timer,True,Other
0.0,0,40,1,0.54401,-0.07593,0,0.8901,0.87593,0.0603,358,114.58453,1,0.53775,-0.04735,-0.0412,0.07528,0.61883,0.3264,0.09249,20.03535,1,0.53155,-0.0858,0.95972,0.00413,1,1,0.02032,0.07554,0.63911,0.58344,0.10341,18.47,1,0.55647,-0.06606,0.96634,0.00444,1,1,participant_30,question_2,No-Timer,True,Other
0.0,0,40,1,0.54018,-0.06013,0,0.8901,0.87593,0.06707,358,114.58453,1,0.53797,-0.04851,-0.0412,0.07528,0.61883,0.32616,0.09233,19.88236,1,0.51608,-0.04564,0.97296,0.00426,1,1,0.02032,0.07554,0.63911,0.5828,0.10342,18.73362,1,0.56428,-0.07461,0.97958,0.00415,1,1,participant_30,question_2,No-Timer,True,Other
0.0,0,40,1,0.53156,-0.00536,0,0.8901,0.87593,0.07368,358,114.58453,1,0.53744,-0.04492,-0.0412,0.07528,0.61883,0.32632,0.09256,19.83216,1,0.51899,-0.05026,0.9862,0.00432,1,1,0.02032,0.07554,0.63911,0.58234,0.10321,17.54602,1,0.54413,0.03953,0.99282,0.00437,1,1,participant_30,question_2,No-Timer,True,Other
0.0,0,40,1,0.53138,-0.00914,0,0.8901,0.87593,0.08098,358,114.58453,1,0.53697,-0.04216,-0.04114,0.07526,0.61718,0.32616,0.0929,19.80235,1,0.51862,-0.0578,0.99282,0.00409,1,1,0.01935,0.07351,0.61875,0.58218,0.10348,18.05221,1,0.54413,0.03953,0.99282,0.00413,1,1,participant_30,question_2,No-Timer,True,Other
0.0,0,40,0,0.53138,-0.00914,0,0.8901,0.87593,0.08708,358,114.58453,1,0.53697,-0.04216,-0.04114,0.07526,0.61718,0.32616,0.0929,19.80235,0,0.51862,-0.0578,0.9862,0.00409,1,0,0.01935,0.07351,0.61875,0.58218,0.10348,18.05221,0,0.54413,0.03953,0.97958,0.00413,1,0,participant_30,question_2,No-Timer,False,Other
0.0,0,40,0,0.53138,-0.00914,0,0.8901,0.87593,0.09403,358,114.58453,1,0.53697,-0.04216,-0.04114,0.07526,0.61718,0.32616,0.0929,19.80235,0,0.51862,-0.0578,0.97296,0.00409,1,0,0.01935,0.07351,0.61875,0.58218,0.10348,18.05221,0,0.54413,0.03953,0.96634,0.00413,1,0,participant_30,question_2,No-Timer,False,Other
0.0,0,40,0,0.53138,-0.00914,0,0.8901,0.87593,0.10056,358,114.58453,1,0.53697,-0.04216,-0.04114,0.07526,0.61718,0.32616,0.0929,19.80235,0,0.51862,-0.0578,0.95972,0.00409,1,0,0.01935,0.07351,0.61875,0.58218,0.10348,18.05221,0,0.54413,0.03953,0.9531,0.00413,1,0,participant_30,question_2,No-Timer,False,Other
0.0,0,40,0,0.53138,-0.00914,0,0.8901,0.87593,0.10056,358,114.58453,0,0.53798,-0.04212,-0.04114,0.07526,0.61718,0.32616,0.0929,19.80235,0,0.51862,-0.0578,0.9531,0.00409,1,0,0.01935,0.07351,0.61875,0.58218,0.10348,18.05221,0,0.54413,0.03953,0.9531,0.00413,1,0,participant_30,question_2,No-Timer,False,Other
0.0,0,40,0,0.53138,-0.00914,0,0.8901,0.87593,0.10056,358,114.58453,0,0.53798,-0.04212,-0.04114,0.07526,0.61718,0.32616,0.0929,19.80235,0,0.51862,-0.0578,0.9531,0.00409,1,0,0.01935,0.07351,0.61875,0.58218,0.10348,18.05221,0,0.54413,0.03953,0.9531,0.00413,1,0,participant_30,question_2,No-Timer,False,Other
0.0,0,40,0,0.53138,-0.00914,0,0.8901,0.87593,0.10056,358,114.58453,0,0.53798,-0.04212,-0.04114,0.07526,0.61718,0.32616,0.0929,19.80235,0,0.51862,-0.0578,0.9531,0.00409,1,0,0.01935,0.07351,0.61875,0.58218,0.10348,18.05221,0,0.54413,0.03953,0.9531,0.00413,1,0,participant_30,question_2,No-Timer,False,Other
0.0,66,40,0,0.53138,-0.00914,0,0.8901,0.87593,0.10056,358,114.58453,0,0.0,0.0,-0.04114,0.07526,0.61718,0.32616,0.0929,19.80235,0,0.51862,-0.0578,0.9531,0.00409,1,0,0.01935,0.07351,0.61875,0.58218,0.10348,18.05221,0,0.54413,0.03953,0.9531,0.00413,1,0,participant_30,question_2,No-Timer,True,Other
0.0,66,40,0,0.53138,-0.00914,0,0.8901,0.87593,0.10056,358,114.58453,0,0.0,0.0,-0.04114,0.07526,0.61718,0.32616,0.0929,19.80235,0,0.51862,-0.0578,0.9531,0.00409,1,0,0.01935,0.07351,0.61875,0.58218,0.10348,18.05221,0,0.54413,0.03953,0.9531,0.00413,1,0,participant_30,question_2,No-Timer,True,Other
0.0,66,40,0,0.53138,-0.00914,0,0.8901,0.87593,0.10056,358,114.58453,0,0.0,0.0,-0.04114,0.07526,0.61718,0.32616,0.0929,19.80235,0,0.51862,-0.0578,0.9531,0.00409,1,0,0.01935,0.07351,0.61875,0.58218,0.10348,18.05221,0,0.54413,0.03953,0.9531,0.00413,1,0,participant_30,question_2,No-Timer,True,Other
0.0,66,40,0,0.53138,-0.00914,0,0.8901,0.87593,0.10056,358,114.58453,0,0.0,0.0,-0.04114,0.07526,0.61718,0.32616,0.0929,19.80235,0,0.51862,-0.0578,0.9531,0.00409,1,0,0.01935,0.07351,0.61875,0.58218,0.10348,18.05221,0,0.54413,0.03953,0.9531,0.00413,1,0,participant_30,question_2,No-Timer,True,Other
0.0,66,40,0,0.53138,-0.00914,0,0.8901,0.87593,0.10056,358,114.58453,0,0.0,0.0,-0.04114,0.07526,0.61718,0.32616,0.0929,19.80235,0,0.51862,-0.0578,0.9531,0.00409,1,0,0.01935,0.07351,0.61875,0.58218,0.10348,18.05221,0,0.54413,0.03953,0.9531,0.00413,1,0,participant_30,question_2,No-Timer,True,Other
0.0,66,40,0,0.53138,-0.00914,0,0.8901,0.87593,0.10056,358,114.58453,0,0.0,0.0,-0.04114,0.07526,0.61718,0.32616,0.0929,19.80235,0,0.51862,-0.0578,0.9531,0.00409,1,0,0.01935,0.07351,0.61875,0.58218,0.10348,18.05221,0,0.54413,0.03953,0.9531,0.00413,1,0,participant_30,question_2,No-Timer,True,Other
0.0,66,40,0,0.53138,-0.00914,0,0.8901,0.87593,0.10056,358,114.58453,0,0.0,0.0,-0.04114,0.07526,0.61718,0.32616,0.0929,19.80235,0,0.51862,-0.0578,0.9531,0.00409,1,0,0.01935,0.07351,0.61875,0.58218,0.10348,18.05221,0,0.54413,0.03953,0.9531,0.00413,1,0,participant_30,question_2,No-Timer,True,Other
0.0,66,40,0,0.53138,-0.00914,0,0.8901,0.87593,0.10056,358,114.58453,0,0.0,0.0,-0.04114,0.07526,0.61718,0.32616,0.0929,19.80235,0,0.51862,-0.0578,0.9531,0.00409,1,0,0.01935,0.07351,0.61875,0.58218,0.10348,18.05221,0,0.54413,0.03953,0.9531,0.00413,1,0,participant_30,question_2,No-Timer,True,Other
0.0,66,40,0,0.53138,-0.00914,0,0.8901,0.87593,0.10056,358,114.58453,0,0.0,0.0,-0.04114,0.07526,0.61718,0.32616,0.0929,19.80235,0,0.51862,-0.0578,0.9531,0.00409,1,0,0.01935,0.07351,0.61875,0.58218,0.10348,18.05221,0,0.54413,0.03953,0.9531,0.00413,1,0,participant_30,question_2,No-Timer,True,Other
0.0,66,40,0,0.53138,-0.00914,0,0.8901,0.87593,0.10056,358,114.58453,0,0.0,0.0,-0.04114,0.07526,0.61718,0.32616,0.0929,19.80235,0,0.51862,-0.0578,0.9531,0.00409,1,0,0.01935,0.07351,0.61875,0.58218,0.10348,18.05221,0,0.54413,0.03953,0.9531,0.00413,1,0,participant_30,question_2,No-Timer,True,Other
0.0,66,40,0,0.53138,-0.00914,0,0.8901,0.87593,0.10056,358,114.58453,0,0.0,0.0,-0.04114,0.07526,0.61718,0.32616,0.0929,19.80235,0,0.51862,-0.0578,0.9531,0.00409,1,0,0.01935,0.07351,0.61875,0.58218,0.10348,18.05221,0,0.54413,0.03953,0.9531,0.00413,1,0,participant_30,question_2,No-Timer,True,Other
0.0,66,40,0,0.53138,-0.00914,0,0.8901,0.87593,0.10056,358,114.58453,0,0.0,0.0,-0.04114,0.07526,0.61718,0.32616,0.0929,19.80235,0,0.51862,-0.0578,0.9531,0.00409,1,0,0.01935,0.07351,0.61875,0.58218,0.10348,18.05221,0,0.54413,0.03953,0.9531,0.00413,1,0,participant_30,question_2,No-Timer,True,Other
0.0,66,40,0,0.53138,-0.00914,0,0.8901,0.87593,0.10056,358,114.58453,0,0.0,0.0,-0.04114,0.07526,0.61718,0.32616,0.0929,19.80235,0,0.51862,-0.0578,0.9531,0.00409,1,0,0.01935,0.07351,0.61875,0.58218,0.10348,18.05221,0,0.54413,0.03953,0.9531,0.00413,1,0,participant_30,question_2,No-Timer,True,Other
0.0,66,40,0,0.53138,-0.00914,0,0.8901,0.87593,0.10056,358,114.58453,0,0.0,0.0,-0.04114,0.07526,0.61718,0.32616,0.0929,19.80235,0,0.51862,-0.0578,0.9531,0.00409,1,0,0.01935,0.07351,0.61875,0.58218,0.10348,18.05221,0,0.54413,0.03953,0.9531,0.00413,1,0,participant_30,question_2,No-Timer,True,Other
0.0,66,40,0,0.53138,-0.00914,0,0.8901,0.87593,0.10056,358,114.58453,0,0.0,0.0,-0.04114,0.07526,0.61718,0.32616,0.0929,19.80235,0,0.51862,-0.0578,0.9531,0.00409,1,0,0.01935,0.07351,0.61875,0.58218,0.10348,18.05221,0,0.54413,0.03953,0.9531,0.00413,1,0,participant_30,question_2,No-Timer,True,Other
0.10028,0,41,1,0.43906,-0.06054,0,0.8901,0.87593,0.10056,358,114.58453,0,0.43906,-0.06054,-0.04114,0.07526,0.61718,0.31629,0.09324,20.40676,1,0.43906,-0.06054,0.9531,0.00435,1,1,0.01935,0.07351,0.61875,0.58218,0.10348,18.05221,0,0.54413,0.03953,0.9531,0.00413,1,0,participant_30,question_2,No-Timer,True,Other
0.0,0,41,1,0.42699,-0.05613,0,0.8901,0.87593,0.10056,358,114.58453,0,0.43302,-0.05833,-0.04114,0.07526,0.61718,0.31626,0.0935,20.11189,1,0.42699,-0.05613,0.9531,0.00439,1,1,0.01935,0.07351,0.61875,0.58218,0.10348,18.05221,0,0.54413,0.03953,0.9531,0.00413,1,0,participant_30,question_2,No-Timer,True,Other
0.0,0,41,1,0.42699,-0.05613,0,0.8901,0.87593,0.10056,358,114.58453,0,0.43101,-0.0576,-0.04354,0.07552,0.62235,0.3162,0.09335,20.12239,1,0.42699,-0.05613,0.9531,0.00435,1,1,0.01935,0.07351,0.61875,0.58218,0.10348,18.05221,0,0.54413,0.03953,0.9531,0.00413,1,0,participant_30,question_2,No-Timer,True,Other
0.0,0,41,1,0.43527,-0.05346,0,0.8901,0.87593,0.02013,359,114.81226,1,0.43207,-0.05656,-0.04354,0.07552,0.62235,0.31602,0.09348,20.2228,1,0.43297,-0.04442,0.9531,0.00433,1,1,0.01935,0.07351,0.61875,0.5732,0.10116,19.22687,1,0.43756,-0.06249,0.9531,0.00429,1,1,participant_30,question_2,No-Timer,True,Other
0.0,0,41,1,0.45301,-0.03769,0,0.8901,0.87593,0.02658,359,114.81226,1,0.43626,-0.05279,-0.04354,0.07552,0.62235,0.316,0.09348,20.13743,1,0.43191,-0.03982,0.9531,0.00433,1,1,0.01935,0.07351,0.61875,0.57328,0.1011,19.0603,1,0.47412,-0.03556,0.9531,0.00431,1,1,participant_30,question_2,No-Timer,True,Other
0.0,0,41,1,0.45301,-0.03769,0,0.8901,0.87593,0.03329,359,114.81226,1,0.43905,-0.05027,-0.04329,0.07493,0.61747,0.31588,0.09351,20.56677,1,0.43191,-0.03982,0.9531,0.00431,1,1,0.01777,0.07439,0.62535,0.57322,0.10103,19.30018,1,0.47412,-0.03556,0.9531,0.00427,1,1,participant_30,question_2,No-Timer,True,Other
0.0,0,41,1,0.4443,-0.05417,0,0.8901,0.87593,0.04028,359,114.81226,1,0.4398,-0.05083,-0.04329,0.07493,0.61747,0.31577,0.09357,20.68524,1,0.41919,-0.03833,0.9531,0.00431,1,1,0.01777,0.07439,0.62535,0.57307,0.10092,19.59323,1,0.46942,-0.07,0.9531,0.00417,1,1,participant_30,question_2,No-Timer,True,Other
0.0,0,41,1,0.45094,-0.05646,0,0.8901,0.87593,0.04692,359,114.81226,1,0.4412,-0.05153,-0.04329,0.07493,0.61747,0.31566,0.09362,20.67817,1,0.4369,-0.04364,0.9531,0.00437,1,1,0.01777,0.07439,0.62535,0.57302,0.1009,19.324,1,0.46498,-0.06928,0.9531,0.00462,1,1,participant_30,question_2,No-Timer,True,Other
0.0,0,41,1,0.45038,-0.06443,0,0.8901,0.87593,0.05361,359,114.81226,1,0.44222,-0.05297,-0.0451,0.07793,0.64262,0.3159,0.09387,20.79144,1,0.43599,-0.05145,0.95972,0.00447,1,1,0.01761,0.07369,0.61986,0.57279,0.10099,18.68748,1,0.46476,-0.07741,0.95972,0.00469,1,1,participant_30,question_2,No-Timer,True,Other
0.0,0,41,1,0.44364,-0.06279,0,0.8901,0.87593,0.06037,359,114.81226,1,0.44236,-0.05395,-0.0451,0.07793,0.64262,0.31542,0.09366,20.55634,1,0.42525,-0.05348,0.96634,0.00435,1,1,0.01761,0.07369,0.61986,0.57268,0.10144,18.84694,1,0.46204,-0.0721,0.96634,0.00457,1,1,participant_30,question_2,No-Timer,True,Other
0.0,0,41,1,0.44962,-0.07273,0,0.8901,0.87593,0.0668,359,114.81226,1,0.44302,-0.05565,-0.0451,0.07793,0.64262,0.31539,0.09363,20.56531,1,0.43613,-0.06258,0.97296,0.00434,1,1,0.01761,0.07369,0.61986,0.57268,0.10132,18.85056,1,0.46311,-0.08287,0.97296,0.00455,1,1,participant_30,question_2,No-Timer,True,Other
0.0,0,41,1,0.44907,-0.08065,0,0.8901,0.87593,0.07371,359,114.81226,1,0.44352,-0.05774,-0.0451,0.07798,0.64262,0.31538,0.09361,20.56198,1,0.43524,-0.07036,0.97958,0.00434,1,1,0.01777,0.07429,0.62535,0.57272,0.10156,19.10243,1,0.4629,-0.09093,0.97958,0.00442,1,1,participant_30,question_2,No-Timer,True,Other
0.0,0,41,1,0.44552,-0.07584,0,0.8901,0.87593,0.08018,359,114.81226,1,0.44368,-0.05913,-0.0451,0.07798,0.64262,0.31536,0.09347,20.69245,1,0.4317,-0.06762,0.97958,0.00432,1,1,0.01777,0.07429,0.62535,0.57271,0.10152,19.12231,1,0.45934,-0.08405,0.97958,0.00442,1,1,participant_30,question_2,No-Timer,True,Other
0.0,0,41,1,0.44836,-0.07513,0,0.8901,0.87593,0.08686,359,114.81226,1,0.44401,-0.06027,-0.0451,0.07798,0.64262,0.31536,0.09347,20.69245,1,0.43115,-0.07527,0.97958,0.00432,1,1,0.01777,0.07429,0.62535,0.57278,0.10144,18.7969,1,0.46556,-0.07498,0.97958,0.00442,1,1,participant_30,question_2,No-Timer,True,Other
0.0,0,41,1,0.44836,-0.07513,0,0.8901,0.87593,0.09394,359,114.81226,1,0.4443,-0.06126,-0.0451,0.07798,0.64262,0.31536,0.09347,20.69245,1,0.43115,-0.07527,0.97958,0.00432,1,1,0.01777,0.0742,0.62535,0.57287,0.10162,18.76035,1,0.46556,-0.07498,0.97958,0.0045,1,1,participant_30,question_2,No-Timer,True,Other
0.0,0,41,1,0.44192,-0.07597,0,0.8901,0.87593,0.10075,359,114.81226,1,0.44415,-0.06218,-0.0451,0.07798,0.64262,0.31541,0.09337,20.73499,1,0.4179,-0.07377,0.97958,0.00435,1,1,0.01777,0.0742,0.62535,0.57287,0.10151,19.34275,1,0.46595,-0.07816,0.97958,0.00443,1,1,participant_30,question_2,No-Timer,True,Other
0.0,0,41,1,0.44094,-0.08435,0,0.8901,0.87593,0.10734,359,114.81226,1,0.44396,-0.06349,-0.0451,0.07798,0.64262,0.31543,0.09335,20.75899,1,0.4174,-0.08848,0.97958,0.00435,1,1,0.01777,0.0742,0.62535,0.57294,0.10172,19.32519,1,0.46447,-0.08022,0.97958,0.0045,1,1,participant_30,question_2,No-Timer,True,Other
0.0,0,41,1,0.44154,-0.0764,0,0.8901,0.87593,0.11408,359,114.81226,1,0.44383,-0.0642,-0.0432,0.07462,0.61492,0.31541,0.09337,20.73499,1,0.4184,-0.08056,0.97296,0.00435,1,1,0.01777,0.0742,0.62535,0.57294,0.10172,19.32519,1,0.46468,-0.07224,0.97296,0.0045,1,1,participant_30,question_2,No-Timer,True,Other
0.0,0,41,1,0.44047,-0.06198,0,0.8901,0.87593,0.12078,359,114.81226,1,0.44365,-0.06409,-0.0432,0.07462,0.61492,0.31541,0.09337,20.73499,1,0.41583,-0.07308,0.96634,0.00434,1,1,0.01777,0.0742,0.62535,0.57309,0.10179,19.72677,1,0.46511,-0.05087,0.96634,0.00449,1,1,participant_30,question_2,No-Timer,True,Other
0.0,0,41,1,0.44356,-0.04081,0,0.8901,0.87593,0.12708,359,114.81226,1,0.44365,-0.06292,-0.0432,0.07462,0.61492,0.31538,0.0932,20.67802,1,0.42395,-0.02914,0.95972,0.00443,1,1,0.01777,0.0742,0.62535,0.57295,0.10149,19.58052,1,0.46316,-0.05248,0.95972,0.00441,1,1,participant_30,question_2,No-Timer,True,Other
0.0,0,41,1,0.44416,-0.033,0,0.8901,0.87593,0.13377,359,114.81226,1,0.44367,-0.0615,-0.0432,0.07462,0.61492,0.31538,0.0932,20.67802,1,0.42493,-0.02147,0.9531,0.00443,1,1,0.01777,0.0742,0.62535,0.57309,0.10178,19.73617,1,0.46338,-0.04452,0.9531,0.00448,1,1,participant_30,question_2,No-Timer,True,Other
0.0,0,41,1,0.44485,-0.03086,0,0.8901,0.87593,0.14113,359,114.81226,1,0.44372,-0.0601,-0.0432,0.07462,0.61492,0.31539,0.09316,20.63659,1,0.42522,-0.02321,0.9531,0.0045,1,1,0.01777,0.0742,0.62535,0.57309,0.10178,19.73617,1,0.46448,-0.0385,0.9531,0.00448,1,1,participant_30,question_2,No-Timer,True,Other
0.0,0,41,1,0.44576,-0.0312,0,0.8901,0.87593,0.1478,359,114.81226,1,0.44381,-0.05885,-0.0432,0.07462,0.61492,0.31544,0.09315,20.76218,1,0.4247,-0.02587,0.9531,0.00452,1,1,0.01777,0.0742,0.62535,0.57309,0.10178,19.73617,1,0.46683,-0.03652,0.9531,0.00448,1,1,participant_30,question_2,No-Timer,True,Other
0.0,0,41,1,0.44517,-0.03899,0,0.8901,0.87593,0.1541,359,114.81226,1,0.44387,-0.05802,-0.0451,0.07798,0.64262,0.31544,0.09315,20.76218,1,0.42371,-0.03357,0.95972,0.00452,1,1,0.01777,0.0742,0.62535,0.57309,0.10179,19.72677,1,0.46662,-0.04442,0.95972,0.00449,1,1,participant_30,question_2,No-Timer,True,Other
0.0,0,41,1,0.443,-0.05706,0,0.8901,0.87593,0.16079,359,114.81226,1,0.44383,-0.05798,-0.0451,0.07798,0.64262,0.3154,0.09324,21.00496,1,0.42136,-0.05335,0.96634,0.00445,1,1,0.01777,0.0742,0.62535,0.57308,0.10167,19.69144,1,0.46464,-0.06078,0.96634,0.00458,1,1,participant_30,question_2,No-Timer,True,Other
0.0,0,41,1,0.44351,-0.06851,0,0.8901,0.87593,0.16749,359,114.81226,1,0.44382,-0.05839,-0.0451,0.07798,0.64262,0.31544,0.0931,20.71465,1,0.42125,-0.06826,0.97296,0.00451,1,1,0.01777,0.0742,0.62535,0.57308,0.10167,19.69144,1,0.46577,-0.06876,0.97296,0.00458,1,1,participant_30,question_2,No-Timer,True,Other
0.0,0,41,1,0.44292,-0.07641,0,0.8901,0.87593,0.17396,359,114.81226,1,0.44379,-0.05905,-0.0451,0.07808,0.64262,0.31544,0.0931,20.71465,1,0.42027,-0.07609,0.97958,0.00451,1,1,0.01777,0.0742,0.62535,0.57312,0.10172,19.76826,1,0.46556,-0.07672,0.97958,0.00461,1,1,participant_30,question_2,No-Timer,True,Other
0.0,0,41,1,0.44434,-0.08103,0,0.8901,0.87593,0.18088,359,114.81226,1,0.44381,-0.05984,-0.0451,0.07808,0.64262,0.31537,0.09267,21.05841,1,0.42258,-0.08427,0.97958,0.00427,1,1,0.01777,0.0742,0.62535,0.57315,0.10143,19.81996,1,0.4661,-0.07779,0.97958,0.00471,1,1,participant_30,question_2,No-Timer,True,Other
0.0,0,41,1,0.44434,-0.08586,0,0.8901,0.87593,0.18771,359,114.81226,1,0.44383,-0.06074,-0.0451,0.07808,0.64262,0.31538,0.0926,21.09184,1,0.42218,-0.08691,0.97958,0.00427,1,1,0.01777,0.0742,0.62535,0.57314,0.10139,19.83027,1,0.4665,-0.0848,0.97958,0.00471,1,1,participant_30,question_2,No-Timer,True,Other
0.0,0,41,1,0.44434,-0.08586,0,0.8901,0.87593,0.19427,359,114.81226,1,0.44384,-0.06157,-0.0451,0.07813,0.64262,0.31538,0.0926,21.09184,1,0.42218,-0.08691,0.97958,0.00427,1,1,0.01777,0.0742,0.62535,0.57315,0.1014,19.84024,1,0.4665,-0.0848,0.97958,0.0047,1,1,participant_30,question_2,No-Timer,True,Other
0.0,0,41,1,0.44495,-0.0837,0,0.8901,0.87593,0.20116,359,114.81226,1,0.44388,-0.06229,-0.0451,0.07813,0.64262,0.31549,0.09258,20.95594,1,0.42196,-0.08776,0.97958,0.00437,1,1,0.01777,0.0742,0.62535,0.57315,0.10143,19.85383,1,0.46793,-0.07964,0.97958,0.00469,1,1,participant_30,question_2,No-Timer,True,Other
0.0,0,41,1,0.44577,-0.08827,0,0.8901,0.87593,0.20772,359,114.81226,1,0.44394,-0.0631,-0.0451,0.07813,0.64262,0.31558,0.09255,21.17761,1,0.42317,-0.09554,0.97958,0.00437,1,1,0.01777,0.0742,0.62535,0.57319,0.10176,20.06055,1,0.46837,-0.081,0.97958,0.00454,1,1,participant_30,question_2,No-Timer,True,Other
0.0,0,41,1,0.44577,-0.08827,0,0.8901,0.87593,0.21478,359,114.81226,1,0.44399,-0.06386,-0.0451,0.07817,0.64262,0.31558,0.09255,21.18005,1,0.42317,-0.09554,0.97958,0.00437,1,1,0.01801,0.0753,0.63384,0.57319,0.10176,20.06055,1,0.46837,-0.081,0.97958,0.00454,1,1,participant_30,question_2,No-Timer,True,Other
0.0,0,41,1,0.43862,-0.09257,0,0.8901,0.87593,0.22085,359,114.81226,1,0.44384,-0.06471,-0.0451,0.07817,0.64262,0.31555,0.09264,21.15517,1,0.42613,-0.10833,0.97958,0.00442,1,1,0.01801,0.0753,0.63384,0.57302,0.10128,19.58472,1,0.4511,-0.07681,0.97958,0.00469,1,1,participant_30,question_2,No-Timer,True,Other
0.0,0,41,1,0.44013,-0.07033,0,0.8901,0.87593,0.22756,359,114.81226,1,0.44373,-0.06487,-0.0451,0.07817,0.64262,0.31555,0.09254,21.35605,1,0.42917,-0.06385,0.97958,0.00435,1,1,0.01801,0.0753,0.63384,0.57304,0.10125,19.64383,1,0.4511,-0.07681,0.97958,0.0047,1,1,participant_30,question_2,No-Timer,True,Other
0.0,0,41,1,0.44013,-0.07033,0,0.8901,0.87593,0.2346,359,114.81226,1,0.44363,-0.06502,-0.0451,0.07817,0.64262,0.31555,0.09254,21.35716,1,0.42917,-0.06385,0.97958,0.00435,1,1,0.01801,0.0753,0.63384,0.57306,0.10125,19.70637,1,0.4511,-0.07681,0.97958,0.00468,1,1,participant_30,question_2,No-Timer,True,Other
0.0,0,41,1,0.44074,-0.08034,0,0.8901,0.87593,0.24122,359,114.81226,1,0.44355,-0.06543,-0.0451,0.07817,0.64262,0.31561,0.09229,21.10966,1,0.42914,-0.07468,0.97958,0.00438,1,1,0.01801,0.0753,0.63384,0.57308,0.10164,19.80935,1,0.45235,-0.086,0.97958,0.0045,1,1,participant_30,question_2,No-Timer,True,Other
0.0,0,41,1,0.44149,-0.0789,0,0.8901,0.87593,0.24784,359,114.81226,1,0.4435,-0.06579,-0.0451,0.07817,0.64262,0.3156,0.09224,21.17267,1,0.43304,-0.07592,0.97958,0.00435,1,1,0.01801,0.0753,0.63384,0.5731,0.10153,19.89666,1,0.44994,-0.08188,0.97958,0.00441,1,1,participant_30,question_2,No-Timer,True,Other
0.0,0,41,1,0.44149,-0.0789,0,0.8901,0.87593,0.25462,359,114.81226,1,0.44345,-0.06612,-0.0451,0.07817,0.64262,0.31561,0.09227,21.11299,1,0.43304,-0.07592,0.97958,0.00439,1,1,0.01761,0.07369,0.61986,0.57309,0.10149,19.86949,1,0.44994,-0.08188,0.97958,0.00443,1,1,participant_30,question_2,No-Timer,True,Other
0.0,0,41,1,0.4455,-0.05568,0,0.8901,0.87593,0.26127,359,114.81226,1,0.4435,-0.06586,-0.0451,0.07817,0.64262,0.31562,0.0921,21.28494,1,0.43724,-0.03341,0.97958,0.00439,1,1,0.01761,0.07369,0.61986,0.57314,0.10149,19.8946,1,0.45376,-0.07795,0.97958,0.0044,1,1,participant_30,question_2,No-Timer,True,Other
0.0,0,41,1,0.44786,-0.05391,0,0.8901,0.87593,0.26772,359,114.81226,1,0.4436,-0.06557,-0.0451,0.07817,0.64262,0.31562,0.0921,21.28494,1,0.43823,-0.0332,0.97958,0.00439,1,1,0.01761,0.07369,0.61986,0.57312,0.10135,20.02352,1,0.45748,-0.07463,0.97958,0.00428,1,1,participant_30,question_2,No-Timer,True,Other
0.0,0,41,1,0.44786,-0.05391,0,0.8901,0.87593,0.27465,359,114.81226,1,0.44371,-0.06529,-0.0451,0.07817,0.64262,0.31562,0.0921,21.28494,1,0.43823,-0.0332,0.97958,0.00439,1,1,0.01761,0.07369,0.61986,0.57299,0.10146,20.32017,1,0.45748,-0.07463,0.97958,0.00431,1,1,participant_30,question_2,No-Timer,True,Other
0.0,0,41,1,0.4465,-0.06119,0,0.8901,0.87593,0.28116,359,114.81226,1,0.44377,-0.0652,-0.0451,0.07817,0.64262,0.3156,0.09219,21.30057,1,0.43933,-0.03861,0.97958,0.00444,1,1,0.01761,0.07369,0.61986,0.57312,0.10129,20.11617,1,0.45368,-0.08376,0.97958,0.00426,1,1,participant_30,question_2,No-Timer,True,Other
0.0,0,41,1,0.44739,-0.0585,0,0.8901,0.87593,0.28806,359,114.81226,1,0.44385,-0.06505,-0.0451,0.07817,0.64262,0.3156,0.09219,21.30057,1,0.44111,-0.03325,0.97958,0.00444,1,1,0.01761,0.07369,0.61986,0.57302,0.10144,20.38608,1,0.45368,-0.08376,0.97958,0.00431,1,1,participant_30,question_2,No-Timer,True,Other
0.0,0,41,1,0.44739,-0.0585,0,0.8901,0.87593,0.29475,359,114.81226,1,0.44393,-0.0649,-0.0451,0.07817,0.64262,0.3156,0.09219,21.30057,1,0.44111,-0.03325,0.97958,0.00444,1,1,0.01761,0.07369,0.61986,0.5731,0.10127,20.05842,1,0.45368,-0.08376,0.97958,0.00428,1,1,participant_30,question_2,No-Timer,True,Other
0.0,0,41,1,0.44871,-0.06436,0,0.8901,0.87593,0.30126,359,114.81226,1,0.44404,-0.06489,-0.0451,0.07817,0.64262,0.31565,0.09214,21.20982,1,0.44438,-0.04422,0.97958,0.00446,1,1,0.01761,0.07369,0.61986,0.5731,0.10127,20.05842,1,0.45304,-0.0845,0.97958,0.00428,1,1,participant_30,question_2,No-Timer,True,Other
0.0,0,41,1,0.45126,-0.07261,0,0.8901,0.87593,0.30794,359,114.81226,1,0.44419,-0.06505,-0.0451,0.07817,0.64262,0.31567,0.09218,21.00585,1,0.44457,-0.04486,0.97958,0.00446,1,1,0.01761,0.07369,0.61986,0.5731,0.10127,20.05842,1,0.45794,-0.10036,0.97958,0.00428,1,1,participant_30,question_2,No-Timer,True,Other
0.0,0,41,1,0.45126,-0.07261,0,0.8901,0.87593,0.31504,359,114.81226,1,0.44434,-0.06521,-0.0451,0.07817,0.64262,0.31567,0.09217,21.0213,1,0.44457,-0.04486,0.97958,0.00445,1,1,0.01761,0.07369,0.61986,0.5731,0.10127,20.05842,1,0.45794,-0.10036,0.97958,0.00428,1,1,participant_30,question_2,No-Timer,True,Other
0.0,0,41,1,0.45252,-0.06404,0,0.8901,0.87593,0.32158,359,114.81226,1,0.44462,-0.06528,-0.0451,0.07817,0.64262,0.31571,0.09208,20.8938,1,0.44252,-0.04666,0.97958,0.00444,1,1,0.01761,0.07369,0.61986,0.57315,0.10123,19.85371,1,0.46252,-0.08141,0.97958,0.00429,1,1,participant_30,question_2,No-Timer,True,Other
0.0,0,41,1,0.45025,-0.06654,0,0.8901,0.87593,0.32803,359,114.81226,1,0.4451,-0.0655,-0.0451,0.07817,0.64262,0.31572,0.09209,20.88366,1,0.44388,-0.05087,0.97958,0.00443,1,1,0.01761,0.07369,0.61986,0.57315,0.10123,19.85371,1,0.45662,-0.08221,0.97958,0.00429,1,1,participant_30,question_2,No-Timer,True,Other
0.0,0,41,1,0.45025,-0.06654,0,0.8901,0.87593,0.33495,359,114.81226,1,0.44559,-0.06572,-0.0451,0.07817,0.64262,0.31576,0.09223,20.95495,1,0.44388,-0.05087,0.97958,0.00435,1,1,0.01761,0.07369,0.61986,0.57314,0.10125,19.86426,1,0.45662,-0.08221,0.97958,0.00429,1,1,participant_30,question_2,No-Timer,True,Other
0.0,0,41,1,0.44138,-0.06866,0,0.8901,0.87593,0.34171,359,114.81226,1,0.44571,-0.06603,-0.0451,0.07817,0.64262,0.31575,0.09225,20.91081,1,0.42106,-0.0494,0.97958,0.00436,1,1,0.01761,0.07369,0.61986,0.57316,0.10125,19.81476,1,0.4617,-0.08793,0.97958,0.00429,1,1,participant_30,question_2,No-Timer,True,Other
0.0,0,41,1,0.45453,-0.06744,0,0.8901,0.87593,0.34857,359,114.81226,1,0.44574,-0.06665,-0.0451,0.07817,0.64262,0.31575,0.0922,20.99265,1,0.44531,-0.04767,0.97958,0.00433,1,1,0.01761,0.07369,0.61986,0.5733,0.10137,20.02498,1,0.46374,-0.0872,0.97958,0.0043,1,1,participant_30,question_2,No-Timer,True,Other
0.0,0,41,1,0.45494,-0.06362,0,0.8901,0.87593,0.35515,359,114.81226,1,0.44578,-0.06719,-0.0433,0.07514,0.61771,0.31573,0.09222,21.14541,1,0.44614,-0.04004,0.97296,0.00433,1,1,0.01802,0.07517,0.63234,0.57328,0.10139,20.03264,1,0.46374,-0.0872,0.97958,0.00432,1,1,participant_30,question_2,No-Timer,True,Other
0.0,0,41,1,0.44272,-0.06786,0,0.8901,0.87593,0.3618,359,114.81226,1,0.44575,-0.06748,-0.0433,0.07514,0.61771,0.31574,0.09222,21.01378,1,0.42575,-0.03865,0.97296,0.00435,1,1,0.01802,0.07517,0.63234,0.57328,0.10139,20.03264,1,0.45969,-0.09707,0.97958,0.00432,1,1,participant_30,question_2,No-Timer,True,Other
0.0,0,41,1,0.44765,-0.06424,0,0.8901,0.87593,0.3689,359,114.81226,1,0.44568,-0.06764,-0.0433,0.07514,0.61771,0.31576,0.09235,20.89899,1,0.43103,-0.03211,0.97296,0.00444,1,1,0.01802,0.07517,0.63234,0.57328,0.10118,19.8942,1,0.46426,-0.09636,0.97958,0.00441,1,1,participant_30,question_2,No-Timer,True,Other
0.0,0,41,1,0.44816,-0.05719,0,0.8901,0.87593,0.37514,359,114.81226,1,0.44564,-0.06749,-0.04282,0.07439,0.61149,0.31576,0.09235,20.89899,1,0.43187,-0.02529,0.967,0.00444,1,1,0.01802,0.07517,0.63234,0.57328,0.10118,19.8942,1,0.46445,-0.08908,0.97362,0.00441,1,1,participant_30,question_2,No-Timer,True,Other
0.0,0,41,1,0.44806,-0.04628,0,0.8901,0.87593,0.38205,359,114.81226,1,0.44573,-0.06715,-0.04282,0.07439,0.61149,0.31578,0.09234,20.89892,1,0.43364,-0.02438,0.96767,0.00443,1,1,0.01802,0.07517,0.63234,0.57353,0.10137,19.48568,1,0.46247,-0.06818,0.96767,0.00434,1,1,participant_30,question_2,No-Timer,True,Other
0.0,0,41,1,0.44057,-0.04027,0,0.8901,0.87593,0.38863,359,114.81226,1,0.44554,-0.06647,-0.04282,0.07439,0.61149,0.3158,0.09249,20.90289,1,0.43732,-0.01911,0.96171,0.00438,1,1,0.01802,0.07517,0.63234,0.57344,0.10121,19.19809,1,0.44381,-0.06143,0.96171,0.00432,1,1,participant_30,question_2,No-Timer,True,Other
0.0,0,41,1,0.44128,-0.02924,0,0.8901,0.87593,0.39527,359,114.81226,1,0.44538,-0.0654,-0.04282,0.07439,0.61149,0.31589,0.09238,20.58165,1,0.43813,-0.01229,0.95575,0.00442,1,1,0.01771,0.0737,0.62,0.57344,0.10121,19.19809,1,0.44444,-0.04619,0.94913,0.00433,1,1,participant_30,question_2,No-Timer,True,Other
0.0,0,41,1,0.43428,-0.02527,0,0.8901,0.87593,0.40184,359,114.81226,1,0.44514,-0.06435,-0.04282,0.07439,0.61149,0.31607,0.0925,20.4173,1,0.4192,-0.00681,0.94913,0.00441,1,1,0.01771,0.0737,0.62,0.57344,0.10102,18.998,1,0.44937,-0.04373,0.94251,0.00434,1,1,participant_30,question_2,No-Timer,True,Other
0.0,0,41,1,0.43898,-0.01224,0,0.8901,0.87593,0.40894,359,114.81226,1,0.44495,-0.06304,-0.04282,0.07439,0.61149,0.31613,0.09256,20.59853,1,0.41887,0.00497,0.94251,0.00436,1,1,0.01771,0.0737,0.62,0.57344,0.10094,19.0789,1,0.45909,-0.02945,0.93589,0.00428,1,1,participant_30,question_2,No-Timer,True,Other
0.0,0,41,1,0.43852,-0.01565,0,0.8901,0.87593,0.41573,359,114.81226,1,0.44474,-0.0618,-0.04484,0.07805,0.64162,0.31615,0.09256,20.64965,1,0.41794,-0.00184,0.94847,0.00435,1,1,0.01718,0.07132,0.59998,0.57348,0.10084,19.04892,1,0.45909,-0.02945,0.93589,0.00424,1,1,participant_30,question_2,No-Timer,True,Other
0.0,0,41,1,0.44193,-0.02174,0,0.8901,0.87593,0.42213,359,114.81226,1,0.44474,-0.06067,-0.04484,0.07805,0.64162,0.31623,0.09245,20.43913,1,0.42569,-0.00217,0.94847,0.00438,1,1,0.01718,0.07132,0.59998,0.57349,0.10087,19.14466,1,0.45817,-0.04131,0.94251,0.00423,1,1,participant_30,question_2,No-Timer,True,Other
0.0,0,41,1,0.44353,-0.0273,0,0.8901,0.87593,0.42877,359,114.81226,1,0.4448,-0.05948,-0.04484,0.07805,0.64162,0.3163,0.09244,20.21393,1,0.4289,-0.00733,0.95509,0.00439,1,1,0.01718,0.07132,0.59998,0.57349,0.10094,19.1856,1,0.45817,-0.04727,0.94913,0.00423,1,1,participant_30,question_2,No-Timer,True,Other
0.0,0,41,1,0.44281,-0.03869,0,0.8901,0.87593,0.43545,359,114.81226,1,0.44482,-0.05869,-0.04484,0.07805,0.64162,0.31634,0.09236,20.34825,1,0.42794,-0.01488,0.96171,0.0044,1,1,0.018,0.07455,0.62672,0.57355,0.10096,19.23932,1,0.45769,-0.0625,0.96171,0.00422,1,1,participant_30,question_2,No-Timer,True,Other
0.0,0,41,1,0.45214,-0.05253,0,0.8901,0.87593,0.44215,359,114.81226,1,0.44507,-0.0585,-0.04484,0.07805,0.64162,0.31629,0.09232,20.51549,1,0.43635,-0.03074,0.96171,0.00435,1,1,0.018,0.07455,0.62672,0.57355,0.10117,18.91795,1,0.46792,-0.07433,0.96767,0.00422,1,1,participant_30,question_2,No-Timer,True,Other
0.0,0,41,1,0.44538,-0.0517,0,0.8901,0.87593,0.44883,359,114.81226,1,0.44511,-0.05872,-0.04484,0.07805,0.64162,0.31634,0.09224,20.60212,1,0.44449,-0.0307,0.96767,0.00429,1,1,0.018,0.07455,0.62672,0.57365,0.10133,18.9175,1,0.44628,-0.07269,0.97362,0.00428,1,1,participant_30,question_2,No-Timer,True,Other
0.0,0,41,1,0.44486,-0.05872,0,0.8901,0.87593,0.45555,359,114.81226,1,0.44512,-0.05926,-0.04484,0.07805,0.64162,0.31634,0.09224,20.60212,1,0.44373,-0.03754,0.97362,0.00428,1,1,0.018,0.07455,0.62672,0.57402,0.10129,19.06088,1,0.446,-0.07989,0.97958,0.00425,1,1,participant_30,question_2,No-Timer,True,Other
0.0,0,41,1,0.4414,-0.07359,0,0.8901,0.87593,0.46223,359,114.81226,1,0.44505,-0.06015,-0.04484,0.07805,0.64162,0.31673,0.09225,20.36312,1,0.42395,-0.04991,0.97958,0.00428,1,1,0.018,0.07455,0.62672,0.5743,0.10105,18.81694,1,0.45885,-0.09728,0.97958,0.00433,1,1,participant_30,question_2,No-Timer,True,Other
0.0,0,41,1,0.44008,-0.07483,0,0.8901,0.87593,0.46893,359,114.81226,1,0.44493,-0.06106,-0.04484,0.07805,0.64162,0.31687,0.09239,20.04372,1,0.43043,-0.05667,0.97958,0.00443,1,1,0.018,0.07455,0.62672,0.57434,0.10115,19.00937,1,0.44974,-0.09299,0.97958,0.00437,1,1,participant_30,question_2,No-Timer,True,Other
0.0,0,41,1,0.44137,-0.05621,0,0.8901,0.87593,0.47562,359,114.81226,1,0.44485,-0.06142,-0.04212,0.07349,0.60411,0.31687,0.09239,20.04372,1,0.43219,-0.04206,0.967,0.00444,1,1,0.01761,0.07237,0.60843,0.57432,0.10112,19.23922,1,0.45055,-0.07036,0.96105,0.00431,1,1,participant_30,question_2,No-Timer,True,Other
0.0,0,41,1,0.44539,-0.02956,0,0.8901,0.87593,0.48239,359,114.81226,1,0.4449,-0.06084,-0.04212,0.07349,0.60411,0.31685,0.09229,19.88717,1,0.42819,-0.01634,0.94847,0.00437,1,1,0.01761,0.07237,0.60843,0.57437,0.10101,19.22857,1,0.46258,-0.04278,0.94251,0.00424,1,1,participant_30,question_2,No-Timer,True,Other
0.0,0,41,1,0.44703,-0.00542,0,0.8901,0.87593,0.48901,359,114.81226,1,0.44497,-0.05953,-0.04212,0.07349,0.60411,0.31691,0.09241,20.17502,1,0.43484,0.01155,0.92993,0.00437,1,1,0.01761,0.07237,0.60843,0.57441,0.10105,18.99762,1,0.45922,-0.02239,0.92398,0.00432,1,1,participant_30,question_2,No-Timer,True,Other
0.0,0,41,1,0.44745,-0.00199,0,0.8901,0.87593,0.4958,359,114.81226,1,0.44507,-0.05798,-0.04465,0.07807,0.64173,0.31689,0.09228,20.11111,1,0.43569,0.0184,0.92398,0.00437,1,1,0.01813,0.07433,0.62486,0.57453,0.10125,19.34064,1,0.45922,-0.02239,0.92398,0.00419,1,1,participant_30,question_2,No-Timer,True,Other
0.0,0,41,1,0.44883,-0.03451,0,0.8901,0.87593,0.5022,359,114.81226,1,0.44516,-0.05701,-0.04465,0.07807,0.64173,0.31724,0.09215,20.1622,1,0.4458,-0.01697,0.93655,0.00435,1,1,0.01813,0.07433,0.62486,0.5747,0.10113,18.09121,1,0.45186,-0.05206,0.94251,0.00422,1,1,participant_30,question_2,No-Timer,True,Other
0.0,0,41,1,0.44491,-0.05796,0,0.8901,0.87593,0.50888,359,114.81226,1,0.44517,-0.05643,-0.04465,0.07807,0.64173,0.31742,0.09205,19.65574,1,0.42508,-0.03979,0.95509,0.00441,1,1,0.01813,0.07433,0.62486,0.57488,0.1012,18.629,1,0.46474,-0.07614,0.96105,0.00426,1,1,participant_30,question_2,No-Timer,True,Other
0.0,0,41,1,0.44437,-0.06511,0,0.8901,0.87593,0.51586,359,114.81226,1,0.44517,-0.056,-0.18649,0.33369,2.74133,0.31747,0.09203,19.47328,1,0.4242,-0.04678,0.96105,0.00443,0,1,0.01862,0.07593,0.63831,0.57492,0.10116,18.94107,1,0.46455,-0.08344,0.967,0.00427,1,1,participant_30,question_2,No-Timer,True,Other
0.0,0,41,1,0.44049,-0.06199,0,0.8901,0.87593,0.52249,359,114.81226,1,0.44508,-0.05554,-0.18649,0.33369,2.74133,0.31764,0.09188,20.10444,1,0.42181,-0.04639,0.95443,0.00427,0,1,0.01862,0.07593,0.63831,0.57506,0.10122,19.22653,1,0.45917,-0.0776,0.95443,0.00438,1,1,participant_30,question_2,No-Timer,True,Other
0.0,0,41,1,0.44458,-0.04431,0,0.8901,0.87593,0.5292,359,114.81226,1,0.44506,-0.05463,-0.18649,0.33369,2.74133,0.31768,0.0918,20.07685,1,0.42931,-0.03242,0.94185,0.00422,0,1,0.01862,0.07593,0.63831,0.57523,0.10114,18.95096,1,0.45985,-0.05619,0.94185,0.00431,1,1,participant_30,question_2,No-Timer,True,Other
0.0,0,41,1,0.44458,-0.04431,0,0.8901,0.87593,0.53589,359,114.81226,1,0.44503,-0.05371,-0.04478,0.07878,0.64638,0.31781,0.09168,20.12303,1,0.42931,-0.03242,0.94185,0.00423,1,1,0.01835,0.07444,0.62583,0.57526,0.1012,18.9339,1,0.45985,-0.05619,0.94185,0.00427,1,1,participant_30,question_2,No-Timer,True,Other
0.0,0,41,1,0.4462,-0.05664,0,0.8901,0.87593,0.54259,359,114.81226,1,0.44519,-0.05296,-0.04478,0.07878,0.64638,0.31811,0.09181,19.86818,1,0.44039,-0.05703,0.95443,0.00426,1,1,0.01835,0.07444,0.62583,0.5754,0.10109,17.9489,1,0.45202,-0.05625,0.95443,0.00423,1,1,participant_30,question_2,No-Timer,True,Other
0.0,0,41,1,0.44508,-0.07634,0,0.8901,0.87593,0.54929,359,114.81226,1,0.44529,-0.05309,-0.04478,0.07878,0.64638,0.31821,0.0918,19.74953,1,0.42235,-0.0729,0.967,0.0043,1,1,0.01835,0.07444,0.62583,0.57562,0.10126,18.89083,1,0.46781,-0.07977,0.967,0.00425,1,1,participant_30,question_2,No-Timer,True,Other
0.0,0,41,1,0.44508,-0.07634,0,0.8901,0.87593,0.55599,359,114.81226,1,0.4454,-0.05321,-0.18514,0.33338,2.73373,0.3182,0.09177,19.71768,1,0.42235,-0.0729,0.967,0.00428,0,1,0.01838,0.0742,0.62378,0.57565,0.10124,18.94156,1,0.46781,-0.07977,0.967,0.00425,1,1,participant_30,question_2,No-Timer,True,Other
0.0,0,41,1,0.44102,-0.067,0,0.8901,0.87593,0.56269,359,114.81226,1,0.4454,-0.05294,-0.18514,0.33338,2.73373,0.31841,0.09164,20.07235,1,0.42722,-0.06876,0.95443,0.00432,0,1,0.01838,0.0742,0.62378,0.5757,0.10117,19.15483,1,0.45483,-0.06524,0.95443,0.00413,1,1,participant_30,question_2,No-Timer,True,Other
0.0,0,41,1,0.44741,-0.05117,0,0.8901,0.87593,0.5694,359,114.81226,1,0.44553,-0.05236,-0.18514,0.33338,2.73373,0.31861,0.09163,19.9512,1,0.43468,-0.05215,0.94185,0.00434,0,1,0.01838,0.0742,0.62378,0.57606,0.10119,18.9308,1,0.46014,-0.05019,0.94185,0.00418,1,1,participant_30,question_2,No-Timer,True,Other
0.0,0,41,1,0.44741,-0.05117,0,0.8901,0.87593,0.5761,359,114.81226,1,0.44565,-0.05178,-0.04415,0.07806,0.6401,0.31862,0.09163,19.98958,1,0.43468,-0.05215,0.94185,0.00434,1,1,0.01835,0.0737,0.61956,0.57625,0.10122,18.51261,1,0.46014,-0.05019,0.94185,0.00419,1,1,participant_30,question_2,No-Timer,True,Other
0.0,0,41,1,0.44091,-0.06117,0,0.8901,0.87593,0.58325,359,114.81226,1,0.44555,-0.0519,-0.04415,0.07806,0.6401,0.31892,0.09168,19.69804,1,0.42502,-0.06521,0.95443,0.00425,1,1,0.01835,0.0737,0.61956,0.57619,0.10138,18.37309,1,0.4568,-0.05712,0.95443,0.00424,1,1,participant_30,question_2,No-Timer,True,Other
0.0,0,41,1,0.45207,-0.08081,0,0.8901,0.87593,0.58967,359,114.81226,1,0.44564,-0.05246,-0.04415,0.07806,0.6401,0.31943,0.09161,19.92572,1,0.43617,-0.08763,0.967,0.00435,1,1,0.01835,0.0737,0.61956,0.5767,0.10137,18.58786,1,0.46798,-0.07399,0.967,0.00418,1,1,participant_30,question_2,No-Timer,True,Other
0.0,0,41,1,0.45149,-0.09205,0,0.8901,0.87593,0.59666,359,114.81226,1,0.44572,-0.05325,-0.04284,0.07632,0.62583,0.31973,0.09179,19.94261,1,0.43536,-0.09483,0.97296,0.00425,1,1,0.01925,0.07626,0.64194,0.57705,0.10131,18.25927,1,0.46761,-0.08927,0.97958,0.0041,1,1,participant_30,question_2,No-Timer,True,Other
0.0,0,41,1,0.49712,-0.07435,0,0.8901,0.87593,0.6031,359,114.81226,1,0.44677,-0.05352,-0.04284,0.07632,0.62583,0.32119,0.09162,19.63981,1,0.47615,-0.08342,0.97296,0.00423,1,1,0.01925,0.07626,0.64194,0.57843,0.10175,18.1608,1,0.5181,-0.06528,0.97958,0.00427,1,1,participant_30,question_2,No-Timer,True,Other
0.0,0,41,1,0.49297,-0.07113,0,0.8901,0.87593,0.60958,359,114.81226,1,0.44772,-0.05379,-0.04284,0.07632,0.62583,0.32154,0.0916,19.95337,1,0.4767,-0.0745,0.97296,0.00418,1,1,0.01925,0.07626,0.64194,0.57862,0.10166,18.33289,1,0.50924,-0.06777,0.97958,0.00421,1,1,participant_30,question_2,No-Timer,True,Other
0.0,0,40,1,0.49265,-0.07505,0,0.8901,0.87593,0.61628,359,114.81226,1,0.44866,-0.05413,-0.04353,0.07797,0.63935,0.32163,0.09163,20.16379,1,0.47606,-0.08234,0.97958,0.00419,1,1,0.01896,0.07411,0.62423,0.57868,0.10185,19.20257,1,0.50924,-0.06777,0.97958,0.0042,1,1,participant_30,question_2,No-Timer,True,Other
0.0,0,40,1,0.49344,-0.07893,0,0.8901,0.87593,0.62339,359,114.81226,1,0.4496,-0.05444,-0.04353,0.07797,0.63935,0.32198,0.09152,19.60996,1,0.48937,-0.09929,0.9862,0.00434,1,1,0.01896,0.07411,0.62423,0.5789,0.10188,18.5515,1,0.4975,-0.05857,0.97958,0.00425,1,1,participant_30,question_2,No-Timer,True,Other
0.0,0,40,1,0.48668,-0.07865,0,0.8901,0.87593,0.62984,359,114.81226,1,0.45033,-0.05456,-0.04353,0.07797,0.63935,0.32194,0.09144,19.51803,1,0.47123,-0.10217,0.9862,0.00432,1,1,0.01896,0.07411,0.62423,0.57919,0.10187,17.90894,1,0.50214,-0.05512,0.97958,0.00429,1,1,participant_30,question_2,No-Timer,True,Other
0.0,0,40,1,0.48732,-0.06372,0,0.8901,0.87593,0.63657,359,114.81226,1,0.45109,-0.05438,-0.1822,0.33399,2.73876,0.32197,0.09162,19.63981,1,0.47249,-0.08712,0.97362,0.00424,0,1,0.01888,0.07341,0.61871,0.57913,0.10185,18.28751,1,0.50215,-0.04033,0.967,0.00428,1,1,participant_30,question_2,No-Timer,True,Other
0.0,0,40,1,0.48931,-0.04542,0,0.8901,0.87593,0.63657,359,114.81226,0,0.47323,-0.06864,-0.1822,0.33399,2.73876,0.32227,0.09151,19.73369,1,0.4745,-0.07023,0.95443,0.00418,0,1,0.01888,0.07341,0.61871,0.57943,0.10204,18.29855,1,0.50412,-0.02061,0.95443,0.00429,1,1,participant_30,question_2,No-Timer,True,Other
0.0,0,40,1,0.49792,-0.02652,0,0.8901,0.87593,0.63657,359,114.81226,0,0.48558,-0.04758,-0.1822,0.33399,2.73876,0.3224,0.09157,19.91414,1,0.48082,-0.04938,0.94185,0.0042,0,1,0.01888,0.07341,0.61871,0.57953,0.10164,18.9687,1,0.51502,-0.00365,0.94185,0.00433,1,1,participant_30,question_2,No-Timer,True,Other
0.0,0,40,1,0.49792,-0.02652,0,0.8901,0.87593,0.63657,359,114.81226,0,0.48969,-0.04056,-0.04355,0.07835,0.64248,0.32241,0.09153,20.12985,1,0.48082,-0.04938,0.94185,0.00425,1,1,0.01903,0.07364,0.62066,0.57949,0.10191,18.65945,1,0.51502,-0.00365,0.94185,0.00437,1,1,participant_30,question_2,No-Timer,True,Other
0.0,0,40,1,0.50132,-0.03627,0,0.8901,0.87593,0.02008,360,115.45547,1,0.4926,-0.03948,-0.04355,0.07835,0.64248,0.32275,0.09152,19.58824,1,0.49115,-0.06883,0.95443,0.00433,1,1,0.01903,0.07364,0.62066,0.57999,0.10169,18.27994,1,0.5115,-0.0037,0.95443,0.00433,1,1,participant_30,question_2,No-Timer,True,Other
0.0,0,40,1,0.49807,-0.02746,0,0.8901,0.87593,0.02711,360,115.45547,1,0.49369,-0.03708,-0.04355,0.07835,0.64248,0.32296,0.09164,19.7432,1,0.47825,-0.04115,0.967,0.00424,1,1,0.01903,0.07364,0.62066,0.57997,0.10172,18.23668,1,0.51789,-0.01377,0.967,0.00437,1,1,participant_30,question_2,No-Timer,True,Other
0.0,0,40,1,0.49807,-0.02746,0,0.8901,0.87593,0.03346,360,115.45547,1,0.49442,-0.03548,-0.18097,0.33326,2.73273,0.32288,0.09155,19.47204,1,0.47825,-0.04115,0.967,0.00421,0,1,0.01896,0.07299,0.6152,0.57986,0.10179,18.00458,1,0.51789,-0.01377,0.967,0.00434,1,1,participant_30,question_2,No-Timer,True,Other
0.0,0,40,1,0.49153,-0.03977,0,0.8901,0.87593,0.04007,360,115.45547,1,0.49401,-0.03609,-0.18097,0.33326,2.73273,0.32314,0.09143,20.00652,1,0.47384,-0.08129,0.95443,0.00429,0,1,0.01896,0.07299,0.6152,0.58042,0.10174,18.50701,1,0.50922,0.00174,0.95443,0.00437,1,1,participant_30,question_2,No-Timer,True,Other
0.0,0,40,1,0.49144,0.00206,0,0.8901,0.87593,0.04678,360,115.45547,1,0.49369,-0.03132,-0.18097,0.33326,2.73273,0.3232,0.09166,20.27578,1,0.48621,-0.02171,0.94185,0.00416,0,1,0.01896,0.07299,0.6152,0.58049,0.10173,18.45245,1,0.49666,0.02584,0.94185,0.00437,1,1,participant_30,question_2,No-Timer,True,Other
0.0,0,40,1,0.49144,0.00206,0,0.8901,0.87593,0.05323,360,115.45547,1,0.49344,-0.02761,-0.04287,0.07748,0.63533,0.32327,0.09167,20.12332,1,0.48621,-0.02171,0.94185,0.00417,1,1,0.01926,0.0738,0.62203,0.58056,0.10203,18.75006,1,0.49666,0.02584,0.94185,0.00438,1,1,participant_30,question_2,No-Timer,True,Other
0.0,0,40,1,0.50289,-0.0289,0,0.8901,0.87593,0.06036,360,115.45547,1,0.49438,-0.02774,-0.04287,0.07748,0.63533,0.32351,0.09157,19.83167,1,0.49198,-0.02756,0.95443,0.00417,1,1,0.01926,0.0738,0.62203,0.5807,0.10212,18.30972,1,0.5138,-0.03023,0.95443,0.00433,1,1,participant_30,question_2,No-Timer,True,Other
0.0,0,40,1,0.50093,-0.0644,0,0.8901,0.87593,0.06685,360,115.45547,1,0.49498,-0.03107,-0.04287,0.07748,0.63533,0.32373,0.09165,19.72724,1,0.47902,-0.0465,0.967,0.00427,1,1,0.01926,0.0738,0.62203,0.58079,0.10218,18.27341,1,0.52285,-0.08231,0.967,0.0043,1,1,participant_30,question_2,No-Timer,True,Other
0.0,0,40,1,0.50093,-0.0644,0,0.8901,0.87593,0.07379,360,115.45547,1,0.49548,-0.03385,-0.17988,0.33277,2.72872,0.32363,0.09151,19.35425,1,0.47902,-0.0465,0.967,0.00421,0,1,0.01947,0.07424,0.62571,0.58082,0.10222,18.47505,1,0.52285,-0.08231,0.967,0.00427,1,1,participant_30,question_2,No-Timer,True,Other
0.0,0,40,1,0.49337,-0.07373,0,0.8901,0.87593,0.08056,360,115.45547,1,0.49531,-0.03692,-0.17988,0.33277,2.72872,0.32391,0.09146,19.8849,1,0.47203,-0.0837,0.95443,0.00417,0,1,0.01947,0.07424,0.62571,0.5811,0.10221,18.55345,1,0.5147,-0.06376,0.95443,0.0043,1,1,participant_30,question_2,No-Timer,True,Other
0.0,0,40,1,0.49673,-0.05501,0,0.8901,0.87593,0.08701,360,115.45547,1,0.49541,-0.03821,-0.17988,0.33277,2.72872,0.32387,0.09149,20.12289,1,0.47512,-0.06602,0.94185,0.00415,0,1,0.01947,0.07424,0.62571,0.58122,0.1023,18.69733,1,0.51835,-0.04401,0.94185,0.00423,1,1,participant_30,question_2,No-Timer,True,Other
0.0,0,40,1,0.49673,-0.05501,0,0.8901,0.87593,0.09367,360,115.45547,1,0.4955,-0.03933,-0.04325,0.07852,0.64385,0.32397,0.0916,20.21136,1,0.47512,-0.06602,0.94185,0.00414,1,1,0.01935,0.07341,0.61875,0.58133,0.10214,18.73742,1,0.51835,-0.04401,0.94185,0.00418,1,1,participant_30,question_2,No-Timer,True,Other
0.0,0,40,1,0.4986,-0.04418,0,0.8901,0.87593,0.10013,360,115.45547,1,0.4957,-0.03963,-0.04325,0.07852,0.64385,0.3242,0.09162,19.76735,1,0.49083,-0.03414,0.95443,0.00419,1,1,0.01935,0.07341,0.61875,0.58162,0.10216,18.40112,1,0.50636,-0.05422,0.95443,0.00416,1,1,participant_30,question_2,No-Timer,True,Other
0.0,0,40,1,0.50531,-0.05658,0,0.8901,0.87593,0.10682,360,115.45547,1,0.49626,-0.04063,-0.04325,0.07852,0.64385,0.32429,0.09141,19.68427,1,0.49443,-0.04844,0.967,0.00425,1,1,0.01935,0.07341,0.61875,0.58162,0.10221,18.05849,1,0.5162,-0.06471,0.967,0.00416,1,1,participant_30,question_2,No-Timer,True,Other
0.0,0,40,1,0.50487,-0.07143,0,0.8901,0.87593,0.11349,360,115.45547,1,0.49674,-0.04234,-0.04325,0.07852,0.64385,0.32435,0.09133,19.49301,1,0.49341,-0.06306,0.97958,0.00426,1,1,0.01937,0.0731,0.6165,0.58153,0.10229,18.5291,1,0.51634,-0.0798,0.97958,0.00415,1,1,participant_30,question_2,No-Timer,True,Other
0.0,0,40,1,0.49155,-0.07445,0,0.8901,0.87593,0.12022,360,115.45547,1,0.49647,-0.04403,-0.04325,0.07852,0.64385,0.32441,0.09121,19.26381,1,0.47931,-0.05837,0.97958,0.00437,1,1,0.01937,0.0731,0.6165,0.58165,0.1022,18.80164,1,0.50379,-0.09053,0.97958,0.00418,1,1,participant_30,question_2,No-Timer,True,Other
0.0,0,40,1,0.49838,-0.0523,0,0.8901,0.87593,0.12689,360,115.45547,1,0.49656,-0.04445,-0.04325,0.07852,0.64385,0.32456,0.0915,19.65028,1,0.48613,-0.01472,0.97958,0.00421,1,1,0.01937,0.0731,0.6165,0.58175,0.10246,19.19325,1,0.51063,-0.08988,0.97958,0.0042,1,1,participant_30,question_2,No-Timer,True,Other
0.0,0,40,1,0.49891,-0.04169,0,0.8901,0.87593,0.13383,360,115.45547,1,0.49667,-0.04431,-0.17989,0.33426,2.74099,0.32462,0.0915,19.77433,1,0.48723,-0.00071,0.967,0.00417,0,1,0.01997,0.0752,0.63416,0.58178,0.10248,19.05436,1,0.51059,-0.08267,0.97362,0.00421,1,1,participant_30,question_2,No-Timer,True,Other
0.0,0,40,1,0.49613,-0.03536,0,0.8901,0.87593,0.1403,360,115.45547,1,0.49665,-0.04391,-0.17989,0.33426,2.74099,0.3246,0.09141,20.14499,1,0.47459,-0.00701,0.96105,0.00418,0,1,0.01997,0.0752,0.63416,0.58211,0.10249,18.97202,1,0.51768,-0.06372,0.96767,0.00421,1,1,participant_30,question_2,No-Timer,True,Other
0.0,0,40,1,0.5007,-0.03308,0,0.8901,0.87593,0.147,360,115.45547,1,0.49683,-0.04344,-0.17989,0.33426,2.74099,0.32462,0.09152,20.03407,1,0.47886,-0.00262,0.95509,0.00421,0,1,0.01997,0.0752,0.63416,0.58212,0.10225,18.80027,1,0.52253,-0.06355,0.96171,0.00414,1,1,participant_30,question_2,No-Timer,True,Other
0.0,0,40,1,0.50033,-0.03324,0,0.8901,0.87593,0.15399,360,115.45547,1,0.49697,-0.04301,-0.04281,0.07806,0.64008,0.32477,0.09164,20.35229,1,0.47822,-0.0101,0.96171,0.00422,1,1,0.01934,0.07252,0.61117,0.58236,0.10225,18.08428,1,0.52244,-0.05638,0.95575,0.00415,1,1,participant_30,question_2,No-Timer,True,Other
0.0,0,40,1,0.51715,-0.04945,0,0.8901,0.87593,0.16042,360,115.45547,1,0.49778,-0.04327,-0.04281,0.07806,0.64008,0.32542,0.09143,19.81631,1,0.49534,-0.05511,0.96833,0.00427,1,1,0.01934,0.07252,0.61117,0.58258,0.10243,19.40021,1,0.53897,-0.04378,0.95575,0.00411,1,1,participant_30,question_2,No-Timer,True,Other
0.0,0,40,1,0.52703,-0.04362,0,0.8901,0.87593,0.16711,360,115.45547,1,0.4989,-0.04328,-0.04281,0.07806,0.64008,0.32558,0.09164,20.16756,1,0.51888,-0.04205,0.96833,0.00421,1,1,0.01934,0.07252,0.61117,0.58285,0.10246,18.39296,1,0.53518,-0.04519,0.95575,0.00419,1,1,participant_30,question_2,No-Timer,True,Other
0.0,0,40,1,0.5273,-0.04335,0,0.8901,0.87593,0.17409,360,115.45547,1,0.49996,-0.04329,-0.04114,0.07526,0.61718,0.32589,0.09145,19.80302,1,0.51926,-0.03443,0.96171,0.00415,1,1,0.02013,0.07507,0.63312,0.58314,0.10229,18.21033,1,0.53534,-0.05228,0.96171,0.00415,1,1,participant_30,question_2,No-Timer,True,Other
0.0,0,40,1,0.51751,-0.02941,0,0.8901,0.87593,0.18053,360,115.45547,1,0.50058,-0.04279,-0.04114,0.07526,0.61718,0.32585,0.09148,19.68953,1,0.49723,0.00811,0.95509,0.00421,1,1,0.02013,0.07507,0.63312,0.5831,0.10246,18.3883,1,0.53779,-0.06693,0.96767,0.0042,1,1,participant_30,question_2,No-Timer,True,Other
0.0,0,40,1,0.52006,-0.04386,0,0.8901,0.87593,0.18755,360,115.45547,1,0.50125,-0.04283,-0.04114,0.07526,0.61718,0.32601,0.09142,19.98511,1,0.49973,-0.01712,0.96105,0.00424,1,1,0.02013,0.07507,0.63312,0.5831,0.10224,18.52328,1,0.54039,-0.07061,0.97362,0.0042,1,1,participant_30,question_2,No-Timer,True,Other
0.0,0,40,1,0.51967,-0.05457,0,0.8901,0.87593,0.19412,360,115.45547,1,0.50187,-0.04322,-0.0412,0.07547,0.61883,0.32606,0.09144,19.87506,1,0.49877,-0.03141,0.97362,0.00423,1,1,0.01978,0.07365,0.62072,0.58322,0.10211,18.26229,1,0.54057,-0.07773,0.97958,0.00419,1,1,participant_30,question_2,No-Timer,True,Other
0.0,0,40,1,0.5175,-0.05506,0,0.8901,0.87593,0.20061,360,115.45547,1,0.50237,-0.0436,-0.0412,0.07547,0.61883,0.32615,0.09146,19.8402,1,0.50749,-0.03021,0.9862,0.00428,1,1,0.01978,0.07365,0.62072,0.58329,0.10211,18.94304,1,0.52752,-0.07992,0.97958,0.00423,1,1,participant_30,question_2,No-Timer,True,Other
0.0,0,40,1,0.5216,-0.06234,0,0.8901,0.87593,0.20754,360,115.45547,1,0.50297,-0.04419,-0.0412,0.07547,0.61883,0.32614,0.09146,19.87126,1,0.5135,-0.03686,0.9862,0.00426,1,1,0.01978,0.07365,0.62072,0.58331,0.10215,19.09869,1,0.5297,-0.08781,0.97958,0.00421,1,1,participant_30,question_2,No-Timer,True,Other
0.0,0,40,1,0.52154,-0.05874,0,0.8901,0.87593,0.21467,360,115.45547,1,0.50354,-0.04463,-0.0412,0.07547,0.61883,0.32612,0.09139,20.08469,1,0.5135,-0.03686,0.9862,0.00424,1,1,0.01947,0.07234,0.60971,0.58331,0.10215,19.09869,1,0.52957,-0.08063,0.97362,0.00421,1,1,participant_30,question_2,No-Timer,True,Other
0.0,0,40,1,0.52854,-0.05045,0,0.8901,0.87593,0.22131,360,115.45547,1,0.50427,-0.0448,-0.0412,0.07547,0.61883,0.32608,0.09144,20.11425,1,0.52084,-0.02336,0.97362,0.00428,1,1,0.01947,0.07234,0.60971,0.58358,0.10216,19.04462,1,0.53624,-0.07754,0.96767,0.00421,1,1,participant_30,question_2,No-Timer,True,Other
0.0,0,40,1,0.53136,-0.04669,0,0.8901,0.87593,0.22763,360,115.45547,1,0.50505,-0.04485,-0.0412,0.07547,0.61883,0.32624,0.09121,20.05345,1,0.52486,-0.02199,0.96767,0.00427,1,1,0.01947,0.07234,0.60971,0.5836,0.10216,18.98403,1,0.53786,-0.07138,0.96171,0.00423,1,1,participant_30,question_2,No-Timer,True,Other
0.0,0,40,1,0.53159,-0.03556,0,0.8901,0.87593,0.23409,360,115.45547,1,0.50578,-0.04459,-0.04076,0.07474,0.61286,0.32625,0.09121,20.10366,1,0.52552,-0.00776,0.95509,0.00426,1,1,0.02001,0.07418,0.62517,0.5836,0.10216,18.97212,1,0.53767,-0.06337,0.95509,0.00423,1,1,participant_30,question_2,No-Timer,True,Other
0.0,0,40,1,0.5169,-0.01968,0,0.8901,0.87593,0.241,360,115.45547,1,0.50608,-0.04392,-0.04076,0.07474,0.61286,0.32631,0.09118,20.2009,1,0.50625,-0.0124,0.94847,0.00428,1,1,0.02001,0.07418,0.62517,0.58377,0.10195,18.82618,1,0.52755,-0.02695,0.95443,0.00434,1,1,participant_30,question_2,No-Timer,True,Other
0.0,0,40,1,0.52105,-0.02153,0,0.8901,0.87593,0.24751,360,115.45547,1,0.50648,-0.04333,-0.04076,0.07474,0.61286,0.32639,0.09117,20.0156,1,0.5149,-0.01545,0.94781,0.00434,1,1,0.02001,0.07418,0.62517,0.58386,0.10184,18.25684,1,0.5272,-0.02761,0.95376,0.00438,1,1,participant_30,question_2,No-Timer,True,Other
0.0,0,40,1,0.52119,-0.01383,0,0.8901,0.87593,0.25459,360,115.45547,1,0.50685,-0.04257,-0.17865,0.33521,2.74708,0.32638,0.09115,20.04045,1,0.51532,-0.00784,0.94119,0.00433,0,1,0.02001,0.07418,0.62517,0.58383,0.10193,18.29823,1,0.52707,-0.01982,0.94715,0.00442,1,1,participant_30,question_2,No-Timer,True,Other
0.0,0,40,1,0.52813,0.00672,0,0.8901,0.87593,0.26111,360,115.45547,1,0.50739,-0.04134,-0.17865,0.33521,2.74708,0.32643,0.09111,20.07355,1,0.51793,-0.01734,0.94119,0.00437,0,1,0.02001,0.07418,0.62517,0.58377,0.10213,18.51798,1,0.53834,0.03079,0.94119,0.00439,1,1,participant_30,question_2,No-Timer,True,Other
0.0,0,40,1,0.52252,0.00372,0,0.8901,0.87593,0.26781,360,115.45547,1,0.50776,-0.04024,-0.17865,0.33521,2.74708,0.32661,0.09081,19.8596,1,0.50011,-0.02199,0.93523,0.00425,0,1,0.02001,0.07418,0.62517,0.58382,0.10201,18.49052,1,0.54492,0.02943,0.93523,0.00436,1,1,participant_30,question_2,No-Timer,True,Other
0.0,0,40,1,0.52238,-0.00393,0,0.8901,0.87593,0.27483,360,115.45547,1,0.5081,-0.03938,-0.04241,0.07818,0.63989,0.32679,0.09072,20.03552,1,0.49959,-0.02976,0.94185,0.00421,1,1,0.02002,0.07384,0.6223,0.58412,0.10181,18.82532,1,0.54516,0.02191,0.94185,0.00446,1,1,participant_30,question_2,No-Timer,True,Other
0.0,0,40,1,0.51876,-0.02775,0,0.8901,0.87593,0.28143,360,115.45547,1,0.50835,-0.03911,-0.04241,0.07818,0.63989,0.3268,0.09058,20.34891,1,0.51002,-0.0575,0.95443,0.00423,1,1,0.02002,0.07384,0.6223,0.58414,0.10214,19.06559,1,0.5275,0.002,0.95443,0.00431,1,1,participant_30,question_2,No-Timer,True,Other
0.0,0,40,1,0.51998,-0.04271,0,0.8901,0.87593,0.28803,360,115.45547,1,0.50862,-0.03919,-0.04241,0.07818,0.63989,0.32682,0.09074,20.42295,1,0.50913,-0.07607,0.967,0.0042,1,1,0.02002,0.07384,0.6223,0.58429,0.10211,18.96163,1,0.53083,-0.00935,0.967,0.00431,1,1,participant_30,question_2,No-Timer,True,Other
0.0,0,40,1,0.51963,-0.05397,0,0.8901,0.87593,0.29462,360,115.45547,1,0.50886,-0.03952,-0.0412,0.07599,0.6216,0.32686,0.09059,20.52345,1,0.50828,-0.09104,0.97958,0.00419,1,1,0.01943,0.07151,0.60273,0.58432,0.10195,18.9124,1,0.53098,-0.0169,0.97362,0.00427,1,1,participant_30,question_2,No-Timer,True,Other
0.0,0,40,1,0.52465,-0.05315,0,0.8901,0.87593,0.30129,360,115.45547,1,0.5092,-0.03982,-0.0412,0.07599,0.6216,0.32694,0.09055,20.56757,1,0.51126,-0.09353,0.97362,0.00422,1,1,0.01943,0.07151,0.60273,0.58438,0.10201,19.01175,1,0.53804,-0.01277,0.96767,0.00425,1,1,participant_30,question_2,No-Timer,True,Other
0.0,0,40,1,0.53492,-0.02962,0,0.8901,0.87593,0.30806,360,115.45547,1,0.50975,-0.0396,-0.0412,0.07599,0.6216,0.32697,0.09052,20.55923,1,0.52097,-0.04403,0.96767,0.00421,1,1,0.01943,0.07151,0.60273,0.58432,0.10192,18.97717,1,0.54887,-0.01521,0.96171,0.00429,1,1,participant_30,question_2,No-Timer,True,Other
0.0,0,40,1,0.53509,-0.02618,0,0.8901,0.87593,0.31469,360,115.45547,1,0.51028,-0.03932,-0.0412,0.07599,0.6216,0.32711,0.09045,20.28228,1,0.52131,-0.03714,0.96171,0.00422,1,1,0.02003,0.07355,0.6199,0.58439,0.10202,18.99898,1,0.54887,-0.01521,0.96171,0.00426,1,1,participant_30,question_2,No-Timer,True,Other
0.0,0,40,1,0.51884,-0.01126,0,0.8901,0.87593,0.32144,360,115.45547,1,0.51123,-0.03812,-0.0412,0.07599,0.6216,0.32712,0.09042,20.26056,1,0.50718,0.00173,0.96171,0.00428,1,1,0.02003,0.07355,0.6199,0.58422,0.10218,19.12796,1,0.53049,-0.02426,0.96767,0.00437,1,1,participant_30,question_2,No-Timer,True,Other
0.0,0,40,1,0.5203,-0.01917,0,0.8901,0.87593,0.32854,360,115.45547,1,0.51169,-0.03797,-0.0412,0.07599,0.6216,0.32711,0.09043,20.28688,1,0.50921,-0.00699,0.96767,0.00427,1,1,0.02003,0.07355,0.6199,0.58447,0.10194,18.80945,1,0.53138,-0.03135,0.97362,0.0043,1,1,participant_30,question_2,No-Timer,True,Other
0.0,0,40,1,0.52031,-0.01842,0,0.8901,0.87593,0.33484,360,115.45547,1,0.51216,-0.0378,-0.04207,0.07768,0.6354,0.32707,0.09042,20.44473,1,0.50925,-0.00625,0.967,0.00429,1,1,0.02003,0.07355,0.6199,0.58447,0.10194,18.80945,1,0.53137,-0.03058,0.97296,0.0043,1,1,participant_30,question_2,No-Timer,True,Other
0.0,0,40,1,0.52595,-0.02323,0,0.8901,0.87593,0.3415,360,115.45547,1,0.51267,-0.03753,-0.04207,0.07768,0.6354,0.32716,0.09032,20.54109,1,0.51112,-0.01591,0.96634,0.00431,1,1,0.02003,0.07355,0.6199,0.58494,0.10207,18.94142,1,0.54078,-0.03056,0.96634,0.00433,1,1,participant_30,question_2,No-Timer,True,Other
0.0,0,40,1,0.53162,-0.01468,0,0.8901,0.87593,0.34825,360,115.45547,1,0.51337,-0.03726,-0.04207,0.07768,0.6354,0.32714,0.09043,20.55905,1,0.51824,-0.00672,0.95972,0.00438,1,1,0.02003,0.07355,0.6199,0.58493,0.10205,18.94704,1,0.54501,-0.02263,0.95972,0.00432,1,1,participant_30,question_2,No-Timer,True,Other
0.0,0,40,1,0.53177,-0.00029,0,0.8901,0.87593,0.35535,360,115.45547,1,0.51408,-0.0367,-0.17637,0.33314,2.72509,0.32712,0.09042,20.63256,1,0.51898,0.00744,0.94715,0.00438,0,1,0.02016,0.07368,0.62101,0.58486,0.102,19.12282,1,0.54456,-0.00803,0.94715,0.00432,1,1,participant_30,question_2,No-Timer,True,Other
0.0,0,40,1,0.52406,0.00057,0,0.8901,0.87593,0.36205,360,115.45547,1,0.51475,-0.03586,-0.17637,0.33314,2.72509,0.32737,0.0903,20.49719,1,0.52376,0.00725,0.94119,0.00436,0,1,0.02016,0.07368,0.62101,0.58488,0.10205,19.09579,1,0.52435,-0.00611,0.94119,0.0044,1,1,participant_30,question_2,No-Timer,True,Other
0.0,0,40,1,0.52107,0.00872,0,0.8901,0.87593,0.36832,360,115.45547,1,0.51537,-0.03572,-0.17637,0.33314,2.72509,0.32772,0.0902,19.91655,1,0.50918,0.00774,0.93523,0.00439,0,1,0.02016,0.07368,0.62101,0.58504,0.10205,19.07916,1,0.53297,0.0097,0.93523,0.00439,1,1,participant_30,question_2,No-Timer,True,Other
0.0,0,40,1,0.52093,0.00111,0,0.8901,0.87593,0.37514,360,115.45547,1,0.51598,-0.03574,-0.04195,0.07773,0.6358,0.32781,0.09027,20.25805,1,0.50872,0.00019,0.94185,0.00437,1,1,0.02021,0.07354,0.61978,0.58512,0.10187,18.98229,1,0.53314,0.00203,0.94185,0.00438,1,1,participant_30,question_2,No-Timer,True,Other
0.0,0,40,1,0.54724,-0.01824,0,0.8901,0.87593,0.37514,360,115.45547,0,0.52768,-0.01256,-0.04195,0.07773,0.6358,0.32818,0.09007,20.65665,1,0.54971,-0.01473,0.95443,0.00427,1,1,0.02021,0.07354,0.61978,0.5857,0.10206,18.9947,1,0.54478,-0.02175,0.95443,0.00443,1,1,participant_30,question_2,No-Timer,True,Other
0.0,0,40,1,0.54746,-0.03725,0,0.8901,0.87593,0.37514,360,115.45547,0,0.53757,-0.0249,-0.04195,0.07773,0.6358,0.32817,0.09008,20.62366,1,0.55068,-0.02961,0.967,0.00427,1,1,0.02021,0.07354,0.61978,0.58562,0.10188,18.87104,1,0.54424,-0.04489,0.967,0.00437,1,1,participant_30,question_2,No-Timer,True,Other
0.0,0,40,1,0.54748,-0.04414,0,0.8901,0.87593,0.37514,360,115.45547,0,0.54087,-0.03132,-0.04102,0.07608,0.62237,0.32817,0.09008,20.62366,1,0.55051,-0.03639,0.97296,0.00427,1,1,0.02021,0.07354,0.61978,0.58562,0.10188,18.87104,1,0.54444,-0.05189,0.97296,0.00437,1,1,participant_30,question_2,No-Timer,True,Other
0.0,0,40,1,0.5471,-0.03636,0,0.8901,0.87593,0.0201,361,115.83722,1,0.54243,-0.03258,-0.04102,0.07608,0.62237,0.32815,0.09006,20.57798,1,0.54886,-0.03798,0.96634,0.00427,1,1,0.02021,0.07354,0.61978,0.58564,0.10175,18.99361,1,0.54533,-0.03475,0.96634,0.00428,1,1,participant_30,question_2,No-Timer,True,Other
0.0,0,40,1,0.54443,-0.02571,0,0.8901,0.87593,0.02674,361,115.83722,1,0.54283,-0.0312,-0.04102,0.07608,0.62237,0.32815,0.09006,20.57798,1,0.545,-0.02031,0.95972,0.00427,1,1,0.02021,0.07354,0.61978,0.58563,0.10176,19.04194,1,0.54385,-0.03111,0.95972,0.00428,1,1,participant_30,question_2,No-Timer,True,Other
0.0,0,40,1,0.54442,-0.01807,0,0.8901,0.87593,0.03378,361,115.83722,1,0.54309,-0.02902,-0.04102,0.07608,0.62237,0.32818,0.0901,20.71147,1,0.54522,-0.01278,0.9531,0.00427,1,1,0.02021,0.07354,0.61978,0.58568,0.10164,18.99334,1,0.54362,-0.02336,0.9531,0.00434,1,1,participant_30,question_2,No-Timer,True,Other
0.0,0,40,1,0.54771,-0.01548,0,0.8901,0.87593,0.04058,361,115.83722,1,0.54375,-0.02708,-0.04102,0.07608,0.62237,0.32815,0.09006,20.57798,1,0.54851,-0.01381,0.9531,0.00427,1,1,0.02021,0.07354,0.61978,0.58568,0.10164,18.99334,1,0.54692,-0.01716,0.9531,0.00434,1,1,participant_30,question_2,No-Timer,True,Other
0.0,0,40,1,0.54579,-0.0219,0,0.8901,0.87593,0.04723,361,115.83722,1,0.54401,-0.02644,-0.04102,0.07608,0.62237,0.32818,0.0901,20.71147,1,0.54619,-0.01694,0.9531,0.00427,1,1,0.02021,0.07354,0.61978,0.5857,0.10169,18.92785,1,0.54539,-0.02686,0.9531,0.00439,1,1,participant_30,question_2,No-Timer,True,Other
0.0,0,40,1,0.54579,-0.0219,0,0.8901,0.87593,0.05354,361,115.83722,1,0.54421,-0.02593,-0.04102,0.07608,0.62237,0.32818,0.0901,20.71147,1,0.54619,-0.01694,0.9531,0.00427,1,1,0.02021,0.07354,0.61978,0.58563,0.10164,19.07351,1,0.54539,-0.02686,0.9531,0.0044,1,1,participant_30,question_2,No-Timer,True,Other
0.0,0,40,1,0.54433,-0.01624,0,0.8901,0.87593,0.05997,361,115.83722,1,0.54422,-0.02496,-0.04102,0.07608,0.62237,0.32813,0.09011,20.58887,1,0.54601,-0.00482,0.9531,0.00424,1,1,0.02021,0.07354,0.61978,0.58562,0.10167,19.05432,1,0.54265,-0.02765,0.9531,0.00441,1,1,participant_30,question_2,No-Timer,True,Other
0.0,0,40,1,0.5457,-0.01245,0,0.8901,0.87593,0.0669,361,115.83722,1,0.54435,-0.02382,-0.04102,0.07608,0.62237,0.32813,0.09011,20.58887,1,0.54519,0.00098,0.9531,0.00424,1,1,0.02021,0.07354,0.61978,0.58563,0.10173,19.08202,1,0.54622,-0.02587,0.9531,0.00436,1,1,participant_30,question_2,No-Timer,True,Other
0.0,0,40,1,0.54571,-0.02004,0,0.8901,0.87593,0.07338,361,115.83722,1,0.54447,-0.02351,-0.04195,0.07773,0.6358,0.32815,0.09013,20.6252,1,0.54496,-0.00646,0.95972,0.00424,1,1,0.02021,0.07354,0.61978,0.58565,0.1019,19.23525,1,0.54646,-0.03363,0.95972,0.00431,1,1,participant_30,question_2,No-Timer,True,Other
0.0,0,40,1,0.54504,-0.01932,0,0.8901,0.87593,0.0801,361,115.83722,1,0.54451,-0.02319,-0.04195,0.07773,0.6358,0.32813,0.09011,20.58887,1,0.54462,-0.00955,0.96634,0.00424,1,1,0.02021,0.07354,0.61978,0.58564,0.10183,19.20743,1,0.54547,-0.02909,0.96634,0.00434,1,1,participant_30,question_2,No-Timer,True,Other
0.0,0,40,1,0.5443,-0.05187,0,0.8901,0.87593,0.08713,361,115.83722,1,0.5445,-0.02524,-0.04195,0.07773,0.6358,0.32812,0.09015,20.59604,1,0.54095,-0.06348,0.97296,0.00422,1,1,0.02021,0.07354,0.61978,0.58575,0.10198,18.98707,1,0.54766,-0.04026,0.97296,0.00433,1,1,participant_30,question_2,No-Timer,True,Other
0.0,0,40,1,0.5443,-0.05958,0,0.8901,0.87593,0.0937,361,115.83722,1,0.54448,-0.02752,-0.04195,0.07773,0.6358,0.32795,0.09036,20.7353,1,0.5407,-0.0712,0.97958,0.00428,1,1,0.02021,0.07354,0.61978,0.58565,0.1021,19.13391,1,0.5479,-0.04796,0.97958,0.00438,1,1,participant_30,question_2,No-Timer,True,Other
0.0,0,40,1,0.54483,-0.05641,0,0.8901,0.87593,0.10041,361,115.83722,1,0.5445,-0.02933,-0.04195,0.07773,0.6358,0.32796,0.09051,20.83177,1,0.54061,-0.06491,0.97958,0.00427,1,1,0.02021,0.07354,0.61978,0.58564,0.10212,19.12464,1,0.54906,-0.04792,0.97958,0.00439,1,1,participant_30,question_2,No-Timer,True,Other
0.0,0,40,1,0.54271,-0.05684,0,0.8901,0.87593,0.10716,361,115.83722,1,0.5444,-0.03095,-0.04195,0.07773,0.6358,0.32787,0.09038,20.04855,1,0.53855,-0.06358,0.97958,0.00425,1,1,0.02021,0.07354,0.61978,0.58564,0.10212,19.12464,1,0.54688,-0.0501,0.97958,0.00439,1,1,participant_30,question_2,No-Timer,True,Other
0.0,0,40,1,0.54271,-0.05684,0,0.8901,0.87593,0.11385,361,115.83722,1,0.54431,-0.03239,-0.04195,0.07773,0.6358,0.32794,0.09037,20.24304,1,0.53855,-0.06358,0.97958,0.00422,1,1,0.02021,0.07354,0.61978,0.58563,0.10216,19.18144,1,0.54688,-0.0501,0.97958,0.00435,1,1,participant_30,question_2,No-Timer,True,Other
0.0,0,40,1,0.54148,-0.04924,0,0.8901,0.87593,0.12051,361,115.83722,1,0.54416,-0.03327,-0.04195,0.07773,0.6358,0.32802,0.09058,20.51077,1,0.54085,-0.06257,0.97958,0.00422,1,1,0.02021,0.07354,0.61978,0.58561,0.1021,19.17916,1,0.5421,-0.03592,0.97958,0.00432,1,1,participant_30,question_2,No-Timer,True,Other
0.0,0,40,1,0.54303,-0.04588,0,0.8901,0.87593,0.1272,361,115.83722,1,0.5441,-0.0339,-0.04195,0.07773,0.6358,0.32803,0.09058,20.50049,1,0.53668,-0.06114,0.97958,0.00422,1,1,0.02021,0.07354,0.61978,0.58561,0.10209,19.20764,1,0.54938,-0.03063,0.97958,0.00432,1,1,participant_30,question_2,No-Timer,True,Other
0.0,0,40,1,0.54303,-0.04588,0,0.8901,0.87593,0.13396,361,115.83722,1,0.54405,-0.03448,-0.04195,0.07773,0.6358,0.32795,0.09058,20.44459,1,0.53668,-0.06114,0.97958,0.0042,1,1,0.02021,0.07354,0.61978,0.58562,0.10208,19.18712,1,0.54938,-0.03063,0.97958,0.00432,1,1,participant_30,question_2,No-Timer,True,Other
0.0,0,40,1,0.5436,-0.03879,0,0.8901,0.87593,0.14059,361,115.83722,1,0.54403,-0.03467,-0.04195,0.07773,0.6358,0.32795,0.09052,20.46491,1,0.53825,-0.05499,0.97958,0.00415,1,1,0.02021,0.07354,0.61978,0.58561,0.10209,19.16109,1,0.54894,-0.0226,0.97958,0.00432,1,1,participant_30,question_2,No-Timer,True,Other
0.0,0,39,1,0.54311,-0.04282,0,0.8901,0.87593,0.14729,361,115.83722,1,0.54399,-0.03503,-0.04195,0.07773,0.6358,0.32794,0.09041,20.16491,1,0.53934,-0.05458,0.97958,0.00414,1,1,0.02021,0.07354,0.61978,0.58561,0.10209,19.16109,1,0.54688,-0.03106,0.97958,0.00432,1,1,participant_30,question_2,No-Timer,True,Other
0.0,0,39,1,0.54311,-0.04282,0,0.8901,0.87593,0.15399,361,115.83722,1,0.54395,-0.03535,-0.04195,0.07773,0.6358,0.32796,0.09036,20.16954,1,0.53934,-0.05458,0.97958,0.00417,1,1,0.02021,0.07354,0.61978,0.58561,0.10211,19.17381,1,0.54688,-0.03106,0.97958,0.00431,1,1,participant_30,question_2,No-Timer,True,Other
0.0,0,39,1,0.53976,-0.04612,0,0.8901,0.87593,0.16079,361,115.83722,1,0.54378,-0.03578,-0.04195,0.07773,0.6358,0.32803,0.09059,20.33341,1,0.53592,-0.05693,0.97958,0.00416,1,1,0.02021,0.07354,0.61978,0.58562,0.10213,19.15211,1,0.5436,-0.03532,0.97958,0.00432,1,1,participant_30,question_2,No-Timer,True,Other
0.0,0,39,1,0.53913,-0.07262,0,0.8901,0.87593,0.16743,361,115.83722,1,0.54361,-0.0372,-0.04195,0.07773,0.6358,0.32795,0.09054,20.15112,1,0.53534,-0.10259,0.97958,0.00416,1,1,0.02021,0.07354,0.61978,0.5856,0.1021,19.14809,1,0.54291,-0.04264,0.97958,0.00432,1,1,participant_30,question_2,No-Timer,True,Other
0.0,0,39,1,0.53913,-0.07262,0,0.8901,0.87593,0.1739,361,115.83722,1,0.54344,-0.03851,-0.04195,0.07773,0.6358,0.32804,0.09064,20.249,1,0.53534,-0.10259,0.97958,0.00418,1,1,0.02021,0.07354,0.61978,0.5856,0.1021,19.14809,1,0.54291,-0.04264,0.97958,0.00432,1,1,participant_30,question_2,No-Timer,True,Other
0.0,0,39,1,0.54056,-0.0652,0,0.8901,0.87593,0.18135,361,115.83722,1,0.54334,-0.03946,-0.04195,0.07773,0.6358,0.32807,0.09071,20.2887,1,0.53477,-0.09761,0.97958,0.00417,1,1,0.02021,0.07354,0.61978,0.58542,0.1022,18.68375,1,0.54634,-0.0328,0.97958,0.00432,1,1,participant_30,question_2,No-Timer,True,Other
0.0,0,39,1,0.52931,-0.06448,0,0.8901,0.87593,0.18758,361,115.83722,1,0.54285,-0.04033,-0.04195,0.07773,0.6358,0.32775,0.0911,20.01375,1,0.51534,-0.0558,0.97958,0.00441,1,1,0.02021,0.07354,0.61978,0.58505,0.1023,18.65041,1,0.54327,-0.07316,0.97958,0.00423,1,1,participant_30,question_2,No-Timer,True,Other
0.0,0,39,1,0.5294,-0.05673,0,0.8901,0.87593,0.19419,361,115.83722,1,0.5424,-0.04087,-0.04207,0.07749,0.6354,0.32768,0.09127,20.39936,1,0.51574,-0.04817,0.97296,0.00414,1,1,0.02003,0.07337,0.6199,0.58493,0.10257,19.04015,1,0.54305,-0.06528,0.97296,0.00408,1,1,participant_30,question_2,No-Timer,True,Other
0.0,0,39,1,0.46267,0.13229,0,0.8901,0.87593,0.20109,361,115.83722,1,0.53983,-0.03529,-0.04207,0.07749,0.6354,0.32581,0.09339,19.97537,1,0.46608,0.11691,0.96634,0.00417,1,1,0.02003,0.07337,0.6199,0.58256,0.1052,18.48595,1,0.45927,0.14768,0.96634,0.00406,1,1,participant_30,question_2,No-Timer,True,Question
0.0,0,39,1,0.42396,0.22089,0,0.8901,0.87593,0.20798,361,115.83722,1,0.53621,-0.02728,-0.04207,0.07749,0.6354,0.32484,0.0946,20.35986,1,0.40576,0.18067,0.95972,0.00405,1,1,0.02003,0.07337,0.6199,0.58105,0.10656,18.34009,1,0.44217,0.26111,0.95972,0.00381,1,1,participant_30,question_2,No-Timer,True,Question
0.0,0,39,1,0.42471,0.2269,0,0.8901,0.87593,0.20798,361,115.83722,0,0.5132,0.00649,-0.04157,0.07551,0.62222,0.32432,0.09542,20.08302,1,0.40687,0.18689,0.9531,0.00398,1,1,0.01947,0.07358,0.62571,0.58025,0.10783,18.52989,1,0.44255,0.26691,0.9531,0.00376,1,1,participant_30,question_2,No-Timer,True,Question
0.0,0,39,1,0.35831,0.45179,0,0.8901,0.87593,0.20798,361,115.83722,0,0.43576,0.22914,-0.04157,0.07551,0.62222,0.32274,0.09789,19.53368,1,0.34878,0.41729,0.9531,0.00383,1,1,0.01947,0.07358,0.62571,0.57807,0.11037,17.96749,1,0.36784,0.4863,0.9531,0.00368,1,1,participant_30,question_2,No-Timer,True,Question
0.0,0,39,1,0.34168,0.57201,0,0.8901,0.87593,0.20798,361,115.83722,0,0.4044,0.34343,-0.04157,0.07551,0.62222,0.32193,0.09985,19.36794,1,0.33479,0.52942,0.9531,0.00397,1,1,0.01947,0.07358,0.62571,0.57674,0.11253,19.02622,1,0.34857,0.6146,0.9531,0.00387,1,1,participant_30,question_2,No-Timer,True,Answer_Area
0.0,0,39,1,0.34118,0.57032,0,0.8901,0.87593,0.20798,361,115.83722,0,0.34706,0.53137,-0.04135,0.07432,0.61626,0.32155,0.10072,19.57969,1,0.33479,0.52942,0.9531,0.0039,1,1,0.0195,0.07522,0.64369,0.57616,0.1133,18.83178,1,0.34756,0.61121,0.95972,0.0038,1,1,participant_30,question_2,No-Timer,True,Answer_Area
0.0,0,39,1,0.28071,0.70559,0,0.8901,0.87593,0.20798,361,115.83722,0,0.31388,0.61848,-0.04135,0.07432,0.61626,0.32063,0.10304,19.29906,1,0.27719,0.65935,0.95972,0.00405,1,1,0.0195,0.07522,0.64369,0.57494,0.11574,18.74084,1,0.28424,0.75183,0.96634,0.00377,1,1,participant_30,question_2,No-Timer,True,Answer_Area
0.0,0,39,1,0.25769,0.77613,0,0.8901,0.87593,0.20798,361,115.83722,0,0.29515,0.67103,-0.04135,0.07432,0.61626,0.32039,0.10408,19.13146,1,0.25729,0.71901,0.96634,0.00397,1,1,0.0195,0.07522,0.64369,0.5745,0.11652,18.49025,1,0.25809,0.83325,0.97296,0.0038,1,1,participant_30,question_2,No-Timer,True,Answer_Area
0.0,0,39,1,0.25394,0.77183,0,0.8901,0.87593,0.20798,361,115.83722,0,0.26411,0.75118,-0.04325,0.07746,0.64385,0.32026,0.1046,19.1809,1,0.25303,0.71406,0.97958,0.00393,1,1,0.01925,0.07486,0.64191,0.57443,0.11688,18.59497,1,0.25486,0.8296,0.9862,0.00375,1,1,participant_30,question_2,No-Timer,True,Answer_Area
0.0,0,39,1,0.2621,0.75734,0,0.8901,0.87593,0.20798,361,115.83722,0,0.26311,0.75426,-0.04325,0.07746,0.64385,0.32016,0.10494,19.44071,1,0.26412,0.73929,0.99282,0.00396,1,1,0.01925,0.07486,0.64191,0.57437,0.11659,18.26104,1,0.26009,0.77539,0.99282,0.00379,1,1,participant_30,question_2,No-Timer,True,Answer_Area
0.0,0,39,1,0.25459,0.75604,0,0.8901,0.87593,0.20798,361,115.83722,0,0.26027,0.75486,-0.04325,0.07746,0.64385,0.31993,0.10501,19.63235,1,0.2552,0.73845,0.99944,0.00394,1,1,0.01925,0.07486,0.64191,0.57441,0.11653,18.33959,1,0.25399,0.77364,0.99944,0.00379,1,1,participant_30,question_2,No-Timer,True,Answer_Area
0.0,0,39,1,0.25427,0.75589,0,0.8901,0.87593,0.02084,362,116.09148,1,0.25877,0.75512,-0.04304,0.0769,0.63926,0.31986,0.10495,19.42219,1,0.25312,0.73619,1.00606,0.00394,1,1,0.0184,0.07128,0.61044,0.57456,0.11661,18.77277,1,0.25542,0.7756,0.99348,0.00376,1,1,participant_30,question_2,No-Timer,True,Answer_Area
0.0,0,39,1,0.25276,0.75654,0,0.8901,0.87593,0.027,362,116.09148,1,0.25757,0.7554,-0.04304,0.0769,0.63926,0.3198,0.10487,19.24599,1,0.24986,0.73793,0.99348,0.00392,1,1,0.0184,0.07128,0.61044,0.57457,0.11669,18.69119,1,0.25565,0.77516,0.9809,0.00375,1,1,participant_30,question_2,No-Timer,True,Answer_Area
0.0,0,39,1,0.25794,0.76227,0,0.8901,0.87593,0.03387,362,116.09148,1,0.25763,0.75655,-0.04304,0.0769,0.63926,0.31969,0.10496,19.32682,1,0.24587,0.73647,0.9809,0.00391,1,1,0.0184,0.07128,0.61044,0.57453,0.11667,18.80111,1,0.27001,0.78806,0.96833,0.00375,1,1,participant_30,question_2,No-Timer,True,Answer_Area
0.0,0,39,1,0.26263,0.76777,0,0.8901,0.87593,0.04053,362,116.09148,1,0.25834,0.75815,-0.04144,0.07397,0.61487,0.31958,0.10484,19.49432,1,0.25218,0.74319,0.96171,0.00392,1,1,0.01875,0.07282,0.62356,0.57454,0.1166,18.83474,1,0.27308,0.79235,0.95509,0.00374,1,1,participant_30,question_2,No-Timer,True,Answer_Area
0.0,0,39,1,0.27034,0.79156,0,0.8901,0.87593,0.04713,362,116.09148,1,0.25984,0.76233,-0.04144,0.07397,0.61487,0.31955,0.10488,19.50118,1,0.27249,0.75371,0.94847,0.00391,1,1,0.01875,0.07282,0.62356,0.57458,0.11654,18.74549,1,0.26819,0.82942,0.95443,0.00376,1,1,participant_30,question_2,No-Timer,True,Answer_Area
0.0,0,39,1,0.261,0.77318,0,0.8901,0.87593,0.05358,362,116.09148,1,0.25997,0.76353,-0.04144,0.07397,0.61487,0.31947,0.10479,19.43268,1,0.26159,0.73404,0.94781,0.0039,1,1,0.01875,0.07282,0.62356,0.57459,0.11649,18.67727,1,0.26042,0.81233,0.95376,0.00379,1,1,participant_30,question_2,No-Timer,True,Answer_Area
0.0,0,39,1,0.26038,0.7724,0,0.8901,0.87593,0.06055,362,116.09148,1,0.26001,0.76442,-0.04142,0.0738,0.61308,0.31941,0.10478,19.50498,1,0.26181,0.73428,0.94715,0.00391,1,1,0.01925,0.07501,0.64195,0.57453,0.11643,18.44945,1,0.25895,0.81052,0.95972,0.00382,1,1,participant_30,question_2,No-Timer,True,Answer_Area
0.0,0,39,1,0.25818,0.77677,0,0.8901,0.87593,0.06752,362,116.09148,1,0.25985,0.76554,-0.04142,0.0738,0.61308,0.31932,0.10467,19.44891,1,0.25189,0.73451,0.95972,0.0039,1,1,0.01925,0.07501,0.64195,0.57443,0.11624,18.67948,1,0.26447,0.81903,0.96634,0.00381,1,1,participant_30,question_2,No-Timer,True,Answer_Area
0.0,0,39,1,0.26345,0.76311,0,0.8901,0.87593,0.07399,362,116.09148,1,0.26015,0.76534,-0.04142,0.0738,0.61308,0.31932,0.10467,19.44891,1,0.2681,0.72062,0.96634,0.0039,1,1,0.01925,0.07501,0.64195,0.5744,0.11626,18.73723,1,0.25879,0.80561,0.97296,0.00382,1,1,participant_30,question_2,No-Timer,True,Answer_Area
0.0,0,39,1,0.26242,0.76188,0,0.8901,0.87593,0.08038,362,116.09148,1,0.26032,0.76507,-0.0421,0.07506,0.62315,0.31922,0.10455,19.41271,1,0.26604,0.71815,0.97296,0.00392,1,1,0.01862,0.07236,0.61926,0.57431,0.11623,18.39922,1,0.25879,0.80561,0.97296,0.00385,1,1,participant_30,question_2,No-Timer,True,Answer_Area
0.0,0,39,1,0.2605,0.7763,0,0.8901,0.87593,0.08733,362,116.09148,1,0.26033,0.76588,-0.0421,0.07506,0.62315,0.31915,0.1046,19.25329,1,0.26159,0.76145,0.97296,0.00393,1,1,0.01862,0.07236,0.61926,0.57437,0.11618,18.39331,1,0.25941,0.79114,0.96634,0.00383,1,1,participant_30,question_2,No-Timer,True,Answer_Area
0.0,0,39,1,0.26045,0.78369,0,0.8901,0.87593,0.09401,362,116.09148,1,0.26034,0.76706,-0.0421,0.07506,0.62315,0.31916,0.10455,19.31856,1,0.26209,0.77168,0.96634,0.00395,1,1,0.01862,0.07236,0.61926,0.57431,0.11623,18.35564,1,0.25881,0.79569,0.95972,0.00386,1,1,participant_30,question_2,No-Timer,True,Answer_Area
0.0,0,39,1,0.26232,0.78579,0,0.8901,0.87593,0.10047,362,116.09148,1,0.26046,0.76823,-0.04158,0.07397,0.61409,0.31908,0.10454,19.22495,1,0.26419,0.77379,0.95972,0.00395,1,1,0.01862,0.07236,0.61926,0.57431,0.11621,18.37901,1,0.26044,0.7978,0.9531,0.00384,1,1,participant_30,question_2,No-Timer,True,Answer_Area
0.0,0,39,1,0.25692,0.77839,0,0.8901,0.87593,0.10738,362,116.09148,1,0.26026,0.76883,-0.04158,0.07397,0.61409,0.31898,0.10449,19.39898,1,0.25861,0.75783,0.9531,0.00394,1,1,0.01862,0.07236,0.61926,0.57434,0.1162,18.45354,1,0.25522,0.79894,0.9531,0.00383,1,1,participant_30,question_2,No-Timer,True,Answer_Area
0.0,0,39,1,0.25996,0.78176,0,0.8901,0.87593,0.11407,362,116.09148,1,0.26024,0.76955,-0.04158,0.07397,0.61409,0.31898,0.10452,19.38552,1,0.26089,0.76826,0.9531,0.00394,1,1,0.01862,0.07236,0.61926,0.57437,0.1161,18.32215,1,0.25904,0.79527,0.9531,0.00393,1,1,participant_30,question_2,No-Timer,True,Answer_Area
0.0,0,39,1,0.25996,0.78176,0,0.8901,0.87593,0.12077,362,116.09148,1,0.26023,0.77019,-0.04158,0.07397,0.61409,0.31896,0.1045,19.44562,1,0.26089,0.76826,0.9531,0.00394,1,1,0.01862,0.07236,0.61926,0.57431,0.11621,18.37901,1,0.25904,0.79527,0.9531,0.00384,1,1,participant_30,question_2,No-Timer,True,Answer_Area
0.0,0,39,1,0.25265,0.7871,0,0.8901,0.87593,0.12755,362,116.09148,1,0.25985,0.77104,-0.04158,0.07397,0.61409,0.31885,0.10465,19.52453,1,0.25656,0.77129,0.9531,0.00398,1,1,0.01862,0.07236,0.61926,0.57427,0.11621,18.28801,1,0.24874,0.8029,0.9531,0.00383,1,1,participant_30,question_2,No-Timer,True,Answer_Area
0.0,0,39,1,0.24629,0.79875,0,0.8901,0.87593,0.13393,362,116.09148,1,0.2592,0.77236,-0.04158,0.07397,0.61409,0.31848,0.10491,19.89625,1,0.23421,0.76818,0.9531,0.00396,1,1,0.01862,0.07236,0.61926,0.57387,0.11657,18.15086,1,0.25838,0.82931,0.9531,0.00375,1,1,participant_30,question_2,No-Timer,True,Answer_Area
0.0,0,39,1,0.24629,0.79875,0,0.8901,0.87593,0.14062,362,116.09148,1,0.25861,0.77356,-0.04198,0.07443,0.6187,0.3181,0.10506,19.69457,1,0.23421,0.76818,0.9531,0.004,1,1,0.01857,0.07292,0.62403,0.57335,0.11686,18.46252,1,0.25838,0.82931,0.9531,0.00372,1,1,participant_30,question_2,No-Timer,True,Answer_Area
0.0,0,39,1,0.21348,0.8178,0,0.8901,0.87593,0.14755,362,116.09148,1,0.25665,0.77548,-0.04198,0.07443,0.6187,0.31755,0.1053,20.17907,1,0.20819,0.79642,0.9531,0.00397,1,1,0.01857,0.07292,0.62403,0.5727,0.11709,18.31869,1,0.21877,0.83918,0.9531,0.00374,1,1,participant_30,question_2,No-Timer,True,Answer_Area
0.0,0,39,1,0.21814,0.80764,0,0.8901,0.87593,0.15404,362,116.09148,1,0.25505,0.77682,-0.04198,0.07443,0.6187,0.31757,0.1053,20.06969,1,0.20988,0.78233,0.9531,0.00398,1,1,0.01857,0.07292,0.62403,0.57274,0.11704,18.29096,1,0.2264,0.83296,0.9531,0.00372,1,1,participant_30,question_2,No-Timer,True,Answer_Area
0.0,0,39,1,0.21721,0.80671,0,0.8901,0.87593,0.16071,362,116.09148,1,0.25353,0.77802,-0.04257,0.0753,0.62596,0.3175,0.10527,20.06729,1,0.20988,0.78233,0.9531,0.00397,1,1,0.01889,0.07429,0.63622,0.57269,0.11688,18.25264,1,0.22454,0.83109,0.95972,0.00375,1,1,participant_30,question_2,No-Timer,True,Answer_Area
0.0,0,39,1,0.20661,0.79619,0,0.8901,0.87593,0.16743,362,116.09148,1,0.25173,0.77872,-0.04257,0.0753,0.62596,0.31752,0.10534,20.06464,1,0.2053,0.78168,0.95972,0.004,1,1,0.01889,0.07429,0.63622,0.57301,0.11697,18.79708,1,0.20791,0.8107,0.96634,0.00374,1,1,participant_30,question_2,No-Timer,True,Answer_Area
0.0,0,39,1,0.20498,0.80657,0,0.8901,0.87593,0.17411,362,116.09148,1,0.25,0.77975,-0.04257,0.0753,0.62596,0.31754,0.1054,20.16617,1,0.21174,0.79162,0.96634,0.00402,1,1,0.01889,0.07429,0.63622,0.57297,0.117,18.83795,1,0.19821,0.82152,0.97296,0.00375,1,1,participant_30,question_2,No-Timer,True,Answer_Area
0.0,0,39,1,0.20275,0.80462,0,0.8901,0.87593,0.18105,362,116.09148,1,0.24831,0.78063,-0.04257,0.0753,0.62596,0.31754,0.1054,20.16617,1,0.20929,0.78964,0.97296,0.00402,1,1,0.01904,0.07482,0.6411,0.57296,0.11715,18.99507,1,0.1962,0.8196,0.97958,0.00371,1,1,participant_30,question_2,No-Timer,True,Answer_Area
0.0,0,39,1,0.20891,0.80855,0,0.8901,0.87593,0.18105,362,116.09148,0,0.2281,0.79968,-0.04257,0.0753,0.62596,0.31745,0.10541,20.13926,1,0.19368,0.78989,0.97958,0.00405,1,1,0.01904,0.07482,0.6411,0.57289,0.11722,18.83386,1,0.22414,0.82721,0.97958,0.00375,1,1,participant_30,question_2,No-Timer,True,Answer_Area
0.0,0,39,1,0.22059,0.81291,0,0.8901,0.87593,0.18105,362,116.09148,0,0.22435,0.8063,-0.04257,0.0753,0.62596,0.31739,0.10542,20.06061,1,0.21726,0.79763,0.97958,0.00406,1,1,0.01904,0.07482,0.6411,0.57283,0.11723,18.72866,1,0.22392,0.82818,0.97958,0.00379,1,1,participant_30,question_2,No-Timer,True,Answer_Area
0.0,0,39,1,0.22059,0.81291,0,0.8901,0.87593,0.18105,362,116.09148,0,0.22309,0.8085,-0.042,0.07425,0.61755,0.31739,0.10542,20.06061,1,0.21726,0.79763,0.97958,0.00406,1,1,0.01904,0.07482,0.6411,0.57283,0.11723,18.72866,1,0.22392,0.82818,0.97958,0.00379,1,1,participant_30,question_2,No-Timer,True,Answer_Area
0.0,0,39,1,0.20835,0.79503,0,0.8901,0.87593,0.0209,363,116.27898,1,0.21941,0.80513,-0.042,0.07425,0.61755,0.31731,0.1055,20.10113,1,0.21694,0.74624,0.97958,0.00405,1,1,0.01904,0.07482,0.6411,0.5728,0.11727,18.66953,1,0.19977,0.84381,0.97958,0.0038,1,1,participant_30,question_2,No-Timer,True,Answer_Area
0.0,0,39,1,0.21267,0.79284,0,0.8901,0.87593,0.02685,363,116.27898,1,0.21806,0.80267,-0.042,0.07425,0.61755,0.31728,0.1055,20.23452,1,0.20714,0.74884,0.97958,0.00403,1,1,0.01904,0.07482,0.6411,0.57283,0.11725,18.70001,1,0.21819,0.83683,0.97958,0.00381,1,1,participant_30,question_2,No-Timer,True,Answer_Area
0.0,0,39,1,0.21267,0.79284,0,0.8901,0.87593,0.03375,363,116.27898,1,0.21716,0.80103,-0.04219,0.07437,0.61901,0.31726,0.10557,20.13941,1,0.20714,0.74884,0.97958,0.00402,1,1,0.01904,0.07482,0.6411,0.5728,0.11727,18.66953,1,0.21819,0.83683,0.97958,0.0038,1,1,participant_30,question_2,No-Timer,True,Answer_Area
0.0,0,39,1,0.22289,0.80377,0,0.8901,0.87593,0.04024,363,116.27898,1,0.21798,0.80142,-0.04219,0.07437,0.61901,0.31712,0.10565,20.04837,1,0.22959,0.77338,0.97958,0.00404,1,1,0.01904,0.07482,0.6411,0.57281,0.11727,18.66975,1,0.21619,0.83416,0.97958,0.00379,1,1,participant_30,question_2,No-Timer,True,Answer_Area
0.0,0,39,1,0.22446,0.8149,0,0.8901,0.87593,0.04729,363,116.27898,1,0.21879,0.80311,-0.04219,0.07437,0.61901,0.31712,0.10567,20.06192,1,0.22741,0.77783,0.97958,0.00404,1,1,0.01904,0.07482,0.6411,0.57276,0.11728,18.5559,1,0.2215,0.85197,0.97958,0.00379,1,1,participant_30,question_2,No-Timer,True,Answer_Area
0.0,0,39,1,0.22238,0.81304,0,0.8901,0.87593,0.05386,363,116.27898,1,0.21919,0.80421,-0.04342,0.07646,0.63639,0.31712,0.10567,20.06192,1,0.2251,0.77579,0.9862,0.00404,1,1,0.01904,0.07472,0.6411,0.57273,0.11728,18.44551,1,0.21965,0.85028,0.9862,0.0038,1,1,participant_30,question_2,No-Timer,True,Answer_Area
0.0,0,39,1,0.21879,0.8049,0,0.8901,0.87593,0.06056,363,116.27898,1,0.21915,0.80428,-0.04342,0.07646,0.63639,0.31699,0.10572,20.07858,1,0.2097,0.76795,0.99282,0.00404,1,1,0.01904,0.07472,0.6411,0.5726,0.1175,18.64049,1,0.22789,0.84185,0.99282,0.0038,1,1,participant_30,question_2,No-Timer,True,Answer_Area
0.0,0,39,1,0.21549,0.8162,0,0.8901,0.87593,0.06741,363,116.27898,1,0.21882,0.80536,-0.04342,0.07646,0.63639,0.31692,0.10579,20.15283,1,0.20607,0.77815,0.99944,0.00403,1,1,0.01904,0.07472,0.6411,0.57256,0.11757,18.49692,1,0.22491,0.85425,0.99944,0.00377,1,1,participant_30,question_2,No-Timer,True,Answer_Area
0.0,0,39,1,0.21719,0.81775,0,0.8901,0.87593,0.07404,363,116.27898,1,0.21868,0.8064,-0.04234,0.07448,0.61986,0.31686,0.10587,20.22843,1,0.20607,0.77815,0.99944,0.00405,1,1,0.01822,0.07188,0.61677,0.57247,0.11752,18.68882,1,0.22832,0.85736,0.98686,0.00377,1,1,participant_30,question_2,No-Timer,True,Answer_Area
0.0,0,39,1,0.20873,0.80963,0,0.8901,0.87593,0.08085,363,116.27898,1,0.21792,0.80665,-0.04234,0.07448,0.61986,0.31666,0.10592,20.16504,1,0.19662,0.79196,0.98024,0.00406,1,1,0.01822,0.07188,0.61677,0.57244,0.11753,18.71341,1,0.22084,0.82731,0.96767,0.00376,1,1,participant_30,question_2,No-Timer,True,Answer_Area
0.0,0,39,1,0.22453,0.81946,0,0.8901,0.87593,0.08712,363,116.27898,1,0.21839,0.80756,-0.04234,0.07448,0.61986,0.31662,0.10599,20.13671,1,0.22648,0.81014,0.96105,0.00404,1,1,0.01822,0.07188,0.61677,0.57238,0.11757,18.84068,1,0.22257,0.82879,0.94847,0.00377,1,1,participant_30,question_2,No-Timer,True,Answer_Area
0.0,0,39,1,0.22772,0.82217,0,0.8901,0.87593,0.09383,363,116.27898,1,0.21901,0.80854,-0.04332,0.07607,0.6335,0.31657,0.106,20.19225,1,0.23098,0.81365,0.94847,0.00403,1,1,0.01838,0.0727,0.62378,0.57222,0.11756,18.38754,1,0.22447,0.8307,0.94185,0.00374,1,1,participant_30,question_2,No-Timer,True,Answer_Area
0.0,0,39,1,0.22693,0.80243,0,0.8901,0.87593,0.10115,363,116.27898,1,0.2195,0.80815,-0.04332,0.07607,0.6335,0.31633,0.10612,20.20109,1,0.24336,0.7727,0.94847,0.00404,1,1,0.01838,0.0727,0.62378,0.57208,0.11763,18.49488,1,0.21049,0.83217,0.95443,0.00376,1,1,participant_30,question_2,No-Timer,True,Answer_Area
0.0,0,39,1,0.22316,0.80218,0,0.8901,0.87593,0.10785,363,116.27898,1,0.21972,0.8078,-0.04332,0.07607,0.6335,0.31623,0.10611,20.14651,1,0.22496,0.77316,0.96105,0.00403,1,1,0.01838,0.0727,0.62378,0.57206,0.11765,18.5547,1,0.22136,0.83121,0.967,0.00377,1,1,participant_30,question_2,No-Timer,True,Answer_Area
0.0,0,39,1,0.22032,0.79947,0,0.8901,0.87593,0.11418,363,116.27898,1,0.21975,0.80734,-0.04256,0.07454,0.62037,0.31619,0.10613,20.01781,1,0.22283,0.77126,0.967,0.00405,1,1,0.01873,0.07429,0.63739,0.57192,0.11771,18.36938,1,0.21781,0.82769,0.97958,0.00376,1,1,participant_30,question_2,No-Timer,True,Answer_Area
0.0,0,39,1,0.2071,0.73775,0,0.8901,0.87593,0.12062,363,116.27898,1,0.21909,0.80368,-0.04256,0.07454,0.62037,0.31587,0.10502,20.24212,1,0.19738,0.73196,0.97296,0.00403,1,1,0.01873,0.07429,0.63739,0.5715,0.11651,18.76849,1,0.21682,0.74354,0.97958,0.00378,1,1,participant_30,question_2,No-Timer,True,Answer_Area
0.0,0,39,1,0.21833,0.64601,0,0.8901,0.87593,0.12731,363,116.27898,1,0.21905,0.79579,-0.04256,0.07454,0.62037,0.31565,0.10354,19.91732,1,0.19762,0.61104,0.97296,0.00418,1,1,0.01873,0.07429,0.63739,0.57113,0.11517,19.05937,1,0.23904,0.68097,0.97958,0.0038,1,1,participant_30,question_2,No-Timer,True,Answer_Area
0.0,0,39,1,0.21994,0.64873,0,0.8901,0.87593,0.13423,363,116.27898,1,0.21909,0.78879,-0.04292,0.07519,0.62426,0.31545,0.10282,20.17729,1,0.19762,0.61104,0.97296,0.00404,1,1,0.01761,0.07109,0.60843,0.57084,0.11442,19.3232,1,0.24226,0.68642,0.967,0.00382,1,1,participant_30,question_2,No-Timer,True,Answer_Area
0.0,0,39,1,0.19949,0.57456,0,0.8901,0.87593,0.14092,363,116.27898,1,0.2182,0.77905,-0.04292,0.07519,0.62426,0.31528,0.1023,20.44099,1,0.19728,0.53779,0.967,0.00398,1,1,0.01761,0.07109,0.60843,0.57047,0.11379,19.26233,1,0.2017,0.61132,0.95443,0.00378,1,1,participant_30,question_2,No-Timer,True,Answer_Area
0.0,0,39,1,0.19861,0.60746,0,0.8901,0.87593,0.14092,363,116.27898,0,0.216,0.74063,-0.04292,0.07519,0.62426,0.31501,0.10249,20.37611,1,0.18655,0.55994,0.95443,0.00399,1,1,0.01761,0.07109,0.60843,0.57035,0.11392,19.26955,1,0.21068,0.65497,0.94185,0.00381,1,1,participant_30,question_2,No-Timer,True,Answer_Area
0.0,0,39,1,0.20293,0.61394,0,0.8901,0.87593,0.14092,363,116.27898,0,0.20947,0.67729,-0.04249,0.07427,0.61661,0.31492,0.1025,20.23951,1,0.1915,0.56688,0.94185,0.004,1,1,0.0175,0.0708,0.60471,0.57028,0.11389,19.36333,1,0.21436,0.66101,0.92927,0.00381,1,1,participant_30,question_2,No-Timer,True,Answer_Area
0.0,0,39,1,0.20767,0.6108,0,0.8901,0.87593,0.14092,363,116.27898,0,0.20887,0.65513,-0.04249,0.07427,0.61661,0.31477,0.10256,20.32828,1,0.20822,0.57866,0.92927,0.00398,1,1,0.0175,0.0708,0.60471,0.57027,0.11397,19.21804,1,0.20711,0.64294,0.92927,0.00385,1,1,participant_30,question_2,No-Timer,True,Answer_Area
0.0,0,39,1,0.21518,0.6057,0,0.8901,0.87593,0.14092,363,116.27898,0,0.20859,0.61015,-0.04249,0.07427,0.61661,0.31463,0.10258,20.13939,1,0.20391,0.57278,0.92927,0.00399,1,1,0.0175,0.0708,0.60471,0.57026,0.11389,19.42499,1,0.22645,0.63862,0.92927,0.0038,1,1,participant_30,question_2,No-Timer,True,Answer_Area
0.0,0,39,1,0.21435,0.6042,0,0.8901,0.87593,0.14092,363,116.27898,0,0.21147,0.60717,-0.04212,0.07348,0.61004,0.31452,0.1025,20.24487,1,0.20391,0.57278,0.92927,0.00398,1,1,0.01793,0.07267,0.62109,0.57026,0.11389,19.42499,1,0.22478,0.63562,0.93523,0.00379,1,1,participant_30,question_2,No-Timer,True,Answer_Area
0.0,0,39,1,0.21622,0.58956,0,0.8901,0.87593,0.14092,363,116.27898,0,0.21305,0.6013,-0.04212,0.07348,0.61004,0.31446,0.10237,20.38072,1,0.21035,0.57192,0.93523,0.00393,1,1,0.01793,0.07267,0.62109,0.57023,0.11374,19.4836,1,0.22208,0.6072,0.94119,0.00379,1,1,participant_30,question_2,No-Timer,True,Answer_Area
0.0,0,39,1,0.20735,0.58801,0,0.8901,0.87593,0.01971,364,116.44716,1,0.21163,0.59798,-0.04212,0.07348,0.61004,0.31435,0.10236,20.29153,1,0.19853,0.55299,0.94119,0.00396,1,1,0.01793,0.07267,0.62109,0.57024,0.11375,19.46402,1,0.21617,0.62302,0.94715,0.00379,1,1,participant_30,question_2,No-Timer,True,Answer_Area
0.0,0,39,1,0.20441,0.5831,0,0.8901,0.87593,0.02642,364,116.44716,1,0.21018,0.595,-0.04144,0.07212,0.59879,0.31432,0.10237,20.3717,1,0.19622,0.54962,0.94715,0.00396,1,1,0.01864,0.07575,0.64741,0.57017,0.11378,19.43321,1,0.2126,0.61658,0.95972,0.00376,1,1,participant_30,question_2,No-Timer,True,Answer_Area
0.0,0,39,1,0.18976,0.57169,0,0.8901,0.87593,0.03323,364,116.44716,1,0.20678,0.59112,-0.04144,0.07212,0.59879,0.31411,0.10241,20.44791,1,0.18154,0.55327,0.95972,0.00394,1,1,0.01864,0.07575,0.64741,0.57007,0.11382,19.32738,1,0.19798,0.59012,0.96634,0.0038,1,1,participant_30,question_2,No-Timer,True,Answer_Area
0.0,0,39,1,0.20542,0.57691,0,0.8901,0.87593,0.03981,364,116.44716,1,0.20658,0.58909,-0.04144,0.07212,0.59879,0.31408,0.10243,20.34672,1,0.1944,0.54901,0.96634,0.00393,1,1,0.01864,0.07575,0.64741,0.57008,0.11386,19.33499,1,0.21644,0.6048,0.97296,0.00378,1,1,participant_30,question_2,No-Timer,True,Answer_Area
0.0,0,39,1,0.20108,0.56979,0,0.8901,0.87593,0.04689,364,116.44716,1,0.2059,0.58668,-0.0442,0.07684,0.63796,0.31399,0.10235,20.03231,1,0.18937,0.54164,0.97958,0.00398,1,1,0.01864,0.07575,0.64741,0.57,0.11378,19.26004,1,0.2128,0.59795,0.9862,0.00376,1,1,participant_30,question_2,No-Timer,True,Answer_Area
0.0,0,39,1,0.19771,0.58462,0,0.8901,0.87593,0.05293,364,116.44716,1,0.20499,0.58645,-0.0442,0.07684,0.63796,0.3139,0.10234,19.8357,1,0.18278,0.58425,0.99282,0.00397,1,1,0.01864,0.07575,0.64741,0.56995,0.11373,19.11947,1,0.21264,0.585,0.99282,0.00372,1,1,participant_30,question_2,No-Timer,True,Answer_Area
0.0,0,39,1,0.18708,0.5477,0,0.8901,0.87593,0.06033,364,116.44716,1,0.2032,0.58257,-0.0442,0.07684,0.63796,0.31382,0.10234,20.1076,1,0.17252,0.52166,0.99944,0.00393,1,1,0.01864,0.07575,0.64741,0.56988,0.11383,19.01756,1,0.20164,0.57373,0.99944,0.00374,1,1,participant_30,question_2,No-Timer,True,Answer_Area
0.0,0,39,1,0.18884,0.55107,0,0.8901,0.87593,0.06675,364,116.44716,1,0.20189,0.57971,-0.04261,0.074,0.61434,0.31375,0.10233,20.19039,1,0.17252,0.52166,0.99944,0.00396,1,1,0.01718,0.07024,0.59998,0.56988,0.11383,19.01756,1,0.20517,0.58048,0.98686,0.00374,1,1,participant_30,question_2,No-Timer,True,Answer_Area
0.0,0,39,1,0.19878,0.58113,0,0.8901,0.87593,0.07369,364,116.44716,1,0.20163,0.57983,-0.04261,0.074,0.61434,0.31364,0.10234,20.24271,1,0.18981,0.57511,0.98024,0.00391,1,1,0.01718,0.07024,0.59998,0.56974,0.11379,19.06714,1,0.20775,0.58716,0.96767,0.00374,1,1,participant_30,question_2,No-Timer,True,Answer_Area
0.0,0,39,1,0.20205,0.57692,0,0.8901,0.87593,0.07999,364,116.44716,1,0.20166,0.5796,-0.04261,0.074,0.61434,0.31363,0.10234,20.25588,1,0.19559,0.54425,0.96105,0.00391,1,1,0.01718,0.07024,0.59998,0.56968,0.11382,19.13009,1,0.20851,0.6096,0.94847,0.00375,1,1,participant_30,question_2,No-Timer,True,Answer_Area
0.0,0,39,1,0.2085,0.58739,0,0.8901,0.87593,0.08669,364,116.44716,1,0.20215,0.58016,-0.04298,0.07448,0.61838,0.31359,0.10237,20.08112,1,0.20291,0.55507,0.94185,0.00392,1,1,0.0172,0.07021,0.60047,0.56963,0.11383,19.08228,1,0.21409,0.6197,0.92927,0.00373,1,1,participant_30,question_2,No-Timer,True,Answer_Area
0.0,0,39,1,0.20256,0.58601,0,0.8901,0.87593,0.09335,364,116.44716,1,0.20218,0.58055,-0.04298,0.07448,0.61838,0.31342,0.10232,20.15491,1,0.19214,0.56119,0.92927,0.00393,1,1,0.0172,0.07021,0.60047,0.56961,0.11387,19.11992,1,0.21298,0.61083,0.92927,0.00371,1,1,participant_30,question_2,No-Timer,True,Answer_Area
0.0,0,39,1,0.20616,0.58707,0,0.8901,0.87593,0.10005,364,116.44716,1,0.20243,0.58096,-0.04298,0.07448,0.61838,0.31338,0.10236,20.07349,1,0.21427,0.5616,0.92927,0.00393,1,1,0.0172,0.07021,0.60047,0.56961,0.11387,19.11992,1,0.19805,0.61254,0.92927,0.00371,1,1,participant_30,question_2,No-Timer,True,Answer_Area
0.0,0,39,1,0.20299,0.58185,0,0.8901,0.87593,0.10652,364,116.44716,1,0.20246,0.58101,-0.04465,0.0773,0.64173,0.31322,0.1024,20.15642,1,0.21179,0.55787,0.93589,0.00392,1,1,0.01792,0.07337,0.62714,0.56952,0.11383,18.95525,1,0.19419,0.60582,0.94185,0.00368,1,1,participant_30,question_2,No-Timer,True,Answer_Area
0.0,0,39,1,0.20402,0.57786,0,0.8901,0.87593,0.11343,364,116.44716,1,0.20255,0.58083,-0.04465,0.0773,0.64173,0.31311,0.10236,19.98112,1,0.19741,0.56242,0.94847,0.0039,1,1,0.01792,0.07337,0.62714,0.5693,0.11373,18.88903,1,0.21062,0.59331,0.95443,0.00372,1,1,participant_30,question_2,No-Timer,True,Answer_Area
0.0,0,39,1,0.20508,0.55928,0,0.8901,0.87593,0.12012,364,116.44716,1,0.20268,0.5797,-0.04465,0.0773,0.64173,0.31307,0.10235,20.08451,1,0.18689,0.55595,0.96105,0.00391,1,1,0.01792,0.07337,0.62714,0.56929,0.11377,18.89377,1,0.22327,0.56262,0.967,0.0037,1,1,participant_30,question_2,No-Timer,True,Answer_Area
0.0,0,39,1,0.20312,0.55595,0,0.8901,0.87593,0.12663,364,116.44716,1,0.2027,0.57851,-0.04316,0.07463,0.61961,0.31304,0.10231,20.05115,1,0.18457,0.55266,0.967,0.00393,1,1,0.01768,0.07286,0.62233,0.56925,0.11375,18.92362,1,0.22167,0.55925,0.97296,0.00371,1,1,participant_30,question_2,No-Timer,True,Answer_Area
0.0,0,39,1,0.20044,0.56609,0,0.8901,0.87593,0.13351,364,116.44716,1,0.2026,0.57792,-0.04316,0.07463,0.61961,0.31285,0.1024,20.0043,1,0.19063,0.55084,0.96634,0.0039,1,1,0.01768,0.07286,0.62233,0.56913,0.11378,18.9752,1,0.21025,0.58134,0.96634,0.00368,1,1,participant_30,question_2,No-Timer,True,Answer_Area
0.0,0,39,1,0.19726,0.57726,0,0.8901,0.87593,0.14029,364,116.44716,1,0.20235,0.57789,-0.04316,0.07463,0.61961,0.3128,0.10237,20.08112,1,0.18623,0.56448,0.95972,0.00392,1,1,0.01768,0.07286,0.62233,0.56906,0.11374,18.93372,1,0.20829,0.59003,0.95972,0.00368,1,1,participant_30,question_2,No-Timer,True,Answer_Area
0.0,0,39,1,0.20036,0.58246,0,0.8901,0.87593,0.14691,364,116.44716,1,0.20227,0.57809,-0.04319,0.07453,0.61874,0.31271,0.10239,19.95547,1,0.18883,0.56808,0.9531,0.00391,1,1,0.01701,0.07025,0.60004,0.56894,0.11375,18.96068,1,0.2119,0.59683,0.94715,0.00368,1,1,participant_30,question_2,No-Timer,True,Answer_Area
0.0,0,39,1,0.20311,0.58598,0,0.8901,0.87593,0.15341,364,116.44716,1,0.2023,0.57842,-0.04319,0.07453,0.61874,0.3125,0.10249,19.90147,1,0.20508,0.56603,0.94715,0.00392,1,1,0.01701,0.07025,0.60004,0.56881,0.11379,18.89857,1,0.20114,0.60593,0.94119,0.00373,1,1,participant_30,question_2,No-Timer,True,Answer_Area
0.0,0,39,1,0.21258,0.58679,0,0.8901,0.87593,0.1601,364,116.44716,1,0.20271,0.57875,-0.04319,0.07453,0.61874,0.31241,0.10252,19.86831,1,0.20656,0.56888,0.94119,0.00391,1,1,0.01701,0.07025,0.60004,0.56874,0.11377,18.8197,1,0.21861,0.6047,0.93523,0.00367,1,1,participant_30,question_2,No-Timer,True,Answer_Area
0.0,0,39,1,0.21277,0.58664,0,0.8901,0.87593,0.16718,364,116.44716,1,0.2031,0.57906,-0.04333,0.07462,0.61948,0.31235,0.10246,19.96261,1,0.20881,0.57215,0.93523,0.00389,1,1,0.01804,0.07487,0.63988,0.56867,0.11376,18.56978,1,0.21673,0.60113,0.94185,0.00369,1,1,participant_30,question_2,No-Timer,True,Answer_Area
0.0,0,39,1,0.21882,0.59085,0,0.8901,0.87593,0.17384,364,116.44716,1,0.20368,0.57949,-0.04333,0.07462,0.61948,0.31229,0.10246,19.85284,1,0.21866,0.58516,0.94185,0.00388,1,1,0.01804,0.07487,0.63988,0.56848,0.11378,18.92871,1,0.21899,0.59654,0.95443,0.00368,1,1,participant_30,question_2,No-Timer,True,Answer_Area
0.0,0,39,1,0.20807,0.57507,0,0.8901,0.87593,0.18043,364,116.44716,1,0.20384,0.57934,-0.04333,0.07462,0.61948,0.31217,0.10252,19.80475,1,0.2064,0.56271,0.95443,0.00386,1,1,0.01804,0.07487,0.63988,0.56837,0.11378,18.97037,1,0.20974,0.58743,0.967,0.00368,1,1,participant_30,question_2,No-Timer,True,Answer_Area
0.0,0,39,1,0.20572,0.57163,0,0.8901,0.87593,0.18716,364,116.44716,1,0.2039,0.57907,-0.0433,0.0744,0.61771,0.31206,0.10256,19.92251,1,0.2017,0.55582,0.967,0.00389,1,1,0.01692,0.07057,0.60357,0.56832,0.11386,18.85283,1,0.20974,0.58743,0.967,0.00367,1,1,participant_30,question_2,No-Timer,True,Answer_Area
0.0,0,39,1,0.19846,0.58365,0,0.8901,0.87593,0.19382,364,116.44716,1,0.20372,0.57922,-0.0433,0.0744,0.61771,0.31195,0.10259,19.83296,1,0.18554,0.56416,0.967,0.00387,1,1,0.01692,0.07057,0.60357,0.56821,0.11391,18.69545,1,0.21137,0.60315,0.95443,0.00366,1,1,participant_30,question_2,No-Timer,True,Answer_Area
0.0,0,39,1,0.19658,0.60274,0,0.8901,0.87593,0.20057,364,116.44716,1,0.20349,0.57998,-0.0433,0.0744,0.61771,0.31189,0.10263,19.84025,1,0.18728,0.57027,0.95443,0.00388,1,1,0.01692,0.07057,0.60357,0.56816,0.11393,18.79374,1,0.20587,0.63522,0.94185,0.0037,1,1,participant_30,question_2,No-Timer,True,Answer_Area
0.0,0,39,1,0.20091,0.6093,0,0.8901,0.87593,0.20719,364,116.44716,1,0.20341,0.5809,-0.0433,0.0744,0.61771,0.31189,0.10263,19.84025,1,0.19223,0.57706,0.94185,0.00388,1,1,0.01723,0.07179,0.61437,0.5681,0.11396,18.80953,1,0.2096,0.64153,0.92927,0.00366,1,1,participant_30,question_2,No-Timer,True,Answer_Area
0.0,0,39,1,0.24813,0.61957,0,0.8901,0.87593,0.21391,364,116.44716,1,0.20477,0.58207,-0.0433,0.0744,0.61771,0.31254,0.10301,19.78911,1,0.23268,0.59137,0.92927,0.00388,1,1,0.01723,0.07179,0.61437,0.56872,0.11449,18.64367,1,0.26358,0.64777,0.92927,0.00365,1,1,participant_30,question_2,No-Timer,True,Answer_Area
0.0,0,39,1,0.29779,0.67564,0,0.8901,0.87593,0.2206,364,116.44716,1,0.2075,0.58482,-0.0433,0.0744,0.61771,0.31407,0.10367,19.57757,1,0.28482,0.64068,0.92927,0.00383,1,1,0.01723,0.07179,0.61437,0.5698,0.11525,18.38358,1,0.31076,0.71059,0.92927,0.00363,1,1,participant_30,question_2,No-Timer,True,Answer_Area
0.0,0,39,1,0.29613,0.67267,0,0.8901,0.87593,0.22729,364,116.44716,1,0.21003,0.58733,-0.04415,0.07681,0.6401,0.31503,0.10408,19.70294,1,0.28281,0.63754,0.93589,0.00388,1,1,0.01718,0.06993,0.59999,0.57078,0.11588,18.79285,1,0.30946,0.7078,0.93589,0.0037,1,1,participant_30,question_2,No-Timer,True,Answer_Area
0.0,0,39,1,0.44571,0.76124,0,0.8901,0.87593,0.22729,364,116.44716,0,0.24514,0.61965,-0.04415,0.07681,0.6401,0.31913,0.10615,19.5519,1,0.4427,0.70417,0.94251,0.00401,1,1,0.01718,0.06993,0.59999,0.57384,0.11653,17.34262,1,0.44872,0.81831,0.94251,0.00349,1,1,participant_30,question_2,No-Timer,True,Answer_Area
0.0,0,39,1,0.50432,0.7957,0,0.8901,0.87593,0.22729,364,116.44716,0,0.37473,0.70767,-0.04415,0.07681,0.6401,0.32183,0.10689,18.79098,1,0.50559,0.78544,0.94913,0.00388,1,1,0.01718,0.06993,0.59999,0.57607,0.11736,16.93273,1,0.50304,0.80596,0.94913,0.00361,1,1,participant_30,question_2,No-Timer,True,Answer_Area
0.0,0,39,1,0.5043,0.79378,0,0.8901,0.87593,0.22729,364,116.44716,0,0.41792,0.73637,-0.04158,0.07332,0.61409,0.3225,0.10727,19.44457,1,0.50559,0.78544,0.94913,0.00389,1,1,0.01905,0.07464,0.64161,0.57721,0.11736,16.83934,1,0.50302,0.80212,0.96171,0.00356,1,1,participant_30,question_2,No-Timer,True,Answer_Area
0.0,0,39,1,0.57696,0.83042,0,0.8901,0.87593,0.22729,364,116.44716,0,0.52853,0.80663,-0.04158,0.07332,0.61409,0.3241,0.10831,19.42064,1,0.5665,0.81295,0.95509,0.00398,1,1,0.01905,0.07464,0.64161,0.57905,0.11864,17.42587,1,0.58742,0.84789,0.96767,0.00369,1,1,participant_30,question_2,No-Timer,True,Answer_Area
0.0,0,39,1,0.58972,0.84047,0,0.8901,0.87593,0.22729,364,116.44716,0,0.55912,0.82355,-0.04158,0.07332,0.61409,0.32456,0.10818,18.91556,1,0.58295,0.82291,0.96105,0.00402,1,1,0.01905,0.07464,0.64161,0.57908,0.11868,17.36565,1,0.59649,0.85803,0.97362,0.00366,1,1,participant_30,question_2,No-Timer,True,Answer_Area
0.0,0,39,1,0.59033,0.83732,0,0.8901,0.87593,0.22729,364,116.44716,0,0.56952,0.82814,-0.04227,0.07475,0.62647,0.32448,0.10848,19.49788,1,0.58303,0.81965,0.97362,0.00396,1,1,0.01925,0.07463,0.64195,0.57934,0.11876,17.3757,1,0.59762,0.85499,0.9862,0.00359,1,1,participant_30,question_2,No-Timer,True,Answer_Area
0.0,0,39,1,0.57773,0.82622,0,0.8901,0.87593,0.01997,365,116.70138,1,0.57157,0.82766,-0.04227,0.07475,0.62647,0.32436,0.1085,19.5508,1,0.57715,0.81001,0.99282,0.00393,1,1,0.01925,0.07463,0.64195,0.57949,0.11854,17.53355,1,0.5783,0.84243,0.99282,0.00362,1,1,participant_30,question_2,No-Timer,True,Answer_Area
0.0,0,39,1,0.58597,0.83235,0,0.8901,0.87593,0.02669,365,116.70138,1,0.57445,0.8286,-0.04227,0.07475,0.62647,0.32437,0.1086,19.39674,1,0.58126,0.81887,0.99944,0.00397,1,1,0.01925,0.07463,0.64195,0.57976,0.11869,17.01628,1,0.59068,0.84584,0.99944,0.00376,1,1,participant_30,question_2,No-Timer,True,Answer_Area
0.0,0,39,1,0.58626,0.8307,0,0.8901,0.87593,0.03342,365,116.70138,1,0.57642,0.82895,-0.04227,0.07475,0.62647,0.32443,0.10861,19.37833,1,0.58129,0.81719,1.00606,0.00394,1,1,0.01925,0.07463,0.64195,0.57976,0.11871,17.40279,1,0.59122,0.8442,1.00606,0.00372,1,1,participant_30,question_2,No-Timer,True,Answer_Area
0.0,0,39,1,0.57984,0.83044,0,0.8901,0.87593,0.04006,365,116.70138,1,0.57691,0.82916,-0.04227,0.07475,0.62647,0.32448,0.10855,19.38853,1,0.58404,0.81615,1.00606,0.00391,1,1,0.01925,0.07463,0.64195,0.57991,0.11868,17.13895,1,0.57564,0.84472,1.00606,0.00373,1,1,participant_30,question_2,No-Timer,True,Answer_Area
0.0,0,39,1,0.58271,0.8287,0,0.8901,0.87593,0.04682,365,116.70138,1,0.57763,0.8291,-0.04227,0.07475,0.62647,0.32448,0.10851,19.51236,1,0.58404,0.81615,1.00606,0.00389,1,1,0.01925,0.07463,0.64195,0.57991,0.11874,17.25516,1,0.58138,0.84125,1.00606,0.00366,1,1,participant_30,question_2,No-Timer,True,Answer_Area
0.0,0,39,1,0.58225,0.83028,0,0.8901,0.87593,0.05346,365,116.70138,1,0.57815,0.82923,-0.04287,0.07586,0.63534,0.32443,0.10851,19.41055,1,0.58404,0.81615,1.00606,0.00387,1,1,0.01819,0.07015,0.60347,0.57993,0.11881,17.29663,1,0.58046,0.84441,0.99348,0.00361,1,1,participant_30,question_2,No-Timer,True,Answer_Area
0.0,0,39,1,0.58642,0.83468,0,0.8901,0.87593,0.06037,365,116.70138,1,0.57897,0.82978,-0.04287,0.07586,0.63534,0.32449,0.10848,19.22028,1,0.58678,0.81057,0.99348,0.0039,1,1,0.01819,0.07015,0.60347,0.57998,0.11875,17.19812,1,0.58606,0.85879,0.9809,0.00358,1,1,participant_30,question_2,No-Timer,True,Answer_Area
0.0,0,39,1,0.58963,0.8248,0,0.8901,0.87593,0.06686,365,116.70138,1,0.57994,0.82933,-0.04287,0.07586,0.63534,0.32448,0.10841,19.19979,1,0.58499,0.79984,0.9809,0.00388,1,1,0.01819,0.07015,0.60347,0.58007,0.11878,17.52404,1,0.59426,0.84976,0.96833,0.00356,1,1,participant_30,question_2,No-Timer,True,Answer_Area
0.0,0,39,1,0.58902,0.82812,0,0.8901,0.87593,0.07409,365,116.70138,1,0.5807,0.82923,-0.04295,0.07604,0.63643,0.32448,0.10841,19.19979,1,0.58489,0.80332,0.96833,0.00388,1,1,0.01819,0.07015,0.60347,0.5801,0.11874,17.36862,1,0.59315,0.85292,0.95575,0.00356,1,1,participant_30,question_2,No-Timer,True,Answer_Area
0.0,0,39,1,0.58966,0.8403,0,0.8901,0.87593,0.08072,365,116.70138,1,0.58139,0.83008,-0.04295,0.07604,0.63643,0.32451,0.10839,19.29805,1,0.58237,0.81088,0.95575,0.00388,1,1,0.01819,0.07015,0.60347,0.58023,0.11875,16.88887,1,0.59696,0.86972,0.95575,0.0036,1,1,participant_30,question_2,No-Timer,True,Answer_Area
0.0,0,39,1,0.59695,0.83878,0,0.8901,0.87593,0.08672,365,116.70138,1,0.5825,0.8307,-0.04295,0.07604,0.63643,0.32481,0.10822,18.81681,1,0.58958,0.80639,0.95575,0.00388,1,1,0.01819,0.07015,0.60347,0.58025,0.11874,16.89628,1,0.60433,0.87117,0.95575,0.00361,1,1,participant_30,question_2,No-Timer,True,Answer_Area
0.0,0,39,1,0.59758,0.83732,0,0.8901,0.87593,0.09364,365,116.70138,1,0.58351,0.83114,-0.04295,0.07604,0.63643,0.32455,0.1083,19.42545,1,0.58958,0.80639,0.95575,0.00384,1,1,0.0195,0.07483,0.64369,0.58035,0.11875,16.94921,1,0.60559,0.86824,0.96833,0.00367,1,1,participant_30,question_2,No-Timer,True,Answer_Area
0.0,0,39,1,0.57623,0.84205,0,0.8901,0.87593,0.10013,365,116.70138,1,0.58305,0.83182,-0.04295,0.07604,0.63643,0.32488,0.10811,18.33482,1,0.59118,0.83093,0.96833,0.00394,1,1,0.0195,0.07483,0.64369,0.58053,0.11892,17.18449,1,0.56128,0.85316,0.9809,0.00359,1,1,participant_30,question_2,No-Timer,True,Answer_Area
0.0,0,39,1,0.5795,0.83979,0,0.8901,0.87593,0.10707,365,116.70138,1,0.58284,0.83229,-0.04295,0.07604,0.63643,0.3249,0.10807,18.40797,1,0.58906,0.8218,0.9809,0.00392,1,1,0.0195,0.07483,0.64369,0.58061,0.11886,16.94807,1,0.56993,0.85778,0.99348,0.00364,1,1,participant_30,question_2,No-Timer,True,Answer_Area
0.0,0,39,1,0.57997,0.83669,0,0.8901,0.87593,0.11374,365,116.70138,1,0.58268,0.83253,-0.04287,0.07595,0.63534,0.3249,0.10808,18.44156,1,0.58921,0.8186,0.99348,0.00389,1,1,0.0195,0.07483,0.64369,0.58064,0.11883,17.0203,1,0.57072,0.85479,1.00606,0.00364,1,1,participant_30,question_2,No-Timer,True,Answer_Area
0.0,0,39,1,0.58622,0.82944,0,0.8901,0.87593,0.12047,365,116.70138,1,0.58287,0.83237,-0.04287,0.07595,0.63534,0.32482,0.10806,18.79226,1,0.59684,0.81096,1.00606,0.00386,1,1,0.0195,0.07483,0.64369,0.58069,0.11883,17.13518,1,0.5756,0.84793,1.00606,0.00365,1,1,participant_30,question_2,No-Timer,True,Answer_Area
0.0,0,39,1,0.58796,0.82671,0,0.8901,0.87593,0.12754,365,116.70138,1,0.58312,0.83209,-0.04287,0.07595,0.63534,0.32494,0.10797,18.32242,1,0.59574,0.80879,1.00606,0.00388,1,1,0.0195,0.07483,0.64369,0.58069,0.11883,17.03941,1,0.58017,0.84463,1.00606,0.00366,1,1,participant_30,question_2,No-Timer,True,Answer_Area
0.0,0,39,1,0.58751,0.82827,0,0.8901,0.87593,0.1339,365,116.70138,1,0.58333,0.83191,-0.04287,0.07595,0.63534,0.32493,0.10786,18.35363,1,0.59574,0.80879,1.00606,0.00391,1,1,0.01857,0.07091,0.60994,0.58076,0.11876,17.2391,1,0.57927,0.84774,0.99348,0.00361,1,1,participant_30,question_2,No-Timer,True,Answer_Area
0.0,0,39,1,0.59153,0.82926,0,0.8901,0.87593,0.14089,365,116.70138,1,0.5837,0.83179,-0.04287,0.07595,0.63534,0.32498,0.10804,18.24662,1,0.59998,0.80973,0.99348,0.004,1,1,0.01857,0.07091,0.60994,0.58076,0.11876,17.2391,1,0.58307,0.84878,0.9809,0.00361,1,1,participant_30,question_2,No-Timer,True,Answer_Area
0.0,0,39,1,0.58116,0.83068,0,0.8901,0.87593,0.14755,365,116.70138,1,0.58359,0.83174,-0.04287,0.07595,0.63534,0.32498,0.1079,18.1706,1,0.57248,0.80807,0.9809,0.004,1,1,0.01857,0.07091,0.60994,0.58076,0.11878,17.24281,1,0.58985,0.85329,0.96833,0.00361,1,1,participant_30,question_2,No-Timer,True,Answer_Area
0.0,0,39,1,0.5804,0.83564,0,0.8901,0.87593,0.15395,365,116.70138,1,0.58346,0.8319,-0.04144,0.07351,0.61487,0.32466,0.10808,19.15581,1,0.57257,0.81323,0.96171,0.00389,1,1,0.01857,0.07091,0.60994,0.58076,0.11878,17.24281,1,0.58823,0.85806,0.94913,0.0036,1,1,participant_30,question_2,No-Timer,True,Answer_Area
0.0,0,39,1,0.58361,0.84046,0,0.8901,0.87593,0.16065,365,116.70138,1,0.58347,0.83224,-0.04144,0.07351,0.61487,0.3247,0.10796,18.97389,1,0.57912,0.82003,0.94251,0.00381,1,1,0.01857,0.07091,0.60994,0.58081,0.11874,17.07738,1,0.58809,0.86088,0.94251,0.0036,1,1,participant_30,question_2,No-Timer,True,Answer_Area
0.0,0,39,1,0.58359,0.83845,0,0.8901,0.87593,0.16712,365,116.70138,1,0.58347,0.83248,-0.04144,0.07351,0.61487,0.32503,0.10784,18.33875,1,0.57969,0.81687,0.93589,0.00385,1,1,0.01857,0.07091,0.60994,0.58086,0.11873,17.33167,1,0.58748,0.86002,0.93589,0.00356,1,1,participant_30,question_2,No-Timer,True,Answer_Area
0.0,0,39,1,0.58355,0.83943,0,0.8901,0.87593,0.17405,365,116.70138,1,0.58347,0.83274,-0.04144,0.07351,0.61487,0.3248,0.10794,19.07359,1,0.57968,0.81868,0.92927,0.0038,1,1,0.01888,0.07193,0.61871,0.58086,0.11873,17.33167,1,0.58742,0.86018,0.93523,0.00356,1,1,participant_30,question_2,No-Timer,True,Answer_Area
0.0,0,39,1,0.58808,0.84425,0,0.8901,0.87593,0.18082,365,116.70138,1,0.58364,0.83315,-0.04144,0.07351,0.61487,0.32522,0.10779,18.36313,1,0.58226,0.82391,0.93523,0.00388,1,1,0.01888,0.07193,0.61871,0.58102,0.11875,16.81624,1,0.5939,0.86458,0.94119,0.00359,1,1,participant_30,question_2,No-Timer,True,Answer_Area
0.0,0,39,1,0.59104,0.84747,0,0.8901,0.87593,0.18767,365,116.70138,1,0.58389,0.83364,-0.04144,0.07351,0.61487,0.32523,0.10782,18.39495,1,0.58842,0.82769,0.94119,0.00393,1,1,0.01888,0.07193,0.61871,0.58102,0.11875,16.88887,1,0.59366,0.86726,0.94715,0.0036,1,1,participant_30,question_2,No-Timer,True,Answer_Area
0.0,0,39,1,0.59165,0.8452,0,0.8901,0.87593,0.19419,365,116.70138,1,0.58415,0.83403,-0.04144,0.07351,0.61487,0.32502,0.10794,18.90694,1,0.58849,0.82614,0.94715,0.00385,1,1,0.01951,0.07413,0.6377,0.58103,0.11874,16.89628,1,0.5948,0.86426,0.95972,0.0036,1,1,participant_30,question_2,No-Timer,True,Answer_Area
0.0,0,39,1,0.5871,0.83692,0,0.8901,0.87593,0.20091,365,116.70138,1,0.58425,0.83412,-0.04144,0.07351,0.61487,0.3252,0.10775,18.27934,1,0.59024,0.8183,0.95972,0.00387,1,1,0.01951,0.07413,0.6377,0.58109,0.11869,16.9077,1,0.58397,0.85555,0.96634,0.00361,1,1,participant_30,question_2,No-Timer,True,Answer_Area
0.0,0,39,1,0.58838,0.83789,0,0.8901,0.87593,0.20753,365,116.70138,1,0.58438,0.83424,-0.04144,0.07351,0.61487,0.32523,0.10771,18.36442,1,0.58993,0.81793,0.96634,0.00384,1,1,0.01951,0.07413,0.6377,0.58117,0.1187,16.7342,1,0.58683,0.85784,0.97296,0.00368,1,1,participant_30,question_2,No-Timer,True,Answer_Area
0.0,0,39,1,0.58901,0.83455,0,0.8901,0.87593,0.21426,365,116.70138,1,0.58452,0.83425,-0.04304,0.07642,0.63926,0.32528,0.1078,18.34299,1,0.5901,0.81446,0.97958,0.00387,1,1,0.01951,0.07413,0.6377,0.58127,0.11871,16.96529,1,0.58791,0.85463,0.9862,0.0037,1,1,participant_30,question_2,No-Timer,True,Answer_Area
0.0,0,39,1,0.58439,0.82838,0,0.8901,0.87593,0.22092,365,116.70138,1,0.58451,0.83408,-0.04304,0.07642,0.63926,0.32535,0.10788,18.2647,1,0.60201,0.80594,0.99282,0.00388,1,1,0.01951,0.07413,0.6377,0.58134,0.1189,17.26647,1,0.56677,0.85083,0.99282,0.00361,1,1,participant_30,question_2,No-Timer,True,Answer_Area
0.0,0,39,1,0.57876,0.82712,0,0.8901,0.87593,0.2274,365,116.70138,1,0.58435,0.83388,-0.04304,0.07642,0.63926,0.32539,0.10789,18.59878,1,0.5863,0.79992,0.99944,0.00384,1,1,0.01951,0.07413,0.6377,0.58141,0.11897,17.14005,1,0.57123,0.85432,0.99944,0.0036,1,1,participant_30,question_2,No-Timer,True,Answer_Area
0.0,0,39,1,0.57879,0.82622,0,0.8901,0.87593,0.23431,365,116.70138,1,0.58419,0.83367,-0.04326,0.07697,0.64385,0.32558,0.10788,18.12445,1,0.58636,0.79812,1.00606,0.00386,1,1,0.01903,0.07215,0.62066,0.58144,0.11891,17.23438,1,0.57123,0.85432,0.99944,0.0036,1,1,participant_30,question_2,No-Timer,True,Answer_Area
0.0,0,39,1,0.59812,0.81716,0,0.8901,0.87593,0.24078,365,116.70138,1,0.58457,0.83322,-0.04326,0.07697,0.64385,0.32589,0.10786,18.45573,1,0.59039,0.80814,0.99944,0.00385,1,1,0.01903,0.07215,0.62066,0.58163,0.11904,17.39401,1,0.60585,0.82618,0.99282,0.00364,1,1,participant_30,question_2,No-Timer,True,Answer_Area
0.0,0,39,1,0.63774,0.82398,0,0.8901,0.87593,0.24773,365,116.70138,1,0.58597,0.83298,-0.04326,0.07697,0.64385,0.32645,0.10792,18.38808,1,0.63294,0.8083,0.99282,0.00385,1,1,0.01903,0.07215,0.62066,0.58221,0.11888,17.45872,1,0.64254,0.83965,0.9862,0.0036,1,1,participant_30,question_2,No-Timer,True,Answer_Area
0.0,0,39,1,0.63756,0.82485,0,0.8901,0.87593,0.25442,365,116.70138,1,0.58729,0.83277,-0.04281,0.07652,0.64008,0.32675,0.10782,18.35544,1,0.63257,0.81005,0.9862,0.00387,1,1,0.01955,0.07354,0.63299,0.58244,0.119,17.48992,1,0.64254,0.83965,0.9862,0.00363,1,1,participant_30,question_2,No-Timer,True,Answer_Area
0.0,0,39,1,0.61669,0.83158,0,0.8901,0.87593,0.26091,365,116.70138,1,0.58803,0.83274,-0.04281,0.07652,0.64008,0.32684,0.10784,18.54403,1,0.62374,0.79665,0.9862,0.00383,1,1,0.01955,0.07354,0.63299,0.58264,0.11883,16.8237,1,0.60963,0.86652,0.99282,0.00366,1,1,participant_30,question_2,No-Timer,True,Answer_Area
0.0,0,39,1,0.61753,0.82851,0,0.8901,0.87593,0.26784,365,116.70138,1,0.58875,0.83264,-0.04281,0.07652,0.64008,0.32684,0.10784,18.54403,1,0.62348,0.79669,0.99282,0.00383,1,1,0.01955,0.07354,0.63299,0.58267,0.11876,17.28404,1,0.61159,0.86033,0.99944,0.00362,1,1,participant_30,question_2,No-Timer,True,Answer_Area
0.0,0,39,1,0.61689,0.82998,0,0.8901,0.87593,0.2745,365,116.70138,1,0.58942,0.83257,-0.04157,0.07439,0.62222,0.32689,0.10775,18.71344,1,0.62348,0.79669,0.99282,0.00379,1,1,0.01882,0.0705,0.60645,0.58282,0.11882,17.09332,1,0.61029,0.86326,0.98686,0.00371,1,1,participant_30,question_2,No-Timer,True,Answer_Area
0.0,0,39,1,0.61408,0.82726,0,0.8901,0.87593,0.2812,365,116.70138,1,0.58999,0.83245,-0.04157,0.07439,0.62222,0.32711,0.10779,18.35791,1,0.60637,0.79389,0.98024,0.00381,1,1,0.01882,0.0705,0.60645,0.58288,0.11879,17.09575,1,0.62179,0.86062,0.96767,0.00371,1,1,participant_30,question_2,No-Timer,True,Answer_Area
0.0,0,39,1,0.61577,0.833,0,0.8901,0.87593,0.28804,365,116.70138,1,0.59058,0.83246,-0.04157,0.07439,0.62222,0.32712,0.10778,18.2522,1,0.61071,0.79676,0.96105,0.00382,1,1,0.01882,0.0705,0.60645,0.58297,0.11891,17.35272,1,0.62083,0.86924,0.94847,0.00362,1,1,participant_30,question_2,No-Timer,True,Answer_Area
0.0,0,39,1,0.61556,0.8348,0,0.8901,0.87593,0.2949,365,116.70138,1,0.59113,0.83251,-0.04316,0.07732,0.64678,0.32724,0.1077,18.12255,1,0.61028,0.80036,0.94847,0.00384,1,1,0.01989,0.07413,0.63769,0.58295,0.1189,17.53377,1,0.62083,0.86924,0.94847,0.0036,1,1,participant_30,question_2,No-Timer,True,Answer_Area
0.0,0,39,1,0.63408,0.84302,0,0.8901,0.87593,0.30143,365,116.70138,1,0.59207,0.83274,-0.04316,0.07732,0.64678,0.32738,0.10745,18.14502,1,0.62504,0.83837,0.95509,0.00387,1,1,0.01989,0.07413,0.63769,0.58303,0.11885,17.43976,1,0.64312,0.84767,0.96767,0.00357,1,1,participant_30,question_2,No-Timer,True,Answer_Area
0.0,0,39,1,0.61628,0.84012,0,0.8901,0.87593,0.30807,365,116.70138,1,0.59258,0.8329,-0.04316,0.07732,0.64678,0.32746,0.10742,18.17808,1,0.63014,0.82878,0.97429,0.00385,1,1,0.01989,0.07413,0.63769,0.58313,0.11884,17.47279,1,0.60242,0.85146,0.98686,0.00357,1,1,participant_30,question_2,No-Timer,True,Answer_Area
0.0,0,39,1,0.6177,0.83538,0,0.8901,0.87593,0.30807,365,116.70138,0,0.61983,0.8308,-0.0412,0.07398,0.61883,0.32757,0.10742,17.85456,1,0.63116,0.82401,0.99348,0.00393,1,1,0.01989,0.07413,0.63769,0.58325,0.11873,17.27184,1,0.60424,0.84676,1.00606,0.00358,1,1,participant_30,question_2,No-Timer,True,Answer_Area
0.0,0,39,1,0.61978,0.8358,0,0.8901,0.87593,0.30807,365,116.70138,0,0.61981,0.8333,-0.0412,0.07398,0.61883,0.3275,0.1075,18.04872,1,0.62497,0.82009,1.00606,0.0039,1,1,0.01989,0.07413,0.63769,0.58345,0.11865,17.35431,1,0.61459,0.85152,1.00606,0.00365,1,1,participant_30,question_2,No-Timer,True,Answer_Area
0.0,0,39,1,0.60748,0.83809,0,0.8901,0.87593,0.30807,365,116.70138,0,0.6157,0.8349,-0.0412,0.07398,0.61883,0.32764,0.10749,18.104,1,0.59993,0.81954,1.00606,0.00392,1,1,0.01989,0.07413,0.63769,0.5836,0.11888,17.49417,1,0.61504,0.85664,1.00606,0.00361,1,1,participant_30,question_2,No-Timer,True,Answer_Area
0.0,0,39,1,0.6064,0.84117,0,0.8901,0.87593,0.02036,366,117.01586,1,0.61337,0.83647,-0.04534,0.08156,0.68177,0.32779,0.10743,18.05992,1,0.59979,0.8212,0.99944,0.00386,1,1,0.01906,0.07067,0.60833,0.58376,0.11892,17.22223,1,0.61301,0.86115,0.98686,0.00362,1,1,participant_30,question_2,No-Timer,True,Answer_Area
0.0,0,39,1,0.62213,0.82547,0,0.8901,0.87593,0.02718,366,117.01586,1,0.61512,0.83427,-0.04534,0.08156,0.68177,0.32806,0.10739,17.84307,1,0.61381,0.82409,0.98024,0.00388,1,1,0.01906,0.07067,0.60833,0.58378,0.11888,17.45872,1,0.63046,0.82685,0.96767,0.0036,1,1,participant_30,question_2,No-Timer,True,Answer_Area
0.0,0,39,1,0.62999,0.82757,0,0.8901,0.87593,0.03377,366,117.01586,1,0.6176,0.83315,-0.04534,0.08156,0.68177,0.32807,0.10743,17.9759,1,0.62281,0.82248,0.96105,0.00385,1,1,0.01906,0.07067,0.60833,0.58375,0.11892,17.54717,1,0.63718,0.83265,0.94847,0.00361,1,1,participant_30,question_2,No-Timer,True,Answer_Area
0.0,0,39,1,0.6297,0.82919,0,0.8901,0.87593,0.0408,366,117.01586,1,0.61933,0.83259,-0.0412,0.07441,0.6216,0.32812,0.10744,18.11606,1,0.62222,0.82573,0.94847,0.00382,1,1,0.01997,0.07367,0.63417,0.58395,0.11893,17.33121,1,0.63718,0.83265,0.94847,0.00366,1,1,participant_30,question_2,No-Timer,True,Answer_Area
0.0,0,39,1,0.60819,0.82869,0,0.8901,0.87593,0.04687,366,117.01586,1,0.61794,0.8321,-0.0412,0.07441,0.6216,0.32822,0.10747,18.32545,1,0.61214,0.82692,0.95509,0.00381,1,1,0.01997,0.07367,0.63417,0.58419,0.1189,16.75614,1,0.60424,0.83046,0.96767,0.00361,1,1,participant_30,question_2,No-Timer,True,Answer_Area
0.0,0,39,1,0.60344,0.82142,0,0.8901,0.87593,0.05379,366,117.01586,1,0.61633,0.83091,-0.0412,0.07441,0.6216,0.3283,0.10739,17.96253,1,0.59265,0.81098,0.97429,0.00384,1,1,0.01997,0.07367,0.63417,0.58441,0.11899,17.13106,1,0.61423,0.83186,0.98686,0.00358,1,1,participant_30,question_2,No-Timer,True,Answer_Area
0.0,0,39,1,0.60354,0.81974,0,0.8901,0.87593,0.06027,366,117.01586,1,0.61505,0.8298,-0.04207,0.07606,0.6354,0.32839,0.10718,18.25521,1,0.59285,0.80762,0.98686,0.00384,1,1,0.01934,0.07096,0.61117,0.58448,0.11908,17.06171,1,0.61423,0.83186,0.98686,0.00353,1,1,participant_30,question_2,No-Timer,True,Answer_Area
0.0,0,39,1,0.62209,0.82446,0,0.8901,0.87593,0.06725,366,117.01586,1,0.61569,0.82931,-0.04207,0.07606,0.6354,0.3287,0.10734,18.0904,1,0.61579,0.81355,0.98024,0.00384,1,1,0.01934,0.07096,0.61117,0.5845,0.11911,17.24245,1,0.62839,0.83537,0.96767,0.00357,1,1,participant_30,question_2,No-Timer,True,Answer_Area
0.0,0,39,1,0.61393,0.83446,0,0.8901,0.87593,0.0739,366,117.01586,1,0.61554,0.82974,-0.04207,0.07606,0.6354,0.32885,0.10739,17.80754,1,0.61921,0.8143,0.96105,0.00387,1,1,0.01934,0.07096,0.61117,0.58463,0.11919,17.61274,1,0.60865,0.85461,0.94847,0.00359,1,1,participant_30,question_2,No-Timer,True,Answer_Area
0.0,0,39,1,0.61317,0.83785,0,0.8901,0.87593,0.08069,366,117.01586,1,0.61536,0.83036,-0.04082,0.07398,0.61803,0.3289,0.10743,18.08776,1,0.61838,0.81943,0.94185,0.00383,1,1,0.02032,0.0742,0.63911,0.58477,0.11914,17.16136,1,0.60795,0.85628,0.94185,0.0036,1,1,participant_30,question_2,No-Timer,True,Answer_Area
0.0,0,39,1,0.6007,0.83919,0,0.8901,0.87593,0.08766,366,117.01586,1,0.61431,0.83099,-0.04082,0.07398,0.61803,0.32904,0.10743,18.1836,1,0.60209,0.81468,0.94185,0.0038,1,1,0.02032,0.0742,0.63911,0.58492,0.11936,17.33307,1,0.59931,0.86369,0.95443,0.00357,1,1,participant_30,question_2,No-Timer,True,Answer_Area
0.0,0,39,1,0.61124,0.83323,0,0.8901,0.87593,0.09379,366,117.01586,1,0.61411,0.83114,-0.04082,0.07398,0.61803,0.32906,0.10742,18.0941,1,0.61409,0.82214,0.95443,0.00382,1,1,0.02032,0.0742,0.63911,0.58507,0.11928,17.39523,1,0.60838,0.84432,0.967,0.00356,1,1,participant_30,question_2,No-Timer,True,Answer_Area
0.0,0,39,1,0.61194,0.82987,0,0.8901,0.87593,0.10047,366,117.01586,1,0.61397,0.83106,-0.04202,0.07624,0.63691,0.32912,0.10725,17.73091,1,0.61482,0.81713,0.97362,0.00386,1,1,0.01947,0.07079,0.60971,0.58506,0.11932,17.26328,1,0.60906,0.84262,0.97362,0.0036,1,1,participant_30,question_2,No-Timer,True,Answer_Area
0.0,0,39,1,0.61559,0.82364,0,0.8901,0.87593,0.10744,366,117.01586,1,0.61407,0.83063,-0.04202,0.07624,0.63691,0.32932,0.1071,17.92974,1,0.60356,0.79372,0.98024,0.00385,1,1,0.01947,0.07079,0.60971,0.58519,0.11923,17.55711,1,0.62762,0.85357,0.96767,0.00352,1,1,participant_30,question_2,No-Timer,True,Answer_Area
0.0,0,39,1,0.6165,0.83056,0,0.8901,0.87593,0.1143,366,117.01586,1,0.6142,0.83062,-0.04202,0.07624,0.63691,0.32942,0.10712,17.8697,1,0.60812,0.79644,0.97429,0.00389,1,1,0.01947,0.07079,0.60971,0.5852,0.11926,17.59426,1,0.62488,0.86467,0.96171,0.0035,1,1,participant_30,question_2,No-Timer,True,Answer_Area
0.0,0,39,1,0.6163,0.83233,0,0.8901,0.87593,0.12105,366,117.01586,1,0.61431,0.83071,-0.04102,0.0745,0.62237,0.32953,0.10725,17.96044,1,0.60773,0.79999,0.96171,0.00376,1,1,0.02036,0.0736,0.63431,0.58533,0.11936,17.38893,1,0.62488,0.86467,0.96171,0.00354,1,1,participant_30,question_2,No-Timer,True,Answer_Area
0.0,0,39,1,0.61497,0.84271,0,0.8901,0.87593,0.12758,366,117.01586,1,0.61435,0.83131,-0.04102,0.0745,0.62237,0.32964,0.10732,18.02562,1,0.61733,0.81913,0.95509,0.00374,1,1,0.02036,0.0736,0.63431,0.58545,0.11937,17.80241,1,0.61261,0.8663,0.96767,0.0035,1,1,participant_30,question_2,No-Timer,True,Answer_Area
0.0,0,39,1,0.60905,0.83138,0,0.8901,0.87593,0.13425,366,117.01586,1,0.61409,0.83132,-0.04102,0.0745,0.62237,0.32972,0.1072,17.856,1,0.62301,0.79999,0.96105,0.00377,1,1,0.02036,0.0736,0.63431,0.58565,0.11922,16.93767,1,0.59508,0.86278,0.97362,0.00363,1,1,participant_30,question_2,No-Timer,True,Answer_Area
0.0,0,39,1,0.60961,0.82891,0,0.8901,0.87593,0.14101,366,117.01586,1,0.61389,0.83121,-0.0417,0.07604,0.63483,0.32969,0.10724,18.3174,1,0.6236,0.79644,0.97362,0.00371,1,1,0.01996,0.07199,0.6205,0.58573,0.11933,16.77746,1,0.59561,0.86137,0.97958,0.00368,1,1,participant_30,question_2,No-Timer,True,Answer_Area
0.0,0,39,1,0.60942,0.82858,0,0.8901,0.87593,0.14735,366,117.01586,1,0.6137,0.83109,-0.0417,0.07604,0.63483,0.32978,0.10721,17.91373,1,0.61333,0.80142,0.9862,0.00376,1,1,0.01996,0.07199,0.6205,0.58572,0.11938,16.8018,1,0.60552,0.85574,0.97958,0.00362,1,1,participant_30,question_2,No-Timer,True,Answer_Area
0.0,0,39,1,0.61618,0.82608,0,0.8901,0.87593,0.1543,366,117.01586,1,0.6138,0.83088,-0.0417,0.07604,0.63483,0.32984,0.10723,17.99069,1,0.61835,0.79709,0.9862,0.00376,1,1,0.01996,0.07199,0.6205,0.58581,0.11938,17.0343,1,0.61401,0.85507,0.97958,0.00359,1,1,participant_30,question_2,No-Timer,True,Answer_Area
0.0,0,39,1,0.61586,0.8268,0,0.8901,0.87593,0.16103,366,117.01586,1,0.61388,0.83072,-0.0417,0.07604,0.63483,0.32999,0.10726,17.75389,1,0.61835,0.79709,0.9862,0.00381,1,1,0.01928,0.0694,0.59814,0.5858,0.11939,17.1879,1,0.61337,0.85652,0.97362,0.00357,1,1,participant_30,question_2,No-Timer,True,Answer_Area
0.0,0,39,1,0.60818,0.82787,0,0.8901,0.87593,0.16767,366,117.01586,1,0.61366,0.83061,-0.0417,0.07604,0.63483,0.33013,0.10714,17.84605,1,0.59975,0.79059,0.97362,0.00379,1,1,0.01928,0.0694,0.59814,0.58593,0.11937,17.22624,1,0.6166,0.86515,0.96767,0.00354,1,1,participant_30,question_2,No-Timer,True,Answer_Area
0.0,0,39,1,0.61089,0.82064,0,0.8901,0.87593,0.17437,366,117.01586,1,0.61356,0.83024,-0.0417,0.07604,0.63483,0.33021,0.10704,17.72083,1,0.6014,0.78855,0.96767,0.0038,1,1,0.01928,0.0694,0.59814,0.58591,0.11938,17.44426,1,0.62038,0.85273,0.96171,0.00351,1,1,participant_30,question_2,No-Timer,True,Answer_Area
0.0,0,39,1,0.61035,0.82331,0,0.8901,0.87593,0.18107,366,117.01586,1,0.61344,0.82999,-0.04045,0.07385,0.61661,0.33031,0.10704,17.57955,1,0.60109,0.79223,0.95509,0.00378,1,1,0.01997,0.07172,0.61812,0.58591,0.11938,17.44426,1,0.61961,0.85439,0.95509,0.00351,1,1,participant_30,question_2,No-Timer,True,Answer_Area
0.0,0,39,1,0.61487,0.8509,0,0.8901,0.87593,0.18755,366,117.01586,1,0.61349,0.83071,-0.04045,0.07385,0.61661,0.33038,0.10698,17.45966,1,0.62355,0.83399,0.94847,0.00379,1,1,0.01997,0.07172,0.61812,0.58609,0.1192,17.21071,1,0.60618,0.86781,0.95443,0.00364,1,1,participant_30,question_2,No-Timer,True,Answer_Area
0.0,0,39,1,0.61052,0.84984,0,0.8901,0.87593,0.19446,366,117.01586,1,0.61339,0.83135,-0.04045,0.07385,0.61661,0.33038,0.10694,17.49303,1,0.62125,0.83123,0.94781,0.00376,1,1,0.01997,0.07172,0.61812,0.5862,0.11935,17.03955,1,0.59979,0.86845,0.95376,0.00362,1,1,participant_30,question_2,No-Timer,True,Answer_Area
0.0,0,39,1,0.61126,0.8476,0,0.8901,0.87593,0.20097,366,117.01586,1,0.61333,0.83188,-0.04216,0.0771,0.64333,0.3304,0.10693,17.57437,1,0.62153,0.82972,0.95376,0.00375,1,1,0.0206,0.07377,0.63585,0.58636,0.11921,16.64796,1,0.60099,0.86548,0.96634,0.00367,1,1,participant_30,question_2,No-Timer,True,Answer_Area
0.0,0,39,1,0.62006,0.8252,0,0.8901,0.87593,0.20802,366,117.01586,1,0.61354,0.83167,-0.04216,0.0771,0.64333,0.33049,0.1067,17.81273,1,0.62507,0.80406,0.97296,0.00376,1,1,0.0206,0.07377,0.63585,0.58654,0.11926,16.52618,1,0.61505,0.84633,0.97958,0.00365,1,1,participant_30,question_2,No-Timer,True,Answer_Area
0.0,0,39,1,0.61164,0.77504,0,0.8901,0.87593,0.21457,366,117.01586,1,0.61348,0.82995,-0.04216,0.0771,0.64333,0.33048,0.10583,17.62041,1,0.60421,0.77551,0.9862,0.00369,1,1,0.0206,0.07377,0.63585,0.58651,0.1182,16.3919,1,0.61908,0.77458,0.99282,0.00354,1,1,participant_30,question_2,No-Timer,True,Answer_Area
0.0,0,39,1,0.61141,0.775,0,0.8901,0.87593,0.22107,366,117.01586,1,0.61342,0.82834,-0.04019,0.07408,0.61541,0.33078,0.10482,17.12282,1,0.60439,0.77352,0.99282,0.00372,1,1,0.01943,0.07025,0.60273,0.5863,0.11713,16.62641,1,0.61842,0.77648,0.98686,0.00362,1,1,participant_30,question_2,No-Timer,True,Answer_Area
0.0,0,39,1,0.60066,0.48795,0,0.8901,0.87593,0.22775,366,117.01586,1,0.61305,0.81861,-0.04019,0.07408,0.61541,0.33075,0.10081,18.36387,1,0.59994,0.45831,0.98024,0.00364,1,1,0.01943,0.07025,0.60273,0.58558,0.11339,16.61884,1,0.60137,0.51759,0.96767,0.00329,1,1,participant_30,question_2,No-Timer,True,Answer_Area
0.0,0,39,1,0.5963,0.36106,0,0.8901,0.87593,0.22775,366,117.01586,0,0.61017,0.75593,-0.04019,0.07408,0.61541,0.33054,0.09887,18.47813,1,0.58344,0.32985,0.96105,0.0037,1,1,0.01943,0.07025,0.60273,0.58496,0.11181,16.54799,1,0.60917,0.39228,0.94847,0.00344,1,1,participant_30,question_2,No-Timer,True,Question
0.0,0,39,1,0.59593,0.37089,0,0.8901,0.87593,0.22775,366,117.01586,0,0.60305,0.56341,-0.04063,0.07544,0.62209,0.3304,0.09765,18.23463,1,0.58334,0.34463,0.94185,0.00373,1,1,0.02032,0.07506,0.63911,0.58443,0.10995,17.1589,1,0.60852,0.39714,0.94185,0.00357,1,1,participant_30,question_2,No-Timer,True,Question
0.0,0,39,1,0.56277,0.14432,0,0.8901,0.87593,0.22775,366,117.01586,0,0.58962,0.42371,-0.04063,0.07544,0.62209,0.32997,0.09481,18.58598,1,0.54202,0.10985,0.94185,0.00402,1,1,0.02032,0.07506,0.63911,0.58381,0.10702,16.92164,1,0.58353,0.17879,0.95443,0.00387,1,1,participant_30,question_2,No-Timer,True,Question
0.0,0,39,1,0.55188,0.02337,0,0.8901,0.87593,0.22775,366,117.01586,0,0.5702,0.17952,-0.04063,0.07544,0.62209,0.32946,0.09377,18.65695,1,0.52846,-0.01393,0.95443,0.00401,1,1,0.02032,0.07506,0.63911,0.5833,0.1058,17.16463,1,0.5753,0.06066,0.967,0.00437,1,1,participant_30,question_2,No-Timer,True,Other
0.0,0,39,1,0.55179,0.00575,0,0.8901,0.87593,0.22775,366,117.01586,0,0.56099,0.09264,-0.04216,0.07831,0.64333,0.32934,0.09314,18.36404,1,0.52751,-0.03579,0.97362,0.00417,1,1,0.01962,0.07295,0.61873,0.58341,0.10574,17.33769,1,0.57607,0.04729,0.97958,0.00429,1,1,participant_30,question_2,No-Timer,True,Other
0.0,0,39,1,0.53229,0.01962,0,0.8901,0.87593,0.22775,366,117.01586,0,0.55142,0.0683,-0.04216,0.07831,0.64333,0.32908,0.09308,18.77641,1,0.51736,0.01728,0.9862,0.0041,1,1,0.01962,0.07295,0.61873,0.58338,0.1053,17.30638,1,0.54722,0.02197,0.97958,0.00402,1,1,participant_30,question_2,No-Timer,True,Other
0.0,0,39,1,0.55315,0.01628,0,0.8901,0.87593,0.22775,366,117.01586,0,0.54574,0.01389,-0.04216,0.07831,0.64333,0.32893,0.09312,18.87892,1,0.5527,0.02442,0.9862,0.0041,1,1,0.01962,0.07295,0.61873,0.58311,0.10508,17.61099,1,0.5536,0.00815,0.97958,0.00432,1,1,participant_30,question_2,No-Timer,True,Other
0.0,0,39,1,0.55309,0.02346,0,0.8901,0.87593,0.22775,366,117.01586,0,0.54942,0.01867,-0.04057,0.07528,0.6184,0.32893,0.09312,18.87892,1,0.55287,0.03145,0.97958,0.0041,1,1,0.01962,0.07295,0.61873,0.58328,0.10544,17.63694,1,0.55332,0.01546,0.97296,0.00403,1,1,participant_30,question_2,No-Timer,True,Other
0.0,0,39,1,0.54212,0.04114,0,0.8901,0.87593,0.22775,366,117.01586,0,0.54698,0.02616,-0.04057,0.07528,0.6184,0.3289,0.09277,18.76358,1,0.54287,0.05324,0.96634,0.00411,1,1,0.01962,0.07295,0.61873,0.58332,0.10584,17.70152,1,0.54137,0.02903,0.96634,0.00425,1,1,participant_30,question_2,No-Timer,True,Question
0.0,0,39,1,0.54461,0.04462,0,0.8901,0.87593,0.02027,367,117.29095,1,0.54639,0.03077,-0.04057,0.07528,0.6184,0.3289,0.09277,18.76358,1,0.53996,0.05987,0.95972,0.0041,1,1,0.01962,0.07295,0.61873,0.58361,0.10553,17.18543,1,0.54926,0.02936,0.95972,0.00419,1,1,participant_30,question_2,No-Timer,True,Question
0.0,0,39,1,0.54449,0.05507,0,0.8901,0.87593,0.02696,367,117.29095,1,0.54601,0.03563,-0.04057,0.07528,0.6184,0.32888,0.09283,18.79156,1,0.54021,0.06685,0.9531,0.00409,1,1,0.01947,0.07198,0.60971,0.58357,0.10546,16.96642,1,0.54877,0.04328,0.94715,0.00418,1,1,participant_30,question_2,No-Timer,True,Question
0.0,0,39,1,0.54427,0.06884,0,0.8901,0.87593,0.03333,367,117.29095,1,0.54572,0.04117,-0.04057,0.07528,0.6184,0.32867,0.09322,18.94971,1,0.53322,0.06493,0.94715,0.00411,1,1,0.01947,0.07198,0.60971,0.58384,0.10487,17.66808,1,0.55532,0.07274,0.94119,0.00394,1,1,participant_30,question_2,No-Timer,True,Question
0.0,0,39,1,0.54621,0.07362,0,0.8901,0.87593,0.04002,367,117.29095,1,0.54579,0.0458,-0.04057,0.07528,0.6184,0.32873,0.09303,18.62943,1,0.53387,0.067,0.94119,0.00406,1,1,0.01947,0.07198,0.60971,0.58358,0.10504,17.69296,1,0.55856,0.08024,0.93523,0.00417,1,1,participant_30,question_2,No-Timer,True,Question
0.0,0,39,1,0.54636,0.06969,0,0.8901,0.87593,0.04671,367,117.29095,1,0.54586,0.04879,-0.04191,0.07767,0.63809,0.32871,0.09312,18.58694,1,0.53384,0.0663,0.94185,0.00412,1,1,0.01983,0.07313,0.61945,0.58358,0.10517,17.77965,1,0.55888,0.07309,0.94185,0.0042,1,1,participant_30,question_2,No-Timer,True,Question
0.0,0,39,1,0.5471,0.05765,0,0.8901,0.87593,0.05334,367,117.29095,1,0.546,0.04977,-0.04191,0.07767,0.63809,0.32866,0.09304,18.49778,1,0.52683,0.05281,0.94847,0.00403,1,1,0.01983,0.07313,0.61945,0.58367,0.10518,17.90382,1,0.56737,0.06249,0.95443,0.0041,1,1,participant_30,question_2,No-Timer,True,Question
0.0,0,39,1,0.54469,0.03662,0,0.8901,0.87593,0.05984,367,117.29095,1,0.54587,0.04846,-0.04191,0.07767,0.63809,0.32856,0.09307,18.30522,1,0.5239,0.03995,0.96105,0.00415,1,1,0.01983,0.07313,0.61945,0.58366,0.10518,17.82675,1,0.56548,0.03329,0.967,0.00412,1,1,participant_30,question_2,No-Timer,True,Question
0.0,0,39,1,0.54469,0.02299,0,0.8901,0.87593,0.06677,367,117.29095,1,0.54576,0.04614,-0.04191,0.07767,0.63809,0.32855,0.09309,18.22651,1,0.52323,0.02643,0.97362,0.0042,1,1,0.01983,0.07313,0.61945,0.58392,0.10501,17.64389,1,0.56615,0.01955,0.97958,0.00405,1,1,participant_30,question_2,No-Timer,True,Other
0.0,0,39,1,0.54553,0.00855,0,0.8901,0.87593,0.07345,367,117.29095,1,0.54574,0.04301,-0.04191,0.07767,0.63809,0.32839,0.09306,18.47642,1,0.51651,0.02048,0.97958,0.00418,1,1,0.01983,0.07313,0.61945,0.58407,0.10483,17.58308,1,0.57454,-0.00338,0.97958,0.00403,1,1,participant_30,question_2,No-Timer,True,Other
0.0,0,39,1,0.54349,0.01148,0,0.8901,0.87593,0.07994,367,117.29095,1,0.54557,0.04059,-0.04191,0.07767,0.63809,0.32832,0.09292,18.68395,1,0.51672,0.01076,0.97958,0.00413,1,1,0.01983,0.07313,0.61945,0.58382,0.10503,17.42101,1,0.57026,0.01221,0.97958,0.00414,1,1,participant_30,question_2,No-Timer,True,Other
0.0,0,39,1,0.5435,0.01871,0,0.8901,0.87593,0.08686,367,117.29095,1,0.54542,0.03902,-0.04123,0.07615,0.62555,0.32833,0.09291,18.65747,1,0.51712,0.01794,0.97296,0.00414,1,1,0.01983,0.07313,0.61945,0.58386,0.10501,17.43648,1,0.56989,0.01949,0.97296,0.00415,1,1,participant_30,question_2,No-Timer,True,Other
0.0,0,39,1,0.53471,0.03755,0,0.8901,0.87593,0.09355,367,117.29095,1,0.54471,0.03893,-0.04123,0.07615,0.62555,0.32814,0.09314,18.99074,1,0.53014,0.0459,0.96634,0.00407,1,1,0.01983,0.07313,0.61945,0.58392,0.1049,17.3784,1,0.53928,0.02921,0.96634,0.00422,1,1,participant_30,question_2,No-Timer,True,Question
0.0,0,39,1,0.55949,0.04066,0,0.8901,0.87593,0.1003,367,117.29095,1,0.54563,0.03903,-0.04123,0.07615,0.62555,0.32804,0.09315,19.10636,1,0.55046,0.0548,0.95972,0.00406,1,1,0.01983,0.07313,0.61945,0.58404,0.1046,17.33087,1,0.56852,0.02653,0.95972,0.00414,1,1,participant_30,question_2,No-Timer,True,Question
0.0,0,39,1,0.5594,0.04783,0,0.8901,0.87593,0.10707,367,117.29095,1,0.54644,0.03955,-0.04123,0.07615,0.62555,0.32817,0.09302,18.83575,1,0.55065,0.06181,0.9531,0.00405,1,1,0.01983,0.07313,0.61945,0.58407,0.10478,17.30099,1,0.56815,0.03386,0.9531,0.00413,1,1,participant_30,question_2,No-Timer,True,Question
0.0,0,39,1,0.55208,0.04836,0,0.8901,0.87593,0.11366,367,117.29095,1,0.54675,0.04004,-0.04123,0.07615,0.62555,0.32811,0.09308,18.6246,1,0.54067,0.06162,0.9531,0.00407,1,1,0.01983,0.07313,0.61945,0.58405,0.10493,18.00403,1,0.56349,0.03511,0.9531,0.0041,1,1,participant_30,question_2,No-Timer,True,Question
0.0,0,39,1,0.54808,0.05944,0,0.8901,0.87593,0.12013,367,117.29095,1,0.54682,0.04106,-0.04123,0.07615,0.62555,0.32804,0.09316,18.46381,1,0.53158,0.04848,0.9531,0.00415,1,1,0.01983,0.07313,0.61945,0.58403,0.10486,17.98512,1,0.56457,0.07039,0.9531,0.0041,1,1,participant_30,question_2,No-Timer,True,Question
0.0,0,39,1,0.5481,0.05234,0,0.8901,0.87593,0.12706,367,117.29095,1,0.54689,0.04163,-0.04202,0.07753,0.63691,0.32805,0.09316,18.47191,1,0.53127,0.04137,0.95972,0.00414,1,1,0.01983,0.07313,0.61945,0.58403,0.10476,17.99092,1,0.56493,0.06331,0.95972,0.00413,1,1,participant_30,question_2,No-Timer,True,Question
0.0,0,39,1,0.55132,0.00468,0,0.8901,0.87593,0.13416,367,117.29095,1,0.5471,0.03987,-0.04202,0.07753,0.63691,0.32848,0.09244,18.54587,1,0.53747,-0.00838,0.96634,0.00398,1,1,0.01983,0.07313,0.61945,0.58404,0.10461,17.58014,1,0.56516,0.01774,0.96634,0.00417,1,1,participant_30,question_2,No-Timer,True,Other
0.0,0,39,1,0.57011,-0.06553,0,0.8901,0.87593,0.14044,367,117.29095,1,0.54814,0.03508,-0.04202,0.07753,0.63691,0.3288,0.09212,18.31814,1,0.56495,-0.07747,0.97296,0.00446,1,1,0.01983,0.07313,0.61945,0.58466,0.10285,17.1328,1,0.57526,-0.05359,0.97296,0.00361,1,1,participant_30,question_2,No-Timer,True,Other
0.0,0,39,1,0.57007,-0.06982,0,0.8901,0.87593,0.14758,367,117.29095,1,0.5491,0.03051,-0.04258,0.07873,0.64681,0.32873,0.09248,18.99144,1,0.56485,-0.08527,0.97958,0.0043,1,1,0.01942,0.07153,0.60515,0.5848,0.10246,17.25167,1,0.5753,-0.05437,0.97362,0.0036,1,1,participant_30,question_2,No-Timer,True,Other
0.0,0,39,1,0.57506,-0.02486,0,0.8901,0.87593,0.15361,367,117.29095,1,0.55018,0.02821,-0.04258,0.07873,0.64681,0.32878,0.09231,18.90918,1,0.57472,-0.0478,0.97362,0.00441,1,1,0.01942,0.07153,0.60515,0.58475,0.10244,17.29492,1,0.5754,-0.00192,0.96767,0.0036,1,1,participant_30,question_2,No-Timer,True,Other
0.0,0,39,1,0.5647,-0.05191,0,0.8901,0.87593,0.16055,367,117.29095,1,0.55076,0.025,-0.04258,0.07873,0.64681,0.32877,0.0922,18.80066,1,0.55728,-0.05027,0.96767,0.00435,1,1,0.01942,0.07153,0.60515,0.58471,0.10241,17.31383,1,0.57212,-0.05356,0.96171,0.0036,1,1,participant_30,question_2,No-Timer,True,Other
0.0,0,39,1,0.56464,-0.0407,0,0.8901,0.87593,0.16721,367,117.29095,1,0.55129,0.02248,-0.04123,0.07615,0.62555,0.32886,0.09191,18.41437,1,0.55756,-0.0357,0.95509,0.00441,1,1,0.02001,0.07399,0.62517,0.5846,0.10245,17.24006,1,0.57173,-0.0457,0.95509,0.00363,1,1,participant_30,question_2,No-Timer,True,Other
0.0,0,39,1,0.56122,-0.01519,0,0.8901,0.87593,0.17372,367,117.29095,1,0.55166,0.02108,-0.04123,0.07615,0.62555,0.32857,0.09215,18.22718,1,0.54987,-0.02147,0.94847,0.00424,1,1,0.02001,0.07399,0.62517,0.58463,0.10238,17.10469,1,0.57258,-0.0089,0.95443,0.00365,1,1,participant_30,question_2,No-Timer,True,Other
0.0,0,39,1,0.5595,-0.01262,0,0.8901,0.87593,0.17372,367,117.29095,0,0.56036,-0.00567,-0.04123,0.07615,0.62555,0.3285,0.09208,18.21776,1,0.54528,-0.02669,0.94781,0.0042,1,1,0.02001,0.07399,0.62517,0.58468,0.10235,17.08348,1,0.57371,0.00145,0.95376,0.00363,1,1,participant_30,question_2,No-Timer,True,Other
0.0,0,39,1,0.55949,-0.01186,0,0.8901,0.87593,0.17372,367,117.29095,0,0.55992,-0.00876,-0.04123,0.07615,0.62555,0.3285,0.09208,18.21776,1,0.5453,-0.02592,0.94715,0.0042,1,1,0.02001,0.07399,0.62517,0.58463,0.10237,16.91353,1,0.57367,0.0022,0.9531,0.00361,1,1,participant_30,question_2,No-Timer,True,Other
0.0,0,39,1,0.56923,-0.02724,0,0.8901,0.87593,0.17372,367,117.29095,0,0.56302,-0.01492,-0.04123,0.07615,0.62555,0.32822,0.09258,18.2465,1,0.56544,-0.03653,0.9531,0.00431,1,1,0.02001,0.07399,0.62517,0.58464,0.10234,17.03608,1,0.57302,-0.01795,0.9531,0.0036,1,1,participant_30,question_2,No-Timer,True,Other
0.0,0,39,1,0.56354,-0.02844,0,0.8901,0.87593,0.02001,368,117.47173,1,0.56315,-0.0183,-0.04123,0.07615,0.62555,0.32818,0.0926,18.54986,1,0.55937,-0.0343,0.9531,0.00431,1,1,0.02001,0.07399,0.62517,0.5846,0.10222,16.89826,1,0.56771,-0.02257,0.9531,0.0036,1,1,participant_30,question_2,No-Timer,True,Other
0.0,0,39,1,0.56349,-0.03266,0,0.8901,0.87593,0.02671,368,117.47173,1,0.56322,-0.02117,-0.04202,0.07753,0.63691,0.32823,0.09218,18.36569,1,0.55924,-0.04197,0.95972,0.00445,1,1,0.01947,0.07216,0.60971,0.5846,0.10213,16.92085,1,0.56775,-0.02335,0.95376,0.00361,1,1,participant_30,question_2,No-Timer,True,Other
0.0,0,39,1,0.56683,-0.03854,0,0.8901,0.87593,0.03335,368,117.47173,1,0.56382,-0.02407,-0.04202,0.07753,0.63691,0.32811,0.09252,18.95327,1,0.56082,-0.05418,0.96038,0.00429,1,1,0.01947,0.07216,0.60971,0.58463,0.10207,17.10432,1,0.57284,-0.02291,0.95443,0.0036,1,1,participant_30,question_2,No-Timer,True,Other
0.0,0,39,1,0.55887,-0.03858,0,0.8901,0.87593,0.04026,368,117.47173,1,0.56311,-0.02614,-0.04202,0.07753,0.63691,0.32804,0.09252,18.98173,1,0.55084,-0.04938,0.96105,0.00429,1,1,0.01947,0.07216,0.60971,0.58463,0.10207,17.10432,1,0.5669,-0.02778,0.95509,0.0036,1,1,participant_30,question_2,No-Timer,True,Other
0.0,0,39,1,0.55896,-0.03511,0,0.8901,0.87593,0.04688,368,117.47173,1,0.56259,-0.02726,-0.04082,0.07528,0.61803,0.328,0.09252,18.96553,1,0.55101,-0.04244,0.95509,0.00429,1,1,0.02001,0.07399,0.62517,0.58463,0.10207,17.10432,1,0.5669,-0.02778,0.95509,0.0036,1,1,participant_30,question_2,No-Timer,True,Other
0.0,0,39,1,0.55926,-0.03424,0,0.8901,0.87593,0.05366,368,117.47173,1,0.56222,-0.02804,-0.04082,0.07528,0.61803,0.32805,0.09214,19.03647,1,0.54541,-0.04829,0.94847,0.00407,1,1,0.02001,0.07399,0.62517,0.58463,0.10207,17.10432,1,0.57311,-0.02018,0.95443,0.0036,1,1,participant_30,question_2,No-Timer,True,Other
0.0,0,39,1,0.57676,-0.03367,0,0.8901,0.87593,0.06033,368,117.47173,1,0.56368,-0.0286,-0.04082,0.07528,0.61803,0.32806,0.092,19.18385,1,0.57965,-0.04694,0.94781,0.00401,1,1,0.02001,0.07399,0.62517,0.58466,0.10206,17.09181,1,0.57386,-0.02041,0.95376,0.00361,1,1,participant_30,question_2,No-Timer,True,Other
0.0,0,39,1,0.57694,-0.03675,0,0.8901,0.87593,0.06684,368,117.47173,1,0.56488,-0.02934,-0.04207,0.07739,0.6354,0.32817,0.09187,19.06206,1,0.57965,-0.04616,0.94715,0.00399,1,1,0.02058,0.0759,0.64132,0.58466,0.10203,16.9691,1,0.57422,-0.02733,0.95972,0.00362,1,1,participant_30,question_2,No-Timer,True,Other
0.0,0,39,1,0.57249,-0.05044,0,0.8901,0.87593,0.07387,368,117.47173,1,0.56552,-0.0311,-0.04207,0.07739,0.6354,0.32801,0.092,18.94801,1,0.56875,-0.05922,0.95972,0.00408,1,1,0.02058,0.0759,0.64132,0.58468,0.10201,16.92947,1,0.57624,-0.04166,0.96634,0.00362,1,1,participant_30,question_2,No-Timer,True,Other
0.0,0,39,1,0.56932,-0.05957,0,0.8901,0.87593,0.08054,368,117.47173,1,0.56581,-0.03329,-0.04207,0.07739,0.6354,0.32806,0.09194,19.15145,1,0.5674,-0.07172,0.96634,0.00403,1,1,0.02058,0.0759,0.64132,0.58467,0.10204,17.0455,1,0.57123,-0.04743,0.97296,0.00361,1,1,participant_30,question_2,No-Timer,True,Other
0.0,0,39,1,0.56946,-0.06734,0,0.8901,0.87593,0.08697,368,117.47173,1,0.56607,-0.03572,-0.04207,0.07739,0.6354,0.32797,0.09197,18.85327,1,0.56732,-0.07953,0.97296,0.00407,1,1,0.02058,0.0759,0.64132,0.58469,0.10206,17.01715,1,0.5716,-0.05516,0.97958,0.00363,1,1,participant_30,question_2,No-Timer,True,Other
0.0,0,39,1,0.57135,-0.06661,0,0.8901,0.87593,0.09367,368,117.47173,1,0.56642,-0.03778,-0.04207,0.07739,0.6354,0.32797,0.09197,18.88642,1,0.56399,-0.08128,0.97958,0.00408,1,1,0.02058,0.0759,0.64132,0.58475,0.10208,17.02539,1,0.5787,-0.05194,0.97958,0.00363,1,1,participant_30,question_2,No-Timer,True,Other
0.0,0,39,1,0.57486,-0.07234,0,0.8901,0.87593,0.10035,368,117.47173,1,0.56695,-0.03994,-0.04207,0.07739,0.6354,0.32797,0.09201,18.88673,1,0.56699,-0.0878,0.97958,0.00407,1,1,0.02058,0.0759,0.64132,0.5848,0.10211,16.98889,1,0.58273,-0.05688,0.97958,0.00361,1,1,participant_30,question_2,No-Timer,True,Other
0.0,0,39,1,0.57486,-0.07234,0,0.8901,0.87593,0.10741,368,117.47173,1,0.56741,-0.04185,-0.0416,0.07648,0.62828,0.32803,0.09204,19.13486,1,0.56699,-0.0878,0.97958,0.00405,1,1,0.02058,0.0759,0.64132,0.58483,0.10221,17.2027,1,0.58273,-0.05688,0.97958,0.0036,1,1,participant_30,question_2,No-Timer,True,Other
0.0,0,39,1,0.57458,-0.06654,0,0.8901,0.87593,0.11372,368,117.47173,1,0.56781,-0.04322,-0.0416,0.07648,0.62828,0.32803,0.09208,19.14925,1,0.56399,-0.08128,0.97958,0.00404,1,1,0.02058,0.0759,0.64132,0.58483,0.10231,17.2944,1,0.58516,-0.0518,0.97958,0.0036,1,1,participant_30,question_2,No-Timer,True,Other
0.0,0,39,1,0.57633,-0.07675,0,0.8901,0.87593,0.12045,368,117.47173,1,0.56826,-0.04498,-0.0416,0.07648,0.62828,0.32798,0.09242,18.99571,1,0.5693,-0.06566,0.97958,0.00424,1,1,0.02058,0.0759,0.64132,0.58483,0.10233,17.22492,1,0.58335,-0.08783,0.97958,0.0036,1,1,participant_30,question_2,No-Timer,True,Other
0.0,0,39,1,0.57633,-0.07675,0,0.8901,0.87593,0.12746,368,117.47173,1,0.56866,-0.04657,-0.0416,0.07648,0.62828,0.32798,0.09242,18.99571,1,0.5693,-0.06566,0.97958,0.00424,1,1,0.02058,0.0759,0.64132,0.58487,0.10229,17.12567,1,0.58335,-0.08783,0.97958,0.00359,1,1,participant_30,question_2,No-Timer,True,Other
0.0,0,39,1,0.58,-0.06511,0,0.8901,0.87593,0.13393,368,117.47173,1,0.5692,-0.04745,-0.0416,0.07648,0.62828,0.32798,0.0924,19.05018,1,0.56571,-0.05532,0.97958,0.00423,1,1,0.02058,0.0759,0.64132,0.58484,0.10233,17.21088,1,0.59429,-0.0749,0.97958,0.0036,1,1,participant_30,question_2,No-Timer,True,Other
0.0,0,39,1,0.58423,-0.06424,0,0.8901,0.87593,0.14095,368,117.47173,1,0.56989,-0.04822,-0.0416,0.07648,0.62828,0.32798,0.0924,19.05018,1,0.57276,-0.05874,0.97958,0.00423,1,1,0.02058,0.0759,0.64132,0.58486,0.10236,17.26859,1,0.5957,-0.06973,0.97958,0.00358,1,1,participant_30,question_2,No-Timer,True,Other
0.0,0,39,1,0.58397,-0.06033,0,0.8901,0.87593,0.14764,368,117.47173,1,0.5705,-0.04874,-0.04082,0.07523,0.61803,0.32798,0.0924,19.0558,1,0.57276,-0.05874,0.97958,0.00423,1,1,0.02,0.07359,0.62183,0.58488,0.10226,17.68461,1,0.59519,-0.06192,0.97296,0.00356,1,1,participant_30,question_2,No-Timer,True,Other
0.0,0,39,1,0.57563,-0.05235,0,0.8901,0.87593,0.15415,368,117.47173,1,0.57071,-0.04889,-0.04082,0.07523,0.61803,0.32802,0.09252,19.10892,1,0.55609,-0.05699,0.97296,0.00429,1,1,0.02,0.07359,0.62183,0.58488,0.10251,17.29735,1,0.59517,-0.04772,0.96634,0.00363,1,1,participant_30,question_2,No-Timer,True,Other
0.0,0,39,1,0.58447,-0.04421,0,0.8901,0.87593,0.16039,368,117.47173,1,0.57126,-0.04871,-0.04082,0.07523,0.61803,0.328,0.09253,19.07245,1,0.57338,-0.05469,0.96634,0.00428,1,1,0.02,0.07359,0.62183,0.58497,0.10261,17.12256,1,0.59555,-0.03373,0.95972,0.00359,1,1,participant_30,question_2,No-Timer,True,Other
0.0,0,39,1,0.58449,-0.04036,0,0.8901,0.87593,0.1671,368,117.47173,1,0.57177,-0.04839,-0.0416,0.07648,0.62828,0.32816,0.09244,18.69572,1,0.57343,-0.04699,0.95972,0.00427,1,1,0.0203,0.07471,0.63246,0.58493,0.10264,17.16031,1,0.59555,-0.03373,0.95972,0.0036,1,1,participant_30,question_2,No-Timer,True,Other
0.0,0,39,1,0.50843,-0.03165,0,0.8901,0.87593,0.17405,368,117.47173,1,0.56943,-0.04777,-0.0416,0.07648,0.62828,0.32678,0.09231,18.73041,1,0.49726,-0.03107,0.95972,0.0043,1,1,0.0203,0.07471,0.63246,0.58341,0.10366,17.02423,1,0.51959,-0.03223,0.96634,0.0043,1,1,participant_30,question_2,No-Timer,True,Other
0.0,0,39,1,0.47411,-0.07255,0,0.8901,0.87593,0.18069,368,117.47173,1,0.56602,-0.04865,-0.0416,0.07648,0.62828,0.32585,0.09226,19.05168,1,0.46618,-0.0593,0.96634,0.00414,1,1,0.0203,0.07471,0.63246,0.58249,0.10409,17.86132,1,0.48204,-0.0858,0.97296,0.00428,1,1,participant_30,question_2,No-Timer,True,Other
0.0,0,39,1,0.47381,-0.07282,0,0.8901,0.87593,0.1872,368,117.47173,1,0.56284,-0.04948,-0.04193,0.07657,0.62902,0.32526,0.09228,18.80687,1,0.46547,-0.0671,0.97296,0.00426,1,1,0.01895,0.0714,0.60482,0.5816,0.10386,17.86771,1,0.48214,-0.07855,0.967,0.00434,1,1,participant_30,question_2,No-Timer,True,Other
0.0,0,39,1,0.46845,-0.05336,0,0.8901,0.87593,0.19441,368,117.47173,1,0.5597,-0.04961,-0.04193,0.07657,0.62902,0.32493,0.09202,19.10032,1,0.44251,-0.05247,0.967,0.00402,1,1,0.01895,0.0714,0.60482,0.58123,0.10409,17.65905,1,0.49439,-0.05424,0.95443,0.004,1,1,participant_30,question_2,No-Timer,True,Other
0.0,0,39,1,0.47663,-0.03848,0,0.8901,0.87593,0.20154,368,117.47173,1,0.55702,-0.04925,-0.04193,0.07657,0.62902,0.325,0.09195,18.96874,1,0.446,-0.04426,0.95443,0.004,1,1,0.01895,0.0714,0.60482,0.58162,0.10397,18.08719,1,0.50725,-0.0327,0.94185,0.00412,1,1,participant_30,question_2,No-Timer,True,Other
0.0,0,39,1,0.47701,-0.03497,0,0.8901,0.87593,0.20754,368,117.47173,1,0.55452,-0.04881,-0.04316,0.07868,0.64678,0.32509,0.09196,19.15071,1,0.44677,-0.03724,0.94847,0.004,1,1,0.01964,0.0738,0.62517,0.58162,0.10399,18.14756,1,0.50725,-0.0327,0.94185,0.00412,1,1,participant_30,question_2,No-Timer,True,Other
0.0,0,39,1,0.47558,-0.03528,0,0.8901,0.87593,0.20754,368,117.47173,0,0.52223,-0.05005,-0.04316,0.07868,0.64678,0.32501,0.09221,18.95762,1,0.44794,-0.0295,0.94847,0.00432,1,1,0.01964,0.0738,0.62517,0.58165,0.10418,18.17176,1,0.50322,-0.04105,0.95443,0.00417,1,1,participant_30,question_2,No-Timer,True,Other
0.0,0,39,1,0.47608,-0.04313,0,0.8901,0.87593,0.20754,368,117.47173,0,0.49916,-0.04659,-0.04316,0.07868,0.64678,0.325,0.09208,18.96711,1,0.44647,-0.03965,0.96105,0.00423,1,1,0.01964,0.0738,0.62517,0.58156,0.10409,17.88361,1,0.50569,-0.04662,0.967,0.00418,1,1,participant_30,question_2,No-Timer,True,Other
0.0,0,39,1,0.4753,-0.06181,0,0.8901,0.87593,0.20754,368,117.47173,0,0.49121,-0.05166,-0.04316,0.07873,0.64678,0.32503,0.09223,18.86264,1,0.44487,-0.0543,0.97362,0.00435,1,1,0.0201,0.07534,0.63822,0.58165,0.10425,18.23092,1,0.50573,-0.06931,0.9862,0.00414,1,1,participant_30,question_2,No-Timer,True,Other
0.0,0,39,1,0.48079,-0.08773,0,0.8901,0.87593,0.02066,369,117.68596,1,0.4886,-0.06068,-0.04316,0.07873,0.64678,0.32493,0.0923,18.93558,1,0.45787,-0.08616,0.9862,0.00418,1,1,0.0201,0.07534,0.63822,0.58166,0.10416,18.17836,1,0.50371,-0.0893,0.99282,0.00417,1,1,participant_30,question_2,No-Timer,True,Other
0.0,0,39,1,0.47945,-0.09454,0,0.8901,0.87593,0.02714,369,117.68596,1,0.48677,-0.06745,-0.04316,0.07873,0.64678,0.32493,0.092,19.12388,1,0.45531,-0.09288,0.99282,0.00399,1,1,0.0201,0.07534,0.63822,0.58165,0.10414,18.1566,1,0.50359,-0.09621,0.99944,0.00418,1,1,participant_30,question_2,No-Timer,True,Other
0.0,0,39,1,0.47945,-0.09454,0,0.8901,0.87593,0.03355,369,117.68596,1,0.48555,-0.07197,-0.04138,0.07539,0.61935,0.32493,0.092,19.12388,1,0.45531,-0.09288,0.99282,0.00399,1,1,0.0201,0.07534,0.63822,0.58165,0.10414,18.1566,1,0.50359,-0.09621,0.99944,0.00418,1,1,participant_30,question_2,No-Timer,True,Other
0.0,0,39,1,0.48175,-0.10172,0,0.8901,0.87593,0.04015,369,117.68596,1,0.48501,-0.07622,-0.04138,0.07539,0.61935,0.32493,0.09201,19.07082,1,0.45048,-0.09256,0.99282,0.004,1,1,0.0201,0.07534,0.63822,0.58171,0.10404,17.92165,1,0.51302,-0.11088,0.99282,0.00423,1,1,participant_30,question_2,No-Timer,True,Other
0.0,0,39,1,0.47658,-0.08338,0,0.8901,0.87593,0.04665,369,117.68596,1,0.48395,-0.07711,-0.04138,0.07539,0.61935,0.32493,0.09201,19.07082,1,0.45018,-0.08829,0.9862,0.004,1,1,0.0201,0.07534,0.63822,0.58171,0.10404,17.92165,1,0.50298,-0.07846,0.9862,0.00423,1,1,participant_30,question_2,No-Timer,True,Other
0.0,0,39,1,0.47698,-0.07551,0,0.8901,0.87593,0.05356,369,117.68596,1,0.48318,-0.07694,-0.04157,0.07579,0.62222,0.32491,0.09201,19.02736,1,0.45098,-0.08045,0.97958,0.00401,1,1,0.0201,0.07534,0.63822,0.58164,0.10407,18.09872,1,0.50298,-0.07057,0.97958,0.00421,1,1,participant_30,question_2,No-Timer,True,Other
0.0,0,39,1,0.46815,-0.05945,0,0.8901,0.87593,0.0603,369,117.68596,1,0.48168,-0.07519,-0.04157,0.07579,0.62222,0.32479,0.09192,18.71808,1,0.45106,-0.08125,0.97958,0.00404,1,1,0.0201,0.07534,0.63822,0.58176,0.10413,17.90471,1,0.48525,-0.03764,0.97958,0.00421,1,1,participant_30,question_2,No-Timer,True,Other
0.0,0,39,1,0.47924,-0.06173,0,0.8901,0.87593,0.06696,369,117.68596,1,0.48146,-0.07396,-0.04157,0.07579,0.62222,0.32495,0.09191,19.09927,1,0.47359,-0.08445,0.97958,0.00412,1,1,0.0201,0.07534,0.63822,0.58179,0.10397,17.73014,1,0.4849,-0.03902,0.97958,0.00429,1,1,participant_30,question_2,No-Timer,True,Other
0.0,0,39,1,0.47924,-0.06173,0,0.8901,0.87593,0.07365,369,117.68596,1,0.48127,-0.07294,-0.04157,0.07579,0.62222,0.32492,0.0919,19.04976,1,0.47359,-0.08445,0.97958,0.0041,1,1,0.0201,0.07534,0.63822,0.58178,0.10395,17.71493,1,0.4849,-0.03902,0.97958,0.00428,1,1,participant_30,question_2,No-Timer,True,Other
0.0,0,39,1,0.47703,-0.06663,0,0.8901,0.87593,0.08038,369,117.68596,1,0.48095,-0.07246,-0.04157,0.07579,0.62222,0.32489,0.0919,19.05791,1,0.46915,-0.08011,0.97958,0.00415,1,1,0.0201,0.07534,0.63822,0.58173,0.10402,17.94414,1,0.48491,-0.05314,0.97958,0.00434,1,1,participant_30,question_2,No-Timer,True,Other
0.0,0,39,1,0.47121,-0.07418,0,0.8901,0.87593,0.08685,369,117.68596,1,0.48025,-0.07258,-0.04157,0.07579,0.62222,0.32481,0.09176,19.23292,1,0.46576,-0.08647,0.97958,0.00407,1,1,0.0201,0.07534,0.63822,0.58169,0.10395,17.8928,1,0.47667,-0.0619,0.97958,0.00435,1,1,participant_30,question_2,No-Timer,True,Other
0.0,0,39,1,0.47086,-0.07812,0,0.8901,0.87593,0.09374,369,117.68596,1,0.47962,-0.07295,-0.04281,0.07796,0.64008,0.3247,0.09171,18.9895,1,0.46505,-0.09434,0.9862,0.00405,1,1,0.01964,0.0738,0.62517,0.58164,0.1039,18.01257,1,0.47667,-0.0619,0.97958,0.00437,1,1,participant_30,question_2,No-Timer,True,Other
0.0,0,38,1,0.46372,-0.08132,0,0.8901,0.87593,0.10044,369,117.68596,1,0.47863,-0.07347,-0.04281,0.07796,0.64008,0.32449,0.09186,19.39067,1,0.45851,-0.10352,0.9862,0.0041,1,1,0.01964,0.0738,0.62517,0.58147,0.10353,17.84753,1,0.46893,-0.05913,0.97958,0.00442,1,1,participant_30,question_2,No-Timer,True,Other
0.0,0,38,1,0.46394,-0.08146,0,0.8901,0.87593,0.10714,369,117.68596,1,0.47777,-0.07394,-0.04281,0.07796,0.64008,0.32448,0.09193,19.41448,1,0.45895,-0.1038,0.9862,0.00413,1,1,0.01964,0.0738,0.62517,0.58146,0.10344,17.61008,1,0.46893,-0.05913,0.97958,0.00445,1,1,participant_30,question_2,No-Timer,True,Other
0.0,0,38,1,0.46402,-0.07794,0,0.8901,0.87593,0.1141,369,117.68596,1,0.477,-0.07417,-0.04281,0.07806,0.64008,0.32446,0.09194,19.3398,1,0.45895,-0.1038,0.9862,0.00414,1,1,0.01903,0.07175,0.60737,0.58139,0.10342,17.41574,1,0.4691,-0.05207,0.97362,0.00446,1,1,participant_30,question_2,No-Timer,True,Other
0.0,0,38,1,0.47187,-0.07257,0,0.8901,0.87593,0.12089,369,117.68596,1,0.47673,-0.07408,-0.04281,0.07806,0.64008,0.32435,0.09182,19.17342,1,0.45278,-0.09445,0.97362,0.00411,1,1,0.01903,0.07175,0.60737,0.58126,0.10344,17.00996,1,0.49097,-0.05069,0.96767,0.00454,1,1,participant_30,question_2,No-Timer,True,Other
0.0,0,38,1,0.46786,-0.0751,0,0.8901,0.87593,0.12746,369,117.68596,1,0.47629,-0.07413,-0.04281,0.07806,0.64008,0.32426,0.09158,19.08072,1,0.44321,-0.1007,0.96767,0.00411,1,1,0.01903,0.07175,0.60737,0.58136,0.10315,17.71318,1,0.49251,-0.0495,0.96171,0.00413,1,1,participant_30,question_2,No-Timer,True,Other
0.0,0,38,1,0.46873,-0.05992,0,0.8901,0.87593,0.13406,369,117.68596,1,0.47593,-0.07346,-0.04135,0.07515,0.61626,0.32428,0.09145,18.9062,1,0.44483,-0.08534,0.95509,0.00416,1,1,0.01902,0.07174,0.60696,0.58141,0.10321,17.65268,1,0.49262,-0.0345,0.94913,0.00412,1,1,participant_30,question_2,No-Timer,True,Other
0.0,0,38,1,0.47886,0.01815,0,0.8901,0.87593,0.14062,369,117.68596,1,0.47606,-0.06929,-0.04135,0.07515,0.61626,0.32433,0.09145,18.95888,1,0.47538,-0.00842,0.94251,0.00441,1,1,0.01902,0.07174,0.60696,0.58103,0.1034,18.00971,1,0.48234,0.04473,0.94251,0.00412,1,1,participant_30,question_2,No-Timer,True,Other
0.0,0,38,1,0.47487,-0.01569,0,0.8901,0.87593,0.14732,369,117.68596,1,0.47601,-0.06696,-0.04135,0.07515,0.61626,0.3245,0.09092,19.09412,1,0.46388,-0.04918,0.93589,0.00415,1,1,0.01902,0.07174,0.60696,0.58091,0.10284,18.43993,1,0.48586,0.0178,0.93589,0.00392,1,1,participant_30,question_2,No-Timer,True,Other
0.0,0,38,1,0.47482,-0.01913,0,0.8901,0.87593,0.15402,369,117.68596,1,0.47596,-0.06497,-0.04281,0.07825,0.64008,0.32458,0.09091,19.27276,1,0.46388,-0.04918,0.93589,0.0041,1,1,0.01947,0.07424,0.62571,0.58088,0.10318,18.18172,1,0.48577,0.01092,0.94185,0.0042,1,1,participant_30,question_2,No-Timer,True,Other
0.0,0,38,1,0.52048,0.31991,0,0.8901,0.87593,0.15402,369,117.68596,0,0.47427,-0.02478,-0.04281,0.07825,0.64008,0.32534,0.09388,13.9751,1,0.52048,0.31991,0.94847,0.0029,1,1,0.01947,0.07424,0.62571,0.58088,0.10318,18.18172,0,0.48577,0.01092,0.95443,0.0042,1,0,participant_30,question_2,No-Timer,True,Question
0.0,0,38,0,0.52048,0.31991,0,0.8901,0.87593,0.15402,369,117.68596,0,0.47427,-0.02478,-0.04281,0.07825,0.64008,0.32534,0.09388,13.9751,0,0.52048,0.31991,0.96105,0.0029,1,0,0.01947,0.07424,0.62571,0.58088,0.10318,18.18172,0,0.48577,0.01092,0.967,0.0042,1,0,participant_30,question_2,No-Timer,False,Question
0.0,0,38,0,0.52048,0.31991,0,0.8901,0.87593,0.15402,369,117.68596,0,0.47427,-0.02478,-0.04281,0.07825,0.64008,0.32534,0.09388,13.9751,0,0.52048,0.31991,0.97362,0.0029,1,0,0.01947,0.07424,0.62571,0.58088,0.10318,18.18172,0,0.48577,0.01092,0.97958,0.0042,1,0,participant_30,question_2,No-Timer,False,Question
0.0,0,38,0,0.52048,0.31991,0,0.8901,0.87593,0.15402,369,117.68596,0,0.0,0.0,-0.04281,0.07825,0.64008,0.32534,0.09388,13.9751,0,0.52048,0.31991,0.97958,0.0029,1,0,0.01947,0.07424,0.62571,0.58088,0.10318,18.18172,0,0.48577,0.01092,0.97958,0.0042,1,0,participant_30,question_2,No-Timer,False,Question
0.0,0,38,0,0.52048,0.31991,0,0.8901,0.87593,0.15402,369,117.68596,0,0.0,0.0,-0.04281,0.07825,0.64008,0.32534,0.09388,13.9751,0,0.52048,0.31991,0.97958,0.0029,1,0,0.01947,0.07424,0.62571,0.58088,0.10318,18.18172,0,0.48577,0.01092,0.97958,0.0042,1,0,participant_30,question_2,No-Timer,False,Question
0.0,0,38,0,0.52048,0.31991,0,0.8901,0.87593,0.15402,369,117.68596,0,0.0,0.0,-0.04281,0.07825,0.64008,0.32534,0.09388,13.9751,0,0.52048,0.31991,0.97958,0.0029,1,0,0.01947,0.07424,0.62571,0.58088,0.10318,18.18172,0,0.48577,0.01092,0.97958,0.0042,1,0,participant_30,question_2,No-Timer,False,Question
0.0,0,38,0,0.52048,0.31991,0,0.8901,0.87593,0.15402,369,117.68596,0,0.0,0.0,-0.04281,0.07825,0.64008,0.32534,0.09388,13.9751,0,0.52048,0.31991,0.97958,0.0029,1,0,0.01947,0.07424,0.62571,0.58088,0.10318,18.18172,0,0.48577,0.01092,0.97958,0.0042,1,0,participant_30,question_2,No-Timer,False,Question
0.0,67,38,0,0.52048,0.31991,0,0.8901,0.87593,0.15402,369,117.68596,0,0.0,0.0,-0.04281,0.07825,0.64008,0.32534,0.09388,13.9751,0,0.52048,0.31991,0.97958,0.0029,1,0,0.01947,0.07424,0.62571,0.58088,0.10318,18.18172,0,0.48577,0.01092,0.97958,0.0042,1,0,participant_30,question_2,No-Timer,True,Question
0.0,67,38,0,0.52048,0.31991,0,0.8901,0.87593,0.15402,369,117.68596,0,0.0,0.0,-0.04281,0.07825,0.64008,0.32534,0.09388,13.9751,0,0.52048,0.31991,0.97958,0.0029,1,0,0.01947,0.07424,0.62571,0.58088,0.10318,18.18172,0,0.48577,0.01092,0.97958,0.0042,1,0,participant_30,question_2,No-Timer,True,Question
0.0,67,38,0,0.52048,0.31991,0,0.8901,0.87593,0.15402,369,117.68596,0,0.0,0.0,-0.04281,0.07825,0.64008,0.32534,0.09388,13.9751,0,0.52048,0.31991,0.97958,0.0029,1,0,0.01947,0.07424,0.62571,0.58088,0.10318,18.18172,0,0.48577,0.01092,0.97958,0.0042,1,0,participant_30,question_2,No-Timer,True,Question
0.0,67,38,0,0.52048,0.31991,0,0.8901,0.87593,0.15402,369,117.68596,0,0.0,0.0,-0.04281,0.07825,0.64008,0.32534,0.09388,13.9751,0,0.52048,0.31991,0.97958,0.0029,1,0,0.01947,0.07424,0.62571,0.58088,0.10318,18.18172,0,0.48577,0.01092,0.97958,0.0042,1,0,participant_30,question_2,No-Timer,True,Question
0.0,67,38,0,0.52048,0.31991,0,0.8901,0.87593,0.15402,369,117.68596,0,0.0,0.0,-0.04281,0.07825,0.64008,0.32534,0.09388,13.9751,0,0.52048,0.31991,0.97958,0.0029,1,0,0.01947,0.07424,0.62571,0.58088,0.10318,18.18172,0,0.48577,0.01092,0.97958,0.0042,1,0,participant_30,question_2,No-Timer,True,Question
0.0,67,38,0,0.52048,0.31991,0,0.8901,0.87593,0.15402,369,117.68596,0,0.0,0.0,-0.04281,0.07825,0.64008,0.32534,0.09388,13.9751,0,0.52048,0.31991,0.97958,0.0029,1,0,0.01947,0.07424,0.62571,0.58088,0.10318,18.18172,0,0.48577,0.01092,0.97958,0.0042,1,0,participant_30,question_2,No-Timer,True,Question
0.0,67,38,0,0.52048,0.31991,0,0.8901,0.87593,0.15402,369,117.68596,0,0.0,0.0,-0.04281,0.07825,0.64008,0.32534,0.09388,13.9751,0,0.52048,0.31991,0.97958,0.0029,1,0,0.01947,0.07424,0.62571,0.58088,0.10318,18.18172,0,0.48577,0.01092,0.97958,0.0042,1,0,participant_30,question_2,No-Timer,True,Question
0.0,67,38,0,0.52048,0.31991,0,0.8901,0.87593,0.15402,369,117.68596,0,0.0,0.0,-0.04281,0.07825,0.64008,0.32534,0.09388,13.9751,0,0.52048,0.31991,0.97958,0.0029,1,0,0.01947,0.07424,0.62571,0.58088,0.10318,18.18172,0,0.48577,0.01092,0.97958,0.0042,1,0,participant_30,question_2,No-Timer,True,Question
0.0,67,38,0,0.52048,0.31991,0,0.8901,0.87593,0.15402,369,117.68596,0,0.0,0.0,-0.04281,0.07825,0.64008,0.32534,0.09388,13.9751,0,0.52048,0.31991,0.97958,0.0029,1,0,0.01947,0.07424,0.62571,0.58088,0.10318,18.18172,0,0.48577,0.01092,0.97958,0.0042,1,0,participant_30,question_2,No-Timer,True,Question
0.0,67,38,0,0.52048,0.31991,0,0.8901,0.87593,0.15402,369,117.68596,0,0.0,0.0,-0.04281,0.07825,0.64008,0.32534,0.09388,13.9751,0,0.52048,0.31991,0.97958,0.0029,1,0,0.01947,0.07424,0.62571,0.58088,0.10318,18.18172,0,0.48577,0.01092,0.97958,0.0042,1,0,participant_30,question_2,No-Timer,True,Question
0.0,67,38,0,0.52048,0.31991,0,0.8901,0.87593,0.15402,369,117.68596,0,0.0,0.0,-0.04281,0.07825,0.64008,0.32534,0.09388,13.9751,0,0.52048,0.31991,0.97958,0.0029,1,0,0.01947,0.07424,0.62571,0.58088,0.10318,18.18172,0,0.48577,0.01092,0.97958,0.0042,1,0,participant_30,question_2,No-Timer,True,Question
0.0,67,38,0,0.52048,0.31991,0,0.8901,0.87593,0.15402,369,117.68596,0,0.0,0.0,-0.04281,0.07825,0.64008,0.32534,0.09388,13.9751,0,0.52048,0.31991,0.97958,0.0029,1,0,0.01947,0.07424,0.62571,0.58088,0.10318,18.18172,0,0.48577,0.01092,0.97958,0.0042,1,0,participant_30,question_2,No-Timer,True,Question
0.0,67,38,0,0.52048,0.31991,0,0.8901,0.87593,0.15402,369,117.68596,0,0.0,0.0,-0.04281,0.07825,0.64008,0.32534,0.09388,13.9751,0,0.52048,0.31991,0.97958,0.0029,1,0,0.01947,0.07424,0.62571,0.58088,0.10318,18.18172,0,0.48577,0.01092,0.97958,0.0042,1,0,participant_30,question_2,No-Timer,True,Question
0.0,67,38,0,0.52048,0.31991,0,0.8901,0.87593,0.15402,369,117.68596,0,0.0,0.0,-0.04281,0.07825,0.64008,0.32534,0.09388,13.9751,0,0.52048,0.31991,0.97958,0.0029,1,0,0.01947,0.07424,0.62571,0.58088,0.10318,18.18172,0,0.48577,0.01092,0.97958,0.0042,1,0,participant_30,question_2,No-Timer,True,Question
0.09327,0,39,1,0.4778,-0.0744,0,0.8901,0.87593,0.15402,369,117.68596,0,0.4778,-0.0744,-0.04281,0.07825,0.64008,0.32344,0.09045,19.12475,1,0.46584,-0.0577,0.97958,0.00416,1,1,0.01947,0.07424,0.62571,0.58031,0.10263,18.5731,1,0.48976,-0.09109,0.97958,0.00444,1,1,participant_30,question_2,No-Timer,True,Other
0.0,0,39,1,0.47939,-0.07317,0,0.8901,0.87593,0.15402,369,117.68596,0,0.47859,-0.07379,-0.04281,0.07825,0.64008,0.32345,0.09049,19.07625,1,0.46447,-0.05888,0.97958,0.00416,1,1,0.01947,0.07424,0.62571,0.58033,0.1026,18.60118,1,0.4943,-0.08747,0.97958,0.00431,1,1,participant_30,question_2,No-Timer,True,Other
0.0,0,39,1,0.47977,-0.06532,0,0.8901,0.87593,0.15402,369,117.68596,0,0.47899,-0.07096,-0.04174,0.07587,0.62061,0.32345,0.0907,19.25509,1,0.46519,-0.05119,0.97296,0.00422,1,1,0.01947,0.07415,0.62571,0.58036,0.10255,18.82584,1,0.49435,-0.07946,0.97296,0.00425,1,1,participant_30,question_2,No-Timer,True,Other
0.0,0,39,1,0.47526,-0.05775,0,0.8901,0.87593,0.02006,370,117.98714,1,0.47805,-0.06766,-0.04174,0.07587,0.62061,0.32345,0.0907,19.25509,1,0.45967,-0.03815,0.96634,0.00422,1,1,0.01947,0.07415,0.62571,0.58034,0.1027,19.00486,1,0.49085,-0.07734,0.96634,0.00433,1,1,participant_30,question_2,No-Timer,True,Other
0.0,0,39,1,0.47697,-0.0532,0,0.8901,0.87593,0.02676,370,117.98714,1,0.47784,-0.06477,-0.04174,0.07587,0.62061,0.32342,0.09073,19.1943,1,0.46097,-0.03549,0.95972,0.00421,1,1,0.01947,0.07415,0.62571,0.58046,0.1029,18.95065,1,0.49296,-0.07092,0.95972,0.00434,1,1,participant_30,question_2,No-Timer,True,Other
0.0,0,39,1,0.47737,-0.04533,0,0.8901,0.87593,0.03372,370,117.98714,1,0.47776,-0.06153,-0.04174,0.07587,0.62061,0.32343,0.09072,19.2492,1,0.46172,-0.02781,0.9531,0.0042,1,1,0.01947,0.07415,0.62571,0.58046,0.1029,18.95065,1,0.49302,-0.06285,0.9531,0.00434,1,1,participant_30,question_2,No-Timer,True,Other
0.0,0,39,1,0.47273,-0.0242,0,0.8901,0.87593,0.04018,370,117.98714,1,0.47704,-0.0562,-0.04174,0.07587,0.62061,0.32344,0.091,19.07987,1,0.45678,-0.01383,0.9531,0.00441,1,1,0.01947,0.07415,0.62571,0.58047,0.10289,19.10815,1,0.48868,-0.03456,0.9531,0.00428,1,1,participant_30,question_2,No-Timer,True,Other
0.0,0,39,1,0.47292,-0.04211,0,0.8901,0.87593,0.04688,370,117.98714,1,0.47653,-0.05443,-0.04174,0.07587,0.62061,0.32321,0.09112,19.47495,1,0.45385,-0.05945,0.9531,0.00436,1,1,0.01947,0.07415,0.62571,0.58048,0.10293,19.06101,1,0.49198,-0.02476,0.9531,0.00432,1,1,participant_30,question_2,No-Timer,True,Other
0.0,0,39,1,0.47292,-0.04211,0,0.8901,0.87593,0.05358,370,117.98714,1,0.47612,-0.05307,-0.04164,0.07564,0.61907,0.32316,0.09118,19.65414,1,0.45385,-0.05945,0.9531,0.00434,1,1,0.0194,0.07384,0.62349,0.58059,0.10288,18.8277,1,0.49198,-0.02476,0.9531,0.00435,1,1,participant_30,question_2,No-Timer,True,Other
0.0,0,39,1,0.46598,-0.04159,0,0.8901,0.87593,0.06027,370,117.98714,1,0.47511,-0.05192,-0.04164,0.07564,0.61907,0.3232,0.09115,19.3756,1,0.44942,-0.05308,0.9531,0.00436,1,1,0.0194,0.07384,0.62349,0.58046,0.10275,18.7401,1,0.48254,-0.0301,0.9531,0.00424,1,1,participant_30,question_2,No-Timer,True,Other
0.0,0,39,1,0.46569,-0.04077,0,0.8901,0.87593,0.06718,370,117.98714,1,0.47425,-0.0509,-0.04164,0.07564,0.61907,0.32319,0.09121,19.37597,1,0.44685,-0.0516,0.9531,0.00434,1,1,0.0194,0.07384,0.62349,0.58039,0.10283,18.88912,1,0.48454,-0.02993,0.9531,0.00424,1,1,participant_30,question_2,No-Timer,True,Other
0.0,0,39,1,0.46569,-0.04077,0,0.8901,0.87593,0.0738,370,117.98714,1,0.47354,-0.05006,-0.04196,0.07606,0.62257,0.32319,0.09113,19.46668,1,0.44685,-0.0516,0.9531,0.00435,1,1,0.01947,0.07405,0.62571,0.58043,0.10285,18.82788,1,0.48454,-0.02993,0.9531,0.00427,1,1,participant_30,question_2,No-Timer,True,Other
0.0,0,39,1,0.46135,-0.03389,0,0.8901,0.87593,0.08062,370,117.98714,1,0.4726,-0.04882,-0.04196,0.07606,0.62257,0.32307,0.09121,19.77833,1,0.44236,-0.04371,0.9531,0.00428,1,1,0.01947,0.07405,0.62571,0.58041,0.10284,18.96582,1,0.48035,-0.02407,0.9531,0.00427,1,1,participant_30,question_2,No-Timer,True,Other
0.0,0,39,1,0.45812,-0.03814,0,0.8901,0.87593,0.08733,370,117.98714,1,0.47157,-0.04805,-0.04196,0.07606,0.62257,0.32307,0.09125,19.75159,1,0.43806,-0.0505,0.9531,0.00429,1,1,0.01947,0.07405,0.62571,0.58029,0.10285,19.02509,1,0.47818,-0.02578,0.9531,0.00426,1,1,participant_30,question_2,No-Timer,True,Other
0.0,0,39,1,0.45753,-0.04988,0,0.8901,0.87593,0.09423,370,117.98714,1,0.47063,-0.04817,-0.04295,0.07766,0.63643,0.32303,0.09142,19.63598,1,0.43716,-0.05836,0.95972,0.0044,1,1,0.01991,0.07592,0.64146,0.58023,0.1028,18.81981,1,0.47789,-0.04141,0.96634,0.00427,1,1,participant_30,question_2,No-Timer,True,Other
0.0,0,39,1,0.45174,-0.06956,0,0.8901,0.87593,0.10113,370,117.98714,1,0.46945,-0.04951,-0.04295,0.07766,0.63643,0.3228,0.09126,19.37342,1,0.42902,-0.07301,0.97296,0.00441,1,1,0.01991,0.07592,0.64146,0.58023,0.1028,18.81981,1,0.47445,-0.0661,0.97958,0.00426,1,1,participant_30,question_2,No-Timer,True,Other
0.0,0,39,1,0.45531,-0.0729,0,0.8901,0.87593,0.10748,370,117.98714,1,0.46862,-0.05089,-0.04295,0.07766,0.63643,0.3228,0.09127,19.35331,1,0.44103,-0.07785,0.9862,0.00439,1,1,0.01991,0.07592,0.64146,0.58011,0.10277,18.60024,1,0.46959,-0.06795,0.99282,0.00425,1,1,participant_30,question_2,No-Timer,True,Other
0.0,0,39,1,0.45437,-0.08458,0,0.8901,0.87593,0.11414,370,117.98714,1,0.46783,-0.05276,-0.04287,0.07757,0.63533,0.3228,0.09127,19.35331,1,0.43933,-0.09341,0.99944,0.00439,1,1,0.01922,0.07345,0.6206,0.58,0.10278,18.88339,1,0.46941,-0.07574,0.99944,0.00423,1,1,participant_30,question_2,No-Timer,True,Other
0.0,0,39,1,0.4489,-0.07847,0,0.8901,0.87593,0.12078,370,117.98714,1,0.46683,-0.05411,-0.04287,0.07757,0.63533,0.3227,0.09126,19.39195,1,0.43761,-0.08714,0.99944,0.00443,1,1,0.01922,0.07345,0.6206,0.57987,0.10289,19.02367,1,0.46018,-0.0698,0.99282,0.00421,1,1,participant_30,question_2,No-Timer,True,Other
0.0,0,39,1,0.44664,-0.0714,0,0.8901,0.87593,0.12749,370,117.98714,1,0.46582,-0.05498,-0.04287,0.07757,0.63533,0.32268,0.09131,19.26066,1,0.43852,-0.07722,0.99282,0.0044,1,1,0.01922,0.07345,0.6206,0.57985,0.10282,19.00677,1,0.45477,-0.06559,0.9862,0.00425,1,1,participant_30,question_2,No-Timer,True,Other
0.0,0,39,1,0.44789,-0.05231,0,0.8901,0.87593,0.13419,370,117.98714,1,0.46497,-0.05485,-0.0421,0.07599,0.62315,0.32263,0.09128,19.37288,1,0.44024,-0.06177,0.97958,0.00444,1,1,0.01861,0.07131,0.60255,0.57977,0.10294,18.99211,1,0.45553,-0.04286,0.967,0.00432,1,1,participant_30,question_2,No-Timer,True,Other
0.0,0,39,1,0.46301,-0.02402,0,0.8901,0.87593,0.14088,370,117.98714,1,0.46488,-0.05345,-0.0421,0.07599,0.62315,0.32242,0.09138,19.69677,1,0.45798,-0.03456,0.96038,0.0044,1,1,0.01861,0.07131,0.60255,0.57964,0.1029,18.83313,1,0.46805,-0.01347,0.95443,0.00432,1,1,participant_30,question_2,No-Timer,True,Other
0.0,0,39,1,0.46032,-0.00915,0,0.8901,0.87593,0.14773,370,117.98714,1,0.46468,-0.05152,-0.0421,0.07599,0.62315,0.32251,0.0914,19.92273,1,0.45426,-0.01755,0.94781,0.00437,1,1,0.01861,0.07131,0.60255,0.57965,0.10294,18.77802,1,0.46638,-0.00075,0.94185,0.00435,1,1,participant_30,question_2,No-Timer,True,Other
0.0,0,39,1,0.46165,0.00893,0,0.8901,0.87593,0.15406,370,117.98714,1,0.46455,-0.049,-0.18097,0.33326,2.73273,0.32248,0.09148,20.08963,1,0.45651,0.0039,0.92927,0.00439,0,1,0.01896,0.07281,0.6152,0.57964,0.10292,18.78084,1,0.46679,0.01396,0.92927,0.00435,1,1,participant_30,question_2,No-Timer,True,Other
0.0,0,39,1,0.46866,0.00711,0,0.8901,0.87593,0.16097,370,117.98714,1,0.46472,-0.04676,-0.18097,0.33326,2.73273,0.32227,0.09143,20.3613,1,0.44958,0.00796,0.92332,0.00431,0,1,0.01896,0.07281,0.6152,0.57955,0.10282,19.19234,1,0.48773,0.00626,0.92927,0.00433,1,1,participant_30,question_2,No-Timer,True,Other
0.0,0,39,1,0.4684,0.00771,0,0.8901,0.87593,0.16776,370,117.98714,1,0.46486,-0.04466,-0.18097,0.33326,2.73273,0.32235,0.09127,20.3459,1,0.44986,0.00599,0.92332,0.00423,0,1,0.01896,0.07281,0.6152,0.57955,0.10282,19.19234,1,0.48693,0.00942,0.92927,0.00433,1,1,participant_30,question_2,No-Timer,True,Other
0.0,0,39,1,0.4675,-0.00698,0,0.8901,0.87593,0.17437,370,117.98714,1,0.46496,-0.04327,-0.04355,0.07835,0.64248,0.32235,0.09127,20.3459,1,0.44824,-0.00864,0.93589,0.00423,1,1,0.01896,0.07281,0.6152,0.57957,0.10282,19.06109,1,0.48675,-0.00532,0.94185,0.00435,1,1,participant_30,question_2,No-Timer,True,Other
0.0,0,39,1,0.45578,-0.02814,0,0.8901,0.87593,0.18107,370,117.98714,1,0.46463,-0.04273,-0.04355,0.07835,0.64248,0.32231,0.09116,20.12635,1,0.43502,-0.03468,0.95443,0.0043,1,1,0.01896,0.07281,0.6152,0.57945,0.1029,19.21626,1,0.47654,-0.0216,0.95443,0.00443,1,1,participant_30,question_2,No-Timer,True,Other
0.0,0,39,1,0.46544,-0.04284,0,0.8901,0.87593,0.18777,370,117.98714,1,0.46466,-0.04273,-0.04355,0.07835,0.64248,0.32233,0.09117,20.17779,1,0.45291,-0.04784,0.967,0.0043,1,1,0.01896,0.07281,0.6152,0.57935,0.10296,19.52841,1,0.47797,-0.03784,0.967,0.00444,1,1,participant_30,question_2,No-Timer,True,Other
0.0,0,39,1,0.46456,-0.05757,0,0.8901,0.87593,0.19455,370,117.98714,1,0.46465,-0.04323,-0.04329,0.07793,0.63862,0.32225,0.09119,20.24868,1,0.4514,-0.06251,0.97958,0.00429,1,1,0.01903,0.07345,0.62066,0.57936,0.10284,19.55172,1,0.47771,-0.05263,0.97958,0.00439,1,1,participant_30,question_2,No-Timer,True,Other
0.0,0,39,1,0.46317,-0.055,0,0.8901,0.87593,0.20096,370,117.98714,1,0.46461,-0.04361,-0.04329,0.07793,0.63862,0.3222,0.09122,19.97516,1,0.45157,-0.06302,0.97958,0.00438,1,1,0.01903,0.07345,0.62066,0.57949,0.10301,19.86885,1,0.47478,-0.04698,0.97958,0.00443,1,1,participant_30,question_2,No-Timer,True,Other
0.0,0,39,1,0.45907,-0.05635,0,0.8901,0.87593,0.20785,370,117.98714,1,0.46443,-0.044,-0.04329,0.07793,0.63862,0.32216,0.09123,20.06537,1,0.44853,-0.06221,0.97958,0.00442,1,1,0.01903,0.07345,0.62066,0.57944,0.103,19.82278,1,0.46962,-0.05049,0.97958,0.00443,1,1,participant_30,question_2,No-Timer,True,Other
0.0,0,39,1,0.45907,-0.05635,0,0.8901,0.87593,0.21436,370,117.98714,1,0.46427,-0.04438,-0.04329,0.07793,0.63862,0.32216,0.09123,20.06537,1,0.44853,-0.06221,0.97958,0.00442,1,1,0.0191,0.07375,0.62272,0.5794,0.10294,19.67214,1,0.46962,-0.05049,0.97958,0.00449,1,1,participant_30,question_2,No-Timer,True,Other
0.0,0,39,1,0.45383,-0.06078,0,0.8901,0.87593,0.2215,370,117.98714,1,0.46396,-0.04486,-0.04329,0.07793,0.63862,0.32167,0.09119,19.92329,1,0.44414,-0.05681,0.97958,0.00439,1,1,0.0191,0.07375,0.62272,0.57894,0.10254,19.46965,1,0.46352,-0.06475,0.97958,0.00434,1,1,participant_30,question_2,No-Timer,True,Other
0.0,0,39,1,0.43349,-0.07098,0,0.8901,0.87593,0.22798,370,117.98714,1,0.46309,-0.04561,-0.04329,0.07793,0.63862,0.321,0.0912,20.57703,1,0.42733,-0.06719,0.97958,0.0043,1,1,0.0191,0.07375,0.62272,0.57852,0.10286,19.62479,1,0.43964,-0.07478,0.97958,0.00453,1,1,participant_30,question_2,No-Timer,True,Other
0.0,0,39,1,0.43349,-0.07098,0,0.8901,0.87593,0.23502,370,117.98714,1,0.46227,-0.04631,-0.04353,0.07797,0.63935,0.32091,0.09114,20.24314,1,0.42733,-0.06719,0.97958,0.00433,1,1,0.01875,0.07306,0.61735,0.57809,0.10245,19.16974,1,0.43964,-0.07478,0.97958,0.0045,1,1,participant_30,question_2,No-Timer,True,Other
0.0,0,39,1,0.43287,-0.0616,0,0.8901,0.87593,0.2418,370,117.98714,1,0.46148,-0.04673,-0.04353,0.07797,0.63935,0.32089,0.09109,20.12493,1,0.43025,-0.06271,0.97958,0.00447,1,1,0.01875,0.07306,0.61735,0.57788,0.10263,19.64284,1,0.43548,-0.06049,0.97958,0.00445,1,1,participant_30,question_2,No-Timer,True,Other
0.0,0,39,1,0.43485,-0.06064,0,0.8901,0.87593,0.24804,370,117.98714,1,0.46078,-0.04709,-0.04353,0.07797,0.63935,0.32085,0.09107,20.10009,1,0.42402,-0.05699,0.97958,0.00448,1,1,0.01875,0.07306,0.61735,0.57806,0.10257,19.19876,1,0.44568,-0.06429,0.97958,0.00454,1,1,participant_30,question_2,No-Timer,True,Other
0.0,0,39,1,0.43485,-0.06064,0,0.8901,0.87593,0.25504,370,117.98714,1,0.46011,-0.04744,-0.04242,0.07603,0.62303,0.32089,0.0911,20.24403,1,0.42402,-0.05699,0.97958,0.00447,1,1,0.01896,0.07399,0.62436,0.57823,0.10247,19.21286,1,0.44568,-0.06429,0.97958,0.0045,1,1,participant_30,question_2,No-Timer,True,Other
0.0,0,39,1,0.42585,-0.07226,0,0.8901,0.87593,0.26151,370,117.98714,1,0.45925,-0.04806,-0.04242,0.07603,0.62303,0.32105,0.09129,20.3397,1,0.41436,-0.08335,0.97958,0.00455,1,1,0.01896,0.07399,0.62436,0.57817,0.10243,18.96113,1,0.43733,-0.06118,0.97958,0.00457,1,1,participant_30,question_2,No-Timer,True,Other
0.0,0,39,1,0.42558,-0.0668,0,0.8901,0.87593,0.26817,370,117.98714,1,0.45843,-0.04852,-0.04242,0.07603,0.62303,0.32091,0.09097,20.39358,1,0.41284,-0.07019,0.97958,0.00436,1,1,0.01896,0.07399,0.62436,0.57817,0.10247,18.99649,1,0.43833,-0.06341,0.97958,0.00456,1,1,participant_30,question_2,No-Timer,True,Other
0.0,0,39,1,0.42558,-0.0668,0,0.8901,0.87593,0.27509,370,117.98714,1,0.45765,-0.04895,-0.04242,0.07603,0.62303,0.32083,0.09102,20.39152,1,0.41284,-0.07019,0.97958,0.00449,1,1,0.01896,0.07394,0.62436,0.57816,0.10255,19.1155,1,0.43833,-0.06341,0.97958,0.00447,1,1,participant_30,question_2,No-Timer,True,Other
0.0,0,39,1,0.43049,-0.07398,0,0.8901,0.87593,0.2818,370,117.98714,1,0.45702,-0.04953,-0.04242,0.07603,0.62303,0.32084,0.09112,20.62806,1,0.40548,-0.08261,0.97958,0.00441,1,1,0.01896,0.07394,0.62436,0.57775,0.10278,20.06174,1,0.4555,-0.06534,0.97958,0.0045,1,1,participant_30,question_2,No-Timer,True,Other
0.0,0,39,1,0.43196,-0.07534,0,0.8901,0.87593,0.2818,370,117.98714,0,0.43516,-0.06643,-0.04242,0.07603,0.62303,0.32074,0.09066,20.80073,1,0.40723,-0.08252,0.97958,0.00421,1,1,0.01896,0.07394,0.62436,0.57771,0.10258,19.90489,1,0.45669,-0.06816,0.97958,0.00451,1,1,participant_30,question_2,No-Timer,True,Other
0.0,0,39,1,0.43262,-0.06744,0,0.8901,0.87593,0.2818,370,117.98714,0,0.43389,-0.06694,-0.04188,0.07507,0.61445,0.32074,0.09066,20.80073,1,0.40829,-0.07464,0.97296,0.00421,1,1,0.01896,0.07394,0.62436,0.57787,0.10233,19.81632,1,0.45695,-0.06025,0.97296,0.00443,1,1,participant_30,question_2,No-Timer,True,Other
0.0,0,39,1,0.43208,-0.06068,0,0.8901,0.87593,0.2818,370,117.98714,0,0.43329,-0.06485,-0.04188,0.07507,0.61445,0.3207,0.09074,20.62953,1,0.40786,-0.06882,0.96634,0.00426,1,1,0.01896,0.07394,0.62436,0.57774,0.10255,19.88382,1,0.4563,-0.05254,0.96634,0.00449,1,1,participant_30,question_2,No-Timer,True,Other
0.0,0,39,1,0.42867,-0.05736,0,0.8901,0.87593,0.02013,371,118.27563,1,0.43213,-0.06298,-0.04188,0.07507,0.61445,0.32068,0.09087,20.54507,1,0.40526,-0.05632,0.95972,0.00421,1,1,0.01896,0.07394,0.62436,0.57767,0.10258,19.73571,1,0.45207,-0.0584,0.95972,0.0045,1,1,participant_30,question_2,No-Timer,True,Other
0.0,0,39,1,0.42936,-0.04943,0,0.8901,0.87593,0.02664,371,118.27563,1,0.43158,-0.06027,-0.04258,0.07625,0.62483,0.32044,0.0908,20.54238,1,0.40636,-0.04846,0.9531,0.00423,1,1,0.01896,0.07399,0.62436,0.57776,0.10261,20.08065,1,0.45236,-0.05039,0.9531,0.00445,1,1,participant_30,question_2,No-Timer,True,Other
0.0,0,39,1,0.43727,-0.04242,0,0.8901,0.87593,0.03334,371,118.27563,1,0.43253,-0.05729,-0.04258,0.07625,0.62483,0.32041,0.09083,20.4468,1,0.42173,-0.04466,0.9531,0.00423,1,1,0.01896,0.07399,0.62436,0.57789,0.10254,19.93493,1,0.45281,-0.04019,0.9531,0.0044,1,1,participant_30,question_2,No-Timer,True,Other
0.0,0,39,1,0.43732,-0.04961,0,0.8901,0.87593,0.03998,371,118.27563,1,0.43321,-0.0562,-0.04258,0.07625,0.62483,0.32042,0.09071,20.42728,1,0.41939,-0.05496,0.9531,0.00428,1,1,0.01896,0.07399,0.62436,0.57794,0.10264,19.8708,1,0.45525,-0.04426,0.9531,0.00445,1,1,participant_30,question_2,No-Timer,True,Other
0.0,0,39,1,0.4379,-0.04247,0,0.8901,0.87593,0.04697,371,118.27563,1,0.4338,-0.05448,-0.18639,0.34021,2.78805,0.32036,0.09072,20.31352,1,0.42031,-0.04785,0.94715,0.00428,0,1,0.01875,0.07306,0.61735,0.57794,0.1026,19.92863,1,0.4555,-0.03709,0.94715,0.00442,1,1,participant_30,question_2,No-Timer,True,Other
0.0,0,39,1,0.43486,-0.02451,0,0.8901,0.87593,0.05312,371,118.27563,1,0.43392,-0.05115,-0.18639,0.34021,2.78805,0.32031,0.09092,20.12688,1,0.41875,-0.03267,0.94119,0.00446,0,1,0.01875,0.07306,0.61735,0.57787,0.10274,19.79499,1,0.45097,-0.01635,0.94119,0.00447,1,1,participant_30,question_2,No-Timer,True,Other
0.0,0,39,1,0.43595,-0.01858,0,0.8901,0.87593,0.06004,371,118.27563,1,0.43412,-0.04789,-0.18639,0.34021,2.78805,0.32031,0.09094,20.19868,1,0.41689,-0.01951,0.93523,0.00446,0,1,0.01875,0.07306,0.61735,0.57782,0.10279,19.74362,1,0.45502,-0.01764,0.93523,0.00445,1,1,participant_30,question_2,No-Timer,True,Other
0.0,0,39,1,0.43529,-0.02644,0,0.8901,0.87593,0.06703,371,118.27563,1,0.43423,-0.04594,-0.04332,0.0773,0.6335,0.32029,0.09092,20.28336,1,0.41583,-0.02731,0.94185,0.00447,1,1,0.01873,0.07335,0.61974,0.57783,0.1029,19.71487,1,0.45474,-0.02557,0.94185,0.00453,1,1,participant_30,question_2,No-Timer,True,Other
0.0,0,39,1,0.44061,-0.03019,0,0.8901,0.87593,0.0735,371,118.27563,1,0.43476,-0.04463,-0.04332,0.0773,0.6335,0.32031,0.09109,20.36194,1,0.43511,-0.03727,0.95443,0.00436,1,1,0.01873,0.07335,0.61974,0.57783,0.10301,19.76575,1,0.4461,-0.0231,0.95443,0.00444,1,1,participant_30,question_2,No-Timer,True,Other
0.0,0,39,1,0.43728,-0.04115,0,0.8901,0.87593,0.0802,371,118.27563,1,0.43495,-0.04436,-0.04332,0.0773,0.6335,0.3201,0.091,20.17536,1,0.43309,-0.04966,0.967,0.00447,1,1,0.01873,0.07335,0.61974,0.57776,0.103,19.54212,1,0.44146,-0.03263,0.967,0.00443,1,1,participant_30,question_2,No-Timer,True,Other
0.0,0,39,1,0.43608,-0.0559,0,0.8901,0.87593,0.08663,371,118.27563,1,0.43503,-0.04519,-0.04332,0.0773,0.6335,0.32017,0.09128,20.38616,1,0.43135,-0.06438,0.97958,0.00436,1,1,0.01873,0.07335,0.61974,0.57776,0.103,19.54212,1,0.4408,-0.04741,0.97958,0.00443,1,1,participant_30,question_2,No-Timer,True,Other
0.0,0,39,1,0.4471,-0.05034,0,0.8901,0.87593,0.09358,371,118.27563,1,0.43584,-0.04553,-0.04332,0.0773,0.6335,0.32017,0.09128,20.39414,1,0.43146,-0.06483,0.97958,0.00434,1,1,0.01873,0.07335,0.61974,0.57775,0.1031,19.422,1,0.46275,-0.03586,0.97958,0.00437,1,1,participant_30,question_2,No-Timer,True,Other
0.0,0,39,1,0.4416,-0.0424,0,0.8901,0.87593,0.10023,371,118.27563,1,0.4362,-0.04533,-0.04332,0.0773,0.6335,0.32014,0.09125,20.40128,1,0.42396,-0.05289,0.97958,0.00431,1,1,0.01873,0.07335,0.61974,0.57753,0.10288,19.14968,1,0.45923,-0.03191,0.97958,0.00429,1,1,participant_30,question_2,No-Timer,True,Other
0.0,0,39,1,0.4416,-0.0424,0,0.8901,0.87593,0.10673,371,118.27563,1,0.43651,-0.04516,-0.04369,0.07792,0.63892,0.32009,0.09126,20.39894,1,0.42396,-0.05289,0.97958,0.0043,1,1,0.01873,0.07335,0.61974,0.57763,0.10309,19.23369,1,0.45923,-0.03191,0.97958,0.00435,1,1,participant_30,question_2,No-Timer,True,Other
0.0,0,39,1,0.4414,-0.04214,0,0.8901,0.87593,0.11343,371,118.27563,1,0.43679,-0.04499,-0.04369,0.07792,0.63892,0.32003,0.09144,20.29795,1,0.4223,-0.05622,0.97958,0.0043,1,1,0.01873,0.07335,0.61974,0.57749,0.10287,19.3945,1,0.46049,-0.02805,0.97958,0.0043,1,1,participant_30,question_2,No-Timer,True,Other
0.0,0,39,1,0.43662,-0.04588,0,0.8901,0.87593,0.12038,371,118.27563,1,0.43678,-0.04504,-0.04369,0.07792,0.63892,0.32003,0.0915,20.2879,1,0.41803,-0.05963,0.97958,0.00432,1,1,0.01873,0.07335,0.61974,0.57747,0.10298,19.05469,1,0.45521,-0.03213,0.97958,0.00425,1,1,participant_30,question_2,No-Timer,True,Other
0.0,0,39,1,0.43674,-0.04243,0,0.8901,0.87593,0.12725,371,118.27563,1,0.43678,-0.04491,-0.04369,0.07792,0.63892,0.32003,0.0915,20.2879,1,0.41803,-0.05963,0.97958,0.00433,1,1,0.01819,0.07142,0.60347,0.57737,0.10309,18.8554,1,0.45545,-0.02523,0.97362,0.00424,1,1,participant_30,question_2,No-Timer,True,Other
0.0,0,39,1,0.43476,-0.03357,0,0.8901,0.87593,0.13389,371,118.27563,1,0.43668,-0.04437,-0.04369,0.07792,0.63892,0.32002,0.09149,20.2617,1,0.41546,-0.05077,0.97362,0.00433,1,1,0.01819,0.07142,0.60347,0.57745,0.10306,19.03747,1,0.45406,-0.01636,0.96767,0.00423,1,1,participant_30,question_2,No-Timer,True,Other
0.0,0,39,1,0.43261,-0.02365,0,0.8901,0.87593,0.14049,371,118.27563,1,0.43649,-0.04343,-0.04369,0.07792,0.63892,0.32,0.09147,20.12292,1,0.41299,-0.03781,0.96767,0.0043,1,1,0.01819,0.07142,0.60347,0.57743,0.10283,18.86286,1,0.45224,-0.00949,0.96171,0.00434,1,1,participant_30,question_2,No-Timer,True,Other
0.0,0,39,1,0.43321,-0.01676,0,0.8901,0.87593,0.1472,371,118.27563,1,0.43635,-0.04227,-0.04369,0.07792,0.63892,0.32002,0.09151,20.08661,1,0.41393,-0.03091,0.96171,0.00433,1,1,0.01819,0.07142,0.60347,0.5774,0.10288,19.05118,1,0.4525,-0.0026,0.95575,0.00432,1,1,participant_30,question_2,No-Timer,True,Other
0.0,0,39,1,0.43259,-0.02175,0,0.8901,0.87593,0.15395,371,118.27563,1,0.43619,-0.04141,-0.04369,0.07792,0.63892,0.32003,0.09146,19.96895,1,0.41518,-0.0309,0.95575,0.00435,1,1,0.01819,0.07142,0.60347,0.57738,0.10307,18.74741,1,0.45,-0.0126,0.95575,0.00423,1,1,participant_30,question_2,No-Timer,True,Other
0.0,0,39,1,0.4355,-0.01885,0,0.8901,0.87593,0.1606,371,118.27563,1,0.43617,-0.04051,-0.04369,0.07792,0.63892,0.32003,0.09154,20.11169,1,0.4201,-0.02923,0.95575,0.00432,1,1,0.01819,0.07142,0.60347,0.57737,0.10275,18.73949,1,0.45089,-0.00847,0.95575,0.00434,1,1,participant_30,question_2,No-Timer,True,Other
0.0,0,39,1,0.43536,-0.02231,0,0.8901,0.87593,0.16704,371,118.27563,1,0.43614,-0.03981,-0.04369,0.07792,0.63892,0.32003,0.09145,20.18041,1,0.4201,-0.02923,0.95575,0.00429,1,1,0.01873,0.07335,0.61974,0.57745,0.10281,18.81324,1,0.45063,-0.01539,0.96171,0.00433,1,1,participant_30,question_2,No-Timer,True,Other
0.0,0,39,1,0.48331,-0.0458,0,0.8901,0.87593,0.17401,371,118.27563,1,0.43788,-0.04003,-0.04369,0.07792,0.63892,0.32125,0.0912,19.73725,1,0.48173,-0.06704,0.96171,0.0042,1,1,0.01873,0.07335,0.61974,0.57879,0.10257,18.848,1,0.48489,-0.02456,0.96767,0.00442,1,1,participant_30,question_2,No-Timer,True,Other
0.0,0,39,1,0.49171,-0.0509,0,0.8901,0.87593,0.18079,371,118.27563,1,0.43981,-0.04042,-0.04369,0.07792,0.63892,0.32157,0.09153,20.25277,1,0.48181,-0.06824,0.96767,0.00426,1,1,0.01873,0.07335,0.61974,0.57886,0.10262,18.56287,1,0.50161,-0.03356,0.97362,0.00434,1,1,participant_30,question_2,No-Timer,True,Other
0.0,0,39,1,0.49143,-0.05789,0,0.8901,0.87593,0.18738,371,118.27563,1,0.44159,-0.04102,-0.04353,0.07797,0.63935,0.32179,0.0914,19.80579,1,0.48125,-0.07529,0.97362,0.00421,1,1,0.01875,0.07306,0.61735,0.57886,0.10299,19.12473,1,0.5016,-0.04048,0.97958,0.00433,1,1,participant_30,question_2,No-Timer,True,Other
0.0,0,39,1,0.48232,-0.06979,0,0.8901,0.87593,0.19382,371,118.27563,1,0.44294,-0.04198,-0.04353,0.07797,0.63935,0.32156,0.0914,19.81184,1,0.47174,-0.08636,0.97958,0.00425,1,1,0.01875,0.07306,0.61735,0.57894,0.10291,19.03292,1,0.4929,-0.05322,0.97958,0.00421,1,1,participant_30,question_2,No-Timer,True,Other
0.0,0,39,1,0.48081,-0.06886,0,0.8901,0.87593,0.20076,371,118.27563,1,0.44417,-0.04285,-0.04353,0.07797,0.63935,0.3217,0.09146,19.87664,1,0.47227,-0.08754,0.97958,0.00429,1,1,0.01875,0.07306,0.61735,0.57881,0.10289,18.63947,1,0.48936,-0.05019,0.97958,0.00423,1,1,participant_30,question_2,No-Timer,True,Other
0.0,0,39,1,0.48081,-0.06886,0,0.8901,0.87593,0.20754,371,118.27563,1,0.44531,-0.04366,-0.04353,0.07797,0.63935,0.3217,0.09146,19.87664,1,0.47227,-0.08754,0.97958,0.00429,1,1,0.01875,0.07306,0.61735,0.57892,0.10298,18.92004,1,0.48936,-0.05019,0.97958,0.00422,1,1,participant_30,question_2,No-Timer,True,Other
0.0,0,39,1,0.48014,-0.06979,0,0.8901,0.87593,0.21412,371,118.27563,1,0.44637,-0.04445,-0.04353,0.07797,0.63935,0.32166,0.09145,19.79731,1,0.46313,-0.08638,0.97958,0.0043,1,1,0.01875,0.07306,0.61735,0.5789,0.10293,19.1395,1,0.49716,-0.0532,0.97958,0.00419,1,1,participant_30,question_2,No-Timer,True,Other
0.0,0,39,1,0.47864,-0.06882,0,0.8901,0.87593,0.22082,371,118.27563,1,0.44732,-0.04517,-0.04353,0.07797,0.63935,0.32167,0.09146,19.78055,1,0.46619,-0.08954,0.97958,0.00429,1,1,0.01875,0.07306,0.61735,0.57891,0.10291,19.09003,1,0.4911,-0.0481,0.97958,0.00419,1,1,participant_30,question_2,No-Timer,True,Other
0.0,0,39,1,0.47864,-0.06882,0,0.8901,0.87593,0.2277,371,118.27563,1,0.44821,-0.04585,-0.04353,0.07797,0.63935,0.32167,0.09146,19.78055,1,0.46619,-0.08954,0.97958,0.00429,1,1,0.01875,0.07306,0.61735,0.57891,0.10291,19.09003,1,0.4911,-0.0481,0.97958,0.00419,1,1,participant_30,question_2,No-Timer,True,Other
0.0,0,39,1,0.48366,-0.05436,0,0.8901,0.87593,0.2277,371,118.27563,0,0.4752,-0.05542,-0.04353,0.07797,0.63935,0.32161,0.09154,19.92335,1,0.4702,-0.05184,0.97958,0.00431,1,1,0.01875,0.07306,0.61735,0.57895,0.10293,19.14495,1,0.49711,-0.05688,0.97958,0.00417,1,1,participant_30,question_2,No-Timer,True,Other
0.0,0,39,1,0.48342,-0.05114,0,0.8901,0.87593,0.2277,371,118.27563,0,0.47931,-0.05328,-0.04353,0.07797,0.63935,0.32166,0.09152,19.73872,1,0.46717,-0.04826,0.97958,0.00432,1,1,0.01875,0.07306,0.61735,0.57892,0.10297,19.03775,1,0.49967,-0.05402,0.97958,0.00415,1,1,participant_30,question_2,No-Timer,True,Other
0.0,0,39,1,0.48342,-0.05114,0,0.8901,0.87593,0.2277,371,118.27563,0,0.48068,-0.05257,-0.04353,0.07797,0.63935,0.32166,0.09152,19.73872,1,0.46717,-0.04826,0.97958,0.00432,1,1,0.01875,0.07306,0.61735,0.57894,0.10296,19.12566,1,0.49967,-0.05402,0.97958,0.00415,1,1,participant_30,question_2,No-Timer,True,Other
0.0,0,39,1,0.48303,-0.05645,0,0.8901,0.87593,0.02003,372,118.50993,1,0.48127,-0.05354,-0.04353,0.07797,0.63935,0.32166,0.09152,19.73872,1,0.46821,-0.05696,0.97958,0.00432,1,1,0.01875,0.07306,0.61735,0.57893,0.10295,19.1106,1,0.49785,-0.05594,0.97958,0.00416,1,1,participant_30,question_2,No-Timer,True,Other
0.0,0,39,1,0.48638,-0.05959,0,0.8901,0.87593,0.0267,372,118.50993,1,0.48229,-0.05475,-0.04353,0.07797,0.63935,0.32164,0.09148,19.63457,1,0.47154,-0.06221,0.97958,0.00435,1,1,0.01875,0.07306,0.61735,0.57899,0.10287,18.84482,1,0.50122,-0.05698,0.97958,0.00418,1,1,participant_30,question_2,No-Timer,True,Other
0.0,0,39,1,0.48638,-0.05959,0,0.8901,0.87593,0.0336,372,118.50993,1,0.48297,-0.05556,-0.04353,0.07797,0.63935,0.32154,0.09131,19.66567,1,0.47154,-0.06221,0.97958,0.00428,1,1,0.01888,0.07322,0.61871,0.57907,0.10292,18.68279,1,0.50122,-0.05698,0.97958,0.00417,1,1,participant_30,question_2,No-Timer,True,Other
0.0,0,39,1,0.48815,-0.05576,0,0.8901,0.87593,0.0401,372,118.50993,1,0.48371,-0.05558,-0.04353,0.07797,0.63935,0.32157,0.09137,19.5727,1,0.47557,-0.05784,0.97958,0.00427,1,1,0.01888,0.07322,0.61871,0.57903,0.10282,18.6727,1,0.50072,-0.05367,0.97958,0.00421,1,1,participant_30,question_2,No-Timer,True,Other
0.0,0,39,1,0.47955,-0.06348,0,0.8901,0.87593,0.0466,372,118.50993,1,0.48319,-0.05657,-0.04353,0.07797,0.63935,0.32159,0.09125,19.53467,1,0.47555,-0.0641,0.97958,0.00428,1,1,0.01888,0.07322,0.61871,0.57917,0.10294,18.44861,1,0.48355,-0.06287,0.97958,0.00424,1,1,participant_30,question_2,No-Timer,True,Other
0.0,0,39,1,0.47955,-0.06348,0,0.8901,0.87593,0.0541,372,118.50993,1,0.48279,-0.05734,-0.04353,0.07797,0.63935,0.32159,0.0912,19.56508,1,0.47555,-0.0641,0.97958,0.00429,1,1,0.01888,0.07322,0.61871,0.57911,0.10273,18.07795,1,0.48355,-0.06287,0.97958,0.00426,1,1,participant_30,question_2,No-Timer,True,Other
0.0,0,39,1,0.48286,-0.06606,0,0.8901,0.87593,0.06033,372,118.50993,1,0.48279,-0.05821,-0.04353,0.07797,0.63935,0.32192,0.09128,19.04838,1,0.47723,-0.07012,0.97958,0.00437,1,1,0.01888,0.07322,0.61871,0.57903,0.10289,17.98709,1,0.4885,-0.062,0.97958,0.00427,1,1,participant_30,question_2,No-Timer,True,Other
0.0,0,39,1,0.48262,-0.06472,0,0.8901,0.87593,0.06728,372,118.50993,1,0.48278,-0.0588,-0.04353,0.07797,0.63935,0.3219,0.0912,19.10131,1,0.47623,-0.06317,0.97958,0.00433,1,1,0.01888,0.07322,0.61871,0.57897,0.10294,17.98956,1,0.48902,-0.06627,0.97958,0.00425,1,1,participant_30,question_2,No-Timer,True,Other
0.0,0,39,1,0.48262,-0.06472,0,0.8901,0.87593,0.07366,372,118.50993,1,0.48277,-0.0593,-0.04353,0.07797,0.63935,0.32187,0.09122,19.32133,1,0.47623,-0.06317,0.97958,0.00431,1,1,0.01888,0.07322,0.61871,0.57902,0.10292,17.85367,1,0.48902,-0.06627,0.97958,0.00425,1,1,participant_30,question_2,No-Timer,True,Other
0.0,0,39,1,0.49404,-0.06018,0,0.8901,0.87593,0.08028,372,118.50993,1,0.48363,-0.05937,-0.04353,0.07797,0.63935,0.32206,0.09122,19.24333,1,0.49248,-0.06287,0.97958,0.00427,1,1,0.01888,0.07322,0.61871,0.57925,0.10265,18.07206,1,0.4956,-0.05749,0.97958,0.00421,1,1,participant_30,question_2,No-Timer,True,Other
0.0,0,39,1,0.49456,-0.05879,0,0.8901,0.87593,0.08717,372,118.50993,1,0.48441,-0.05932,-0.04353,0.07797,0.63935,0.32198,0.09118,19.37327,1,0.49008,-0.05943,0.97958,0.00427,1,1,0.01888,0.07322,0.61871,0.57929,0.10267,17.9512,1,0.49905,-0.05816,0.97958,0.00421,1,1,participant_30,question_2,No-Timer,True,Other
0.0,0,39,1,0.49456,-0.05879,0,0.8901,0.87593,0.09368,372,118.50993,1,0.48509,-0.05929,-0.04353,0.07797,0.63935,0.32203,0.09112,19.42582,1,0.49008,-0.05943,0.97958,0.00427,1,1,0.01888,0.07322,0.61871,0.57935,0.10265,18.01803,1,0.49905,-0.05816,0.97958,0.00422,1,1,participant_30,question_2,No-Timer,True,Other
0.0,0,39,1,0.48813,-0.0687,0,0.8901,0.87593,0.10017,372,118.50993,1,0.48528,-0.05988,-0.04353,0.07797,0.63935,0.32203,0.09112,19.42582,1,0.4735,-0.07588,0.97958,0.00427,1,1,0.01888,0.07322,0.61871,0.57946,0.10288,18.28255,1,0.50276,-0.06151,0.97958,0.00428,1,1,participant_30,question_2,No-Timer,True,Other
0.0,0,39,1,0.49081,-0.06563,0,0.8901,0.87593,0.10687,372,118.50993,1,0.48561,-0.06022,-0.04353,0.07797,0.63935,0.32196,0.09113,19.17175,1,0.47554,-0.07718,0.97958,0.00432,1,1,0.01888,0.07322,0.61871,0.57947,0.10295,18.14127,1,0.50608,-0.05408,0.97958,0.00427,1,1,participant_30,question_2,No-Timer,True,Other
0.0,0,39,1,0.49141,-0.05083,0,0.8901,0.87593,0.11378,372,118.50993,1,0.48593,-0.05969,-0.1822,0.33399,2.73876,0.32198,0.09105,19.35877,1,0.47676,-0.06236,0.967,0.00425,0,1,0.01903,0.07345,0.62066,0.57949,0.10294,18.17468,1,0.50605,-0.03931,0.967,0.00427,1,1,participant_30,question_2,No-Timer,True,Other
0.0,0,39,1,0.48901,-0.02982,0,0.8901,0.87593,0.12027,372,118.50993,1,0.48609,-0.05812,-0.1822,0.33399,2.73876,0.32232,0.0912,19.34841,1,0.47566,-0.03778,0.95443,0.00432,0,1,0.01903,0.07345,0.62066,0.57964,0.10262,18.65123,1,0.50236,-0.02185,0.95443,0.0043,1,1,participant_30,question_2,No-Timer,True,Other
0.0,0,39,1,0.51919,0.00013,0,0.8901,0.87593,0.12722,372,118.50993,1,0.48774,-0.05521,-0.1822,0.33399,2.73876,0.32304,0.09107,19.59051,1,0.50802,-0.01361,0.94185,0.0042,0,1,0.01903,0.07345,0.62066,0.58038,0.10267,18.4722,1,0.53035,0.01386,0.94185,0.00435,1,1,participant_30,question_2,No-Timer,True,Other
0.0,0,39,1,0.51919,0.00013,0,0.8901,0.87593,0.13393,372,118.50993,1,0.48924,-0.05257,-0.04287,0.07748,0.63533,0.32335,0.09106,19.55721,1,0.50802,-0.01361,0.94185,0.00425,1,1,0.01922,0.07345,0.6206,0.58063,0.10284,18.33003,1,0.53035,0.01386,0.94185,0.00443,1,1,participant_30,question_2,No-Timer,True,Other
0.0,0,39,1,0.5396,-0.0167,0,0.8901,0.87593,0.14037,372,118.50993,1,0.49153,-0.05094,-0.04287,0.07748,0.63533,0.32405,0.09138,19.41597,1,0.53478,-0.02312,0.95443,0.00432,1,1,0.01922,0.07345,0.6206,0.58124,0.10267,18.3676,1,0.54442,-0.01028,0.95443,0.00437,1,1,participant_30,question_2,No-Timer,True,Other
0.0,0,39,1,0.53032,-0.03892,0,0.8901,0.87593,0.14703,372,118.50993,1,0.49322,-0.05042,-0.04287,0.07748,0.63533,0.32402,0.09136,19.66957,1,0.5227,-0.05142,0.967,0.00434,1,1,0.01922,0.07345,0.6206,0.58108,0.10305,18.7109,1,0.53794,-0.02643,0.967,0.00424,1,1,participant_30,question_2,No-Timer,True,Other
0.0,0,39,1,0.53016,-0.05351,0,0.8901,0.87593,0.15378,372,118.50993,1,0.49476,-0.05055,-0.04227,0.07644,0.62646,0.32391,0.09129,20.09143,1,0.52202,-0.06605,0.97958,0.0043,1,1,0.01922,0.07345,0.6206,0.58117,0.10297,18.51658,1,0.53831,-0.04098,0.97958,0.00423,1,1,participant_30,question_2,No-Timer,True,Other
0.0,0,39,1,0.53639,-0.0591,0,0.8901,0.87593,0.16066,372,118.50993,1,0.49642,-0.05089,-0.04227,0.07644,0.62646,0.32392,0.09119,19.7192,1,0.52737,-0.06974,0.97958,0.00433,1,1,0.01922,0.07345,0.6206,0.58115,0.10298,18.57244,1,0.54541,-0.04845,0.97958,0.00423,1,1,participant_30,question_2,No-Timer,True,Other
0.0,0,39,1,0.53767,-0.05659,0,0.8901,0.87593,0.16737,372,118.50993,1,0.49801,-0.05111,-0.04227,0.07644,0.62646,0.32407,0.09114,19.52443,1,0.52862,-0.06507,0.97958,0.00435,1,1,0.01922,0.07345,0.6206,0.58136,0.10301,18.06913,1,0.54671,-0.0481,0.97958,0.00424,1,1,participant_30,question_2,No-Timer,True,Other
0.0,0,39,1,0.53771,-0.04889,0,0.8901,0.87593,0.17387,372,118.50993,1,0.49948,-0.05103,-0.04144,0.07508,0.61486,0.32411,0.0911,19.30845,1,0.52894,-0.05738,0.97296,0.00436,1,1,0.01947,0.07405,0.62571,0.58125,0.10298,18.26611,1,0.54647,-0.0404,0.97296,0.00424,1,1,participant_30,question_2,No-Timer,True,Other
0.0,0,39,1,0.52526,-0.05706,0,0.8901,0.87593,0.18078,372,118.50993,1,0.5004,-0.05124,-0.04144,0.07508,0.61486,0.32419,0.09093,19.30607,1,0.51807,-0.07459,0.96634,0.00435,1,1,0.01947,0.07405,0.62571,0.58139,0.10317,18.57088,1,0.53246,-0.03953,0.96634,0.00429,1,1,participant_30,question_2,No-Timer,True,Other
0.0,0,39,1,0.52892,-0.04203,0,0.8901,0.87593,0.18078,372,118.50993,0,0.52374,-0.03777,-0.04144,0.07508,0.61486,0.32419,0.09093,19.30607,1,0.5236,-0.06098,0.95972,0.00435,1,1,0.01947,0.07405,0.62571,0.58139,0.10299,18.55639,1,0.53424,-0.02307,0.95972,0.00425,1,1,participant_30,question_2,No-Timer,True,Other
0.0,0,39,1,0.52901,-0.03426,0,0.8901,0.87593,0.18078,372,118.50993,0,0.52637,-0.03602,-0.04139,0.07502,0.61402,0.32409,0.09106,19.48144,1,0.52396,-0.05315,0.9531,0.00439,1,1,0.01947,0.07405,0.62571,0.58145,0.10292,18.57302,1,0.53407,-0.01538,0.9531,0.00426,1,1,participant_30,question_2,No-Timer,True,Other
0.0,0,39,1,0.52945,-0.03977,0,0.8901,0.87593,0.18078,372,118.50993,0,0.5274,-0.03727,-0.04139,0.07502,0.61402,0.32429,0.09065,19.72282,1,0.52174,-0.05779,0.9531,0.00418,1,1,0.01947,0.07405,0.62571,0.58152,0.10286,18.42497,1,0.53715,-0.02175,0.9531,0.00426,1,1,participant_30,question_2,No-Timer,True,Other
0.0,0,39,1,0.53166,-0.0462,0,0.8901,0.87593,0.01983,373,118.69765,1,0.52846,-0.0395,-0.04139,0.07502,0.61402,0.32431,0.09049,19.33777,1,0.52174,-0.06324,0.9531,0.00422,1,1,0.01947,0.07405,0.62571,0.58165,0.10274,18.25321,1,0.54158,-0.02917,0.9531,0.00429,1,1,participant_30,question_2,No-Timer,True,Other
0.0,0,39,1,0.53173,-0.03915,0,0.8901,0.87593,0.02633,373,118.69765,1,0.52912,-0.03943,-0.17988,0.33359,2.72872,0.32437,0.09042,19.32416,1,0.52207,-0.05614,0.94715,0.00416,0,1,0.01947,0.07405,0.62571,0.58165,0.10274,18.25321,1,0.54138,-0.02216,0.94715,0.00429,1,1,participant_30,question_2,No-Timer,True,Other
0.0,0,39,1,0.54047,-0.01748,0,0.8901,0.87593,0.03333,373,118.69765,1,0.53101,-0.03577,-0.17988,0.33359,2.72872,0.3243,0.09021,19.23404,1,0.53217,-0.01379,0.94119,0.00425,0,1,0.01947,0.07405,0.62571,0.58166,0.10269,18.31805,1,0.54877,-0.02117,0.94119,0.00423,1,1,participant_30,question_2,No-Timer,True,Other
0.0,0,39,1,0.53915,-0.00783,0,0.8901,0.87593,0.04009,373,118.69765,1,0.53217,-0.03178,-0.17988,0.33359,2.72872,0.32443,0.09028,19.50469,1,0.53139,-0.00979,0.93523,0.00422,0,1,0.01947,0.07405,0.62571,0.58186,0.10266,18.62226,1,0.54692,-0.00587,0.93523,0.00425,1,1,participant_30,question_2,No-Timer,True,Other
0.0,0,39,1,0.53918,-0.00088,0,0.8901,0.87593,0.04666,373,118.69765,1,0.53305,-0.02792,-0.17988,0.33359,2.72872,0.32444,0.09035,19.91545,1,0.53167,-0.00289,0.92927,0.0042,0,1,0.01935,0.07323,0.61875,0.58173,0.10284,19.15992,1,0.54669,0.00112,0.92927,0.00423,1,1,participant_30,question_2,No-Timer,True,Other
0.0,0,39,1,0.54459,-0.00199,0,0.8901,0.87593,0.05332,373,118.69765,1,0.53433,-0.02504,-0.17988,0.33359,2.72872,0.32444,0.09052,20.03303,1,0.53552,-0.00511,0.92927,0.00412,0,1,0.01935,0.07323,0.61875,0.58177,0.10279,19.21402,1,0.55366,0.00112,0.92927,0.00419,1,1,participant_30,question_2,No-Timer,True,Other
0.0,0,39,1,0.53457,-0.00358,0,0.8901,0.87593,0.06001,373,118.69765,1,0.53435,-0.02289,-0.17988,0.33359,2.72872,0.32449,0.09043,20.01017,1,0.51457,-0.00748,0.92927,0.00415,0,1,0.01935,0.07323,0.61875,0.58183,0.10246,19.21196,1,0.55457,0.00031,0.92927,0.00413,1,1,participant_30,question_2,No-Timer,True,Other
0.0,0,39,1,0.53445,-0.01828,0,0.8901,0.87593,0.06671,373,118.69765,1,0.53436,-0.02247,-0.04325,0.07871,0.64385,0.32452,0.0904,20.04368,1,0.51375,-0.02212,0.94185,0.00417,1,1,0.01935,0.07332,0.61875,0.58176,0.1026,19.08708,1,0.55514,-0.01444,0.94185,0.00429,1,1,participant_30,question_2,No-Timer,True,Other
0.0,0,39,1,0.53764,-0.04711,0,0.8901,0.87593,0.07322,373,118.69765,1,0.53464,-0.02453,-0.04325,0.07871,0.64385,0.32447,0.0905,20.04043,1,0.51886,-0.04269,0.95443,0.00423,1,1,0.01935,0.07332,0.61875,0.58183,0.10246,19.21196,1,0.55642,-0.05153,0.95443,0.00413,1,1,participant_30,question_2,No-Timer,True,Other
0.0,0,39,1,0.53863,-0.06001,0,0.8901,0.87593,0.08023,373,118.69765,1,0.53494,-0.02725,-0.04325,0.07871,0.64385,0.3245,0.09062,20.08866,1,0.51743,-0.0545,0.967,0.00427,1,1,0.01935,0.07332,0.61875,0.58188,0.10239,19.26169,1,0.55983,-0.06551,0.967,0.00416,1,1,participant_30,question_2,No-Timer,True,Other
0.0,0,39,1,0.53855,-0.07486,0,0.8901,0.87593,0.08685,373,118.69765,1,0.5352,-0.03066,-0.04325,0.07871,0.64385,0.32445,0.09051,20.0348,1,0.51668,-0.06918,0.97958,0.00425,1,1,0.01935,0.07332,0.61875,0.58187,0.10236,19.24526,1,0.56043,-0.08053,0.97958,0.00416,1,1,participant_30,question_2,No-Timer,True,Other
0.0,0,39,1,0.52834,-0.07122,0,0.8901,0.87593,0.09332,373,118.69765,1,0.53474,-0.03336,-0.04325,0.07871,0.64385,0.32457,0.09049,20.09796,1,0.51829,-0.0693,0.97958,0.00423,1,1,0.01935,0.07332,0.61875,0.5819,0.10236,19.32314,1,0.5384,-0.07315,0.97958,0.00416,1,1,participant_30,question_2,No-Timer,True,Other
0.0,0,39,1,0.5291,-0.07292,0,0.8901,0.87593,0.10059,373,118.69765,1,0.53439,-0.03583,-0.04325,0.07871,0.64385,0.32449,0.09066,20.0633,1,0.51796,-0.07259,0.97958,0.00431,1,1,0.01935,0.07332,0.61875,0.58189,0.10234,19.24963,1,0.54024,-0.07325,0.97958,0.00417,1,1,participant_30,question_2,No-Timer,True,Other
0.0,0,39,1,0.5291,-0.07292,0,0.8901,0.87593,0.10671,373,118.69765,1,0.53408,-0.03801,-0.04325,0.07871,0.64385,0.3245,0.09067,20.07191,1,0.51796,-0.07259,0.97958,0.00431,1,1,0.01935,0.07341,0.61875,0.5819,0.10236,19.29851,1,0.54024,-0.07325,0.97958,0.00416,1,1,participant_30,question_2,No-Timer,True,Other
0.0,0,39,1,0.52928,-0.07837,0,0.8901,0.87593,0.11367,373,118.69765,1,0.53381,-0.04026,-0.04325,0.07871,0.64385,0.32453,0.09069,20.24175,1,0.51899,-0.07524,0.97958,0.0043,1,1,0.01935,0.07341,0.61875,0.58191,0.1023,19.40485,1,0.53958,-0.08151,0.97958,0.00416,1,1,participant_30,question_2,No-Timer,True,Other
0.0,0,39,1,0.52958,-0.07847,0,0.8901,0.87593,0.12032,373,118.69765,1,0.53359,-0.04227,-0.04325,0.07871,0.64385,0.32456,0.0907,20.40748,1,0.52042,-0.07386,0.97958,0.00429,1,1,0.01935,0.07341,0.61875,0.58193,0.10224,19.25246,1,0.53874,-0.08307,0.97958,0.00419,1,1,participant_30,question_2,No-Timer,True,Other
0.0,0,39,1,0.52958,-0.07847,0,0.8901,0.87593,0.12681,373,118.69765,1,0.53339,-0.04408,-0.04325,0.07871,0.64385,0.32468,0.0906,20.20129,1,0.52042,-0.07386,0.97958,0.00427,1,1,0.01935,0.07341,0.61875,0.5819,0.10222,19.35767,1,0.53874,-0.08307,0.97958,0.0042,1,1,participant_30,question_2,No-Timer,True,Other
0.0,0,39,1,0.52908,-0.07094,0,0.8901,0.87593,0.13383,373,118.69765,1,0.53318,-0.04536,-0.04325,0.07871,0.64385,0.32471,0.09068,20.40904,1,0.51796,-0.07259,0.97958,0.00429,1,1,0.01935,0.07341,0.61875,0.5819,0.10222,19.35767,1,0.5402,-0.06929,0.97958,0.0042,1,1,participant_30,question_2,No-Timer,True,Other
0.0,0,39,1,0.53142,-0.07567,0,0.8901,0.87593,0.14041,373,118.69765,1,0.5331,-0.04673,-0.04325,0.07871,0.64385,0.32459,0.09068,20.51301,1,0.5217,-0.07701,0.97958,0.00429,1,1,0.01935,0.07341,0.61875,0.58193,0.10224,19.25246,1,0.54114,-0.07432,0.97958,0.00419,1,1,participant_30,question_2,No-Timer,True,Other
0.0,0,39,1,0.53142,-0.07567,0,0.8901,0.87593,0.14709,373,118.69765,1,0.53303,-0.04799,-0.04325,0.07871,0.64385,0.32458,0.09067,20.47887,1,0.5217,-0.07701,0.97958,0.00429,1,1,0.01935,0.07341,0.61875,0.58189,0.10222,19.11475,1,0.54114,-0.07432,0.97958,0.0042,1,1,participant_30,question_2,No-Timer,True,Other
0.0,0,39,1,0.53078,-0.07409,0,0.8901,0.87593,0.15379,373,118.69765,1,0.53294,-0.04908,-0.04325,0.07871,0.64385,0.32468,0.09054,20.44517,1,0.52042,-0.07386,0.97958,0.00426,1,1,0.01935,0.07341,0.61875,0.58184,0.10219,19.20356,1,0.54114,-0.07432,0.97958,0.0042,1,1,participant_30,question_2,No-Timer,True,Other
0.0,0,39,1,0.531,-0.07194,0,0.8901,0.87593,0.16083,373,118.69765,1,0.53286,-0.04999,-0.04325,0.07871,0.64385,0.32466,0.09057,20.47127,1,0.51998,-0.07101,0.97958,0.00424,1,1,0.01935,0.07341,0.61875,0.58184,0.10219,19.20356,1,0.54202,-0.07287,0.97958,0.0042,1,1,participant_30,question_2,No-Timer,True,Other
0.0,0,39,1,0.531,-0.07194,0,0.8901,0.87593,0.16696,373,118.69765,1,0.53279,-0.05084,-0.04325,0.07871,0.64385,0.32462,0.09059,20.41109,1,0.51998,-0.07101,0.97958,0.00423,1,1,0.01935,0.07341,0.61875,0.58184,0.10219,19.20356,1,0.54202,-0.07287,0.97958,0.0042,1,1,participant_30,question_2,No-Timer,True,Other
0.0,0,39,1,0.53174,-0.07075,0,0.8901,0.87593,0.17403,373,118.69765,1,0.53275,-0.05158,-0.04325,0.07871,0.64385,0.32464,0.09056,20.46533,1,0.52243,-0.06803,0.97958,0.00424,1,1,0.01935,0.07341,0.61875,0.58186,0.1022,19.2245,1,0.54105,-0.07347,0.97958,0.00414,1,1,participant_30,question_2,No-Timer,True,Other
0.0,0,39,1,0.53655,-0.06561,0,0.8901,0.87593,0.18066,373,118.69765,1,0.53288,-0.05208,-0.04325,0.07871,0.64385,0.32464,0.09052,20.47952,1,0.53109,-0.05836,0.97958,0.00422,1,1,0.01935,0.07341,0.61875,0.58187,0.10223,19.16948,1,0.54202,-0.07287,0.97958,0.00412,1,1,participant_30,question_2,No-Timer,True,Other
0.0,0,39,1,0.53646,-0.06207,0,0.8901,0.87593,0.18729,373,118.69765,1,0.53301,-0.05242,-0.04325,0.07871,0.64385,0.32464,0.09052,20.47952,1,0.53109,-0.05836,0.97958,0.00422,1,1,0.01906,0.07204,0.60833,0.58186,0.10214,19.06451,1,0.54183,-0.06578,0.97362,0.00417,1,1,participant_30,question_2,No-Timer,True,Other
0.0,0,39,1,0.53723,-0.05265,0,0.8901,0.87593,0.19426,373,118.69765,1,0.53315,-0.05243,-0.04325,0.07871,0.64385,0.3247,0.09067,20.39979,1,0.5329,-0.04749,0.97362,0.00422,1,1,0.01906,0.07204,0.60833,0.58196,0.10233,19.42938,1,0.54156,-0.05782,0.96767,0.00412,1,1,participant_30,question_2,No-Timer,True,Other
0.0,0,39,1,0.53768,-0.05079,0,0.8901,0.87593,0.20098,373,118.69765,1,0.53329,-0.05238,-0.04325,0.07871,0.64385,0.32469,0.09063,20.4012,1,0.53399,-0.05085,0.96767,0.00424,1,1,0.01906,0.07204,0.60833,0.58196,0.10236,19.41443,1,0.54137,-0.05074,0.96171,0.00413,1,1,participant_30,question_2,No-Timer,True,Other
0.0,0,39,1,0.53771,-0.04379,0,0.8901,0.87593,0.20737,373,118.69765,1,0.53343,-0.05211,-0.04325,0.07871,0.64385,0.32469,0.09063,20.4012,1,0.53425,-0.04393,0.96171,0.00424,1,1,0.01895,0.07158,0.60482,0.58195,0.10237,19.56199,1,0.54118,-0.04366,0.95575,0.00413,1,1,participant_30,question_2,No-Timer,True,Other
0.0,0,39,1,0.53869,-0.03722,0,0.8901,0.87593,0.21387,373,118.69765,1,0.53359,-0.05166,-0.04325,0.07871,0.64385,0.32479,0.09059,20.60267,1,0.53627,-0.03076,0.95575,0.00416,1,1,0.01895,0.07158,0.60482,0.58185,0.10278,19.26697,1,0.54112,-0.04368,0.95575,0.00439,1,1,participant_30,question_2,No-Timer,True,Other
0.0,0,39,1,0.5224,-0.02853,0,0.8901,0.87593,0.22057,373,118.69765,1,0.53326,-0.05098,-0.04325,0.07871,0.64385,0.32483,0.09058,20.56419,1,0.51777,-0.02569,0.95575,0.00415,1,1,0.01895,0.07158,0.60482,0.58188,0.10276,19.37184,1,0.52703,-0.03136,0.95575,0.0044,1,1,participant_30,question_2,No-Timer,True,Other
0.0,0,39,1,0.52259,-0.02433,0,0.8901,0.87593,0.2275,373,118.69765,1,0.53296,-0.05022,-0.04135,0.07534,0.61626,0.32493,0.09061,20.37706,1,0.51817,-0.01807,0.94913,0.00415,1,1,0.01964,0.07399,0.62517,0.58199,0.10284,19.23969,1,0.52702,-0.03058,0.95509,0.00439,1,1,participant_30,question_2,No-Timer,True,Other
0.0,0,39,1,0.52208,-0.02957,0,0.8901,0.87593,0.23418,373,118.69765,1,0.53266,-0.04964,-0.04135,0.07534,0.61626,0.32496,0.09057,20.16608,1,0.51714,-0.01575,0.94847,0.00416,1,1,0.01964,0.07399,0.62517,0.58214,0.10263,18.99488,1,0.52702,-0.04339,0.95443,0.00431,1,1,participant_30,question_2,No-Timer,True,Other
0.0,0,39,1,0.51524,-0.03034,0,0.8901,0.87593,0.24133,373,118.69765,1,0.53219,-0.04912,-0.04135,0.07534,0.61626,0.32477,0.09042,20.29896,1,0.51099,-0.01664,0.94781,0.00424,1,1,0.01964,0.07399,0.62517,0.58188,0.10276,19.37184,1,0.51949,-0.04405,0.95376,0.0044,1,1,participant_30,question_2,No-Timer,True,Other
0.0,0,39,1,0.51504,-0.03377,0,0.8901,0.87593,0.24734,373,118.69765,1,0.53173,-0.04872,-0.04265,0.07756,0.63479,0.32476,0.09041,20.30769,1,0.51059,-0.0235,0.95376,0.00424,1,1,0.01895,0.07158,0.60482,0.58205,0.10264,18.91145,1,0.51949,-0.04405,0.95376,0.00441,1,1,participant_30,question_2,No-Timer,True,Other
0.0,0,39,1,0.51449,-0.04086,0,0.8901,0.87593,0.25428,373,118.69765,1,0.53129,-0.04851,-0.04265,0.07756,0.63479,0.32454,0.09069,20.23865,1,0.50926,-0.05908,0.96038,0.00418,1,1,0.01895,0.07158,0.60482,0.58176,0.10293,19.23,1,0.51972,-0.02263,0.95443,0.00436,1,1,participant_30,question_2,No-Timer,True,Other
0.0,0,39,1,0.50868,-0.03932,0,0.8901,0.87593,0.26077,373,118.69765,1,0.53073,-0.04829,-0.04265,0.07756,0.63479,0.32465,0.09058,19.82802,1,0.49204,-0.05542,0.96105,0.00419,1,1,0.01895,0.07158,0.60482,0.58168,0.10277,18.93835,1,0.52532,-0.02323,0.95509,0.00445,1,1,participant_30,question_2,No-Timer,True,Other
0.0,0,39,1,0.50866,-0.0401,0,0.8901,0.87593,0.26785,373,118.69765,1,0.53019,-0.04809,-0.04265,0.07756,0.63479,0.3247,0.09057,19.97334,1,0.49199,-0.0562,0.96171,0.00419,1,1,0.01895,0.07158,0.60482,0.58166,0.10289,19.01868,1,0.52533,-0.024,0.95575,0.00437,1,1,participant_30,question_2,No-Timer,True,Other
0.0,0,39,1,0.51329,-0.04023,0,0.8901,0.87593,0.27448,373,118.69765,1,0.52979,-0.0479,-0.04265,0.07756,0.63479,0.32478,0.09055,20.04333,1,0.49885,-0.06099,0.95575,0.00418,1,1,0.01895,0.07158,0.60482,0.58195,0.10273,18.82184,1,0.52774,-0.01947,0.95575,0.0044,1,1,participant_30,question_2,No-Timer,True,Other
0.0,0,39,1,0.50715,-0.03773,0,0.8901,0.87593,0.2812,373,118.69765,1,0.52926,-0.04766,-0.04265,0.07756,0.63479,0.32478,0.09055,20.04333,1,0.50292,-0.05865,0.95575,0.00418,1,1,0.01895,0.07158,0.60482,0.58195,0.10277,18.78262,1,0.51139,-0.01681,0.95575,0.00438,1,1,participant_30,question_2,No-Timer,True,Other
0.0,0,39,1,0.5074,-0.03342,0,0.8901,0.87593,0.28825,373,118.69765,1,0.52876,-0.04734,-0.0424,0.0772,0.63185,0.32478,0.09055,20.04333,1,0.50341,-0.0508,0.94913,0.00418,1,1,0.01964,0.07399,0.62517,0.58195,0.10277,18.78262,1,0.51139,-0.01604,0.95509,0.00438,1,1,participant_30,question_2,No-Timer,True,Other
0.0,0,39,1,0.50906,-0.03419,0,0.8901,0.87593,0.29428,373,118.69765,1,0.52833,-0.04705,-0.0424,0.0772,0.63185,0.32477,0.09059,20.15031,1,0.50516,-0.05452,0.94847,0.00417,1,1,0.01964,0.07399,0.62517,0.582,0.10288,18.94175,1,0.51297,-0.01386,0.95443,0.00437,1,1,participant_30,question_2,No-Timer,True,Other
0.0,0,39,1,0.51717,-0.00761,0,0.8901,0.87593,0.30121,373,118.69765,1,0.52808,-0.04619,-0.0424,0.0772,0.63185,0.32478,0.09048,20.1123,1,0.51515,-0.01105,0.94781,0.00422,1,1,0.01964,0.07399,0.62517,0.58206,0.10296,18.92309,1,0.5192,-0.00417,0.95376,0.00435,1,1,participant_30,question_2,No-Timer,True,Other
0.0,0,39,1,0.51733,-0.0,0,0.8901,0.87593,0.30791,373,118.69765,1,0.52785,-0.04521,-0.17926,0.33395,2.73168,0.32476,0.09057,20.2193,1,0.51556,-0.00347,0.94119,0.00418,0,1,0.01964,0.07399,0.62517,0.58208,0.10284,18.98052,1,0.51911,0.00346,0.94715,0.00428,1,1,participant_30,question_2,No-Timer,True,Other
0.0,0,39,1,0.52011,-0.00166,0,0.8901,0.87593,0.3144,373,118.69765,1,0.52769,-0.0443,-0.17926,0.33395,2.73168,0.32488,0.09047,20.07558,1,0.51716,-0.00445,0.94119,0.00423,0,1,0.01964,0.07399,0.62517,0.58209,0.10283,18.99061,1,0.52306,0.00113,0.94119,0.00428,1,1,participant_30,question_2,No-Timer,True,Other
0.0,0,39,1,0.51813,0.00226,0,0.8901,0.87593,0.3213,373,118.69765,1,0.52758,-0.04346,-0.17926,0.33395,2.73168,0.32504,0.09044,19.56844,1,0.51571,-0.0002,0.93523,0.00426,0,1,0.01964,0.07399,0.62517,0.58193,0.10302,19.1837,1,0.52056,0.00473,0.93523,0.00429,1,1,participant_30,question_2,No-Timer,True,Other
0.0,0,39,1,0.51828,0.00916,0,0.8901,0.87593,0.32803,373,118.69765,1,0.52735,-0.04256,-0.17926,0.33395,2.73168,0.325,0.0904,19.59954,1,0.51609,0.00664,0.92927,0.00427,0,1,0.01964,0.07399,0.62517,0.58193,0.10299,19.20741,1,0.52047,0.01167,0.92927,0.00428,1,1,participant_30,question_2,No-Timer,True,Other
0.0,0,39,1,0.52439,0.01254,0,0.8901,0.87593,0.32803,373,118.69765,0,0.51414,-0.01753,-0.17926,0.33395,2.73168,0.32494,0.09051,19.6109,1,0.51841,0.00648,0.92927,0.00432,0,1,0.01964,0.07399,0.62517,0.58207,0.10285,18.98209,1,0.53036,0.0186,0.92927,0.00426,1,1,participant_30,question_2,No-Timer,True,Other
0.0,0,39,1,0.51347,0.00753,0,0.8901,0.87593,0.32803,373,118.69765,0,0.5138,-0.005,-0.17926,0.33395,2.73168,0.32508,0.09033,19.66594,1,0.49796,0.00132,0.92927,0.00422,0,1,0.01964,0.07399,0.62517,0.58228,0.10293,18.41864,1,0.52898,0.01374,0.92927,0.00432,1,1,participant_30,question_2,No-Timer,True,Other
0.0,0,39,1,0.5131,-0.00705,0,0.8901,0.87593,0.32803,373,118.69765,0,0.51357,-0.00568,-0.04281,0.07825,0.64008,0.32508,0.09033,19.66594,1,0.49694,-0.01323,0.94185,0.00422,1,1,0.01952,0.07321,0.61855,0.58232,0.10292,18.50582,1,0.52926,-0.00088,0.94185,0.00433,1,1,participant_30,question_2,No-Timer,True,Other
0.0,0,39,1,0.51995,-0.02793,0,0.8901,0.87593,0.01984,374,119.03237,1,0.51517,-0.01125,-0.04281,0.07825,0.64008,0.32508,0.09033,19.66594,1,0.49757,-0.03219,0.95443,0.00422,1,1,0.01952,0.07321,0.61855,0.58224,0.10287,18.63744,1,0.54233,-0.02367,0.95443,0.00434,1,1,participant_30,question_2,No-Timer,True,Other
0.0,0,39,1,0.50849,-0.03564,0,0.8901,0.87593,0.02712,374,119.03237,1,0.51383,-0.01613,-0.04281,0.07825,0.64008,0.32507,0.09042,19.59377,1,0.50001,-0.03975,0.967,0.00427,1,1,0.01952,0.07321,0.61855,0.5823,0.10308,18.68633,1,0.51697,-0.03154,0.967,0.00437,1,1,participant_30,question_2,No-Timer,True,Other
0.0,0,39,1,0.50809,-0.05022,0,0.8901,0.87593,0.03346,374,119.03237,1,0.51287,-0.02181,-0.04281,0.07825,0.64008,0.32507,0.09042,19.59377,1,0.49906,-0.05425,0.97958,0.00427,1,1,0.01952,0.07321,0.61855,0.5823,0.10308,18.68633,1,0.51711,-0.04619,0.97958,0.00437,1,1,participant_30,question_2,No-Timer,True,Other
0.0,0,39,1,0.51191,-0.04694,0,0.8901,0.87593,0.04021,374,119.03237,1,0.51274,-0.0254,-0.04281,0.07825,0.64008,0.32507,0.09044,18.98478,1,0.50162,-0.05226,0.97958,0.00436,1,1,0.01952,0.07321,0.61855,0.58235,0.10306,18.64125,1,0.5222,-0.04162,0.97958,0.00436,1,1,participant_30,question_2,No-Timer,True,Other
0.0,0,39,1,0.51573,-0.04583,0,0.8901,0.87593,0.04693,374,119.03237,1,0.51311,-0.02795,-0.04281,0.07825,0.64008,0.32529,0.09046,19.54923,1,0.50334,-0.05303,0.97958,0.0043,1,1,0.01952,0.07321,0.61855,0.58253,0.1031,19.11618,1,0.52812,-0.03862,0.97958,0.00433,1,1,participant_30,question_2,No-Timer,True,Other
0.0,0,39,1,0.51573,-0.04583,0,0.8901,0.87593,0.05351,374,119.03237,1,0.5134,-0.02994,-0.04281,0.07825,0.64008,0.3253,0.09044,19.61258,1,0.50334,-0.05303,0.97958,0.00428,1,1,0.01952,0.07321,0.61855,0.58254,0.10309,19.15038,1,0.52812,-0.03862,0.97958,0.00433,1,1,participant_30,question_2,No-Timer,True,Other
0.0,0,39,1,0.52188,-0.04453,0,0.8901,0.87593,0.06001,374,119.03237,1,0.51425,-0.0314,-0.04281,0.07825,0.64008,0.32536,0.09046,19.75875,1,0.51617,-0.05999,0.97958,0.00415,1,1,0.01952,0.07321,0.61855,0.58257,0.10312,19.09552,1,0.5276,-0.02906,0.97958,0.00431,1,1,participant_30,question_2,No-Timer,True,Other
0.0,0,39,1,0.52529,-0.04452,0,0.8901,0.87593,0.06694,374,119.03237,1,0.51525,-0.03259,-0.04281,0.07825,0.64008,0.32538,0.09043,19.76875,1,0.51702,-0.06318,0.97958,0.00416,1,1,0.01952,0.07321,0.61855,0.58255,0.10313,19.07263,1,0.53356,-0.02586,0.97958,0.00432,1,1,participant_30,question_2,No-Timer,True,Other
0.0,0,39,1,0.52521,-0.04112,0,0.8901,0.87593,0.07365,374,119.03237,1,0.51608,-0.0333,-0.04281,0.07825,0.64008,0.32533,0.09049,19.96107,1,0.51702,-0.06318,0.97958,0.00415,1,1,0.01934,0.07233,0.61117,0.58259,0.10322,19.0056,1,0.53341,-0.01905,0.97362,0.0043,1,1,participant_30,question_2,No-Timer,True,Other
0.0,0,39,1,0.52651,-0.02929,0,0.8901,0.87593,0.08031,374,119.03237,1,0.51689,-0.03299,-0.04281,0.07825,0.64008,0.32535,0.09069,19.84656,1,0.52025,-0.0529,0.97362,0.00427,1,1,0.01934,0.07233,0.61117,0.58264,0.1029,18.97954,1,0.53278,-0.00567,0.96767,0.00447,1,1,participant_30,question_2,No-Timer,True,Other
0.0,0,39,1,0.51686,-0.02644,0,0.8901,0.87593,0.08702,374,119.03237,1,0.51688,-0.03252,-0.04281,0.07825,0.64008,0.32547,0.09054,19.85743,1,0.49601,-0.04869,0.96767,0.0042,1,1,0.01934,0.07233,0.61117,0.58272,0.10293,18.62877,1,0.53771,-0.00418,0.96171,0.00444,1,1,participant_30,question_2,No-Timer,True,Other
0.0,0,39,1,0.51726,-0.01535,0,0.8901,0.87593,0.09397,374,119.03237,1,0.51691,-0.03138,-0.04167,0.07625,0.6237,0.32545,0.09055,19.80629,1,0.49701,-0.03408,0.95509,0.00421,1,1,0.01962,0.07323,0.61873,0.58274,0.10297,18.78912,1,0.53751,0.00337,0.95509,0.00442,1,1,participant_30,question_2,No-Timer,True,Other
0.0,0,39,1,0.5123,-0.00918,0,0.8901,0.87593,0.10022,374,119.03237,1,0.51662,-0.02999,-0.04167,0.07625,0.6237,0.32553,0.0906,19.94286,1,0.50611,-0.02466,0.94847,0.00423,1,1,0.01962,0.07323,0.61873,0.58283,0.10283,18.85923,1,0.51849,0.00629,0.95443,0.00434,1,1,participant_30,question_2,No-Timer,True,Other
0.0,0,39,1,0.51086,-0.01026,0,0.8901,0.87593,0.10738,374,119.03237,1,0.51628,-0.02883,-0.04167,0.07625,0.6237,0.32546,0.09066,19.96311,1,0.50466,-0.02798,0.94781,0.00434,1,1,0.01962,0.07323,0.61873,0.58283,0.10283,18.85923,1,0.51706,0.00746,0.95376,0.00434,1,1,participant_30,question_2,No-Timer,True,Other
0.0,0,39,1,0.51088,-0.0095,0,0.8901,0.87593,0.11418,374,119.03237,1,0.51598,-0.02776,-0.04167,0.07625,0.6237,0.32554,0.09071,20.21717,1,0.50471,-0.02721,0.94715,0.00432,1,1,0.01962,0.07323,0.61873,0.58285,0.10286,18.79484,1,0.51705,0.00821,0.9531,0.00434,1,1,participant_30,question_2,No-Timer,True,Other
0.0,0,39,1,0.51671,-0.0067,0,0.8901,0.87593,0.12061,374,119.03237,1,0.51602,-0.02665,-0.04167,0.07625,0.6237,0.3256,0.09055,19.7327,1,0.5076,-0.02845,0.9531,0.0043,1,1,0.01962,0.07323,0.61873,0.58285,0.10285,18.78201,1,0.52582,0.01506,0.9531,0.00434,1,1,participant_30,question_2,No-Timer,True,Other
0.0,0,39,1,0.51856,-0.00787,0,0.8901,0.87593,0.12728,374,119.03237,1,0.51615,-0.02571,-0.04167,0.07625,0.6237,0.32578,0.09041,19.30298,1,0.50893,-0.02912,0.9531,0.0043,1,1,0.01962,0.07323,0.61873,0.58285,0.10278,18.82545,1,0.52819,0.01338,0.9531,0.0043,1,1,participant_30,question_2,No-Timer,True,Other
0.0,0,39,1,0.51856,-0.00787,0,0.8901,0.87593,0.13431,374,119.03237,1,0.51626,-0.02486,-0.04167,0.07625,0.6237,0.32578,0.09041,19.30298,1,0.50893,-0.02912,0.9531,0.0043,1,1,0.01962,0.07323,0.61873,0.58288,0.10274,18.85976,1,0.52819,0.01338,0.9531,0.00425,1,1,participant_30,question_2,No-Timer,True,Other
0.0,0,39,1,0.51987,-0.00691,0,0.8901,0.87593,0.14096,374,119.03237,1,0.51643,-0.02404,-0.04167,0.07625,0.6237,0.32578,0.09041,19.30298,1,0.50893,-0.02912,0.9531,0.0043,1,1,0.01962,0.07323,0.61873,0.58289,0.10281,18.70695,1,0.5308,0.01529,0.9531,0.00432,1,1,participant_30,question_2,No-Timer,True,Other
0.0,0,39,1,0.51969,-0.0117,0,0.8901,0.87593,0.14713,374,119.03237,1,0.51657,-0.02351,-0.04167,0.07625,0.6237,0.32578,0.09041,19.30298,1,0.51159,-0.03073,0.9531,0.0043,1,1,0.01962,0.07323,0.61873,0.58294,0.10272,18.59977,1,0.5278,0.00734,0.9531,0.00429,1,1,participant_30,question_2,No-Timer,True,Other
0.0,0,39,1,0.51969,-0.0117,0,0.8901,0.87593,0.15401,374,119.03237,1,0.5167,-0.02302,-0.04167,0.07625,0.6237,0.32587,0.0904,19.31577,1,0.51159,-0.03073,0.9531,0.0043,1,1,0.01962,0.07323,0.61873,0.58299,0.10276,18.26972,1,0.5278,0.00734,0.9531,0.00431,1,1,participant_30,question_2,No-Timer,True,Other
0.0,0,39,1,0.52137,-0.01187,0,0.8901,0.87593,0.1608,374,119.03237,1,0.51688,-0.02257,-0.04167,0.07625,0.6237,0.32587,0.0904,19.31577,1,0.51232,-0.03213,0.9531,0.0043,1,1,0.01962,0.07323,0.61873,0.58305,0.10271,18.33264,1,0.53041,0.00838,0.9531,0.00432,1,1,participant_30,question_2,No-Timer,True,Other
0.0,0,39,1,0.52282,-0.01168,0,0.8901,0.87593,0.16721,374,119.03237,1,0.51711,-0.02215,-0.04167,0.07625,0.6237,0.32579,0.0903,19.2923,1,0.51407,-0.03072,0.9531,0.00425,1,1,0.01962,0.07323,0.61873,0.58309,0.10278,18.13861,1,0.53158,0.00736,0.9531,0.00438,1,1,participant_30,question_2,No-Timer,True,Other
0.0,0,39,1,0.52302,-0.00861,0,0.8901,0.87593,0.17416,374,119.03237,1,0.51733,-0.02165,-0.17829,0.33367,2.7294,0.32587,0.09041,19.38099,1,0.51445,-0.02382,0.94715,0.00429,0,1,0.02032,0.07564,0.63911,0.58301,0.10288,18.42889,1,0.5316,0.00661,0.95376,0.00436,1,1,participant_30,question_2,No-Timer,True,Other
0.0,0,39,1,0.52609,-0.00755,0,0.8901,0.87593,0.18109,374,119.03237,1,0.51764,-0.02115,-0.17829,0.33367,2.7294,0.3259,0.09063,19.42602,1,0.519,-0.02051,0.94781,0.00418,0,1,0.02032,0.07564,0.63911,0.58301,0.10288,18.42889,1,0.53318,0.00541,0.95443,0.00436,1,1,participant_30,question_2,No-Timer,True,Other
0.0,0,39,1,0.51468,-0.01351,0,0.8901,0.87593,0.18807,374,119.03237,1,0.51754,-0.02088,-0.17829,0.33367,2.7294,0.3259,0.09057,19.45865,1,0.49659,-0.02691,0.94847,0.0042,0,1,0.02032,0.07564,0.63911,0.583,0.1029,18.39397,1,0.53278,-0.00011,0.95509,0.0044,1,1,participant_30,question_2,No-Timer,True,Other
0.0,0,39,1,0.51442,-0.01736,0,0.8901,0.87593,0.19434,374,119.03237,1,0.51744,-0.02077,-0.04114,0.07545,0.61718,0.32584,0.09054,19.44371,1,0.49605,-0.03461,0.95509,0.00413,1,1,0.01978,0.07346,0.62072,0.583,0.1029,18.39397,1,0.53278,-0.00011,0.95509,0.0044,1,1,participant_30,question_2,No-Timer,True,Other
0.0,0,39,1,0.51535,-0.01776,0,0.8901,0.87593,0.20136,374,119.03237,1,0.51737,-0.02067,-0.04114,0.07545,0.61718,0.32591,0.09057,19.3863,1,0.49535,-0.03635,0.96105,0.00421,1,1,0.01978,0.07346,0.62072,0.58294,0.10294,18.33237,1,0.53535,0.00082,0.95443,0.0044,1,1,participant_30,question_2,No-Timer,True,Other
0.0,0,39,1,0.50694,-0.01673,0,0.8901,0.87593,0.20773,374,119.03237,1,0.51705,-0.02055,-0.04114,0.07545,0.61718,0.32598,0.09052,19.41066,1,0.49466,-0.03402,0.96038,0.00422,1,1,0.01978,0.07346,0.62072,0.58294,0.10294,18.33237,1,0.51921,0.00055,0.95376,0.0044,1,1,participant_30,question_2,No-Timer,True,Other
0.0,0,39,1,0.50674,-0.02359,0,0.8901,0.87593,0.21433,374,119.03237,1,0.51673,-0.02064,-0.0412,0.07565,0.61883,0.32597,0.09053,19.45423,1,0.49418,-0.04091,0.96634,0.00422,1,1,0.01978,0.07346,0.62072,0.583,0.10299,18.20735,1,0.51929,-0.00628,0.95972,0.00439,1,1,participant_30,question_2,No-Timer,True,Other
0.0,0,39,1,0.50671,-0.03299,0,0.8901,0.87593,0.221,374,119.03237,1,0.51644,-0.021,-0.0412,0.07565,0.61883,0.32592,0.09063,19.40269,1,0.49445,-0.05317,0.96634,0.00427,1,1,0.01978,0.07346,0.62072,0.58302,0.10297,18.09509,1,0.51897,-0.0128,0.96634,0.00441,1,1,participant_30,question_2,No-Timer,True,Other
0.0,0,39,1,0.50468,-0.03853,0,0.8901,0.87593,0.22772,374,119.03237,1,0.5161,-0.0215,-0.0412,0.07565,0.61883,0.32585,0.09059,19.09055,1,0.49617,-0.06031,0.97296,0.00429,1,1,0.01978,0.07346,0.62072,0.58294,0.10296,18.02104,1,0.51319,-0.01674,0.97296,0.00442,1,1,participant_30,question_2,No-Timer,True,Other
0.0,0,39,1,0.50445,-0.04618,0,0.8901,0.87593,0.23487,374,119.03237,1,0.51578,-0.02219,-0.0412,0.07565,0.61883,0.32576,0.09068,19.32699,1,0.49565,-0.06804,0.97958,0.0043,1,1,0.01978,0.07346,0.62072,0.58294,0.10296,18.02104,1,0.51324,-0.02431,0.97958,0.00442,1,1,participant_30,question_2,No-Timer,True,Other
0.0,0,39,1,0.51349,-0.0307,0,0.8901,0.87593,0.24108,374,119.03237,1,0.51572,-0.02242,-0.0412,0.07565,0.61883,0.32588,0.09055,19.17492,1,0.50338,-0.035,0.97958,0.00427,1,1,0.01978,0.07346,0.62072,0.58308,0.10311,17.80324,1,0.5236,-0.02639,0.97958,0.00434,1,1,participant_30,question_2,No-Timer,True,Other
0.0,0,39,1,0.5138,-0.04221,0,0.8901,0.87593,0.24759,374,119.03237,1,0.51567,-0.02294,-0.0412,0.07565,0.61883,0.32585,0.09057,19.22276,1,0.50385,-0.05499,0.97958,0.00424,1,1,0.01978,0.07346,0.62072,0.58313,0.10295,17.79689,1,0.52375,-0.02942,0.97958,0.00429,1,1,participant_30,question_2,No-Timer,True,Other
0.0,0,39,1,0.51375,-0.03879,0,0.8901,0.87593,0.25483,374,119.03237,1,0.51562,-0.02334,-0.0412,0.07575,0.61883,0.32587,0.09045,19.20681,1,0.50385,-0.05499,0.97958,0.00427,1,1,0.01919,0.07114,0.60073,0.58318,0.10267,17.83906,1,0.52365,-0.02259,0.97362,0.00438,1,1,participant_30,question_2,No-Timer,True,Other
0.0,0,39,1,0.50745,-0.03471,0,0.8901,0.87593,0.26119,374,119.03237,1,0.51541,-0.02363,-0.0412,0.07575,0.61883,0.32644,0.08973,18.99778,1,0.50483,-0.05436,0.97362,0.00421,1,1,0.01919,0.07114,0.60073,0.58302,0.1024,18.18946,1,0.51006,-0.01507,0.96767,0.00415,1,1,participant_30,question_2,No-Timer,True,Other
0.0,0,39,1,0.51433,0.06829,0,0.8901,0.87593,0.26788,374,119.03237,1,0.51539,-0.02139,-0.0412,0.07575,0.61883,0.3267,0.09019,19.07637,1,0.51926,0.02801,0.96767,0.00417,1,1,0.01919,0.07114,0.60073,0.58294,0.10315,17.87499,1,0.50941,0.10856,0.96171,0.00385,1,1,participant_30,question_2,No-Timer,True,Question
0.0,0,39,1,0.5145,0.07151,0,0.8901,0.87593,0.27458,374,119.03237,1,0.51537,-0.01917,-0.0412,0.07636,0.6216,0.32649,0.0905,18.16928,1,0.5196,0.03445,0.96171,0.00391,1,1,0.01978,0.07383,0.62072,0.58305,0.10316,17.62545,1,0.50941,0.10856,0.96171,0.00396,1,1,participant_30,question_2,No-Timer,True,Question
0.0,0,39,0,0.5145,0.07151,0,0.8901,0.87593,0.28133,374,119.03237,1,0.51537,-0.01917,-0.0412,0.07636,0.6216,0.32649,0.0905,18.16928,0,0.5196,0.03445,0.96171,0.00391,1,0,0.01978,0.07383,0.62072,0.58305,0.10316,17.62545,0,0.50941,0.10856,0.96767,0.00396,1,0,participant_30,question_2,No-Timer,False,Question
0.0,0,39,0,0.5145,0.07151,0,0.8901,0.87593,0.28854,374,119.03237,1,0.51537,-0.01917,-0.0412,0.07636,0.6216,0.32649,0.0905,18.16928,0,0.5196,0.03445,0.96767,0.00391,1,0,0.01978,0.07383,0.62072,0.58305,0.10316,17.62545,0,0.50941,0.10856,0.97362,0.00396,1,0,participant_30,question_2,No-Timer,False,Question
0.0,0,39,0,0.5145,0.07151,0,0.8901,0.87593,0.29497,374,119.03237,1,0.51537,-0.01917,-0.0412,0.07636,0.6216,0.32649,0.0905,18.16928,0,0.5196,0.03445,0.97362,0.00391,1,0,0.01978,0.07383,0.62072,0.58305,0.10316,17.62545,0,0.50941,0.10856,0.97958,0.00396,1,0,participant_30,question_2,No-Timer,False,Question
0.0,0,39,0,0.5145,0.07151,0,0.8901,0.87593,0.29497,374,119.03237,0,0.51018,-0.0152,-0.0412,0.07636,0.6216,0.32649,0.0905,18.16928,0,0.5196,0.03445,0.97958,0.00391,1,0,0.01978,0.07383,0.62072,0.58305,0.10316,17.62545,0,0.50941,0.10856,0.97958,0.00396,1,0,participant_30,question_2,No-Timer,False,Question
0.0,0,39,0,0.5145,0.07151,0,0.8901,0.87593,0.29497,374,119.03237,0,0.51018,-0.0152,-0.0412,0.07636,0.6216,0.32649,0.0905,18.16928,0,0.5196,0.03445,0.97958,0.00391,1,0,0.01978,0.07383,0.62072,0.58305,0.10316,17.62545,0,0.50941,0.10856,0.97958,0.00396,1,0,participant_30,question_2,No-Timer,False,Question
0.0,0,39,0,0.5145,0.07151,0,0.8901,0.87593,0.29497,374,119.03237,0,0.51018,-0.0152,-0.0412,0.07636,0.6216,0.32649,0.0905,18.16928,0,0.5196,0.03445,0.97958,0.00391,1,0,0.01978,0.07383,0.62072,0.58305,0.10316,17.62545,0,0.50941,0.10856,0.97958,0.00396,1,0,participant_30,question_2,No-Timer,False,Question
0.0,68,39,0,0.5145,0.07151,0,0.8901,0.87593,0.29497,374,119.03237,0,0.0,0.0,-0.0412,0.07636,0.6216,0.32649,0.0905,18.16928,0,0.5196,0.03445,0.97958,0.00391,1,0,0.01978,0.07383,0.62072,0.58305,0.10316,17.62545,0,0.50941,0.10856,0.97958,0.00396,1,0,participant_30,question_2,No-Timer,True,Question
0.0,68,39,0,0.5145,0.07151,0,0.8901,0.87593,0.29497,374,119.03237,0,0.0,0.0,-0.0412,0.07636,0.6216,0.32649,0.0905,18.16928,0,0.5196,0.03445,0.97958,0.00391,1,0,0.01978,0.07383,0.62072,0.58305,0.10316,17.62545,0,0.50941,0.10856,0.97958,0.00396,1,0,participant_30,question_2,No-Timer,True,Question
0.0,68,39,0,0.5145,0.07151,0,0.8901,0.87593,0.29497,374,119.03237,0,0.0,0.0,-0.0412,0.07636,0.6216,0.32649,0.0905,18.16928,0,0.5196,0.03445,0.97958,0.00391,1,0,0.01978,0.07383,0.62072,0.58305,0.10316,17.62545,0,0.50941,0.10856,0.97958,0.00396,1,0,participant_30,question_2,No-Timer,True,Question
0.0,68,39,0,0.5145,0.07151,0,0.8901,0.87593,0.29497,374,119.03237,0,0.0,0.0,-0.0412,0.07636,0.6216,0.32649,0.0905,18.16928,0,0.5196,0.03445,0.97958,0.00391,1,0,0.01978,0.07383,0.62072,0.58305,0.10316,17.62545,0,0.50941,0.10856,0.97958,0.00396,1,0,participant_30,question_2,No-Timer,True,Question
0.0,68,39,0,0.5145,0.07151,0,0.8901,0.87593,0.29497,374,119.03237,0,0.0,0.0,-0.0412,0.07636,0.6216,0.32649,0.0905,18.16928,0,0.5196,0.03445,0.97958,0.00391,1,0,0.01978,0.07383,0.62072,0.58305,0.10316,17.62545,0,0.50941,0.10856,0.97958,0.00396,1,0,participant_30,question_2,No-Timer,True,Question
0.0,68,39,0,0.5145,0.07151,0,0.8901,0.87593,0.29497,374,119.03237,0,0.0,0.0,-0.0412,0.07636,0.6216,0.32649,0.0905,18.16928,0,0.5196,0.03445,0.97958,0.00391,1,0,0.01978,0.07383,0.62072,0.58305,0.10316,17.62545,0,0.50941,0.10856,0.97958,0.00396,1,0,participant_30,question_2,No-Timer,True,Question
0.0,68,39,0,0.5145,0.07151,0,0.8901,0.87593,0.29497,374,119.03237,0,0.0,0.0,-0.0412,0.07636,0.6216,0.32649,0.0905,18.16928,0,0.5196,0.03445,0.97958,0.00391,1,0,0.01978,0.07383,0.62072,0.58305,0.10316,17.62545,0,0.50941,0.10856,0.97958,0.00396,1,0,participant_30,question_2,No-Timer,True,Question
0.0,68,39,0,0.5145,0.07151,0,0.8901,0.87593,0.29497,374,119.03237,0,0.0,0.0,-0.0412,0.07636,0.6216,0.32649,0.0905,18.16928,0,0.5196,0.03445,0.97958,0.00391,1,0,0.01978,0.07383,0.62072,0.58305,0.10316,17.62545,0,0.50941,0.10856,0.97958,0.00396,1,0,participant_30,question_2,No-Timer,True,Question
0.0,68,39,0,0.5145,0.07151,0,0.8901,0.87593,0.29497,374,119.03237,0,0.0,0.0,-0.0412,0.07636,0.6216,0.32649,0.0905,18.16928,0,0.5196,0.03445,0.97958,0.00391,1,0,0.01978,0.07383,0.62072,0.58305,0.10316,17.62545,0,0.50941,0.10856,0.97958,0.00396,1,0,participant_30,question_2,No-Timer,True,Question
0.0,68,39,0,0.5145,0.07151,0,0.8901,0.87593,0.29497,374,119.03237,0,0.0,0.0,-0.0412,0.07636,0.6216,0.32649,0.0905,18.16928,0,0.5196,0.03445,0.97958,0.00391,1,0,0.01978,0.07383,0.62072,0.58305,0.10316,17.62545,0,0.50941,0.10856,0.97958,0.00396,1,0,participant_30,question_2,No-Timer,True,Question
0.0,68,39,0,0.5145,0.07151,0,0.8901,0.87593,0.29497,374,119.03237,0,0.0,0.0,-0.0412,0.07636,0.6216,0.32649,0.0905,18.16928,0,0.5196,0.03445,0.97958,0.00391,1,0,0.01978,0.07383,0.62072,0.58305,0.10316,17.62545,0,0.50941,0.10856,0.97958,0.00396,1,0,participant_30,question_2,No-Timer,True,Question
0.0,68,39,0,0.5145,0.07151,0,0.8901,0.87593,0.29497,374,119.03237,0,0.0,0.0,-0.0412,0.07636,0.6216,0.32649,0.0905,18.16928,0,0.5196,0.03445,0.97958,0.00391,1,0,0.01978,0.07383,0.62072,0.58305,0.10316,17.62545,0,0.50941,0.10856,0.97958,0.00396,1,0,participant_30,question_2,No-Timer,True,Question
0.0,68,39,0,0.5145,0.07151,0,0.8901,0.87593,0.29497,374,119.03237,0,0.0,0.0,-0.0412,0.07636,0.6216,0.32649,0.0905,18.16928,0,0.5196,0.03445,0.97958,0.00391,1,0,0.01978,0.07383,0.62072,0.58305,0.10316,17.62545,0,0.50941,0.10856,0.97958,0.00396,1,0,participant_30,question_2,No-Timer,True,Question
0.0,68,39,0,0.5145,0.07151,0,0.8901,0.87593,0.29497,374,119.03237,0,0.0,0.0,-0.0412,0.07636,0.6216,0.32649,0.0905,18.16928,0,0.5196,0.03445,0.97958,0.00391,1,0,0.01978,0.07383,0.62072,0.58305,0.10316,17.62545,0,0.50941,0.10856,0.97958,0.00396,1,0,participant_30,question_2,No-Timer,True,Question
0.09353,0,40,1,0.51422,0.05625,0,0.8901,0.87593,0.29497,374,119.03237,0,0.25711,0.02813,-0.04114,0.07564,0.61718,0.32574,0.08949,19.09263,1,0.51895,0.02229,0.97296,0.00438,1,1,0.02055,0.07634,0.64343,0.58319,0.10195,18.22099,1,0.5095,0.09021,0.97958,0.00409,1,1,participant_30,question_2,No-Timer,True,Question
0.0,0,40,1,0.48218,-0.06985,0,0.8901,0.87593,0.29497,374,119.03237,0,0.4982,-0.0068,-0.04114,0.07564,0.61718,0.32574,0.08949,19.09263,1,0.45426,-0.08573,0.97296,0.00438,1,1,0.02055,0.07634,0.64343,0.58303,0.10215,18.40178,1,0.51009,-0.05397,0.97958,0.00414,1,1,participant_30,question_2,No-Timer,True,Other
0.0,0,40,1,0.49259,-0.05796,0,0.8901,0.87593,0.29497,374,119.03237,0,0.49539,-0.03238,-0.04114,0.07564,0.61718,0.32568,0.08964,18.98063,1,0.47963,-0.07512,0.97296,0.00432,1,1,0.02055,0.07634,0.64343,0.58306,0.10218,18.39113,1,0.50555,-0.04081,0.97958,0.00407,1,1,participant_30,question_2,No-Timer,True,Other
0.0,0,40,1,0.49258,-0.05412,0,0.8901,0.87593,0.29497,374,119.03237,0,0.49446,-0.03963,-0.04114,0.07564,0.61718,0.32573,0.08966,19.11024,1,0.47963,-0.07512,0.97296,0.00432,1,1,0.02001,0.07418,0.62517,0.58304,0.10222,18.32943,1,0.50553,-0.03312,0.97296,0.00411,1,1,participant_30,question_2,No-Timer,True,Other
0.0,0,40,1,0.49011,-0.05183,0,0.8901,0.87593,0.02014,375,119.45406,1,0.49337,-0.04268,-0.04114,0.07564,0.61718,0.32572,0.08969,19.03971,1,0.47271,-0.07013,0.97296,0.00429,1,1,0.02001,0.07418,0.62517,0.58304,0.10267,18.16981,1,0.5075,-0.03354,0.96634,0.00438,1,1,participant_30,question_2,No-Timer,True,Other
0.0,0,40,1,0.49229,-0.06511,0,0.8901,0.87593,0.02704,375,119.45406,1,0.49315,-0.04717,-0.04114,0.07564,0.61718,0.3257,0.08968,19.01549,1,0.47388,-0.0632,0.96634,0.00428,1,1,0.02001,0.07418,0.62517,0.58303,0.10269,18.27355,1,0.5107,-0.06702,0.95972,0.00438,1,1,participant_30,question_2,No-Timer,True,Other
0.0,0,40,1,0.49262,-0.0612,0,0.8901,0.87593,0.03367,375,119.45406,1,0.49306,-0.0495,-0.04114,0.07564,0.61718,0.3257,0.08968,19.01549,1,0.47454,-0.05538,0.95972,0.00428,1,1,0.02061,0.07651,0.64527,0.58314,0.10213,18.21214,1,0.5107,-0.06702,0.95972,0.0041,1,1,participant_30,question_2,No-Timer,True,Other
0.0,0,40,1,0.48875,-0.05962,0,0.8901,0.87593,0.04045,375,119.45406,1,0.49245,-0.05095,-0.04114,0.07564,0.61718,0.32542,0.08976,19.11078,1,0.46478,-0.05251,0.95972,0.00427,1,1,0.02061,0.07651,0.64527,0.58315,0.10264,17.92041,1,0.51272,-0.06672,0.96634,0.00436,1,1,participant_30,question_2,No-Timer,True,Other
0.0,0,40,1,0.49696,-0.06472,0,0.8901,0.87593,0.04735,375,119.45406,1,0.49301,-0.05267,-0.04114,0.07564,0.61718,0.3253,0.08959,19.27153,1,0.49078,-0.04919,0.96634,0.0042,1,1,0.02061,0.07651,0.64527,0.58313,0.10268,17.8537,1,0.50314,-0.08025,0.97296,0.00434,1,1,participant_30,question_2,No-Timer,True,Other
0.0,0,40,1,0.49668,-0.07258,0,0.8901,0.87593,0.05386,375,119.45406,1,0.49342,-0.05488,-0.04114,0.07564,0.61718,0.32534,0.08948,19.20959,1,0.49022,-0.0569,0.97296,0.00417,1,1,0.02061,0.07651,0.64527,0.58312,0.10267,17.83894,1,0.50314,-0.08826,0.97958,0.00435,1,1,participant_30,question_2,No-Timer,True,Other
0.0,0,39,1,0.48649,-0.07897,0,0.8901,0.87593,0.06033,375,119.45406,1,0.49273,-0.05729,-0.04114,0.07564,0.61718,0.32524,0.08962,19.46671,1,0.47703,-0.06612,0.97958,0.00419,1,1,0.02061,0.07651,0.64527,0.58314,0.1028,17.96761,1,0.49595,-0.09181,0.97958,0.00431,1,1,participant_30,question_2,No-Timer,True,Other
0.0,0,39,1,0.48467,-0.07599,0,0.8901,0.87593,0.06702,375,119.45406,1,0.49199,-0.05899,-0.04114,0.07564,0.61718,0.32525,0.08957,19.33848,1,0.47396,-0.07469,0.97958,0.0042,1,1,0.02061,0.07651,0.64527,0.58312,0.10283,17.91282,1,0.49539,-0.0773,0.97958,0.00431,1,1,participant_30,question_2,No-Timer,True,Other
0.0,0,39,1,0.48469,-0.07202,0,0.8901,0.87593,0.074,375,119.45406,1,0.49139,-0.06008,-0.04193,0.07704,0.62902,0.32523,0.0897,19.24358,1,0.47396,-0.07469,0.97958,0.00428,1,1,0.01984,0.0738,0.62278,0.58283,0.10293,18.39154,1,0.49543,-0.06936,0.97296,0.00435,1,1,participant_30,question_2,No-Timer,True,Other
0.0,0,39,1,0.47893,-0.05771,0,0.8901,0.87593,0.081,375,119.45406,1,0.49043,-0.05989,-0.04193,0.07704,0.62902,0.3252,0.08998,19.06184,1,0.46636,-0.04868,0.97296,0.00439,1,1,0.01984,0.0738,0.62278,0.58273,0.10288,18.41675,1,0.4915,-0.06673,0.96634,0.00435,1,1,participant_30,question_2,No-Timer,True,Other
0.0,0,39,1,0.47405,-0.06881,0,0.8901,0.87593,0.0878,375,119.45406,1,0.48926,-0.06053,-0.04193,0.07704,0.62902,0.32519,0.08998,19.04673,1,0.46287,-0.08193,0.96634,0.00443,1,1,0.01984,0.0738,0.62278,0.58238,0.10305,18.1873,1,0.48524,-0.05568,0.95972,0.00431,1,1,participant_30,question_2,No-Timer,True,Other
0.0,0,39,1,0.47405,-0.06881,0,0.8901,0.87593,0.09413,375,119.45406,1,0.48824,-0.06108,-0.04252,0.07787,0.6358,0.32496,0.0898,19.19955,1,0.46287,-0.08193,0.96634,0.0042,1,1,0.02004,0.07447,0.62886,0.58238,0.10286,18.28181,1,0.48524,-0.05568,0.95972,0.00435,1,1,participant_30,question_2,No-Timer,True,Other
0.0,0,39,1,0.48196,-0.06653,0,0.8901,0.87593,0.10073,375,119.45406,1,0.48785,-0.06142,-0.04252,0.07787,0.6358,0.32461,0.09019,19.56,1,0.47039,-0.07115,0.96634,0.00436,1,1,0.02004,0.07447,0.62886,0.58244,0.10277,17.72009,1,0.49352,-0.06192,0.96634,0.00436,1,1,participant_30,question_2,No-Timer,True,Other
0.0,0,39,1,0.48841,-0.04653,0,0.8901,0.87593,0.10721,375,119.45406,1,0.48788,-0.06055,-0.04252,0.07787,0.6358,0.32443,0.09036,19.29588,1,0.47996,-0.05886,0.97296,0.00434,1,1,0.02004,0.07447,0.62886,0.58223,0.10247,17.96145,1,0.49686,-0.03419,0.97296,0.00435,1,1,participant_30,question_2,No-Timer,True,Other
0.0,0,39,1,0.48808,-0.05424,0,0.88333,0.88241,0.11391,375,119.45406,1,0.4879,-0.0602,-0.04325,0.07871,0.64385,0.32418,0.09066,19.16917,1,0.47934,-0.0666,0.97958,0.00428,1,1,0.01964,0.07399,0.62517,0.58186,0.10323,18.67703,1,0.49683,-0.04189,0.97958,0.00435,1,1,participant_30,question_2,No-Timer,True,Other
0.0,0,39,1,0.39404,0.10059,0,0.88333,0.88241,0.12088,375,119.45406,1,0.48296,-0.05174,-0.04325,0.07871,0.64385,0.32243,0.09263,20.2567,1,0.38088,0.06911,0.97958,0.0042,1,1,0.01964,0.07399,0.62517,0.5794,0.10573,19.16285,1,0.4072,0.13207,0.97958,0.00396,1,1,participant_30,question_2,No-Timer,True,Question
0.0,0,39,1,0.34171,0.214,0,0.88333,0.88241,0.12751,375,119.45406,1,0.47589,-0.03845,-0.04325,0.07871,0.64385,0.32109,0.0938,19.83407,1,0.34512,0.1772,0.97958,0.00401,1,1,0.01964,0.07399,0.62517,0.57699,0.10716,18.64903,1,0.33829,0.2508,0.97958,0.00385,1,1,participant_30,question_2,No-Timer,True,Question
0.0,0,39,1,0.34293,0.21997,0,0.88333,0.88241,0.12751,375,119.45406,0,0.45167,-0.00459,-0.04198,0.07508,0.6187,0.32055,0.09469,19.93226,1,0.34659,0.18334,0.97296,0.00394,1,1,0.01868,0.07335,0.62456,0.57616,0.10837,19.09168,1,0.33926,0.2566,0.97296,0.00382,1,1,participant_30,question_2,No-Timer,True,Question
0.0,0,39,1,0.2549,0.4568,0,0.88333,0.88241,0.12751,375,119.45406,0,0.35328,0.2261,-0.04198,0.07508,0.6187,0.31851,0.09739,19.31555,1,0.25151,0.39119,0.96634,0.00382,1,1,0.01868,0.07335,0.62456,0.57307,0.11197,18.91121,1,0.2583,0.5224,0.96634,0.00393,1,1,participant_30,question_2,No-Timer,True,Question
0.0,0,39,1,0.2381,0.55568,0,0.85938,0.89815,0.12751,375,119.45406,0,0.31489,0.33596,-0.04198,0.07508,0.6187,0.31752,0.09976,19.31767,1,0.23007,0.49819,0.95972,0.00405,1,1,0.01868,0.07335,0.62456,0.57218,0.11389,18.8498,1,0.24613,0.61317,0.95972,0.00387,1,1,participant_30,question_2,No-Timer,True,Answer_Area
0.0,0,39,1,0.2381,0.55568,0,0.85938,0.89815,0.12751,375,119.45406,0,0.2437,0.52272,-0.04332,0.07645,0.6335,0.31724,0.10079,19.97318,1,0.23007,0.49819,0.95972,0.0039,1,1,0.01813,0.07283,0.62486,0.57161,0.11486,19.19084,1,0.24613,0.61317,0.95972,0.00379,1,1,participant_30,question_2,No-Timer,True,Answer_Area
0.0,0,39,1,0.21691,0.74157,0,0.85938,0.89815,0.12751,375,119.45406,0,0.23031,0.63214,-0.04332,0.07645,0.6335,0.3165,0.10369,19.69717,1,0.21426,0.7098,0.96634,0.00402,1,1,0.01813,0.07283,0.62486,0.57072,0.11752,18.62673,1,0.21956,0.77333,0.96634,0.00382,1,1,participant_30,question_2,No-Timer,True,Answer_Area
0.0,0,39,1,0.21679,0.78865,0,0.85938,0.89815,0.12751,375,119.45406,0,0.2258,0.68431,-0.04332,0.07645,0.6335,0.31637,0.1049,19.63159,1,0.20854,0.75633,0.97296,0.00404,1,1,0.01813,0.07283,0.62486,0.57059,0.11831,18.15126,1,0.22504,0.82097,0.97296,0.00369,1,1,participant_30,question_2,No-Timer,True,Answer_Area
0.0,0,39,1,0.21374,0.78563,0,0.8401,0.91204,0.12751,375,119.45406,0,0.21581,0.77195,-0.04369,0.07677,0.63892,0.31629,0.10552,19.74101,1,0.2061,0.75413,0.97958,0.004,1,1,0.01855,0.07476,0.64433,0.57039,0.11909,18.3966,1,0.22137,0.81714,0.9862,0.00376,1,1,participant_30,question_2,No-Timer,True,Answer_Area
0.0,0,39,1,0.21537,0.81106,0,0.8401,0.91204,0.12751,375,119.45406,0,0.21559,0.7915,-0.04369,0.07677,0.63892,0.31619,0.10633,19.86676,1,0.21042,0.78524,0.9862,0.00405,1,1,0.01855,0.07476,0.64433,0.57038,0.11925,18.45267,1,0.22032,0.83688,0.99282,0.00382,1,1,participant_30,question_2,No-Timer,True,Answer_Area
0.0,0,39,1,0.19235,0.80821,0,0.8401,0.91204,0.12751,375,119.45406,0,0.20784,0.79707,-0.04369,0.07677,0.63892,0.31598,0.10637,20.16617,1,0.19645,0.79418,0.99282,0.00403,1,1,0.01855,0.07476,0.64433,0.57037,0.11923,18.34972,1,0.18825,0.82224,0.99944,0.00383,1,1,participant_30,question_2,No-Timer,True,Answer_Area
0.0,0,39,1,0.19111,0.80726,0,0.8401,0.91204,0.01986,376,119.6287,1,0.20366,0.79962,-0.04601,0.08039,0.66989,0.31579,0.10641,20.06111,1,0.19397,0.79227,0.99944,0.00405,1,1,0.01788,0.07188,0.61956,0.57035,0.11915,18.34415,1,0.18825,0.82224,0.99944,0.00379,1,1,participant_30,question_2,No-Timer,True,Answer_Area
0.0,0,39,1,0.20712,0.81727,0,0.8401,0.91204,0.02659,376,119.6287,1,0.20435,0.80315,-0.04601,0.08039,0.66989,0.31561,0.10646,20.12681,1,0.19869,0.78677,0.99944,0.00405,1,1,0.01788,0.07188,0.61956,0.57039,0.11928,18.38462,1,0.21555,0.84776,0.99282,0.00379,1,1,participant_30,question_2,No-Timer,True,Answer_Area
0.0,0,39,1,0.21323,0.81431,0,0.83177,0.91667,0.03329,376,119.6287,1,0.20583,0.80501,-0.04601,0.08039,0.66989,0.31548,0.10662,20.3569,1,0.21451,0.78922,0.99282,0.00402,1,1,0.01788,0.07188,0.61956,0.57035,0.11932,18.37979,1,0.21194,0.83939,0.9862,0.00375,1,1,participant_30,question_2,No-Timer,True,Answer_Area
0.0,0,39,1,0.21654,0.81713,0,0.83177,0.91667,0.03996,376,119.6287,1,0.20736,0.80674,-0.04238,0.07393,0.61643,0.31538,0.10657,19.99084,1,0.21924,0.79309,0.97958,0.0041,1,1,0.01855,0.07476,0.64433,0.5703,0.11937,18.34825,1,0.21384,0.84116,0.97958,0.00372,1,1,participant_30,question_2,No-Timer,True,Answer_Area
0.0,0,39,1,0.21653,0.82282,0,0.83177,0.91667,0.04667,376,119.6287,1,0.20851,0.80875,-0.04238,0.07393,0.61643,0.31518,0.10642,20.10712,1,0.20446,0.79837,0.97296,0.00405,1,1,0.01855,0.07476,0.64433,0.57025,0.1193,18.44258,1,0.22861,0.84727,0.97958,0.00378,1,1,participant_30,question_2,No-Timer,True,Answer_Area
0.0,0,39,1,0.21539,0.83217,0,0.83177,0.91667,0.05316,376,119.6287,1,0.20927,0.81135,-0.04238,0.07393,0.61643,0.31512,0.10646,20.30116,1,0.19555,0.80718,0.97296,0.00405,1,1,0.01855,0.07476,0.64433,0.57022,0.11936,18.52167,1,0.23523,0.85715,0.97958,0.00374,1,1,participant_30,question_2,No-Timer,True,Answer_Area
0.0,0,39,1,0.21324,0.83041,0,0.83177,0.91667,0.06007,376,119.6287,1,0.20967,0.81326,-0.04415,0.07681,0.6401,0.315,0.10644,20.18275,1,0.19301,0.80532,0.97958,0.00406,1,1,0.01864,0.07516,0.64741,0.57019,0.11926,18.60181,1,0.23347,0.85551,0.9862,0.00377,1,1,participant_30,question_2,No-Timer,True,Answer_Area
0.0,0,39,1,0.19886,0.80007,0,0.82917,0.91667,0.06693,376,119.6287,1,0.20869,0.81206,-0.04415,0.07681,0.6401,0.31485,0.10653,20.21485,1,0.17736,0.75831,0.99282,0.00407,1,1,0.01864,0.07516,0.64741,0.57019,0.11926,18.60181,1,0.22036,0.84182,0.99282,0.00377,1,1,participant_30,question_2,No-Timer,True,Answer_Area
0.0,0,39,1,0.20202,0.81953,0,0.82917,0.91667,0.07346,376,119.6287,1,0.20813,0.81268,-0.04415,0.07681,0.6401,0.31477,0.10662,20.25026,1,0.18428,0.80873,0.99944,0.00405,1,1,0.01864,0.07516,0.64741,0.5702,0.11927,18.51924,1,0.21975,0.83034,0.99944,0.00383,1,1,participant_30,question_2,No-Timer,True,Answer_Area
0.0,0,39,1,0.20375,0.82124,0,0.82917,0.91667,0.07994,376,119.6287,1,0.20779,0.81334,-0.04144,0.07196,0.60007,0.31471,0.10669,20.28123,1,0.18428,0.80873,0.99944,0.00404,1,1,0.0172,0.06967,0.60047,0.57015,0.11929,18.63111,1,0.22321,0.83376,0.98686,0.00385,1,1,participant_30,question_2,No-Timer,True,Answer_Area
0.0,0,39,1,0.21692,0.82393,0,0.82917,0.91667,0.08685,376,119.6287,1,0.20845,0.8141,-0.04144,0.07196,0.60007,0.31456,0.10657,20.45048,1,0.2094,0.80574,0.98024,0.00407,1,1,0.0172,0.06967,0.60047,0.57012,0.11926,18.81287,1,0.22443,0.84211,0.96767,0.00383,1,1,participant_30,question_2,No-Timer,True,Answer_Area
0.0,0,39,1,0.22369,0.83245,0,0.82917,0.91667,0.09354,376,119.6287,1,0.20946,0.81532,-0.04144,0.07196,0.60007,0.31448,0.10657,20.31277,1,0.21372,0.81336,0.96105,0.00409,1,1,0.0172,0.06967,0.60047,0.57005,0.1192,18.75947,1,0.23365,0.85153,0.94847,0.00386,1,1,participant_30,question_2,No-Timer,True,Answer_Area
0.0,0,39,1,0.23183,0.83923,0,0.82344,0.91667,0.10025,376,119.6287,1,0.21086,0.81681,-0.18565,0.32873,2.74111,0.31439,0.10655,20.24812,1,0.22305,0.82031,0.93589,0.00408,0,1,0.0172,0.06967,0.60047,0.57005,0.1192,18.75947,1,0.24061,0.85815,0.92332,0.00386,1,1,participant_30,question_2,No-Timer,True,Answer_Area
0.0,0,39,1,0.22449,0.83904,0,0.82344,0.91667,0.10701,376,119.6287,1,0.21166,0.81812,-0.18565,0.32873,2.74111,0.31428,0.10659,20.40524,1,0.21635,0.82355,0.91736,0.0041,0,1,0.0172,0.06967,0.60047,0.57001,0.11911,18.57915,1,0.23263,0.85454,0.91736,0.00389,1,1,participant_30,question_2,No-Timer,True,Answer_Area
0.0,0,39,1,0.22611,0.83602,0,0.82344,0.91667,0.11386,376,119.6287,1,0.21246,0.81912,-0.18565,0.32873,2.74111,0.31424,0.10646,20.64549,1,0.22025,0.81612,0.9114,0.00407,0,1,0.0172,0.06967,0.60047,0.57002,0.11911,18.50633,1,0.23197,0.85592,0.9114,0.00389,1,1,participant_30,question_2,No-Timer,True,Answer_Area
0.0,0,39,1,0.22388,0.83417,0,0.82344,0.91667,0.12035,376,119.6287,1,0.21306,0.81991,-0.0442,0.07656,0.63796,0.31415,0.10644,20.47729,1,0.21771,0.81421,0.91802,0.00413,1,1,0.01755,0.07116,0.61289,0.57001,0.11911,18.57432,1,0.23005,0.85414,0.91802,0.00389,1,1,participant_30,question_2,No-Timer,True,Answer_Area
0.0,0,39,1,0.21616,0.82718,0,0.80625,0.91667,0.12708,376,119.6287,1,0.21322,0.82027,-0.0442,0.07656,0.63796,0.31409,0.10643,20.33484,1,0.20347,0.8022,0.9306,0.00413,1,1,0.01755,0.07116,0.61289,0.56994,0.11915,18.74423,1,0.22885,0.85216,0.9306,0.0039,1,1,participant_30,question_2,No-Timer,True,Answer_Area
0.0,0,39,1,0.21475,0.82169,0,0.80625,0.91667,0.13374,376,119.6287,1,0.21329,0.82034,-0.0442,0.07656,0.63796,0.31395,0.10641,20.74421,1,0.21339,0.80416,0.94317,0.00415,1,1,0.01755,0.07116,0.61289,0.5698,0.11922,18.75629,1,0.21611,0.83923,0.94317,0.00386,1,1,participant_30,question_2,No-Timer,True,Answer_Area
0.0,0,39,1,0.20964,0.81727,0,0.80625,0.91667,0.14024,376,119.6287,1,0.21313,0.8202,-0.0442,0.07665,0.63796,0.31391,0.1064,20.58052,1,0.20864,0.80049,0.95575,0.00416,1,1,0.01792,0.0729,0.62714,0.56978,0.11921,18.67576,1,0.21064,0.83406,0.96171,0.00387,1,1,participant_30,question_2,No-Timer,True,Answer_Area
0.0,0,39,1,0.21717,0.80926,0,0.80625,0.91667,0.14713,376,119.6287,1,0.2133,0.81972,-0.0442,0.07665,0.63796,0.3139,0.10642,20.48063,1,0.22523,0.79069,0.96171,0.00416,1,1,0.01792,0.0729,0.62714,0.56978,0.1192,18.6661,1,0.20912,0.82783,0.96767,0.00388,1,1,participant_30,question_2,No-Timer,True,Answer_Area
0.0,0,39,1,0.21373,0.80467,0,0.80625,0.91667,0.15364,376,119.6287,1,0.21332,0.8191,-0.0442,0.07665,0.63796,0.31387,0.1064,20.63959,1,0.2202,0.78539,0.96767,0.00414,1,1,0.01792,0.0729,0.62714,0.56975,0.11909,18.79099,1,0.20726,0.82395,0.97362,0.00389,1,1,participant_30,question_2,No-Timer,True,Answer_Area
0.0,0,39,1,0.21394,0.80487,0,0.80625,0.91667,0.16072,376,119.6287,1,0.21335,0.81853,-0.04329,0.07495,0.62423,0.31383,0.10639,20.53477,1,0.22044,0.78559,0.967,0.00414,1,1,0.01792,0.0729,0.62714,0.56982,0.11912,19.11057,1,0.20745,0.82414,0.97296,0.00387,1,1,participant_30,question_2,No-Timer,True,Answer_Area
0.0,0,39,1,0.20981,0.79478,0,0.78073,0.91667,0.16737,376,119.6287,1,0.21321,0.81761,-0.04329,0.07495,0.62423,0.31368,0.10626,20.78703,1,0.21205,0.78271,0.96634,0.00414,1,1,0.01792,0.0729,0.62714,0.56975,0.11903,19.02136,1,0.20758,0.80684,0.96634,0.00385,1,1,participant_30,question_2,No-Timer,True,Answer_Area
0.0,0,39,1,0.23031,0.82794,0,0.78073,0.91667,0.17393,376,119.6287,1,0.21384,0.818,-0.04329,0.07495,0.62423,0.31366,0.10628,20.69168,1,0.21319,0.83497,0.95972,0.00416,1,1,0.01792,0.0729,0.62714,0.56972,0.11902,19.18637,1,0.24742,0.82091,0.95972,0.00384,1,1,participant_30,question_2,No-Timer,True,Answer_Area
0.0,0,39,1,0.23342,0.83041,0,0.78073,0.91667,0.18044,376,119.6287,1,0.21454,0.81844,-0.18651,0.3292,2.74162,0.31361,0.1063,20.77487,1,0.21787,0.83816,0.94715,0.00415,0,1,0.0183,0.07465,0.64214,0.56962,0.11907,19.33937,1,0.24896,0.82266,0.95376,0.00384,1,1,participant_30,question_2,No-Timer,True,Answer_Area
0.0,0,39,1,0.2295,0.83323,0,0.78073,0.91667,0.18733,376,119.6287,1,0.21506,0.81895,-0.18651,0.3292,2.74162,0.31357,0.10629,20.82116,1,0.20846,0.84157,0.94781,0.00415,0,1,0.0183,0.07465,0.64214,0.56957,0.1192,19.39212,1,0.25054,0.82488,0.95443,0.00389,1,1,participant_30,question_2,No-Timer,True,Answer_Area
0.0,0,39,1,0.22752,0.81088,0,0.75417,0.91667,0.19403,376,119.6287,1,0.21547,0.81868,-0.18651,0.3292,2.74162,0.31352,0.10631,20.68436,1,0.20932,0.78862,0.94847,0.00417,0,1,0.0183,0.07465,0.64214,0.56959,0.11912,19.35886,1,0.24572,0.83315,0.95509,0.00388,1,1,participant_30,question_2,No-Timer,True,Answer_Area
0.0,0,39,1,0.2254,0.80893,0,0.75417,0.91667,0.20073,376,119.6287,1,0.21579,0.81837,-0.0436,0.07531,0.62723,0.31348,0.10635,20.65956,1,0.20681,0.78658,0.95509,0.00418,1,1,0.0183,0.07465,0.64214,0.56958,0.11916,19.41777,1,0.24399,0.83129,0.96171,0.00386,1,1,participant_30,question_2,No-Timer,True,Answer_Area
0.0,0,39,1,0.21418,0.80276,0,0.75417,0.91667,0.20791,376,119.6287,1,0.21574,0.81788,-0.0436,0.07531,0.62723,0.31342,0.10639,20.52499,1,0.19397,0.78604,0.96767,0.00418,1,1,0.0183,0.07465,0.64214,0.56957,0.1192,19.38113,1,0.23439,0.81947,0.96767,0.00388,1,1,participant_30,question_2,No-Timer,True,Answer_Area
0.0,0,39,1,0.21282,0.81893,0,0.75417,0.91667,0.21413,376,119.6287,1,0.21565,0.81791,-0.0436,0.07531,0.62723,0.31329,0.1064,20.99046,1,0.18619,0.8044,0.97362,0.00417,1,1,0.0183,0.07465,0.64214,0.56953,0.11922,19.3543,1,0.23944,0.83346,0.97362,0.00388,1,1,participant_30,question_2,No-Timer,True,Answer_Area
0.0,0,39,1,0.20869,0.81542,0,0.75417,0.91667,0.22063,376,119.6287,1,0.21545,0.81784,-0.04469,0.07712,0.64224,0.31325,0.1064,20.85766,1,0.18125,0.80084,0.9862,0.00417,1,1,0.01832,0.07471,0.64306,0.56946,0.11927,19.1366,1,0.23614,0.83,0.9862,0.0039,1,1,participant_30,question_2,No-Timer,True,Answer_Area
0.0,0,39,1,0.20144,0.81184,0,0.73854,0.91667,0.22732,376,119.6287,1,0.21505,0.81767,-0.04469,0.07712,0.64224,0.31325,0.10642,20.89245,1,0.17752,0.79854,0.99282,0.00416,1,1,0.01832,0.07471,0.64306,0.56945,0.1193,19.16679,1,0.22535,0.82515,0.99282,0.00388,1,1,participant_30,question_2,No-Timer,True,Answer_Area
0.0,0,39,1,0.19347,0.82144,0,0.73854,0.91667,0.2345,376,119.6287,1,0.21445,0.81777,-0.04469,0.07712,0.64224,0.31323,0.10648,20.93447,1,0.1719,0.80005,0.99944,0.00413,1,1,0.01832,0.07471,0.64306,0.56934,0.11938,19.24921,1,0.21504,0.84283,0.99944,0.00387,1,1,participant_30,question_2,No-Timer,True,Answer_Area
0.0,0,39,1,0.19216,0.82051,0,0.73854,0.91667,0.24108,376,119.6287,1,0.21385,0.81785,-0.04465,0.07701,0.64173,0.31323,0.10646,20.90921,1,0.16928,0.7982,1.00606,0.00414,1,1,0.01761,0.07192,0.61987,0.56929,0.11943,19.09805,1,0.21504,0.84283,0.99944,0.00393,1,1,participant_30,question_2,No-Timer,True,Answer_Area
0.0,0,39,1,0.20393,0.83267,0,0.73854,0.91667,0.24767,376,119.6287,1,0.21359,0.81824,-0.04465,0.07701,0.64173,0.31318,0.10657,20.70695,1,0.19288,0.80918,0.99944,0.00418,1,1,0.01761,0.07192,0.61987,0.56929,0.11941,19.11184,1,0.21498,0.85616,0.99282,0.00396,1,1,participant_30,question_2,No-Timer,True,Answer_Area
0.0,0,39,1,0.21599,0.80954,0,0.73854,0.91667,0.25437,376,119.6287,1,0.21365,0.81801,-0.04465,0.07701,0.64173,0.31317,0.10664,20.63782,1,0.21609,0.76667,0.99282,0.0042,1,1,0.01761,0.07192,0.61987,0.56931,0.1194,19.04838,1,0.21588,0.8524,0.9862,0.00397,1,1,participant_30,question_2,No-Timer,True,Answer_Area
0.0,0,39,1,0.21895,0.81217,0,0.70885,0.91019,0.26134,376,119.6287,1,0.21378,0.81787,-0.04465,0.07691,0.64173,0.31313,0.10667,20.73296,1,0.21844,0.76876,0.9862,0.0042,1,1,0.01734,0.07094,0.61177,0.56928,0.11937,18.92174,1,0.21945,0.85558,0.97362,0.00398,1,1,participant_30,question_2,No-Timer,True,Answer_Area
0.0,0,39,1,0.22315,0.79566,0,0.70885,0.91019,0.26772,376,119.6287,1,0.21401,0.81732,-0.04465,0.07691,0.64173,0.31308,0.10669,20.77343,1,0.22473,0.77889,0.97362,0.00421,1,1,0.01734,0.07094,0.61177,0.56925,0.11941,18.95347,1,0.22156,0.81243,0.96767,0.00398,1,1,participant_30,question_2,No-Timer,True,Answer_Area
0.0,0,39,1,0.22364,0.81186,0,0.70885,0.91019,0.27422,376,119.6287,1,0.21424,0.81719,-0.04465,0.07691,0.64173,0.31309,0.10681,20.89694,1,0.22321,0.79569,0.96767,0.00416,1,1,0.01734,0.07094,0.61177,0.56925,0.11956,19.06033,1,0.22406,0.82802,0.96171,0.00388,1,1,participant_30,question_2,No-Timer,True,Answer_Area
0.0,0,39,1,0.22554,0.81358,0,0.70885,0.91019,0.28092,376,119.6287,1,0.2145,0.81711,-0.04465,0.07691,0.64173,0.31309,0.10685,20.90442,1,0.22534,0.79743,0.96171,0.00416,1,1,0.01734,0.07094,0.61177,0.56922,0.11962,19.03909,1,0.22574,0.82972,0.95575,0.00386,1,1,participant_30,question_2,No-Timer,True,Answer_Area
0.0,0,39,1,0.23495,0.80267,0,0.68958,0.90278,0.28799,376,119.6287,1,0.21497,0.81678,-0.04465,0.07691,0.64173,0.31336,0.10678,20.71394,1,0.22201,0.78261,0.95575,0.00418,1,1,0.01734,0.07094,0.61177,0.56958,0.11944,19.23748,1,0.2479,0.82272,0.95575,0.00383,1,1,participant_30,question_2,No-Timer,True,Answer_Area
0.0,0,39,1,0.24226,0.81353,0,0.68958,0.90278,0.29484,376,119.6287,1,0.21557,0.81671,-0.04465,0.07691,0.64173,0.3134,0.10671,20.74623,1,0.22954,0.77531,0.95575,0.00414,1,1,0.01734,0.07094,0.61177,0.56964,0.11942,19.29804,1,0.25498,0.85176,0.95575,0.00384,1,1,participant_30,question_2,No-Timer,True,Answer_Area
0.0,0,39,1,0.24151,0.81276,0,0.68958,0.90278,0.30164,376,119.6287,1,0.21614,0.81662,-0.04465,0.07691,0.64173,0.31347,0.10668,20.58983,1,0.22954,0.77531,0.95575,0.00412,1,1,0.01777,0.07251,0.62535,0.56969,0.11943,19.06594,1,0.25348,0.85021,0.96171,0.00386,1,1,participant_30,question_2,No-Timer,True,Answer_Area
0.0,0,39,1,0.24528,0.79833,0,0.68958,0.90278,0.30798,376,119.6287,1,0.21676,0.81623,-0.04465,0.07691,0.64173,0.3134,0.10671,20.74623,1,0.24858,0.78562,0.96171,0.00414,1,1,0.01777,0.07251,0.62535,0.5696,0.11943,19.25567,1,0.24198,0.81104,0.96767,0.00384,1,1,participant_30,question_2,No-Timer,True,Answer_Area
0.0,0,39,1,0.23427,0.79752,0,0.68958,0.90278,0.31441,376,119.6287,1,0.21712,0.81584,-0.04465,0.07691,0.64173,0.31333,0.10677,20.53922,1,0.23576,0.77698,0.96767,0.00413,1,1,0.01777,0.07251,0.62535,0.56951,0.11943,18.73531,1,0.23277,0.81806,0.97362,0.00387,1,1,participant_30,question_2,No-Timer,True,Answer_Area
0.0,0,39,1,0.23447,0.79772,0,0.65156,0.89074,0.3213,376,119.6287,1,0.21751,0.81638,-0.04316,0.07426,0.61961,0.31329,0.10688,20.59483,1,0.23599,0.77719,0.967,0.00413,1,1,0.01761,0.07192,0.61987,0.56943,0.11937,18.70019,1,0.23295,0.81825,0.97296,0.00386,1,1,participant_30,question_2,No-Timer,True,Answer_Area
0.0,0,39,1,0.23333,0.79792,0,0.65156,0.89074,0.328,376,119.6287,1,0.21788,0.81611,-0.04316,0.07426,0.61961,0.31324,0.10689,20.5279,1,0.23383,0.78772,0.96634,0.00411,1,1,0.01761,0.07192,0.61987,0.56943,0.11937,18.70019,1,0.23282,0.80811,0.96634,0.00386,1,1,participant_30,question_2,No-Timer,True,Answer_Area
0.0,0,39,1,0.23823,0.81399,0,0.65156,0.89074,0.3347,376,119.6287,1,0.21884,0.81623,-0.04316,0.07426,0.61961,0.31326,0.10691,20.54596,1,0.23665,0.80074,0.95972,0.00412,1,1,0.01761,0.07192,0.61987,0.56947,0.11949,18.53956,1,0.23982,0.82724,0.95972,0.00382,1,1,participant_30,question_2,No-Timer,True,Answer_Area
0.0,0,39,1,0.24026,0.81589,0,0.65156,0.89074,0.3412,376,119.6287,1,0.21986,0.81641,-0.04316,0.07426,0.61961,0.31326,0.10691,20.54596,1,0.23895,0.80266,0.9531,0.00412,1,1,0.01761,0.07192,0.61987,0.56945,0.11957,18.48684,1,0.24158,0.82913,0.9531,0.00378,1,1,participant_30,question_2,No-Timer,True,Answer_Area
0.0,0,39,1,0.23873,0.82087,0,0.65156,0.89074,0.34809,376,119.6287,1,0.22052,0.81648,-0.04316,0.07426,0.61961,0.31324,0.10689,20.5279,1,0.23826,0.80689,0.9531,0.00411,1,1,0.01761,0.07192,0.61987,0.56942,0.1196,18.46692,1,0.2392,0.83485,0.9531,0.00377,1,1,participant_30,question_2,No-Timer,True,Answer_Area
0.0,0,39,1,0.23941,0.81476,0,0.57448,0.8787,0.35503,376,119.6287,1,0.22107,0.81649,-0.04316,0.07426,0.61961,0.31319,0.10688,20.36058,1,0.23895,0.80266,0.9531,0.00411,1,1,0.01761,0.07192,0.61987,0.56941,0.11955,18.49118,1,0.23986,0.82687,0.9531,0.00375,1,1,participant_30,question_2,No-Timer,True,Answer_Area
0.0,0,39,1,0.2402,0.81562,0,0.57448,0.8787,0.36149,376,119.6287,1,0.22156,0.81646,-0.04316,0.07426,0.61961,0.31316,0.10694,20.33916,1,0.23895,0.80266,0.9531,0.00409,1,1,0.01734,0.07094,0.61177,0.56941,0.11955,18.49118,1,0.24146,0.82859,0.94715,0.00375,1,1,participant_30,question_2,No-Timer,True,Answer_Area
0.0,0,39,1,0.23792,0.81856,0,0.57448,0.8787,0.3682,376,119.6287,1,0.22201,0.81637,-0.04316,0.07426,0.61961,0.31317,0.10698,20.3718,1,0.23923,0.80681,0.94715,0.00407,1,1,0.01734,0.07094,0.61177,0.56941,0.11955,18.49118,1,0.23661,0.8303,0.94119,0.00375,1,1,participant_30,question_2,No-Timer,True,Answer_Area
0.0,0,39,1,0.24237,0.82462,0,0.57448,0.8787,0.37489,376,119.6287,1,0.22257,0.81622,-0.04316,0.07426,0.61961,0.31315,0.10696,20.21967,1,0.23816,0.81109,0.94119,0.00404,1,1,0.01734,0.07094,0.61177,0.56941,0.11955,18.49118,1,0.24659,0.83815,0.93523,0.00375,1,1,participant_30,question_2,No-Timer,True,Answer_Area
0.0,0,39,1,0.24343,0.82547,0,0.47656,0.86296,0.38159,376,119.6287,1,0.2232,0.81611,-0.04316,0.07426,0.61961,0.31313,0.107,20.26425,1,0.24027,0.81279,0.93523,0.00401,1,1,0.01777,0.07251,0.62535,0.56943,0.11961,18.49787,1,0.24659,0.83815,0.93523,0.00369,1,1,participant_30,question_2,No-Timer,True,Answer_Area
0.0,0,39,1,0.24514,0.82105,0,0.47656,0.86296,0.38848,376,119.6287,1,0.22416,0.81655,-0.04316,0.07426,0.61961,0.31315,0.10691,20.21265,1,0.24749,0.8044,0.93523,0.00398,1,1,0.01777,0.07251,0.62535,0.56942,0.11955,18.46542,1,0.24279,0.8377,0.94119,0.00365,1,1,participant_30,question_2,No-Timer,True,Answer_Area
0.0,0,39,1,0.23958,0.82056,0,0.47656,0.86296,0.39502,376,119.6287,1,0.22494,0.81657,-0.04316,0.07426,0.61961,0.31314,0.10693,20.22797,1,0.23712,0.80843,0.94119,0.00396,1,1,0.01777,0.07251,0.62535,0.56942,0.11957,18.47218,1,0.24204,0.83268,0.94715,0.00364,1,1,participant_30,question_2,No-Timer,True,Answer_Area
0.0,0,39,1,0.23773,0.81886,0,0.47656,0.86296,0.40172,376,119.6287,1,0.22565,0.81652,-0.04316,0.07426,0.61961,0.31312,0.10694,20.15142,1,0.23502,0.80672,0.94715,0.00397,1,1,0.01777,0.07251,0.62535,0.56941,0.11965,18.5059,1,0.24045,0.83099,0.9531,0.00367,1,1,participant_30,question_2,No-Timer,True,Answer_Area
0.0,0,39,1,0.2392,0.81851,0,0.39844,0.85093,0.40838,376,119.6287,1,0.22612,0.81641,-0.04316,0.07426,0.61961,0.31317,0.1069,20.10309,1,0.23583,0.8029,0.9531,0.00396,1,1,0.01777,0.07251,0.62535,0.56947,0.1196,18.25135,1,0.24257,0.83413,0.9531,0.00367,1,1,participant_30,question_2,No-Timer,True,Answer_Area
0.0,0,39,1,0.23871,0.81961,0,0.39844,0.85093,0.41511,376,119.6287,1,0.22643,0.81614,-0.04316,0.07426,0.61961,0.31315,0.10694,20.07231,1,0.23805,0.80849,0.9531,0.00394,1,1,0.01777,0.07251,0.62535,0.56949,0.11957,18.37723,1,0.23936,0.83074,0.9531,0.00361,1,1,participant_30,question_2,No-Timer,True,Answer_Area
0.0,0,39,1,0.23871,0.81961,0,0.39844,0.85093,0.42191,376,119.6287,1,0.22657,0.81573,-0.04316,0.07426,0.61961,0.31315,0.10688,19.88887,1,0.23805,0.80849,0.9531,0.00393,1,1,0.01777,0.07251,0.62535,0.56948,0.1196,18.41031,1,0.23936,0.83074,0.9531,0.00359,1,1,participant_30,question_2,No-Timer,True,Answer_Area
0.0,0,39,1,0.24204,0.81606,0,0.39844,0.85093,0.42849,376,119.6287,1,0.22694,0.81525,-0.04316,0.07426,0.61961,0.31318,0.10689,19.79186,1,0.23562,0.80347,0.9531,0.00393,1,1,0.01777,0.07251,0.62535,0.56951,0.11959,18.14101,1,0.24846,0.82864,0.9531,0.0036,1,1,participant_30,question_2,No-Timer,True,Answer_Area
0.0,0,39,1,0.24249,0.83042,0,0.39844,0.85093,0.43499,376,119.6287,1,0.22728,0.81514,-0.04316,0.07426,0.61961,0.31317,0.10684,19.81288,1,0.24075,0.79486,0.9531,0.00392,1,1,0.01777,0.07251,0.62535,0.56945,0.11951,17.87552,1,0.24423,0.86598,0.9531,0.00362,1,1,participant_30,question_2,No-Timer,True,Answer_Area
0.0,0,39,1,0.24249,0.83042,0,0.39844,0.85093,0.44238,376,119.6287,1,0.22767,0.81506,-0.04316,0.07426,0.61961,0.31319,0.10689,19.75459,1,0.24075,0.79486,0.9531,0.00394,1,1,0.01777,0.07251,0.62535,0.56952,0.11956,18.16511,1,0.24423,0.86598,0.9531,0.00358,1,1,participant_30,question_2,No-Timer,True,Answer_Area
0.0,0,39,1,0.24365,0.82523,0,0.3474,0.85093,0.44868,376,119.6287,1,0.22824,0.81502,-0.04316,0.07426,0.61961,0.31323,0.10683,19.73768,1,0.2442,0.78894,0.9531,0.00389,1,1,0.01777,0.07251,0.62535,0.56953,0.11952,18.10631,1,0.2431,0.86151,0.9531,0.00361,1,1,participant_30,question_2,No-Timer,True,Answer_Area
0.0,0,39,1,0.23952,0.8219,0,0.3474,0.85093,0.45545,376,119.6287,1,0.22876,0.81502,-0.04316,0.07426,0.61961,0.31322,0.1068,19.71235,1,0.23668,0.78511,0.9531,0.00388,1,1,0.01777,0.07251,0.62535,0.5695,0.11941,17.9643,1,0.24237,0.85869,0.9531,0.00359,1,1,participant_30,question_2,No-Timer,True,Answer_Area
0.0,0,39,1,0.23952,0.8219,0,0.3474,0.85093,0.46198,376,119.6287,1,0.22938,0.81512,-0.04316,0.07426,0.61961,0.31322,0.10678,19.68769,1,0.23668,0.78511,0.9531,0.00389,1,1,0.01761,0.07192,0.61987,0.56957,0.11932,18.02011,1,0.24237,0.85869,0.9531,0.00354,1,1,participant_30,question_2,No-Timer,True,Answer_Area
0.0,0,39,1,0.24062,0.80537,0,0.3474,0.85093,0.46886,376,119.6287,1,0.22987,0.81504,-0.04316,0.07426,0.61961,0.31324,0.10667,19.50759,1,0.23836,0.76983,0.9531,0.00388,1,1,0.01761,0.07192,0.61987,0.56957,0.11925,17.81469,1,0.24288,0.8409,0.9531,0.00353,1,1,participant_30,question_2,No-Timer,True,Answer_Area
0.0,0,39,1,0.24799,0.83522,0,0.33333,0.85093,0.47538,376,119.6287,1,0.23058,0.81567,-0.04316,0.07426,0.61961,0.31322,0.10665,19.45296,1,0.24389,0.8179,0.9531,0.00387,1,1,0.01761,0.07192,0.61987,0.56957,0.11924,17.80463,1,0.25209,0.85254,0.9531,0.00353,1,1,participant_30,question_2,No-Timer,True,Answer_Area
0.0,0,39,1,0.24714,0.83435,0,0.33333,0.85093,0.48211,376,119.6287,1,0.23127,0.81629,-0.04316,0.07426,0.61961,0.31325,0.10656,19.45442,1,0.24389,0.8179,0.9531,0.00384,1,1,0.01832,0.07471,0.64306,0.56959,0.11922,17.89187,1,0.25039,0.85081,0.95972,0.00353,1,1,participant_30,question_2,No-Timer,True,Answer_Area
0.0,0,39,1,0.24028,0.81688,0,0.33333,0.85093,0.48914,376,119.6287,1,0.23191,0.81675,-0.04316,0.07426,0.61961,0.3133,0.10649,19.39573,1,0.23861,0.80146,0.95972,0.00383,1,1,0.01832,0.07471,0.64306,0.56959,0.11922,17.89187,1,0.24194,0.83231,0.96634,0.00353,1,1,participant_30,question_2,No-Timer,True,Answer_Area
0.0,0,39,1,0.24412,0.81325,0,0.33333,0.85093,0.49526,376,119.6287,1,0.23219,0.81644,-0.04316,0.07426,0.61961,0.3133,0.10649,19.39573,1,0.24154,0.79541,0.96634,0.00383,1,1,0.01832,0.07471,0.64306,0.56954,0.11913,17.72038,1,0.24669,0.8311,0.97296,0.00352,1,1,participant_30,question_2,No-Timer,True,Answer_Area
0.0,0,39,1,0.24018,0.80947,0,0.33333,0.85093,0.50228,376,119.6287,1,0.23234,0.81601,-0.04465,0.07701,0.64173,0.3133,0.10649,19.39573,1,0.23704,0.79153,0.97958,0.00383,1,1,0.0183,0.07465,0.64214,0.56959,0.11907,17.76395,1,0.24331,0.82742,0.9862,0.00347,1,1,participant_30,question_2,No-Timer,True,Answer_Area
0.0,0,39,1,0.22411,0.7981,0,0.33229,0.85093,0.5089,376,119.6287,1,0.23222,0.81527,-0.04465,0.07701,0.64173,0.31332,0.10642,19.40977,1,0.20892,0.78533,0.99282,0.0038,1,1,0.0183,0.07465,0.64214,0.56962,0.11902,17.65783,1,0.23931,0.81088,0.99282,0.0035,1,1,participant_30,question_2,No-Timer,True,Answer_Area
0.0,0,39,1,0.22168,0.79975,0,0.33229,0.85093,0.5159,376,119.6287,1,0.2321,0.81504,-0.04465,0.07701,0.64173,0.31331,0.10642,19.35664,1,0.20172,0.78233,0.99944,0.00381,1,1,0.0183,0.07465,0.64214,0.56963,0.11902,17.63262,1,0.24165,0.81718,0.99944,0.0035,1,1,participant_30,question_2,No-Timer,True,Answer_Area
0.0,0,39,1,0.21963,0.79782,0,0.33229,0.85093,0.52246,376,119.6287,1,0.23198,0.81481,-0.04469,0.07712,0.64224,0.31333,0.10639,19.30021,1,0.19929,0.78036,1.00606,0.0038,1,1,0.0183,0.07465,0.64214,0.56957,0.11901,17.64433,1,0.23997,0.81529,1.00606,0.00351,1,1,participant_30,question_2,No-Timer,True,Answer_Area
0.0,0,39,1,0.22161,0.81109,0,0.33229,0.85093,0.52937,376,119.6287,1,0.23214,0.81499,-0.04469,0.07712,0.64224,0.31336,0.10632,19.28502,1,0.20712,0.77647,1.00606,0.00381,1,1,0.0183,0.07465,0.64214,0.56961,0.11903,17.52962,1,0.2361,0.84571,1.00606,0.00352,1,1,participant_30,question_2,No-Timer,True,Answer_Area
0.0,0,39,1,0.2209,0.78867,0,0.33229,0.85093,0.5358,376,119.6287,1,0.2323,0.81435,-0.04469,0.07712,0.64224,0.31336,0.1063,19.30256,1,0.20055,0.77581,1.00606,0.0038,1,1,0.0183,0.07465,0.64214,0.56973,0.11899,17.37755,1,0.24126,0.80152,1.00606,0.00349,1,1,participant_30,question_2,No-Timer,True,Answer_Area
0.0,0,39,1,0.2209,0.78867,0,0.33229,0.85093,0.54236,376,119.6287,1,0.23256,0.8138,-0.04469,0.07712,0.64224,0.31339,0.10628,19.37895,1,0.20055,0.77581,1.00606,0.00381,1,1,0.0183,0.07465,0.64214,0.56973,0.11899,17.37755,1,0.24126,0.80152,1.00606,0.00349,1,1,participant_30,question_2,No-Timer,True,Answer_Area
0.0,0,39,1,0.20005,0.80685,0,0.33229,0.85093,0.54923,376,119.6287,1,0.23253,0.81369,-0.04469,0.07712,0.64224,0.31345,0.10606,19.24955,1,0.21054,0.7837,1.00606,0.00382,1,1,0.0183,0.07465,0.64214,0.56975,0.11881,17.60723,1,0.18957,0.82999,1.00606,0.00344,1,1,participant_30,question_2,No-Timer,True,Answer_Area
0.0,0,39,1,0.20315,0.80811,0,0.33229,0.85093,0.55575,376,119.6287,1,0.23273,0.81342,-0.04469,0.07712,0.64224,0.31344,0.10607,19.2337,1,0.21202,0.7887,1.00606,0.00382,1,1,0.0183,0.07465,0.64214,0.56975,0.11881,17.60723,1,0.19429,0.82753,1.00606,0.00344,1,1,participant_30,question_2,No-Timer,True,Answer_Area
0.0,0,39,1,0.20414,0.80902,0,0.33229,0.85093,0.56248,376,119.6287,1,0.23298,0.81318,-0.04469,0.07712,0.64224,0.31345,0.10606,19.24955,1,0.21202,0.7887,1.00606,0.00382,1,1,0.01792,0.0729,0.62714,0.56976,0.11873,17.56793,1,0.19626,0.82934,0.99944,0.00345,1,1,participant_30,question_2,No-Timer,True,Answer_Area
0.0,0,39,1,0.20826,0.82236,0,0.33229,0.85093,0.56916,376,119.6287,1,0.23307,0.81296,-0.04469,0.07712,0.64224,0.31346,0.1061,19.24059,1,0.21096,0.8048,0.99944,0.0038,1,1,0.01792,0.0729,0.62714,0.56975,0.11886,17.48666,1,0.20556,0.83991,0.99282,0.00343,1,1,participant_30,question_2,No-Timer,True,Answer_Area
0.0,0,39,1,0.20349,0.82205,0,0.33229,0.85093,0.57585,376,119.6287,1,0.23281,0.81322,-0.04469,0.07712,0.64224,0.31346,0.1061,19.24059,1,0.21266,0.81229,0.99282,0.0038,1,1,0.01792,0.0729,0.62714,0.56971,0.11885,17.51218,1,0.19433,0.83181,0.9862,0.00343,1,1,participant_30,question_2,No-Timer,True,Answer_Area
0.0,0,39,1,0.20569,0.82385,0,0.33229,0.85093,0.58293,376,119.6287,1,0.23254,0.81347,-0.04469,0.07712,0.64224,0.31346,0.1061,19.24059,1,0.21504,0.81407,0.9862,0.0038,1,1,0.01792,0.0729,0.62714,0.56969,0.11881,17.30929,1,0.19634,0.83362,0.97958,0.00343,1,1,participant_30,question_2,No-Timer,True,Answer_Area
0.0,0,39,1,0.21235,0.81833,0,0.33229,0.85093,0.58904,376,119.6287,1,0.23231,0.81394,-0.04469,0.07712,0.64224,0.31348,0.10616,19.30805,1,0.22067,0.77886,0.97958,0.00376,1,1,0.01792,0.0729,0.62714,0.56975,0.11892,17.43299,1,0.20403,0.85781,0.97958,0.00341,1,1,participant_30,question_2,No-Timer,True,Answer_Area
0.0,0,39,1,0.21751,0.8242,0,0.33229,0.85093,0.59596,376,119.6287,1,0.23218,0.81419,-0.04469,0.07712,0.64224,0.31348,0.10616,19.30805,1,0.22396,0.80383,0.97958,0.00376,1,1,0.01792,0.0729,0.62714,0.56973,0.11882,17.42648,1,0.21105,0.84457,0.97958,0.00343,1,1,participant_30,question_2,No-Timer,True,Answer_Area
0.0,0,39,1,0.21751,0.8242,0,0.33229,0.85093,0.6027,376,119.6287,1,0.23202,0.81442,-0.04469,0.07712,0.64224,0.31348,0.10616,19.30805,1,0.22396,0.80383,0.97958,0.00376,1,1,0.01792,0.0729,0.62714,0.56976,0.11885,17.50075,1,0.21105,0.84457,0.97958,0.00343,1,1,participant_30,question_2,No-Timer,True,Answer_Area
0.0,0,39,1,0.19881,0.80906,0,0.33229,0.85093,0.60938,376,119.6287,1,0.23126,0.81455,-0.04469,0.07712,0.64224,0.3135,0.10618,19.24552,1,0.19376,0.77484,0.97958,0.00376,1,1,0.01792,0.0729,0.62714,0.56984,0.11887,17.48517,1,0.20385,0.84327,0.97958,0.00343,1,1,participant_30,question_2,No-Timer,True,Answer_Area
0.0,0,39,1,0.2065,0.81919,0,0.33229,0.85093,0.61605,376,119.6287,1,0.23052,0.81467,-0.04469,0.07712,0.64224,0.31355,0.10619,19.07295,1,0.1975,0.77374,0.97958,0.00378,1,1,0.01792,0.0729,0.62714,0.56985,0.11901,17.4567,1,0.2155,0.86464,0.97958,0.0034,1,1,participant_30,question_2,No-Timer,True,Answer_Area
0.0,0,39,1,0.2065,0.81919,0,0.33229,0.85093,0.62279,376,119.6287,1,0.22979,0.8148,-0.04469,0.07712,0.64224,0.3135,0.10625,19.00208,1,0.1975,0.77374,0.97958,0.00374,1,1,0.01792,0.0729,0.62714,0.56982,0.11903,17.29649,1,0.2155,0.86464,0.97958,0.00341,1,1,participant_30,question_2,No-Timer,True,Answer_Area
0.0,0,39,1,0.20383,0.82456,0,0.33229,0.85093,0.62963,376,119.6287,1,0.22892,0.81535,-0.04469,0.07712,0.64224,0.31355,0.10625,19.07494,1,0.20384,0.78939,0.97958,0.00375,1,1,0.01792,0.0729,0.62714,0.56974,0.11905,17.48678,1,0.20383,0.85974,0.97958,0.00343,1,1,participant_30,question_2,No-Timer,True,Answer_Area
0.0,0,39,1,0.19472,0.81459,0,0.33229,0.85093,0.63612,376,119.6287,1,0.2281,0.8157,-0.04469,0.07712,0.64224,0.31353,0.10623,19.11032,1,0.18965,0.77514,0.97958,0.00375,1,1,0.01792,0.0729,0.62714,0.56981,0.11901,17.31545,1,0.19979,0.85403,0.97958,0.0034,1,1,participant_30,question_2,No-Timer,True,Answer_Area
0.0,0,39,1,0.197,0.81645,0,0.33229,0.85093,0.64286,376,119.6287,1,0.22732,0.81609,-0.0436,0.07531,0.62723,0.31355,0.10625,19.07494,1,0.19221,0.7772,0.97296,0.00375,1,1,0.01792,0.0729,0.62714,0.5699,0.119,17.37495,1,0.20179,0.85571,0.97296,0.0034,1,1,participant_30,question_2,No-Timer,True,Answer_Area
0.0,0,39,1,0.25952,0.8036,0,0.33229,0.85093,0.64927,376,119.6287,1,0.22787,0.81621,-0.0436,0.07531,0.62723,0.31428,0.10623,18.91812,1,0.24649,0.78113,0.96634,0.00376,1,1,0.01792,0.0729,0.62714,0.57059,0.11907,17.28646,1,0.27256,0.82608,0.96634,0.00345,1,1,participant_30,question_2,No-Timer,True,Answer_Area
0.0,0,39,1,0.29665,0.80039,0,0.33229,0.85093,0.65621,376,119.6287,1,0.22908,0.81593,-0.0436,0.07531,0.62723,0.3151,0.10621,18.73756,1,0.29344,0.78539,0.95972,0.00377,1,1,0.01792,0.0729,0.62714,0.57161,0.11899,17.57631,1,0.29986,0.81539,0.95972,0.00358,1,1,participant_30,question_2,No-Timer,True,Answer_Area
0.0,0,39,1,0.29597,0.79941,0,0.33229,0.85093,0.66316,376,119.6287,1,0.23024,0.81559,-0.04377,0.07609,0.6345,0.31586,0.10624,18.97244,1,0.29344,0.78539,0.95972,0.00376,1,1,0.01855,0.07412,0.63761,0.57231,0.11889,17.79852,1,0.2985,0.81342,0.96634,0.00357,1,1,participant_30,question_2,No-Timer,True,Answer_Area
0.0,0,39,1,0.3139,0.76379,0,0.33229,0.85093,0.66969,376,119.6287,1,0.23181,0.8144,-0.04377,0.07609,0.6345,0.31643,0.10628,18.35791,1,0.30627,0.73756,0.97296,0.00376,1,1,0.01855,0.07412,0.63761,0.57269,0.11869,17.5797,1,0.32153,0.79002,0.97958,0.00365,1,1,participant_30,question_2,No-Timer,True,Answer_Area
0.0,0,39,1,0.28889,0.81058,0,0.33229,0.85093,0.67648,376,119.6287,1,0.23284,0.81431,-0.04377,0.07609,0.6345,0.31636,0.10622,18.61717,1,0.28816,0.77866,0.9862,0.00374,1,1,0.01855,0.07412,0.63761,0.5727,0.1187,17.64623,1,0.28961,0.8425,0.99282,0.00364,1,1,participant_30,question_2,No-Timer,True,Answer_Area
0.0,0,39,1,0.28725,0.80871,0,0.33229,0.85093,0.68326,376,119.6287,1,0.23382,0.81416,0.0,0.0,0.0,0.31642,0.10623,18.46202,1,0.28627,0.77665,0.99282,0.00377,0,1,0.01855,0.07412,0.63761,0.57261,0.11871,17.39941,1,0.28822,0.84078,0.99944,0.00364,1,1,participant_30,question_2,No-Timer,True,Answer_Area
0.0,0,39,1,0.30291,0.81209,0,0.33229,0.85093,0.6895,376,119.6287,1,0.23517,0.81403,0.0,0.0,0.0,0.31637,0.10617,18.57405,1,0.2868,0.78011,0.99282,0.00378,0,1,0.01855,0.07412,0.63761,0.57261,0.1186,17.24653,1,0.31902,0.84407,0.99282,0.00368,1,1,participant_30,question_2,No-Timer,True,Answer_Area
0.0,0,39,1,0.31962,0.77331,0,0.33229,0.85093,0.6895,376,119.6287,0,0.2639,0.80389,0.0,0.0,0.0,0.31635,0.1063,18.27071,1,0.3158,0.74147,0.9862,0.00376,0,1,0.01855,0.07412,0.63761,0.57251,0.11879,17.1917,1,0.32343,0.80515,0.9862,0.00362,1,1,participant_30,question_2,No-Timer,True,Answer_Area
0.0,0,39,1,0.31962,0.77331,0,0.33229,0.85093,0.6895,376,119.6287,0,0.29176,0.7886,-0.04415,0.07672,0.6401,0.3163,0.10633,18.44879,1,0.3158,0.74147,0.9862,0.00376,1,1,0.01859,0.07425,0.63915,0.57262,0.11888,17.36823,1,0.32343,0.80515,0.9862,0.00357,1,1,participant_30,question_2,No-Timer,True,Answer_Area
0.0,0,39,1,0.31801,0.79824,0,0.33229,0.85093,0.6895,376,119.6287,0,0.30051,0.79181,-0.04415,0.07672,0.6401,0.31627,0.10644,18.43179,1,0.31112,0.77075,0.99282,0.00379,1,1,0.01859,0.07425,0.63915,0.57263,0.11894,17.40179,1,0.32489,0.82573,0.99282,0.00359,1,1,participant_30,question_2,No-Timer,True,Answer_Area
0.0,0,39,1,0.31253,0.80067,0,0.33229,0.85093,0.0201,377,120.32489,1,0.30351,0.79403,-0.04415,0.07672,0.6401,0.31633,0.10645,18.19865,1,0.30779,0.7704,0.99944,0.00381,1,1,0.01859,0.07425,0.63915,0.57263,0.119,17.42407,1,0.31727,0.83093,0.99944,0.00359,1,1,participant_30,question_2,No-Timer,True,Answer_Area
0.0,0,39,1,0.31106,0.79876,1,0.33229,0.85093,0.02724,377,120.32489,1,0.30502,0.79497,-0.04415,0.07672,0.6401,0.31629,0.10648,18.26646,1,0.30604,0.76837,1.00606,0.00382,1,1,0.01855,0.07393,0.63761,0.57253,0.11912,17.27248,1,0.31607,0.82915,1.00606,0.00366,1,1,participant_30,question_2,No-Timer,True,Answer_Area
0.0,0,39,1,0.31863,0.80694,0,0.33229,0.85093,0.03371,377,120.32489,1,0.30729,0.79697,-0.04415,0.07672,0.6401,0.31623,0.10667,18.32589,1,0.31225,0.77792,1.00606,0.00379,1,1,0.01855,0.07393,0.63761,0.57256,0.1191,17.30839,1,0.32501,0.83596,1.00606,0.0036,1,1,participant_30,question_2,No-Timer,True,Answer_Area
0.0,0,39,1,0.29811,0.77957,0,0.33229,0.85093,0.04019,377,120.32489,1,0.30598,0.79448,-0.04415,0.07672,0.6401,0.31623,0.10667,18.32589,1,0.30593,0.77909,1.00606,0.00378,1,1,0.01855,0.07393,0.63761,0.57263,0.11906,17.39013,1,0.29028,0.78004,1.00606,0.00358,1,1,participant_30,question_2,No-Timer,True,Answer_Area
0.0,0,39,1,0.29811,0.77957,0,0.33229,0.85093,0.0469,377,120.32489,1,0.30499,0.79262,-0.04415,0.07672,0.6401,0.31629,0.10674,18.69181,1,0.30593,0.77909,1.00606,0.00374,1,1,0.01855,0.07393,0.63761,0.57257,0.11916,17.26866,1,0.29028,0.78004,1.00606,0.00357,1,1,participant_30,question_2,No-Timer,True,Answer_Area
0.0,0,39,1,0.30393,0.7864,0,0.33229,0.85093,0.05385,377,120.32489,1,0.30488,0.79193,-0.04415,0.07672,0.6401,0.31638,0.10676,18.75788,1,0.30716,0.78355,1.00606,0.00373,1,1,0.01855,0.07393,0.63761,0.57258,0.11911,17.22967,1,0.30071,0.78925,1.00606,0.00361,1,1,participant_30,question_2,No-Timer,True,Answer_Area
0.0,0,39,1,0.31613,0.78131,0,0.33229,0.85093,0.06055,377,120.32489,1,0.306,0.79086,-0.04415,0.07672,0.6401,0.31633,0.10679,18.54995,1,0.30714,0.77175,1.00606,0.00379,1,1,0.01855,0.07393,0.63761,0.57257,0.11922,17.31642,1,0.32512,0.79087,1.00606,0.00355,1,1,participant_30,question_2,No-Timer,True,Answer_Area
0.0,0,39,1,0.3167,0.78232,0,0.33229,0.85093,0.06702,377,120.32489,1,0.30697,0.79009,-0.04388,0.07619,0.63611,0.3163,0.10682,18.51509,1,0.30714,0.77175,1.00606,0.00378,1,1,0.01862,0.07401,0.63831,0.57263,0.11919,17.42388,1,0.32625,0.7929,0.99944,0.00355,1,1,participant_30,question_2,No-Timer,True,Answer_Area
0.0,0,39,1,0.30138,0.79421,0,0.33229,0.85093,0.07391,377,120.32489,1,0.30651,0.79043,-0.04388,0.07619,0.63611,0.31643,0.10713,18.68308,1,0.27828,0.75568,0.99944,0.00381,1,1,0.01862,0.07401,0.63831,0.57253,0.11939,17.0146,1,0.32449,0.83274,0.99282,0.00359,1,1,participant_30,question_2,No-Timer,True,Answer_Area
0.0,0,39,1,0.29996,0.79744,0,0.33229,0.85093,0.0806,377,120.32489,1,0.306,0.79097,-0.04388,0.07619,0.63611,0.31649,0.10712,18.95856,1,0.28104,0.75953,0.99282,0.00379,1,1,0.01862,0.07401,0.63831,0.57261,0.11956,17.24166,1,0.31888,0.83535,0.9862,0.00363,1,1,participant_30,question_2,No-Timer,True,Answer_Area
0.0,0,39,1,0.30152,0.79939,0,0.33229,0.85093,0.08731,377,120.32489,1,0.30568,0.79157,-0.04388,0.07619,0.63611,0.31639,0.1071,18.51317,1,0.28296,0.76165,0.9862,0.00381,1,1,0.01862,0.07401,0.63831,0.57272,0.11963,17.47794,1,0.32008,0.83712,0.97958,0.00358,1,1,participant_30,question_2,No-Timer,True,Answer_Area
0.0,0,39,1,0.30149,0.79957,0,0.33229,0.85093,0.09405,377,120.32489,1,0.3054,0.7921,-0.04388,0.07619,0.63611,0.31639,0.10709,18.56295,1,0.29953,0.75991,0.97958,0.00381,1,1,0.01862,0.07401,0.63831,0.5727,0.11957,17.40619,1,0.30344,0.83923,0.97958,0.00362,1,1,participant_30,question_2,No-Timer,True,Answer_Area
0.0,0,39,1,0.29373,0.79172,0,0.33229,0.85093,0.10043,377,120.32489,1,0.30467,0.79208,-0.04388,0.07619,0.63611,0.31643,0.10699,18.73653,1,0.28316,0.75283,0.97958,0.00384,1,1,0.01862,0.07401,0.63831,0.5727,0.11953,17.31163,1,0.30431,0.8306,0.97958,0.00364,1,1,participant_30,question_2,No-Timer,True,Answer_Area
0.0,0,39,1,0.29373,0.79172,3,0.33229,0.85093,0.10749,377,120.32489,1,0.30403,0.79206,-0.04388,0.07619,0.63611,0.31643,0.10701,18.76486,1,0.28316,0.75283,0.97958,0.00385,1,1,0.01862,0.07401,0.63831,0.57267,0.11919,17.30879,1,0.30431,0.8306,0.97958,0.0038,1,1,participant_30,question_2,No-Timer,True,Answer_Area
0.0,0,39,1,0.31202,0.79082,0,0.33229,0.85093,0.11408,377,120.32489,1,0.30447,0.79199,-0.04388,0.07619,0.63611,0.31637,0.10698,18.51037,1,0.29266,0.75156,0.97958,0.00387,1,1,0.01862,0.07401,0.63831,0.5727,0.11954,17.45036,1,0.33137,0.83008,0.97958,0.00362,1,1,participant_30,question_2,No-Timer,True,Answer_Area
0.0,0,39,1,0.31098,0.80862,0,0.33229,0.85093,0.12058,377,120.32489,1,0.30482,0.79287,-0.04388,0.07619,0.63611,0.31637,0.10684,18.48322,1,0.31302,0.79321,0.97958,0.00384,1,1,0.01862,0.07401,0.63831,0.57269,0.11941,17.476,1,0.30893,0.82403,0.97958,0.00358,1,1,participant_30,question_2,No-Timer,True,Answer_Area
0.0,0,39,1,0.31098,0.80862,0,0.33229,0.85093,0.12795,377,120.32489,1,0.30512,0.79365,-0.04415,0.07672,0.6401,0.31643,0.10673,18.67449,1,0.31302,0.79321,0.97958,0.0038,1,1,0.01862,0.07401,0.63831,0.57254,0.11933,16.99594,1,0.30893,0.82403,0.97958,0.00361,1,1,participant_30,question_2,No-Timer,True,Answer_Area
0.0,0,39,1,0.30611,0.78345,0,0.33229,0.85093,0.13435,377,120.32489,1,0.30517,0.79317,-0.04415,0.07672,0.6401,0.31618,0.10643,18.59231,1,0.30642,0.76195,0.97958,0.0038,1,1,0.01862,0.07401,0.63831,0.57259,0.11922,17.21762,1,0.3058,0.80496,0.97958,0.00356,1,1,participant_30,question_2,No-Timer,True,Answer_Area
0.0,0,39,1,0.30707,0.79479,0,0.33229,0.85093,0.14114,377,120.32489,1,0.30526,0.79324,-0.04415,0.07672,0.6401,0.31629,0.10644,18.96293,1,0.30994,0.74659,0.97958,0.00378,1,1,0.01862,0.07401,0.63831,0.57255,0.11915,17.35081,1,0.30419,0.84299,0.97958,0.00357,1,1,participant_30,question_2,No-Timer,True,Answer_Area
0.0,0,39,1,0.30641,0.79392,0,0.33229,0.85093,0.14782,377,120.32489,1,0.30531,0.79327,-0.04377,0.07609,0.6345,0.31628,0.10639,18.90767,1,0.30994,0.74659,0.97958,0.00379,1,1,0.0185,0.07378,0.63592,0.57256,0.1191,17.30839,1,0.30288,0.84125,0.9862,0.0036,1,1,participant_30,question_2,No-Timer,True,Answer_Area
0.0,0,39,1,0.33743,0.80893,0,0.33229,0.85093,0.15443,377,120.32489,1,0.30665,0.79392,-0.04377,0.07609,0.6345,0.31623,0.10611,19.04008,1,0.32848,0.77119,0.9862,0.00382,1,1,0.0185,0.07378,0.63592,0.57256,0.11904,17.55172,1,0.34638,0.84666,0.99282,0.0036,1,1,participant_30,question_2,No-Timer,True,Answer_Area
0.0,0,39,1,0.33395,0.79245,0,0.33229,0.85093,0.16124,377,120.32489,1,0.30774,0.79386,-0.04377,0.07609,0.6345,0.31614,0.10597,18.92256,1,0.32619,0.75526,0.99282,0.00377,1,1,0.0185,0.07378,0.63592,0.57259,0.11901,17.89904,1,0.3417,0.82964,0.99944,0.00361,1,1,participant_30,question_2,No-Timer,True,Answer_Area
0.0,0,39,1,0.33395,0.79245,0,0.33229,0.85093,0.16817,377,120.32489,1,0.30875,0.79381,-0.04212,0.0733,0.61004,0.31605,0.10594,18.58446,1,0.32619,0.75526,0.99282,0.00379,1,1,0.01855,0.07412,0.63761,0.57245,0.11895,17.32856,1,0.3417,0.82964,0.99944,0.00366,1,1,participant_30,question_2,No-Timer,True,Answer_Area
0.0,0,39,1,0.32497,0.81548,0,0.33229,0.85093,0.17478,377,120.32489,1,0.30935,0.79461,-0.04212,0.0733,0.61004,0.31598,0.10579,18.68869,1,0.3166,0.79137,0.99282,0.00386,1,1,0.01855,0.07412,0.63761,0.5724,0.11879,17.33453,1,0.33335,0.83958,0.99282,0.00355,1,1,participant_30,question_2,No-Timer,True,Answer_Area
0.0,0,39,1,0.31714,0.8113,0,0.33229,0.85093,0.18137,377,120.32489,1,0.30963,0.79521,-0.04212,0.0733,0.61004,0.31598,0.10579,18.68869,1,0.30996,0.77381,0.9862,0.00386,1,1,0.01855,0.07412,0.63761,0.57234,0.11861,17.62276,1,0.32431,0.84878,0.9862,0.00361,1,1,participant_30,question_2,No-Timer,True,Answer_Area
0.0,0,39,1,0.31971,0.81475,0,0.33229,0.85093,0.18812,377,120.32489,1,0.30997,0.79588,-0.04144,0.07194,0.59879,0.31601,0.10582,18.84645,1,0.31172,0.77585,0.97958,0.00384,1,1,0.0176,0.0707,0.60815,0.57239,0.11849,17.36847,1,0.32771,0.85366,0.967,0.00372,1,1,participant_30,question_2,No-Timer,True,Answer_Area
0.0,0,39,1,0.31564,0.81448,0,0.33229,0.85093,0.19466,377,120.32489,1,0.31016,0.7965,-0.04144,0.07194,0.59879,0.31592,0.1058,18.98435,1,0.31236,0.78326,0.967,0.00384,1,1,0.0176,0.0707,0.60815,0.57226,0.11854,17.58829,1,0.31892,0.84569,0.95443,0.00373,1,1,participant_30,question_2,No-Timer,True,Answer_Area
0.0,0,39,1,0.31192,0.81742,0,0.33229,0.85093,0.20136,377,120.32489,1,0.31022,0.79718,-0.04144,0.07194,0.59879,0.31577,0.10561,18.547,1,0.30291,0.7866,0.95443,0.00382,1,1,0.0176,0.0707,0.60815,0.57224,0.11849,17.56118,1,0.32093,0.84824,0.94185,0.00372,1,1,participant_30,question_2,No-Timer,True,Answer_Area
0.0,0,39,1,0.31276,0.81833,0,0.33229,0.85093,0.20805,377,120.32489,1,0.3103,0.79784,-0.04478,0.07761,0.64638,0.31572,0.10564,18.63588,1,0.30459,0.78842,0.94847,0.00382,1,1,0.01793,0.0722,0.62109,0.57206,0.11864,17.46474,1,0.32093,0.84824,0.94185,0.00364,1,1,participant_30,question_2,No-Timer,True,Answer_Area
0.0,0,39,1,0.3126,0.81618,0,0.33229,0.85093,0.21464,377,120.32489,1,0.31037,0.79839,-0.04478,0.07761,0.64638,0.3156,0.10587,18.71341,1,0.31913,0.7897,0.94847,0.00379,1,1,0.01793,0.0722,0.62109,0.57191,0.11862,17.36257,1,0.30608,0.84265,0.95443,0.00364,1,1,participant_30,question_2,No-Timer,True,Answer_Area
0.0,0,39,1,0.31356,0.80151,0,0.33229,0.85093,0.22129,377,120.32489,1,0.31046,0.79848,-0.04478,0.07761,0.64638,0.31553,0.10586,18.50194,1,0.30935,0.75489,0.96105,0.00382,1,1,0.01793,0.0722,0.62109,0.57187,0.11867,17.44291,1,0.31777,0.84814,0.967,0.00367,1,1,participant_30,question_2,No-Timer,True,Answer_Area
0.0,0,39,1,0.31006,0.7969,0,0.33229,0.85093,0.22803,377,120.32489,1,0.31045,0.79844,-0.04478,0.07761,0.64638,0.31544,0.10588,18.70731,1,0.30593,0.75065,0.97362,0.0038,1,1,0.01864,0.07526,0.64741,0.57185,0.11869,17.49226,1,0.31418,0.84315,0.9862,0.00367,1,1,participant_30,question_2,No-Timer,True,Answer_Area
0.0,0,39,1,0.33523,0.7805,0,0.33229,0.85093,0.2347,377,120.32489,1,0.31114,0.79794,-0.04478,0.07761,0.64638,0.31536,0.10592,18.86251,1,0.32779,0.75405,0.9862,0.0038,1,1,0.01864,0.07526,0.64741,0.57176,0.11863,17.35136,1,0.34267,0.80694,0.99282,0.00367,1,1,participant_30,question_2,No-Timer,True,Answer_Area
0.0,0,39,1,0.32876,0.78376,0,0.33229,0.85093,0.24145,377,120.32489,1,0.31162,0.79756,-0.04478,0.07761,0.64638,0.31536,0.10592,18.86251,1,0.31534,0.74962,0.99282,0.0038,1,1,0.01864,0.07526,0.64741,0.57166,0.11879,17.21286,1,0.34218,0.81791,0.99944,0.00367,1,1,participant_30,question_2,No-Timer,True,Answer_Area
0.0,0,39,1,0.32928,0.78469,0,0.375,0.83333,0.24807,377,120.32489,1,0.31208,0.79722,-0.04261,0.07372,0.61434,0.31536,0.10596,18.92201,1,0.31534,0.74962,0.99282,0.00376,1,1,0.01798,0.07274,0.62612,0.5716,0.11893,17.44232,1,0.34322,0.81977,0.99282,0.00361,1,1,participant_30,question_2,No-Timer,True,Answer_Area
0.0,0,39,1,0.32388,0.79515,0,0.375,0.83333,0.25478,377,120.32489,1,0.31238,0.79717,-0.04261,0.07372,0.61434,0.31532,0.10599,18.99801,1,0.31622,0.76732,0.9862,0.00377,1,1,0.01798,0.07274,0.62612,0.57156,0.11897,17.75755,1,0.33154,0.82298,0.97958,0.00363,1,1,participant_30,question_2,No-Timer,True,Answer_Area
0.0,0,39,1,0.3242,0.8051,0,0.375,0.83333,0.26147,377,120.32489,1,0.31268,0.79736,-0.04261,0.07372,0.61434,0.31518,0.10608,18.7094,1,0.31805,0.78271,0.97296,0.00382,1,1,0.01798,0.07274,0.62612,0.57159,0.11899,17.57866,1,0.33034,0.82749,0.96634,0.00364,1,1,participant_30,question_2,No-Timer,True,Answer_Area
0.0,0,39,1,0.32779,0.80978,0,0.375,0.83333,0.26795,377,120.32489,1,0.31305,0.79767,-0.18565,0.32752,2.72932,0.31516,0.1061,18.63707,1,0.32305,0.78853,0.95376,0.00382,0,1,0.0,0.0,0.0,0.57159,0.11899,17.57866,1,0.33253,0.83104,0.95376,0.00364,0,1,participant_30,question_2,No-Timer,True,Answer_Area
0.0,0,39,1,0.32851,0.82086,0,0.375,0.83333,0.27496,377,120.32489,1,0.31342,0.79822,-0.18565,0.32752,2.72932,0.31522,0.10621,18.74133,1,0.31936,0.79698,0.94781,0.00386,0,1,0.0,0.0,0.0,0.57162,0.11906,17.66711,1,0.33766,0.84475,0.95443,0.00365,0,1,participant_30,question_2,No-Timer,True,Answer_Area
0.0,0,39,1,0.33401,0.82322,0,0.50365,0.78056,0.28155,377,120.32489,1,0.31389,0.7988,-0.18565,0.32752,2.72932,0.31532,0.10626,18.91212,1,0.32773,0.79641,0.94847,0.00385,0,1,0.0,0.0,0.0,0.57162,0.11906,17.66711,1,0.34028,0.85003,0.95509,0.00366,0,1,participant_30,question_2,No-Timer,True,Answer_Area
0.0,0,39,1,0.3312,0.81954,0,0.50365,0.78056,0.28849,377,120.32489,1,0.31429,0.79927,-0.04413,0.07617,0.63557,0.31536,0.1063,19.06175,1,0.32432,0.79249,0.96171,0.00381,1,1,0.01864,0.07507,0.64741,0.57173,0.11907,18.06981,1,0.33808,0.84658,0.96833,0.00361,1,1,participant_30,question_2,No-Timer,True,Answer_Area
0.0,0,39,1,0.33583,0.79964,0,0.50365,0.78056,0.2952,377,120.32489,1,0.31477,0.79928,-0.04413,0.07617,0.63557,0.3154,0.10631,19.13576,1,0.32633,0.74784,0.9809,0.00383,1,1,0.01864,0.07507,0.64741,0.5716,0.11912,17.64636,1,0.34534,0.85145,0.9809,0.0037,1,1,participant_30,question_2,No-Timer,True,Answer_Area
0.0,0,39,1,0.33553,0.77876,0,0.50365,0.78056,0.30163,377,120.32489,1,0.31522,0.79883,-0.04413,0.07617,0.63557,0.31543,0.10637,19.13688,1,0.32421,0.74896,0.99348,0.0038,1,1,0.01864,0.07507,0.64741,0.57159,0.11918,17.60219,1,0.34686,0.80856,0.99348,0.00373,1,1,participant_30,question_2,No-Timer,True,Answer_Area
0.0,0,39,1,0.33301,0.77484,0,0.50365,0.78056,0.30807,377,120.32489,1,0.3156,0.79832,-0.0442,0.07646,0.63796,0.31543,0.10637,19.13688,1,0.32109,0.7448,1.00606,0.0038,1,1,0.01864,0.07507,0.64741,0.5716,0.11925,17.61315,1,0.34494,0.80488,1.00606,0.00371,1,1,participant_30,question_2,No-Timer,True,Answer_Area
0.0,0,39,1,0.29957,0.76598,0,0.6625,0.76759,0.31481,377,120.32489,1,0.31526,0.79765,-0.0442,0.07646,0.63796,0.31557,0.10637,19.11147,1,0.30559,0.7429,1.00606,0.00381,1,1,0.01864,0.07507,0.64741,0.57183,0.1193,17.5239,1,0.29355,0.78906,1.00606,0.00376,1,1,participant_30,question_2,No-Timer,True,Answer_Area
0.0,0,39,1,0.29637,0.75878,0,0.6625,0.76759,0.32154,377,120.32489,1,0.31594,0.79671,-0.0442,0.07646,0.63796,0.31556,0.10627,18.7812,1,0.28603,0.73139,1.00606,0.00384,1,1,0.01864,0.07507,0.64741,0.57212,0.11927,18.25282,1,0.3067,0.78617,1.00606,0.00366,1,1,participant_30,question_2,No-Timer,True,Answer_Area
0.0,0,39,1,0.29911,0.76293,0,0.6625,0.76759,0.32845,377,120.32489,1,0.31551,0.79649,-0.04144,0.07176,0.59879,0.31555,0.10629,18.95547,1,0.28789,0.73367,0.99944,0.00389,1,1,0.0176,0.07052,0.60815,0.57214,0.11937,17.98509,1,0.31033,0.79218,0.98686,0.00369,1,1,participant_30,question_2,No-Timer,True,Answer_Area
0.0,0,39,1,0.31763,0.78827,0,0.6625,0.76759,0.33517,377,120.32489,1,0.3155,0.79629,-0.04144,0.07176,0.59879,0.31598,0.1064,19.17878,1,0.30494,0.73507,0.98024,0.00388,1,1,0.0176,0.07052,0.60815,0.57224,0.11947,18.04449,1,0.33032,0.84148,0.96767,0.0037,1,1,participant_30,question_2,No-Timer,True,Answer_Area
0.0,0,39,1,0.34055,0.80733,0,0.6625,0.76759,0.34192,377,120.32489,1,0.31609,0.79643,-0.04144,0.07176,0.59879,0.31609,0.10626,19.43311,1,0.33248,0.788,0.96105,0.00385,1,1,0.0176,0.07052,0.60815,0.57235,0.1194,17.64875,1,0.34862,0.82667,0.94847,0.00369,1,1,participant_30,question_2,No-Timer,True,Answer_Area
0.0,0,39,1,0.34399,0.81212,0,0.76615,0.79722,0.3486,377,120.32489,1,0.31677,0.7967,0.0,0.0,0.0,0.31633,0.10618,19.03898,1,0.33726,0.79377,0.94185,0.00386,0,1,0.01835,0.07256,0.62583,0.57273,0.11955,18.08458,1,0.35072,0.83047,0.93523,0.00369,1,1,participant_30,question_2,No-Timer,True,Answer_Area
0.0,0,39,1,0.41594,0.81992,0,0.76615,0.79722,0.35526,377,120.32489,1,0.3188,0.79697,0.0,0.0,0.0,0.31917,0.10645,19.28432,1,0.40523,0.81824,0.93523,0.00392,0,1,0.01835,0.07256,0.62583,0.57508,0.11959,17.53757,1,0.42664,0.82159,0.94119,0.00368,1,1,participant_30,question_2,No-Timer,True,Answer_Area
0.0,0,39,1,0.50421,0.78732,0,0.76615,0.79722,0.36195,377,120.32489,1,0.32309,0.79714,0.0,0.0,0.0,0.3224,0.10639,19.15699,1,0.49758,0.77841,0.94119,0.00387,0,1,0.01835,0.07256,0.62583,0.57836,0.11947,17.22467,1,0.51085,0.79622,0.94715,0.00357,1,1,participant_30,question_2,No-Timer,True,Answer_Area
0.0,0,39,1,0.50373,0.78336,0,0.76615,0.79722,0.36195,377,120.32489,0,0.36046,0.7866,-0.04253,0.07617,0.63593,0.32301,0.10629,19.16834,1,0.49654,0.77446,0.95376,0.00391,1,1,0.01896,0.07124,0.6152,0.57923,0.11931,17.62789,1,0.51092,0.79225,0.95972,0.00353,1,1,participant_30,question_2,No-Timer,True,Answer_Area
0.0,0,39,1,0.65719,0.77133,0,0.81042,0.82593,0.36195,377,120.32489,0,0.50882,0.77897,-0.04253,0.07617,0.63593,0.32909,0.10655,19.6293,1,0.6747,0.7292,0.96634,0.00401,1,1,0.01896,0.07124,0.6152,0.58379,0.11971,18.16721,1,0.63967,0.81346,0.96634,0.00365,1,1,participant_30,question_2,No-Timer,True,Answer_Area
0.0,0,39,1,0.73848,0.75394,0,0.81042,0.82593,0.36195,377,120.32489,0,0.58537,0.77062,-0.04253,0.07617,0.63593,0.33184,0.1066,19.82137,1,0.74284,0.70927,0.97296,0.00406,1,1,0.01896,0.07124,0.6152,0.58632,0.11971,18.60575,1,0.73413,0.7986,0.97296,0.00376,1,1,participant_30,question_2,No-Timer,True,Answer_Area
0.0,0,39,1,0.7391,0.75262,0,0.81042,0.82593,0.36195,377,120.32489,0,0.71159,0.7593,-0.04228,0.07808,0.65269,0.33318,0.1064,19.20528,1,0.74393,0.70684,0.97958,0.0041,1,1,0.01991,0.07046,0.60921,0.58775,0.11975,18.59522,1,0.73428,0.79841,0.97362,0.00375,1,1,participant_30,question_2,No-Timer,True,Answer_Area
0.0,0,39,1,0.85031,0.81584,0,0.81042,0.82593,0.36195,377,120.32489,0,0.78095,0.78757,-0.04228,0.07808,0.65269,0.33687,0.10713,19.61497,1,0.84601,0.78574,0.97362,0.00395,1,1,0.01991,0.07046,0.60921,0.59171,0.12068,18.99303,1,0.85461,0.84594,0.96767,0.00376,1,1,participant_30,question_2,No-Timer,True,Submit
0.0,0,39,1,0.89801,0.8132,0,0.81042,0.82593,0.36195,377,120.32489,0,0.81997,0.79611,-0.04228,0.07808,0.65269,0.33858,0.10755,19.30736,1,0.92095,0.77315,0.96767,0.00401,1,1,0.01991,0.07046,0.60921,0.59375,0.12118,18.92185,1,0.87507,0.85325,0.96171,0.00376,1,1,participant_30,question_2,No-Timer,True,Submit
0.0,0,39,1,0.8946,0.81589,0,0.82344,0.83889,0.36195,377,120.32489,0,0.88097,0.81498,-0.17781,0.34359,2.87399,0.33966,0.10756,19.66966,1,0.91658,0.77693,0.95509,0.0039,0,1,0.02134,0.07157,0.62002,0.59452,0.12144,18.92911,1,0.87262,0.85486,0.95509,0.0038,1,1,participant_30,question_2,No-Timer,True,Submit
0.0,0,39,1,0.8829,0.83836,0,0.82344,0.83889,0.36195,377,120.32489,0,0.88193,0.82667,-0.17781,0.34359,2.87399,0.34099,0.10749,20.08884,1,0.88929,0.80401,0.94847,0.00393,0,1,0.02134,0.07157,0.62002,0.59647,0.12166,19.01859,1,0.87651,0.87271,0.95443,0.00387,1,1,participant_30,question_2,No-Timer,True,Submit
0.0,0,39,1,0.88774,0.80851,0,0.82344,0.83889,0.36195,377,120.32489,0,0.88387,0.82061,-0.17781,0.34359,2.87399,0.34166,0.10725,19.61699,1,0.88689,0.78255,0.94781,0.00399,0,1,0.02134,0.07157,0.62002,0.59728,0.12165,18.93205,1,0.88859,0.83447,0.95376,0.00386,1,1,participant_30,question_2,No-Timer,True,Submit
0.0,0,39,1,0.88541,0.81037,0,0.82344,0.83889,0.02001,378,120.73381,1,0.88426,0.81805,-0.03773,0.07262,0.60628,0.34232,0.10715,19.67443,1,0.88478,0.78452,0.94119,0.00394,1,1,0.02222,0.07198,0.62403,0.59787,0.12166,19.29708,1,0.88604,0.83621,0.94715,0.0038,1,1,participant_30,question_2,No-Timer,True,Submit
0.0,0,39,1,0.89753,0.83246,0,0.82604,0.84167,0.02672,378,120.73381,1,0.88691,0.82093,-0.03773,0.07262,0.60628,0.34363,0.10701,19.65906,1,0.90847,0.82225,0.94119,0.00396,1,1,0.02222,0.07198,0.62403,0.59943,0.12202,19.04437,1,0.88658,0.84267,0.94119,0.00385,1,1,participant_30,question_2,No-Timer,True,Submit
0.0,0,39,1,0.86444,0.83393,0,0.82604,0.84167,0.03362,378,120.73381,1,0.88317,0.8231,-0.03773,0.07262,0.60628,0.34429,0.10698,19.56232,1,0.86077,0.81276,0.93523,0.00394,1,1,0.02222,0.07198,0.62403,0.60029,0.12207,19.2038,1,0.86812,0.85509,0.93523,0.00381,1,1,participant_30,question_2,No-Timer,True,Submit
0.0,0,39,1,0.86333,0.83466,0,0.82604,0.84167,0.04012,378,120.73381,1,0.88033,0.82475,-0.03755,0.07369,0.6145,0.34516,0.10688,19.68418,1,0.86077,0.81276,0.93523,0.00393,1,1,0.0226,0.0709,0.61507,0.60079,0.12228,19.08455,1,0.86589,0.85657,0.92927,0.00382,1,1,participant_30,question_2,No-Timer,True,Submit
0.0,0,39,1,0.89013,0.83672,0,0.82604,0.84167,0.04693,378,120.73381,1,0.88156,0.82625,-0.03755,0.07369,0.6145,0.34649,0.10647,19.60611,1,0.88796,0.80943,0.93523,0.00394,1,1,0.0226,0.0709,0.61507,0.60236,0.1223,19.30178,1,0.89229,0.86402,0.92927,0.00377,1,1,participant_30,question_2,No-Timer,True,Submit
0.0,0,39,1,0.87619,0.85219,0,0.82604,0.84167,0.05381,378,120.73381,1,0.88096,0.82913,-0.03755,0.07369,0.6145,0.34727,0.10636,19.48138,1,0.90525,0.82912,0.93523,0.00395,1,1,0.0226,0.0709,0.61507,0.60315,0.12243,19.04617,1,0.84712,0.87525,0.92927,0.00377,1,1,participant_30,question_2,No-Timer,True,Submit
0.0,0,39,1,0.87516,0.85294,0,0.83125,0.84444,0.06066,378,120.73381,1,0.88038,0.83151,-0.03651,0.07295,0.60718,0.34785,0.10624,19.66755,1,0.9032,0.83063,0.92927,0.00404,1,1,0.0235,0.07168,0.62301,0.60364,0.1226,18.85505,1,0.84712,0.87525,0.92927,0.00388,1,1,participant_30,question_2,No-Timer,True,Submit
0.0,0,39,1,0.88618,0.82988,0,0.83125,0.84444,0.06689,378,120.73381,1,0.88091,0.83136,-0.03651,0.07295,0.60718,0.34917,0.10598,19.92493,1,0.90375,0.81005,0.92332,0.00396,1,1,0.0235,0.07168,0.62301,0.60495,0.12283,19.16455,1,0.86862,0.8497,0.92927,0.00383,1,1,participant_30,question_2,No-Timer,True,Submit
0.0,0,39,1,0.88783,0.85428,0,0.83125,0.84444,0.07339,378,120.73381,1,0.88148,0.83327,-0.03651,0.07295,0.60718,0.34977,0.10595,19.59895,1,0.90805,0.83867,0.92332,0.00395,1,1,0.0235,0.07168,0.62301,0.60573,0.12285,19.24052,1,0.8676,0.86989,0.92927,0.00379,1,1,participant_30,question_2,No-Timer,True,Submit
0.0,0,39,1,0.88783,0.85428,0,0.83125,0.84444,0.08028,378,120.73381,1,0.88197,0.83489,-0.03618,0.07344,0.61088,0.35032,0.10564,19.85989,1,0.90805,0.83867,0.92332,0.00394,1,1,0.02413,0.07188,0.62479,0.60627,0.12291,19.22449,1,0.8676,0.86989,0.92927,0.00376,1,1,participant_30,question_2,No-Timer,True,Submit
0.0,0,39,1,0.88259,0.83427,0,0.83125,0.84444,0.08679,378,120.73381,1,0.88202,0.83484,-0.03618,0.07344,0.61088,0.35153,0.10553,19.60898,1,0.90767,0.81366,0.92927,0.00394,1,1,0.02413,0.07188,0.62479,0.60743,0.12323,19.01624,1,0.85751,0.85489,0.92927,0.0038,1,1,participant_30,question_2,No-Timer,True,Submit
0.0,0,39,1,0.88153,0.84404,0,0.85,0.85093,0.09413,378,120.73381,1,0.88198,0.83546,-0.03618,0.07344,0.61088,0.35213,0.10542,19.65528,1,0.90654,0.81378,0.92927,0.00397,1,1,0.02413,0.07188,0.62479,0.60791,0.12339,19.09545,1,0.85652,0.8743,0.92927,0.00382,1,1,participant_30,question_2,No-Timer,True,Submit
0.0,0,39,1,0.88153,0.84404,0,0.85,0.85093,0.10017,378,120.73381,1,0.88196,0.83599,-0.03537,0.07304,0.60638,0.35251,0.10534,19.92332,1,0.90654,0.81378,0.92927,0.00401,1,1,0.02452,0.07121,0.62053,0.6083,0.12348,18.94883,1,0.85652,0.8743,0.92927,0.00383,1,1,participant_30,question_2,No-Timer,True,Submit
0.0,0,39,1,0.89353,0.83924,0,0.85,0.85093,0.10715,378,120.73381,1,0.88264,0.83618,-0.03537,0.07304,0.60638,0.3536,0.10515,19.96267,1,0.89205,0.82274,0.92927,0.00394,1,1,0.02452,0.07121,0.62053,0.60935,0.12365,18.85909,1,0.89501,0.85573,0.92927,0.0038,1,1,participant_30,question_2,No-Timer,True,Submit
0.0,0,39,1,0.87907,0.83817,0,0.85,0.85093,0.11378,378,120.73381,1,0.88244,0.83629,-0.03537,0.07304,0.60638,0.35411,0.10495,19.66239,1,0.87918,0.81069,0.92927,0.00395,1,1,0.02452,0.07121,0.62053,0.60977,0.12393,19.21589,1,0.87895,0.86565,0.92927,0.00383,1,1,participant_30,question_2,No-Timer,True,Submit
0.0,0,39,1,0.87907,0.83817,0,0.85,0.85093,0.12038,378,120.73381,1,0.88226,0.83639,-0.03511,0.07325,0.60813,0.35447,0.10496,19.77052,1,0.87918,0.81069,0.92927,0.00394,1,1,0.02473,0.07076,0.61662,0.61022,0.12388,19.1734,1,0.87895,0.86565,0.92927,0.00376,1,1,participant_30,question_2,No-Timer,True,Submit
0.0,0,39,1,0.89686,0.8469,0,0.87031,0.85741,0.12719,378,120.73381,1,0.88299,0.83692,-0.03511,0.07325,0.60813,0.35529,0.10483,19.9487,1,0.9015,0.83733,0.92927,0.00397,1,1,0.02473,0.07076,0.61662,0.61094,0.12418,19.16682,1,0.89223,0.85647,0.92927,0.00382,1,1,participant_30,question_2,No-Timer,True,Submit
0.0,0,39,1,0.87323,0.85509,0,0.87031,0.85741,0.134,378,120.73381,1,0.88253,0.83778,-0.03511,0.07325,0.60813,0.35574,0.10487,19.92555,1,0.87771,0.83938,0.92927,0.00398,1,1,0.02473,0.07076,0.61662,0.61134,0.12425,19.11173,1,0.86874,0.8708,0.92927,0.0038,1,1,participant_30,question_2,No-Timer,True,Submit
0.0,0,39,1,0.87323,0.85509,0,0.87031,0.85741,0.1412,378,120.73381,1,0.8821,0.83857,-0.03409,0.07197,0.59677,0.35606,0.10478,20.13356,1,0.87771,0.83938,0.92927,0.00397,1,1,0.0251,0.07061,0.61654,0.61173,0.12423,19.19623,1,0.86874,0.8708,0.92927,0.00377,1,1,participant_30,question_2,No-Timer,True,Submit
0.0,0,39,1,0.88239,0.845,0,0.87031,0.85741,0.14728,378,120.73381,1,0.88212,0.83885,-0.03409,0.07197,0.59677,0.35669,0.10467,20.04692,1,0.88375,0.82452,0.92927,0.00394,1,1,0.0251,0.07061,0.61654,0.61238,0.12453,19.21566,1,0.88102,0.86548,0.92927,0.00379,1,1,participant_30,question_2,No-Timer,True,Submit
0.0,0,39,1,0.89296,0.82661,0,0.9151,0.87037,0.15398,378,120.73381,1,0.88257,0.83834,-0.03409,0.07197,0.59677,0.357,0.10456,19.58631,1,0.91031,0.80933,0.92927,0.00396,1,1,0.0251,0.07061,0.61654,0.61267,0.12451,19.23306,1,0.87562,0.84388,0.92927,0.00373,1,1,participant_30,question_2,No-Timer,True,Submit
0.0,0,39,1,0.89642,0.82414,0,0.9151,0.87037,0.16068,378,120.73381,1,0.88312,0.83777,-0.03503,0.07467,0.6188,0.35732,0.10455,19.93784,1,0.9124,0.80769,0.93523,0.00398,1,1,0.02631,0.07328,0.6403,0.61278,0.12464,19.31244,1,0.88044,0.84059,0.94185,0.00381,1,1,participant_30,question_2,No-Timer,True,Submit
0.0,0,39,1,0.90621,0.82495,0,0.9151,0.87037,0.16756,378,120.73381,1,0.88401,0.83728,-0.03503,0.07467,0.6188,0.35786,0.10441,19.94769,1,0.90814,0.79874,0.94781,0.00395,1,1,0.02631,0.07328,0.6403,0.6134,0.12468,19.24964,1,0.90429,0.85117,0.95443,0.00382,1,1,participant_30,question_2,No-Timer,True,Submit
0.0,0,39,1,0.87855,0.83813,0,0.9151,0.87037,0.17415,378,120.73381,1,0.88381,0.83731,-0.03503,0.07467,0.6188,0.35809,0.1045,19.93882,1,0.88344,0.83088,0.96038,0.00396,1,1,0.02631,0.07328,0.6403,0.61354,0.1248,19.29009,1,0.87366,0.84538,0.967,0.0038,1,1,participant_30,question_2,No-Timer,True,Submit
0.0,0,39,1,0.88282,0.83502,0,0.9151,0.87037,0.18091,378,120.73381,1,0.88377,0.83723,-0.03474,0.07449,0.61691,0.35831,0.10426,19.89012,1,0.88738,0.8278,0.97296,0.00398,1,1,0.0261,0.07217,0.63059,0.61374,0.12489,19.23772,1,0.87827,0.84224,0.97958,0.00386,1,1,participant_30,question_2,No-Timer,True,Submit
0.0,0,39,1,0.91616,0.84254,0,0.94427,0.8713,0.18793,378,120.73381,1,0.88489,0.83741,-0.03474,0.07449,0.61691,0.3586,0.10431,19.90149,1,0.9209,0.82102,0.97958,0.00399,1,1,0.0261,0.07217,0.63059,0.61407,0.12503,19.22403,1,0.91142,0.86406,0.97958,0.00385,1,1,participant_30,question_2,No-Timer,True,Submit
0.0,0,39,1,0.91323,0.83132,0,0.94427,0.8713,0.19418,378,120.73381,1,0.88583,0.83721,-0.03474,0.07449,0.61691,0.35883,0.10431,20.01473,1,0.90995,0.82284,0.97958,0.00398,1,1,0.0261,0.07217,0.63059,0.61423,0.12509,19.12765,1,0.9165,0.83979,0.97958,0.00389,1,1,participant_30,question_2,No-Timer,True,Submit
0.0,0,39,1,0.91433,0.8305,0,0.94427,0.8713,0.20066,378,120.73381,1,0.88675,0.83699,-0.03579,0.07706,0.63814,0.35898,0.10418,20.00207,1,0.91216,0.8212,0.9862,0.004,1,1,0.02592,0.07128,0.62283,0.61431,0.12517,19.39842,1,0.9165,0.83979,0.97958,0.00389,1,1,participant_30,question_2,No-Timer,True,Submit
0.0,0,39,1,0.89503,0.83683,0,0.94427,0.8713,0.20784,378,120.73381,1,0.88701,0.83699,-0.03579,0.07706,0.63814,0.35912,0.10424,19.86811,1,0.90265,0.81876,0.9862,0.00399,1,1,0.02592,0.07128,0.62283,0.61445,0.12529,19.28218,1,0.8874,0.8549,0.97958,0.00389,1,1,participant_30,question_2,No-Timer,True,Submit
0.0,0,39,1,0.89975,0.83075,0,0.94427,0.8713,0.2144,378,120.73381,1,0.8874,0.8368,-0.03579,0.07706,0.63814,0.35913,0.10424,19.86806,1,0.9105,0.80553,0.9862,0.00399,1,1,0.02592,0.07128,0.62283,0.61457,0.12528,19.40873,1,0.88901,0.85597,0.97958,0.00385,1,1,participant_30,question_2,No-Timer,True,Submit
0.0,0,39,1,0.89529,0.83389,0,0.95365,0.8713,0.22145,378,120.73381,1,0.88763,0.83671,-0.03384,0.07306,0.60509,0.35926,0.10426,20.02176,1,0.90633,0.80884,0.97362,0.00399,1,1,0.02554,0.06985,0.61153,0.6147,0.12537,19.48982,1,0.88426,0.85894,0.967,0.00388,1,1,participant_30,question_2,No-Timer,True,Submit
0.0,0,39,1,0.89305,0.84662,0,0.95365,0.8713,0.22781,378,120.73381,1,0.88778,0.837,-0.03384,0.07306,0.60509,0.35938,0.10433,19.93524,1,0.90567,0.83135,0.95443,0.004,1,1,0.02554,0.06985,0.61153,0.61483,0.12532,19.20825,1,0.88043,0.86189,0.95443,0.00391,1,1,participant_30,question_2,No-Timer,True,Submit
0.0,0,39,1,0.89293,0.85809,0,0.95365,0.8713,0.23483,378,120.73381,1,0.88793,0.83758,-0.03384,0.07306,0.60509,0.35933,0.1043,19.90814,1,0.90319,0.83584,0.94185,0.00402,1,1,0.02554,0.06985,0.61153,0.61484,0.12532,19.22048,1,0.88267,0.88034,0.94185,0.00391,1,1,participant_30,question_2,No-Timer,True,Submit
0.0,0,39,1,0.88835,0.86102,0,0.95365,0.8713,0.24149,378,120.73381,1,0.88794,0.83821,-0.03384,0.07306,0.60509,0.35937,0.10434,19.9836,1,0.89891,0.83892,0.92927,0.00399,1,1,0.02567,0.07016,0.61462,0.6148,0.12548,19.26567,1,0.87778,0.88311,0.92927,0.00382,1,1,participant_30,question_2,No-Timer,True,Submit
0.0,0,39,1,0.89282,0.84016,0,0.95365,0.8713,0.24783,378,120.73381,1,0.88807,0.83827,-0.03384,0.07306,0.60509,0.35937,0.10438,20.05646,1,0.90248,0.84199,0.92927,0.00398,1,1,0.02567,0.07016,0.61462,0.6148,0.12552,19.16129,1,0.88317,0.83833,0.92927,0.00383,1,1,participant_30,question_2,No-Timer,True,Submit
0.0,0,39,1,0.89101,0.85083,0,0.95365,0.8713,0.25446,378,120.73381,1,0.88814,0.83859,-0.03384,0.07306,0.60509,0.35937,0.10443,20.04699,1,0.9018,0.84604,0.92927,0.00396,1,1,0.02567,0.07016,0.61462,0.61477,0.12555,19.12007,1,0.88022,0.85561,0.92927,0.00386,1,1,participant_30,question_2,No-Timer,True,Submit
0.0,0,39,1,0.89448,0.84856,0,0.95365,0.8713,0.26115,378,120.73381,1,0.8883,0.83884,-0.03486,0.07512,0.6225,0.35937,0.10443,20.04699,1,0.90385,0.84463,0.93523,0.00396,1,1,0.02665,0.07297,0.63921,0.61473,0.12563,19.27849,1,0.88512,0.85248,0.94185,0.00381,1,1,participant_30,question_2,No-Timer,True,Submit
0.0,0,39,1,0.88883,0.83931,0,0.95365,0.8713,0.26811,378,120.73381,1,0.88831,0.83885,-0.03486,0.07512,0.6225,0.35926,0.10468,19.88327,1,0.89078,0.81534,0.94781,0.00399,1,1,0.02665,0.07297,0.63921,0.61459,0.12588,19.31106,1,0.88688,0.86328,0.95443,0.00389,1,1,participant_30,question_2,No-Timer,True,Submit
0.0,0,39,1,0.89367,0.84298,0,0.95365,0.8713,0.27467,378,120.73381,1,0.88844,0.83895,-0.03486,0.07512,0.6225,0.35924,0.10473,19.9798,1,0.89625,0.82401,0.96038,0.004,1,1,0.02665,0.07297,0.63921,0.61458,0.12591,19.34476,1,0.89109,0.86195,0.967,0.00386,1,1,participant_30,question_2,No-Timer,True,Submit
0.0,0,39,1,0.89814,0.83993,1,0.95365,0.8713,0.28172,378,120.73381,1,0.88867,0.83897,-0.03499,0.0753,0.62479,0.35921,0.10474,20.03053,1,0.90035,0.82084,0.97296,0.00399,1,1,0.02665,0.07297,0.63921,0.61457,0.12591,19.34131,1,0.89594,0.85902,0.97958,0.00386,1,1,participant_30,question_2,No-Timer,True,Submit
0.0,0,39,1,0.90014,0.84844,0,0.95365,0.8713,0.28808,378,120.73381,1,0.88893,0.83919,-0.03499,0.0753,0.62479,0.35916,0.10484,19.92938,1,0.9102,0.82654,0.97958,0.00397,1,1,0.02665,0.07297,0.63921,0.61466,0.12602,19.54253,1,0.89007,0.87034,0.97958,0.00388,1,1,participant_30,question_2,No-Timer,True,Submit
0.0,0,39,1,0.89721,0.81878,0,0.95365,0.8713,0.29465,378,120.73381,1,0.88911,0.83873,-0.03499,0.0753,0.62479,0.35916,0.10486,19.93245,1,0.9073,0.79663,0.97958,0.00396,1,1,0.02665,0.07297,0.63921,0.61467,0.12606,19.42428,1,0.88712,0.84093,0.97958,0.00388,1,1,participant_30,question_2,No-Timer,True,Submit
0.0,0,39,1,0.89721,0.81878,0,0.95365,0.8713,0.30156,378,120.73381,1,0.88929,0.8383,-0.035,0.07528,0.62497,0.35914,0.10501,19.67583,1,0.9073,0.79663,0.97958,0.00396,1,1,0.02665,0.07287,0.63921,0.61461,0.12616,19.47836,1,0.88712,0.84093,0.97958,0.00388,1,1,participant_30,question_2,No-Timer,True,Submit
0.0,0,39,1,0.89389,0.83749,0,0.95365,0.8713,0.30808,378,120.73381,1,0.88939,0.83828,-0.035,0.07528,0.62497,0.35921,0.10521,19.74737,1,0.90693,0.81066,0.97958,0.00398,1,1,0.02665,0.07287,0.63921,0.61456,0.1264,19.64541,1,0.88085,0.86431,0.97958,0.00387,1,1,participant_30,question_2,No-Timer,True,Submit
0.0,0,39,1,0.89684,0.84145,0,0.95365,0.8713,0.31475,378,120.73381,1,0.88954,0.83835,-0.035,0.07528,0.62497,0.35921,0.10521,19.74737,1,0.90484,0.82662,0.97958,0.00398,1,1,0.02665,0.07287,0.63921,0.61461,0.12643,19.44236,1,0.88883,0.85627,0.97958,0.00388,1,1,participant_30,question_2,No-Timer,True,Submit
0.0,0,39,1,0.89684,0.84145,0,0.95365,0.8713,0.32144,378,120.73381,1,0.88987,0.8389,-0.03486,0.07493,0.6225,0.35923,0.10528,19.84683,1,0.90484,0.82662,0.97958,0.00395,1,1,0.02705,0.07392,0.64884,0.61461,0.12645,19.40263,1,0.88883,0.85627,0.97958,0.00388,1,1,participant_30,question_2,No-Timer,True,Submit
0.0,0,39,1,0.90681,0.80626,0,0.95365,0.8713,0.3287,378,120.73381,1,0.89037,0.83823,-0.03486,0.07493,0.6225,0.35936,0.10539,19.80164,1,0.91858,0.77737,0.97958,0.00394,1,1,0.02705,0.07392,0.64884,0.61474,0.12654,19.17934,1,0.89503,0.83514,0.97958,0.00379,1,1,participant_30,question_2,No-Timer,True,Submit
0.0,0,39,1,0.90463,0.82215,0,0.95365,0.8713,0.33505,378,120.73381,1,0.89072,0.83851,-0.03486,0.07493,0.6225,0.35943,0.10545,19.59176,1,0.91102,0.79976,0.97958,0.00394,1,1,0.02705,0.07392,0.64884,0.61477,0.12653,19.2068,1,0.89825,0.84455,0.97958,0.00378,1,1,participant_30,question_2,No-Timer,True,Submit
